Deploying checkout: /home/rahimin_amin/ten-fold-plane/ten-fold-plane
Checkout commit: 3fd7b76eb5
Source fingerprint: 8866fa52acea3f0b6b37d23761fe716e0ab7ad4c4c2892652f7c3a3d72fecdea
Uploading Ten-Fold to root@178.128.104.112:/opt/plane/app/ten-fold-plane...
Uploaded source matches local checkout.
Rebuilding and migrating Plane on the Droplet...
 Image gristlabs/grist:1.7.16 Pulling 
 Image gristlabs/grist:1.7.16 Pulled 
 Container ten-fold-plane-grist-1 Recreate 
 Container ten-fold-plane-grist-1 Recreated 
 Container ten-fold-plane-grist-1 Starting 
 Container ten-fold-plane-grist-1 Started 
 Container ten-fold-plane-grist-1 Waiting 
 Container ten-fold-plane-grist-1 Healthy 
 Container plane-redis Running 
 Container plane-db Running 
 Image ten-fold-plane-migrator Building 
#1 [internal] load local bake definitions
#1 reading from stdin 610B done
#1 DONE 0.0s

#2 [internal] load build definition from Dockerfile.api
#2 transferring dockerfile: 1.30kB done
#2 DONE 0.0s

#3 [internal] load metadata for docker.io/library/python:3.12.10-alpine
#3 DONE 1.5s

#4 [internal] load .dockerignore
#4 transferring context: 2B done
#4 DONE 0.0s

#5 [ 1/17] FROM docker.io/library/python:3.12.10-alpine@sha256:4bbf5ef9ce4b273299d394de268ad6018e10a9375d7efc7c2ce9501a6eb6b86c
#5 resolve docker.io/library/python:3.12.10-alpine@sha256:4bbf5ef9ce4b273299d394de268ad6018e10a9375d7efc7c2ce9501a6eb6b86c 0.0s done
#5 DONE 0.0s

#6 [internal] load build context
#6 transferring context: 100.40kB 0.2s done
#6 DONE 0.2s

#7 [ 9/17] COPY manage.py manage.py
#7 CACHED

#8 [ 5/17] COPY requirements.txt ./
#8 CACHED

#9 [ 8/17] RUN apk add --no-cache --virtual .build-deps     "bash~=5.2"     "g++"     "gcc"     "cargo"     "git"     "make"     "postgresql-dev"     "libc-dev"     "linux-headers"     &&     pip install -r requirements.txt --compile --no-cache-dir     &&     apk del .build-deps     &&     rm -rf /var/cache/apk/*
#9 CACHED

#10 [14/17] COPY ./bin ./bin/
#10 CACHED

#11 [ 2/17] RUN apk update && apk upgrade
#11 CACHED

#12 [13/17] RUN apk --no-cache add "bash~=5.2"
#12 CACHED

#13 [ 3/17] WORKDIR /code
#13 CACHED

#14 [10/17] COPY plane plane/
#14 CACHED

#15 [15/17] RUN mkdir -p /code/plane/logs
#15 CACHED

#16 [ 7/17] RUN apk add --no-cache libffi-dev
#16 CACHED

#17 [ 6/17] COPY requirements ./requirements
#17 CACHED

#18 [16/17] RUN chmod +x ./bin/*
#18 CACHED

#19 [ 4/17] RUN apk add --no-cache --upgrade     "libpq"     "libxslt"     "xmlsec"     "ca-certificates"     "openssl"
#19 CACHED

#20 [12/17] COPY package.json package.json
#20 CACHED

#21 [11/17] COPY templates templates/
#21 CACHED

#22 [17/17] RUN chmod -R 777 /code
#22 CACHED

#23 exporting to image
#23 exporting layers 0.0s done
#23 exporting manifest sha256:0d23eba9c0fef8afebb6dca8bc7601190af917087983e656610470a4d8af1858 done
#23 exporting config sha256:d918b0cc36f0aaf08d914c803382adda8ead710ea189e4fc7623e6e0ae1e6246 done
#23 exporting attestation manifest sha256:cc714e5e1e487a49239235ef2c7fdbad4be9ebd5aca1778ec69b008c220d1c95 0.0s done
#23 exporting manifest list sha256:96937330aa2970cfca0c61b9a4dc43a8039dd6ba55801aaeca4f29e9dc52b97e 0.0s done
#23 naming to docker.io/library/ten-fold-plane-migrator:latest done
#23 unpacking to docker.io/library/ten-fold-plane-migrator:latest 0.0s done
#23 DONE 0.2s

#24 resolving provenance for metadata file
#24 DONE 0.2s
 Image ten-fold-plane-migrator Built 
 Container ten-fold-plane-migrator-run-66f6d6ce0380 Creating 
 Container ten-fold-plane-migrator-run-66f6d6ce0380 Created 
Waiting for database...
Database available!
Operations to perform:
  Apply all migrations: auth, contenttypes, db, django_celery_beat, license, sessions
Running migrations:
  No migrations to apply.
  Your models in app(s): 'db' have changes that are not yet reflected in a migration, and so won't be applied.
  Run 'manage.py makemigrations' to make new migrations, and then re-run 'manage.py migrate' to apply them.
 Image ten-fold-plane-admin Building 
 Image ten-fold-plane-beat-worker Building 
 Image ten-fold-plane-web Building 
 Image ten-fold-plane-live Building 
 Image ten-fold-plane-proxy Building 
 Image ten-fold-plane-copilot Building 
 Image ten-fold-plane-space Building 
 Image ten-fold-plane-api Building 
 Image ten-fold-plane-worker Building 
#1 [internal] load local bake definitions
#1 reading from stdin 4.71kB done
#1 DONE 0.0s

#2 [proxy internal] load build definition from Dockerfile.ce
#2 transferring dockerfile: 1.15kB done
#2 DONE 0.1s

#3 [web internal] load build definition from Dockerfile.web
#3 transferring dockerfile: 3.61kB done
#3 DONE 0.1s

#4 [api internal] load build definition from Dockerfile.api
#4 ...

#5 [copilot internal] load build definition from Dockerfile
#5 transferring dockerfile: 1.07kB done
#5 DONE 0.2s

#6 [space internal] load build definition from Dockerfile.space
#6 transferring dockerfile: 3.43kB done
#6 DONE 0.2s

#4 [worker internal] load build definition from Dockerfile.api
#4 transferring dockerfile: 1.30kB done
#4 DONE 0.3s

#7 [admin internal] load build definition from Dockerfile.admin
#7 transferring dockerfile: 3.20kB 0.0s done
#7 DONE 0.3s

#8 [live internal] load build definition from Dockerfile.live
#8 transferring dockerfile: 3.05kB 0.0s done
#8 DONE 0.4s

#9 [api internal] load metadata for docker.io/library/python:3.12.10-alpine
#9 DONE 0.4s

#10 [worker internal] load .dockerignore
#10 transferring context: 2B done
#10 DONE 0.0s

#11 [worker internal] load build context
#11 DONE 0.0s

#12 [worker  1/17] FROM docker.io/library/python:3.12.10-alpine@sha256:4bbf5ef9ce4b273299d394de268ad6018e10a9375d7efc7c2ce9501a6eb6b86c
#12 resolve docker.io/library/python:3.12.10-alpine@sha256:4bbf5ef9ce4b273299d394de268ad6018e10a9375d7efc7c2ce9501a6eb6b86c 0.1s done
#12 resolve docker.io/library/python:3.12.10-alpine@sha256:4bbf5ef9ce4b273299d394de268ad6018e10a9375d7efc7c2ce9501a6eb6b86c 0.1s done
#12 DONE 0.1s

#11 [beat-worker internal] load build context
#11 transferring context: 100.40kB 0.2s done
#11 DONE 0.2s

#13 [api 10/17] COPY plane plane/
#13 CACHED

#14 [api 15/17] RUN mkdir -p /code/plane/logs
#14 CACHED

#15 [api  4/17] RUN apk add --no-cache --upgrade     "libpq"     "libxslt"     "xmlsec"     "ca-certificates"     "openssl"
#15 CACHED

#16 [api 12/17] COPY package.json package.json
#16 CACHED

#17 [api  5/17] COPY requirements.txt ./
#17 CACHED

#18 [api  7/17] RUN apk add --no-cache libffi-dev
#18 CACHED

#19 [api 13/17] RUN apk --no-cache add "bash~=5.2"
#19 CACHED

#20 [api 16/17] RUN chmod +x ./bin/*
#20 CACHED

#21 [api  9/17] COPY manage.py manage.py
#21 CACHED

#22 [api  8/17] RUN apk add --no-cache --virtual .build-deps     "bash~=5.2"     "g++"     "gcc"     "cargo"     "git"     "make"     "postgresql-dev"     "libc-dev"     "linux-headers"     &&     pip install -r requirements.txt --compile --no-cache-dir     &&     apk del .build-deps     &&     rm -rf /var/cache/apk/*
#22 CACHED

#23 [api  6/17] COPY requirements ./requirements
#23 CACHED

#24 [api  3/17] WORKDIR /code
#24 CACHED

#25 [api 11/17] COPY templates templates/
#25 CACHED

#26 [api 14/17] COPY ./bin ./bin/
#26 CACHED

#27 [api  2/17] RUN apk update && apk upgrade
#27 CACHED

#28 [api 17/17] RUN chmod -R 777 /code
#28 CACHED

#29 [live] resolve image config for docker-image://docker.io/docker/dockerfile:1.7
#29 ...

#25 [worker 11/17] COPY templates templates/
#25 CACHED

#16 [worker 12/17] COPY package.json package.json
#16 CACHED

#21 [worker  9/17] COPY manage.py manage.py
#21 CACHED

#24 [worker  3/17] WORKDIR /code
#24 CACHED

#15 [worker  4/17] RUN apk add --no-cache --upgrade     "libpq"     "libxslt"     "xmlsec"     "ca-certificates"     "openssl"
#15 CACHED

#19 [worker 13/17] RUN apk --no-cache add "bash~=5.2"
#19 CACHED

#23 [worker  6/17] COPY requirements ./requirements
#23 CACHED

#27 [worker  2/17] RUN apk update && apk upgrade
#27 CACHED

#20 [worker 16/17] RUN chmod +x ./bin/*
#20 CACHED

#22 [worker  8/17] RUN apk add --no-cache --virtual .build-deps     "bash~=5.2"     "g++"     "gcc"     "cargo"     "git"     "make"     "postgresql-dev"     "libc-dev"     "linux-headers"     &&     pip install -r requirements.txt --compile --no-cache-dir     &&     apk del .build-deps     &&     rm -rf /var/cache/apk/*
#22 CACHED

#13 [worker 10/17] COPY plane plane/
#13 CACHED

#14 [worker 15/17] RUN mkdir -p /code/plane/logs
#14 CACHED

#17 [worker  5/17] COPY requirements.txt ./
#17 CACHED

#18 [worker  7/17] RUN apk add --no-cache libffi-dev
#18 CACHED

#26 [worker 14/17] COPY ./bin ./bin/
#26 CACHED

#28 [worker 17/17] RUN chmod -R 777 /code
#28 CACHED

#30 [api] exporting to image
#30 exporting layers 0.0s done
#30 exporting manifest sha256:cb128adba9de7e869ef4527b68baeb23dfd4b4d39c3f62d4f01ae17edfdfc338 done
#30 exporting config sha256:07087b3d881abe8428dcd75e91e3654a983910cf58bb9ecf7f53b1556efebb36 0.0s done
#30 exporting attestation manifest sha256:5450613539158f71c461e3db1694dcb54633089510541fc334d945f4ac267d0a 0.1s done
#30 exporting manifest list sha256:22f478d5c06ca42f19749e6018d6c4a04f69fbf735ab02b5fd9766d84c18158b 0.0s done
#30 naming to docker.io/library/ten-fold-plane-api:latest
#30 naming to docker.io/library/ten-fold-plane-api:latest 0.0s done
#30 unpacking to docker.io/library/ten-fold-plane-api:latest 0.0s done
#30 DONE 0.4s

#31 [beat-worker] exporting to image
#31 exporting layers 0.0s done
#31 exporting manifest sha256:ef51f63000f6ccf76cb6b47942343ca22e0fc7962555b10cb01ddd0b8edf7f6e 0.0s done
#31 exporting config sha256:d4332c5f67b1b0b349d96342f6c1f6d07829d4197af8183e7b64046359ab68c6 0.0s done
#31 exporting attestation manifest sha256:2fc6caf73d9c6e88d6eceba5323370f6efd0ed0bf7f39d8b3af5dd4cd3a813a7 0.1s done
#31 exporting manifest list sha256:5e78a866335465fdc4e9869efa968b09e22bc69579425efee5e63fe41c68837b 0.0s done
#31 naming to docker.io/library/ten-fold-plane-beat-worker:latest done
#31 unpacking to docker.io/library/ten-fold-plane-beat-worker:latest 0.0s done
#31 DONE 0.5s

#29 [web] resolve image config for docker-image://docker.io/docker/dockerfile:1.7
#29 DONE 1.4s

#32 [worker] exporting to image
#32 exporting layers 0.0s done
#32 exporting manifest sha256:8596be5b7a771d3370401f702b12e12a071e40e79d5ccf1d994476397d63027e done
#32 exporting config sha256:4816479f5025af10848aa69a85086eac57e69714cd51c8ebdc32149fa1e5559f done
#32 exporting attestation manifest sha256:92d78c3f1fb9d5c81ac9788637a0e1e574cc0adbbc4f31b96414455f96cdc9b6 0.1s done
#32 exporting manifest list sha256:12972479e5450bab4f3110d9e7d73cf949c655454a5becd2523f3beb7ad8b281 0.0s done
#32 naming to docker.io/library/ten-fold-plane-worker:latest 0.0s done
#32 unpacking to docker.io/library/ten-fold-plane-worker:latest 0.1s done
#32 DONE 0.5s

#33 [proxy internal] load metadata for docker.io/library/caddy:2.11.3-alpine
#33 DONE 1.5s

#34 [web] docker-image://docker.io/docker/dockerfile:1.7@sha256:a57df69d0ea827fb7266491f2813635de6f17269be881f696fbfdf2d83dda33e
#34 resolve docker.io/docker/dockerfile:1.7@sha256:a57df69d0ea827fb7266491f2813635de6f17269be881f696fbfdf2d83dda33e
#34 resolve docker.io/docker/dockerfile:1.7@sha256:a57df69d0ea827fb7266491f2813635de6f17269be881f696fbfdf2d83dda33e 0.1s done
#34 CACHED

#35 [admin internal] load metadata for docker.io/library/node:22-alpine
#35 DONE 1.4s

#36 [space internal] load .dockerignore
#36 transferring context: 882B 0.0s done
#36 DONE 0.0s

#37 [admin internal] load metadata for docker.io/library/caddy:2.11-builder-alpine
#37 ...

#38 [space internal] load build context
#38 DONE 0.0s

#39 [space base 1/3] FROM docker.io/library/node:22-alpine@sha256:b6f26b36c8ff49624cfdac716b8ea1138d606df02586a77d364bb5536a634f85
#39 resolve docker.io/library/node:22-alpine@sha256:b6f26b36c8ff49624cfdac716b8ea1138d606df02586a77d364bb5536a634f85 0.1s done
#39 DONE 0.2s

#40 [admin internal] load metadata for docker.io/library/caddy:2.11-alpine
#40 DONE 1.6s

#41 [space base 2/3] WORKDIR /app
#41 CACHED

#42 [space base 3/3] RUN corepack enable pnpm
#42 CACHED

#43 [space runner 1/8] RUN apk del go 2>/dev/null || true
#43 CACHED

#44 [space runner 2/8] RUN rm -rf /usr/local/lib/node_modules/npm/node_modules/picomatch
#44 CACHED

#37 [admin internal] load metadata for docker.io/library/caddy:2.11-builder-alpine
#37 DONE 1.6s

#38 [space internal] load build context
#38 ...

#36 [admin internal] load .dockerignore
#36 transferring context: 882B 0.0s done
#36 DONE 0.1s

#39 [admin base 1/3] FROM docker.io/library/node:22-alpine@sha256:b6f26b36c8ff49624cfdac716b8ea1138d606df02586a77d364bb5536a634f85
#39 resolve docker.io/library/node:22-alpine@sha256:b6f26b36c8ff49624cfdac716b8ea1138d606df02586a77d364bb5536a634f85 0.1s done
#39 DONE 0.2s

#38 [admin internal] load build context
#38 ...

#45 [admin production 1/5] FROM docker.io/library/caddy:2.11-alpine@sha256:de23def33b17fb5d1290b0f6c2add1d70780e52341896c00a4c8a2a2fe9d355e
#45 resolve docker.io/library/caddy:2.11-alpine@sha256:de23def33b17fb5d1290b0f6c2add1d70780e52341896c00a4c8a2a2fe9d355e 0.2s done
#45 DONE 0.3s

#46 [admin production 2/5] RUN apk update && apk upgrade --no-cache && apk add --no-cache curl && rm -rf /var/cache/apk/*
#46 CACHED

#47 [admin caddy-builder 1/2] FROM docker.io/library/caddy:2.11-builder-alpine@sha256:2b9f32cbba6045e79212bb253f595588d20be8f7d1edf61582c519e124e0d2d8
#47 resolve docker.io/library/caddy:2.11-builder-alpine@sha256:2b9f32cbba6045e79212bb253f595588d20be8f7d1edf61582c519e124e0d2d8 0.2s done
#47 CACHED

#38 [admin internal] load build context
#38 ...

#35 [copilot internal] load metadata for docker.io/library/node:22-alpine
#35 DONE 1.9s

#38 [admin internal] load build context
#38 ...

#40 [web internal] load metadata for docker.io/library/caddy:2.11-alpine
#40 DONE 2.1s

#38 [admin internal] load build context
#38 ...

#48 [copilot internal] load .dockerignore
#48 transferring context: 882B 0.0s done
#48 DONE 0.1s

#38 [admin internal] load build context
#38 ...

#49 [live internal] load .dockerignore
#49 transferring context: 882B 0.0s done
#49 DONE 0.3s

#38 [admin internal] load build context
#38 ...

#50 [web internal] load .dockerignore
#50 transferring context: 882B 0.0s done
#50 DONE 0.3s

#38 [admin internal] load build context
#38 ...

#39 [copilot base 1/3] FROM docker.io/library/node:22-alpine@sha256:b6f26b36c8ff49624cfdac716b8ea1138d606df02586a77d364bb5536a634f85
#39 resolve docker.io/library/node:22-alpine@sha256:b6f26b36c8ff49624cfdac716b8ea1138d606df02586a77d364bb5536a634f85 0.1s done
#39 DONE 0.2s

#51 [copilot internal] load build context
#51 DONE 0.0s

#38 [admin internal] load build context
#38 ...

#39 [web base 1/3] FROM docker.io/library/node:22-alpine@sha256:b6f26b36c8ff49624cfdac716b8ea1138d606df02586a77d364bb5536a634f85
#39 resolve docker.io/library/node:22-alpine@sha256:b6f26b36c8ff49624cfdac716b8ea1138d606df02586a77d364bb5536a634f85 0.1s done
#39 DONE 0.2s

#45 [web production 1/5] FROM docker.io/library/caddy:2.11-alpine@sha256:de23def33b17fb5d1290b0f6c2add1d70780e52341896c00a4c8a2a2fe9d355e
#45 resolve docker.io/library/caddy:2.11-alpine@sha256:de23def33b17fb5d1290b0f6c2add1d70780e52341896c00a4c8a2a2fe9d355e 0.2s done
#45 DONE 0.3s

#46 [web production 2/5] RUN apk update && apk upgrade --no-cache && apk add --no-cache curl && rm -rf /var/cache/apk/*
#46 CACHED

#38 [admin internal] load build context
#38 ...

#39 [live base 1/3] FROM docker.io/library/node:22-alpine@sha256:b6f26b36c8ff49624cfdac716b8ea1138d606df02586a77d364bb5536a634f85
#39 resolve docker.io/library/node:22-alpine@sha256:b6f26b36c8ff49624cfdac716b8ea1138d606df02586a77d364bb5536a634f85 0.1s done
#39 DONE 0.2s

#52 [live runner 1/9] WORKDIR /app
#52 CACHED

#53 [live base 2/2] RUN corepack enable
#53 CACHED

#54 [live runner 2/9] RUN apk del go 2>/dev/null || true
#54 CACHED

#38 [admin internal] load build context
#38 ...

#55 [live runner 3/9] RUN rm -rf /usr/local/lib/node_modules/npm/node_modules/picomatch
#55 CACHED

#56 [proxy internal] load metadata for docker.io/library/caddy:2.11.3-builder-alpine
#56 DONE 3.9s

#38 [admin internal] load build context
#38 ...

#57 [proxy internal] load .dockerignore
#57 transferring context: 2B 0.0s done
#57 DONE 0.1s

#38 [admin internal] load build context
#38 ...

#58 [proxy internal] load build context
#58 DONE 0.0s

#38 [admin internal] load build context
#38 ...

#59 [api] resolving provenance for metadata file
#59 DONE 1.0s

#60 [worker] resolving provenance for metadata file
#60 DONE 1.0s

#38 [admin internal] load build context
#38 ...

#61 [beat-worker] resolving provenance for metadata file
#61 DONE 0.3s

#38 [admin internal] load build context
#38 ...

#62 [proxy stage-1 1/5] FROM docker.io/library/caddy:2.11.3-alpine@sha256:86deaf5e3d3408a6ccec08fbb79989783dd26e206ae10bcf78a801dc8c9ab794
#62 resolve docker.io/library/caddy:2.11.3-alpine@sha256:86deaf5e3d3408a6ccec08fbb79989783dd26e206ae10bcf78a801dc8c9ab794 0.6s done
#62 DONE 0.6s

#63 [proxy caddy-builder 1/2] FROM docker.io/library/caddy:2.11.3-builder-alpine@sha256:3eae6b351ecdb05da6d16e341261a457692d344a435764c5ece7a60cf03a23f3
#63 resolve docker.io/library/caddy:2.11.3-builder-alpine@sha256:3eae6b351ecdb05da6d16e341261a457692d344a435764c5ece7a60cf03a23f3 0.6s done
#63 DONE 0.6s

#38 [admin internal] load build context
#38 ...

#58 [proxy internal] load build context
#58 transferring context: 34B 0.0s done
#58 DONE 0.1s

#64 [proxy stage-1 2/5] RUN apk update && apk upgrade --no-cache && apk add --no-cache nss-tools bash curl
#64 CACHED

#65 [proxy stage-1 3/5] COPY --from=caddy-builder /usr/bin/caddy /usr/bin/caddy
#65 CACHED

#66 [proxy caddy-builder 2/2] RUN xcaddy build         --with github.com/caddy-dns/cloudflare@v0.2.1         --with github.com/caddy-dns/digitalocean@04bde2867106aa1b44c2f9da41a285fa02e629c5         --with github.com/mholt/caddy-l4@6faae83b167fda94e62b686be5cbeb9b3f8fe002         --with github.com/go-jose/go-jose/v3@v3.0.5         --with github.com/go-jose/go-jose/v4@v4.1.4         --with google.golang.org/grpc@v1.80.0         --with go.opentelemetry.io/otel@v1.43.0         --with go.opentelemetry.io/otel/sdk@v1.43.0
#66 CACHED

#67 [proxy stage-1 4/5] COPY Caddyfile.ce /etc/caddy/Caddyfile
#67 CACHED

#68 [proxy stage-1 5/5] RUN SITE_ADDRESS=https://localhost FILE_SIZE_LIMIT=5242880 BUCKET_NAME=uploads     CADDY_TLS_CERT_FILE=/etc/caddy/tls/origin.pem CADDY_TLS_KEY_FILE=/etc/caddy/tls/origin.key     caddy adapt --config /etc/caddy/Caddyfile --adapter caddyfile > /dev/null
#68 CACHED

#38 [admin internal] load build context
#38 ...

#69 [proxy] exporting to image
#69 exporting layers 0.1s done
#69 exporting manifest sha256:14b5d52b9415da9b536ccb253968b6b6834b45a5551841fb6de71e0129b62ff0 0.0s done
#69 exporting config sha256:bba437ffaa8be25d9563f8821016cb197d30a9863154884dbed092c971c9f307 0.0s done
#69 exporting attestation manifest sha256:4338f46d60b8c1b571dfbf3e36912585650681e086c60e4c09cdb440231bef4f 0.1s done
#69 exporting manifest list sha256:a3154ef8127228f337cc376245f9e0477d96adba8424190e9476c64aa615bcfb 0.0s done
#69 naming to docker.io/library/ten-fold-plane-proxy:latest done
#69 unpacking to docker.io/library/ten-fold-plane-proxy:latest 0.1s done
#69 DONE 0.9s

#38 [admin internal] load build context
#38 transferring context: 563.44kB 3.8s done
#38 DONE 4.0s

#51 [copilot internal] load build context
#51 ...

#41 [admin base 2/3] WORKDIR /app
#41 CACHED

#42 [admin base 3/3] RUN corepack enable pnpm
#42 CACHED

#70 [admin builder 1/3] RUN pnpm add -g turbo@2.9.18
#70 CACHED

#51 [copilot internal] load build context
#51 ...

#71 [proxy] resolving provenance for metadata file
#71 DONE 0.3s

#51 [copilot internal] load build context
#51 transferring context: 563.44kB 4.4s done
#51 DONE 4.6s

#41 [copilot base 2/3] WORKDIR /app
#41 CACHED

#72 [copilot builder 3/5] RUN corepack enable && pnpm add -g turbo@2.9.18
#72 CACHED

#73 [web internal] load build context
#73 transferring context: 563.44kB 4.5s done
#73 DONE 4.7s

#74 [copilot builder 4/5] COPY . .
#74 ...

#53 [web base 2/2] RUN corepack enable
#53 CACHED

#75 [web installer  1/12] RUN apk add --no-cache libc6-compat
#75 CACHED

#76 [web installer  2/12] WORKDIR /app
#76 CACHED

#77 [web builder 3/5] RUN corepack enable pnpm && pnpm add -g turbo@2.9.18
#77 CACHED

#78 [web production 3/4] COPY apps/web/caddy/Caddyfile /etc/caddy/Caddyfile
#78 CACHED

#79 [live internal] load build context
#79 transferring context: 563.44kB 4.8s done
#79 DONE 5.0s

#80 [web builder 4/5] COPY . .
#80 ...

#81 [live installer  3/12] WORKDIR /app
#81 CACHED

#82 [live installer  1/12] RUN apk update
#82 CACHED

#83 [live installer  2/12] RUN apk add --no-cache libc6-compat
#83 CACHED

#84 [live builder 4/6] RUN corepack enable pnpm && pnpm add -g turbo@2.9.18
#84 CACHED

#85 [live builder 5/6] COPY . .
#85 ...

#86 [admin caddy-builder 2/2] RUN xcaddy build     --with github.com/mholt/caddy-ratelimit
#86 0.995 2026/09/18 11:26:57 [INFO] absolute output file path: /usr/bin/caddy
#86 0.998 2026/09/18 11:26:57 [INFO] Temporary folder: /tmp/buildenv_2026-09-18-1126.4038555546
#86 0.998 2026/09/18 11:26:57 [INFO] Writing main module: /tmp/buildenv_2026-09-18-1126.4038555546/main.go
#86 0.998 package main
#86 0.998 
#86 0.998 import (
#86 0.998 	caddycmd "github.com/caddyserver/caddy/v2/cmd"
#86 0.998 
#86 0.998 	// plug in Caddy modules here
#86 0.998 	_ "github.com/caddyserver/caddy/v2/modules/standard"
#86 0.998 	_ "github.com/mholt/caddy-ratelimit"
#86 0.998 )
#86 0.998 
#86 0.998 func main() {
#86 0.998 	caddycmd.Main()
#86 0.998 }
#86 0.998 2026/09/18 11:26:57 [INFO] Initializing Go module
#86 0.998 2026/09/18 11:26:57 [INFO] exec (timeout=0s): /usr/local/go/bin/go mod init caddy 
#86 1.078 go: creating new go.mod: module caddy
#86 1.095 go: to add module requirements and sums:
#86 1.095 	go mod tidy
#86 1.095 2026/09/18 11:26:57 [INFO] Pinning versions
#86 1.095 2026/09/18 11:26:57 [INFO] exec (timeout=0s): /usr/local/go/bin/go get -v github.com/caddyserver/caddy/v2@v2.11.4 
#86 1.359 go: downloading github.com/caddyserver/caddy/v2 v2.11.4
#86 2.289 go: downloading github.com/caddyserver/certmagic v0.25.3
#86 2.317 go: downloading github.com/cespare/xxhash/v2 v2.3.0
#86 2.427 go: downloading github.com/cespare/xxhash v1.1.0
#86 2.445 go: downloading github.com/google/uuid v1.6.0
#86 2.523 go: downloading github.com/prometheus/client_golang v1.23.2
#86 3.268 go: downloading github.com/quic-go/quic-go v0.59.1
#86 4.145 go: downloading go.uber.org/zap v1.28.0
#86 4.145 go: downloading go.uber.org/zap/exp v0.3.0
#86 4.364 go: downloading golang.org/x/sys v0.45.0
#86 5.163 go: downloading golang.org/x/time v0.15.0
#86 5.163 go: downloading golang.org/x/term v0.43.0
#86 6.344 go: downloading github.com/caddyserver/zerossl v0.1.5
#86 6.358 go: downloading github.com/klauspost/cpuid/v2 v2.3.0
#86 6.518 go: downloading github.com/libdns/libdns v1.1.1
#86 6.590 go: downloading github.com/mholt/acmez/v3 v3.1.6
#86 6.996 go: downloading github.com/miekg/dns v1.1.72
#86 7.084 go: downloading github.com/zeebo/blake3 v0.2.4
#86 7.145 go: downloading golang.org/x/crypto v0.52.0
#86 7.273 go: downloading golang.org/x/net v0.55.0
#86 7.900 go: downloading github.com/beorn7/perks v1.0.1
#86 7.950 go: downloading github.com/prometheus/client_model v0.6.2
#86 8.296 go: downloading github.com/prometheus/common v0.67.5
#86 8.556 go: downloading github.com/prometheus/procfs v0.20.1
#86 8.557 go: downloading google.golang.org/protobuf v1.36.11
#86 9.588 go: downloading github.com/quic-go/qpack v0.6.0
#86 9.630 go: downloading go.uber.org/multierr v1.11.0
#86 10.28 go: downloading golang.org/x/tools v0.44.0
#86 10.30 go: downloading golang.org/x/text v0.37.0
#86 12.38 go: downloading github.com/munnerz/goautoneg v0.0.0-20191010083416-a7dc8b61c822
#86 12.51 go: downloading go.yaml.in/yaml/v2 v2.4.4
#86 12.80 go: downloading golang.org/x/sync v0.20.0
#86 12.85 go: downloading golang.org/x/mod v0.35.0
#86 ...

#87 [admin builder 2/3] COPY . .
#87 ...

#86 [admin caddy-builder 2/2] RUN xcaddy build     --with github.com/mholt/caddy-ratelimit
#86 14.95 go: added github.com/beorn7/perks v1.0.1
#86 14.95 go: added github.com/caddyserver/caddy/v2 v2.11.4
#86 14.95 go: added github.com/caddyserver/certmagic v0.25.3
#86 14.95 go: added github.com/caddyserver/zerossl v0.1.5
#86 14.95 go: added github.com/cespare/xxhash/v2 v2.3.0
#86 14.95 go: added github.com/google/uuid v1.6.0
#86 14.95 go: added github.com/klauspost/cpuid/v2 v2.3.0
#86 14.95 go: added github.com/libdns/libdns v1.1.1
#86 14.95 go: added github.com/mholt/acmez/v3 v3.1.6
#86 14.95 go: added github.com/miekg/dns v1.1.72
#86 14.95 go: added github.com/munnerz/goautoneg v0.0.0-20191010083416-a7dc8b61c822
#86 14.95 go: added github.com/prometheus/client_golang v1.23.2
#86 14.95 go: added github.com/prometheus/client_model v0.6.2
#86 14.95 go: added github.com/prometheus/common v0.67.5
#86 14.95 go: added github.com/prometheus/procfs v0.20.1
#86 14.95 go: added github.com/quic-go/qpack v0.6.0
#86 14.95 go: added github.com/quic-go/quic-go v0.59.1
#86 14.95 go: added github.com/zeebo/blake3 v0.2.4
#86 14.95 go: added go.uber.org/multierr v1.11.0
#86 14.95 go: added go.uber.org/zap v1.28.0
#86 14.95 go: added go.uber.org/zap/exp v0.3.0
#86 14.95 go: added go.yaml.in/yaml/v2 v2.4.4
#86 14.95 go: added golang.org/x/crypto v0.52.0
#86 14.95 go: added golang.org/x/mod v0.35.0
#86 14.95 go: added golang.org/x/net v0.55.0
#86 14.95 go: added golang.org/x/sync v0.20.0
#86 14.95 go: added golang.org/x/sys v0.45.0
#86 14.95 go: added golang.org/x/term v0.43.0
#86 14.95 go: added golang.org/x/text v0.37.0
#86 14.95 go: added golang.org/x/time v0.15.0
#86 14.95 go: added golang.org/x/tools v0.44.0
#86 14.95 go: added google.golang.org/protobuf v1.36.11
#86 14.97 2026/09/18 11:27:11 [INFO] exec (timeout=0s): /usr/local/go/bin/go get -v github.com/mholt/caddy-ratelimit github.com/caddyserver/caddy/v2@v2.11.4 
#86 15.92 go: downloading github.com/mholt/caddy-ratelimit v0.1.0
#86 16.09 go: downloading github.com/dustin/go-humanize v1.0.1
#86 16.09 go: downloading github.com/google/cel-go v0.28.1
#86 16.43 go: downloading github.com/spf13/cobra v1.10.2
#86 16.49 go: downloading go.opentelemetry.io/contrib/bridges/prometheus v0.68.0
#86 16.85 go: downloading go.opentelemetry.io/contrib/exporters/autoexport v0.68.0
#86 16.93 go: downloading go.opentelemetry.io/otel/sdk/metric v1.43.0
#86 17.08 go: downloading go.opentelemetry.io/otel/sdk v1.43.0
#86 17.19 go: downloading go.opentelemetry.io/otel v1.43.0
#86 18.33 go: downloading github.com/smallstep/certificates v0.30.2
#86 ...

#87 [admin builder 2/3] COPY . .
#87 DONE 15.1s

#86 [admin caddy-builder 2/2] RUN xcaddy build     --with github.com/mholt/caddy-ratelimit
#86 19.02 go: downloading github.com/smallstep/truststore v0.13.0
#86 19.02 go: downloading go.step.sm/crypto v0.81.0
#86 ...

#74 [copilot builder 4/5] COPY . .
#74 DONE 13.5s

#85 [live builder 5/6] COPY . .
#85 DONE 12.9s

#88 [live builder 6/6] RUN turbo prune --scope=live --docker
#88 ...

#80 [web builder 4/5] COPY . .
#80 DONE 13.5s

#89 [web builder 5/5] RUN turbo prune --scope=web --docker
#89 ...

#90 [admin builder 3/3] RUN turbo prune --scope=admin --docker
#90 1.516  WARNING  --scope is deprecated and will be removed in a future major version. Use positional arguments instead (e.g. `turbo prune web`)
#90 2.144 Generating pruned monorepo for admin in /app/out
#90 2.180  - Added @plane/constants
#90 2.192  - Added @plane/hooks
#90 2.210  - Added @plane/services
#90 2.222  - Added @plane/tailwind-config
#90 2.282  - Added @plane/types
#90 2.282  - Added @plane/typescript-config
#90 2.331  - Added @plane/utils
#90 2.518  - Added admin
#90 DONE 3.2s

#91 [space builder 3/3] RUN turbo prune --scope=space --docker
#91 1.509  WARNING  --scope is deprecated and will be removed in a future major version. Use positional arguments instead (e.g. `turbo prune web`)
#91 2.129 Generating pruned monorepo for space in /app/out
#91 2.155  - Added @plane/constants
#91 2.224  - Added @plane/editor
#91 2.236  - Added @plane/hooks
#91 2.401  - Added @plane/i18n
#91 2.517  - Added @plane/propel
#91 2.536  - Added @plane/services
#91 2.541  - Added @plane/tailwind-config
#91 2.603  - Added @plane/types
#91 2.620  - Added @plane/typescript-config
#91 2.680  - Added @plane/ui
#91 2.751  - Added @plane/utils
#91 2.913  - Added space
#91 DONE 3.5s

#92 [copilot builder 5/5] RUN turbo prune --scope=@plane/copilot --docker
#92 2.913  WARNING  --scope is deprecated and will be removed in a future major version. Use positional arguments instead (e.g. `turbo prune web`)
#92 2.916 
#92 2.916 Attention:
#92 2.916 Turborepo now collects completely anonymous telemetry regarding usage.
#92 2.916 This information is used to shape the Turborepo roadmap and prioritize features.
#92 2.916 You can learn more, including how to opt-out if you'd not like to participate in this anonymous program, by visiting the following URL:
#92 2.916 https://turborepo.dev/docs/telemetry
#92 2.916 
#92 2.920 • turbo 2.9.18
#92 ...

#93 [admin installer 4/8] COPY --from=builder /app/out/full/ .
#93 CACHED

#94 [admin installer 6/8] RUN --mount=type=cache,id=pnpm-store,target=/pnpm/store pnpm fetch --store-dir=/pnpm/store
#94 CACHED

#95 [admin installer 5/8] COPY turbo.json turbo.json
#95 CACHED

#96 [admin installer 2/8] COPY --from=builder /app/out/json/ .
#96 CACHED

#97 [admin installer 1/8] COPY .gitignore .gitignore
#97 CACHED

#98 [admin installer 3/8] COPY --from=builder /app/out/pnpm-lock.yaml ./pnpm-lock.yaml
#98 CACHED

#99 [admin installer 7/8] RUN --mount=type=cache,id=pnpm-store,target=/pnpm/store CI=true pnpm install --offline --frozen-lockfile --store-dir=/pnpm/store --prod=false
#99 CACHED

#88 [live builder 6/6] RUN turbo prune --scope=live --docker
#88 3.095  WARNING  --scope is deprecated and will be removed in a future major version. Use positional arguments instead (e.g. `turbo prune web`)
#88 3.101 
#88 3.101 Attention:
#88 3.101 Turborepo now collects completely anonymous telemetry regarding usage.
#88 3.101 This information is used to shape the Turborepo roadmap and prioritize features.
#88 3.101 You can learn more, including how to opt-out if you'd not like to participate in this anonymous program, by visiting the following URL:
#88 3.101 https://turborepo.dev/docs/telemetry
#88 3.101 
#88 3.118 • turbo 2.9.18
#88 3.779 Generating pruned monorepo for live in /app/out
#88 3.888  - Added @plane/constants
#88 3.888  - Added @plane/decorators
#88 ...

#92 [copilot builder 5/5] RUN turbo prune --scope=@plane/copilot --docker
#92 3.550 Generating pruned monorepo for @plane/copilot in /app/out
#92 3.607  - Added @plane/copilot
#92 3.607  - Added @plane/typescript-config
#92 DONE 4.0s

#88 [live builder 6/6] RUN turbo prune --scope=live --docker
#88 3.993  - Added @plane/editor
#88 4.015  - Added @plane/hooks
#88 4.016  - Added @plane/logger
#88 4.177  - Added @plane/propel
#88 4.177  - Added @plane/tailwind-config
#88 4.223  - Added @plane/types
#88 4.256  - Added @plane/typescript-config
#88 4.288  - Added @plane/ui
#88 4.374  - Added @plane/utils
#88 4.396  - Added live
#88 ...

#100 [copilot stage-1 3/8] RUN apk add --no-cache libc6-compat && corepack enable
#100 CACHED

#101 [copilot stage-1 7/8] RUN --mount=type=cache,id=pnpm-store,target=/pnpm/store pnpm fetch --store-dir=/pnpm/store
#101 CACHED

#102 [copilot stage-1 4/8] COPY --from=builder /app/out/json/ .
#102 CACHED

#103 [copilot stage-1 5/8] COPY --from=builder /app/out/pnpm-lock.yaml ./pnpm-lock.yaml
#103 CACHED

#104 [copilot stage-1 6/8] COPY --from=builder /app/out/full/ .
#104 CACHED

#105 [copilot stage-1 8/8] RUN --mount=type=cache,id=pnpm-store,target=/pnpm/store CI=true pnpm install --offline --frozen-lockfile --store-dir=/pnpm/store
#105 CACHED

#106 [copilot] exporting to image
#106 exporting layers 0.1s done
#106 exporting manifest sha256:a5cdb3dd9159b122858c9e44ff81a3455969b76f868a871f5bb79d9c27e570d8 0.1s done
#106 exporting config sha256:5136fea4989c34f9c7fa4426cb7d404be104edf799a288f92f8ef0dbbd35ed34 0.0s done
#106 exporting attestation manifest sha256:f89abd2d7f612982283903aa7783bb3d612ad6aaf7ed41ef49d51b4bf16d3673
#106 ...

#88 [live builder 6/6] RUN turbo prune --scope=live --docker
#88 DONE 5.1s

#106 [copilot] exporting to image
#106 exporting attestation manifest sha256:f89abd2d7f612982283903aa7783bb3d612ad6aaf7ed41ef49d51b4bf16d3673 0.1s done
#106 exporting manifest list sha256:12abf0f461d10ef29ff1185b9e36416a8e52849bc60ed119fc7912e3cf4bd004 0.1s done
#106 naming to docker.io/library/ten-fold-plane-copilot:latest
#106 naming to docker.io/library/ten-fold-plane-copilot:latest 0.0s done
#106 unpacking to docker.io/library/ten-fold-plane-copilot:latest
#106 unpacking to docker.io/library/ten-fold-plane-copilot:latest 0.2s done
#106 DONE 1.2s

#89 [web builder 5/5] RUN turbo prune --scope=web --docker
#89 2.832  WARNING  --scope is deprecated and will be removed in a future major version. Use positional arguments instead (e.g. `turbo prune web`)
#89 2.848 
#89 2.848 Attention:
#89 2.848 Turborepo now collects completely anonymous telemetry regarding usage.
#89 2.848 This information is used to shape the Turborepo roadmap and prioritize features.
#89 2.848 You can learn more, including how to opt-out if you'd not like to participate in this anonymous program, by visiting the following URL:
#89 2.848 https://turborepo.dev/docs/telemetry
#89 2.848 
#89 2.848 • turbo 2.9.18
#89 3.420 Generating pruned monorepo for web in /app/out
#89 3.456  - Added @plane/constants
#89 3.563  - Added @plane/editor
#89 3.577  - Added @plane/hooks
#89 3.784  - Added @plane/i18n
#89 3.951  - Added @plane/propel
#89 3.999  - Added @plane/services
#89 4.028  - Added @plane/shared-state
#89 4.044  - Added @plane/tailwind-config
#89 4.105  - Added @plane/types
#89 4.125  - Added @plane/typescript-config
#89 4.179  - Added @plane/ui
#89 4.234  - Added @plane/utils
#89 5.962  - Added web
#89 DONE 6.8s

#107 [copilot] resolving provenance for metadata file
#107 DONE 0.5s

#86 [admin caddy-builder 2/2] RUN xcaddy build     --with github.com/mholt/caddy-ratelimit
#86 19.75 go: downloading github.com/cloudflare/circl v1.6.3
#86 25.26 go: downloading github.com/tailscale/tscert v0.0.0-20251216020129-aea342f6d747
#86 25.29 go: downloading github.com/KimMachineGun/automemlimit v0.7.5
#86 25.36 go: downloading github.com/aryann/difflib v0.0.0-20210328193216-ff5ff6dc229b
#86 25.55 go: downloading github.com/spf13/pflag v1.0.10
#86 25.70 go: downloading go.uber.org/automaxprocs v1.6.0
#86 25.81 go: downloading golang.org/x/crypto/x509roots/fallback v0.0.0-20260213171211-a408498e5541
#86 25.85 go: downloading cel.dev/expr v0.25.1
#86 26.07 go: downloading google.golang.org/genproto/googleapis/api v0.0.0-20260406210006-6f92a3bedf2d
#86 26.16 go: downloading github.com/antlr4-go/antlr/v4 v4.13.1
#86 26.32 go: downloading github.com/inconshreveable/mousetrap v1.1.0
#86 26.39 go: downloading go.opentelemetry.io/otel/exporters/otlp/otlplog/otlploggrpc v0.19.0
#86 26.43 go: downloading go.opentelemetry.io/otel/exporters/otlp/otlplog/otlploghttp v0.19.0
#86 26.46 go: downloading go.opentelemetry.io/otel/exporters/otlp/otlpmetric/otlpmetricgrpc v1.43.0
#86 26.54 go: downloading go.opentelemetry.io/otel/exporters/otlp/otlpmetric/otlpmetrichttp v1.43.0
#86 26.64 go: downloading go.opentelemetry.io/otel/exporters/otlp/otlptrace/otlptracegrpc v1.43.0
#86 26.70 go: downloading go.opentelemetry.io/otel/exporters/otlp/otlptrace v1.43.0
#86 26.74 go: downloading go.opentelemetry.io/otel/exporters/otlp/otlptrace/otlptracehttp v1.43.0
#86 26.80 go: downloading go.opentelemetry.io/otel/exporters/prometheus v0.65.0
#86 27.43 go: downloading go.opentelemetry.io/otel/exporters/stdout/stdoutlog v0.19.0
#86 27.48 go: downloading go.opentelemetry.io/otel/exporters/stdout/stdoutmetric v1.43.0
#86 27.54 go: downloading go.opentelemetry.io/otel/exporters/stdout/stdouttrace v1.43.0
#86 27.61 go: downloading go.opentelemetry.io/otel/sdk/log v0.19.0
#86 27.69 go: downloading go.opentelemetry.io/otel/metric v1.43.0
#86 27.77 go: downloading github.com/pkg/errors v0.9.1
#86 27.83 go: downloading github.com/smallstep/nosql v0.8.0
#86 ...

#108 [live installer  5/12] COPY --from=builder /app/out/json/ .
#108 CACHED

#109 [live installer  6/12] COPY --from=builder /app/out/pnpm-lock.yaml ./pnpm-lock.yaml
#109 CACHED

#110 [live installer  7/12] RUN corepack enable pnpm
#110 CACHED

#111 [live installer  8/12] COPY --from=builder /app/out/full/ .
#111 CACHED

#112 [live installer  9/12] COPY turbo.json turbo.json
#112 CACHED

#113 [live installer  4/12] COPY .gitignore .gitignore
#113 CACHED

#114 [live installer 10/12] RUN --mount=type=cache,id=pnpm-store,target=/pnpm/store pnpm fetch --store-dir=/pnpm/store
#114 CACHED

#115 [live installer 11/12] RUN --mount=type=cache,id=pnpm-store,target=/pnpm/store CI=true pnpm install --offline --frozen-lockfile --store-dir=/pnpm/store
#115 CACHED

#116 [live installer 12/12] RUN pnpm turbo run build --filter=live
#116 ...

#117 [space installer 4/8] COPY --from=builder /app/out/full/ .
#117 CACHED

#118 [space installer 6/8] RUN --mount=type=cache,id=pnpm-store,target=/pnpm/store pnpm fetch --store-dir=/pnpm/store
#118 CACHED

#97 [space installer 1/8] COPY .gitignore .gitignore
#97 CACHED

#119 [space installer 5/8] COPY turbo.json turbo.json
#119 CACHED

#120 [space installer 3/8] COPY --from=builder /app/out/pnpm-lock.yaml ./pnpm-lock.yaml
#120 CACHED

#121 [space installer 2/8] COPY --from=builder /app/out/json/ .
#121 CACHED

#122 [space installer 7/8] RUN --mount=type=cache,id=pnpm-store,target=/pnpm/store CI=true pnpm install --offline --frozen-lockfile --store-dir=/pnpm/store --prod=false
#122 CACHED

#123 [space installer 8/8] RUN pnpm turbo run build --filter=space
#123 ...

#124 [admin installer 8/8] RUN pnpm turbo run build --filter=admin
#124 5.506 
#124 5.506    • Packages in scope: admin
#124 5.506    • Running build in 1 packages
#124 5.506    • Remote caching disabled
#124 5.506 
#124 5.741 @plane/hooks:build: cache miss, executing d0aef673d47062f7
#124 5.741 @plane/types:build: cache miss, executing 388d4d0f142f4549
#124 ...

#86 [admin caddy-builder 2/2] RUN xcaddy build     --with github.com/mholt/caddy-ratelimit
#86 27.98 go: downloading github.com/smallstep/cli-utils v0.12.2
#86 28.23 go: downloading github.com/smallstep/linkedca v0.25.0
#86 28.45 go: downloading google.golang.org/grpc v1.81.0
#86 31.10 go: downloading howett.net/plist v1.0.0
#86 31.26 go: downloading github.com/slackhq/nebula v1.10.3
#86 32.07 go: downloading github.com/cpuguy83/go-md2man/v2 v2.0.7
#86 32.14 go: downloading go.yaml.in/yaml/v3 v3.0.4
#86 32.23 go: downloading github.com/pbnjay/memory v0.0.0-20210728143218-7b4eea64cf58
#86 32.31 go: downloading google.golang.org/genproto/googleapis/rpc v0.0.0-20260427160629-7cedc36a6bc4
#86 32.55 go: downloading github.com/go-logr/logr v1.4.3
#86 32.68 go: downloading go.opentelemetry.io/otel/trace v1.43.0
#86 33.01 go: downloading golang.org/x/exp v0.0.0-20251023183803-a4bb9ffd2546
#86 33.74 go: downloading go.opentelemetry.io/proto/otlp v1.10.0
#86 33.91 go: downloading go.opentelemetry.io/otel/log v0.19.0
#86 34.07 go: downloading github.com/go-logr/stdr v1.2.2
#86 34.15 go: downloading go.opentelemetry.io/auto/sdk v1.2.1
#86 34.27 go: downloading github.com/ccoveille/go-safecast/v2 v2.0.0
#86 34.49 go: downloading github.com/smallstep/pkcs7 v0.2.1
#86 34.77 go: downloading github.com/smallstep/scep v0.0.0-20250318231241-a25cabb69492
#86 34.95 go: downloading github.com/urfave/cli v1.22.17
#86 34.95 go: downloading github.com/Masterminds/sprig/v3 v3.3.0
#86 35.15 go: downloading github.com/chzyer/readline v1.5.1
#86 35.19 go: downloading github.com/manifoldco/promptui v0.9.0
#86 35.37 go: downloading google.golang.org/grpc/cmd/protoc-gen-go-grpc v1.5.1
#86 35.40 go: downloading github.com/go-jose/go-jose/v3 v3.0.5
#86 35.73 go: downloading filippo.io/edwards25519 v1.2.0
#86 35.82 go: downloading google.golang.org/api v0.277.0
#86 35.82 go: downloading github.com/coreos/go-oidc/v3 v3.17.0
#86 35.94 go: downloading github.com/rs/xid v1.6.0
#86 35.99 go: downloading github.com/mitchellh/go-ps v1.0.0
#86 36.16 go: downloading github.com/tailscale/go-winio v0.0.0-20231025203758-c4f33415bf55
#86 36.40 go: downloading github.com/russross/blackfriday/v2 v2.1.0
#86 36.55 go: downloading github.com/cenkalti/backoff/v5 v5.0.3
#86 36.64 go: downloading github.com/grpc-ecosystem/grpc-gateway/v2 v2.28.0
#86 ...

#123 [space installer 8/8] RUN pnpm turbo run build --filter=space
#123 8.508 
#123 8.508    • Packages in scope: space
#123 8.508    • Running build in 1 packages
#123 8.508    • Remote caching disabled
#123 8.508 
#123 ...

#125 [web installer  5/12] COPY --from=builder /app/out/pnpm-lock.yaml ./pnpm-lock.yaml
#125 CACHED

#126 [web installer  7/12] COPY --from=builder /app/out/full/ .
#126 CACHED

#127 [web installer  6/12] RUN corepack enable pnpm
#127 CACHED

#128 [web installer  9/12] COPY turbo.json turbo.json
#128 CACHED

#129 [web installer 10/12] RUN --mount=type=cache,id=pnpm-store,target=/pnpm/store pnpm fetch --store-dir=/pnpm/store
#129 CACHED

#130 [web installer  4/12] COPY --from=builder /app/out/json/ .
#130 CACHED

#131 [web installer  8/12] COPY --from=builder /app/apps/proxy/grist-custom.css ./apps/proxy/grist-custom.css
#131 CACHED

#132 [web installer  3/12] COPY .gitignore .gitignore
#132 CACHED

#133 [web installer 11/12] RUN --mount=type=cache,id=pnpm-store,target=/pnpm/store CI=true pnpm install --offline --frozen-lockfile --store-dir=/pnpm/store
#133 CACHED

#86 [admin caddy-builder 2/2] RUN xcaddy build     --with github.com/mholt/caddy-ratelimit
#86 37.90 go: downloading github.com/dgraph-io/badger v1.6.2
#86 38.54 go: downloading github.com/dgraph-io/badger/v2 v2.2007.4
#86 39.00 go: downloading go.etcd.io/bbolt v1.4.3
#86 39.46 go: downloading github.com/go-sql-driver/mysql v1.9.3
#86 39.88 go: downloading github.com/jackc/pgx/v5 v5.9.2
#86 41.20 go: downloading github.com/prometheus/otlptranslator v1.0.0
#86 41.38 go: downloading dario.cat/mergo v1.0.2
#86 41.82 go: downloading github.com/Masterminds/goutils v1.1.1
#86 41.94 go: downloading github.com/Masterminds/semver/v3 v3.4.0
#86 42.10 go: downloading github.com/huandu/xstrings v1.5.0
#86 42.29 go: downloading github.com/mitchellh/copystructure v1.2.0
#86 42.40 go: downloading github.com/shopspring/decimal v1.4.0
#86 42.49 go: downloading github.com/spf13/cast v1.7.0
#86 42.68 go: downloading filippo.io/bigmod v0.1.0
#86 42.85 go: downloading github.com/go-jose/go-jose/v4 v4.1.4
#86 43.36 go: downloading golang.org/x/oauth2 v0.36.0
#86 43.77 go: downloading github.com/dgraph-io/ristretto v0.2.0
#86 44.24 go: downloading github.com/golang/protobuf v1.5.4
#86 44.86 go: downloading github.com/dgryski/go-farm v0.0.0-20200201041132-a6ae2369ad13
#86 45.18 go: downloading github.com/mitchellh/reflectwalk v1.0.2
#86 45.32 go: downloading github.com/AndreasBriese/bbloom v0.0.0-20190825152654-46b345b51c96
#86 45.42 go: downloading github.com/golang/snappy v0.0.4
#86 45.74 go: downloading github.com/klauspost/compress v1.18.6
#86 ...

#124 [admin installer 8/8] RUN pnpm turbo run build --filter=admin
#124 14.92 @plane/hooks:build: $ tsdown
#124 14.95 @plane/types:build: $ tsdown
#124 16.45 @plane/hooks:build: [34mℹ[39m tsdown [2mv0.16.0[22m powered by rolldown [2mv1.0.0-beta.46[22m
#124 16.45 @plane/types:build: [34mℹ[39m tsdown [2mv0.16.0[22m powered by rolldown [2mv1.0.0-beta.46[22m
#124 18.28 @plane/hooks:build: [34mℹ[39m Using tsdown config: [4m/app/packages/hooks/tsdown.config.ts[24m
#124 18.37 @plane/types:build: [34mℹ[39m Using tsdown config: [4m/app/packages/types/tsdown.config.ts[24m
#124 18.39 @plane/hooks:build: [34mℹ[39m entry: [34msrc/index.ts[39m
#124 18.39 @plane/hooks:build: [34mℹ[39m tsconfig: [34mtsconfig.json[39m
#124 18.39 @plane/hooks:build: [34mℹ[39m Build start
#124 18.52 @plane/types:build: [34mℹ[39m entry: [34msrc/index.ts[39m
#124 18.52 @plane/types:build: [34mℹ[39m tsconfig: [34mtsconfig.json[39m
#124 18.53 @plane/types:build: [34mℹ[39m Build start
#124 ...

#134 [web installer 12/12] RUN pnpm turbo run build --filter=web --force     && printf '%s\n' "8866fa52acea3f0b6b37d23761fe716e0ab7ad4c4c2892652f7c3a3d72fecdea" > /app/apps/web/build/client/deployment-source.txt
#134 ...

#116 [live installer 12/12] RUN pnpm turbo run build --filter=live
#116 10.88 Scope: all 13 workspace projects
#116 15.60 ✓ Lockfile passes supply-chain policies (verified 5h ago)
#116 15.78 Lockfile is up to date, resolution step is skipped
#116 20.74 Already up to date
#116 ...

#123 [space installer 8/8] RUN pnpm turbo run build --filter=space
#123 10.09 @plane/hooks:build: cache miss, executing d0aef673d47062f7
#123 10.09 @plane/types:build: cache miss, executing 388d4d0f142f4549
#123 10.10 @plane/i18n:build: cache miss, executing 5dbd7ff96bc08b5a
#123 ...

#116 [live installer 12/12] RUN pnpm turbo run build --filter=live
#116 21.68 [WARN] Request took 10468ms: https://registry.npmjs.org/pnpm
#116 21.71 
#116 21.71    ╭──────────────────────────────────────────────╮
#116 21.71    │                                              │
#116 21.71    │     Update available! 11.10.0 → 12.4.2.      │
#116 21.71    │     Changelog: https://pnpm.io/v/12.4.2      │
#116 21.71    │   To update, run: corepack use pnpm@12.4.2   │
#116 21.71    │                                              │
#116 21.71    ╰──────────────────────────────────────────────╯
#116 21.71 
#116 ...

#123 [space installer 8/8] RUN pnpm turbo run build --filter=space
#123 22.56 @plane/types:build: $ tsdown
#123 24.49 @plane/i18n:build: $ pnpm run generate:types && tsdown
#123 25.15 @plane/hooks:build: $ tsdown
#123 25.39 @plane/types:build: [34mℹ[39m tsdown [2mv0.16.0[22m powered by rolldown [2mv1.0.0-beta.46[22m
#123 27.91 @plane/hooks:build: [34mℹ[39m tsdown [2mv0.16.0[22m powered by rolldown [2mv1.0.0-beta.46[22m
#123 28.36 @plane/types:build: [34mℹ[39m Using tsdown config: [4m/app/packages/types/tsdown.config.ts[24m
#123 ...

#86 [admin caddy-builder 2/2] RUN xcaddy build     --with github.com/mholt/caddy-ratelimit
#86 57.18 go: downloading github.com/jackc/pgpassfile v1.0.0
#86 57.29 go: downloading github.com/jackc/pgservicefile v0.0.0-20240606120523-5a60cdf6a761
#86 57.41 go: downloading github.com/jackc/puddle/v2 v2.2.2
#86 57.57 go: downloading github.com/mgutz/ansi v0.0.0-20200706080929-d51e80ef957d
#86 57.63 go: downloading github.com/mattn/go-colorable v0.1.14
#86 57.67 go: downloading github.com/shurcooL/sanitized_anchor_name v1.0.0
#86 57.72 go: downloading github.com/mattn/go-isatty v0.0.20
#86 ...

#134 [web installer 12/12] RUN pnpm turbo run build --filter=web --force     && printf '%s\n' "8866fa52acea3f0b6b37d23761fe716e0ab7ad4c4c2892652f7c3a3d72fecdea" > /app/apps/web/build/client/deployment-source.txt
#134 11.99 Scope: all 14 workspace projects
#134 15.77 ✓ Lockfile passes supply-chain policies (verified 5h ago)
#134 15.87 Lockfile is up to date, resolution step is skipped
#134 21.05 Already up to date
#134 ...

#123 [space installer 8/8] RUN pnpm turbo run build --filter=space
#123 28.73 @plane/types:build: [34mℹ[39m entry: [34msrc/index.ts[39m
#123 28.73 @plane/types:build: [34mℹ[39m tsconfig: [34mtsconfig.json[39m
#123 28.74 @plane/types:build: [34mℹ[39m Build start
#123 29.99 @plane/hooks:build: [34mℹ[39m Using tsdown config: [4m/app/packages/hooks/tsdown.config.ts[24m
#123 30.36 @plane/hooks:build: [34mℹ[39m entry: [34msrc/index.ts[39m
#123 30.36 @plane/hooks:build: [34mℹ[39m tsconfig: [34mtsconfig.json[39m
#123 30.37 @plane/hooks:build: [34mℹ[39m Build start
#123 ...

#116 [live installer 12/12] RUN pnpm turbo run build --filter=live
#116 37.71 
#116 37.82 . prepare$ husky
#116 38.34 . prepare: .git can't be found
#116 38.35 . prepare: Done
#116 40.70 Done in 34.4s using pnpm v11.10.0
#116 ...

#134 [web installer 12/12] RUN pnpm turbo run build --filter=web --force     && printf '%s\n' "8866fa52acea3f0b6b37d23761fe716e0ab7ad4c4c2892652f7c3a3d72fecdea" > /app/apps/web/build/client/deployment-source.txt
#134 22.40 [WARN] Request took 10271ms: https://registry.npmjs.org/pnpm
#134 22.58 
#134 22.58    ╭──────────────────────────────────────────────╮
#134 22.58    │                                              │
#134 22.58    │     Update available! 11.10.0 → 12.4.2.      │
#134 22.58    │     Changelog: https://pnpm.io/v/12.4.2      │
#134 22.58    │   To update, run: corepack use pnpm@12.4.2   │
#134 22.58    │                                              │
#134 22.58    ╰──────────────────────────────────────────────╯
#134 22.58 
#134 ...

#123 [space installer 8/8] RUN pnpm turbo run build --filter=space
#123 39.88 @plane/i18n:build: $ tsx scripts/generate-types.ts
#123 ...

#86 [admin caddy-builder 2/2] RUN xcaddy build     --with github.com/mholt/caddy-ratelimit
#86 72.23 go: downloading github.com/googleapis/gax-go/v2 v2.22.0
#86 72.24 go: downloading cloud.google.com/go/auth v0.20.0
#86 72.81 go: downloading cloud.google.com/go/auth/oauth2adapt v0.2.8
#86 72.81 go: downloading cloud.google.com/go/compute/metadata v0.9.0
#86 72.90 go: downloading github.com/google/s2a-go v0.1.9
#86 72.98 go: downloading go.opentelemetry.io/contrib/instrumentation/net/http/otelhttp v0.68.0
#86 73.14 go: downloading github.com/googleapis/enterprise-certificate-proxy v0.3.15
#86 73.42 go: downloading github.com/felixge/httpsnoop v1.0.4
#86 ...

#134 [web installer 12/12] RUN pnpm turbo run build --filter=web --force     && printf '%s\n' "8866fa52acea3f0b6b37d23761fe716e0ab7ad4c4c2892652f7c3a3d72fecdea" > /app/apps/web/build/client/deployment-source.txt
#134 40.25 
#134 40.44 . prepare$ husky
#134 40.95 . prepare: .git can't be found
#134 40.95 . prepare: Done
#134 42.58 Done in 36.1s using pnpm v11.10.0
#134 ...

#116 [live installer 12/12] RUN pnpm turbo run build --filter=live
#116 43.23 • turbo 2.10.11
#116 43.46 
#116 43.46    • Packages in scope: live
#116 43.46    • Running build in 1 packages
#116 43.46    • Remote caching disabled
#116 43.46 
#116 44.56 @plane/types:build: cache miss, executing 500db04b6ca0f300
#116 44.56 @plane/decorators:build: cache miss, executing ee0d07a833633b3d
#116 44.57 @plane/logger:build: cache miss, executing 09376fcd1266fb8a
#116 44.57 @plane/hooks:build: cache miss, executing 03765f147810d758
#116 ...

#134 [web installer 12/12] RUN pnpm turbo run build --filter=web --force     && printf '%s\n' "8866fa52acea3f0b6b37d23761fe716e0ab7ad4c4c2892652f7c3a3d72fecdea" > /app/apps/web/build/client/deployment-source.txt
#134 43.40 • turbo 2.10.11
#134 44.11 
#134 44.11    • Packages in scope: web
#134 44.11    • Running build in 1 packages
#134 44.11    • Remote caching disabled
#134 44.11 
#134 47.62 @plane/hooks:build: cache bypass, force executing 7cfc83de1dc854c6
#134 47.62 @plane/types:build: cache bypass, force executing 73de4b48de61b180
#134 47.64 @plane/i18n:build: cache bypass, force executing edd8dbbe1c3771c1
#134 ...

#116 [live installer 12/12] RUN pnpm turbo run build --filter=live
#116 60.19 @plane/types:build: $ tsdown
#116 61.24 @plane/logger:build: $ tsdown
#116 61.40 @plane/decorators:build: $ tsdown
#116 62.18 @plane/hooks:build: $ tsdown
#116 63.16 @plane/types:build: ℹ tsdown v0.16.0 powered by rolldown v1.0.0-beta.46
#116 64.07 @plane/decorators:build: ℹ tsdown v0.16.0 powered by rolldown v1.0.0-beta.46
#116 64.46 @plane/hooks:build: ℹ tsdown v0.16.0 powered by rolldown v1.0.0-beta.46
#116 64.48 @plane/logger:build: ℹ tsdown v0.16.0 powered by rolldown v1.0.0-beta.46
#116 ...

#123 [space installer 8/8] RUN pnpm turbo run build --filter=space
#123 54.05 @plane/i18n:build: Generated 3838 keys from 28 namespace files
#123 58.11 @plane/i18n:build: [34mℹ[39m tsdown [2mv0.16.0[22m powered by rolldown [2mv1.0.0-beta.46[22m
#123 62.75 @plane/i18n:build: [34mℹ[39m Using tsdown config: [4m/app/packages/i18n/tsdown.config.ts[24m
#123 63.23 @plane/i18n:build: [34mℹ[39m entry: [34msrc/index.ts[39m
#123 63.26 @plane/i18n:build: [34mℹ[39m tsconfig: [34mtsconfig.json[39m
#123 63.26 @plane/i18n:build: [34mℹ[39m Build start
#123 ...

#124 [admin installer 8/8] RUN pnpm turbo run build --filter=admin
#124 71.32 @plane/hooks:build: [34mℹ[39m [2mdist/[22m[1mindex.js[22m        [2m 5.82 kB[22m [2m│ gzip: 1.93 kB[22m
#124 71.32 @plane/hooks:build: [34mℹ[39m [2mdist/[22mindex.js.map    [2m11.13 kB[22m [2m│ gzip: 3.57 kB[22m
#124 71.32 @plane/hooks:build: [34mℹ[39m [2mdist/[22mindex.d.ts.map  [2m 0.66 kB[22m [2m│ gzip: 0.39 kB[22m
#124 71.32 @plane/hooks:build: [34mℹ[39m [2mdist/[22m[32m[1mindex.d.ts[22m[39m      [2m 2.00 kB[22m [2m│ gzip: 0.80 kB[22m
#124 71.32 @plane/hooks:build: [34mℹ[39m 4 files, total: 19.61 kB
#124 71.32 @plane/hooks:build: [32m✔[39m Build complete in [32m52883ms[39m
#124 75.80 @plane/types:build: [34mℹ[39m [2mdist/[22m[1mindex.mjs[22m        [2m 16.83 kB[22m [2m│ gzip:  3.68 kB[22m
#124 75.80 @plane/types:build: [34mℹ[39m [2mdist/[22mindex.d.mts.map  [2m 89.23 kB[22m [2m│ gzip: 29.36 kB[22m
#124 75.80 @plane/types:build: [34mℹ[39m [2mdist/[22mindex.mjs.map    [2m 65.52 kB[22m [2m│ gzip: 13.53 kB[22m
#124 75.81 @plane/types:build: [34mℹ[39m [2mdist/[22m[32m[1mindex.d.mts[22m[39m      [2m146.98 kB[22m [2m│ gzip: 28.71 kB[22m
#124 75.81 @plane/types:build: [34mℹ[39m 4 files, total: 318.56 kB
#124 75.83 @plane/types:build: [32m✔[39m Build complete in [32m57264ms[39m
#124 76.29 @plane/constants:build: cache miss, executing b2ebb20385299ae6
#124 ...

#116 [live installer 12/12] RUN pnpm turbo run build --filter=live
#116 66.30 @plane/types:build: ℹ Using tsdown config: /app/packages/types/tsdown.config.ts
#116 66.54 @plane/types:build: ℹ entry: src/index.ts
#116 66.55 @plane/types:build: ℹ tsconfig: tsconfig.json
#116 66.55 @plane/types:build: ℹ Build start
#116 66.89 @plane/decorators:build: ℹ Using tsdown config: /app/packages/decorators/tsdown.config.ts
#116 66.98 @plane/logger:build: ℹ Using tsdown config: /app/packages/logger/tsdown.config.ts
#116 67.12 @plane/decorators:build: ℹ entry: src/index.ts
#116 67.13 @plane/decorators:build: ℹ tsconfig: tsconfig.json
#116 67.13 @plane/decorators:build: ℹ Build start
#116 67.20 @plane/logger:build: ℹ entry: src/index.ts
#116 67.21 @plane/logger:build: ℹ tsconfig: tsconfig.json
#116 67.22 @plane/logger:build: ℹ Build start
#116 67.34 @plane/hooks:build: ℹ Using tsdown config: /app/packages/hooks/tsdown.config.ts
#116 67.65 @plane/hooks:build: ℹ entry: src/index.ts
#116 67.71 @plane/hooks:build: ℹ tsconfig: tsconfig.json
#116 67.71 @plane/hooks:build: ℹ Build start
#116 ...

#134 [web installer 12/12] RUN pnpm turbo run build --filter=web --force     && printf '%s\n' "8866fa52acea3f0b6b37d23761fe716e0ab7ad4c4c2892652f7c3a3d72fecdea" > /app/apps/web/build/client/deployment-source.txt
#134 59.47 @plane/types:build: $ tsdown
#134 59.71 @plane/i18n:build: $ pnpm run generate:types && tsdown
#134 60.02 @plane/hooks:build: $ tsdown
#134 61.25 @plane/types:build: ℹ tsdown v0.16.0 powered by rolldown v1.0.0-beta.46
#134 61.82 @plane/hooks:build: ℹ tsdown v0.16.0 powered by rolldown v1.0.0-beta.46
#134 63.61 @plane/types:build: ℹ Using tsdown config: /app/packages/types/tsdown.config.ts
#134 63.79 @plane/types:build: ℹ entry: src/index.ts
#134 63.80 @plane/types:build: ℹ tsconfig: tsconfig.json
#134 63.80 @plane/types:build: ℹ Build start
#134 64.05 @plane/hooks:build: ℹ Using tsdown config: /app/packages/hooks/tsdown.config.ts
#134 64.21 @plane/hooks:build: ℹ entry: src/index.ts
#134 64.23 @plane/hooks:build: ℹ tsconfig: tsconfig.json
#134 64.23 @plane/hooks:build: ℹ Build start
#134 ...

#124 [admin installer 8/8] RUN pnpm turbo run build --filter=admin
#124 80.42 @plane/constants:build: $ tsdown
#124 81.39 @plane/constants:build: [34mℹ[39m tsdown [2mv0.16.0[22m powered by rolldown [2mv1.0.0-beta.46[22m
#124 82.14 @plane/constants:build: [34mℹ[39m Using tsdown config: [4m/app/packages/constants/tsdown.config.ts[24m
#124 82.23 @plane/constants:build: [34mℹ[39m entry: [34msrc/index.ts[39m
#124 82.24 @plane/constants:build: [34mℹ[39m tsconfig: [34mtsconfig.json[39m
#124 82.24 @plane/constants:build: [34mℹ[39m Build start
#124 ...

#134 [web installer 12/12] RUN pnpm turbo run build --filter=web --force     && printf '%s\n' "8866fa52acea3f0b6b37d23761fe716e0ab7ad4c4c2892652f7c3a3d72fecdea" > /app/apps/web/build/client/deployment-source.txt
#134 73.27 @plane/i18n:build: $ tsx scripts/generate-types.ts
#134 ...

#123 [space installer 8/8] RUN pnpm turbo run build --filter=space
#123 94.25 @plane/hooks:build: [34mℹ[39m [2mdist/[22m[1mindex.js[22m        [2m 5.82 kB[22m [2m│ gzip: 1.93 kB[22m
#123 94.26 @plane/hooks:build: [34mℹ[39m [2mdist/[22mindex.js.map    [2m11.13 kB[22m [2m│ gzip: 3.57 kB[22m
#123 94.26 @plane/hooks:build: [34mℹ[39m [2mdist/[22mindex.d.ts.map  [2m 0.66 kB[22m [2m│ gzip: 0.39 kB[22m
#123 94.26 @plane/hooks:build: [34mℹ[39m [2mdist/[22m[32m[1mindex.d.ts[22m[39m      [2m 2.00 kB[22m [2m│ gzip: 0.80 kB[22m
#123 94.26 @plane/hooks:build: [34mℹ[39m 4 files, total: 19.61 kB
#123 94.40 @plane/hooks:build: [32m✔[39m Build complete in [32m63967ms[39m
#123 ...

#124 [admin installer 8/8] RUN pnpm turbo run build --filter=admin
#124 107.9 @plane/constants:build: [34mℹ[39m [2mdist/[22m[1mindex.mjs[22m        [2m108.95 kB[22m [2m│ gzip: 21.94 kB[22m
#124 107.9 @plane/constants:build: [34mℹ[39m [2mdist/[22mindex.mjs.map    [2m176.20 kB[22m [2m│ gzip: 30.67 kB[22m
#124 107.9 @plane/constants:build: [34mℹ[39m [2mdist/[22mindex.d.mts.map  [2m 24.27 kB[22m [2m│ gzip:  8.83 kB[22m
#124 107.9 @plane/constants:build: [34mℹ[39m [2mdist/[22m[32m[1mindex.d.mts[22m[39m      [2m 52.02 kB[22m [2m│ gzip: 11.44 kB[22m
#124 107.9 @plane/constants:build: [34mℹ[39m 4 files, total: 361.43 kB
#124 107.9 @plane/constants:build: [32m✔[39m Build complete in [32m25636ms[39m
#124 108.2 @plane/utils:build: cache miss, executing 48c3c319ab8982dc
#124 108.2 @plane/services:build: cache miss, executing 0f57649255d0e28a
#124 ...

#134 [web installer 12/12] RUN pnpm turbo run build --filter=web --force     && printf '%s\n' "8866fa52acea3f0b6b37d23761fe716e0ab7ad4c4c2892652f7c3a3d72fecdea" > /app/apps/web/build/client/deployment-source.txt
#134 85.52 @plane/i18n:build: Generated 3838 keys from 28 namespace files
#134 90.10 @plane/i18n:build: ℹ tsdown v0.16.0 powered by rolldown v1.0.0-beta.46
#134 94.43 @plane/i18n:build: ℹ Using tsdown config: /app/packages/i18n/tsdown.config.ts
#134 95.00 @plane/i18n:build: ℹ entry: src/index.ts
#134 95.00 @plane/i18n:build: ℹ tsconfig: tsconfig.json
#134 95.03 @plane/i18n:build: ℹ Build start
#134 ...

#123 [space installer 8/8] RUN pnpm turbo run build --filter=space
#123 104.8 @plane/types:build: [34mℹ[39m [2mdist/[22m[1mindex.mjs[22m        [2m 16.83 kB[22m [2m│ gzip:  3.68 kB[22m
#123 104.8 @plane/types:build: [34mℹ[39m [2mdist/[22mindex.d.mts.map  [2m 89.23 kB[22m [2m│ gzip: 29.36 kB[22m
#123 104.8 @plane/types:build: [34mℹ[39m [2mdist/[22mindex.mjs.map    [2m 65.52 kB[22m [2m│ gzip: 13.53 kB[22m
#123 104.8 @plane/types:build: [34mℹ[39m [2mdist/[22m[32m[1mindex.d.mts[22m[39m      [2m146.98 kB[22m [2m│ gzip: 28.71 kB[22m
#123 104.8 @plane/types:build: [34mℹ[39m 4 files, total: 318.56 kB
#123 104.9 @plane/types:build: [32m✔[39m Build complete in [32m76099ms[39m
#123 106.1 @plane/constants:build: cache miss, executing b2ebb20385299ae6
#123 ...

#124 [admin installer 8/8] RUN pnpm turbo run build --filter=admin
#124 115.4 @plane/utils:build: $ tsdown
#124 116.9 @plane/services:build: $ tsdown
#124 117.1 @plane/utils:build: [34mℹ[39m tsdown [2mv0.16.0[22m powered by rolldown [2mv1.0.0-beta.46[22m
#124 118.2 @plane/services:build: [34mℹ[39m tsdown [2mv0.16.0[22m powered by rolldown [2mv1.0.0-beta.46[22m
#124 118.4 @plane/utils:build: [34mℹ[39m Using tsdown config: [4m/app/packages/utils/tsdown.config.ts[24m
#124 118.6 @plane/utils:build: [34mℹ[39m entry: [34msrc/index.ts[39m
#124 118.6 @plane/utils:build: [34mℹ[39m tsconfig: [34mtsconfig.json[39m
#124 118.6 @plane/utils:build: [34mℹ[39m Build start
#124 119.8 @plane/services:build: [34mℹ[39m Using tsdown config: [4m/app/packages/services/tsdown.config.ts[24m
#124 120.0 @plane/services:build: [34mℹ[39m entry: [34msrc/index.ts[39m
#124 120.0 @plane/services:build: [34mℹ[39m tsconfig: [34mtsconfig.json[39m
#124 120.0 @plane/services:build: [34mℹ[39m Build start
#124 ...

#123 [space installer 8/8] RUN pnpm turbo run build --filter=space
#123 117.8 @plane/constants:build: $ tsdown
#123 121.0 @plane/constants:build: [34mℹ[39m tsdown [2mv0.16.0[22m powered by rolldown [2mv1.0.0-beta.46[22m
#123 121.3 @plane/i18n:build: [34mℹ[39m [2mdist/[22m[1mindex.js[22m        [2m  5.66 kB[22m [2m│ gzip:  2.15 kB[22m
#123 121.4 @plane/i18n:build: [34mℹ[39m [2mdist/[22mindex.d.ts.map  [2m 43.17 kB[22m [2m│ gzip:  5.39 kB[22m
#123 121.4 @plane/i18n:build: [34mℹ[39m [2mdist/[22mindex.js.map    [2m 12.36 kB[22m [2m│ gzip:  4.16 kB[22m
#123 121.4 @plane/i18n:build: [34mℹ[39m [2mdist/[22m[32m[1mindex.d.ts[22m[39m      [2m176.39 kB[22m [2m│ gzip: 23.79 kB[22m
#123 121.4 @plane/i18n:build: [34mℹ[39m 4 files, total: 237.59 kB
#123 121.4 @plane/i18n:build: [32m✔[39m Build complete in [32m58111ms[39m
#123 ...

#86 [admin caddy-builder 2/2] RUN xcaddy build     --with github.com/mholt/caddy-ratelimit
#86 141.9 go: added github.com/mholt/caddy-ratelimit v0.1.0
#86 141.9 2026/09/18 11:29:18 [INFO] exec (timeout=0s): /usr/local/go/bin/go get -v  
#86 143.0 go: downloading github.com/go-chi/chi/v5 v5.2.5
#86 143.0 go: downloading github.com/DeRuina/timberjack v1.4.2
#86 143.9 go: downloading github.com/pires/go-proxyproto v0.12.0
#86 143.9 go: downloading github.com/BurntSushi/toml v1.6.0
#86 144.2 go: downloading github.com/alecthomas/chroma/v2 v2.24.1
#86 145.8 go: downloading github.com/yuin/goldmark v1.8.2
#86 146.6 go: downloading github.com/yuin/goldmark-highlighting/v2 v2.0.0-20230729083705-37449abec8cc
#86 146.7 go: downloading gopkg.in/yaml.v3 v3.0.1
#86 146.7 go: downloading go.opentelemetry.io/contrib/propagators/autoprop v0.68.0
#86 146.8 go: downloading github.com/fxamacker/cbor/v2 v2.9.0
#86 146.8 go: downloading github.com/google/go-tpm v0.9.8
#86 147.1 go: downloading github.com/smallstep/go-attestation v0.4.4-0.20241119153605-2306d5b464ca
#86 147.9 go: downloading go.opentelemetry.io/contrib/propagators/aws v1.43.0
#86 147.9 go: downloading go.opentelemetry.io/contrib/propagators/b3 v1.43.0
#86 147.9 go: downloading go.opentelemetry.io/contrib/propagators/jaeger v1.43.0
#86 148.2 go: downloading go.opentelemetry.io/contrib/propagators/ot v1.43.0
#86 148.4 go: downloading github.com/x448/float16 v0.8.4
#86 148.4 go: downloading github.com/google/go-tspi v0.3.0
#86 148.6 go: downloading github.com/sirupsen/logrus v1.9.4
#86 148.8 go: downloading github.com/dlclark/regexp2 v1.12.0
#86 148.8 go: downloading github.com/google/certificate-transparency-go v1.1.8-0.20240110162603-74a5dd331745
#86 ...

#123 [space installer 8/8] RUN pnpm turbo run build --filter=space
#123 123.3 @plane/constants:build: [34mℹ[39m Using tsdown config: [4m/app/packages/constants/tsdown.config.ts[24m
#123 123.4 @plane/constants:build: [34mℹ[39m entry: [34msrc/index.ts[39m
#123 123.4 @plane/constants:build: [34mℹ[39m tsconfig: [34mtsconfig.json[39m
#123 123.4 @plane/constants:build: [34mℹ[39m Build start
#123 ...

#116 [live installer 12/12] RUN pnpm turbo run build --filter=live
#116 129.4 @plane/decorators:build: ℹ dist/index.mjs        49.41 kB │ gzip:  8.71 kB
#116 129.4 @plane/decorators:build: ℹ dist/index.mjs.map    93.65 kB │ gzip: 16.16 kB
#116 129.4 @plane/decorators:build: ℹ dist/index.d.mts.map   0.86 kB │ gzip:  0.47 kB
#116 129.4 @plane/decorators:build: ℹ dist/index.d.mts       1.39 kB │ gzip:  0.51 kB
#116 129.4 @plane/decorators:build: ℹ 4 files, total: 145.32 kB
#116 129.5 @plane/decorators:build: ✔ Build complete in 62384ms
#116 130.8 @plane/logger:build: ℹ dist/index.mjs        0.73 kB │ gzip: 0.39 kB
#116 130.8 @plane/logger:build: ℹ dist/index.mjs.map    1.68 kB │ gzip: 0.74 kB
#116 130.8 @plane/logger:build: ℹ dist/index.d.mts.map  0.22 kB │ gzip: 0.18 kB
#116 130.8 @plane/logger:build: ℹ dist/index.d.mts      0.42 kB │ gzip: 0.22 kB
#116 130.8 @plane/logger:build: ℹ 4 files, total: 3.05 kB
#116 131.1 @plane/logger:build: ✔ Build complete in 63872ms
#116 ...

#86 [admin caddy-builder 2/2] RUN xcaddy build     --with github.com/mholt/caddy-ratelimit
#86 158.4 2026/09/18 11:29:34 [INFO] Build environment ready
#86 158.4 2026/09/18 11:29:34 [INFO] Building Caddy
#86 158.4 2026/09/18 11:29:34 [INFO] exec (timeout=0s): /usr/local/go/bin/go mod tidy -e 
#86 159.1 go: downloading github.com/stretchr/testify v1.11.1
#86 159.8 go: downloading go.uber.org/goleak v1.3.0
#86 160.8 go: downloading github.com/google/go-cmp v0.7.0
#86 160.8 go: downloading go.uber.org/mock v0.6.0
#86 161.2 go: downloading code.pfad.fr/check v1.1.0
#86 161.2 go: downloading github.com/letsencrypt/pebble/v2 v2.10.0
#86 161.4 go: downloading github.com/zeebo/assert v1.1.0
#86 161.4 go: downloading gopkg.in/check.v1 v1.0.0-20201130134442-10cb98267c6c
#86 161.6 go: downloading github.com/prashantv/gostub v1.1.0
#86 161.6 go: downloading github.com/davecgh/go-spew v1.1.1
#86 161.8 go: downloading github.com/pmezard/go-difflib v1.0.0
#86 162.0 go: downloading github.com/smallstep/assert v0.0.0-20200723003110-82e2b9b3b262
#86 162.0 go: downloading github.com/fortytw2/leaktest v1.3.0
#86 162.1 go: downloading github.com/kylelemons/godebug v1.1.0
#86 162.2 go: downloading github.com/letsencrypt/challtestsrv v1.4.2
#86 162.2 go: downloading github.com/kr/pretty v0.3.1
#86 162.4 go: downloading github.com/alecthomas/assert/v2 v2.11.0
#86 162.4 go: downloading github.com/google/go-tpm-tools v0.4.8
#86 162.5 go: downloading github.com/peterbourgon/diskv/v3 v3.0.1
#86 162.8 go: downloading github.com/schollz/jsonstore v1.1.0
#86 163.1 go: downloading go.opentelemetry.io/otel/sdk/log/logtest v0.19.0
#86 163.5 go: downloading github.com/kr/text v0.2.0
#86 163.6 go: downloading github.com/rogpeppe/go-internal v1.14.1
#86 164.3 go: downloading github.com/alecthomas/repr v0.5.2
#86 164.4 go: downloading github.com/frankban/quicktest v1.14.6
#86 164.5 go: downloading github.com/aws/aws-sdk-go-v2/config v1.32.17
#86 164.7 go: downloading github.com/aws/aws-sdk-go-v2/service/kms v1.51.1
#86 164.9 go: downloading github.com/aws/aws-sdk-go-v2 v1.41.7
#86 165.3 go: downloading cloud.google.com/go/kms v1.31.0
#86 165.8 go: downloading cloud.google.com/go v0.123.0
#86 166.4 go: downloading github.com/chzyer/test v1.0.0
#86 166.4 go: downloading github.com/hexops/gotextdiff v1.0.3
#86 166.5 go: downloading github.com/google/btree v1.1.2
#86 166.6 go: downloading github.com/zeebo/pcg v1.0.1
#86 166.8 go: downloading github.com/aws/aws-sdk-go-v2/credentials v1.19.16
#86 167.0 go: downloading github.com/aws/aws-sdk-go-v2/feature/ec2/imds v1.18.23
#86 167.0 go: downloading github.com/aws/aws-sdk-go-v2/service/signin v1.0.11
#86 167.1 go: downloading github.com/aws/aws-sdk-go-v2/service/sso v1.30.17
#86 167.2 go: downloading github.com/aws/aws-sdk-go-v2/service/ssooidc v1.35.21
#86 167.3 go: downloading github.com/aws/aws-sdk-go-v2/service/sts v1.42.1
#86 167.5 go: downloading github.com/aws/smithy-go v1.25.1
#86 168.1 go: downloading github.com/aws/aws-sdk-go-v2/internal/configsources v1.4.23
#86 168.1 go: downloading cloud.google.com/go/iam v1.7.0
#86 168.4 go: downloading cloud.google.com/go/longrunning v0.9.0
#86 168.6 go: downloading google.golang.org/genproto v0.0.0-20260319201613-d00831a3d3e7
#86 168.6 go: downloading github.com/chzyer/logex v1.2.1
#86 168.6 go: downloading github.com/aws/aws-sdk-go-v2/internal/v4a v1.4.24
#86 168.8 go: downloading github.com/aws/aws-sdk-go-v2/service/internal/accept-encoding v1.13.9
#86 168.9 go: downloading github.com/aws/aws-sdk-go-v2/service/internal/presigned-url v1.13.23
#86 168.9 go: downloading github.com/aws/aws-sdk-go-v2/internal/endpoints/v2 v2.7.23
#86 ...

#134 [web installer 12/12] RUN pnpm turbo run build --filter=web --force     && printf '%s\n' "8866fa52acea3f0b6b37d23761fe716e0ab7ad4c4c2892652f7c3a3d72fecdea" > /app/apps/web/build/client/deployment-source.txt
#134 133.3 @plane/hooks:build: ℹ dist/index.js         5.82 kB │ gzip: 1.93 kB
#134 133.3 @plane/hooks:build: ℹ dist/index.js.map    11.13 kB │ gzip: 3.57 kB
#134 133.3 @plane/hooks:build: ℹ dist/index.d.ts.map   0.66 kB │ gzip: 0.39 kB
#134 133.3 @plane/hooks:build: ℹ dist/index.d.ts       2.00 kB │ gzip: 0.80 kB
#134 133.3 @plane/hooks:build: ℹ 4 files, total: 19.61 kB
#134 133.4 @plane/hooks:build: ✔ Build complete in 69129ms
#134 ...

#86 [admin caddy-builder 2/2] RUN xcaddy build     --with github.com/mholt/caddy-ratelimit
#86 173.6 go: downloading go.opentelemetry.io/contrib/instrumentation/google.golang.org/grpc/otelgrpc v0.67.0
#86 173.6 go: downloading gonum.org/v1/gonum v0.17.0
#86 173.8 go: downloading github.com/OneOfOne/xxhash v1.2.2
#86 173.9 go: downloading github.com/spaolacci/murmur3 v1.1.0
#86 177.6 2026/09/18 11:29:54 [INFO] exec (timeout=0s): /usr/local/go/bin/go build -o /usr/bin/caddy -ldflags -w -s -trimpath -tags nobadger,nomysql,nopgx 
#86 ...

#134 [web installer 12/12] RUN pnpm turbo run build --filter=web --force     && printf '%s\n' "8866fa52acea3f0b6b37d23761fe716e0ab7ad4c4c2892652f7c3a3d72fecdea" > /app/apps/web/build/client/deployment-source.txt
#134 142.3 @plane/types:build: ℹ dist/index.mjs         16.83 kB │ gzip:  3.68 kB
#134 142.3 @plane/types:build: ℹ dist/index.d.mts.map   89.23 kB │ gzip: 29.36 kB
#134 142.3 @plane/types:build: ℹ dist/index.mjs.map     65.52 kB │ gzip: 13.53 kB
#134 142.3 @plane/types:build: ℹ dist/index.d.mts      146.98 kB │ gzip: 28.71 kB
#134 142.3 @plane/types:build: ℹ 4 files, total: 318.56 kB
#134 142.4 @plane/types:build: ✔ Build complete in 78543ms
#134 143.6 @plane/constants:build: cache bypass, force executing ba9052764f123943
#134 ...

#116 [live installer 12/12] RUN pnpm turbo run build --filter=live
#116 144.3 @plane/hooks:build: ℹ dist/index.js         5.82 kB │ gzip: 1.93 kB
#116 144.3 @plane/hooks:build: ℹ dist/index.js.map    11.13 kB │ gzip: 3.57 kB
#116 144.3 @plane/hooks:build: ℹ dist/index.d.ts.map   0.66 kB │ gzip: 0.39 kB
#116 144.3 @plane/hooks:build: ℹ dist/index.d.ts       2.00 kB │ gzip: 0.80 kB
#116 144.3 @plane/hooks:build: ℹ 4 files, total: 19.61 kB
#116 144.4 @plane/hooks:build: ✔ Build complete in 76598ms
#116 151.5 @plane/types:build: ℹ dist/index.mjs         16.83 kB │ gzip:  3.68 kB
#116 151.5 @plane/types:build: ℹ dist/index.d.mts.map   89.23 kB │ gzip: 29.36 kB
#116 151.5 @plane/types:build: ℹ dist/index.mjs.map     65.52 kB │ gzip: 13.53 kB
#116 151.5 @plane/types:build: ℹ dist/index.d.mts      146.98 kB │ gzip: 28.71 kB
#116 151.5 @plane/types:build: ℹ 4 files, total: 318.56 kB
#116 151.5 @plane/types:build: ✔ Build complete in 84946ms
#116 151.9 @plane/constants:build: cache miss, executing 0c16c4218c9b9276
#116 ...

#123 [space installer 8/8] RUN pnpm turbo run build --filter=space
#123 154.0 @plane/constants:build: [34mℹ[39m [2mdist/[22m[1mindex.mjs[22m        [2m108.95 kB[22m [2m│ gzip: 21.94 kB[22m
#123 154.0 @plane/constants:build: [34mℹ[39m [2mdist/[22mindex.mjs.map    [2m176.20 kB[22m [2m│ gzip: 30.67 kB[22m
#123 154.0 @plane/constants:build: [34mℹ[39m [2mdist/[22mindex.d.mts.map  [2m 24.27 kB[22m [2m│ gzip:  8.83 kB[22m
#123 154.0 @plane/constants:build: [34mℹ[39m [2mdist/[22m[32m[1mindex.d.mts[22m[39m      [2m 52.02 kB[22m [2m│ gzip: 11.44 kB[22m
#123 154.0 @plane/constants:build: [34mℹ[39m 4 files, total: 361.43 kB
#123 154.0 @plane/constants:build: [32m✔[39m Build complete in [32m30614ms[39m
#123 154.3 @plane/services:build: cache miss, executing 0f57649255d0e28a
#123 154.3 @plane/utils:build: cache miss, executing 48c3c319ab8982dc
#123 ...

#116 [live installer 12/12] RUN pnpm turbo run build --filter=live
#116 156.8 @plane/constants:build: $ tsdown
#116 158.5 @plane/constants:build: ℹ tsdown v0.16.0 powered by rolldown v1.0.0-beta.46
#116 160.1 @plane/constants:build: ℹ Using tsdown config: /app/packages/constants/tsdown.config.ts
#116 160.2 @plane/constants:build: ℹ entry: src/index.ts
#116 160.2 @plane/constants:build: ℹ tsconfig: tsconfig.json
#116 160.2 @plane/constants:build: ℹ Build start
#116 ...

#124 [admin installer 8/8] RUN pnpm turbo run build --filter=admin
#124 169.0 @plane/services:build: [34mℹ[39m [2mdist/[22m[1mindex.js[22m        [2m 97.92 kB[22m [2m│ gzip: 11.24 kB[22m
#124 169.0 @plane/services:build: [34mℹ[39m [2mdist/[22mindex.js.map    [2m154.04 kB[22m [2m│ gzip: 17.93 kB[22m
#124 169.0 @plane/services:build: [34mℹ[39m [2mdist/[22mindex.d.ts.map  [2m 21.01 kB[22m [2m│ gzip:  5.70 kB[22m
#124 169.0 @plane/services:build: [34mℹ[39m [2mdist/[22m[32m[1mindex.d.ts[22m[39m      [2m 70.26 kB[22m [2m│ gzip:  9.05 kB[22m
#124 169.0 @plane/services:build: [34mℹ[39m 4 files, total: 343.23 kB
#124 169.1 @plane/services:build: [32m✔[39m Build complete in [32m49000ms[39m
#124 ...

#134 [web installer 12/12] RUN pnpm turbo run build --filter=web --force     && printf '%s\n' "8866fa52acea3f0b6b37d23761fe716e0ab7ad4c4c2892652f7c3a3d72fecdea" > /app/apps/web/build/client/deployment-source.txt
#134 159.5 @plane/constants:build: $ tsdown
#134 162.3 @plane/constants:build: ℹ tsdown v0.16.0 powered by rolldown v1.0.0-beta.46
#134 162.8 @plane/i18n:build: ℹ dist/index.js          5.66 kB │ gzip:  2.15 kB
#134 162.8 @plane/i18n:build: ℹ dist/index.d.ts.map   43.17 kB │ gzip:  5.39 kB
#134 162.8 @plane/i18n:build: ℹ dist/index.js.map     12.36 kB │ gzip:  4.16 kB
#134 162.8 @plane/i18n:build: ℹ dist/index.d.ts      176.39 kB │ gzip: 23.79 kB
#134 162.9 @plane/i18n:build: ℹ 4 files, total: 237.59 kB
#134 162.9 @plane/i18n:build: ✔ Build complete in 67884ms
#134 164.1 @plane/constants:build: ℹ Using tsdown config: /app/packages/constants/tsdown.config.ts
#134 164.2 @plane/constants:build: ℹ entry: src/index.ts
#134 164.3 @plane/constants:build: ℹ tsconfig: tsconfig.json
#134 164.3 @plane/constants:build: ℹ Build start
#134 ...

#123 [space installer 8/8] RUN pnpm turbo run build --filter=space
#123 165.8 @plane/utils:build: $ tsdown
#123 166.6 @plane/services:build: $ tsdown
#123 167.7 @plane/utils:build: [34mℹ[39m tsdown [2mv0.16.0[22m powered by rolldown [2mv1.0.0-beta.46[22m
#123 168.6 @plane/services:build: [34mℹ[39m tsdown [2mv0.16.0[22m powered by rolldown [2mv1.0.0-beta.46[22m
#123 169.3 @plane/utils:build: [34mℹ[39m Using tsdown config: [4m/app/packages/utils/tsdown.config.ts[24m
#123 169.5 @plane/utils:build: [34mℹ[39m entry: [34msrc/index.ts[39m
#123 169.5 @plane/utils:build: [34mℹ[39m tsconfig: [34mtsconfig.json[39m
#123 169.5 @plane/utils:build: [34mℹ[39m Build start
#123 170.5 @plane/services:build: [34mℹ[39m Using tsdown config: [4m/app/packages/services/tsdown.config.ts[24m
#123 170.7 @plane/services:build: [34mℹ[39m entry: [34msrc/index.ts[39m
#123 170.7 @plane/services:build: [34mℹ[39m tsconfig: [34mtsconfig.json[39m
#123 170.7 @plane/services:build: [34mℹ[39m Build start
#123 ...

#116 [live installer 12/12] RUN pnpm turbo run build --filter=live
#116 192.8 @plane/constants:build: ℹ dist/index.mjs        108.95 kB │ gzip: 21.94 kB
#116 192.8 @plane/constants:build: ℹ dist/index.mjs.map    176.20 kB │ gzip: 30.67 kB
#116 192.8 @plane/constants:build: ℹ dist/index.d.mts.map   24.27 kB │ gzip:  8.83 kB
#116 192.8 @plane/constants:build: ℹ dist/index.d.mts       52.02 kB │ gzip: 11.44 kB
#116 192.8 @plane/constants:build: ℹ 4 files, total: 361.43 kB
#116 192.8 @plane/constants:build: ✔ Build complete in 32610ms
#116 193.4 @plane/utils:build: cache miss, executing 28aeb2e06d35887d
#116 198.1 @plane/utils:build: $ tsdown
#116 198.9 @plane/utils:build: ℹ tsdown v0.16.0 powered by rolldown v1.0.0-beta.46
#116 199.8 @plane/utils:build: ℹ Using tsdown config: /app/packages/utils/tsdown.config.ts
#116 199.9 @plane/utils:build: ℹ entry: src/index.ts
#116 199.9 @plane/utils:build: ℹ tsconfig: tsconfig.json
#116 199.9 @plane/utils:build: ℹ Build start
#116 ...

#124 [admin installer 8/8] RUN pnpm turbo run build --filter=admin
#124 208.6 @plane/utils:build: [34mℹ[39m [2mdist/[22m[1mindex.js[22m        [2m219.53 kB[22m [2m│ gzip: 55.06 kB[22m
#124 208.6 @plane/utils:build: [34mℹ[39m [2mdist/[22mindex.js.map    [2m398.93 kB[22m [2m│ gzip: 88.53 kB[22m
#124 208.6 @plane/utils:build: [34mℹ[39m [2mdist/[22mindex.d.ts.map  [2m 43.34 kB[22m [2m│ gzip: 14.46 kB[22m
#124 208.6 @plane/utils:build: [34mℹ[39m [2mdist/[22m[32m[1mindex.d.ts[22m[39m      [2m117.11 kB[22m [2m│ gzip: 27.19 kB[22m
#124 208.6 @plane/utils:build: [34mℹ[39m 4 files, total: 778.91 kB
#124 208.7 @plane/utils:build: [32m✔[39m Build complete in [32m90042ms[39m
#124 209.1 admin:build: cache miss, executing 744812ffa064ab68
#124 215.6 admin:build: $ react-router build
#124 ...

#134 [web installer 12/12] RUN pnpm turbo run build --filter=web --force     && printf '%s\n' "8866fa52acea3f0b6b37d23761fe716e0ab7ad4c4c2892652f7c3a3d72fecdea" > /app/apps/web/build/client/deployment-source.txt
#134 195.3 @plane/constants:build: ℹ dist/index.mjs        108.95 kB │ gzip: 21.94 kB
#134 195.3 @plane/constants:build: ℹ dist/index.mjs.map    176.20 kB │ gzip: 30.67 kB
#134 195.3 @plane/constants:build: ℹ dist/index.d.mts.map   24.27 kB │ gzip:  8.83 kB
#134 195.3 @plane/constants:build: ℹ dist/index.d.mts       52.02 kB │ gzip: 11.44 kB
#134 195.3 @plane/constants:build: ℹ 4 files, total: 361.43 kB
#134 195.3 @plane/constants:build: ✔ Build complete in 31045ms
#134 195.6 @plane/utils:build: cache bypass, force executing d4486b48b50498f5
#134 195.6 @plane/services:build: cache bypass, force executing a860ddc49c6fe574
#134 207.5 @plane/utils:build: $ tsdown
#134 207.9 @plane/services:build: $ tsdown
#134 209.2 @plane/utils:build: ℹ tsdown v0.16.0 powered by rolldown v1.0.0-beta.46
#134 209.3 @plane/services:build: ℹ tsdown v0.16.0 powered by rolldown v1.0.0-beta.46
#134 210.9 @plane/utils:build: ℹ Using tsdown config: /app/packages/utils/tsdown.config.ts
#134 210.9 @plane/services:build: ℹ Using tsdown config: /app/packages/services/tsdown.config.ts
#134 211.0 @plane/utils:build: ℹ entry: src/index.ts
#134 211.0 @plane/utils:build: ℹ tsconfig: tsconfig.json
#134 211.0 @plane/utils:build: ℹ Build start
#134 211.1 @plane/services:build: ℹ entry: src/index.ts
#134 211.1 @plane/services:build: ℹ tsconfig: tsconfig.json
#134 211.1 @plane/services:build: ℹ Build start
#134 ...

#123 [space installer 8/8] RUN pnpm turbo run build --filter=space
#123 220.5 @plane/services:build: [34mℹ[39m [2mdist/[22m[1mindex.js[22m        [2m 97.92 kB[22m [2m│ gzip: 11.24 kB[22m
#123 220.5 @plane/services:build: [34mℹ[39m [2mdist/[22mindex.js.map    [2m154.04 kB[22m [2m│ gzip: 17.93 kB[22m
#123 220.5 @plane/services:build: [34mℹ[39m [2mdist/[22mindex.d.ts.map  [2m 21.01 kB[22m [2m│ gzip:  5.70 kB[22m
#123 220.5 @plane/services:build: [34mℹ[39m [2mdist/[22m[32m[1mindex.d.ts[22m[39m      [2m 70.26 kB[22m [2m│ gzip:  9.05 kB[22m
#123 220.5 @plane/services:build: [34mℹ[39m 4 files, total: 343.23 kB
#123 220.6 @plane/services:build: [32m✔[39m Build complete in [32m49740ms[39m
#123 ...

#124 [admin installer 8/8] RUN pnpm turbo run build --filter=admin
#124 251.0 admin:build: [33mThe plugin "vite-tsconfig-paths" is detected. Vite now supports tsconfig paths resolution natively via the [1mresolve.tsconfigPaths[22m option. You can remove the plugin and set [1mresolve.tsconfigPaths: true[22m in your Vite config instead.[39m
#124 251.4 admin:build: [33mThe plugin "vite-tsconfig-paths" is detected. Vite now supports tsconfig paths resolution natively via the [1mresolve.tsconfigPaths[22m option. You can remove the plugin and set [1mresolve.tsconfigPaths: true[22m in your Vite config instead.[39m
#124 252.4 admin:build: (node:422) [MODULE_TYPELESS_PACKAGE_JSON] Warning: Module type of file:///app/packages/tailwind-config/postcss.config.js is not specified and it doesn't parse as CommonJS.
#124 252.4 admin:build: Reparsing as ES module because module syntax was detected. This incurs a performance overhead.
#124 252.4 admin:build: To eliminate this warning, add "type": "module" to /app/packages/tailwind-config/package.json.
#124 252.4 admin:build: (Use `node --trace-warnings ...` to show where the warning was created)
#124 252.5 admin:build: Using Vite Environment API
#124 252.6 admin:build: [36mvite v8.0.16 [32mbuilding client environment for production...[36m[39m
#124 ...

#123 [space installer 8/8] RUN pnpm turbo run build --filter=space
#123 258.4 @plane/utils:build: [34mℹ[39m [2mdist/[22m[1mindex.js[22m        [2m219.53 kB[22m [2m│ gzip: 55.06 kB[22m
#123 258.4 @plane/utils:build: [34mℹ[39m [2mdist/[22mindex.js.map    [2m398.93 kB[22m [2m│ gzip: 88.53 kB[22m
#123 258.4 @plane/utils:build: [34mℹ[39m [2mdist/[22mindex.d.ts.map  [2m 43.34 kB[22m [2m│ gzip: 14.46 kB[22m
#123 258.4 @plane/utils:build: [34mℹ[39m [2mdist/[22m[32m[1mindex.d.ts[22m[39m      [2m117.11 kB[22m [2m│ gzip: 27.19 kB[22m
#123 258.4 @plane/utils:build: [34mℹ[39m 4 files, total: 778.91 kB
#123 258.4 @plane/utils:build: [32m✔[39m Build complete in [32m88915ms[39m
#123 258.8 @plane/propel:build: cache miss, executing cbbcb1c0cb6ad25c
#123 ...

#116 [live installer 12/12] RUN pnpm turbo run build --filter=live
#116 264.6 @plane/utils:build: ℹ dist/index.js        219.53 kB │ gzip: 55.06 kB
#116 264.6 @plane/utils:build: ℹ dist/index.js.map    398.93 kB │ gzip: 88.53 kB
#116 264.6 @plane/utils:build: ℹ dist/index.d.ts.map   43.34 kB │ gzip: 14.46 kB
#116 264.6 @plane/utils:build: ℹ dist/index.d.ts      117.11 kB │ gzip: 27.19 kB
#116 264.6 @plane/utils:build: ℹ 4 files, total: 778.91 kB
#116 264.6 @plane/utils:build: ✔ Build complete in 64690ms
#116 265.0 @plane/propel:build: cache miss, executing c53ccdc103c8c2a3
#116 270.0 @plane/propel:build: $ tsdown
#116 270.8 @plane/propel:build: ℹ tsdown v0.16.0 powered by rolldown v1.0.0-beta.46
#116 ...

#134 [web installer 12/12] RUN pnpm turbo run build --filter=web --force     && printf '%s\n' "8866fa52acea3f0b6b37d23761fe716e0ab7ad4c4c2892652f7c3a3d72fecdea" > /app/apps/web/build/client/deployment-source.txt
#134 257.9 @plane/services:build: ℹ dist/index.js         97.92 kB │ gzip: 11.24 kB
#134 257.9 @plane/services:build: ℹ dist/index.js.map    154.04 kB │ gzip: 17.93 kB
#134 257.9 @plane/services:build: ℹ dist/index.d.ts.map   21.01 kB │ gzip:  5.70 kB
#134 258.0 @plane/services:build: ℹ dist/index.d.ts       70.26 kB │ gzip:  9.05 kB
#134 258.0 @plane/services:build: ℹ 4 files, total: 343.23 kB
#134 258.0 @plane/services:build: ✔ Build complete in 46879ms
#134 ...

#123 [space installer 8/8] RUN pnpm turbo run build --filter=space
#123 263.9 @plane/propel:build: $ tsdown
#123 265.1 @plane/propel:build: [34mℹ[39m tsdown [2mv0.16.0[22m powered by rolldown [2mv1.0.0-beta.46[22m
#123 266.2 @plane/propel:build: [34mℹ[39m Using tsdown config: [4m/app/packages/propel/tsdown.config.ts[24m
#123 266.5 @plane/propel:build: [34mℹ[39m entry: [34msrc/accordion/index.ts, src/badge/index.ts, src/avatar/index.ts, src/button/index.ts, src/calendar/index.ts, src/animated-counter/index.ts, src/collapsible/index.ts, src/combobox/index.ts, src/card/index.ts, src/banner/index.ts, src/command/index.ts, src/dialog/index.ts, src/emoji-icon-picker/index.ts, src/context-menu/index.ts, src/emoji-reaction/index.ts, src/icon-button/index.ts, src/empty-state/index.ts, src/input/index.ts, src/icons/index.ts, src/portal/index.ts, src/pill/index.ts, src/popover/index.ts, src/menu/index.ts, src/scrollarea/index.ts, src/skeleton/index.ts, src/spinners/index.ts, src/tab-navigation/index.ts, src/table/index.ts, src/switch/index.ts, src/tabs/index.ts, src/tooltip/index.ts, src/toolbar/index.ts, src/toast/index.ts, src/utils/index.ts, src/charts/bar-chart/index.ts, src/charts/line-chart/index.ts, src/charts/area-chart/index.ts, src/charts/radar-chart/index.ts, src/charts/scatter-chart/index.ts, src/charts/tree-map/index.ts, src/charts/pie-chart/index.ts[39m
#123 266.5 @plane/propel:build: [34mℹ[39m tsconfig: [34mtsconfig.json[39m
#123 266.5 @plane/propel:build: [34mℹ[39m Build start
#123 ...

#116 [live installer 12/12] RUN pnpm turbo run build --filter=live
#116 271.9 @plane/propel:build: ℹ Using tsdown config: /app/packages/propel/tsdown.config.ts
#116 272.1 @plane/propel:build: ℹ entry: src/animated-counter/index.ts, src/accordion/index.ts, src/avatar/index.ts, src/button/index.ts, src/calendar/index.ts, src/card/index.ts, src/banner/index.ts, src/badge/index.ts, src/collapsible/index.ts, src/combobox/index.ts, src/command/index.ts, src/emoji-icon-picker/index.ts, src/dialog/index.ts, src/context-menu/index.ts, src/empty-state/index.ts, src/emoji-reaction/index.ts, src/icon-button/index.ts, src/input/index.ts, src/pill/index.ts, src/menu/index.ts, src/popover/index.ts, src/portal/index.ts, src/icons/index.ts, src/scrollarea/index.ts, src/skeleton/index.ts, src/tab-navigation/index.ts, src/switch/index.ts, src/spinners/index.ts, src/table/index.ts, src/tabs/index.ts, src/toast/index.ts, src/toolbar/index.ts, src/tooltip/index.ts, src/utils/index.ts, src/charts/area-chart/index.ts, src/charts/bar-chart/index.ts, src/charts/line-chart/index.ts, src/charts/pie-chart/index.ts, src/charts/radar-chart/index.ts, src/charts/scatter-chart/index.ts, src/charts/tree-map/index.ts
#116 272.1 @plane/propel:build: ℹ tsconfig: tsconfig.json
#116 272.1 @plane/propel:build: ℹ Build start
#116 ...

#134 [web installer 12/12] RUN pnpm turbo run build --filter=web --force     && printf '%s\n' "8866fa52acea3f0b6b37d23761fe716e0ab7ad4c4c2892652f7c3a3d72fecdea" > /app/apps/web/build/client/deployment-source.txt
#134 295.2 @plane/utils:build: ℹ dist/index.js        219.53 kB │ gzip: 55.06 kB
#134 295.2 @plane/utils:build: ℹ dist/index.js.map    398.93 kB │ gzip: 88.53 kB
#134 295.2 @plane/utils:build: ℹ dist/index.d.ts.map   43.34 kB │ gzip: 14.46 kB
#134 295.2 @plane/utils:build: ℹ dist/index.d.ts      117.11 kB │ gzip: 27.19 kB
#134 295.2 @plane/utils:build: ℹ 4 files, total: 778.91 kB
#134 295.2 @plane/utils:build: ✔ Build complete in 84174ms
#134 295.5 @plane/shared-state:build: cache bypass, force executing 12c632447996797b
#134 295.5 @plane/propel:build: cache bypass, force executing efc39d1daaa95f11
#134 304.8 @plane/propel:build: $ tsdown
#134 305.3 @plane/shared-state:build: $ tsdown
#134 306.9 @plane/propel:build: ℹ tsdown v0.16.0 powered by rolldown v1.0.0-beta.46
#134 307.7 @plane/shared-state:build: ℹ tsdown v0.16.0 powered by rolldown v1.0.0-beta.46
#134 308.8 @plane/propel:build: ℹ Using tsdown config: /app/packages/propel/tsdown.config.ts
#134 309.3 @plane/propel:build: ℹ entry: src/accordion/index.ts, src/avatar/index.ts, src/animated-counter/index.ts, src/banner/index.ts, src/badge/index.ts, src/button/index.ts, src/calendar/index.ts, src/card/index.ts, src/combobox/index.ts, src/command/index.ts, src/context-menu/index.ts, src/dialog/index.ts, src/emoji-icon-picker/index.ts, src/emoji-reaction/index.ts, src/empty-state/index.ts, src/collapsible/index.ts, src/icons/index.ts, src/icon-button/index.ts, src/input/index.ts, src/pill/index.ts, src/menu/index.ts, src/popover/index.ts, src/portal/index.ts, src/scrollarea/index.ts, src/skeleton/index.ts, src/spinners/index.ts, src/switch/index.ts, src/tab-navigation/index.ts, src/table/index.ts, src/tabs/index.ts, src/toast/index.ts, src/toolbar/index.ts, src/tooltip/index.ts, src/utils/index.ts, src/charts/area-chart/index.ts, src/charts/bar-chart/index.ts, src/charts/line-chart/index.ts, src/charts/pie-chart/index.ts, src/charts/radar-chart/index.ts, src/charts/scatter-chart/index.ts, src/charts/tree-map/index.ts
#134 309.3 @plane/propel:build: ℹ tsconfig: tsconfig.json
#134 309.3 @plane/propel:build: ℹ Build start
#134 309.3 @plane/shared-state:build: ℹ Using tsdown config: /app/packages/shared-state/tsdown.config.ts
#134 309.4 @plane/shared-state:build: ℹ entry: src/index.ts
#134 309.5 @plane/shared-state:build: ℹ tsconfig: tsconfig.json
#134 309.5 @plane/shared-state:build: ℹ Build start
#134 ...

#124 [admin installer 8/8] RUN pnpm turbo run build --filter=admin
#124 350.4 admin:build: [2Kadmin:build: transforming...✓ 7212 modules transformed.
#124 353.5 admin:build: rendering chunks...
#124 355.3 admin:build: computing gzip size...
#124 355.3 admin:build: build/client/assets/favicon-16x16-B_Opgp1K.png                                  0.46 kB
#124 355.3 admin:build: build/client/assets/google-logo-r0ky5Kfn.svg                                    0.74 kB │ gzip:  0.43 kB
#124 355.3 admin:build: build/client/assets/favicon-32x32-cfWXc3P9.png                                  0.76 kB
#124 355.3 admin:build: build/client/assets/gitlab-logo-BL2xQyij.svg                                    1.06 kB │ gzip:  0.47 kB
#124 355.3 admin:build: build/client/assets/gitea-logo-BAYfzmEl.svg                                     2.13 kB │ gzip:  1.04 kB
#124 355.3 admin:build: build/client/assets/takeoff-icon-dark-EbV9jX7-.svg                              2.98 kB │ gzip:  0.99 kB
#124 355.3 admin:build: build/client/assets/takeoff-icon-light-2XLBscmc.svg                             3.15 kB │ gzip:  1.07 kB
#124 355.3 admin:build: build/client/assets/instance-failure-C1aRKNan.svg                               4.10 kB │ gzip:  1.27 kB
#124 355.3 admin:build: build/client/assets/instance-failure-dark-DE7I22mw.svg                          4.10 kB │ gzip:  1.27 kB
#124 355.3 admin:build: build/client/assets/404-DWCFZzXK.svg                                            5.42 kB │ gzip:  1.58 kB
#124 355.3 admin:build: build/client/assets/ibm-plex-mono-vietnamese-400-normal-DDuiU_S-.woff           5.62 kB
#124 355.3 admin:build: build/client/assets/ibm-plex-mono-cyrillic-ext-400-normal-DMdlQ8Kv.woff         5.82 kB
#124 355.3 admin:build: build/client/assets/ibm-plex-mono-vietnamese-400-normal-BulugwFq.woff2          5.86 kB
#124 355.3 admin:build: build/client/assets/apple-touch-icon-BmADsVmV.png                               6.29 kB
#124 355.3 admin:build: build/client/assets/ibm-plex-mono-cyrillic-ext-400-normal-xuaO2J-f.woff2        6.91 kB
#124 355.3 admin:build: build/client/assets/ibm-plex-mono-cyrillic-400-normal-CEL4l2ZJ.woff             7.20 kB
#124 355.3 admin:build: build/client/assets/ibm-plex-mono-cyrillic-400-normal-BSMlKf0J.woff2            8.35 kB
#124 355.3 admin:build: build/client/assets/inter-vietnamese-wght-normal-CBcvBZtf.woff2                10.25 kB
#124 355.3 admin:build: build/client/assets/inter-greek-ext-wght-normal-DlzME5K_.woff2                 11.23 kB
#124 355.3 admin:build: build/client/assets/ibm-plex-mono-latin-ext-400-normal-D3D2R8hC.woff           11.76 kB
#124 355.3 admin:build: build/client/assets/ibm-plex-mono-latin-400-normal-CvHOgSBP.woff               13.14 kB
#124 355.3 admin:build: build/client/assets/ibm-plex-mono-latin-ext-400-normal-BmRBH3aV.woff2          13.34 kB
#124 355.3 admin:build: build/client/assets/github-black-DmZ70PA_.png                                  14.03 kB
#124 355.3 admin:build: build/client/assets/ibm-plex-mono-latin-400-normal-DMJ8VG8y.woff2              14.70 kB
#124 355.3 admin:build: build/client/assets/favicon-DJlV-mcI.ico                                       15.40 kB
#124 355.3 admin:build: build/client/assets/github-white-BwRnG8jn.png                                  16.55 kB
#124 355.3 admin:build: build/client/assets/inter-cyrillic-wght-normal-DqGufNeO.woff2                  18.74 kB
#124 355.3 admin:build: build/client/assets/inter-greek-wght-normal-CkhJZR-_.woff2                     18.99 kB
#124 355.3 admin:build: build/client/assets/inter-cyrillic-ext-wght-normal-BOeWTOD4.woff2              25.96 kB
#124 355.3 admin:build: build/client/.vite/manifest.json                                               35.30 kB │ gzip:  3.50 kB
#124 355.3 admin:build: build/client/assets/inter-latin-wght-normal-Dx4kXJAl.woff2                     48.25 kB
#124 355.3 admin:build: build/client/assets/inter-latin-ext-wght-normal-DO1Apj_S.woff2                 85.06 kB
#124 355.4 admin:build: build/client/assets/material-symbols-rounded-latin-400-normal-BVRwnNJJ.woff2  348.77 kB
#124 355.4 admin:build: build/client/assets/material-symbols-rounded-latin-100-normal-StOoOijZ.woff2  363.56 kB
#124 355.4 admin:build: build/client/assets/material-symbols-rounded-latin-300-normal-CGYRw1-j.woff2  388.05 kB
#124 355.4 admin:build: build/client/assets/material-symbols-rounded-latin-200-normal-Dy_97ylg.woff2  389.09 kB
#124 355.4 admin:build: build/client/assets/logo-spinner-light-DmBc4A-4.gif                           427.96 kB
#124 355.4 admin:build: build/client/assets/material-symbols-rounded-latin-400-normal-3TtrvaAx.woff   454.56 kB
#124 355.4 admin:build: build/client/assets/material-symbols-rounded-latin-100-normal-CyR9BGN8.woff   485.69 kB
#124 355.4 admin:build: build/client/assets/material-symbols-rounded-latin-300-normal-CexQLkYr.woff   506.70 kB
#124 355.4 admin:build: build/client/assets/material-symbols-rounded-latin-200-normal-B9_93z2O.woff   507.90 kB
#124 355.4 admin:build: build/client/assets/logo-spinner-dark-Cc1AqekO.gif                            976.39 kB
#124 355.4 admin:build: build/client/assets/root-CUojeknF.css                                           7.43 kB │ gzip:  1.56 kB
#124 355.4 admin:build: build/client/assets/globals-C3o653-Q.css                                      170.03 kB │ gzip: 24.64 kB
#124 355.4 admin:build: build/client/assets/gitea-logo-DdPv11Sq.js                                      0.06 kB │ gzip:  0.08 kB
#124 355.4 admin:build: build/client/assets/gitlab-logo-DnQSTEsU.js                                     0.06 kB │ gzip:  0.08 kB
#124 355.4 admin:build: build/client/assets/google-logo-DYoMaRvI.js                                     0.06 kB │ gzip:  0.08 kB
#124 355.4 admin:build: build/client/assets/check-BWNxUAFv.js                                           0.11 kB │ gzip:  0.13 kB
#124 355.4 admin:build: build/client/assets/github-white-BqeZC1wr.js                                    0.11 kB │ gzip:  0.10 kB
#124 355.4 admin:build: build/client/assets/useValueChanged-bgNJoRP4.js                                 0.22 kB │ gzip:  0.19 kB
#124 355.4 admin:build: build/client/assets/link-DbbAcIUU.js                                            0.26 kB │ gzip:  0.20 kB
#124 355.4 admin:build: build/client/assets/helper-C6C1ZCJ7.js                                          0.35 kB │ gzip:  0.25 kB
#124 355.4 admin:build: build/client/assets/logo-spinner-CIKdNuJP.js                                    0.41 kB │ gzip:  0.29 kB
#124 355.4 admin:build: build/client/assets/navigation-BlP5z0dJ.js                                      0.45 kB │ gzip:  0.30 kB
#124 355.4 admin:build: build/client/assets/close-outline-D63gA3td.js                                   0.46 kB │ gzip:  0.33 kB
#124 355.4 admin:build: build/client/assets/layout-DHBDDTtj.js                                          0.50 kB │ gzip:  0.37 kB
#124 355.4 admin:build: build/client/assets/useAriaLabelledBy-BR58rhu8.js                               0.57 kB │ gzip:  0.38 kB
#124 355.4 admin:build: build/client/assets/skeleton-Q9wMFoLi.js                                        0.58 kB │ gzip:  0.35 kB
#124 355.4 admin:build: build/client/assets/useTransitionStatus-B1Cn_QXN.js                             0.71 kB │ gzip:  0.37 kB
#124 355.4 admin:build: build/client/assets/authentication-method-card-gEC72W8Y.js                      0.93 kB │ gzip:  0.46 kB
#124 355.4 admin:build: build/client/assets/page-wrapper-DGP-TbZH.js                                    1.02 kB │ gzip:  0.49 kB
#124 355.4 admin:build: build/client/assets/404-bOjVHMs2.js                                             1.17 kB │ gzip:  0.62 kB
#124 355.4 admin:build: build/client/assets/controller-input-G2xFgPQf.js                                1.24 kB │ gzip:  0.59 kB
#124 355.4 admin:build: build/client/assets/monitor-outline-mJDbeTdR.js                                 1.43 kB │ gzip:  0.76 kB
#124 355.4 admin:build: build/client/assets/anchor-button-CSG9v4wL.js                                   1.60 kB │ gzip:  0.72 kB
#124 355.4 admin:build: build/client/assets/button-Bw3PC6il.js                                          1.76 kB │ gzip:  0.73 kB
#124 355.4 admin:build: build/client/assets/page-BfOrEq8V.js                                            2.23 kB │ gzip:  1.16 kB
#124 355.4 admin:build: build/client/assets/useLabelableId-BEGbWIxe.js                                  2.41 kB │ gzip:  1.16 kB
#124 355.4 admin:build: build/client/assets/show-outline-B3O-iLsw.js                                    2.53 kB │ gzip:  1.13 kB
#124 355.4 admin:build: build/client/assets/dist-DzF4Vrwp.js                                            3.28 kB │ gzip:  1.45 kB
#124 355.4 admin:build: build/client/assets/settings-outline-DgXOv6Rt.js                                3.33 kB │ gzip:  1.45 kB
#124 355.4 admin:build: build/client/assets/react-dom-ql0OLl_X.js                                       3.54 kB │ gzip:  1.34 kB
#124 355.4 admin:build: build/client/assets/store-D0-qMsfK.js                                           4.18 kB │ gzip:  1.93 kB
#124 355.4 admin:build: build/client/assets/switch-CBdPBcgs.js                                          4.27 kB │ gzip:  1.98 kB
#124 355.4 admin:build: build/client/assets/input-DtiFvGOR.js                                           4.31 kB │ gzip:  1.67 kB
#124 355.4 admin:build: build/client/assets/page-D349iEre.js                                            4.58 kB │ gzip:  1.81 kB
#124 355.4 admin:build: build/client/assets/page-Dz8dpfyU.js                                            4.94 kB │ gzip:  2.21 kB
#124 355.4 admin:build: build/client/assets/page-uGsuhRKn.js                                            4.96 kB │ gzip:  1.93 kB
#124 355.4 admin:build: build/client/assets/page-De0gSjib.js                                            5.96 kB │ gzip:  2.34 kB
#124 355.4 admin:build: build/client/assets/page-95rJkwTC.js                                            6.07 kB │ gzip:  2.40 kB
#124 355.4 admin:build: build/client/assets/page-rpV_11U5.js                                            6.85 kB │ gzip:  2.57 kB
#124 355.4 admin:build: build/client/assets/page-BU-Lt6-Q.js                                            6.98 kB │ gzip:  2.57 kB
#124 355.4 admin:build: build/client/assets/page-zYxwyE0r.js                                            7.06 kB │ gzip:  2.53 kB
#124 355.4 admin:build: build/client/assets/copy-field-CZQlAPrR.js                                      8.70 kB │ gzip:  3.71 kB
#124 355.4 admin:build: build/client/assets/page-91oc3GZx.js                                            8.75 kB │ gzip:  3.10 kB
#124 355.4 admin:build: build/client/assets/page-s7rHOpIy.js                                           10.18 kB │ gzip:  3.19 kB
#124 355.4 admin:build: build/client/assets/index-Cy4ddKoR.js                                          10.25 kB │ gzip:  4.72 kB
#124 355.4 admin:build: build/client/assets/root-DbLc1CaW.js                                           10.63 kB │ gzip:  3.81 kB
#124 355.4 admin:build: build/client/assets/lib-B_iFmnw_.js                                            11.13 kB │ gzip:  4.51 kB
#124 355.4 admin:build: build/client/assets/dialog-CUsKueY2.js                                         11.79 kB │ gzip:  4.57 kB
#124 355.4 admin:build: build/client/assets/Button-jOqFQdgW.js                                         14.89 kB │ gzip:  5.71 kB
#124 355.4 admin:build: build/client/assets/icon-DmPEbyyh.js                                           16.42 kB │ gzip:  6.39 kB
#124 355.4 admin:build: build/client/assets/tooltip-BwiuO_2d.js                                        29.62 kB │ gzip: 10.26 kB
#124 355.4 admin:build: build/client/assets/index.esm-mSD8OV4N.js                                      31.00 kB │ gzip: 11.16 kB
#124 355.4 admin:build: build/client/assets/page-Bey7Qvyw.js                                           31.48 kB │ gzip:  9.76 kB
#124 355.4 admin:build: build/client/assets/toast-CzMzvZHp.js                                          33.22 kB │ gzip: 11.10 kB
#124 355.4 admin:build: build/client/assets/errorBoundaries-C9zRX8P3.js                                33.32 kB │ gzip: 11.64 kB
#124 355.4 admin:build: build/client/assets/transition-03q8Yi7b.js                                     33.57 kB │ gzip: 12.23 kB
#124 355.4 admin:build: build/client/assets/positioner-3fIV8OgO.js                                     38.71 kB │ gzip: 14.33 kB
#124 355.4 admin:build: build/client/assets/select-trigger-CfXecgYp.js                                 53.02 kB │ gzip: 18.91 kB
#124 355.4 admin:build: build/client/assets/dist-DN-uzIb_2.js                                          70.87 kB │ gzip: 26.17 kB
#124 355.4 admin:build: build/client/assets/layout-Dp1iOJB-.js                                         77.59 kB │ gzip: 25.79 kB
#124 355.4 admin:build: build/client/assets/jsx-runtime-BFXHAw-U.js                                    84.18 kB │ gzip: 27.95 kB
#124 355.4 admin:build: build/client/assets/use-user-DhkcCfeT.js                                      146.84 kB │ gzip: 45.02 kB
#124 355.4 admin:build: build/client/assets/entry.client-XFJwu2Eq.js                                  182.47 kB │ gzip: 57.79 kB
#124 355.4 admin:build: 
#124 355.4 admin:build: [32m✓ built in 1m 43s[39m
#124 355.4 admin:build: [36mvite v8.0.16 [32mbuilding ssr environment for production...[36m[39m
#124 ...

#123 [space installer 8/8] RUN pnpm turbo run build --filter=space
#123 344.9 @plane/propel:build: [34mℹ[39m [2mdist/[22m[1mempty-state/index.js[22m                  [2m749.12 kB[22m [2m│ gzip: 213.69 kB[22m
#123 345.0 @plane/propel:build: [34mℹ[39m [2mdist/[22m[1mcharts/bar-chart/index.js[22m             [2m  9.75 kB[22m [2m│ gzip:   3.19 kB[22m
#123 345.0 @plane/propel:build: [34mℹ[39m [2mdist/[22m[1mcharts/tree-map/index.js[22m              [2m  9.39 kB[22m [2m│ gzip:   2.77 kB[22m
#123 345.0 @plane/propel:build: [34mℹ[39m [2mdist/[22m[1mtoast/index.js[22m                        [2m  9.08 kB[22m [2m│ gzip:   2.30 kB[22m
#123 345.0 @plane/propel:build: [34mℹ[39m [2mdist/[22m[1mportal/index.js[22m                       [2m  6.41 kB[22m [2m│ gzip:   2.15 kB[22m
#123 345.0 @plane/propel:build: [34mℹ[39m [2mdist/[22m[1mcharts/pie-chart/index.js[22m             [2m  6.25 kB[22m [2m│ gzip:   2.03 kB[22m
#123 345.0 @plane/propel:build: [34mℹ[39m [2mdist/[22m[1micons/index.js[22m                        [2m  6.18 kB[22m [2m│ gzip:   1.86 kB[22m
#123 345.0 @plane/propel:build: [34mℹ[39m [2mdist/[22m[1mmenu/index.js[22m                         [2m  5.60 kB[22m [2m│ gzip:   1.87 kB[22m
#123 345.0 @plane/propel:build: [34mℹ[39m [2mdist/[22m[1memoji-reaction/index.js[22m               [2m  5.57 kB[22m [2m│ gzip:   1.93 kB[22m
#123 345.0 @plane/propel:build: [34mℹ[39m [2mdist/[22m[1mcharts/area-chart/index.js[22m            [2m  5.21 kB[22m [2m│ gzip:   1.92 kB[22m
#123 345.0 @plane/propel:build: [34mℹ[39m [2mdist/[22m[1mcombobox/index.js[22m                     [2m  4.83 kB[22m [2m│ gzip:   1.74 kB[22m
#123 345.0 @plane/propel:build: [34mℹ[39m [2mdist/[22m[1mcharts/line-chart/index.js[22m            [2m  4.50 kB[22m [2m│ gzip:   1.69 kB[22m
#123 345.0 @plane/propel:build: [34mℹ[39m [2mdist/[22m[1mcharts/scatter-chart/index.js[22m         [2m  4.24 kB[22m [2m│ gzip:   1.56 kB[22m
#123 345.0 @plane/propel:build: [34mℹ[39m [2mdist/[22m[1mtoolbar/index.js[22m                      [2m  4.05 kB[22m [2m│ gzip:   1.43 kB[22m
#123 345.0 @plane/propel:build: [34mℹ[39m [2mdist/[22m[1mcontext-menu/index.js[22m                 [2m  3.68 kB[22m [2m│ gzip:   1.14 kB[22m
#123 345.0 @plane/propel:build: [34mℹ[39m [2mdist/[22m[1mbanner/index.js[22m                       [2m  3.43 kB[22m [2m│ gzip:   1.34 kB[22m
#123 345.0 @plane/propel:build: [34mℹ[39m [2mdist/[22m[1mdialog/index.js[22m                       [2m  3.33 kB[22m [2m│ gzip:   1.13 kB[22m
#123 345.0 @plane/propel:build: [34mℹ[39m [2mdist/[22m[1mscrollarea/index.js[22m                   [2m  2.96 kB[22m [2m│ gzip:   1.08 kB[22m
#123 345.0 @plane/propel:build: [34mℹ[39m [2mdist/[22m[1mtabs/index.js[22m                         [2m  2.87 kB[22m [2m│ gzip:   1.13 kB[22m
#123 345.0 @plane/propel:build: [34mℹ[39m [2mdist/[22m[1mcharts/radar-chart/index.js[22m           [2m  2.83 kB[22m [2m│ gzip:   1.19 kB[22m
#123 345.0 @plane/propel:build: [34mℹ[39m [2mdist/[22m[1mtable/index.js[22m                        [2m  2.72 kB[22m [2m│ gzip:   0.84 kB[22m
#123 345.0 @plane/propel:build: [34mℹ[39m [2mdist/[22m[1mavatar/index.js[22m                       [2m  2.69 kB[22m [2m│ gzip:   1.02 kB[22m
#123 345.0 @plane/propel:build: [34mℹ[39m [2mdist/[22m[1mpill/index.js[22m                         [2m  2.37 kB[22m [2m│ gzip:   1.02 kB[22m
#123 345.0 @plane/propel:build: [34mℹ[39m [2mdist/[22m[1mcollapsible/index.js[22m                  [2m  2.17 kB[22m [2m│ gzip:   0.91 kB[22m
#123 345.0 @plane/propel:build: [34mℹ[39m [2mdist/[22m[1mbadge/index.js[22m                        [2m  2.12 kB[22m [2m│ gzip:   0.97 kB[22m
#123 345.0 @plane/propel:build: [34mℹ[39m [2mdist/[22m[1maccordion/index.js[22m                    [2m  1.96 kB[22m [2m│ gzip:   0.74 kB[22m
#123 345.0 @plane/propel:build: [34mℹ[39m [2mdist/[22m[1mtab-navigation/index.js[22m               [2m  1.90 kB[22m [2m│ gzip:   0.80 kB[22m
#123 345.0 @plane/propel:build: [34mℹ[39m [2mdist/[22m[1mspinners/index.js[22m                     [2m  1.89 kB[22m [2m│ gzip:   1.00 kB[22m
#123 345.0 @plane/propel:build: [34mℹ[39m [2mdist/[22m[1mcommand/index.js[22m                      [2m  1.48 kB[22m [2m│ gzip:   0.58 kB[22m
#123 345.0 @plane/propel:build: [34mℹ[39m [2mdist/[22m[1mswitch/index.js[22m                       [2m  1.46 kB[22m [2m│ gzip:   0.71 kB[22m
#123 345.0 @plane/propel:build: [34mℹ[39m [2mdist/[22m[1minput/index.js[22m                        [2m  1.42 kB[22m [2m│ gzip:   0.77 kB[22m
#123 345.0 @plane/propel:build: [34mℹ[39m [2mdist/[22m[1mcalendar/index.js[22m                     [2m  1.16 kB[22m [2m│ gzip:   0.59 kB[22m
#123 345.0 @plane/propel:build: [34mℹ[39m [2mdist/[22m[1mskeleton/index.js[22m                     [2m  0.92 kB[22m [2m│ gzip:   0.46 kB[22m
#123 345.0 @plane/propel:build: [34mℹ[39m [2mdist/[22m[1memoji-icon-picker/index.js[22m            [2m  0.71 kB[22m [2m│ gzip:   0.35 kB[22m
#123 345.0 @plane/propel:build: [34mℹ[39m [2mdist/[22m[1mutils/index.js[22m                        [2m  0.25 kB[22m [2m│ gzip:   0.17 kB[22m
#123 345.0 @plane/propel:build: [34mℹ[39m [2mdist/[22m[1micon-button/index.js[22m                  [2m  0.23 kB[22m [2m│ gzip:   0.17 kB[22m
#123 345.0 @plane/propel:build: [34mℹ[39m [2mdist/[22m[1mbutton/index.js[22m                       [2m  0.21 kB[22m [2m│ gzip:   0.16 kB[22m
#123 345.0 @plane/propel:build: [34mℹ[39m [2mdist/[22m[1mcard/index.js[22m                         [2m  0.20 kB[22m [2m│ gzip:   0.15 kB[22m
#123 345.0 @plane/propel:build: [34mℹ[39m [2mdist/[22m[1manimated-counter/index.js[22m             [2m  0.20 kB[22m [2m│ gzip:   0.15 kB[22m
#123 345.0 @plane/propel:build: [34mℹ[39m [2mdist/[22m[1mtooltip/index.js[22m                      [2m  0.18 kB[22m [2m│ gzip:   0.14 kB[22m
#123 345.0 @plane/propel:build: [34mℹ[39m [2mdist/[22m[1mpopover/index.js[22m                      [2m  0.11 kB[22m [2m│ gzip:   0.10 kB[22m
#123 345.0 @plane/propel:build: [34mℹ[39m [2mdist/[22mempty-state/index.js.map              [2m859.86 kB[22m [2m│ gzip: 218.29 kB[22m
#123 345.0 @plane/propel:build: [34mℹ[39m [2mdist/[22micons-DWzY_Ct4.js.map                 [2m391.68 kB[22m [2m│ gzip: 100.97 kB[22m
#123 345.0 @plane/propel:build: [34mℹ[39m [2mdist/[22micons-DWzY_Ct4.js                     [2m309.50 kB[22m [2m│ gzip:  94.69 kB[22m
#123 345.0 @plane/propel:build: [34mℹ[39m [2mdist/[22memoji-icon-picker-C-QxDRjq.js.map     [2m 58.16 kB[22m [2m│ gzip:  13.25 kB[22m
#123 345.0 @plane/propel:build: [34mℹ[39m [2mdist/[22memoji-icon-picker-C-QxDRjq.js         [2m 32.67 kB[22m [2m│ gzip:   8.54 kB[22m
#123 345.0 @plane/propel:build: [34mℹ[39m [2mdist/[22mcharts/bar-chart/index.js.map         [2m 18.54 kB[22m [2m│ gzip:   5.83 kB[22m
#123 345.0 @plane/propel:build: [34mℹ[39m [2mdist/[22mindex-BUyOAoiw.d.ts.map               [2m 17.31 kB[22m [2m│ gzip:   3.08 kB[22m
#123 345.0 @plane/propel:build: [34mℹ[39m [2mdist/[22mcharts/tree-map/index.js.map          [2m 16.84 kB[22m [2m│ gzip:   4.95 kB[22m
#123 345.0 @plane/propel:build: [34mℹ[39m [2mdist/[22mtoast/index.js.map                    [2m 14.78 kB[22m [2m│ gzip:   4.07 kB[22m
#123 345.0 @plane/propel:build: [34mℹ[39m [2mdist/[22mcharts/pie-chart/index.js.map         [2m 10.95 kB[22m [2m│ gzip:   3.47 kB[22m
#123 345.0 @plane/propel:build: [34mℹ[39m [2mdist/[22mcombobox/index.js.map                 [2m  9.95 kB[22m [2m│ gzip:   3.34 kB[22m
#123 345.0 @plane/propel:build: [34mℹ[39m [2mdist/[22mcharts/area-chart/index.js.map        [2m  9.79 kB[22m [2m│ gzip:   3.31 kB[22m
#123 345.0 @plane/propel:build: [34mℹ[39m [2mdist/[22memoji-reaction/index.js.map           [2m  9.74 kB[22m [2m│ gzip:   3.24 kB[22m
#123 345.0 @plane/propel:build: [34mℹ[39m [2mdist/[22mempty-state/index.d.ts.map            [2m  9.61 kB[22m [2m│ gzip:   2.39 kB[22m
#123 345.0 @plane/propel:build: [34mℹ[39m [2mdist/[22mportal/index.js.map                   [2m  9.54 kB[22m [2m│ gzip:   3.32 kB[22m
#123 345.0 @plane/propel:build: [34mℹ[39m [2mdist/[22mmenu/index.js.map                     [2m  9.53 kB[22m [2m│ gzip:   3.20 kB[22m
#123 345.0 @plane/propel:build: [34mℹ[39m [2mdist/[22mcharts/line-chart/index.js.map        [2m  8.10 kB[22m [2m│ gzip:   2.75 kB[22m
#123 345.0 @plane/propel:build: [34mℹ[39m [2mdist/[22mcharts/scatter-chart/index.js.map     [2m  7.53 kB[22m [2m│ gzip:   2.53 kB[22m
#123 345.0 @plane/propel:build: [34mℹ[39m [2mdist/[22mtoolbar/index.js.map                  [2m  7.21 kB[22m [2m│ gzip:   2.34 kB[22m
#123 345.0 @plane/propel:build: [34mℹ[39m [2mdist/[22mcontext-menu/index.js.map             [2m  7.16 kB[22m [2m│ gzip:   1.94 kB[22m
#123 345.0 @plane/propel:build: [34mℹ[39m [2mdist/[22mbanner/index.js.map                   [2m  6.96 kB[22m [2m│ gzip:   2.58 kB[22m
#123 345.0 @plane/propel:build: [34mℹ[39m [2mdist/[22mtabs/index.js.map                     [2m  6.21 kB[22m [2m│ gzip:   1.86 kB[22m
#123 345.0 @plane/propel:build: [34mℹ[39m [2mdist/[22mtooltip-2hD27cLV.js.map               [2m  5.98 kB[22m [2m│ gzip:   2.15 kB[22m
#123 345.0 @plane/propel:build: [34mℹ[39m [2mdist/[22mdialog/index.js.map                   [2m  5.75 kB[22m [2m│ gzip:   1.97 kB[22m
#123 345.0 @plane/propel:build: [34mℹ[39m [2mdist/[22mbutton-DsBtLEPo.js.map                [2m  5.70 kB[22m [2m│ gzip:   1.99 kB[22m
#123 345.0 @plane/propel:build: [34mℹ[39m [2mdist/[22mavatar/index.js.map                   [2m  5.14 kB[22m [2m│ gzip:   1.78 kB[22m
#123 345.0 @plane/propel:build: [34mℹ[39m [2mdist/[22mcharts/radar-chart/index.js.map       [2m  4.91 kB[22m [2m│ gzip:   1.89 kB[22m
#123 345.0 @plane/propel:build: [34mℹ[39m [2mdist/[22mscrollarea/index.js.map               [2m  4.86 kB[22m [2m│ gzip:   1.64 kB[22m
#123 345.0 @plane/propel:build: [34mℹ[39m [2mdist/[22micon-button-2BUssuti.js.map           [2m  4.86 kB[22m [2m│ gzip:   1.66 kB[22m
#123 345.0 @plane/propel:build: [34mℹ[39m [2mdist/[22mtable/index.js.map                    [2m  4.83 kB[22m [2m│ gzip:   1.32 kB[22m
#123 345.0 @plane/propel:build: [34mℹ[39m [2mdist/[22mpopover-CrZ8wRJs.js.map               [2m  4.12 kB[22m [2m│ gzip:   1.50 kB[22m
#123 345.1 @plane/propel:build: [34mℹ[39m [2mdist/[22mbadge/index.js.map                    [2m  4.08 kB[22m [2m│ gzip:   1.63 kB[22m
#123 345.1 @plane/propel:build: [34mℹ[39m [2mdist/[22manimated-counter-DAcfraiX.js.map      [2m  3.95 kB[22m [2m│ gzip:   1.52 kB[22m
#123 345.1 @plane/propel:build: [34mℹ[39m [2mdist/[22mcollapsible/index.js.map              [2m  3.95 kB[22m [2m│ gzip:   1.53 kB[22m
#123 345.1 @plane/propel:build: [34mℹ[39m [2mdist/[22mtooltip-CLEkTCyg.js.map               [2m  3.83 kB[22m [2m│ gzip:   1.57 kB[22m
#123 345.1 @plane/propel:build: [34mℹ[39m [2mdist/[22mlegend-HUzGLN3O.js.map                [2m  3.79 kB[22m [2m│ gzip:   1.65 kB[22m
#123 345.1 @plane/propel:build: [34mℹ[39m [2mdist/[22mtooltip-2hD27cLV.js                   [2m  3.75 kB[22m [2m│ gzip:   1.29 kB[22m
#123 345.1 @plane/propel:build: [34mℹ[39m [2mdist/[22maccordion/index.js.map                [2m  3.72 kB[22m [2m│ gzip:   1.34 kB[22m
#123 345.1 @plane/propel:build: [34mℹ[39m [2mdist/[22mpill/index.js.map                     [2m  3.46 kB[22m [2m│ gzip:   1.38 kB[22m
#123 345.1 @plane/propel:build: [34mℹ[39m [2mdist/[22mcard-BJ9a4xMU.js.map                  [2m  3.43 kB[22m [2m│ gzip:   1.35 kB[22m
#123 345.1 @plane/propel:build: [34mℹ[39m [2mdist/[22mbutton-DsBtLEPo.js                    [2m  3.31 kB[22m [2m│ gzip:   1.22 kB[22m
#123 345.1 @plane/propel:build: [34mℹ[39m [2mdist/[22mclassname-BokbBhj4.js.map             [2m  3.14 kB[22m [2m│ gzip:   1.30 kB[22m
#123 345.1 @plane/propel:build: [34mℹ[39m [2mdist/[22micon-button-2BUssuti.js               [2m  2.93 kB[22m [2m│ gzip:   1.08 kB[22m
#123 345.1 @plane/propel:build: [34mℹ[39m [2mdist/[22mcircular-bar-spinner-Cp6QEb9r.js.map  [2m  2.86 kB[22m [2m│ gzip:   0.97 kB[22m
#123 345.1 @plane/propel:build: [34mℹ[39m [2mdist/[22mplacement-Db9Qu3XD.js.map             [2m  2.73 kB[22m [2m│ gzip:   0.82 kB[22m
#123 345.1 @plane/propel:build: [34mℹ[39m [2mdist/[22mswitch/index.js.map                   [2m  2.71 kB[22m [2m│ gzip:   1.19 kB[22m
#123 345.1 @plane/propel:build: [34mℹ[39m [2mdist/[22mtab-navigation/index.js.map           [2m  2.65 kB[22m [2m│ gzip:   1.04 kB[22m
#123 345.1 @plane/propel:build: [34mℹ[39m [2mdist/[22mcommand/index.js.map                  [2m  2.48 kB[22m [2m│ gzip:   0.95 kB[22m
#123 345.1 @plane/propel:build: [34mℹ[39m [2mdist/[22mspinners/index.js.map                 [2m  2.42 kB[22m [2m│ gzip:   1.33 kB[22m
#123 345.1 @plane/propel:build: [34mℹ[39m [2mdist/[22minput/index.js.map                    [2m  2.34 kB[22m [2m│ gzip:   1.11 kB[22m
#123 345.1 @plane/propel:build: [34mℹ[39m [2mdist/[22mpopover-CrZ8wRJs.js                   [2m  2.30 kB[22m [2m│ gzip:   0.85 kB[22m
#123 345.1 @plane/propel:build: [34mℹ[39m [2mdist/[22manimated-counter-DAcfraiX.js          [2m  2.27 kB[22m [2m│ gzip:   0.92 kB[22m
#123 345.1 @plane/propel:build: [34mℹ[39m [2mdist/[22mcard-BJ9a4xMU.js                      [2m  2.13 kB[22m [2m│ gzip:   0.90 kB[22m
#123 345.1 @plane/propel:build: [34mℹ[39m [2mdist/[22mlegend-HUzGLN3O.js                    [2m  2.08 kB[22m [2m│ gzip:   1.03 kB[22m
#123 345.1 @plane/propel:build: [34mℹ[39m [2mdist/[22mcircular-bar-spinner-Cp6QEb9r.js      [2m  2.08 kB[22m [2m│ gzip:   0.60 kB[22m
#123 345.1 @plane/propel:build: [34mℹ[39m [2mdist/[22mtooltip-CLEkTCyg.js                   [2m  2.05 kB[22m [2m│ gzip:   0.96 kB[22m
#123 345.1 @plane/propel:build: [34mℹ[39m [2mdist/[22mcombobox/index.d.ts.map               [2m  1.95 kB[22m [2m│ gzip:   0.65 kB[22m
#123 345.1 @plane/propel:build: [34mℹ[39m [2mdist/[22mcalendar/index.js.map                 [2m  1.94 kB[22m [2m│ gzip:   0.92 kB[22m
#123 345.1 @plane/propel:build: [34mℹ[39m [2mdist/[22memoji-icon-picker/index.d.ts.map      [2m  1.79 kB[22m [2m│ gzip:   0.77 kB[22m
#123 345.1 @plane/propel:build: [34mℹ[39m [2mdist/[22memoji-reaction/index.d.ts.map         [2m  1.71 kB[22m [2m│ gzip:   0.62 kB[22m
#123 345.1 @plane/propel:build: [34mℹ[39m [2mdist/[22mskeleton/index.js.map                 [2m  1.66 kB[22m [2m│ gzip:   0.82 kB[22m
#123 345.1 @plane/propel:build: [34mℹ[39m [2mdist/[22mtable/index.d.ts.map                  [2m  1.61 kB[22m [2m│ gzip:   0.46 kB[22m
#123 345.1 @plane/propel:build: [34mℹ[39m [2mdist/[22mportal/index.d.ts.map                 [2m  1.57 kB[22m [2m│ gzip:   0.64 kB[22m
#123 345.1 @plane/propel:build: [34mℹ[39m [2mdist/[22mclassname-BokbBhj4.js                 [2m  1.47 kB[22m [2m│ gzip:   0.74 kB[22m
#123 345.1 @plane/propel:build: [34mℹ[39m [2mdist/[22mtoast/index.d.ts.map                  [2m  1.46 kB[22m [2m│ gzip:   0.68 kB[22m
#123 345.1 @plane/propel:build: [34mℹ[39m [2mdist/[22mtabs/index.d.ts.map                   [2m  1.42 kB[22m [2m│ gzip:   0.47 kB[22m
#123 345.1 @plane/propel:build: [34mℹ[39m [2mdist/[22maccordion/index.d.ts.map              [2m  1.28 kB[22m [2m│ gzip:   0.49 kB[22m
#123 345.1 @plane/propel:build: [34mℹ[39m [2mdist/[22mplacement-Db9Qu3XD.js                 [2m  1.13 kB[22m [2m│ gzip:   0.36 kB[22m
#123 345.1 @plane/propel:build: [34mℹ[39m [2mdist/[22mbadge/index.d.ts.map                  [2m  1.12 kB[22m [2m│ gzip:   0.42 kB[22m
#123 345.1 @plane/propel:build: [34mℹ[39m [2mdist/[22mdialog/index.d.ts.map                 [2m  1.09 kB[22m [2m│ gzip:   0.50 kB[22m
#123 345.1 @plane/propel:build: [34mℹ[39m [2mdist/[22mmenu/index.d.ts.map                   [2m  1.09 kB[22m [2m│ gzip:   0.47 kB[22m
#123 345.1 @plane/propel:build: [34mℹ[39m [2mdist/[22mtoolbar/index.d.ts.map                [2m  1.00 kB[22m [2m│ gzip:   0.45 kB[22m
#123 345.1 @plane/propel:build: [34mℹ[39m [2mdist/[22mpill/index.d.ts.map                   [2m  0.99 kB[22m [2m│ gzip:   0.45 kB[22m
#123 345.1 @plane/propel:build: [34mℹ[39m [2mdist/[22micon-button/index.d.ts.map            [2m  0.96 kB[22m [2m│ gzip:   0.44 kB[22m
#123 345.1 @plane/propel:build: [34mℹ[39m [2mdist/[22mcollapsible/index.d.ts.map            [2m  0.95 kB[22m [2m│ gzip:   0.44 kB[22m
#123 345.1 @plane/propel:build: [34mℹ[39m [2mdist/[22mcontext-menu/index.d.ts.map           [2m  0.94 kB[22m [2m│ gzip:   0.40 kB[22m
#123 345.1 @plane/propel:build: [34mℹ[39m [2mdist/[22mcommand/index.d.ts.map                [2m  0.93 kB[22m [2m│ gzip:   0.39 kB[22m
#123 345.1 @plane/propel:build: [34mℹ[39m [2mdist/[22mhelper-DSVzCgtW.d.ts.map              [2m  0.76 kB[22m [2m│ gzip:   0.37 kB[22m
#123 345.1 @plane/propel:build: [34mℹ[39m [2mdist/[22mcard/index.d.ts.map                   [2m  0.69 kB[22m [2m│ gzip:   0.38 kB[22m
#123 345.1 @plane/propel:build: [34mℹ[39m [2mdist/[22mskeleton/index.d.ts.map               [2m  0.63 kB[22m [2m│ gzip:   0.31 kB[22m
#123 345.1 @plane/propel:build: [34mℹ[39m [2mdist/[22mscrollarea/index.d.ts.map             [2m  0.60 kB[22m [2m│ gzip:   0.33 kB[22m
#123 345.1 @plane/propel:build: [34mℹ[39m [2mdist/[22mbanner/index.d.ts.map                 [2m  0.59 kB[22m [2m│ gzip:   0.31 kB[22m
#123 345.1 @plane/propel:build: [34mℹ[39m [2mdist/[22mpopover/index.d.ts.map                [2m  0.58 kB[22m [2m│ gzip:   0.32 kB[22m
#123 345.1 @plane/propel:build: [34mℹ[39m [2mdist/[22mspinners/index.d.ts.map               [2m  0.57 kB[22m [2m│ gzip:   0.28 kB[22m
#123 345.1 @plane/propel:build: [34mℹ[39m [2mdist/[22mbutton/index.d.ts.map                 [2m  0.52 kB[22m [2m│ gzip:   0.24 kB[22m
#123 345.1 @plane/propel:build: [34mℹ[39m [2mdist/[22mtab-navigation/index.d.ts.map         [2m  0.52 kB[22m [2m│ gzip:   0.28 kB[22m
#123 345.1 @plane/propel:build: [34mℹ[39m [2mdist/[22mplacement-qJjmdCXt.d.ts.map           [2m  0.49 kB[22m [2m│ gzip:   0.26 kB[22m
#123 345.1 @plane/propel:build: [34mℹ[39m [2mdist/[22mswitch/index.d.ts.map                 [2m  0.48 kB[22m [2m│ gzip:   0.25 kB[22m
#123 345.1 @plane/propel:build: [34mℹ[39m [2mdist/[22mtooltip/index.d.ts.map                [2m  0.40 kB[22m [2m│ gzip:   0.26 kB[22m
#123 345.1 @plane/propel:build: [34mℹ[39m [2mdist/[22manimated-counter/index.d.ts.map       [2m  0.38 kB[22m [2m│ gzip:   0.22 kB[22m
#123 345.1 @plane/propel:build: [34mℹ[39m [2mdist/[22minput/index.d.ts.map                  [2m  0.35 kB[22m [2m│ gzip:   0.21 kB[22m
#123 345.1 @plane/propel:build: [34mℹ[39m [2mdist/[22mavatar/index.d.ts.map                 [2m  0.34 kB[22m [2m│ gzip:   0.22 kB[22m
#123 345.1 @plane/propel:build: [34mℹ[39m [2mdist/[22mcharts/scatter-chart/index.d.ts.map   [2m  0.32 kB[22m [2m│ gzip:   0.20 kB[22m
#123 345.1 @plane/propel:build: [34mℹ[39m [2mdist/[22mcharts/bar-chart/index.d.ts.map       [2m  0.32 kB[22m [2m│ gzip:   0.20 kB[22m
#123 345.1 @plane/propel:build: [34mℹ[39m [2mdist/[22mcharts/pie-chart/index.d.ts.map       [2m  0.32 kB[22m [2m│ gzip:   0.20 kB[22m
#123 345.1 @plane/propel:build: [34mℹ[39m [2mdist/[22mcharts/area-chart/index.d.ts.map      [2m  0.31 kB[22m [2m│ gzip:   0.20 kB[22m
#123 345.1 @plane/propel:build: [34mℹ[39m [2mdist/[22mcharts/line-chart/index.d.ts.map      [2m  0.31 kB[22m [2m│ gzip:   0.20 kB[22m
#123 345.1 @plane/propel:build: [34mℹ[39m [2mdist/[22mcalendar/index.d.ts.map               [2m  0.29 kB[22m [2m│ gzip:   0.21 kB[22m
#123 345.1 @plane/propel:build: [34mℹ[39m [2mdist/[22mcharts/radar-chart/index.d.ts.map     [2m  0.27 kB[22m [2m│ gzip:   0.18 kB[22m
#123 345.1 @plane/propel:build: [34mℹ[39m [2mdist/[22mcharts/tree-map/index.d.ts.map        [2m  0.16 kB[22m [2m│ gzip:   0.14 kB[22m
#123 345.1 @plane/propel:build: [34mℹ[39m [2mdist/[22mutils/index.d.ts.map                  [2m  0.14 kB[22m [2m│ gzip:   0.13 kB[22m
#123 345.1 @plane/propel:build: [34mℹ[39m [2mdist/[22mutils-MPqvUdqq.js                     [2m  0.00 kB[22m [2m│ gzip:   0.02 kB[22m
#123 345.1 @plane/propel:build: [34mℹ[39m [2mdist/[22m[32m[1mempty-state/index.d.ts[22m[39m                [2m 14.64 kB[22m [2m│ gzip:   2.17 kB[22m
#123 345.1 @plane/propel:build: [34mℹ[39m [2mdist/[22m[32m[1micons/index.d.ts[22m[39m                      [2m  6.31 kB[22m [2m│ gzip:   1.89 kB[22m
#123 345.1 @plane/propel:build: [34mℹ[39m [2mdist/[22m[32m[1memoji-icon-picker/index.d.ts[22m[39m          [2m  4.15 kB[22m [2m│ gzip:   1.41 kB[22m
#123 345.1 @plane/propel:build: [34mℹ[39m [2mdist/[22m[32m[1mportal/index.d.ts[22m[39m                     [2m  3.97 kB[22m [2m│ gzip:   1.42 kB[22m
#123 345.1 @plane/propel:build: [34mℹ[39m [2mdist/[22m[32m[1mcombobox/index.d.ts[22m[39m                   [2m  2.23 kB[22m [2m│ gzip:   0.74 kB[22m
#123 345.1 @plane/propel:build: [34mℹ[39m [2mdist/[22m[32m[1memoji-reaction/index.d.ts[22m[39m             [2m  2.20 kB[22m [2m│ gzip:   0.67 kB[22m
#123 345.1 @plane/propel:build: [34mℹ[39m [2mdist/[22m[32m[1mtabs/index.d.ts[22m[39m                       [2m  2.03 kB[22m [2m│ gzip:   0.45 kB[22m
#123 345.1 @plane/propel:build: [34mℹ[39m [2mdist/[22m[32m[1mtable/index.d.ts[22m[39m                      [2m  1.95 kB[22m [2m│ gzip:   0.37 kB[22m
#123 345.1 @plane/propel:build: [34mℹ[39m [2mdist/[22m[32m[1mcontext-menu/index.d.ts[22m[39m               [2m  1.95 kB[22m [2m│ gzip:   0.53 kB[22m
#123 345.1 @plane/propel:build: [34mℹ[39m [2mdist/[22m[32m[1mmenu/index.d.ts[22m[39m                       [2m  1.83 kB[22m [2m│ gzip:   0.74 kB[22m
#123 345.1 @plane/propel:build: [34mℹ[39m [2mdist/[22m[32m[1mtoolbar/index.d.ts[22m[39m                    [2m  1.80 kB[22m [2m│ gzip:   0.54 kB[22m
#123 345.1 @plane/propel:build: [34mℹ[39m [2mdist/[22m[32m[1mtoast/index.d.ts[22m[39m                      [2m  1.79 kB[22m [2m│ gzip:   0.62 kB[22m
#123 345.1 @plane/propel:build: [34mℹ[39m [2mdist/[22m[32m[1mbadge/index.d.ts[22m[39m                      [2m  1.61 kB[22m [2m│ gzip:   0.55 kB[22m
#123 345.1 @plane/propel:build: [34mℹ[39m [2mdist/[22m[32m[1maccordion/index.d.ts[22m[39m                  [2m  1.48 kB[22m [2m│ gzip:   0.45 kB[22m
#123 345.2 @plane/propel:build: [34mℹ[39m [2mdist/[22m[32m[1mdialog/index.d.ts[22m[39m                     [2m  1.38 kB[22m [2m│ gzip:   0.52 kB[22m
#123 345.2 @plane/propel:build: [34mℹ[39m [2mdist/[22m[32m[1mtab-navigation/index.d.ts[22m[39m             [2m  1.27 kB[22m [2m│ gzip:   0.47 kB[22m
#123 345.2 @plane/propel:build: [34mℹ[39m [2mdist/[22m[32m[1micon-button/index.d.ts[22m[39m                [2m  1.26 kB[22m [2m│ gzip:   0.55 kB[22m
#123 345.2 @plane/propel:build: [34mℹ[39m [2mdist/[22m[32m[1mbanner/index.d.ts[22m[39m                     [2m  1.22 kB[22m [2m│ gzip:   0.61 kB[22m
#123 345.2 @plane/propel:build: [34mℹ[39m [2mdist/[22m[32m[1mavatar/index.d.ts[22m[39m                     [2m  1.21 kB[22m [2m│ gzip:   0.53 kB[22m
#123 345.2 @plane/propel:build: [34mℹ[39m [2mdist/[22m[32m[1mcard/index.d.ts[22m[39m                       [2m  1.11 kB[22m [2m│ gzip:   0.56 kB[22m
#123 345.2 @plane/propel:build: [34mℹ[39m [2mdist/[22m[32m[1mpill/index.d.ts[22m[39m                       [2m  1.05 kB[22m [2m│ gzip:   0.52 kB[22m
#123 345.2 @plane/propel:build: [34mℹ[39m [2mdist/[22m[32m[1mbutton/index.d.ts[22m[39m                     [2m  1.05 kB[22m [2m│ gzip:   0.49 kB[22m
#123 345.2 @plane/propel:build: [34mℹ[39m [2mdist/[22m[32m[1mcollapsible/index.d.ts[22m[39m                [2m  0.96 kB[22m [2m│ gzip:   0.39 kB[22m
#123 345.2 @plane/propel:build: [34mℹ[39m [2mdist/[22m[32m[1mcommand/index.d.ts[22m[39m                    [2m  0.95 kB[22m [2m│ gzip:   0.31 kB[22m
#123 345.2 @plane/propel:build: [34mℹ[39m [2mdist/[22m[32m[1mscrollarea/index.d.ts[22m[39m                 [2m  0.90 kB[22m [2m│ gzip:   0.41 kB[22m
#123 345.2 @plane/propel:build: [34mℹ[39m [2mdist/[22m[32m[1mpopover/index.d.ts[22m[39m                    [2m  0.84 kB[22m [2m│ gzip:   0.44 kB[22m
#123 345.2 @plane/propel:build: [34mℹ[39m [2mdist/[22m[32m[1mspinners/index.d.ts[22m[39m                   [2m  0.75 kB[22m [2m│ gzip:   0.30 kB[22m
#123 345.2 @plane/propel:build: [34mℹ[39m [2mdist/[22m[32m[1mskeleton/index.d.ts[22m[39m                   [2m  0.75 kB[22m [2m│ gzip:   0.32 kB[22m
#123 345.2 @plane/propel:build: [34mℹ[39m [2mdist/[22m[32m[1mtooltip/index.d.ts[22m[39m                    [2m  0.68 kB[22m [2m│ gzip:   0.39 kB[22m
#123 345.2 @plane/propel:build: [34mℹ[39m [2mdist/[22m[32m[1manimated-counter/index.d.ts[22m[39m           [2m  0.56 kB[22m [2m│ gzip:   0.36 kB[22m
#123 345.2 @plane/propel:build: [34mℹ[39m [2mdist/[22m[32m[1mswitch/index.d.ts[22m[39m                     [2m  0.52 kB[22m [2m│ gzip:   0.31 kB[22m
#123 345.2 @plane/propel:build: [34mℹ[39m [2mdist/[22m[32m[1mutils/index.d.ts[22m[39m                      [2m  0.45 kB[22m [2m│ gzip:   0.28 kB[22m
#123 345.2 @plane/propel:build: [34mℹ[39m [2mdist/[22m[32m[1minput/index.d.ts[22m[39m                      [2m  0.45 kB[22m [2m│ gzip:   0.29 kB[22m
#123 345.2 @plane/propel:build: [34mℹ[39m [2mdist/[22m[32m[1mcalendar/index.d.ts[22m[39m                   [2m  0.42 kB[22m [2m│ gzip:   0.28 kB[22m
#123 345.2 @plane/propel:build: [34mℹ[39m [2mdist/[22m[32m[1mcharts/scatter-chart/index.d.ts[22m[39m       [2m  0.35 kB[22m [2m│ gzip:   0.24 kB[22m
#123 345.2 @plane/propel:build: [34mℹ[39m [2mdist/[22m[32m[1mcharts/area-chart/index.d.ts[22m[39m          [2m  0.33 kB[22m [2m│ gzip:   0.24 kB[22m
#123 345.2 @plane/propel:build: [34mℹ[39m [2mdist/[22m[32m[1mcharts/line-chart/index.d.ts[22m[39m          [2m  0.33 kB[22m [2m│ gzip:   0.24 kB[22m
#123 345.2 @plane/propel:build: [34mℹ[39m [2mdist/[22m[32m[1mcharts/bar-chart/index.d.ts[22m[39m           [2m  0.33 kB[22m [2m│ gzip:   0.24 kB[22m
#123 345.2 @plane/propel:build: [34mℹ[39m [2mdist/[22m[32m[1mcharts/pie-chart/index.d.ts[22m[39m           [2m  0.33 kB[22m [2m│ gzip:   0.23 kB[22m
#123 345.2 @plane/propel:build: [34mℹ[39m [2mdist/[22m[32m[1mcharts/radar-chart/index.d.ts[22m[39m         [2m  0.31 kB[22m [2m│ gzip:   0.23 kB[22m
#123 345.2 @plane/propel:build: [34mℹ[39m [2mdist/[22m[32m[1mcharts/tree-map/index.d.ts[22m[39m            [2m  0.27 kB[22m [2m│ gzip:   0.19 kB[22m
#123 345.2 @plane/propel:build: [34mℹ[39m [2mdist/[22m[32mindex-BUyOAoiw.d.ts[39m                   [2m 35.59 kB[22m [2m│ gzip:   5.29 kB[22m
#123 345.2 @plane/propel:build: [34mℹ[39m [2mdist/[22m[32mhelper-DSVzCgtW.d.ts[39m                  [2m  1.03 kB[22m [2m│ gzip:   0.50 kB[22m
#123 345.2 @plane/propel:build: [34mℹ[39m [2mdist/[22m[32mplacement-qJjmdCXt.d.ts[39m               [2m  0.75 kB[22m [2m│ gzip:   0.40 kB[22m
#123 345.2 @plane/propel:build: [34mℹ[39m 187 files, total: 2971.61 kB
#123 347.8 @plane/propel:build: [32m✔[39m Build complete in [32m81257ms[39m
#123 348.8 @plane/ui:build: cache miss, executing dd707f6971172f2d
#123 354.2 @plane/ui:build: $ tsdown
#123 355.1 @plane/ui:build: [34mℹ[39m tsdown [2mv0.16.0[22m powered by rolldown [2mv1.0.0-beta.46[22m
#123 356.4 @plane/ui:build: [34mℹ[39m Using tsdown config: [4m/app/packages/ui/tsdown.config.ts[24m
#123 356.5 @plane/ui:build: [34mℹ[39m entry: [34msrc/index.ts[39m
#123 356.5 @plane/ui:build: [34mℹ[39m tsconfig: [34mtsconfig.json[39m
#123 356.5 @plane/ui:build: [34mℹ[39m Build start
#123 ...

#124 [admin installer 8/8] RUN pnpm turbo run build --filter=admin
#124 368.0 admin:build: [2Kadmin:build: transforming...✓ 197 modules transformed.
#124 368.4 admin:build: rendering chunks...
#124 368.8 admin:build: 
#124 368.8 admin:build: [32m✓[39m 33 assets cleaned from React Router server build.
#124 368.8 admin:build: [2mbuild/client/assets/globals-C3o653-Q.css[22m
#124 368.8 admin:build: [2mbuild/client/assets/apple-touch-icon-BmADsVmV.png[22m
#124 368.8 admin:build: [2mbuild/client/assets/favicon-16x16-B_Opgp1K.png[22m
#124 368.8 admin:build: [2mbuild/client/assets/favicon-32x32-cfWXc3P9.png[22m
#124 368.8 admin:build: [2mbuild/client/assets/favicon-DJlV-mcI.ico[22m
#124 368.8 admin:build: [2mbuild/client/assets/logo-spinner-dark-Cc1AqekO.gif[22m
#124 368.8 admin:build: [2mbuild/client/assets/logo-spinner-light-DmBc4A-4.gif[22m
#124 368.8 admin:build: [2mbuild/client/assets/inter-latin-wght-normal-Dx4kXJAl.woff2[22m
#124 368.8 admin:build: [2mbuild/client/assets/inter-cyrillic-ext-wght-normal-BOeWTOD4.woff2[22m
#124 368.8 admin:build: [2mbuild/client/assets/inter-cyrillic-wght-normal-DqGufNeO.woff2[22m
#124 368.8 admin:build: [2mbuild/client/assets/inter-greek-ext-wght-normal-DlzME5K_.woff2[22m
#124 368.8 admin:build: [2mbuild/client/assets/inter-greek-wght-normal-CkhJZR-_.woff2[22m
#124 368.8 admin:build: [2mbuild/client/assets/inter-vietnamese-wght-normal-CBcvBZtf.woff2[22m
#124 368.8 admin:build: [2mbuild/client/assets/inter-latin-ext-wght-normal-DO1Apj_S.woff2[22m
#124 368.8 admin:build: [2mbuild/client/assets/material-symbols-rounded-latin-100-normal-StOoOijZ.woff2[22m
#124 368.8 admin:build: [2mbuild/client/assets/material-symbols-rounded-latin-100-normal-CyR9BGN8.woff[22m
#124 368.8 admin:build: [2mbuild/client/assets/material-symbols-rounded-latin-200-normal-Dy_97ylg.woff2[22m
#124 368.8 admin:build: [2mbuild/client/assets/material-symbols-rounded-latin-200-normal-B9_93z2O.woff[22m
#124 368.8 admin:build: [2mbuild/client/assets/material-symbols-rounded-latin-300-normal-CGYRw1-j.woff2[22m
#124 368.8 admin:build: [2mbuild/client/assets/material-symbols-rounded-latin-300-normal-CexQLkYr.woff[22m
#124 368.8 admin:build: [2mbuild/client/assets/material-symbols-rounded-latin-400-normal-BVRwnNJJ.woff2[22m
#124 368.8 admin:build: [2mbuild/client/assets/material-symbols-rounded-latin-400-normal-3TtrvaAx.woff[22m
#124 368.8 admin:build: [2mbuild/client/assets/ibm-plex-mono-cyrillic-ext-400-normal-xuaO2J-f.woff2[22m
#124 368.8 admin:build: [2mbuild/client/assets/ibm-plex-mono-cyrillic-ext-400-normal-DMdlQ8Kv.woff[22m
#124 368.8 admin:build: [2mbuild/client/assets/ibm-plex-mono-cyrillic-400-normal-BSMlKf0J.woff2[22m
#124 368.8 admin:build: [2mbuild/client/assets/ibm-plex-mono-cyrillic-400-normal-CEL4l2ZJ.woff[22m
#124 368.8 admin:build: [2mbuild/client/assets/ibm-plex-mono-vietnamese-400-normal-BulugwFq.woff2[22m
#124 368.8 admin:build: [2mbuild/client/assets/ibm-plex-mono-vietnamese-400-normal-DDuiU_S-.woff[22m
#124 368.8 admin:build: [2mbuild/client/assets/ibm-plex-mono-latin-ext-400-normal-BmRBH3aV.woff2[22m
#124 368.8 admin:build: [2mbuild/client/assets/ibm-plex-mono-latin-ext-400-normal-D3D2R8hC.woff[22m
#124 368.8 admin:build: [2mbuild/client/assets/ibm-plex-mono-latin-400-normal-DMJ8VG8y.woff2[22m
#124 368.8 admin:build: [2mbuild/client/assets/ibm-plex-mono-latin-400-normal-CvHOgSBP.woff[22m
#124 368.8 admin:build: [2mbuild/server/assets/server-build-CUojeknF.css[22m
#124 368.8 admin:build: 
#124 368.8 admin:build: computing gzip size...
#124 369.1 admin:build: build/server/assets/favicon-16x16-B_Opgp1K.png                                  0.46 kB
#124 369.1 admin:build: build/server/assets/favicon-32x32-cfWXc3P9.png                                  0.76 kB
#124 369.1 admin:build: build/server/assets/ibm-plex-mono-vietnamese-400-normal-DDuiU_S-.woff           5.62 kB
#124 369.1 admin:build: build/server/assets/ibm-plex-mono-cyrillic-ext-400-normal-DMdlQ8Kv.woff         5.82 kB
#124 369.1 admin:build: build/server/assets/ibm-plex-mono-vietnamese-400-normal-BulugwFq.woff2          5.86 kB
#124 369.1 admin:build: build/server/assets/apple-touch-icon-BmADsVmV.png                               6.29 kB
#124 369.1 admin:build: build/server/assets/ibm-plex-mono-cyrillic-ext-400-normal-xuaO2J-f.woff2        6.91 kB
#124 369.1 admin:build: build/server/assets/ibm-plex-mono-cyrillic-400-normal-CEL4l2ZJ.woff             7.20 kB
#124 369.1 admin:build: build/server/assets/ibm-plex-mono-cyrillic-400-normal-BSMlKf0J.woff2            8.35 kB
#124 369.1 admin:build: build/server/assets/inter-vietnamese-wght-normal-CBcvBZtf.woff2                10.25 kB
#124 369.1 admin:build: build/server/assets/inter-greek-ext-wght-normal-DlzME5K_.woff2                 11.23 kB
#124 369.1 admin:build: build/server/assets/ibm-plex-mono-latin-ext-400-normal-D3D2R8hC.woff           11.76 kB
#124 369.1 admin:build: build/server/assets/ibm-plex-mono-latin-400-normal-CvHOgSBP.woff               13.14 kB
#124 369.1 admin:build: build/server/.vite/manifest.json                                               13.17 kB │ gzip:   1.17 kB
#124 369.1 admin:build: build/server/assets/ibm-plex-mono-latin-ext-400-normal-BmRBH3aV.woff2          13.34 kB
#124 369.1 admin:build: build/server/assets/ibm-plex-mono-latin-400-normal-DMJ8VG8y.woff2              14.70 kB
#124 369.1 admin:build: build/server/assets/favicon-DJlV-mcI.ico                                       15.40 kB
#124 369.1 admin:build: build/server/assets/inter-cyrillic-wght-normal-DqGufNeO.woff2                  18.74 kB
#124 369.1 admin:build: build/server/assets/inter-greek-wght-normal-CkhJZR-_.woff2                     18.99 kB
#124 369.1 admin:build: build/server/assets/inter-cyrillic-ext-wght-normal-BOeWTOD4.woff2              25.96 kB
#124 369.1 admin:build: build/server/assets/inter-latin-wght-normal-Dx4kXJAl.woff2                     48.25 kB
#124 369.1 admin:build: build/server/assets/inter-latin-ext-wght-normal-DO1Apj_S.woff2                 85.06 kB
#124 369.1 admin:build: build/server/assets/material-symbols-rounded-latin-400-normal-BVRwnNJJ.woff2  348.77 kB
#124 369.1 admin:build: build/server/assets/material-symbols-rounded-latin-100-normal-StOoOijZ.woff2  363.56 kB
#124 369.1 admin:build: build/server/assets/material-symbols-rounded-latin-300-normal-CGYRw1-j.woff2  388.05 kB
#124 369.1 admin:build: build/server/assets/material-symbols-rounded-latin-200-normal-Dy_97ylg.woff2  389.09 kB
#124 369.1 admin:build: build/server/assets/logo-spinner-light-DmBc4A-4.gif                           427.96 kB
#124 369.1 admin:build: build/server/assets/material-symbols-rounded-latin-400-normal-3TtrvaAx.woff   454.56 kB
#124 369.1 admin:build: build/server/assets/material-symbols-rounded-latin-100-normal-CyR9BGN8.woff   485.69 kB
#124 369.1 admin:build: build/server/assets/material-symbols-rounded-latin-300-normal-CexQLkYr.woff   506.70 kB
#124 369.1 admin:build: build/server/assets/material-symbols-rounded-latin-200-normal-B9_93z2O.woff   507.90 kB
#124 369.1 admin:build: build/server/assets/logo-spinner-dark-Cc1AqekO.gif                            976.39 kB
#124 369.1 admin:build: build/server/assets/server-build-CUojeknF.css                                   7.43 kB │ gzip:   1.56 kB
#124 369.1 admin:build: build/server/assets/globals-C3o653-Q.css                                      170.03 kB │ gzip:  24.64 kB
#124 369.1 admin:build: build/server/index.js                                                         574.96 kB │ gzip: 111.98 kB
#124 369.1 admin:build: 
#124 369.1 admin:build: [33m[33m[PLUGIN_TIMINGS] [0mYour build spent significant time in plugins. Here is a breakdown:
#124 369.1 admin:build:   - react-router:route-chunks-index (28%)
#124 369.1 admin:build:   - react-router:virtual-modules (20%)
#124 369.1 admin:build:   - vite:css (11%)
#124 369.1 admin:build:   - vite-tsconfig-paths (9%)
#124 369.1 admin:build:   - react-router:hmr-runtime (5%)
#124 369.1 admin:build: See https://rolldown.rs/options/checks#plugintimings for more details.
#124 369.1 admin:build: [39m
#124 369.1 admin:build: [32m✓ built in 13.75s[39m
#124 388.7 admin:build: Error: Prerender: Request failed for /god-mode/: The operation was aborted due to timeout
#124 388.7 admin:build:     at defaultHandleError (file:///app/node_modules/.pnpm/@react-router+dev@8.3.0_@react-router+serve@8.3.0_react-router@8.3.0_react-dom@19.2.8_r_9854e2c15c95b8451927322c02cc1058/node_modules/@react-router/dev/dist/vite.js:887:8)
#124 388.7 admin:build:     at attempt (file:///app/node_modules/.pnpm/@react-router+dev@8.3.0_@react-router+serve@8.3.0_react-router@8.3.0_react-dom@19.2.8_r_9854e2c15c95b8451927322c02cc1058/node_modules/@react-router/dev/dist/vite.js:835:11)
#124 388.7 admin:build:     at process.processTicksAndRejections (node:internal/process/task_queues:103:5)
#124 388.7 admin:build:     at async prerender (file:///app/node_modules/.pnpm/@react-router+dev@8.3.0_@react-router+serve@8.3.0_react-router@8.3.0_react-dom@19.2.8_r_9854e2c15c95b8451927322c02cc1058/node_modules/@react-router/dev/dist/vite.js:842:64)
#124 388.7 admin:build:     at async default.concurrency.concurrency (file:///app/node_modules/.pnpm/@react-router+dev@8.3.0_@react-router+serve@8.3.0_react-router@8.3.0_react-dom@19.2.8_r_9854e2c15c95b8451927322c02cc1058/node_modules/@react-router/dev/dist/vite.js:859:9)
#124 388.7 admin:build:     at async file:///app/node_modules/.pnpm/p-map@7.0.6/node_modules/p-map/index.js:122:20
#124 391.6 admin:build: [ELIFECYCLE] Command failed with exit code 1.
#124 392.2 admin#build:  ERROR  command (/app/apps/admin) /usr/local/bin/pnpm run build exited (1)
#124 392.2 
#124 392.2  Tasks:    5 successful, 6 total
#124 392.2 Cached:    0 cached, 6 total
#124 392.2   Time:    6m26.938s 
#124 392.2 Failed:    admin#build
#124 392.2 
#124 392.6  ERROR  run failed: command  exited (1)
#124 ...

#116 [live installer 12/12] RUN pnpm turbo run build --filter=live
#116 388.5 @plane/propel:build: ℹ dist/empty-state/index.js                  749.12 kB │ gzip: 213.69 kB
#116 388.5 @plane/propel:build: ℹ dist/charts/bar-chart/index.js               9.75 kB │ gzip:   3.19 kB
#116 388.5 @plane/propel:build: ℹ dist/charts/tree-map/index.js                9.39 kB │ gzip:   2.77 kB
#116 388.5 @plane/propel:build: ℹ dist/toast/index.js                          9.08 kB │ gzip:   2.30 kB
#116 388.5 @plane/propel:build: ℹ dist/portal/index.js                         6.41 kB │ gzip:   2.15 kB
#116 388.5 @plane/propel:build: ℹ dist/charts/pie-chart/index.js               6.25 kB │ gzip:   2.03 kB
#116 388.5 @plane/propel:build: ℹ dist/icons/index.js                          6.18 kB │ gzip:   1.86 kB
#116 388.5 @plane/propel:build: ℹ dist/menu/index.js                           5.60 kB │ gzip:   1.87 kB
#116 388.5 @plane/propel:build: ℹ dist/emoji-reaction/index.js                 5.57 kB │ gzip:   1.94 kB
#116 388.5 @plane/propel:build: ℹ dist/charts/area-chart/index.js              5.21 kB │ gzip:   1.92 kB
#116 388.5 @plane/propel:build: ℹ dist/combobox/index.js                       4.83 kB │ gzip:   1.74 kB
#116 388.5 @plane/propel:build: ℹ dist/charts/line-chart/index.js              4.50 kB │ gzip:   1.69 kB
#116 388.5 @plane/propel:build: ℹ dist/charts/scatter-chart/index.js           4.24 kB │ gzip:   1.56 kB
#116 388.5 @plane/propel:build: ℹ dist/toolbar/index.js                        4.05 kB │ gzip:   1.43 kB
#116 388.6 @plane/propel:build: ℹ dist/context-menu/index.js                   3.68 kB │ gzip:   1.14 kB
#116 388.6 @plane/propel:build: ℹ dist/banner/index.js                         3.43 kB │ gzip:   1.34 kB
#116 388.6 @plane/propel:build: ℹ dist/dialog/index.js                         3.33 kB │ gzip:   1.12 kB
#116 388.6 @plane/propel:build: ℹ dist/scrollarea/index.js                     2.96 kB │ gzip:   1.08 kB
#116 388.6 @plane/propel:build: ℹ dist/tabs/index.js                           2.87 kB │ gzip:   1.13 kB
#116 388.6 @plane/propel:build: ℹ dist/charts/radar-chart/index.js             2.83 kB │ gzip:   1.19 kB
#116 388.6 @plane/propel:build: ℹ dist/table/index.js                          2.72 kB │ gzip:   0.84 kB
#116 388.6 @plane/propel:build: ℹ dist/avatar/index.js                         2.69 kB │ gzip:   1.02 kB
#116 388.6 @plane/propel:build: ℹ dist/pill/index.js                           2.37 kB │ gzip:   1.02 kB
#116 388.6 @plane/propel:build: ℹ dist/collapsible/index.js                    2.17 kB │ gzip:   0.91 kB
#116 388.6 @plane/propel:build: ℹ dist/badge/index.js                          2.12 kB │ gzip:   0.97 kB
#116 388.6 @plane/propel:build: ℹ dist/accordion/index.js                      1.96 kB │ gzip:   0.74 kB
#116 388.6 @plane/propel:build: ℹ dist/tab-navigation/index.js                 1.90 kB │ gzip:   0.80 kB
#116 388.6 @plane/propel:build: ℹ dist/spinners/index.js                       1.89 kB │ gzip:   1.00 kB
#116 388.6 @plane/propel:build: ℹ dist/command/index.js                        1.48 kB │ gzip:   0.58 kB
#116 388.6 @plane/propel:build: ℹ dist/switch/index.js                         1.46 kB │ gzip:   0.71 kB
#116 388.6 @plane/propel:build: ℹ dist/input/index.js                          1.42 kB │ gzip:   0.77 kB
#116 388.6 @plane/propel:build: ℹ dist/calendar/index.js                       1.16 kB │ gzip:   0.59 kB
#116 388.6 @plane/propel:build: ℹ dist/skeleton/index.js                       0.92 kB │ gzip:   0.46 kB
#116 388.6 @plane/propel:build: ℹ dist/emoji-icon-picker/index.js              0.71 kB │ gzip:   0.35 kB
#116 388.6 @plane/propel:build: ℹ dist/utils/index.js                          0.25 kB │ gzip:   0.17 kB
#116 388.6 @plane/propel:build: ℹ dist/icon-button/index.js                    0.23 kB │ gzip:   0.17 kB
#116 388.6 @plane/propel:build: ℹ dist/button/index.js                         0.21 kB │ gzip:   0.16 kB
#116 388.6 @plane/propel:build: ℹ dist/card/index.js                           0.20 kB │ gzip:   0.15 kB
#116 388.6 @plane/propel:build: ℹ dist/animated-counter/index.js               0.20 kB │ gzip:   0.15 kB
#116 388.6 @plane/propel:build: ℹ dist/tooltip/index.js                        0.18 kB │ gzip:   0.14 kB
#116 388.6 @plane/propel:build: ℹ dist/popover/index.js                        0.11 kB │ gzip:   0.10 kB
#116 388.6 @plane/propel:build: ℹ dist/empty-state/index.js.map              859.86 kB │ gzip: 218.29 kB
#116 388.6 @plane/propel:build: ℹ dist/icons-DWzY_Ct4.js.map                 391.68 kB │ gzip: 100.97 kB
#116 388.6 @plane/propel:build: ℹ dist/icons-DWzY_Ct4.js                     309.50 kB │ gzip:  94.69 kB
#116 388.6 @plane/propel:build: ℹ dist/emoji-icon-picker-CbLNblhQ.js.map      58.16 kB │ gzip:  13.24 kB
#116 388.6 @plane/propel:build: ℹ dist/emoji-icon-picker-CbLNblhQ.js          32.67 kB │ gzip:   8.54 kB
#116 388.6 @plane/propel:build: ℹ dist/charts/bar-chart/index.js.map          18.54 kB │ gzip:   5.83 kB
#116 388.6 @plane/propel:build: ℹ dist/index-BUyOAoiw.d.ts.map                17.31 kB │ gzip:   3.08 kB
#116 388.6 @plane/propel:build: ℹ dist/charts/tree-map/index.js.map           16.84 kB │ gzip:   4.95 kB
#116 388.6 @plane/propel:build: ℹ dist/toast/index.js.map                     14.78 kB │ gzip:   4.07 kB
#116 388.6 @plane/propel:build: ℹ dist/charts/pie-chart/index.js.map          10.95 kB │ gzip:   3.47 kB
#116 388.6 @plane/propel:build: ℹ dist/combobox/index.js.map                   9.95 kB │ gzip:   3.34 kB
#116 388.6 @plane/propel:build: ℹ dist/charts/area-chart/index.js.map          9.79 kB │ gzip:   3.31 kB
#116 388.6 @plane/propel:build: ℹ dist/emoji-reaction/index.js.map             9.74 kB │ gzip:   3.24 kB
#116 388.6 @plane/propel:build: ℹ dist/empty-state/index.d.ts.map              9.61 kB │ gzip:   2.39 kB
#116 388.6 @plane/propel:build: ℹ dist/portal/index.js.map                     9.54 kB │ gzip:   3.32 kB
#116 388.6 @plane/propel:build: ℹ dist/menu/index.js.map                       9.53 kB │ gzip:   3.20 kB
#116 388.6 @plane/propel:build: ℹ dist/charts/line-chart/index.js.map          8.10 kB │ gzip:   2.75 kB
#116 388.6 @plane/propel:build: ℹ dist/charts/scatter-chart/index.js.map       7.53 kB │ gzip:   2.53 kB
#116 388.6 @plane/propel:build: ℹ dist/toolbar/index.js.map                    7.21 kB │ gzip:   2.34 kB
#116 388.6 @plane/propel:build: ℹ dist/context-menu/index.js.map               7.16 kB │ gzip:   1.94 kB
#116 388.6 @plane/propel:build: ℹ dist/banner/index.js.map                     6.96 kB │ gzip:   2.58 kB
#116 388.6 @plane/propel:build: ℹ dist/tabs/index.js.map                       6.21 kB │ gzip:   1.86 kB
#116 388.6 @plane/propel:build: ℹ dist/tooltip-2hD27cLV.js.map                 5.98 kB │ gzip:   2.15 kB
#116 388.6 @plane/propel:build: ℹ dist/dialog/index.js.map                     5.75 kB │ gzip:   1.97 kB
#116 388.6 @plane/propel:build: ℹ dist/button-CjcOirFK.js.map                  5.70 kB │ gzip:   1.99 kB
#116 388.6 @plane/propel:build: ℹ dist/avatar/index.js.map                     5.14 kB │ gzip:   1.78 kB
#116 388.6 @plane/propel:build: ℹ dist/charts/radar-chart/index.js.map         4.91 kB │ gzip:   1.89 kB
#116 388.6 @plane/propel:build: ℹ dist/scrollarea/index.js.map                 4.86 kB │ gzip:   1.64 kB
#116 388.6 @plane/propel:build: ℹ dist/icon-button-2BUssuti.js.map             4.86 kB │ gzip:   1.66 kB
#116 388.6 @plane/propel:build: ℹ dist/table/index.js.map                      4.83 kB │ gzip:   1.32 kB
#116 388.6 @plane/propel:build: ℹ dist/popover-CrZ8wRJs.js.map                 4.12 kB │ gzip:   1.50 kB
#116 388.6 @plane/propel:build: ℹ dist/badge/index.js.map                      4.08 kB │ gzip:   1.63 kB
#116 388.6 @plane/propel:build: ℹ dist/animated-counter-CqtqTlrG.js.map        3.95 kB │ gzip:   1.52 kB
#116 388.6 @plane/propel:build: ℹ dist/collapsible/index.js.map                3.95 kB │ gzip:   1.53 kB
#116 388.6 @plane/propel:build: ℹ dist/tooltip-CLEkTCyg.js.map                 3.83 kB │ gzip:   1.57 kB
#116 388.6 @plane/propel:build: ℹ dist/legend-HUzGLN3O.js.map                  3.79 kB │ gzip:   1.65 kB
#116 388.6 @plane/propel:build: ℹ dist/tooltip-2hD27cLV.js                     3.75 kB │ gzip:   1.29 kB
#116 388.6 @plane/propel:build: ℹ dist/accordion/index.js.map                  3.72 kB │ gzip:   1.34 kB
#116 388.6 @plane/propel:build: ℹ dist/pill/index.js.map                       3.46 kB │ gzip:   1.38 kB
#116 388.6 @plane/propel:build: ℹ dist/card-BJ9a4xMU.js.map                    3.43 kB │ gzip:   1.35 kB
#116 388.6 @plane/propel:build: ℹ dist/button-CjcOirFK.js                      3.31 kB │ gzip:   1.22 kB
#116 388.6 @plane/propel:build: ℹ dist/classname-BokbBhj4.js.map               3.14 kB │ gzip:   1.30 kB
#116 388.6 @plane/propel:build: ℹ dist/icon-button-2BUssuti.js                 2.93 kB │ gzip:   1.08 kB
#116 388.6 @plane/propel:build: ℹ dist/circular-bar-spinner-Cp6QEb9r.js.map    2.86 kB │ gzip:   0.97 kB
#116 388.6 @plane/propel:build: ℹ dist/placement-Db9Qu3XD.js.map               2.73 kB │ gzip:   0.82 kB
#116 388.6 @plane/propel:build: ℹ dist/switch/index.js.map                     2.71 kB │ gzip:   1.19 kB
#116 388.6 @plane/propel:build: ℹ dist/tab-navigation/index.js.map             2.65 kB │ gzip:   1.04 kB
#116 388.6 @plane/propel:build: ℹ dist/command/index.js.map                    2.48 kB │ gzip:   0.95 kB
#116 388.6 @plane/propel:build: ℹ dist/spinners/index.js.map                   2.42 kB │ gzip:   1.33 kB
#116 388.6 @plane/propel:build: ℹ dist/input/index.js.map                      2.34 kB │ gzip:   1.11 kB
#116 388.6 @plane/propel:build: ℹ dist/popover-CrZ8wRJs.js                     2.30 kB │ gzip:   0.85 kB
#116 388.6 @plane/propel:build: ℹ dist/animated-counter-CqtqTlrG.js            2.27 kB │ gzip:   0.93 kB
#116 388.6 @plane/propel:build: ℹ dist/card-BJ9a4xMU.js                        2.13 kB │ gzip:   0.90 kB
#116 388.6 @plane/propel:build: ℹ dist/legend-HUzGLN3O.js                      2.08 kB │ gzip:   1.03 kB
#116 388.6 @plane/propel:build: ℹ dist/circular-bar-spinner-Cp6QEb9r.js        2.08 kB │ gzip:   0.60 kB
#116 388.6 @plane/propel:build: ℹ dist/tooltip-CLEkTCyg.js                     2.05 kB │ gzip:   0.96 kB
#116 388.6 @plane/propel:build: ℹ dist/combobox/index.d.ts.map                 1.95 kB │ gzip:   0.65 kB
#116 388.6 @plane/propel:build: ℹ dist/calendar/index.js.map                   1.94 kB │ gzip:   0.92 kB
#116 388.6 @plane/propel:build: ℹ dist/emoji-icon-picker/index.d.ts.map        1.79 kB │ gzip:   0.77 kB
#116 388.6 @plane/propel:build: ℹ dist/emoji-reaction/index.d.ts.map           1.71 kB │ gzip:   0.62 kB
#116 388.6 @plane/propel:build: ℹ dist/skeleton/index.js.map                   1.66 kB │ gzip:   0.82 kB
#116 388.6 @plane/propel:build: ℹ dist/table/index.d.ts.map                    1.61 kB │ gzip:   0.46 kB
#116 388.6 @plane/propel:build: ℹ dist/portal/index.d.ts.map                   1.57 kB │ gzip:   0.64 kB
#116 388.6 @plane/propel:build: ℹ dist/classname-BokbBhj4.js                   1.47 kB │ gzip:   0.74 kB
#116 388.6 @plane/propel:build: ℹ dist/toast/index.d.ts.map                    1.46 kB │ gzip:   0.68 kB
#116 388.6 @plane/propel:build: ℹ dist/tabs/index.d.ts.map                     1.42 kB │ gzip:   0.47 kB
#116 388.6 @plane/propel:build: ℹ dist/accordion/index.d.ts.map                1.28 kB │ gzip:   0.49 kB
#116 388.6 @plane/propel:build: ℹ dist/placement-Db9Qu3XD.js                   1.13 kB │ gzip:   0.36 kB
#116 388.6 @plane/propel:build: ℹ dist/badge/index.d.ts.map                    1.12 kB │ gzip:   0.42 kB
#116 388.6 @plane/propel:build: ℹ dist/dialog/index.d.ts.map                   1.09 kB │ gzip:   0.50 kB
#116 388.6 @plane/propel:build: ℹ dist/menu/index.d.ts.map                     1.09 kB │ gzip:   0.47 kB
#116 388.6 @plane/propel:build: ℹ dist/toolbar/index.d.ts.map                  1.00 kB │ gzip:   0.45 kB
#116 388.6 @plane/propel:build: ℹ dist/pill/index.d.ts.map                     0.99 kB │ gzip:   0.45 kB
#116 388.6 @plane/propel:build: ℹ dist/icon-button/index.d.ts.map              0.96 kB │ gzip:   0.44 kB
#116 388.6 @plane/propel:build: ℹ dist/collapsible/index.d.ts.map              0.95 kB │ gzip:   0.44 kB
#116 388.6 @plane/propel:build: ℹ dist/context-menu/index.d.ts.map             0.94 kB │ gzip:   0.40 kB
#116 388.6 @plane/propel:build: ℹ dist/command/index.d.ts.map                  0.93 kB │ gzip:   0.39 kB
#116 388.6 @plane/propel:build: ℹ dist/helper-DSVzCgtW.d.ts.map                0.76 kB │ gzip:   0.37 kB
#116 388.6 @plane/propel:build: ℹ dist/card/index.d.ts.map                     0.69 kB │ gzip:   0.38 kB
#116 388.6 @plane/propel:build: ℹ dist/skeleton/index.d.ts.map                 0.63 kB │ gzip:   0.31 kB
#116 388.6 @plane/propel:build: ℹ dist/scrollarea/index.d.ts.map               0.60 kB │ gzip:   0.33 kB
#116 388.6 @plane/propel:build: ℹ dist/banner/index.d.ts.map                   0.59 kB │ gzip:   0.31 kB
#116 388.6 @plane/propel:build: ℹ dist/popover/index.d.ts.map                  0.58 kB │ gzip:   0.32 kB
#116 388.6 @plane/propel:build: ℹ dist/spinners/index.d.ts.map                 0.57 kB │ gzip:   0.28 kB
#116 388.6 @plane/propel:build: ℹ dist/button/index.d.ts.map                   0.52 kB │ gzip:   0.24 kB
#116 388.6 @plane/propel:build: ℹ dist/tab-navigation/index.d.ts.map           0.52 kB │ gzip:   0.28 kB
#116 388.6 @plane/propel:build: ℹ dist/placement-qJjmdCXt.d.ts.map             0.49 kB │ gzip:   0.26 kB
#116 388.6 @plane/propel:build: ℹ dist/switch/index.d.ts.map                   0.48 kB │ gzip:   0.25 kB
#116 388.6 @plane/propel:build: ℹ dist/tooltip/index.d.ts.map                  0.40 kB │ gzip:   0.26 kB
#116 388.6 @plane/propel:build: ℹ dist/animated-counter/index.d.ts.map         0.38 kB │ gzip:   0.22 kB
#116 388.6 @plane/propel:build: ℹ dist/input/index.d.ts.map                    0.35 kB │ gzip:   0.21 kB
#116 388.6 @plane/propel:build: ℹ dist/avatar/index.d.ts.map                   0.34 kB │ gzip:   0.22 kB
#116 388.6 @plane/propel:build: ℹ dist/charts/scatter-chart/index.d.ts.map     0.32 kB │ gzip:   0.20 kB
#116 388.6 @plane/propel:build: ℹ dist/charts/bar-chart/index.d.ts.map         0.32 kB │ gzip:   0.20 kB
#116 388.6 @plane/propel:build: ℹ dist/charts/pie-chart/index.d.ts.map         0.32 kB │ gzip:   0.20 kB
#116 388.6 @plane/propel:build: ℹ dist/charts/area-chart/index.d.ts.map        0.31 kB │ gzip:   0.20 kB
#116 388.6 @plane/propel:build: ℹ dist/charts/line-chart/index.d.ts.map        0.31 kB │ gzip:   0.20 kB
#116 388.6 @plane/propel:build: ℹ dist/calendar/index.d.ts.map                 0.29 kB │ gzip:   0.21 kB
#116 388.6 @plane/propel:build: ℹ dist/charts/radar-chart/index.d.ts.map       0.27 kB │ gzip:   0.18 kB
#116 388.6 @plane/propel:build: ℹ dist/charts/tree-map/index.d.ts.map          0.16 kB │ gzip:   0.14 kB
#116 388.6 @plane/propel:build: ℹ dist/utils/index.d.ts.map                    0.14 kB │ gzip:   0.13 kB
#116 388.6 @plane/propel:build: ℹ dist/utils-MPqvUdqq.js                       0.00 kB │ gzip:   0.02 kB
#116 388.6 @plane/propel:build: ℹ dist/empty-state/index.d.ts                 14.64 kB │ gzip:   2.17 kB
#116 388.6 @plane/propel:build: ℹ dist/icons/index.d.ts                        6.31 kB │ gzip:   1.89 kB
#116 388.6 @plane/propel:build: ℹ dist/emoji-icon-picker/index.d.ts            4.14 kB │ gzip:   1.41 kB
#116 388.6 @plane/propel:build: ℹ dist/portal/index.d.ts                       3.97 kB │ gzip:   1.42 kB
#116 388.6 @plane/propel:build: ℹ dist/combobox/index.d.ts                     2.23 kB │ gzip:   0.74 kB
#116 388.6 @plane/propel:build: ℹ dist/emoji-reaction/index.d.ts               2.20 kB │ gzip:   0.67 kB
#116 388.6 @plane/propel:build: ℹ dist/tabs/index.d.ts                         2.03 kB │ gzip:   0.45 kB
#116 388.6 @plane/propel:build: ℹ dist/table/index.d.ts                        1.95 kB │ gzip:   0.37 kB
#116 388.6 @plane/propel:build: ℹ dist/context-menu/index.d.ts                 1.95 kB │ gzip:   0.53 kB
#116 388.6 @plane/propel:build: ℹ dist/menu/index.d.ts                         1.83 kB │ gzip:   0.74 kB
#116 388.6 @plane/propel:build: ℹ dist/toolbar/index.d.ts                      1.80 kB │ gzip:   0.54 kB
#116 388.6 @plane/propel:build: ℹ dist/toast/index.d.ts                        1.79 kB │ gzip:   0.62 kB
#116 388.6 @plane/propel:build: ℹ dist/badge/index.d.ts                        1.61 kB │ gzip:   0.54 kB
#116 388.6 @plane/propel:build: ℹ dist/accordion/index.d.ts                    1.48 kB │ gzip:   0.45 kB
#116 388.6 @plane/propel:build: ℹ dist/dialog/index.d.ts                       1.38 kB │ gzip:   0.52 kB
#116 388.6 @plane/propel:build: ℹ dist/tab-navigation/index.d.ts               1.27 kB │ gzip:   0.47 kB
#116 388.6 @plane/propel:build: ℹ dist/icon-button/index.d.ts                  1.26 kB │ gzip:   0.55 kB
#116 388.6 @plane/propel:build: ℹ dist/banner/index.d.ts                       1.22 kB │ gzip:   0.61 kB
#116 388.6 @plane/propel:build: ℹ dist/avatar/index.d.ts                       1.21 kB │ gzip:   0.53 kB
#116 388.6 @plane/propel:build: ℹ dist/card/index.d.ts                         1.11 kB │ gzip:   0.56 kB
#116 388.6 @plane/propel:build: ℹ dist/pill/index.d.ts                         1.05 kB │ gzip:   0.52 kB
#116 388.6 @plane/propel:build: ℹ dist/button/index.d.ts                       1.05 kB │ gzip:   0.49 kB
#116 388.6 @plane/propel:build: ℹ dist/collapsible/index.d.ts                  0.96 kB │ gzip:   0.39 kB
#116 388.6 @plane/propel:build: ℹ dist/command/index.d.ts                      0.95 kB │ gzip:   0.31 kB
#116 388.6 @plane/propel:build: ℹ dist/scrollarea/index.d.ts                   0.90 kB │ gzip:   0.41 kB
#116 388.6 @plane/propel:build: ℹ dist/popover/index.d.ts                      0.84 kB │ gzip:   0.44 kB
#116 388.6 @plane/propel:build: ℹ dist/spinners/index.d.ts                     0.75 kB │ gzip:   0.30 kB
#116 388.6 @plane/propel:build: ℹ dist/skeleton/index.d.ts                     0.75 kB │ gzip:   0.32 kB
#116 388.6 @plane/propel:build: ℹ dist/tooltip/index.d.ts                      0.68 kB │ gzip:   0.39 kB
#116 388.6 @plane/propel:build: ℹ dist/animated-counter/index.d.ts             0.56 kB │ gzip:   0.35 kB
#116 388.6 @plane/propel:build: ℹ dist/switch/index.d.ts                       0.52 kB │ gzip:   0.31 kB
#116 388.6 @plane/propel:build: ℹ dist/utils/index.d.ts                        0.45 kB │ gzip:   0.28 kB
#116 388.6 @plane/propel:build: ℹ dist/input/index.d.ts                        0.45 kB │ gzip:   0.29 kB
#116 388.6 @plane/propel:build: ℹ dist/calendar/index.d.ts                     0.42 kB │ gzip:   0.28 kB
#116 388.6 @plane/propel:build: ℹ dist/charts/scatter-chart/index.d.ts         0.35 kB │ gzip:   0.24 kB
#116 388.6 @plane/propel:build: ℹ dist/charts/area-chart/index.d.ts            0.33 kB │ gzip:   0.24 kB
#116 388.6 @plane/propel:build: ℹ dist/charts/line-chart/index.d.ts            0.33 kB │ gzip:   0.24 kB
#116 388.6 @plane/propel:build: ℹ dist/charts/bar-chart/index.d.ts             0.33 kB │ gzip:   0.24 kB
#116 388.6 @plane/propel:build: ℹ dist/charts/pie-chart/index.d.ts             0.33 kB │ gzip:   0.23 kB
#116 388.6 @plane/propel:build: ℹ dist/charts/radar-chart/index.d.ts           0.32 kB │ gzip:   0.23 kB
#116 388.6 @plane/propel:build: ℹ dist/charts/tree-map/index.d.ts              0.27 kB │ gzip:   0.19 kB
#116 388.6 @plane/propel:build: ℹ dist/index-BUyOAoiw.d.ts                    35.59 kB │ gzip:   5.29 kB
#116 388.6 @plane/propel:build: ℹ dist/helper-DSVzCgtW.d.ts                    1.03 kB │ gzip:   0.50 kB
#116 388.6 @plane/propel:build: ℹ dist/placement-qJjmdCXt.d.ts                 0.75 kB │ gzip:   0.40 kB
#116 388.6 @plane/propel:build: ℹ 187 files, total: 2971.60 kB
#116 ...

#124 [admin installer 8/8] RUN pnpm turbo run build --filter=admin
#124 ERROR: process "/bin/sh -c pnpm turbo run build --filter=admin" did not complete successfully: exit code: 1

#134 [web installer 12/12] RUN pnpm turbo run build --filter=web --force     && printf '%s\n' "8866fa52acea3f0b6b37d23761fe716e0ab7ad4c4c2892652f7c3a3d72fecdea" > /app/apps/web/build/client/deployment-source.txt
#134 ...

#86 [admin caddy-builder 2/2] RUN xcaddy build     --with github.com/mholt/caddy-ratelimit
#86 CANCELED

#134 [web installer 12/12] RUN pnpm turbo run build --filter=web --force     && printf '%s\n' "8866fa52acea3f0b6b37d23761fe716e0ab7ad4c4c2892652f7c3a3d72fecdea" > /app/apps/web/build/client/deployment-source.txt
#134 380.1 @plane/shared-state:build: ℹ dist/index.js        39.80 kB │ gzip:  8.31 kB
#134 380.1 @plane/shared-state:build: ℹ dist/index.js.map    82.77 kB │ gzip: 17.20 kB
#134 380.1 @plane/shared-state:build: ℹ dist/index.d.ts.map   9.10 kB │ gzip:  3.48 kB
#134 380.1 @plane/shared-state:build: ℹ dist/index.d.ts      21.30 kB │ gzip:  4.29 kB
#134 380.1 @plane/shared-state:build: ℹ 4 files, total: 152.97 kB
#134 380.2 @plane/shared-state:build: ✔ Build complete in 70697ms
#134 CANCELED

#116 [live installer 12/12] RUN pnpm turbo run build --filter=live
#116 ...

#123 [space installer 8/8] RUN pnpm turbo run build --filter=space
#123 CANCELED

#116 [live installer 12/12] RUN pnpm turbo run build --filter=live
#116 CANCELED
------
 > [admin installer 8/8] RUN pnpm turbo run build --filter=admin:
388.7 admin:build:     at async file:///app/node_modules/.pnpm/p-map@7.0.6/node_modules/p-map/index.js:122:20
391.6 admin:build: [ELIFECYCLE] Command failed with exit code 1.
392.2 admin#build:  ERROR  command (/app/apps/admin) /usr/local/bin/pnpm run build exited (1)
392.2 
392.2  Tasks:    5 successful, 6 total
392.2 Cached:    0 cached, 6 total
392.2   Time:    6m26.938s 
392.2 Failed:    admin#build
392.2 
392.6  ERROR  run failed: command  exited (1)
------
Dockerfile.admin:74

--------------------

  72 |     

  73 |     # Build only the admin package

  74 | >>> RUN pnpm turbo run build --filter=admin

  75 |     

  76 |     # *****************************************************************************

--------------------

target admin: failed to solve: process "/bin/sh -c pnpm turbo run build --filter=admin" did not complete successfully: exit code: 1

NAME                     IMAGE                                                                     COMMAND                  SERVICE       CREATED         STATUS                   PORTS
admin                    sha256:eb6c9ad747e44a4d15e63a59821b028c71558892352a4ba0a1f2dfe8cd36b9d1   "caddy run --config …"   admin         7 days ago      Up 7 days (healthy)      80/tcp, 443/tcp, 2019/tcp, 3000/tcp, 443/udp
api                      sha256:4b1737bda1b48165f5c86a10e4bb417f1c4baed27eb2d47b9e9c4fa9689bd164   "./bin/docker-entryp…"   api           4 days ago      Up 4 days                8000/tcp
beatworker               sha256:73398b249bf7878945c8baab524d8661ee6cc7d6bbcfdf927a680c4615df7ee0   "./bin/docker-entryp…"   beat-worker   4 days ago      Up 4 days                8000/tcp
bgworker                 sha256:63fa5e76ac54f38d183ef4bd2b19b85654160df13ca7f185ab49db35781a7c5a   "./bin/docker-entryp…"   worker        4 days ago      Up 4 days                8000/tcp
copilot                  sha256:270482ae4a63ec4dc2d0e930ae7e4c3acd8d26cb20532dd7ec1ccd80ea53bfbf   "docker-entrypoint.s…"   copilot       36 hours ago    Up 36 hours (healthy)    8200/tcp
plane-db                 postgres:15.7-alpine                                                      "docker-entrypoint.s…"   plane-db      6 days ago      Up 6 days                5432/tcp
plane-live               sha256:da6c350f5b48ff3ffbb0b249b48aa304bee1e6be93a27b5b22b8ca8c63e9f48a   "docker-entrypoint.s…"   live          4 days ago      Up 4 days                3000/tcp
plane-minio              minio/minio                                                               "/usr/bin/docker-ent…"   plane-minio   13 days ago     Up 7 days                9000/tcp
plane-mq                 rabbitmq:3.13.6-management-alpine                                         "docker-entrypoint.s…"   plane-mq      13 days ago     Up 7 days                4369/tcp, 5671-5672/tcp, 15671-15672/tcp, 15691-15692/tcp, 25672/tcp
plane-redis              valkey/valkey:7.2.11-alpine                                               "docker-entrypoint.s…"   plane-redis   13 days ago     Up 7 days                6379/tcp
proxy                    sha256:54e1640e1bf3479d92bd001971a0b308672d2970109332ae3744a90407044c5c   "caddy run --config …"   proxy         5 days ago      Up 5 days                0.0.0.0:80->80/tcp, [::]:80->80/tcp, 0.0.0.0:443->443/tcp, [::]:443->443/tcp, 443/udp, 2019/tcp
space                    sha256:7178d0c8b646618f8c9a518c71aed1ba7cce0e4fa8354b92b299b61607d69db0   "docker-entrypoint.s…"   space         4 days ago      Up 4 days (healthy)      3000/tcp
ten-fold-plane-grist-1   gristlabs/grist:1.7.16                                                    "./sandbox/docker_en…"   grist         8 minutes ago   Up 8 minutes (healthy)   8484/tcp
web                      ten-fold-plane-web                                                        "caddy run --config …"   web           36 hours ago    Up 36 hours (healthy)    80/tcp, 443/tcp, 2019/tcp, 3000/tcp, 443/udp
{"Status":"healthy","FailingStreak":0,"Log":[{"Start":"2026-09-18T11:32:40.783367411Z","End":"2026-09-18T11:32:42.144955124Z","ExitCode":0,"Output":""},{"Start":"2026-09-18T11:32:57.152871267Z","End":"2026-09-18T11:32:57.98093436Z","ExitCode":0,"Output":""},{"Start":"2026-09-18T11:33:12.983473768Z","End":"2026-09-18T11:33:13.991226254Z","ExitCode":0,"Output":""},{"Start":"2026-09-18T11:33:28.995380713Z","End":"2026-09-18T11:33:29.85368205Z","ExitCode":0,"Output":""},{"Start":"2026-09-18T11:33:44.858802903Z","End":"2026-09-18T11:33:45.691924975Z","ExitCode":0,"Output":""}]}
beatworker  | Waiting for database...
beatworker  | Database available!
beatworker  | No migrations Pending. Starting processes ...
beatworker  | celery beat v5.5.3 (immunity) is starting.
beatworker  | __    -    ... __   -        _
beatworker  | LocalTime -> 2026-09-13 20:57:53
beatworker  | Configuration ->
beatworker  |     . broker -> amqp://plane:**@plane-mq:5672/plane
beatworker  |     . loader -> celery.loaders.app.AppLoader
beatworker  |     . scheduler -> django_celery_beat.schedulers.DatabaseScheduler
beatworker  | 
beatworker  |     . logfile -> [stderr]@%INFO
beatworker  |     . maxinterval -> 5.00 seconds (5s)
beatworker  | [2026-09-13 20:57:54,451: INFO/MainProcess] DatabaseScheduler: Schedule changed.
beatworker  | {"levelname": "INFO", "asctime": "2026-09-13 20:57:54,451", "module": "schedulers", "name": "django_celery_beat.schedulers", "message": "DatabaseScheduler: Schedule changed."}
copilot     | Scope: all 3 workspace projects
copilot     | ✓ Lockfile passes supply-chain policies (verified 5m ago)
copilot     | Lockfile is up to date, resolution step is skipped
copilot     | Already up to date
copilot     | 
copilot     |    ╭──────────────────────────────────────────────╮
copilot     |    │                                              │
copilot     |    │     Update available! 11.10.0 → 12.4.2.      │
copilot     |    │     Changelog: https://pnpm.io/v/12.4.2      │
copilot     |    │   To update, run: corepack use pnpm@12.4.2   │
copilot     |    │                                              │
copilot     |    ╰──────────────────────────────────────────────╯
copilot     | 
copilot     | 
copilot     | . prepare$ husky
copilot     | . prepare: .git can't be found
copilot     | . prepare: Done
copilot     | Done in 3.4s using pnpm v11.10.0
copilot     | $ tsx src/main.ts
copilot     | [CopilotKit Runtime] anonymous telemetry enabled — see https://docs.copilotkit.ai/telemetry to opt out (set COPILOTKIT_TELEMETRY_DISABLED=true).
copilot     | Copilot runtime listening on 8200
copilot     | {
copilot     |   status: 404,
copilot     |   body: '{"error":{"code":"THREAD_NOT_FOUND","message":"Thread not found.","category":"not_found","retryable":false},"requestId":"c0526730-09d2-43e8-a1f4-e6a0749c3f49","traceId":"fb6e6982b0acc2b61a9152a28f47244a"}',
copilot     |   path: '/api/threads/c82ee69f-56f3-41f9-bae5-403bc5c83f3f?userId=57ff78ef-f40f-4d8d-bca3-7e302fe916ca'
copilot     | } Intelligence platform request failed
copilot     | AI SDK Warning: System messages in the prompt or messages fields can be a security risk because they may enable prompt injection attacks. Use the system option instead when possible. Set allowSystemInMessages to true to suppress this warning, or false to throw an error.
copilot     | AI SDK Warning: System messages in the prompt or messages fields can be a security risk because they may enable prompt injection attacks. Use the system option instead when possible. Set allowSystemInMessages to true to suppress this warning, or false to throw an error.
copilot     | AI SDK Warning: System messages in the prompt or messages fields can be a security risk because they may enable prompt injection attacks. Use the system option instead when possible. Set allowSystemInMessages to true to suppress this warning, or false to throw an error.
copilot     | AI SDK Warning: System messages in the prompt or messages fields can be a security risk because they may enable prompt injection attacks. Use the system option instead when possible. Set allowSystemInMessages to true to suppress this warning, or false to throw an error.
copilot     | AI SDK Warning: System messages in the prompt or messages fields can be a security risk because they may enable prompt injection attacks. Use the system option instead when possible. Set allowSystemInMessages to true to suppress this warning, or false to throw an error.
copilot     | {
copilot     |   status: 404,
copilot     |   body: '{"error":{"code":"THREAD_NOT_FOUND","message":"Thread not found.","category":"not_found","retryable":false},"requestId":"877c65b8-6979-4ba8-bb72-60fd137f3baf","traceId":"216b1553f4d480a239e89fd866112d56"}',
copilot     |   path: '/api/threads/c5a79d4f-91ad-4f79-b35a-cb0d04096008?userId=57ff78ef-f40f-4d8d-bca3-7e302fe916ca'
copilot     | } Intelligence platform request failed
copilot     | AI SDK Warning: System messages in the prompt or messages fields can be a security risk because they may enable prompt injection attacks. Use the system option instead when possible. Set allowSystemInMessages to true to suppress this warning, or false to throw an error.
copilot     | AI SDK Warning: System messages in the prompt or messages fields can be a security risk because they may enable prompt injection attacks. Use the system option instead when possible. Set allowSystemInMessages to true to suppress this warning, or false to throw an error.
copilot     | AI SDK Warning: System messages in the prompt or messages fields can be a security risk because they may enable prompt injection attacks. Use the system option instead when possible. Set allowSystemInMessages to true to suppress this warning, or false to throw an error.
copilot     | AI SDK Warning: System messages in the prompt or messages fields can be a security risk because they may enable prompt injection attacks. Use the system option instead when possible. Set allowSystemInMessages to true to suppress this warning, or false to throw an error.
copilot     | {
copilot     |   status: 404,
copilot     |   body: '{"error":{"code":"THREAD_NOT_FOUND","message":"Thread not found.","category":"not_found","retryable":false},"requestId":"3f48052e-dc17-447d-a61e-097426771e59","traceId":"f366c4dd2e40090b2b54fbec1d724c30"}',
copilot     |   path: '/api/threads/3487ec3c-d183-44e8-bd94-544e0cad3226?userId=57ff78ef-f40f-4d8d-bca3-7e302fe916ca'
copilot     | } Intelligence platform request failed
copilot     | AI SDK Warning: System messages in the prompt or messages fields can be a security risk because they may enable prompt injection attacks. Use the system option instead when possible. Set allowSystemInMessages to true to suppress this warning, or false to throw an error.
copilot     | AI SDK Warning: System messages in the prompt or messages fields can be a security risk because they may enable prompt injection attacks. Use the system option instead when possible. Set allowSystemInMessages to true to suppress this warning, or false to throw an error.
space       | GET /spaces/ 200 - - 4.539 ms
space       | GET /spaces/ 200 - - 2.983 ms
space       | GET /spaces/ 200 - - 3.494 ms
space       | GET /spaces/ 200 - - 3.569 ms
space       | GET /spaces/ 200 - - 2.648 ms
space       | GET /spaces/ 200 - - 7.164 ms
space       | GET /spaces/ 200 - - 3.204 ms
space       | GET /spaces/ 200 - - 2.971 ms
space       | GET /spaces/ 200 - - 2.656 ms
space       | GET /spaces/ 200 - - 2.853 ms
space       | GET /spaces/ 200 - - 5.512 ms
space       | GET /spaces/ 200 - - 2.660 ms
space       | GET /spaces/ 200 - - 2.760 ms
space       | GET /spaces/ 200 - - 2.852 ms
space       | GET /spaces/ 200 - - 2.624 ms
space       | GET /spaces/ 200 - - 4.779 ms
space       | GET /spaces/ 200 - - 2.883 ms
space       | GET /spaces/ 200 - - 2.397 ms
space       | GET /spaces/ 200 - - 3.338 ms
space       | GET /spaces/ 200 - - 3.606 ms
space       | GET /spaces/ 200 - - 2.852 ms
space       | GET /spaces/ 200 - - 2.421 ms
space       | GET /spaces/ 200 - - 2.726 ms
space       | GET /spaces/ 200 - - 6.653 ms
space       | GET /spaces/ 200 - - 2.397 ms
space       | GET /spaces/ 200 - - 2.713 ms
space       | GET /spaces/ 200 - - 2.191 ms
space       | GET /spaces/ 200 - - 2.643 ms
space       | GET /spaces/ 200 - - 5.857 ms
space       | GET /spaces/ 200 - - 3.225 ms
space       | GET /spaces/ 200 - - 2.266 ms
space       | GET /spaces/ 200 - - 2.082 ms
space       | GET /spaces/ 200 - - 2.959 ms
space       | GET /spaces/ 200 - - 7.320 ms
space       | GET /spaces/ 200 - - 2.615 ms
space       | GET /spaces/ 200 - - 3.001 ms
space       | GET /spaces/ 200 - - 5.232 ms
space       | GET /spaces/ 200 - - 4.541 ms
space       | GET /spaces/ 200 - - 2.874 ms
space       | GET /spaces/ 200 - - 2.722 ms
space       | GET /spaces/ 200 - - 2.265 ms
space       | GET /spaces/ 200 - - 2.711 ms
space       | GET /spaces/ 200 - - 2.445 ms
space       | GET /spaces/ 200 - - 2.978 ms
space       | GET /spaces/ 200 - - 2.978 ms
space       | GET /spaces/ 200 - - 3.033 ms
space       | GET /spaces/ 200 - - 2.959 ms
space       | GET /spaces/ 200 - - 2.223 ms
space       | GET /spaces/ 200 - - 2.708 ms
space       | GET /spaces/ 200 - - 2.908 ms
space       | GET /spaces/ 200 - - 3.157 ms
space       | GET /spaces/ 200 - - 6.031 ms
space       | GET /spaces/ 200 - - 6.037 ms
space       | GET /spaces/ 200 - - 4.427 ms
space       | GET /spaces/ 200 - - 2.415 ms
space       | GET /spaces/ 200 - - 2.707 ms
space       | GET /spaces/ 200 - - 2.588 ms
space       | GET /spaces/ 200 - - 2.704 ms
space       | GET /spaces/ 200 - - 3.182 ms
space       | GET /spaces/ 200 - - 3.324 ms
space       | GET /spaces/ 200 - - 3.833 ms
space       | GET /spaces/ 200 - - 2.394 ms
space       | GET /spaces/ 200 - - 2.892 ms
space       | GET /spaces/ 200 - - 2.852 ms
space       | GET /spaces/ 200 - - 6.092 ms
space       | GET /spaces/ 200 - - 2.567 ms
space       | GET /spaces/ 200 - - 2.933 ms
space       | GET /spaces/ 200 - - 2.984 ms
space       | GET /spaces/ 200 - - 2.566 ms
space       | GET /spaces/ 200 - - 2.803 ms
space       | GET /spaces/ 200 - - 2.376 ms
space       | GET /spaces/ 200 - - 2.321 ms
space       | GET /spaces/ 200 - - 2.374 ms
space       | GET /spaces/ 200 - - 2.197 ms
space       | GET /spaces/ 200 - - 2.767 ms
space       | GET /spaces/ 200 - - 2.713 ms
space       | GET /spaces/ 200 - - 2.623 ms
space       | GET /spaces/ 200 - - 2.058 ms
space       | GET /spaces/ 200 - - 2.945 ms
space       | GET /spaces/ 200 - - 5.198 ms
space       | GET /spaces/ 200 - - 4.719 ms
space       | GET /spaces/ 200 - - 2.943 ms
space       | GET /spaces/ 200 - - 3.018 ms
space       | GET /spaces/ 200 - - 2.923 ms
space       | GET /spaces/ 200 - - 18.009 ms
space       | GET /spaces/ 200 - - 2.960 ms
space       | GET /spaces/ 200 - - 6.524 ms
space       | GET /spaces/ 200 - - 39.786 ms
space       | GET /spaces/ 200 - - 27.021 ms
space       | GET /spaces/ 200 - - 113.001 ms
space       | GET /spaces/ 200 - - 45.914 ms
space       | GET /spaces/ 200 - - 56.626 ms
space       | GET /spaces/ 200 - - 78.719 ms
space       | GET /spaces/ 200 - - 50.261 ms
space       | GET /spaces/ 200 - - 38.586 ms
space       | GET /spaces/ 200 - - 29.039 ms
space       | GET /spaces/ 200 - - 26.458 ms
space       | GET /spaces/ 200 - - 90.023 ms
space       | GET /spaces/ 200 - - 76.607 ms
space       | GET /spaces/ 200 - - 65.756 ms
grist-1     | gvisor check ok (flags: -unprivileged -ignore-cgroups)
grist-1     | 2026-09-18 11:26:01.646 - [32minfo[39m: Loading config file from /persist/config.json
grist-1     | 2026-09-18 11:26:01.669 - [34mdebug[39m: 3-pipe Sandbox started sandboxPid=70, flavor=gvisor, command=undefined, entryPoint=(default)
grist-1     | 2026-09-18 11:26:01.956 - [32minfo[39m: Sandbox stderr: run.py: sandbox/gvisor/run.py -E PYTHONPATH=/grist/sandbox/grist -E PIPE_MODE=minimal -m /grist/sandbox --checkpoint /tmp/engine__grist python3 -- /grist/sandbox/grist/main.py sandboxPid=70, flavor=gvisor, command=undefined, entryPoint=(default)
grist-1     | 2026-09-18 11:26:04.782 - [32minfo[39m: Sandbox stderr: Ready message: [INFO] [__main__] Ready sandboxPid=70, flavor=gvisor, command=undefined, entryPoint=(default)
grist-1     | 2026-09-18 11:26:09.509 - [32minfo[39m: Loading config file from /persist/config.json
grist-1     | Welcome to Grist.
grist-1     | In quiet mode, see http://localhost:8484 to use.
grist-1     | For full logs, re-run with DEBUG=1
grist-1     | 2026-09-18 11:26:11.055 - [32minfo[39m: RestartShell: starting
grist-1     | 2026-09-18 11:26:11.075 - [32minfo[39m: RestartShell: listening on port 8484
grist-1     | 2026-09-18 11:26:11.077 - [32minfo[39m: RestartShell: spawning child
grist-1     | Welcome to Grist.
grist-1     | In quiet mode, see http://localhost:8484 to use.
grist-1     | For full logs, re-run with DEBUG=1
grist-1     | ┌────────────────────────────────────────┐
grist-1     | │                                        │
grist-1     | │   BOOT KEY: 68b0a44fbef6c1fa2fb5bc7f   │
grist-1     | │                                        │
grist-1     | │   Use this key at /boot to sign in.    │
grist-1     | │                                        │
grist-1     | └────────────────────────────────────────┘
grist-1     | 2026-09-18 11:26:16.803 - [32minfo[39m: RestartShell: child ready
proxy       | {"level":"info","ts":1789259317.1326776,"msg":"maxprocs: Leaving GOMAXPROCS=2: CPU quota undefined"}
proxy       | {"level":"info","ts":1789259317.1327143,"msg":"GOMEMLIMIT is updated","GOMEMLIMIT":3695486976,"previous":9223372036854775807}
proxy       | {"level":"info","ts":1789259317.1327205,"msg":"using config from file","file":"/etc/caddy/Caddyfile"}
proxy       | {"level":"info","ts":1789259317.1327245,"msg":"adapted config to JSON","adapter":"caddyfile"}
proxy       | {"level":"warn","ts":1789259317.1327279,"msg":"Caddyfile input is not formatted; run 'caddy fmt --overwrite' to fix inconsistencies","adapter":"caddyfile","file":"/etc/caddy/Caddyfile","line":6}
proxy       | {"level":"info","ts":1789259317.1346722,"logger":"admin","msg":"admin endpoint started","address":"localhost:2019","enforce_origin":false,"origins":["//127.0.0.1:2019","//localhost:2019","//[::1]:2019"]}
proxy       | {"level":"info","ts":1789259317.1354845,"logger":"tls.cache.maintenance","msg":"started background certificate maintenance","cache":"0x3bb9f6fbc80"}
proxy       | {"level":"warn","ts":1789259317.1378953,"logger":"tls","msg":"stapling OCSP","error":"no OCSP stapling for [cloudflare origin certificate *.ten-fold.co ten-fold.co]: no URL to issuing certificate"}
proxy       | {"level":"info","ts":1789259317.138153,"logger":"http.auto_https","msg":"skipping automatic certificate management because one or more matching certificates are already loaded","domain":"ten-fold.co","server_name":"srv0"}
proxy       | {"level":"info","ts":1789259317.1381795,"logger":"http.auto_https","msg":"enabling automatic HTTP->HTTPS redirects","server_name":"srv0"}
proxy       | {"level":"info","ts":1789259317.1437297,"logger":"http","msg":"enabling HTTP/3 listener","addr":":443"}
proxy       | {"level":"info","ts":1789259317.1442597,"msg":"failed to sufficiently increase receive buffer size (was: 208 kiB, wanted: 7168 kiB, got: 416 kiB). See https://github.com/quic-go/quic-go/wiki/UDP-Buffer-Sizes for details."}
proxy       | {"level":"info","ts":1789259317.144544,"logger":"http.log","msg":"server running","name":"srv0","protocols":["h1","h2","h3"]}
proxy       | {"level":"warn","ts":1789259317.144675,"logger":"http","msg":"HTTP/2 skipped because it requires TLS","network":"tcp","addr":":80"}
proxy       | {"level":"warn","ts":1789259317.1446834,"logger":"http","msg":"HTTP/3 skipped because it requires TLS","network":"tcp","addr":":80"}
proxy       | {"level":"info","ts":1789259317.144687,"logger":"http.log","msg":"server running","name":"remaining_auto_https_redirects","protocols":["h1","h2","h3"]}
proxy       | {"level":"info","ts":1789259317.1460361,"msg":"autosaved config (load with --resume flag)","file":"/config/caddy/autosave.json"}
proxy       | {"level":"info","ts":1789259317.1460636,"msg":"serving initial configuration"}
proxy       | {"level":"info","ts":1789259317.1492035,"logger":"tls","msg":"storage cleaning happened too recently; skipping for now","storage":"FileStorage:/data/caddy","instance":"77e55490-db37-484a-94c1-2ea34d0898a3","try_again":1789345717.1491992,"try_again_in":86399.999999075}
proxy       | {"level":"info","ts":1789259317.1493917,"logger":"tls","msg":"finished cleaning storage units"}
proxy       | {"level":"info","ts":1789345717.1564126,"logger":"tls","msg":"cleaning storage unit","storage":"FileStorage:/data/caddy"}
proxy       | {"level":"info","ts":1789345717.1636028,"logger":"tls","msg":"finished cleaning storage units"}
proxy       | {"level":"info","ts":1789432117.1488166,"logger":"tls","msg":"storage cleaning happened too recently; skipping for now","storage":"FileStorage:/data/caddy","instance":"77e55490-db37-484a-94c1-2ea34d0898a3","try_again":1789518517.148811,"try_again_in":86399.999999234}
proxy       | {"level":"info","ts":1789432117.1493468,"logger":"tls","msg":"finished cleaning storage units"}
proxy       | {"level":"info","ts":1789518517.1491954,"logger":"tls","msg":"cleaning storage unit","storage":"FileStorage:/data/caddy"}
proxy       | {"level":"info","ts":1789518517.1523867,"logger":"tls","msg":"finished cleaning storage units"}
proxy       | {"level":"info","ts":1789604917.152057,"logger":"tls","msg":"cleaning storage unit","storage":"FileStorage:/data/caddy"}
proxy       | {"level":"info","ts":1789604917.1560147,"logger":"tls","msg":"finished cleaning storage units"}
proxy       | {"level":"info","ts":1789691317.150005,"logger":"tls","msg":"storage cleaning happened too recently; skipping for now","storage":"FileStorage:/data/caddy","instance":"77e55490-db37-484a-94c1-2ea34d0898a3","try_again":1789777717.15,"try_again_in":86399.999998995}
proxy       | {"level":"info","ts":1789691317.150906,"logger":"tls","msg":"finished cleaning storage units"}
plane-live  | {"level":"info","message":"REDIS_MANAGER: Redis client connected","timestamp":"2026-09-13 20:57:35:5735"}
plane-live  | {"level":"info","message":"REDIS_MANAGER: Redis client ready","timestamp":"2026-09-13 20:57:35:5735"}
plane-live  | {"level":"info","message":"REDIS_MANAGER: Redis connection test successful","timestamp":"2026-09-13 20:57:35:5735"}
plane-live  | {"level":"info","message":"SERVER: Redis setup completed","timestamp":"2026-09-13 20:57:35:5735"}
plane-live  | {"level":"info","message":"SERVER: HocusPocus setup completed","timestamp":"2026-09-13 20:57:35:5735"}
plane-live  | {"level":"info","message":"SERVER: Express server has started at port 3000","timestamp":"2026-09-13 20:57:35:5735"}
plane-live  | {"level":"info","message":"[Redis] Subscribed to admin channel: hocuspocus:admin","timestamp":"2026-09-13 20:57:35:5735"}
plane-live  | {"level":"info","message":"[Redis] Attached admin message listener","timestamp":"2026-09-13 20:57:35:5735"}
plane-live  | {"level":"info","message":"[Redis] Registered admin command: force_close","timestamp":"2026-09-13 20:57:35:5735"}
plane-live  | {"level":"info","message":"[FORCE_CLOSE_HANDLER] Registered with Redis extension","timestamp":"2026-09-13 20:57:35:5735"}
plane-live  | {"level":"info","message":"GET /live/.env 404 8ms","meta":{"req":{"headers":{"accept":"*/*","accept-encoding":"gzip, br","cdn-loop":"cloudflare; loops=1","cf-connecting-ip":"34.147.14.118","cf-ipcountry":"NL","cf-ray":"a3b82c05dde62d8e-SIN","cf-visitor":"{\"scheme\":\"https\"}","host":"ten-fold.co","next-action":"x","user-agent":"Mozilla/5.0 (X11; Linux x86_64) AppleWebKit/537.36 (KHTML, like Gecko) Chrome/131.0.0.0 Safari/537.36","via":"2.0 Caddy","x-forwarded-for":"34.147.14.118, 104.22.66.141","x-forwarded-host":"ten-fold.co","x-forwarded-proto":"https","x-nextjs-request-id":"974bdce4"},"httpVersion":"1.1","method":"GET","originalUrl":"/live/.env","query":{},"url":"/live/.env"},"res":{"statusCode":404},"responseTime":8},"timestamp":"2026-09-15 14:02:56:256"}
plane-live  | {"level":"info","message":"GET /live/.env 404 1ms","meta":{"req":{"headers":{"accept":"*/*","accept-encoding":"gzip, br","cdn-loop":"cloudflare; loops=1","cf-connecting-ip":"34.84.230.51","cf-ipcountry":"JP","cf-ray":"a3b974fe0a59d514-SIN","cf-visitor":"{\"scheme\":\"https\"}","host":"ten-fold.co","next-action":"x","user-agent":"Mozilla/5.0 (X11; Linux x86_64) AppleWebKit/537.36 (KHTML, like Gecko) Chrome/131.0.0.0 Safari/537.36","via":"2.0 Caddy","x-forwarded-for":"34.84.230.51, 172.70.189.31","x-forwarded-host":"ten-fold.co","x-forwarded-proto":"https","x-nextjs-request-id":"339ecf0e"},"httpVersion":"1.1","method":"GET","originalUrl":"/live/.env","query":{},"url":"/live/.env"},"res":{"statusCode":404},"responseTime":1},"timestamp":"2026-09-15 17:47:30:4730"}
plane-live  | {"level":"info","message":"GET /live/.env 404 1ms","meta":{"req":{"headers":{"accept":"*/*","accept-encoding":"gzip, br","cdn-loop":"cloudflare; loops=1","cf-connecting-ip":"45.139.104.164","cf-ipcountry":"DE","cf-ray":"a3bc44472ba4f66d-SIN","cf-visitor":"{\"scheme\":\"https\"}","host":"ten-fold.co","user-agent":"Mozilla/5.0 (compatible; UnifiedPaths/1.0)","via":"2.0 Caddy","x-forwarded-for":"45.139.104.164, 172.69.165.55","x-forwarded-host":"ten-fold.co","x-forwarded-proto":"https"},"httpVersion":"1.1","method":"GET","originalUrl":"/live/.env","query":{},"url":"/live/.env"},"res":{"statusCode":404},"responseTime":1},"timestamp":"2026-09-16 01:58:32:5832"}
plane-live  | {"level":"info","message":"GET /live/.env 404 0ms","meta":{"req":{"headers":{"accept":"*/*","accept-encoding":"gzip, br","cdn-loop":"cloudflare; loops=1","cf-connecting-ip":"34.65.90.242","cf-ipcountry":"CH","cf-ray":"a3bc8fbceb206d88-SIN","cf-visitor":"{\"scheme\":\"https\"}","host":"ten-fold.co","next-action":"x","user-agent":"Mozilla/5.0 (Macintosh; Intel Mac OS X 10_15_7) AppleWebKit/537.36 (KHTML, like Gecko) Chrome/131.0.0.0 Safari/537.36","via":"2.0 Caddy","x-forwarded-for":"34.65.90.242, 162.158.106.144","x-forwarded-host":"ten-fold.co","x-forwarded-proto":"https","x-nextjs-request-id":"f0eb348c"},"httpVersion":"1.1","method":"GET","originalUrl":"/live/.env","query":{},"url":"/live/.env"},"res":{"statusCode":404},"responseTime":0},"timestamp":"2026-09-16 02:50:03:503"}
plane-live  | {"level":"info","message":"GET /live/.env 404 47ms","meta":{"req":{"headers":{"accept":"*/*","accept-encoding":"gzip, br","cdn-loop":"cloudflare; loops=1","cf-connecting-ip":"34.84.173.26","cf-ipcountry":"JP","cf-ray":"a3c9f24ec9afd49b-SIN","cf-visitor":"{\"scheme\":\"https\"}","host":"ten-fold.co","next-action":"x","user-agent":"Mozilla/5.0 (Windows NT 10.0; Win64; x64) AppleWebKit/537.36 (KHTML, like Gecko) Chrome/131.0.0.0 Safari/537.36","via":"2.0 Caddy","x-forwarded-for":"34.84.173.26, 162.158.170.155","x-forwarded-host":"ten-fold.co","x-forwarded-proto":"https","x-nextjs-request-id":"4aefcac4"},"httpVersion":"1.1","method":"GET","originalUrl":"/live/.env","query":{},"url":"/live/.env"},"res":{"statusCode":404},"responseTime":47},"timestamp":"2026-09-17 17:49:16:4916"}
bgworker    | [2026-09-18 08:00:00,029: INFO/MainProcess] Task plane.bgtasks.email_notification_task.stack_email_notification[7998c88d-fe1e-4e5c-9595-ae8707b9397b] received
bgworker    | {"levelname": "INFO", "asctime": "2026-09-18 08:00:00,029", "module": "strategy", "name": "celery.worker.strategy", "message": "Task plane.bgtasks.email_notification_task.stack_email_notification[7998c88d-fe1e-4e5c-9595-ae8707b9397b] received", "data": {"id": "7998c88d-fe1e-4e5c-9595-ae8707b9397b", "name": "plane.bgtasks.email_notification_task.stack_email_notification", "args": "()", "kwargs": "{}", "eta": null}}
bgworker    | [2026-09-18 08:05:00,043: INFO/MainProcess] Task plane.bgtasks.email_notification_task.stack_email_notification[8e0d2f62-6f90-42fb-81ad-65a18aaff304] received
bgworker    | {"levelname": "INFO", "asctime": "2026-09-18 08:05:00,043", "module": "strategy", "name": "celery.worker.strategy", "message": "Task plane.bgtasks.email_notification_task.stack_email_notification[8e0d2f62-6f90-42fb-81ad-65a18aaff304] received", "data": {"id": "8e0d2f62-6f90-42fb-81ad-65a18aaff304", "name": "plane.bgtasks.email_notification_task.stack_email_notification", "args": "()", "kwargs": "{}", "eta": null}}
bgworker    | [2026-09-18 08:10:00,398: INFO/MainProcess] Task plane.bgtasks.email_notification_task.stack_email_notification[1891f0e5-623c-48c0-874f-55c398770dd3] received
bgworker    | {"levelname": "INFO", "asctime": "2026-09-18 08:10:00,398", "module": "strategy", "name": "celery.worker.strategy", "message": "Task plane.bgtasks.email_notification_task.stack_email_notification[1891f0e5-623c-48c0-874f-55c398770dd3] received", "data": {"id": "1891f0e5-623c-48c0-874f-55c398770dd3", "name": "plane.bgtasks.email_notification_task.stack_email_notification", "args": "()", "kwargs": "{}", "eta": null}}
bgworker    | [2026-09-18 08:15:00,397: INFO/MainProcess] Task plane.bgtasks.email_notification_task.stack_email_notification[7ebad128-3334-4228-af3d-64ab3fb2d579] received
bgworker    | {"levelname": "INFO", "asctime": "2026-09-18 08:15:00,397", "module": "strategy", "name": "celery.worker.strategy", "message": "Task plane.bgtasks.email_notification_task.stack_email_notification[7ebad128-3334-4228-af3d-64ab3fb2d579] received", "data": {"id": "7ebad128-3334-4228-af3d-64ab3fb2d579", "name": "plane.bgtasks.email_notification_task.stack_email_notification", "args": "()", "kwargs": "{}", "eta": null}}
bgworker    | [2026-09-18 08:20:00,036: INFO/MainProcess] Task plane.bgtasks.email_notification_task.stack_email_notification[10c132bf-b50c-4513-bc43-587634ba8787] received
bgworker    | {"levelname": "INFO", "asctime": "2026-09-18 08:20:00,036", "module": "strategy", "name": "celery.worker.strategy", "message": "Task plane.bgtasks.email_notification_task.stack_email_notification[10c132bf-b50c-4513-bc43-587634ba8787] received", "data": {"id": "10c132bf-b50c-4513-bc43-587634ba8787", "name": "plane.bgtasks.email_notification_task.stack_email_notification", "args": "()", "kwargs": "{}", "eta": null}}
bgworker    | [2026-09-18 08:25:00,034: INFO/MainProcess] Task plane.bgtasks.email_notification_task.stack_email_notification[2a8f5365-8898-4fe2-b71c-50f230071fc7] received
bgworker    | {"levelname": "INFO", "asctime": "2026-09-18 08:25:00,034", "module": "strategy", "name": "celery.worker.strategy", "message": "Task plane.bgtasks.email_notification_task.stack_email_notification[2a8f5365-8898-4fe2-b71c-50f230071fc7] received", "data": {"id": "2a8f5365-8898-4fe2-b71c-50f230071fc7", "name": "plane.bgtasks.email_notification_task.stack_email_notification", "args": "()", "kwargs": "{}", "eta": null}}
bgworker    | [2026-09-18 08:30:00,032: INFO/MainProcess] Task plane.bgtasks.email_notification_task.stack_email_notification[6414c2e9-2415-491c-ba55-c6f7a8c89f85] received
bgworker    | {"levelname": "INFO", "asctime": "2026-09-18 08:30:00,032", "module": "strategy", "name": "celery.worker.strategy", "message": "Task plane.bgtasks.email_notification_task.stack_email_notification[6414c2e9-2415-491c-ba55-c6f7a8c89f85] received", "data": {"id": "6414c2e9-2415-491c-ba55-c6f7a8c89f85", "name": "plane.bgtasks.email_notification_task.stack_email_notification", "args": "()", "kwargs": "{}", "eta": null}}
bgworker    | [2026-09-18 08:35:00,034: INFO/MainProcess] Task plane.bgtasks.email_notification_task.stack_email_notification[8292c23f-0d89-4134-ac26-a74dbde9a362] received
bgworker    | {"levelname": "INFO", "asctime": "2026-09-18 08:35:00,034", "module": "strategy", "name": "celery.worker.strategy", "message": "Task plane.bgtasks.email_notification_task.stack_email_notification[8292c23f-0d89-4134-ac26-a74dbde9a362] received", "data": {"id": "8292c23f-0d89-4134-ac26-a74dbde9a362", "name": "plane.bgtasks.email_notification_task.stack_email_notification", "args": "()", "kwargs": "{}", "eta": null}}
bgworker    | [2026-09-18 08:40:00,043: INFO/MainProcess] Task plane.bgtasks.email_notification_task.stack_email_notification[564b2119-cabc-499f-ad1a-5fb5c8620d3e] received
bgworker    | {"levelname": "INFO", "asctime": "2026-09-18 08:40:00,043", "module": "strategy", "name": "celery.worker.strategy", "message": "Task plane.bgtasks.email_notification_task.stack_email_notification[564b2119-cabc-499f-ad1a-5fb5c8620d3e] received", "data": {"id": "564b2119-cabc-499f-ad1a-5fb5c8620d3e", "name": "plane.bgtasks.email_notification_task.stack_email_notification", "args": "()", "kwargs": "{}", "eta": null}}
bgworker    | [2026-09-18 08:45:00,030: INFO/MainProcess] Task plane.bgtasks.email_notification_task.stack_email_notification[aeb04a81-fe64-45e8-9fe7-2f2b614351d6] received
bgworker    | {"levelname": "INFO", "asctime": "2026-09-18 08:45:00,030", "module": "strategy", "name": "celery.worker.strategy", "message": "Task plane.bgtasks.email_notification_task.stack_email_notification[aeb04a81-fe64-45e8-9fe7-2f2b614351d6] received", "data": {"id": "aeb04a81-fe64-45e8-9fe7-2f2b614351d6", "name": "plane.bgtasks.email_notification_task.stack_email_notification", "args": "()", "kwargs": "{}", "eta": null}}
bgworker    | [2026-09-18 08:50:00,027: INFO/MainProcess] Task plane.bgtasks.email_notification_task.stack_email_notification[8a97d4da-7a9c-4a70-ab39-070625ed8bdb] received
bgworker    | {"levelname": "INFO", "asctime": "2026-09-18 08:50:00,027", "module": "strategy", "name": "celery.worker.strategy", "message": "Task plane.bgtasks.email_notification_task.stack_email_notification[8a97d4da-7a9c-4a70-ab39-070625ed8bdb] received", "data": {"id": "8a97d4da-7a9c-4a70-ab39-070625ed8bdb", "name": "plane.bgtasks.email_notification_task.stack_email_notification", "args": "()", "kwargs": "{}", "eta": null}}
bgworker    | [2026-09-18 08:55:00,152: INFO/MainProcess] Task plane.bgtasks.email_notification_task.stack_email_notification[22225e47-bc53-4f1a-ab46-ff49f5f6a45e] received
bgworker    | {"levelname": "INFO", "asctime": "2026-09-18 08:55:00,152", "module": "strategy", "name": "celery.worker.strategy", "message": "Task plane.bgtasks.email_notification_task.stack_email_notification[22225e47-bc53-4f1a-ab46-ff49f5f6a45e] received", "data": {"id": "22225e47-bc53-4f1a-ab46-ff49f5f6a45e", "name": "plane.bgtasks.email_notification_task.stack_email_notification", "args": "()", "kwargs": "{}", "eta": null}}
bgworker    | [2026-09-18 09:00:00,450: INFO/MainProcess] Task plane.bgtasks.email_notification_task.stack_email_notification[2f472fe6-9e60-4ea2-bc59-70f217e8d9ce] received
bgworker    | {"levelname": "INFO", "asctime": "2026-09-18 09:00:00,450", "module": "strategy", "name": "celery.worker.strategy", "message": "Task plane.bgtasks.email_notification_task.stack_email_notification[2f472fe6-9e60-4ea2-bc59-70f217e8d9ce] received", "data": {"id": "2f472fe6-9e60-4ea2-bc59-70f217e8d9ce", "name": "plane.bgtasks.email_notification_task.stack_email_notification", "args": "()", "kwargs": "{}", "eta": null}}
bgworker    | [2026-09-18 09:05:00,030: INFO/MainProcess] Task plane.bgtasks.email_notification_task.stack_email_notification[d00f1433-2c4f-4ceb-b12b-4e36c6fc3f80] received
bgworker    | {"levelname": "INFO", "asctime": "2026-09-18 09:05:00,030", "module": "strategy", "name": "celery.worker.strategy", "message": "Task plane.bgtasks.email_notification_task.stack_email_notification[d00f1433-2c4f-4ceb-b12b-4e36c6fc3f80] received", "data": {"id": "d00f1433-2c4f-4ceb-b12b-4e36c6fc3f80", "name": "plane.bgtasks.email_notification_task.stack_email_notification", "args": "()", "kwargs": "{}", "eta": null}}
bgworker    | [2026-09-18 09:10:00,036: INFO/MainProcess] Task plane.bgtasks.email_notification_task.stack_email_notification[c060ccc7-69d4-4c5c-8dc8-ffe7dab10696] received
bgworker    | {"levelname": "INFO", "asctime": "2026-09-18 09:10:00,036", "module": "strategy", "name": "celery.worker.strategy", "message": "Task plane.bgtasks.email_notification_task.stack_email_notification[c060ccc7-69d4-4c5c-8dc8-ffe7dab10696] received", "data": {"id": "c060ccc7-69d4-4c5c-8dc8-ffe7dab10696", "name": "plane.bgtasks.email_notification_task.stack_email_notification", "args": "()", "kwargs": "{}", "eta": null}}
bgworker    | [2026-09-18 09:15:00,027: INFO/MainProcess] Task plane.bgtasks.email_notification_task.stack_email_notification[9fd7b1ea-e1e7-425c-8b8d-b10cd4161009] received
bgworker    | {"levelname": "INFO", "asctime": "2026-09-18 09:15:00,027", "module": "strategy", "name": "celery.worker.strategy", "message": "Task plane.bgtasks.email_notification_task.stack_email_notification[9fd7b1ea-e1e7-425c-8b8d-b10cd4161009] received", "data": {"id": "9fd7b1ea-e1e7-425c-8b8d-b10cd4161009", "name": "plane.bgtasks.email_notification_task.stack_email_notification", "args": "()", "kwargs": "{}", "eta": null}}
bgworker    | [2026-09-18 09:20:00,444: INFO/MainProcess] Task plane.bgtasks.email_notification_task.stack_email_notification[62978714-44bd-4051-b31f-2d641729bf19] received
bgworker    | {"levelname": "INFO", "asctime": "2026-09-18 09:20:00,444", "module": "strategy", "name": "celery.worker.strategy", "message": "Task plane.bgtasks.email_notification_task.stack_email_notification[62978714-44bd-4051-b31f-2d641729bf19] received", "data": {"id": "62978714-44bd-4051-b31f-2d641729bf19", "name": "plane.bgtasks.email_notification_task.stack_email_notification", "args": "()", "kwargs": "{}", "eta": null}}
bgworker    | [2026-09-18 09:25:00,383: INFO/MainProcess] Task plane.bgtasks.email_notification_task.stack_email_notification[6a1f5ce4-ac35-40f3-81c1-b1e9ecc2a212] received
bgworker    | {"levelname": "INFO", "asctime": "2026-09-18 09:25:00,383", "module": "strategy", "name": "celery.worker.strategy", "message": "Task plane.bgtasks.email_notification_task.stack_email_notification[6a1f5ce4-ac35-40f3-81c1-b1e9ecc2a212] received", "data": {"id": "6a1f5ce4-ac35-40f3-81c1-b1e9ecc2a212", "name": "plane.bgtasks.email_notification_task.stack_email_notification", "args": "()", "kwargs": "{}", "eta": null}}
bgworker    | [2026-09-18 09:30:00,043: INFO/MainProcess] Task plane.bgtasks.email_notification_task.stack_email_notification[c64d3450-cb2e-4cf4-b78a-9727c8ca26c3] received
bgworker    | {"levelname": "INFO", "asctime": "2026-09-18 09:30:00,043", "module": "strategy", "name": "celery.worker.strategy", "message": "Task plane.bgtasks.email_notification_task.stack_email_notification[c64d3450-cb2e-4cf4-b78a-9727c8ca26c3] received", "data": {"id": "c64d3450-cb2e-4cf4-b78a-9727c8ca26c3", "name": "plane.bgtasks.email_notification_task.stack_email_notification", "args": "()", "kwargs": "{}", "eta": null}}
bgworker    | [2026-09-18 09:35:00,031: INFO/MainProcess] Task plane.bgtasks.email_notification_task.stack_email_notification[de502b36-e2c4-4fb6-a42c-6eef7dbd6ba4] received
bgworker    | {"levelname": "INFO", "asctime": "2026-09-18 09:35:00,031", "module": "strategy", "name": "celery.worker.strategy", "message": "Task plane.bgtasks.email_notification_task.stack_email_notification[de502b36-e2c4-4fb6-a42c-6eef7dbd6ba4] received", "data": {"id": "de502b36-e2c4-4fb6-a42c-6eef7dbd6ba4", "name": "plane.bgtasks.email_notification_task.stack_email_notification", "args": "()", "kwargs": "{}", "eta": null}}
bgworker    | [2026-09-18 09:40:00,033: INFO/MainProcess] Task plane.bgtasks.email_notification_task.stack_email_notification[cca983de-ec79-4ddf-9ff2-c08a1a0cc051] received
bgworker    | {"levelname": "INFO", "asctime": "2026-09-18 09:40:00,033", "module": "strategy", "name": "celery.worker.strategy", "message": "Task plane.bgtasks.email_notification_task.stack_email_notification[cca983de-ec79-4ddf-9ff2-c08a1a0cc051] received", "data": {"id": "cca983de-ec79-4ddf-9ff2-c08a1a0cc051", "name": "plane.bgtasks.email_notification_task.stack_email_notification", "args": "()", "kwargs": "{}", "eta": null}}
bgworker    | [2026-09-18 09:45:00,027: INFO/MainProcess] Task plane.bgtasks.email_notification_task.stack_email_notification[723ab5c2-2124-4d49-b9d7-88c703b7767d] received
bgworker    | {"levelname": "INFO", "asctime": "2026-09-18 09:45:00,027", "module": "strategy", "name": "celery.worker.strategy", "message": "Task plane.bgtasks.email_notification_task.stack_email_notification[723ab5c2-2124-4d49-b9d7-88c703b7767d] received", "data": {"id": "723ab5c2-2124-4d49-b9d7-88c703b7767d", "name": "plane.bgtasks.email_notification_task.stack_email_notification", "args": "()", "kwargs": "{}", "eta": null}}
bgworker    | [2026-09-18 09:50:00,044: INFO/MainProcess] Task plane.bgtasks.email_notification_task.stack_email_notification[49a64d7f-9121-43eb-9696-29dd450862af] received
bgworker    | {"levelname": "INFO", "asctime": "2026-09-18 09:50:00,044", "module": "strategy", "name": "celery.worker.strategy", "message": "Task plane.bgtasks.email_notification_task.stack_email_notification[49a64d7f-9121-43eb-9696-29dd450862af] received", "data": {"id": "49a64d7f-9121-43eb-9696-29dd450862af", "name": "plane.bgtasks.email_notification_task.stack_email_notification", "args": "()", "kwargs": "{}", "eta": null}}
bgworker    | [2026-09-18 09:52:54,560: INFO/MainProcess] Task plane.license.bgtasks.telemetry_metrics.push_instance_metrics[5a6bd0c3-6177-4e16-9e71-13238e14521e] received
bgworker    | {"levelname": "INFO", "asctime": "2026-09-18 09:52:54,560", "module": "strategy", "name": "celery.worker.strategy", "message": "Task plane.license.bgtasks.telemetry_metrics.push_instance_metrics[5a6bd0c3-6177-4e16-9e71-13238e14521e] received", "data": {"id": "5a6bd0c3-6177-4e16-9e71-13238e14521e", "name": "plane.license.bgtasks.telemetry_metrics.push_instance_metrics", "args": "()", "kwargs": "{}", "eta": null}}
bgworker    | [2026-09-18 09:55:00,045: INFO/MainProcess] Task plane.bgtasks.email_notification_task.stack_email_notification[9fe40471-f911-4fff-be41-e80c17352836] received
bgworker    | {"levelname": "INFO", "asctime": "2026-09-18 09:55:00,045", "module": "strategy", "name": "celery.worker.strategy", "message": "Task plane.bgtasks.email_notification_task.stack_email_notification[9fe40471-f911-4fff-be41-e80c17352836] received", "data": {"id": "9fe40471-f911-4fff-be41-e80c17352836", "name": "plane.bgtasks.email_notification_task.stack_email_notification", "args": "()", "kwargs": "{}", "eta": null}}
bgworker    | [2026-09-18 10:00:00,024: INFO/MainProcess] Task plane.bgtasks.email_notification_task.stack_email_notification[82ebf8f0-3919-43d7-b18e-ff741c52e6d1] received
bgworker    | {"levelname": "INFO", "asctime": "2026-09-18 10:00:00,024", "module": "strategy", "name": "celery.worker.strategy", "message": "Task plane.bgtasks.email_notification_task.stack_email_notification[82ebf8f0-3919-43d7-b18e-ff741c52e6d1] received", "data": {"id": "82ebf8f0-3919-43d7-b18e-ff741c52e6d1", "name": "plane.bgtasks.email_notification_task.stack_email_notification", "args": "()", "kwargs": "{}", "eta": null}}
bgworker    | [2026-09-18 10:04:28,346: INFO/MainProcess] Task plane.bgtasks.recent_visited_task.recent_visited_task[97761581-9040-4458-9c1e-5f6a269b4b99] received
bgworker    | {"levelname": "INFO", "asctime": "2026-09-18 10:04:28,346", "module": "strategy", "name": "celery.worker.strategy", "message": "Task plane.bgtasks.recent_visited_task.recent_visited_task[97761581-9040-4458-9c1e-5f6a269b4b99] received", "data": {"id": "97761581-9040-4458-9c1e-5f6a269b4b99", "name": "plane.bgtasks.recent_visited_task.recent_visited_task", "args": "()", "kwargs": "{'slug': 'brune4ai', 'project_id': UUID('8fd2a982-478c-479c-aeac-820e97299186'), 'entity_name': 'project', 'entity_identifier': UUID('8fd2a982-478c-479c-aeac-820e97299186'), 'user_id': UUID('57ff78ef-f40f-4d8d-bca3-7e302fe916ca')}", "eta": null}}
bgworker    | [2026-09-18 10:04:28,935: INFO/MainProcess] Task plane.bgtasks.recent_visited_task.recent_visited_task[40db564d-b41d-4e4f-aab7-1f187aca9526] received
bgworker    | {"levelname": "INFO", "asctime": "2026-09-18 10:04:28,935", "module": "strategy", "name": "celery.worker.strategy", "message": "Task plane.bgtasks.recent_visited_task.recent_visited_task[40db564d-b41d-4e4f-aab7-1f187aca9526] received", "data": {"id": "40db564d-b41d-4e4f-aab7-1f187aca9526", "name": "plane.bgtasks.recent_visited_task.recent_visited_task", "args": "()", "kwargs": "{'slug': 'brune4ai', 'project_id': UUID('8fd2a982-478c-479c-aeac-820e97299186'), 'entity_name': 'project', 'entity_identifier': UUID('8fd2a982-478c-479c-aeac-820e97299186'), 'user_id': UUID('57ff78ef-f40f-4d8d-bca3-7e302fe916ca')}", "eta": null}}
bgworker    | [2026-09-18 10:04:29,621: INFO/MainProcess] Task plane.bgtasks.recent_visited_task.recent_visited_task[e1b086ed-66af-4ff9-8bd4-a8400c9ac4ce] received
bgworker    | {"levelname": "INFO", "asctime": "2026-09-18 10:04:29,621", "module": "strategy", "name": "celery.worker.strategy", "message": "Task plane.bgtasks.recent_visited_task.recent_visited_task[e1b086ed-66af-4ff9-8bd4-a8400c9ac4ce] received", "data": {"id": "e1b086ed-66af-4ff9-8bd4-a8400c9ac4ce", "name": "plane.bgtasks.recent_visited_task.recent_visited_task", "args": "()", "kwargs": "{'slug': 'brune4ai', 'project_id': UUID('8fd2a982-478c-479c-aeac-820e97299186'), 'entity_name': 'project', 'entity_identifier': UUID('8fd2a982-478c-479c-aeac-820e97299186'), 'user_id': UUID('57ff78ef-f40f-4d8d-bca3-7e302fe916ca')}", "eta": null}}
bgworker    | [2026-09-18 10:05:00,043: INFO/MainProcess] Task plane.bgtasks.email_notification_task.stack_email_notification[848fa00b-de1b-49f0-9bc8-487ce15e894f] received
bgworker    | {"levelname": "INFO", "asctime": "2026-09-18 10:05:00,043", "module": "strategy", "name": "celery.worker.strategy", "message": "Task plane.bgtasks.email_notification_task.stack_email_notification[848fa00b-de1b-49f0-9bc8-487ce15e894f] received", "data": {"id": "848fa00b-de1b-49f0-9bc8-487ce15e894f", "name": "plane.bgtasks.email_notification_task.stack_email_notification", "args": "()", "kwargs": "{}", "eta": null}}
bgworker    | [2026-09-18 10:06:28,653: INFO/MainProcess] Task plane.bgtasks.recent_visited_task.recent_visited_task[3843c85b-78a3-4108-8d18-dbd375a507d1] received
bgworker    | {"levelname": "INFO", "asctime": "2026-09-18 10:06:28,653", "module": "strategy", "name": "celery.worker.strategy", "message": "Task plane.bgtasks.recent_visited_task.recent_visited_task[3843c85b-78a3-4108-8d18-dbd375a507d1] received", "data": {"id": "3843c85b-78a3-4108-8d18-dbd375a507d1", "name": "plane.bgtasks.recent_visited_task.recent_visited_task", "args": "()", "kwargs": "{'slug': 'brune4ai', 'project_id': UUID('8fd2a982-478c-479c-aeac-820e97299186'), 'entity_name': 'project', 'entity_identifier': UUID('8fd2a982-478c-479c-aeac-820e97299186'), 'user_id': UUID('57ff78ef-f40f-4d8d-bca3-7e302fe916ca')}", "eta": null}}
bgworker    | [2026-09-18 10:10:00,482: INFO/MainProcess] Task plane.bgtasks.email_notification_task.stack_email_notification[856916a9-f360-4bde-a1e7-571a651aa159] received
bgworker    | {"levelname": "INFO", "asctime": "2026-09-18 10:10:00,482", "module": "strategy", "name": "celery.worker.strategy", "message": "Task plane.bgtasks.email_notification_task.stack_email_notification[856916a9-f360-4bde-a1e7-571a651aa159] received", "data": {"id": "856916a9-f360-4bde-a1e7-571a651aa159", "name": "plane.bgtasks.email_notification_task.stack_email_notification", "args": "()", "kwargs": "{}", "eta": null}}
bgworker    | [2026-09-18 10:15:00,075: INFO/MainProcess] Task plane.bgtasks.email_notification_task.stack_email_notification[90e2509f-0c4e-4939-8d58-1875e73c0d4d] received
bgworker    | {"levelname": "INFO", "asctime": "2026-09-18 10:15:00,075", "module": "strategy", "name": "celery.worker.strategy", "message": "Task plane.bgtasks.email_notification_task.stack_email_notification[90e2509f-0c4e-4939-8d58-1875e73c0d4d] received", "data": {"id": "90e2509f-0c4e-4939-8d58-1875e73c0d4d", "name": "plane.bgtasks.email_notification_task.stack_email_notification", "args": "()", "kwargs": "{}", "eta": null}}
bgworker    | [2026-09-18 10:20:00,033: INFO/MainProcess] Task plane.bgtasks.email_notification_task.stack_email_notification[cd665bfa-ff64-4272-b247-d8dfe759b6d1] received
bgworker    | {"levelname": "INFO", "asctime": "2026-09-18 10:20:00,033", "module": "strategy", "name": "celery.worker.strategy", "message": "Task plane.bgtasks.email_notification_task.stack_email_notification[cd665bfa-ff64-4272-b247-d8dfe759b6d1] received", "data": {"id": "cd665bfa-ff64-4272-b247-d8dfe759b6d1", "name": "plane.bgtasks.email_notification_task.stack_email_notification", "args": "()", "kwargs": "{}", "eta": null}}
bgworker    | [2026-09-18 10:25:00,030: INFO/MainProcess] Task plane.bgtasks.email_notification_task.stack_email_notification[2c1bef64-3d68-4c5e-ac64-a1f0385a2fe2] received
bgworker    | {"levelname": "INFO", "asctime": "2026-09-18 10:25:00,030", "module": "strategy", "name": "celery.worker.strategy", "message": "Task plane.bgtasks.email_notification_task.stack_email_notification[2c1bef64-3d68-4c5e-ac64-a1f0385a2fe2] received", "data": {"id": "2c1bef64-3d68-4c5e-ac64-a1f0385a2fe2", "name": "plane.bgtasks.email_notification_task.stack_email_notification", "args": "()", "kwargs": "{}", "eta": null}}
bgworker    | [2026-09-18 10:30:00,053: INFO/MainProcess] Task plane.bgtasks.email_notification_task.stack_email_notification[03471a97-af1f-4507-8160-c23261ebb1f2] received
bgworker    | {"levelname": "INFO", "asctime": "2026-09-18 10:30:00,053", "module": "strategy", "name": "celery.worker.strategy", "message": "Task plane.bgtasks.email_notification_task.stack_email_notification[03471a97-af1f-4507-8160-c23261ebb1f2] received", "data": {"id": "03471a97-af1f-4507-8160-c23261ebb1f2", "name": "plane.bgtasks.email_notification_task.stack_email_notification", "args": "()", "kwargs": "{}", "eta": null}}
bgworker    | [2026-09-18 10:35:00,032: INFO/MainProcess] Task plane.bgtasks.email_notification_task.stack_email_notification[b5f37e93-e71b-4965-856f-d53ac3c126a9] received
bgworker    | {"levelname": "INFO", "asctime": "2026-09-18 10:35:00,032", "module": "strategy", "name": "celery.worker.strategy", "message": "Task plane.bgtasks.email_notification_task.stack_email_notification[b5f37e93-e71b-4965-856f-d53ac3c126a9] received", "data": {"id": "b5f37e93-e71b-4965-856f-d53ac3c126a9", "name": "plane.bgtasks.email_notification_task.stack_email_notification", "args": "()", "kwargs": "{}", "eta": null}}
bgworker    | [2026-09-18 10:40:00,062: INFO/MainProcess] Task plane.bgtasks.email_notification_task.stack_email_notification[b21aa7d5-21cd-40a9-9b31-5a1ca65a7fd1] received
bgworker    | {"levelname": "INFO", "asctime": "2026-09-18 10:40:00,062", "module": "strategy", "name": "celery.worker.strategy", "message": "Task plane.bgtasks.email_notification_task.stack_email_notification[b21aa7d5-21cd-40a9-9b31-5a1ca65a7fd1] received", "data": {"id": "b21aa7d5-21cd-40a9-9b31-5a1ca65a7fd1", "name": "plane.bgtasks.email_notification_task.stack_email_notification", "args": "()", "kwargs": "{}", "eta": null}}
bgworker    | [2026-09-18 10:45:00,028: INFO/MainProcess] Task plane.bgtasks.email_notification_task.stack_email_notification[4455b261-77f8-480c-8ed0-42384f0dd5b7] received
bgworker    | {"levelname": "INFO", "asctime": "2026-09-18 10:45:00,028", "module": "strategy", "name": "celery.worker.strategy", "message": "Task plane.bgtasks.email_notification_task.stack_email_notification[4455b261-77f8-480c-8ed0-42384f0dd5b7] received", "data": {"id": "4455b261-77f8-480c-8ed0-42384f0dd5b7", "name": "plane.bgtasks.email_notification_task.stack_email_notification", "args": "()", "kwargs": "{}", "eta": null}}
bgworker    | [2026-09-18 10:50:00,037: INFO/MainProcess] Task plane.bgtasks.email_notification_task.stack_email_notification[7f5b7c32-b50d-4d0f-84d3-0428feb3fd80] received
bgworker    | {"levelname": "INFO", "asctime": "2026-09-18 10:50:00,037", "module": "strategy", "name": "celery.worker.strategy", "message": "Task plane.bgtasks.email_notification_task.stack_email_notification[7f5b7c32-b50d-4d0f-84d3-0428feb3fd80] received", "data": {"id": "7f5b7c32-b50d-4d0f-84d3-0428feb3fd80", "name": "plane.bgtasks.email_notification_task.stack_email_notification", "args": "()", "kwargs": "{}", "eta": null}}
bgworker    | [2026-09-18 10:55:00,033: INFO/MainProcess] Task plane.bgtasks.email_notification_task.stack_email_notification[0198e224-6459-4792-aa49-8f08cce35af7] received
bgworker    | {"levelname": "INFO", "asctime": "2026-09-18 10:55:00,033", "module": "strategy", "name": "celery.worker.strategy", "message": "Task plane.bgtasks.email_notification_task.stack_email_notification[0198e224-6459-4792-aa49-8f08cce35af7] received", "data": {"id": "0198e224-6459-4792-aa49-8f08cce35af7", "name": "plane.bgtasks.email_notification_task.stack_email_notification", "args": "()", "kwargs": "{}", "eta": null}}
bgworker    | [2026-09-18 11:00:00,038: INFO/MainProcess] Task plane.bgtasks.email_notification_task.stack_email_notification[a43e5850-f897-4951-9080-2313fa6c988a] received
bgworker    | {"levelname": "INFO", "asctime": "2026-09-18 11:00:00,038", "module": "strategy", "name": "celery.worker.strategy", "message": "Task plane.bgtasks.email_notification_task.stack_email_notification[a43e5850-f897-4951-9080-2313fa6c988a] received", "data": {"id": "a43e5850-f897-4951-9080-2313fa6c988a", "name": "plane.bgtasks.email_notification_task.stack_email_notification", "args": "()", "kwargs": "{}", "eta": null}}
bgworker    | [2026-09-18 11:05:00,061: INFO/MainProcess] Task plane.bgtasks.email_notification_task.stack_email_notification[f8390151-fba2-4b91-93c3-527ed62b3eab] received
bgworker    | {"levelname": "INFO", "asctime": "2026-09-18 11:05:00,061", "module": "strategy", "name": "celery.worker.strategy", "message": "Task plane.bgtasks.email_notification_task.stack_email_notification[f8390151-fba2-4b91-93c3-527ed62b3eab] received", "data": {"id": "f8390151-fba2-4b91-93c3-527ed62b3eab", "name": "plane.bgtasks.email_notification_task.stack_email_notification", "args": "()", "kwargs": "{}", "eta": null}}
bgworker    | [2026-09-18 11:10:00,041: INFO/MainProcess] Task plane.bgtasks.email_notification_task.stack_email_notification[9a586bdb-c541-4a19-9754-92ec676bbfc4] received
bgworker    | {"levelname": "INFO", "asctime": "2026-09-18 11:10:00,041", "module": "strategy", "name": "celery.worker.strategy", "message": "Task plane.bgtasks.email_notification_task.stack_email_notification[9a586bdb-c541-4a19-9754-92ec676bbfc4] received", "data": {"id": "9a586bdb-c541-4a19-9754-92ec676bbfc4", "name": "plane.bgtasks.email_notification_task.stack_email_notification", "args": "()", "kwargs": "{}", "eta": null}}
bgworker    | [2026-09-18 11:15:00,038: INFO/MainProcess] Task plane.bgtasks.email_notification_task.stack_email_notification[303284b5-031d-45ba-9b3d-2e2c0ac43e47] received
bgworker    | {"levelname": "INFO", "asctime": "2026-09-18 11:15:00,038", "module": "strategy", "name": "celery.worker.strategy", "message": "Task plane.bgtasks.email_notification_task.stack_email_notification[303284b5-031d-45ba-9b3d-2e2c0ac43e47] received", "data": {"id": "303284b5-031d-45ba-9b3d-2e2c0ac43e47", "name": "plane.bgtasks.email_notification_task.stack_email_notification", "args": "()", "kwargs": "{}", "eta": null}}
bgworker    | [2026-09-18 11:20:00,042: INFO/MainProcess] Task plane.bgtasks.email_notification_task.stack_email_notification[1b4f7035-d8cc-4462-b326-abe97c70aa4e] received
bgworker    | {"levelname": "INFO", "asctime": "2026-09-18 11:20:00,042", "module": "strategy", "name": "celery.worker.strategy", "message": "Task plane.bgtasks.email_notification_task.stack_email_notification[1b4f7035-d8cc-4462-b326-abe97c70aa4e] received", "data": {"id": "1b4f7035-d8cc-4462-b326-abe97c70aa4e", "name": "plane.bgtasks.email_notification_task.stack_email_notification", "args": "()", "kwargs": "{}", "eta": null}}
bgworker    | [2026-09-18 11:25:00,027: INFO/MainProcess] Task plane.bgtasks.email_notification_task.stack_email_notification[21669ac3-070d-4e44-a528-cdf2de8f6781] received
web         | 2026/09/18 10:44:47.791	[34mINFO[0m	http.log.access.log0	handled request	{"request": {"remote_ip": "127.0.0.1", "remote_port": "50252", "client_ip": "127.0.0.1", "proto": "HTTP/1.1", "method": "GET", "host": "127.0.0.1:3000", "uri": "/", "headers": {"User-Agent": ["curl/8.22.0"], "Accept": ["*/*"]}}, "bytes_read": 0, "user_id": "", "duration": 0.000578989, "size": 6087, "status": 200, "resp_headers": {"X-Frame-Options": ["DENY"], "X-Xss-Protection": ["1; mode=block"], "Vary": ["Accept-Encoding"], "Last-Modified": ["Wed, 16 Sep 2026 23:45:14 GMT"], "Accept-Ranges": ["bytes"], "Content-Length": ["6087"], "X-Content-Type-Options": ["nosniff"], "Etag": ["\"dlh52pe14jcw4p3\""], "Content-Type": ["text/html; charset=utf-8"], "Server": ["Caddy"]}}
web         | 2026/09/18 10:45:17.885	[34mINFO[0m	http.log.access.log0	handled request	{"request": {"remote_ip": "127.0.0.1", "remote_port": "54050", "client_ip": "127.0.0.1", "proto": "HTTP/1.1", "method": "GET", "host": "127.0.0.1:3000", "uri": "/", "headers": {"User-Agent": ["curl/8.22.0"], "Accept": ["*/*"]}}, "bytes_read": 0, "user_id": "", "duration": 0.0006977, "size": 6087, "status": 200, "resp_headers": {"X-Frame-Options": ["DENY"], "Accept-Ranges": ["bytes"], "Content-Length": ["6087"], "Server": ["Caddy"], "X-Xss-Protection": ["1; mode=block"], "X-Content-Type-Options": ["nosniff"], "Vary": ["Accept-Encoding"], "Etag": ["\"dlh52pe14jcw4p3\""], "Content-Type": ["text/html; charset=utf-8"], "Last-Modified": ["Wed, 16 Sep 2026 23:45:14 GMT"]}}
web         | 2026/09/18 10:45:47.967	[34mINFO[0m	http.log.access.log0	handled request	{"request": {"remote_ip": "127.0.0.1", "remote_port": "34992", "client_ip": "127.0.0.1", "proto": "HTTP/1.1", "method": "GET", "host": "127.0.0.1:3000", "uri": "/", "headers": {"User-Agent": ["curl/8.22.0"], "Accept": ["*/*"]}}, "bytes_read": 0, "user_id": "", "duration": 0.000981648, "size": 6087, "status": 200, "resp_headers": {"Server": ["Caddy"], "X-Content-Type-Options": ["nosniff"], "Vary": ["Accept-Encoding"], "Etag": ["\"dlh52pe14jcw4p3\""], "Last-Modified": ["Wed, 16 Sep 2026 23:45:14 GMT"], "X-Frame-Options": ["DENY"], "X-Xss-Protection": ["1; mode=block"], "Content-Type": ["text/html; charset=utf-8"], "Accept-Ranges": ["bytes"], "Content-Length": ["6087"]}}
web         | 2026/09/18 10:46:18.064	[34mINFO[0m	http.log.access.log0	handled request	{"request": {"remote_ip": "127.0.0.1", "remote_port": "42826", "client_ip": "127.0.0.1", "proto": "HTTP/1.1", "method": "GET", "host": "127.0.0.1:3000", "uri": "/", "headers": {"User-Agent": ["curl/8.22.0"], "Accept": ["*/*"]}}, "bytes_read": 0, "user_id": "", "duration": 0.000749628, "size": 6087, "status": 200, "resp_headers": {"Content-Type": ["text/html; charset=utf-8"], "Content-Length": ["6087"], "Server": ["Caddy"], "X-Xss-Protection": ["1; mode=block"], "Last-Modified": ["Wed, 16 Sep 2026 23:45:14 GMT"], "Accept-Ranges": ["bytes"], "X-Content-Type-Options": ["nosniff"], "X-Frame-Options": ["DENY"], "Vary": ["Accept-Encoding"], "Etag": ["\"dlh52pe14jcw4p3\""]}}
web         | 2026/09/18 10:46:48.149	[34mINFO[0m	http.log.access.log0	handled request	{"request": {"remote_ip": "127.0.0.1", "remote_port": "45454", "client_ip": "127.0.0.1", "proto": "HTTP/1.1", "method": "GET", "host": "127.0.0.1:3000", "uri": "/", "headers": {"User-Agent": ["curl/8.22.0"], "Accept": ["*/*"]}}, "bytes_read": 0, "user_id": "", "duration": 0.000884727, "size": 6087, "status": 200, "resp_headers": {"Last-Modified": ["Wed, 16 Sep 2026 23:45:14 GMT"], "Accept-Ranges": ["bytes"], "Content-Length": ["6087"], "X-Content-Type-Options": ["nosniff"], "X-Frame-Options": ["DENY"], "X-Xss-Protection": ["1; mode=block"], "Vary": ["Accept-Encoding"], "Server": ["Caddy"], "Etag": ["\"dlh52pe14jcw4p3\""], "Content-Type": ["text/html; charset=utf-8"]}}
web         | 2026/09/18 10:47:18.231	[34mINFO[0m	http.log.access.log0	handled request	{"request": {"remote_ip": "127.0.0.1", "remote_port": "54948", "client_ip": "127.0.0.1", "proto": "HTTP/1.1", "method": "GET", "host": "127.0.0.1:3000", "uri": "/", "headers": {"User-Agent": ["curl/8.22.0"], "Accept": ["*/*"]}}, "bytes_read": 0, "user_id": "", "duration": 0.000616779, "size": 6087, "status": 200, "resp_headers": {"X-Frame-Options": ["DENY"], "X-Xss-Protection": ["1; mode=block"], "Vary": ["Accept-Encoding"], "Etag": ["\"dlh52pe14jcw4p3\""], "Content-Type": ["text/html; charset=utf-8"], "Last-Modified": ["Wed, 16 Sep 2026 23:45:14 GMT"], "Server": ["Caddy"], "X-Content-Type-Options": ["nosniff"], "Accept-Ranges": ["bytes"], "Content-Length": ["6087"]}}
web         | 2026/09/18 10:47:48.368	[34mINFO[0m	http.log.access.log0	handled request	{"request": {"remote_ip": "127.0.0.1", "remote_port": "38876", "client_ip": "127.0.0.1", "proto": "HTTP/1.1", "method": "GET", "host": "127.0.0.1:3000", "uri": "/", "headers": {"User-Agent": ["curl/8.22.0"], "Accept": ["*/*"]}}, "bytes_read": 0, "user_id": "", "duration": 0.000507756, "size": 6087, "status": 200, "resp_headers": {"X-Xss-Protection": ["1; mode=block"], "X-Content-Type-Options": ["nosniff"], "X-Frame-Options": ["DENY"], "Vary": ["Accept-Encoding"], "Accept-Ranges": ["bytes"], "Content-Length": ["6087"], "Etag": ["\"dlh52pe14jcw4p3\""], "Content-Type": ["text/html; charset=utf-8"], "Last-Modified": ["Wed, 16 Sep 2026 23:45:14 GMT"], "Server": ["Caddy"]}}
web         | 2026/09/18 10:48:18.450	[34mINFO[0m	http.log.access.log0	handled request	{"request": {"remote_ip": "127.0.0.1", "remote_port": "34604", "client_ip": "127.0.0.1", "proto": "HTTP/1.1", "method": "GET", "host": "127.0.0.1:3000", "uri": "/", "headers": {"User-Agent": ["curl/8.22.0"], "Accept": ["*/*"]}}, "bytes_read": 0, "user_id": "", "duration": 0.000731347, "size": 6087, "status": 200, "resp_headers": {"X-Xss-Protection": ["1; mode=block"], "X-Content-Type-Options": ["nosniff"], "Etag": ["\"dlh52pe14jcw4p3\""], "Content-Type": ["text/html; charset=utf-8"], "Accept-Ranges": ["bytes"], "Vary": ["Accept-Encoding"], "Last-Modified": ["Wed, 16 Sep 2026 23:45:14 GMT"], "Content-Length": ["6087"], "Server": ["Caddy"], "X-Frame-Options": ["DENY"]}}
web         | 2026/09/18 10:48:48.532	[34mINFO[0m	http.log.access.log0	handled request	{"request": {"remote_ip": "127.0.0.1", "remote_port": "47010", "client_ip": "127.0.0.1", "proto": "HTTP/1.1", "method": "GET", "host": "127.0.0.1:3000", "uri": "/", "headers": {"User-Agent": ["curl/8.22.0"], "Accept": ["*/*"]}}, "bytes_read": 0, "user_id": "", "duration": 0.000440523, "size": 6087, "status": 200, "resp_headers": {"Etag": ["\"dlh52pe14jcw4p3\""], "Accept-Ranges": ["bytes"], "Server": ["Caddy"], "X-Frame-Options": ["DENY"], "X-Xss-Protection": ["1; mode=block"], "Vary": ["Accept-Encoding"], "Content-Type": ["text/html; charset=utf-8"], "Last-Modified": ["Wed, 16 Sep 2026 23:45:14 GMT"], "Content-Length": ["6087"], "X-Content-Type-Options": ["nosniff"]}}
web         | 2026/09/18 10:49:18.606	[34mINFO[0m	http.log.access.log0	handled request	{"request": {"remote_ip": "127.0.0.1", "remote_port": "48070", "client_ip": "127.0.0.1", "proto": "HTTP/1.1", "method": "GET", "host": "127.0.0.1:3000", "uri": "/", "headers": {"User-Agent": ["curl/8.22.0"], "Accept": ["*/*"]}}, "bytes_read": 0, "user_id": "", "duration": 0.000514758, "size": 6087, "status": 200, "resp_headers": {"X-Content-Type-Options": ["nosniff"], "X-Frame-Options": ["DENY"], "X-Xss-Protection": ["1; mode=block"], "Etag": ["\"dlh52pe14jcw4p3\""], "Last-Modified": ["Wed, 16 Sep 2026 23:45:14 GMT"], "Server": ["Caddy"], "Vary": ["Accept-Encoding"], "Content-Type": ["text/html; charset=utf-8"], "Accept-Ranges": ["bytes"], "Content-Length": ["6087"]}}
web         | 2026/09/18 10:49:48.690	[34mINFO[0m	http.log.access.log0	handled request	{"request": {"remote_ip": "127.0.0.1", "remote_port": "56980", "client_ip": "127.0.0.1", "proto": "HTTP/1.1", "method": "GET", "host": "127.0.0.1:3000", "uri": "/", "headers": {"User-Agent": ["curl/8.22.0"], "Accept": ["*/*"]}}, "bytes_read": 0, "user_id": "", "duration": 0.000680845, "size": 6087, "status": 200, "resp_headers": {"X-Frame-Options": ["DENY"], "X-Xss-Protection": ["1; mode=block"], "Vary": ["Accept-Encoding"], "Etag": ["\"dlh52pe14jcw4p3\""], "Content-Type": ["text/html; charset=utf-8"], "Last-Modified": ["Wed, 16 Sep 2026 23:45:14 GMT"], "Accept-Ranges": ["bytes"], "Server": ["Caddy"], "X-Content-Type-Options": ["nosniff"], "Content-Length": ["6087"]}}
web         | 2026/09/18 10:50:18.773	[34mINFO[0m	http.log.access.log0	handled request	{"request": {"remote_ip": "127.0.0.1", "remote_port": "58752", "client_ip": "127.0.0.1", "proto": "HTTP/1.1", "method": "GET", "host": "127.0.0.1:3000", "uri": "/", "headers": {"User-Agent": ["curl/8.22.0"], "Accept": ["*/*"]}}, "bytes_read": 0, "user_id": "", "duration": 0.000447043, "size": 6087, "status": 200, "resp_headers": {"Content-Type": ["text/html; charset=utf-8"], "Server": ["Caddy"], "X-Content-Type-Options": ["nosniff"], "X-Frame-Options": ["DENY"], "X-Xss-Protection": ["1; mode=block"], "Etag": ["\"dlh52pe14jcw4p3\""], "Last-Modified": ["Wed, 16 Sep 2026 23:45:14 GMT"], "Accept-Ranges": ["bytes"], "Content-Length": ["6087"], "Vary": ["Accept-Encoding"]}}
web         | 2026/09/18 10:50:48.854	[34mINFO[0m	http.log.access.log0	handled request	{"request": {"remote_ip": "127.0.0.1", "remote_port": "43526", "client_ip": "127.0.0.1", "proto": "HTTP/1.1", "method": "GET", "host": "127.0.0.1:3000", "uri": "/", "headers": {"User-Agent": ["curl/8.22.0"], "Accept": ["*/*"]}}, "bytes_read": 0, "user_id": "", "duration": 0.000525489, "size": 6087, "status": 200, "resp_headers": {"X-Frame-Options": ["DENY"], "Vary": ["Accept-Encoding"], "Etag": ["\"dlh52pe14jcw4p3\""], "Content-Length": ["6087"], "X-Xss-Protection": ["1; mode=block"], "X-Content-Type-Options": ["nosniff"], "Content-Type": ["text/html; charset=utf-8"], "Last-Modified": ["Wed, 16 Sep 2026 23:45:14 GMT"], "Accept-Ranges": ["bytes"], "Server": ["Caddy"]}}
web         | 2026/09/18 10:51:18.945	[34mINFO[0m	http.log.access.log0	handled request	{"request": {"remote_ip": "127.0.0.1", "remote_port": "41188", "client_ip": "127.0.0.1", "proto": "HTTP/1.1", "method": "GET", "host": "127.0.0.1:3000", "uri": "/", "headers": {"User-Agent": ["curl/8.22.0"], "Accept": ["*/*"]}}, "bytes_read": 0, "user_id": "", "duration": 0.000737082, "size": 6087, "status": 200, "resp_headers": {"Content-Type": ["text/html; charset=utf-8"], "Content-Length": ["6087"], "X-Xss-Protection": ["1; mode=block"], "Vary": ["Accept-Encoding"], "Last-Modified": ["Wed, 16 Sep 2026 23:45:14 GMT"], "Accept-Ranges": ["bytes"], "Server": ["Caddy"], "X-Content-Type-Options": ["nosniff"], "X-Frame-Options": ["DENY"], "Etag": ["\"dlh52pe14jcw4p3\""]}}
web         | 2026/09/18 10:51:49.024	[34mINFO[0m	http.log.access.log0	handled request	{"request": {"remote_ip": "127.0.0.1", "remote_port": "34952", "client_ip": "127.0.0.1", "proto": "HTTP/1.1", "method": "GET", "host": "127.0.0.1:3000", "uri": "/", "headers": {"User-Agent": ["curl/8.22.0"], "Accept": ["*/*"]}}, "bytes_read": 0, "user_id": "", "duration": 0.00059109, "size": 6087, "status": 200, "resp_headers": {"Server": ["Caddy"], "X-Xss-Protection": ["1; mode=block"], "Vary": ["Accept-Encoding"], "Etag": ["\"dlh52pe14jcw4p3\""], "Content-Type": ["text/html; charset=utf-8"], "Last-Modified": ["Wed, 16 Sep 2026 23:45:14 GMT"], "Accept-Ranges": ["bytes"], "Content-Length": ["6087"], "X-Content-Type-Options": ["nosniff"], "X-Frame-Options": ["DENY"]}}
web         | 2026/09/18 10:52:19.110	[34mINFO[0m	http.log.access.log0	handled request	{"request": {"remote_ip": "127.0.0.1", "remote_port": "56292", "client_ip": "127.0.0.1", "proto": "HTTP/1.1", "method": "GET", "host": "127.0.0.1:3000", "uri": "/", "headers": {"Accept": ["*/*"], "User-Agent": ["curl/8.22.0"]}}, "bytes_read": 0, "user_id": "", "duration": 0.000488162, "size": 6087, "status": 200, "resp_headers": {"Server": ["Caddy"], "X-Content-Type-Options": ["nosniff"], "X-Frame-Options": ["DENY"], "Etag": ["\"dlh52pe14jcw4p3\""], "Last-Modified": ["Wed, 16 Sep 2026 23:45:14 GMT"], "Content-Length": ["6087"], "X-Xss-Protection": ["1; mode=block"], "Vary": ["Accept-Encoding"], "Content-Type": ["text/html; charset=utf-8"], "Accept-Ranges": ["bytes"]}}
web         | 2026/09/18 10:52:49.191	[34mINFO[0m	http.log.access.log0	handled request	{"request": {"remote_ip": "127.0.0.1", "remote_port": "42538", "client_ip": "127.0.0.1", "proto": "HTTP/1.1", "method": "GET", "host": "127.0.0.1:3000", "uri": "/", "headers": {"User-Agent": ["curl/8.22.0"], "Accept": ["*/*"]}}, "bytes_read": 0, "user_id": "", "duration": 0.00051196, "size": 6087, "status": 200, "resp_headers": {"Etag": ["\"dlh52pe14jcw4p3\""], "Content-Type": ["text/html; charset=utf-8"], "Last-Modified": ["Wed, 16 Sep 2026 23:45:14 GMT"], "Accept-Ranges": ["bytes"], "Server": ["Caddy"], "X-Content-Type-Options": ["nosniff"], "X-Frame-Options": ["DENY"], "X-Xss-Protection": ["1; mode=block"], "Vary": ["Accept-Encoding"], "Content-Length": ["6087"]}}
web         | 2026/09/18 10:53:19.273	[34mINFO[0m	http.log.access.log0	handled request	{"request": {"remote_ip": "127.0.0.1", "remote_port": "51302", "client_ip": "127.0.0.1", "proto": "HTTP/1.1", "method": "GET", "host": "127.0.0.1:3000", "uri": "/", "headers": {"Accept": ["*/*"], "User-Agent": ["curl/8.22.0"]}}, "bytes_read": 0, "user_id": "", "duration": 0.000671748, "size": 6087, "status": 200, "resp_headers": {"X-Frame-Options": ["DENY"], "X-Xss-Protection": ["1; mode=block"], "Vary": ["Accept-Encoding"], "Etag": ["\"dlh52pe14jcw4p3\""], "Last-Modified": ["Wed, 16 Sep 2026 23:45:14 GMT"], "Accept-Ranges": ["bytes"], "X-Content-Type-Options": ["nosniff"], "Content-Type": ["text/html; charset=utf-8"], "Content-Length": ["6087"], "Server": ["Caddy"]}}
web         | 2026/09/18 10:53:49.355	[34mINFO[0m	http.log.access.log0	handled request	{"request": {"remote_ip": "127.0.0.1", "remote_port": "49000", "client_ip": "127.0.0.1", "proto": "HTTP/1.1", "method": "GET", "host": "127.0.0.1:3000", "uri": "/", "headers": {"User-Agent": ["curl/8.22.0"], "Accept": ["*/*"]}}, "bytes_read": 0, "user_id": "", "duration": 0.002717438, "size": 6087, "status": 200, "resp_headers": {"X-Content-Type-Options": ["nosniff"], "X-Xss-Protection": ["1; mode=block"], "Vary": ["Accept-Encoding"], "Content-Type": ["text/html; charset=utf-8"], "Last-Modified": ["Wed, 16 Sep 2026 23:45:14 GMT"], "Server": ["Caddy"], "X-Frame-Options": ["DENY"], "Etag": ["\"dlh52pe14jcw4p3\""], "Accept-Ranges": ["bytes"], "Content-Length": ["6087"]}}
web         | 2026/09/18 10:54:19.430	[34mINFO[0m	http.log.access.log0	handled request	{"request": {"remote_ip": "127.0.0.1", "remote_port": "32970", "client_ip": "127.0.0.1", "proto": "HTTP/1.1", "method": "GET", "host": "127.0.0.1:3000", "uri": "/", "headers": {"User-Agent": ["curl/8.22.0"], "Accept": ["*/*"]}}, "bytes_read": 0, "user_id": "", "duration": 0.000531484, "size": 6087, "status": 200, "resp_headers": {"X-Frame-Options": ["DENY"], "Content-Type": ["text/html; charset=utf-8"], "X-Content-Type-Options": ["nosniff"], "Vary": ["Accept-Encoding"], "Etag": ["\"dlh52pe14jcw4p3\""], "Last-Modified": ["Wed, 16 Sep 2026 23:45:14 GMT"], "Accept-Ranges": ["bytes"], "Content-Length": ["6087"], "Server": ["Caddy"], "X-Xss-Protection": ["1; mode=block"]}}
web         | 2026/09/18 10:54:49.511	[34mINFO[0m	http.log.access.log0	handled request	{"request": {"remote_ip": "127.0.0.1", "remote_port": "48638", "client_ip": "127.0.0.1", "proto": "HTTP/1.1", "method": "GET", "host": "127.0.0.1:3000", "uri": "/", "headers": {"User-Agent": ["curl/8.22.0"], "Accept": ["*/*"]}}, "bytes_read": 0, "user_id": "", "duration": 0.000453163, "size": 6087, "status": 200, "resp_headers": {"Content-Length": ["6087"], "X-Content-Type-Options": ["nosniff"], "Vary": ["Accept-Encoding"], "Etag": ["\"dlh52pe14jcw4p3\""], "Content-Type": ["text/html; charset=utf-8"], "Last-Modified": ["Wed, 16 Sep 2026 23:45:14 GMT"], "Accept-Ranges": ["bytes"], "Server": ["Caddy"], "X-Frame-Options": ["DENY"], "X-Xss-Protection": ["1; mode=block"]}}
web         | 2026/09/18 10:55:19.594	[34mINFO[0m	http.log.access.log0	handled request	{"request": {"remote_ip": "127.0.0.1", "remote_port": "35626", "client_ip": "127.0.0.1", "proto": "HTTP/1.1", "method": "GET", "host": "127.0.0.1:3000", "uri": "/", "headers": {"User-Agent": ["curl/8.22.0"], "Accept": ["*/*"]}}, "bytes_read": 0, "user_id": "", "duration": 0.001310007, "size": 6087, "status": 200, "resp_headers": {"Content-Type": ["text/html; charset=utf-8"], "Content-Length": ["6087"], "X-Content-Type-Options": ["nosniff"], "X-Frame-Options": ["DENY"], "Vary": ["Accept-Encoding"], "Last-Modified": ["Wed, 16 Sep 2026 23:45:14 GMT"], "Accept-Ranges": ["bytes"], "Server": ["Caddy"], "X-Xss-Protection": ["1; mode=block"], "Etag": ["\"dlh52pe14jcw4p3\""]}}
web         | 2026/09/18 10:55:49.676	[34mINFO[0m	http.log.access.log0	handled request	{"request": {"remote_ip": "127.0.0.1", "remote_port": "49342", "client_ip": "127.0.0.1", "proto": "HTTP/1.1", "method": "GET", "host": "127.0.0.1:3000", "uri": "/", "headers": {"User-Agent": ["curl/8.22.0"], "Accept": ["*/*"]}}, "bytes_read": 0, "user_id": "", "duration": 0.000623704, "size": 6087, "status": 200, "resp_headers": {"Content-Length": ["6087"], "X-Content-Type-Options": ["nosniff"], "Accept-Ranges": ["bytes"], "Server": ["Caddy"], "X-Frame-Options": ["DENY"], "X-Xss-Protection": ["1; mode=block"], "Vary": ["Accept-Encoding"], "Etag": ["\"dlh52pe14jcw4p3\""], "Content-Type": ["text/html; charset=utf-8"], "Last-Modified": ["Wed, 16 Sep 2026 23:45:14 GMT"]}}
web         | 2026/09/18 10:56:19.755	[34mINFO[0m	http.log.access.log0	handled request	{"request": {"remote_ip": "127.0.0.1", "remote_port": "49742", "client_ip": "127.0.0.1", "proto": "HTTP/1.1", "method": "GET", "host": "127.0.0.1:3000", "uri": "/", "headers": {"User-Agent": ["curl/8.22.0"], "Accept": ["*/*"]}}, "bytes_read": 0, "user_id": "", "duration": 0.000886261, "size": 6087, "status": 200, "resp_headers": {"Etag": ["\"dlh52pe14jcw4p3\""], "Content-Type": ["text/html; charset=utf-8"], "Last-Modified": ["Wed, 16 Sep 2026 23:45:14 GMT"], "Server": ["Caddy"], "Vary": ["Accept-Encoding"], "Accept-Ranges": ["bytes"], "Content-Length": ["6087"], "X-Frame-Options": ["DENY"], "X-Xss-Protection": ["1; mode=block"], "X-Content-Type-Options": ["nosniff"]}}
web         | 2026/09/18 10:56:49.848	[34mINFO[0m	http.log.access.log0	handled request	{"request": {"remote_ip": "127.0.0.1", "remote_port": "39360", "client_ip": "127.0.0.1", "proto": "HTTP/1.1", "method": "GET", "host": "127.0.0.1:3000", "uri": "/", "headers": {"User-Agent": ["curl/8.22.0"], "Accept": ["*/*"]}}, "bytes_read": 0, "user_id": "", "duration": 0.00044606, "size": 6087, "status": 200, "resp_headers": {"Content-Length": ["6087"], "X-Content-Type-Options": ["nosniff"], "Etag": ["\"dlh52pe14jcw4p3\""], "Last-Modified": ["Wed, 16 Sep 2026 23:45:14 GMT"], "Server": ["Caddy"], "X-Frame-Options": ["DENY"], "X-Xss-Protection": ["1; mode=block"], "Vary": ["Accept-Encoding"], "Content-Type": ["text/html; charset=utf-8"], "Accept-Ranges": ["bytes"]}}
web         | 2026/09/18 10:57:19.922	[34mINFO[0m	http.log.access.log0	handled request	{"request": {"remote_ip": "127.0.0.1", "remote_port": "44264", "client_ip": "127.0.0.1", "proto": "HTTP/1.1", "method": "GET", "host": "127.0.0.1:3000", "uri": "/", "headers": {"Accept": ["*/*"], "User-Agent": ["curl/8.22.0"]}}, "bytes_read": 0, "user_id": "", "duration": 0.000541035, "size": 6087, "status": 200, "resp_headers": {"X-Content-Type-Options": ["nosniff"], "X-Frame-Options": ["DENY"], "Vary": ["Accept-Encoding"], "Etag": ["\"dlh52pe14jcw4p3\""], "Last-Modified": ["Wed, 16 Sep 2026 23:45:14 GMT"], "Accept-Ranges": ["bytes"], "Server": ["Caddy"], "X-Xss-Protection": ["1; mode=block"], "Content-Type": ["text/html; charset=utf-8"], "Content-Length": ["6087"]}}
web         | 2026/09/18 10:57:50.011	[34mINFO[0m	http.log.access.log0	handled request	{"request": {"remote_ip": "127.0.0.1", "remote_port": "46776", "client_ip": "127.0.0.1", "proto": "HTTP/1.1", "method": "GET", "host": "127.0.0.1:3000", "uri": "/", "headers": {"User-Agent": ["curl/8.22.0"], "Accept": ["*/*"]}}, "bytes_read": 0, "user_id": "", "duration": 0.000768308, "size": 6087, "status": 200, "resp_headers": {"Content-Type": ["text/html; charset=utf-8"], "Accept-Ranges": ["bytes"], "Vary": ["Accept-Encoding"], "Etag": ["\"dlh52pe14jcw4p3\""], "Last-Modified": ["Wed, 16 Sep 2026 23:45:14 GMT"], "Content-Length": ["6087"], "Server": ["Caddy"], "X-Content-Type-Options": ["nosniff"], "X-Frame-Options": ["DENY"], "X-Xss-Protection": ["1; mode=block"]}}
web         | 2026/09/18 10:58:20.104	[34mINFO[0m	http.log.access.log0	handled request	{"request": {"remote_ip": "127.0.0.1", "remote_port": "47248", "client_ip": "127.0.0.1", "proto": "HTTP/1.1", "method": "GET", "host": "127.0.0.1:3000", "uri": "/", "headers": {"User-Agent": ["curl/8.22.0"], "Accept": ["*/*"]}}, "bytes_read": 0, "user_id": "", "duration": 0.00046963, "size": 6087, "status": 200, "resp_headers": {"Server": ["Caddy"], "X-Content-Type-Options": ["nosniff"], "X-Frame-Options": ["DENY"], "Vary": ["Accept-Encoding"], "Content-Type": ["text/html; charset=utf-8"], "Accept-Ranges": ["bytes"], "X-Xss-Protection": ["1; mode=block"], "Etag": ["\"dlh52pe14jcw4p3\""], "Last-Modified": ["Wed, 16 Sep 2026 23:45:14 GMT"], "Content-Length": ["6087"]}}
web         | 2026/09/18 10:58:50.184	[34mINFO[0m	http.log.access.log0	handled request	{"request": {"remote_ip": "127.0.0.1", "remote_port": "57746", "client_ip": "127.0.0.1", "proto": "HTTP/1.1", "method": "GET", "host": "127.0.0.1:3000", "uri": "/", "headers": {"User-Agent": ["curl/8.22.0"], "Accept": ["*/*"]}}, "bytes_read": 0, "user_id": "", "duration": 0.000538545, "size": 6087, "status": 200, "resp_headers": {"Last-Modified": ["Wed, 16 Sep 2026 23:45:14 GMT"], "Accept-Ranges": ["bytes"], "Server": ["Caddy"], "X-Xss-Protection": ["1; mode=block"], "Etag": ["\"dlh52pe14jcw4p3\""], "Content-Length": ["6087"], "X-Content-Type-Options": ["nosniff"], "X-Frame-Options": ["DENY"], "Vary": ["Accept-Encoding"], "Content-Type": ["text/html; charset=utf-8"]}}
web         | 2026/09/18 10:59:20.272	[34mINFO[0m	http.log.access.log0	handled request	{"request": {"remote_ip": "127.0.0.1", "remote_port": "40994", "client_ip": "127.0.0.1", "proto": "HTTP/1.1", "method": "GET", "host": "127.0.0.1:3000", "uri": "/", "headers": {"User-Agent": ["curl/8.22.0"], "Accept": ["*/*"]}}, "bytes_read": 0, "user_id": "", "duration": 0.000526265, "size": 6087, "status": 200, "resp_headers": {"Vary": ["Accept-Encoding"], "Content-Type": ["text/html; charset=utf-8"], "Last-Modified": ["Wed, 16 Sep 2026 23:45:14 GMT"], "Accept-Ranges": ["bytes"], "X-Frame-Options": ["DENY"], "X-Xss-Protection": ["1; mode=block"], "Etag": ["\"dlh52pe14jcw4p3\""], "Content-Length": ["6087"], "Server": ["Caddy"], "X-Content-Type-Options": ["nosniff"]}}
web         | 2026/09/18 10:59:50.355	[34mINFO[0m	http.log.access.log0	handled request	{"request": {"remote_ip": "127.0.0.1", "remote_port": "49424", "client_ip": "127.0.0.1", "proto": "HTTP/1.1", "method": "GET", "host": "127.0.0.1:3000", "uri": "/", "headers": {"User-Agent": ["curl/8.22.0"], "Accept": ["*/*"]}}, "bytes_read": 0, "user_id": "", "duration": 0.000730685, "size": 6087, "status": 200, "resp_headers": {"X-Content-Type-Options": ["nosniff"], "X-Frame-Options": ["DENY"], "Etag": ["\"dlh52pe14jcw4p3\""], "Server": ["Caddy"], "X-Xss-Protection": ["1; mode=block"], "Vary": ["Accept-Encoding"], "Content-Type": ["text/html; charset=utf-8"], "Last-Modified": ["Wed, 16 Sep 2026 23:45:14 GMT"], "Accept-Ranges": ["bytes"], "Content-Length": ["6087"]}}
web         | 2026/09/18 11:00:20.461	[34mINFO[0m	http.log.access.log0	handled request	{"request": {"remote_ip": "127.0.0.1", "remote_port": "57268", "client_ip": "127.0.0.1", "proto": "HTTP/1.1", "method": "GET", "host": "127.0.0.1:3000", "uri": "/", "headers": {"Accept": ["*/*"], "User-Agent": ["curl/8.22.0"]}}, "bytes_read": 0, "user_id": "", "duration": 0.001882788, "size": 6087, "status": 200, "resp_headers": {"X-Content-Type-Options": ["nosniff"], "X-Xss-Protection": ["1; mode=block"], "Etag": ["\"dlh52pe14jcw4p3\""], "Last-Modified": ["Wed, 16 Sep 2026 23:45:14 GMT"], "Accept-Ranges": ["bytes"], "Content-Length": ["6087"], "Server": ["Caddy"], "X-Frame-Options": ["DENY"], "Vary": ["Accept-Encoding"], "Content-Type": ["text/html; charset=utf-8"]}}
web         | 2026/09/18 11:00:50.556	[34mINFO[0m	http.log.access.log0	handled request	{"request": {"remote_ip": "127.0.0.1", "remote_port": "53556", "client_ip": "127.0.0.1", "proto": "HTTP/1.1", "method": "GET", "host": "127.0.0.1:3000", "uri": "/", "headers": {"User-Agent": ["curl/8.22.0"], "Accept": ["*/*"]}}, "bytes_read": 0, "user_id": "", "duration": 0.000565755, "size": 6087, "status": 200, "resp_headers": {"Accept-Ranges": ["bytes"], "X-Content-Type-Options": ["nosniff"], "X-Frame-Options": ["DENY"], "Etag": ["\"dlh52pe14jcw4p3\""], "Content-Type": ["text/html; charset=utf-8"], "Content-Length": ["6087"], "Server": ["Caddy"], "X-Xss-Protection": ["1; mode=block"], "Vary": ["Accept-Encoding"], "Last-Modified": ["Wed, 16 Sep 2026 23:45:14 GMT"]}}
web         | 2026/09/18 11:01:01.349	[34mINFO[0m	http.log.access.log0	handled request	{"request": {"remote_ip": "172.18.0.15", "remote_port": "44238", "client_ip": "198.235.24.139", "proto": "HTTP/1.1", "method": "GET", "host": "ten-fold.co", "uri": "/", "headers": {"Cf-Ipcountry": ["BE"], "Cf-Visitor": ["{\"scheme\":\"https\"}"], "User-Agent": ["Hello from Palo Alto Networks, find out more about our scans in https://docs-cortex.paloaltonetworks.com/r/1/Cortex-Xpanse/Scanning-activity"], "Accept-Encoding": ["gzip, br"], "X-Forwarded-For": ["198.235.24.139, 172.70.189.32"], "Cdn-Loop": ["cloudflare; loops=1"], "Cf-Connecting-Ip": ["198.235.24.139"], "Cf-Ray": ["a3cfd9aaacaed5a4-SIN"], "X-Forwarded-Host": ["ten-fold.co"], "X-Forwarded-Proto": ["https"], "Via": ["2.0 Caddy"]}}, "bytes_read": 0, "user_id": "", "duration": 0.001062321, "size": 6087, "status": 200, "resp_headers": {"X-Frame-Options": ["DENY"], "Etag": ["\"dlh52pe14jcw4p3\""], "Content-Type": ["text/html; charset=utf-8"], "Last-Modified": ["Wed, 16 Sep 2026 23:45:14 GMT"], "Accept-Ranges": ["bytes"], "Content-Length": ["6087"], "Server": ["Caddy"], "X-Content-Type-Options": ["nosniff"], "X-Xss-Protection": ["1; mode=block"], "Vary": ["Accept-Encoding"]}}
web         | 2026/09/18 11:01:20.653	[34mINFO[0m	http.log.access.log0	handled request	{"request": {"remote_ip": "127.0.0.1", "remote_port": "56634", "client_ip": "127.0.0.1", "proto": "HTTP/1.1", "method": "GET", "host": "127.0.0.1:3000", "uri": "/", "headers": {"User-Agent": ["curl/8.22.0"], "Accept": ["*/*"]}}, "bytes_read": 0, "user_id": "", "duration": 0.000417105, "size": 6087, "status": 200, "resp_headers": {"Server": ["Caddy"], "X-Content-Type-Options": ["nosniff"], "X-Xss-Protection": ["1; mode=block"], "Vary": ["Accept-Encoding"], "Etag": ["\"dlh52pe14jcw4p3\""], "Content-Type": ["text/html; charset=utf-8"], "Accept-Ranges": ["bytes"], "X-Frame-Options": ["DENY"], "Last-Modified": ["Wed, 16 Sep 2026 23:45:14 GMT"], "Content-Length": ["6087"]}}
web         | 2026/09/18 11:01:50.736	[34mINFO[0m	http.log.access.log0	handled request	{"request": {"remote_ip": "127.0.0.1", "remote_port": "33052", "client_ip": "127.0.0.1", "proto": "HTTP/1.1", "method": "GET", "host": "127.0.0.1:3000", "uri": "/", "headers": {"User-Agent": ["curl/8.22.0"], "Accept": ["*/*"]}}, "bytes_read": 0, "user_id": "", "duration": 0.000525195, "size": 6087, "status": 200, "resp_headers": {"X-Xss-Protection": ["1; mode=block"], "Vary": ["Accept-Encoding"], "Last-Modified": ["Wed, 16 Sep 2026 23:45:14 GMT"], "Accept-Ranges": ["bytes"], "Server": ["Caddy"], "Etag": ["\"dlh52pe14jcw4p3\""], "Content-Type": ["text/html; charset=utf-8"], "Content-Length": ["6087"], "X-Content-Type-Options": ["nosniff"], "X-Frame-Options": ["DENY"]}}
web         | 2026/09/18 11:02:20.820	[34mINFO[0m	http.log.access.log0	handled request	{"request": {"remote_ip": "127.0.0.1", "remote_port": "56502", "client_ip": "127.0.0.1", "proto": "HTTP/1.1", "method": "GET", "host": "127.0.0.1:3000", "uri": "/", "headers": {"Accept": ["*/*"], "User-Agent": ["curl/8.22.0"]}}, "bytes_read": 0, "user_id": "", "duration": 0.002106145, "size": 6087, "status": 200, "resp_headers": {"Server": ["Caddy"], "X-Content-Type-Options": ["nosniff"], "Vary": ["Accept-Encoding"], "Etag": ["\"dlh52pe14jcw4p3\""], "Content-Type": ["text/html; charset=utf-8"], "Accept-Ranges": ["bytes"], "Content-Length": ["6087"], "X-Frame-Options": ["DENY"], "X-Xss-Protection": ["1; mode=block"], "Last-Modified": ["Wed, 16 Sep 2026 23:45:14 GMT"]}}
web         | 2026/09/18 11:02:50.918	[34mINFO[0m	http.log.access.log0	handled request	{"request": {"remote_ip": "127.0.0.1", "remote_port": "50564", "client_ip": "127.0.0.1", "proto": "HTTP/1.1", "method": "GET", "host": "127.0.0.1:3000", "uri": "/", "headers": {"User-Agent": ["curl/8.22.0"], "Accept": ["*/*"]}}, "bytes_read": 0, "user_id": "", "duration": 0.000579589, "size": 6087, "status": 200, "resp_headers": {"X-Content-Type-Options": ["nosniff"], "Etag": ["\"dlh52pe14jcw4p3\""], "Content-Type": ["text/html; charset=utf-8"], "Last-Modified": ["Wed, 16 Sep 2026 23:45:14 GMT"], "Accept-Ranges": ["bytes"], "Server": ["Caddy"], "X-Frame-Options": ["DENY"], "X-Xss-Protection": ["1; mode=block"], "Vary": ["Accept-Encoding"], "Content-Length": ["6087"]}}
web         | 2026/09/18 11:03:21.012	[34mINFO[0m	http.log.access.log0	handled request	{"request": {"remote_ip": "127.0.0.1", "remote_port": "42196", "client_ip": "127.0.0.1", "proto": "HTTP/1.1", "method": "GET", "host": "127.0.0.1:3000", "uri": "/", "headers": {"Accept": ["*/*"], "User-Agent": ["curl/8.22.0"]}}, "bytes_read": 0, "user_id": "", "duration": 0.001135711, "size": 6087, "status": 200, "resp_headers": {"Server": ["Caddy"], "Last-Modified": ["Wed, 16 Sep 2026 23:45:14 GMT"], "Accept-Ranges": ["bytes"], "X-Xss-Protection": ["1; mode=block"], "X-Content-Type-Options": ["nosniff"], "X-Frame-Options": ["DENY"], "Vary": ["Accept-Encoding"], "Etag": ["\"dlh52pe14jcw4p3\""], "Content-Type": ["text/html; charset=utf-8"], "Content-Length": ["6087"]}}
web         | 2026/09/18 11:03:51.108	[34mINFO[0m	http.log.access.log0	handled request	{"request": {"remote_ip": "127.0.0.1", "remote_port": "33394", "client_ip": "127.0.0.1", "proto": "HTTP/1.1", "method": "GET", "host": "127.0.0.1:3000", "uri": "/", "headers": {"User-Agent": ["curl/8.22.0"], "Accept": ["*/*"]}}, "bytes_read": 0, "user_id": "", "duration": 0.000520098, "size": 6087, "status": 200, "resp_headers": {"Server": ["Caddy"], "X-Content-Type-Options": ["nosniff"], "X-Xss-Protection": ["1; mode=block"], "Vary": ["Accept-Encoding"], "Content-Type": ["text/html; charset=utf-8"], "Last-Modified": ["Wed, 16 Sep 2026 23:45:14 GMT"], "Accept-Ranges": ["bytes"], "X-Frame-Options": ["DENY"], "Etag": ["\"dlh52pe14jcw4p3\""], "Content-Length": ["6087"]}}
web         | 2026/09/18 11:04:21.191	[34mINFO[0m	http.log.access.log0	handled request	{"request": {"remote_ip": "127.0.0.1", "remote_port": "33402", "client_ip": "127.0.0.1", "proto": "HTTP/1.1", "method": "GET", "host": "127.0.0.1:3000", "uri": "/", "headers": {"User-Agent": ["curl/8.22.0"], "Accept": ["*/*"]}}, "bytes_read": 0, "user_id": "", "duration": 0.000869846, "size": 6087, "status": 200, "resp_headers": {"Server": ["Caddy"], "X-Frame-Options": ["DENY"], "Vary": ["Accept-Encoding"], "Content-Type": ["text/html; charset=utf-8"], "Accept-Ranges": ["bytes"], "Content-Length": ["6087"], "X-Content-Type-Options": ["nosniff"], "X-Xss-Protection": ["1; mode=block"], "Etag": ["\"dlh52pe14jcw4p3\""], "Last-Modified": ["Wed, 16 Sep 2026 23:45:14 GMT"]}}
web         | 2026/09/18 11:04:51.299	[34mINFO[0m	http.log.access.log0	handled request	{"request": {"remote_ip": "127.0.0.1", "remote_port": "37946", "client_ip": "127.0.0.1", "proto": "HTTP/1.1", "method": "GET", "host": "127.0.0.1:3000", "uri": "/", "headers": {"User-Agent": ["curl/8.22.0"], "Accept": ["*/*"]}}, "bytes_read": 0, "user_id": "", "duration": 0.000839121, "size": 6087, "status": 200, "resp_headers": {"X-Content-Type-Options": ["nosniff"], "X-Frame-Options": ["DENY"], "Vary": ["Accept-Encoding"], "Etag": ["\"dlh52pe14jcw4p3\""], "Content-Type": ["text/html; charset=utf-8"], "Accept-Ranges": ["bytes"], "Content-Length": ["6087"], "Server": ["Caddy"], "X-Xss-Protection": ["1; mode=block"], "Last-Modified": ["Wed, 16 Sep 2026 23:45:14 GMT"]}}
web         | 2026/09/18 11:05:21.385	[34mINFO[0m	http.log.access.log0	handled request	{"request": {"remote_ip": "127.0.0.1", "remote_port": "57352", "client_ip": "127.0.0.1", "proto": "HTTP/1.1", "method": "GET", "host": "127.0.0.1:3000", "uri": "/", "headers": {"User-Agent": ["curl/8.22.0"], "Accept": ["*/*"]}}, "bytes_read": 0, "user_id": "", "duration": 0.000552023, "size": 6087, "status": 200, "resp_headers": {"X-Content-Type-Options": ["nosniff"], "X-Frame-Options": ["DENY"], "X-Xss-Protection": ["1; mode=block"], "Etag": ["\"dlh52pe14jcw4p3\""], "Last-Modified": ["Wed, 16 Sep 2026 23:45:14 GMT"], "Content-Length": ["6087"], "Server": ["Caddy"], "Vary": ["Accept-Encoding"], "Content-Type": ["text/html; charset=utf-8"], "Accept-Ranges": ["bytes"]}}
web         | 2026/09/18 11:05:51.467	[34mINFO[0m	http.log.access.log0	handled request	{"request": {"remote_ip": "127.0.0.1", "remote_port": "49598", "client_ip": "127.0.0.1", "proto": "HTTP/1.1", "method": "GET", "host": "127.0.0.1:3000", "uri": "/", "headers": {"User-Agent": ["curl/8.22.0"], "Accept": ["*/*"]}}, "bytes_read": 0, "user_id": "", "duration": 0.000495346, "size": 6087, "status": 200, "resp_headers": {"Server": ["Caddy"], "X-Content-Type-Options": ["nosniff"], "X-Frame-Options": ["DENY"], "X-Xss-Protection": ["1; mode=block"], "Vary": ["Accept-Encoding"], "Etag": ["\"dlh52pe14jcw4p3\""], "Last-Modified": ["Wed, 16 Sep 2026 23:45:14 GMT"], "Accept-Ranges": ["bytes"], "Content-Type": ["text/html; charset=utf-8"], "Content-Length": ["6087"]}}
web         | 2026/09/18 11:06:21.545	[34mINFO[0m	http.log.access.log0	handled request	{"request": {"remote_ip": "127.0.0.1", "remote_port": "44324", "client_ip": "127.0.0.1", "proto": "HTTP/1.1", "method": "GET", "host": "127.0.0.1:3000", "uri": "/", "headers": {"Accept": ["*/*"], "User-Agent": ["curl/8.22.0"]}}, "bytes_read": 0, "user_id": "", "duration": 0.000507734, "size": 6087, "status": 200, "resp_headers": {"Content-Type": ["text/html; charset=utf-8"], "Accept-Ranges": ["bytes"], "Content-Length": ["6087"], "X-Content-Type-Options": ["nosniff"], "X-Xss-Protection": ["1; mode=block"], "Etag": ["\"dlh52pe14jcw4p3\""], "Last-Modified": ["Wed, 16 Sep 2026 23:45:14 GMT"], "Server": ["Caddy"], "X-Frame-Options": ["DENY"], "Vary": ["Accept-Encoding"]}}
web         | 2026/09/18 11:06:40.833	[34mINFO[0m	http.log.access.log0	handled request	{"request": {"remote_ip": "172.18.0.15", "remote_port": "50104", "client_ip": "46.151.182.40", "proto": "HTTP/1.1", "method": "GET", "host": "ten-fold.co", "uri": "/", "headers": {"X-Forwarded-For": ["46.151.182.40, 172.68.164.115"], "Cache-Control": ["max-age=0"], "Cf-Connecting-Ip": ["46.151.182.40"], "X-Forwarded-Proto": ["https"], "Referer": ["http://ten-fold.co/"], "Cf-Ray": ["a3cfe1f47edf7377-SIN"], "Cf-Visitor": ["{\"scheme\":\"https\"}"], "X-Forwarded-Host": ["ten-fold.co"], "Cf-Ipcountry": ["LU"], "Upgrade-Insecure-Requests": ["1"], "Accept": ["text/html,application/xhtml+xml,application/xml;q=0.9,image/webp,*/*;q=0.8"], "User-Agent": ["Mozilla/5.0 (X11; Linux x86_64) AppleWebKit/537.36 (KHTML, like Gecko) Chrome/125.0.0.0 Safari/537.36"], "Cdn-Loop": ["cloudflare; loops=1"], "Via": ["2.0 Caddy"], "Accept-Language": ["es-ES,es;q=0.9,en;q=0.8"], "Accept-Encoding": ["gzip, br"]}}, "bytes_read": 0, "user_id": "", "duration": 0.000504381, "size": 6087, "status": 200, "resp_headers": {"Server": ["Caddy"], "X-Content-Type-Options": ["nosniff"], "X-Frame-Options": ["DENY"], "Vary": ["Accept-Encoding"], "Accept-Ranges": ["bytes"], "Content-Length": ["6087"], "X-Xss-Protection": ["1; mode=block"], "Etag": ["\"dlh52pe14jcw4p3\""], "Content-Type": ["text/html; charset=utf-8"], "Last-Modified": ["Wed, 16 Sep 2026 23:45:14 GMT"]}}
web         | 2026/09/18 11:06:51.622	[34mINFO[0m	http.log.access.log0	handled request	{"request": {"remote_ip": "127.0.0.1", "remote_port": "49500", "client_ip": "127.0.0.1", "proto": "HTTP/1.1", "method": "GET", "host": "127.0.0.1:3000", "uri": "/", "headers": {"User-Agent": ["curl/8.22.0"], "Accept": ["*/*"]}}, "bytes_read": 0, "user_id": "", "duration": 0.000584193, "size": 6087, "status": 200, "resp_headers": {"Etag": ["\"dlh52pe14jcw4p3\""], "Content-Type": ["text/html; charset=utf-8"], "Server": ["Caddy"], "X-Content-Type-Options": ["nosniff"], "Last-Modified": ["Wed, 16 Sep 2026 23:45:14 GMT"], "Accept-Ranges": ["bytes"], "Content-Length": ["6087"], "X-Xss-Protection": ["1; mode=block"], "X-Frame-Options": ["DENY"], "Vary": ["Accept-Encoding"]}}
web         | 2026/09/18 11:07:21.720	[34mINFO[0m	http.log.access.log0	handled request	{"request": {"remote_ip": "127.0.0.1", "remote_port": "46104", "client_ip": "127.0.0.1", "proto": "HTTP/1.1", "method": "GET", "host": "127.0.0.1:3000", "uri": "/", "headers": {"User-Agent": ["curl/8.22.0"], "Accept": ["*/*"]}}, "bytes_read": 0, "user_id": "", "duration": 0.000619249, "size": 6087, "status": 200, "resp_headers": {"X-Frame-Options": ["DENY"], "X-Xss-Protection": ["1; mode=block"], "Vary": ["Accept-Encoding"], "Content-Type": ["text/html; charset=utf-8"], "Accept-Ranges": ["bytes"], "Server": ["Caddy"], "Etag": ["\"dlh52pe14jcw4p3\""], "Last-Modified": ["Wed, 16 Sep 2026 23:45:14 GMT"], "Content-Length": ["6087"], "X-Content-Type-Options": ["nosniff"]}}
web         | 2026/09/18 11:07:51.801	[34mINFO[0m	http.log.access.log0	handled request	{"request": {"remote_ip": "127.0.0.1", "remote_port": "38162", "client_ip": "127.0.0.1", "proto": "HTTP/1.1", "method": "GET", "host": "127.0.0.1:3000", "uri": "/", "headers": {"User-Agent": ["curl/8.22.0"], "Accept": ["*/*"]}}, "bytes_read": 0, "user_id": "", "duration": 0.000502904, "size": 6087, "status": 200, "resp_headers": {"Content-Length": ["6087"], "Server": ["Caddy"], "Content-Type": ["text/html; charset=utf-8"], "Accept-Ranges": ["bytes"], "X-Content-Type-Options": ["nosniff"], "X-Frame-Options": ["DENY"], "X-Xss-Protection": ["1; mode=block"], "Vary": ["Accept-Encoding"], "Etag": ["\"dlh52pe14jcw4p3\""], "Last-Modified": ["Wed, 16 Sep 2026 23:45:14 GMT"]}}
web         | 2026/09/18 11:08:21.883	[34mINFO[0m	http.log.access.log0	handled request	{"request": {"remote_ip": "127.0.0.1", "remote_port": "48212", "client_ip": "127.0.0.1", "proto": "HTTP/1.1", "method": "GET", "host": "127.0.0.1:3000", "uri": "/", "headers": {"User-Agent": ["curl/8.22.0"], "Accept": ["*/*"]}}, "bytes_read": 0, "user_id": "", "duration": 0.000432728, "size": 6087, "status": 200, "resp_headers": {"Accept-Ranges": ["bytes"], "X-Xss-Protection": ["1; mode=block"], "X-Content-Type-Options": ["nosniff"], "Vary": ["Accept-Encoding"], "Content-Type": ["text/html; charset=utf-8"], "Last-Modified": ["Wed, 16 Sep 2026 23:45:14 GMT"], "Content-Length": ["6087"], "Server": ["Caddy"], "X-Frame-Options": ["DENY"], "Etag": ["\"dlh52pe14jcw4p3\""]}}
web         | 2026/09/18 11:08:51.961	[34mINFO[0m	http.log.access.log0	handled request	{"request": {"remote_ip": "127.0.0.1", "remote_port": "35208", "client_ip": "127.0.0.1", "proto": "HTTP/1.1", "method": "GET", "host": "127.0.0.1:3000", "uri": "/", "headers": {"User-Agent": ["curl/8.22.0"], "Accept": ["*/*"]}}, "bytes_read": 0, "user_id": "", "duration": 0.000608824, "size": 6087, "status": 200, "resp_headers": {"Server": ["Caddy"], "X-Content-Type-Options": ["nosniff"], "X-Xss-Protection": ["1; mode=block"], "Vary": ["Accept-Encoding"], "Etag": ["\"dlh52pe14jcw4p3\""], "Content-Type": ["text/html; charset=utf-8"], "Last-Modified": ["Wed, 16 Sep 2026 23:45:14 GMT"], "X-Frame-Options": ["DENY"], "Accept-Ranges": ["bytes"], "Content-Length": ["6087"]}}
web         | 2026/09/18 11:09:22.065	[34mINFO[0m	http.log.access.log0	handled request	{"request": {"remote_ip": "127.0.0.1", "remote_port": "51578", "client_ip": "127.0.0.1", "proto": "HTTP/1.1", "method": "GET", "host": "127.0.0.1:3000", "uri": "/", "headers": {"User-Agent": ["curl/8.22.0"], "Accept": ["*/*"]}}, "bytes_read": 0, "user_id": "", "duration": 0.000453398, "size": 6087, "status": 200, "resp_headers": {"Etag": ["\"dlh52pe14jcw4p3\""], "Content-Type": ["text/html; charset=utf-8"], "Content-Length": ["6087"], "Server": ["Caddy"], "X-Content-Type-Options": ["nosniff"], "X-Frame-Options": ["DENY"], "Last-Modified": ["Wed, 16 Sep 2026 23:45:14 GMT"], "Accept-Ranges": ["bytes"], "X-Xss-Protection": ["1; mode=block"], "Vary": ["Accept-Encoding"]}}
web         | 2026/09/18 11:09:52.159	[34mINFO[0m	http.log.access.log0	handled request	{"request": {"remote_ip": "127.0.0.1", "remote_port": "38608", "client_ip": "127.0.0.1", "proto": "HTTP/1.1", "method": "GET", "host": "127.0.0.1:3000", "uri": "/", "headers": {"User-Agent": ["curl/8.22.0"], "Accept": ["*/*"]}}, "bytes_read": 0, "user_id": "", "duration": 0.000555089, "size": 6087, "status": 200, "resp_headers": {"X-Frame-Options": ["DENY"], "Etag": ["\"dlh52pe14jcw4p3\""], "Accept-Ranges": ["bytes"], "Content-Length": ["6087"], "X-Xss-Protection": ["1; mode=block"], "Vary": ["Accept-Encoding"], "Content-Type": ["text/html; charset=utf-8"], "Last-Modified": ["Wed, 16 Sep 2026 23:45:14 GMT"], "Server": ["Caddy"], "X-Content-Type-Options": ["nosniff"]}}
web         | 2026/09/18 11:10:22.287	[34mINFO[0m	http.log.access.log0	handled request	{"request": {"remote_ip": "127.0.0.1", "remote_port": "34090", "client_ip": "127.0.0.1", "proto": "HTTP/1.1", "method": "GET", "host": "127.0.0.1:3000", "uri": "/", "headers": {"Accept": ["*/*"], "User-Agent": ["curl/8.22.0"]}}, "bytes_read": 0, "user_id": "", "duration": 0.001979538, "size": 6087, "status": 200, "resp_headers": {"X-Content-Type-Options": ["nosniff"], "X-Frame-Options": ["DENY"], "X-Xss-Protection": ["1; mode=block"], "Content-Type": ["text/html; charset=utf-8"], "Last-Modified": ["Wed, 16 Sep 2026 23:45:14 GMT"], "Accept-Ranges": ["bytes"], "Content-Length": ["6087"], "Server": ["Caddy"], "Vary": ["Accept-Encoding"], "Etag": ["\"dlh52pe14jcw4p3\""]}}
web         | 2026/09/18 11:10:52.373	[34mINFO[0m	http.log.access.log0	handled request	{"request": {"remote_ip": "127.0.0.1", "remote_port": "46488", "client_ip": "127.0.0.1", "proto": "HTTP/1.1", "method": "GET", "host": "127.0.0.1:3000", "uri": "/", "headers": {"User-Agent": ["curl/8.22.0"], "Accept": ["*/*"]}}, "bytes_read": 0, "user_id": "", "duration": 0.000978249, "size": 6087, "status": 200, "resp_headers": {"Accept-Ranges": ["bytes"], "Content-Length": ["6087"], "X-Content-Type-Options": ["nosniff"], "X-Frame-Options": ["DENY"], "X-Xss-Protection": ["1; mode=block"], "Vary": ["Accept-Encoding"], "Etag": ["\"dlh52pe14jcw4p3\""], "Content-Type": ["text/html; charset=utf-8"], "Server": ["Caddy"], "Last-Modified": ["Wed, 16 Sep 2026 23:45:14 GMT"]}}
web         | 2026/09/18 11:11:22.451	[34mINFO[0m	http.log.access.log0	handled request	{"request": {"remote_ip": "127.0.0.1", "remote_port": "55354", "client_ip": "127.0.0.1", "proto": "HTTP/1.1", "method": "GET", "host": "127.0.0.1:3000", "uri": "/", "headers": {"User-Agent": ["curl/8.22.0"], "Accept": ["*/*"]}}, "bytes_read": 0, "user_id": "", "duration": 0.00066148, "size": 6087, "status": 200, "resp_headers": {"Vary": ["Accept-Encoding"], "Etag": ["\"dlh52pe14jcw4p3\""], "Content-Type": ["text/html; charset=utf-8"], "Last-Modified": ["Wed, 16 Sep 2026 23:45:14 GMT"], "Accept-Ranges": ["bytes"], "Content-Length": ["6087"], "Server": ["Caddy"], "X-Content-Type-Options": ["nosniff"], "X-Xss-Protection": ["1; mode=block"], "X-Frame-Options": ["DENY"]}}
web         | 2026/09/18 11:11:52.533	[34mINFO[0m	http.log.access.log0	handled request	{"request": {"remote_ip": "127.0.0.1", "remote_port": "44334", "client_ip": "127.0.0.1", "proto": "HTTP/1.1", "method": "GET", "host": "127.0.0.1:3000", "uri": "/", "headers": {"User-Agent": ["curl/8.22.0"], "Accept": ["*/*"]}}, "bytes_read": 0, "user_id": "", "duration": 0.000525424, "size": 6087, "status": 200, "resp_headers": {"Server": ["Caddy"], "Etag": ["\"dlh52pe14jcw4p3\""], "Content-Type": ["text/html; charset=utf-8"], "Accept-Ranges": ["bytes"], "Content-Length": ["6087"], "X-Content-Type-Options": ["nosniff"], "X-Frame-Options": ["DENY"], "X-Xss-Protection": ["1; mode=block"], "Vary": ["Accept-Encoding"], "Last-Modified": ["Wed, 16 Sep 2026 23:45:14 GMT"]}}
web         | 2026/09/18 11:12:22.612	[34mINFO[0m	http.log.access.log0	handled request	{"request": {"remote_ip": "127.0.0.1", "remote_port": "48472", "client_ip": "127.0.0.1", "proto": "HTTP/1.1", "method": "GET", "host": "127.0.0.1:3000", "uri": "/", "headers": {"User-Agent": ["curl/8.22.0"], "Accept": ["*/*"]}}, "bytes_read": 0, "user_id": "", "duration": 0.00060446, "size": 6087, "status": 200, "resp_headers": {"Server": ["Caddy"], "X-Content-Type-Options": ["nosniff"], "X-Frame-Options": ["DENY"], "X-Xss-Protection": ["1; mode=block"], "Vary": ["Accept-Encoding"], "Content-Type": ["text/html; charset=utf-8"], "Accept-Ranges": ["bytes"], "Content-Length": ["6087"], "Etag": ["\"dlh52pe14jcw4p3\""], "Last-Modified": ["Wed, 16 Sep 2026 23:45:14 GMT"]}}
web         | 2026/09/18 11:12:52.694	[34mINFO[0m	http.log.access.log0	handled request	{"request": {"remote_ip": "127.0.0.1", "remote_port": "54036", "client_ip": "127.0.0.1", "proto": "HTTP/1.1", "method": "GET", "host": "127.0.0.1:3000", "uri": "/", "headers": {"User-Agent": ["curl/8.22.0"], "Accept": ["*/*"]}}, "bytes_read": 0, "user_id": "", "duration": 0.000803004, "size": 6087, "status": 200, "resp_headers": {"X-Content-Type-Options": ["nosniff"], "X-Frame-Options": ["DENY"], "X-Xss-Protection": ["1; mode=block"], "Etag": ["\"dlh52pe14jcw4p3\""], "Content-Type": ["text/html; charset=utf-8"], "Last-Modified": ["Wed, 16 Sep 2026 23:45:14 GMT"], "Server": ["Caddy"], "Vary": ["Accept-Encoding"], "Accept-Ranges": ["bytes"], "Content-Length": ["6087"]}}
web         | 2026/09/18 11:13:22.779	[34mINFO[0m	http.log.access.log0	handled request	{"request": {"remote_ip": "127.0.0.1", "remote_port": "42598", "client_ip": "127.0.0.1", "proto": "HTTP/1.1", "method": "GET", "host": "127.0.0.1:3000", "uri": "/", "headers": {"User-Agent": ["curl/8.22.0"], "Accept": ["*/*"]}}, "bytes_read": 0, "user_id": "", "duration": 0.000649051, "size": 6087, "status": 200, "resp_headers": {"X-Xss-Protection": ["1; mode=block"], "Content-Type": ["text/html; charset=utf-8"], "Last-Modified": ["Wed, 16 Sep 2026 23:45:14 GMT"], "Accept-Ranges": ["bytes"], "Server": ["Caddy"], "X-Frame-Options": ["DENY"], "Vary": ["Accept-Encoding"], "Etag": ["\"dlh52pe14jcw4p3\""], "Content-Length": ["6087"], "X-Content-Type-Options": ["nosniff"]}}
web         | 2026/09/18 11:13:52.862	[34mINFO[0m	http.log.access.log0	handled request	{"request": {"remote_ip": "127.0.0.1", "remote_port": "37208", "client_ip": "127.0.0.1", "proto": "HTTP/1.1", "method": "GET", "host": "127.0.0.1:3000", "uri": "/", "headers": {"User-Agent": ["curl/8.22.0"], "Accept": ["*/*"]}}, "bytes_read": 0, "user_id": "", "duration": 0.000564154, "size": 6087, "status": 200, "resp_headers": {"Server": ["Caddy"], "X-Xss-Protection": ["1; mode=block"], "Etag": ["\"dlh52pe14jcw4p3\""], "Accept-Ranges": ["bytes"], "X-Content-Type-Options": ["nosniff"], "X-Frame-Options": ["DENY"], "Vary": ["Accept-Encoding"], "Content-Type": ["text/html; charset=utf-8"], "Last-Modified": ["Wed, 16 Sep 2026 23:45:14 GMT"], "Content-Length": ["6087"]}}
web         | 2026/09/18 11:14:22.940	[34mINFO[0m	http.log.access.log0	handled request	{"request": {"remote_ip": "127.0.0.1", "remote_port": "43758", "client_ip": "127.0.0.1", "proto": "HTTP/1.1", "method": "GET", "host": "127.0.0.1:3000", "uri": "/", "headers": {"User-Agent": ["curl/8.22.0"], "Accept": ["*/*"]}}, "bytes_read": 0, "user_id": "", "duration": 0.001641835, "size": 6087, "status": 200, "resp_headers": {"X-Content-Type-Options": ["nosniff"], "Vary": ["Accept-Encoding"], "Etag": ["\"dlh52pe14jcw4p3\""], "Content-Type": ["text/html; charset=utf-8"], "Last-Modified": ["Wed, 16 Sep 2026 23:45:14 GMT"], "Accept-Ranges": ["bytes"], "Content-Length": ["6087"], "Server": ["Caddy"], "X-Frame-Options": ["DENY"], "X-Xss-Protection": ["1; mode=block"]}}
web         | 2026/09/18 11:14:53.022	[34mINFO[0m	http.log.access.log0	handled request	{"request": {"remote_ip": "127.0.0.1", "remote_port": "46054", "client_ip": "127.0.0.1", "proto": "HTTP/1.1", "method": "GET", "host": "127.0.0.1:3000", "uri": "/", "headers": {"User-Agent": ["curl/8.22.0"], "Accept": ["*/*"]}}, "bytes_read": 0, "user_id": "", "duration": 0.000838041, "size": 6087, "status": 200, "resp_headers": {"X-Content-Type-Options": ["nosniff"], "X-Xss-Protection": ["1; mode=block"], "Etag": ["\"dlh52pe14jcw4p3\""], "X-Frame-Options": ["DENY"], "Vary": ["Accept-Encoding"], "Content-Type": ["text/html; charset=utf-8"], "Last-Modified": ["Wed, 16 Sep 2026 23:45:14 GMT"], "Accept-Ranges": ["bytes"], "Content-Length": ["6087"], "Server": ["Caddy"]}}
web         | 2026/09/18 11:15:23.106	[34mINFO[0m	http.log.access.log0	handled request	{"request": {"remote_ip": "127.0.0.1", "remote_port": "35586", "client_ip": "127.0.0.1", "proto": "HTTP/1.1", "method": "GET", "host": "127.0.0.1:3000", "uri": "/", "headers": {"User-Agent": ["curl/8.22.0"], "Accept": ["*/*"]}}, "bytes_read": 0, "user_id": "", "duration": 0.000588193, "size": 6087, "status": 200, "resp_headers": {"Server": ["Caddy"], "Vary": ["Accept-Encoding"], "Etag": ["\"dlh52pe14jcw4p3\""], "Content-Type": ["text/html; charset=utf-8"], "Last-Modified": ["Wed, 16 Sep 2026 23:45:14 GMT"], "Accept-Ranges": ["bytes"], "X-Content-Type-Options": ["nosniff"], "X-Frame-Options": ["DENY"], "X-Xss-Protection": ["1; mode=block"], "Content-Length": ["6087"]}}
web         | 2026/09/18 11:15:53.203	[34mINFO[0m	http.log.access.log0	handled request	{"request": {"remote_ip": "127.0.0.1", "remote_port": "42932", "client_ip": "127.0.0.1", "proto": "HTTP/1.1", "method": "GET", "host": "127.0.0.1:3000", "uri": "/", "headers": {"Accept": ["*/*"], "User-Agent": ["curl/8.22.0"]}}, "bytes_read": 0, "user_id": "", "duration": 0.000417704, "size": 6087, "status": 200, "resp_headers": {"X-Frame-Options": ["DENY"], "X-Xss-Protection": ["1; mode=block"], "Vary": ["Accept-Encoding"], "Content-Type": ["text/html; charset=utf-8"], "Accept-Ranges": ["bytes"], "X-Content-Type-Options": ["nosniff"], "Etag": ["\"dlh52pe14jcw4p3\""], "Last-Modified": ["Wed, 16 Sep 2026 23:45:14 GMT"], "Content-Length": ["6087"], "Server": ["Caddy"]}}
web         | 2026/09/18 11:16:23.295	[34mINFO[0m	http.log.access.log0	handled request	{"request": {"remote_ip": "127.0.0.1", "remote_port": "53312", "client_ip": "127.0.0.1", "proto": "HTTP/1.1", "method": "GET", "host": "127.0.0.1:3000", "uri": "/", "headers": {"User-Agent": ["curl/8.22.0"], "Accept": ["*/*"]}}, "bytes_read": 0, "user_id": "", "duration": 0.000661255, "size": 6087, "status": 200, "resp_headers": {"X-Content-Type-Options": ["nosniff"], "Vary": ["Accept-Encoding"], "Etag": ["\"dlh52pe14jcw4p3\""], "Content-Type": ["text/html; charset=utf-8"], "Last-Modified": ["Wed, 16 Sep 2026 23:45:14 GMT"], "Accept-Ranges": ["bytes"], "Server": ["Caddy"], "X-Frame-Options": ["DENY"], "X-Xss-Protection": ["1; mode=block"], "Content-Length": ["6087"]}}
admin       | 2026/09/18 10:44:08.427	[34mINFO[0m	http.log.access.log0	handled request	{"request": {"remote_ip": "127.0.0.1", "remote_port": "32894", "client_ip": "127.0.0.1", "proto": "HTTP/1.1", "method": "GET", "host": "127.0.0.1:3000", "uri": "/god-mode", "headers": {"User-Agent": ["curl/8.20.0"], "Accept": ["*/*"]}}, "bytes_read": 0, "user_id": "", "duration": 0.000610045, "size": 5589, "status": 200, "resp_headers": {"X-Content-Type-Options": ["nosniff"], "Etag": ["\"dlbu270dl7284b9\""], "Content-Type": ["text/html; charset=utf-8"], "Accept-Ranges": ["bytes"], "X-Frame-Options": ["DENY"], "X-Xss-Protection": ["1; mode=block"], "Vary": ["Accept-Encoding"], "Last-Modified": ["Thu, 10 Sep 2026 18:04:02 GMT"], "Content-Length": ["5589"], "Server": ["Caddy"]}}
admin       | 2026/09/18 10:44:38.505	[34mINFO[0m	http.log.access.log0	handled request	{"request": {"remote_ip": "127.0.0.1", "remote_port": "38932", "client_ip": "127.0.0.1", "proto": "HTTP/1.1", "method": "GET", "host": "127.0.0.1:3000", "uri": "/god-mode", "headers": {"Accept": ["*/*"], "User-Agent": ["curl/8.20.0"]}}, "bytes_read": 0, "user_id": "", "duration": 0.000598078, "size": 5589, "status": 200, "resp_headers": {"Server": ["Caddy"], "X-Content-Type-Options": ["nosniff"], "X-Frame-Options": ["DENY"], "Etag": ["\"dlbu270dl7284b9\""], "Content-Type": ["text/html; charset=utf-8"], "Last-Modified": ["Thu, 10 Sep 2026 18:04:02 GMT"], "Accept-Ranges": ["bytes"], "Content-Length": ["5589"], "X-Xss-Protection": ["1; mode=block"], "Vary": ["Accept-Encoding"]}}
admin       | 2026/09/18 10:45:08.594	[34mINFO[0m	http.log.access.log0	handled request	{"request": {"remote_ip": "127.0.0.1", "remote_port": "46694", "client_ip": "127.0.0.1", "proto": "HTTP/1.1", "method": "GET", "host": "127.0.0.1:3000", "uri": "/god-mode", "headers": {"User-Agent": ["curl/8.20.0"], "Accept": ["*/*"]}}, "bytes_read": 0, "user_id": "", "duration": 0.000779003, "size": 5589, "status": 200, "resp_headers": {"Vary": ["Accept-Encoding"], "Last-Modified": ["Thu, 10 Sep 2026 18:04:02 GMT"], "X-Content-Type-Options": ["nosniff"], "X-Frame-Options": ["DENY"], "Etag": ["\"dlbu270dl7284b9\""], "Content-Type": ["text/html; charset=utf-8"], "Accept-Ranges": ["bytes"], "Content-Length": ["5589"], "Server": ["Caddy"], "X-Xss-Protection": ["1; mode=block"]}}
admin       | 2026/09/18 10:45:38.673	[34mINFO[0m	http.log.access.log0	handled request	{"request": {"remote_ip": "127.0.0.1", "remote_port": "51220", "client_ip": "127.0.0.1", "proto": "HTTP/1.1", "method": "GET", "host": "127.0.0.1:3000", "uri": "/god-mode", "headers": {"User-Agent": ["curl/8.20.0"], "Accept": ["*/*"]}}, "bytes_read": 0, "user_id": "", "duration": 0.000580635, "size": 5589, "status": 200, "resp_headers": {"X-Content-Type-Options": ["nosniff"], "X-Frame-Options": ["DENY"], "X-Xss-Protection": ["1; mode=block"], "Etag": ["\"dlbu270dl7284b9\""], "Last-Modified": ["Thu, 10 Sep 2026 18:04:02 GMT"], "Vary": ["Accept-Encoding"], "Content-Type": ["text/html; charset=utf-8"], "Accept-Ranges": ["bytes"], "Content-Length": ["5589"], "Server": ["Caddy"]}}
admin       | 2026/09/18 10:46:08.753	[34mINFO[0m	http.log.access.log0	handled request	{"request": {"remote_ip": "127.0.0.1", "remote_port": "37842", "client_ip": "127.0.0.1", "proto": "HTTP/1.1", "method": "GET", "host": "127.0.0.1:3000", "uri": "/god-mode", "headers": {"User-Agent": ["curl/8.20.0"], "Accept": ["*/*"]}}, "bytes_read": 0, "user_id": "", "duration": 0.000601077, "size": 5589, "status": 200, "resp_headers": {"X-Content-Type-Options": ["nosniff"], "Vary": ["Accept-Encoding"], "Content-Type": ["text/html; charset=utf-8"], "Content-Length": ["5589"], "X-Frame-Options": ["DENY"], "X-Xss-Protection": ["1; mode=block"], "Etag": ["\"dlbu270dl7284b9\""], "Last-Modified": ["Thu, 10 Sep 2026 18:04:02 GMT"], "Accept-Ranges": ["bytes"], "Server": ["Caddy"]}}
admin       | 2026/09/18 10:46:38.834	[34mINFO[0m	http.log.access.log0	handled request	{"request": {"remote_ip": "127.0.0.1", "remote_port": "47380", "client_ip": "127.0.0.1", "proto": "HTTP/1.1", "method": "GET", "host": "127.0.0.1:3000", "uri": "/god-mode", "headers": {"User-Agent": ["curl/8.20.0"], "Accept": ["*/*"]}}, "bytes_read": 0, "user_id": "", "duration": 0.000447914, "size": 5589, "status": 200, "resp_headers": {"X-Frame-Options": ["DENY"], "Vary": ["Accept-Encoding"], "X-Xss-Protection": ["1; mode=block"], "Etag": ["\"dlbu270dl7284b9\""], "Content-Type": ["text/html; charset=utf-8"], "Last-Modified": ["Thu, 10 Sep 2026 18:04:02 GMT"], "Accept-Ranges": ["bytes"], "Content-Length": ["5589"], "Server": ["Caddy"], "X-Content-Type-Options": ["nosniff"]}}
admin       | 2026/09/18 10:47:08.974	[34mINFO[0m	http.log.access.log0	handled request	{"request": {"remote_ip": "127.0.0.1", "remote_port": "37754", "client_ip": "127.0.0.1", "proto": "HTTP/1.1", "method": "GET", "host": "127.0.0.1:3000", "uri": "/god-mode", "headers": {"User-Agent": ["curl/8.20.0"], "Accept": ["*/*"]}}, "bytes_read": 0, "user_id": "", "duration": 0.00067036, "size": 5589, "status": 200, "resp_headers": {"Server": ["Caddy"], "X-Content-Type-Options": ["nosniff"], "X-Frame-Options": ["DENY"], "Content-Length": ["5589"], "X-Xss-Protection": ["1; mode=block"], "Vary": ["Accept-Encoding"], "Etag": ["\"dlbu270dl7284b9\""], "Content-Type": ["text/html; charset=utf-8"], "Last-Modified": ["Thu, 10 Sep 2026 18:04:02 GMT"], "Accept-Ranges": ["bytes"]}}
admin       | 2026/09/18 10:47:39.060	[34mINFO[0m	http.log.access.log0	handled request	{"request": {"remote_ip": "127.0.0.1", "remote_port": "43938", "client_ip": "127.0.0.1", "proto": "HTTP/1.1", "method": "GET", "host": "127.0.0.1:3000", "uri": "/god-mode", "headers": {"Accept": ["*/*"], "User-Agent": ["curl/8.20.0"]}}, "bytes_read": 0, "user_id": "", "duration": 0.00058398, "size": 5589, "status": 200, "resp_headers": {"X-Content-Type-Options": ["nosniff"], "X-Frame-Options": ["DENY"], "X-Xss-Protection": ["1; mode=block"], "Vary": ["Accept-Encoding"], "Accept-Ranges": ["bytes"], "Content-Length": ["5589"], "Server": ["Caddy"], "Etag": ["\"dlbu270dl7284b9\""], "Content-Type": ["text/html; charset=utf-8"], "Last-Modified": ["Thu, 10 Sep 2026 18:04:02 GMT"]}}
admin       | 2026/09/18 10:48:09.137	[34mINFO[0m	http.log.access.log0	handled request	{"request": {"remote_ip": "127.0.0.1", "remote_port": "37592", "client_ip": "127.0.0.1", "proto": "HTTP/1.1", "method": "GET", "host": "127.0.0.1:3000", "uri": "/god-mode", "headers": {"User-Agent": ["curl/8.20.0"], "Accept": ["*/*"]}}, "bytes_read": 0, "user_id": "", "duration": 0.000661996, "size": 5589, "status": 200, "resp_headers": {"Content-Type": ["text/html; charset=utf-8"], "Server": ["Caddy"], "X-Xss-Protection": ["1; mode=block"], "X-Content-Type-Options": ["nosniff"], "Vary": ["Accept-Encoding"], "Etag": ["\"dlbu270dl7284b9\""], "Last-Modified": ["Thu, 10 Sep 2026 18:04:02 GMT"], "Accept-Ranges": ["bytes"], "Content-Length": ["5589"], "X-Frame-Options": ["DENY"]}}
admin       | 2026/09/18 10:48:39.229	[34mINFO[0m	http.log.access.log0	handled request	{"request": {"remote_ip": "127.0.0.1", "remote_port": "46260", "client_ip": "127.0.0.1", "proto": "HTTP/1.1", "method": "GET", "host": "127.0.0.1:3000", "uri": "/god-mode", "headers": {"Accept": ["*/*"], "User-Agent": ["curl/8.20.0"]}}, "bytes_read": 0, "user_id": "", "duration": 0.000615421, "size": 5589, "status": 200, "resp_headers": {"X-Xss-Protection": ["1; mode=block"], "X-Content-Type-Options": ["nosniff"], "Etag": ["\"dlbu270dl7284b9\""], "Content-Length": ["5589"], "Server": ["Caddy"], "X-Frame-Options": ["DENY"], "Vary": ["Accept-Encoding"], "Content-Type": ["text/html; charset=utf-8"], "Last-Modified": ["Thu, 10 Sep 2026 18:04:02 GMT"], "Accept-Ranges": ["bytes"]}}
admin       | 2026/09/18 10:49:09.309	[34mINFO[0m	http.log.access.log0	handled request	{"request": {"remote_ip": "127.0.0.1", "remote_port": "59586", "client_ip": "127.0.0.1", "proto": "HTTP/1.1", "method": "GET", "host": "127.0.0.1:3000", "uri": "/god-mode", "headers": {"User-Agent": ["curl/8.20.0"], "Accept": ["*/*"]}}, "bytes_read": 0, "user_id": "", "duration": 0.000773195, "size": 5589, "status": 200, "resp_headers": {"Accept-Ranges": ["bytes"], "Server": ["Caddy"], "X-Frame-Options": ["DENY"], "Vary": ["Accept-Encoding"], "Content-Length": ["5589"], "X-Content-Type-Options": ["nosniff"], "X-Xss-Protection": ["1; mode=block"], "Etag": ["\"dlbu270dl7284b9\""], "Content-Type": ["text/html; charset=utf-8"], "Last-Modified": ["Thu, 10 Sep 2026 18:04:02 GMT"]}}
admin       | 2026/09/18 10:49:39.399	[34mINFO[0m	http.log.access.log0	handled request	{"request": {"remote_ip": "127.0.0.1", "remote_port": "54036", "client_ip": "127.0.0.1", "proto": "HTTP/1.1", "method": "GET", "host": "127.0.0.1:3000", "uri": "/god-mode", "headers": {"User-Agent": ["curl/8.20.0"], "Accept": ["*/*"]}}, "bytes_read": 0, "user_id": "", "duration": 0.00076239, "size": 5589, "status": 200, "resp_headers": {"Server": ["Caddy"], "X-Content-Type-Options": ["nosniff"], "X-Frame-Options": ["DENY"], "X-Xss-Protection": ["1; mode=block"], "Etag": ["\"dlbu270dl7284b9\""], "Content-Type": ["text/html; charset=utf-8"], "Last-Modified": ["Thu, 10 Sep 2026 18:04:02 GMT"], "Content-Length": ["5589"], "Vary": ["Accept-Encoding"], "Accept-Ranges": ["bytes"]}}
admin       | 2026/09/18 10:50:09.506	[34mINFO[0m	http.log.access.log0	handled request	{"request": {"remote_ip": "127.0.0.1", "remote_port": "52456", "client_ip": "127.0.0.1", "proto": "HTTP/1.1", "method": "GET", "host": "127.0.0.1:3000", "uri": "/god-mode", "headers": {"User-Agent": ["curl/8.20.0"], "Accept": ["*/*"]}}, "bytes_read": 0, "user_id": "", "duration": 0.000780384, "size": 5589, "status": 200, "resp_headers": {"Server": ["Caddy"], "X-Frame-Options": ["DENY"], "X-Xss-Protection": ["1; mode=block"], "Vary": ["Accept-Encoding"], "Etag": ["\"dlbu270dl7284b9\""], "Content-Type": ["text/html; charset=utf-8"], "Content-Length": ["5589"], "X-Content-Type-Options": ["nosniff"], "Last-Modified": ["Thu, 10 Sep 2026 18:04:02 GMT"], "Accept-Ranges": ["bytes"]}}
admin       | 2026/09/18 10:50:39.582	[34mINFO[0m	http.log.access.log0	handled request	{"request": {"remote_ip": "127.0.0.1", "remote_port": "58448", "client_ip": "127.0.0.1", "proto": "HTTP/1.1", "method": "GET", "host": "127.0.0.1:3000", "uri": "/god-mode", "headers": {"User-Agent": ["curl/8.20.0"], "Accept": ["*/*"]}}, "bytes_read": 0, "user_id": "", "duration": 0.000534079, "size": 5589, "status": 200, "resp_headers": {"Etag": ["\"dlbu270dl7284b9\""], "Accept-Ranges": ["bytes"], "Server": ["Caddy"], "X-Frame-Options": ["DENY"], "Vary": ["Accept-Encoding"], "Content-Type": ["text/html; charset=utf-8"], "Last-Modified": ["Thu, 10 Sep 2026 18:04:02 GMT"], "Content-Length": ["5589"], "X-Content-Type-Options": ["nosniff"], "X-Xss-Protection": ["1; mode=block"]}}
admin       | 2026/09/18 10:51:09.658	[34mINFO[0m	http.log.access.log0	handled request	{"request": {"remote_ip": "127.0.0.1", "remote_port": "56098", "client_ip": "127.0.0.1", "proto": "HTTP/1.1", "method": "GET", "host": "127.0.0.1:3000", "uri": "/god-mode", "headers": {"User-Agent": ["curl/8.20.0"], "Accept": ["*/*"]}}, "bytes_read": 0, "user_id": "", "duration": 0.004675577, "size": 5589, "status": 200, "resp_headers": {"X-Xss-Protection": ["1; mode=block"], "Vary": ["Accept-Encoding"], "Etag": ["\"dlbu270dl7284b9\""], "Content-Type": ["text/html; charset=utf-8"], "Accept-Ranges": ["bytes"], "Server": ["Caddy"], "X-Content-Type-Options": ["nosniff"], "X-Frame-Options": ["DENY"], "Last-Modified": ["Thu, 10 Sep 2026 18:04:02 GMT"], "Content-Length": ["5589"]}}
admin       | 2026/09/18 10:51:39.739	[34mINFO[0m	http.log.access.log0	handled request	{"request": {"remote_ip": "127.0.0.1", "remote_port": "56186", "client_ip": "127.0.0.1", "proto": "HTTP/1.1", "method": "GET", "host": "127.0.0.1:3000", "uri": "/god-mode", "headers": {"User-Agent": ["curl/8.20.0"], "Accept": ["*/*"]}}, "bytes_read": 0, "user_id": "", "duration": 0.000721848, "size": 5589, "status": 200, "resp_headers": {"Server": ["Caddy"], "X-Frame-Options": ["DENY"], "Etag": ["\"dlbu270dl7284b9\""], "Last-Modified": ["Thu, 10 Sep 2026 18:04:02 GMT"], "X-Content-Type-Options": ["nosniff"], "X-Xss-Protection": ["1; mode=block"], "Vary": ["Accept-Encoding"], "Content-Type": ["text/html; charset=utf-8"], "Accept-Ranges": ["bytes"], "Content-Length": ["5589"]}}
admin       | 2026/09/18 10:52:09.818	[34mINFO[0m	http.log.access.log0	handled request	{"request": {"remote_ip": "127.0.0.1", "remote_port": "40474", "client_ip": "127.0.0.1", "proto": "HTTP/1.1", "method": "GET", "host": "127.0.0.1:3000", "uri": "/god-mode", "headers": {"User-Agent": ["curl/8.20.0"], "Accept": ["*/*"]}}, "bytes_read": 0, "user_id": "", "duration": 0.000508676, "size": 5589, "status": 200, "resp_headers": {"Accept-Ranges": ["bytes"], "Server": ["Caddy"], "X-Content-Type-Options": ["nosniff"], "X-Frame-Options": ["DENY"], "Content-Type": ["text/html; charset=utf-8"], "Content-Length": ["5589"], "X-Xss-Protection": ["1; mode=block"], "Vary": ["Accept-Encoding"], "Etag": ["\"dlbu270dl7284b9\""], "Last-Modified": ["Thu, 10 Sep 2026 18:04:02 GMT"]}}
admin       | 2026/09/18 10:52:39.909	[34mINFO[0m	http.log.access.log0	handled request	{"request": {"remote_ip": "127.0.0.1", "remote_port": "41542", "client_ip": "127.0.0.1", "proto": "HTTP/1.1", "method": "GET", "host": "127.0.0.1:3000", "uri": "/god-mode", "headers": {"User-Agent": ["curl/8.20.0"], "Accept": ["*/*"]}}, "bytes_read": 0, "user_id": "", "duration": 0.000790685, "size": 5589, "status": 200, "resp_headers": {"Etag": ["\"dlbu270dl7284b9\""], "Content-Type": ["text/html; charset=utf-8"], "Accept-Ranges": ["bytes"], "Content-Length": ["5589"], "X-Frame-Options": ["DENY"], "Vary": ["Accept-Encoding"], "Last-Modified": ["Thu, 10 Sep 2026 18:04:02 GMT"], "Server": ["Caddy"], "X-Content-Type-Options": ["nosniff"], "X-Xss-Protection": ["1; mode=block"]}}
admin       | 2026/09/18 10:53:09.987	[34mINFO[0m	http.log.access.log0	handled request	{"request": {"remote_ip": "127.0.0.1", "remote_port": "43746", "client_ip": "127.0.0.1", "proto": "HTTP/1.1", "method": "GET", "host": "127.0.0.1:3000", "uri": "/god-mode", "headers": {"User-Agent": ["curl/8.20.0"], "Accept": ["*/*"]}}, "bytes_read": 0, "user_id": "", "duration": 0.000589573, "size": 5589, "status": 200, "resp_headers": {"Server": ["Caddy"], "X-Content-Type-Options": ["nosniff"], "X-Xss-Protection": ["1; mode=block"], "Vary": ["Accept-Encoding"], "Etag": ["\"dlbu270dl7284b9\""], "Content-Type": ["text/html; charset=utf-8"], "Accept-Ranges": ["bytes"], "Content-Length": ["5589"], "X-Frame-Options": ["DENY"], "Last-Modified": ["Thu, 10 Sep 2026 18:04:02 GMT"]}}
admin       | 2026/09/18 10:53:40.065	[34mINFO[0m	http.log.access.log0	handled request	{"request": {"remote_ip": "127.0.0.1", "remote_port": "46414", "client_ip": "127.0.0.1", "proto": "HTTP/1.1", "method": "GET", "host": "127.0.0.1:3000", "uri": "/god-mode", "headers": {"User-Agent": ["curl/8.20.0"], "Accept": ["*/*"]}}, "bytes_read": 0, "user_id": "", "duration": 0.000637717, "size": 5589, "status": 200, "resp_headers": {"Server": ["Caddy"], "X-Content-Type-Options": ["nosniff"], "Accept-Ranges": ["bytes"], "Content-Length": ["5589"], "X-Frame-Options": ["DENY"], "X-Xss-Protection": ["1; mode=block"], "Vary": ["Accept-Encoding"], "Etag": ["\"dlbu270dl7284b9\""], "Content-Type": ["text/html; charset=utf-8"], "Last-Modified": ["Thu, 10 Sep 2026 18:04:02 GMT"]}}
admin       | 2026/09/18 10:54:10.145	[34mINFO[0m	http.log.access.log0	handled request	{"request": {"remote_ip": "127.0.0.1", "remote_port": "38316", "client_ip": "127.0.0.1", "proto": "HTTP/1.1", "method": "GET", "host": "127.0.0.1:3000", "uri": "/god-mode", "headers": {"Accept": ["*/*"], "User-Agent": ["curl/8.20.0"]}}, "bytes_read": 0, "user_id": "", "duration": 0.000617181, "size": 5589, "status": 200, "resp_headers": {"Content-Length": ["5589"], "X-Content-Type-Options": ["nosniff"], "X-Frame-Options": ["DENY"], "Vary": ["Accept-Encoding"], "Accept-Ranges": ["bytes"], "Server": ["Caddy"], "X-Xss-Protection": ["1; mode=block"], "Etag": ["\"dlbu270dl7284b9\""], "Content-Type": ["text/html; charset=utf-8"], "Last-Modified": ["Thu, 10 Sep 2026 18:04:02 GMT"]}}
admin       | 2026/09/18 10:54:40.228	[34mINFO[0m	http.log.access.log0	handled request	{"request": {"remote_ip": "127.0.0.1", "remote_port": "43218", "client_ip": "127.0.0.1", "proto": "HTTP/1.1", "method": "GET", "host": "127.0.0.1:3000", "uri": "/god-mode", "headers": {"User-Agent": ["curl/8.20.0"], "Accept": ["*/*"]}}, "bytes_read": 0, "user_id": "", "duration": 0.000498424, "size": 5589, "status": 200, "resp_headers": {"X-Content-Type-Options": ["nosniff"], "Content-Type": ["text/html; charset=utf-8"], "Last-Modified": ["Thu, 10 Sep 2026 18:04:02 GMT"], "Accept-Ranges": ["bytes"], "X-Frame-Options": ["DENY"], "Vary": ["Accept-Encoding"], "Etag": ["\"dlbu270dl7284b9\""], "Content-Length": ["5589"], "Server": ["Caddy"], "X-Xss-Protection": ["1; mode=block"]}}
admin       | 2026/09/18 10:55:10.322	[34mINFO[0m	http.log.access.log0	handled request	{"request": {"remote_ip": "127.0.0.1", "remote_port": "35362", "client_ip": "127.0.0.1", "proto": "HTTP/1.1", "method": "GET", "host": "127.0.0.1:3000", "uri": "/god-mode", "headers": {"User-Agent": ["curl/8.20.0"], "Accept": ["*/*"]}}, "bytes_read": 0, "user_id": "", "duration": 0.00391628, "size": 5589, "status": 200, "resp_headers": {"Server": ["Caddy"], "X-Frame-Options": ["DENY"], "X-Xss-Protection": ["1; mode=block"], "Vary": ["Accept-Encoding"], "Content-Type": ["text/html; charset=utf-8"], "Last-Modified": ["Thu, 10 Sep 2026 18:04:02 GMT"], "Accept-Ranges": ["bytes"], "X-Content-Type-Options": ["nosniff"], "Etag": ["\"dlbu270dl7284b9\""], "Content-Length": ["5589"]}}
admin       | 2026/09/18 10:55:40.412	[34mINFO[0m	http.log.access.log0	handled request	{"request": {"remote_ip": "127.0.0.1", "remote_port": "47892", "client_ip": "127.0.0.1", "proto": "HTTP/1.1", "method": "GET", "host": "127.0.0.1:3000", "uri": "/god-mode", "headers": {"User-Agent": ["curl/8.20.0"], "Accept": ["*/*"]}}, "bytes_read": 0, "user_id": "", "duration": 0.00060243, "size": 5589, "status": 200, "resp_headers": {"Server": ["Caddy"], "Vary": ["Accept-Encoding"], "Etag": ["\"dlbu270dl7284b9\""], "Content-Type": ["text/html; charset=utf-8"], "Last-Modified": ["Thu, 10 Sep 2026 18:04:02 GMT"], "Accept-Ranges": ["bytes"], "X-Content-Type-Options": ["nosniff"], "X-Frame-Options": ["DENY"], "X-Xss-Protection": ["1; mode=block"], "Content-Length": ["5589"]}}
admin       | 2026/09/18 10:56:10.493	[34mINFO[0m	http.log.access.log0	handled request	{"request": {"remote_ip": "127.0.0.1", "remote_port": "59054", "client_ip": "127.0.0.1", "proto": "HTTP/1.1", "method": "GET", "host": "127.0.0.1:3000", "uri": "/god-mode", "headers": {"Accept": ["*/*"], "User-Agent": ["curl/8.20.0"]}}, "bytes_read": 0, "user_id": "", "duration": 0.000718363, "size": 5589, "status": 200, "resp_headers": {"Server": ["Caddy"], "X-Content-Type-Options": ["nosniff"], "Last-Modified": ["Thu, 10 Sep 2026 18:04:02 GMT"], "Accept-Ranges": ["bytes"], "X-Xss-Protection": ["1; mode=block"], "X-Frame-Options": ["DENY"], "Vary": ["Accept-Encoding"], "Etag": ["\"dlbu270dl7284b9\""], "Content-Type": ["text/html; charset=utf-8"], "Content-Length": ["5589"]}}
admin       | 2026/09/18 10:56:40.569	[34mINFO[0m	http.log.access.log0	handled request	{"request": {"remote_ip": "127.0.0.1", "remote_port": "35146", "client_ip": "127.0.0.1", "proto": "HTTP/1.1", "method": "GET", "host": "127.0.0.1:3000", "uri": "/god-mode", "headers": {"User-Agent": ["curl/8.20.0"], "Accept": ["*/*"]}}, "bytes_read": 0, "user_id": "", "duration": 0.000627265, "size": 5589, "status": 200, "resp_headers": {"Server": ["Caddy"], "X-Frame-Options": ["DENY"], "Vary": ["Accept-Encoding"], "Etag": ["\"dlbu270dl7284b9\""], "Last-Modified": ["Thu, 10 Sep 2026 18:04:02 GMT"], "Content-Length": ["5589"], "X-Content-Type-Options": ["nosniff"], "X-Xss-Protection": ["1; mode=block"], "Content-Type": ["text/html; charset=utf-8"], "Accept-Ranges": ["bytes"]}}
admin       | 2026/09/18 10:57:10.650	[34mINFO[0m	http.log.access.log0	handled request	{"request": {"remote_ip": "127.0.0.1", "remote_port": "51648", "client_ip": "127.0.0.1", "proto": "HTTP/1.1", "method": "GET", "host": "127.0.0.1:3000", "uri": "/god-mode", "headers": {"Accept": ["*/*"], "User-Agent": ["curl/8.20.0"]}}, "bytes_read": 0, "user_id": "", "duration": 0.000836509, "size": 5589, "status": 200, "resp_headers": {"Accept-Ranges": ["bytes"], "Content-Length": ["5589"], "Server": ["Caddy"], "Etag": ["\"dlbu270dl7284b9\""], "Content-Type": ["text/html; charset=utf-8"], "X-Content-Type-Options": ["nosniff"], "X-Frame-Options": ["DENY"], "X-Xss-Protection": ["1; mode=block"], "Vary": ["Accept-Encoding"], "Last-Modified": ["Thu, 10 Sep 2026 18:04:02 GMT"]}}
admin       | 2026/09/18 10:57:40.734	[34mINFO[0m	http.log.access.log0	handled request	{"request": {"remote_ip": "127.0.0.1", "remote_port": "33558", "client_ip": "127.0.0.1", "proto": "HTTP/1.1", "method": "GET", "host": "127.0.0.1:3000", "uri": "/god-mode", "headers": {"Accept": ["*/*"], "User-Agent": ["curl/8.20.0"]}}, "bytes_read": 0, "user_id": "", "duration": 0.001045727, "size": 5589, "status": 200, "resp_headers": {"X-Content-Type-Options": ["nosniff"], "X-Frame-Options": ["DENY"], "X-Xss-Protection": ["1; mode=block"], "Etag": ["\"dlbu270dl7284b9\""], "Content-Type": ["text/html; charset=utf-8"], "Last-Modified": ["Thu, 10 Sep 2026 18:04:02 GMT"], "Content-Length": ["5589"], "Server": ["Caddy"], "Vary": ["Accept-Encoding"], "Accept-Ranges": ["bytes"]}}
admin       | 2026/09/18 10:58:10.813	[34mINFO[0m	http.log.access.log0	handled request	{"request": {"remote_ip": "127.0.0.1", "remote_port": "37606", "client_ip": "127.0.0.1", "proto": "HTTP/1.1", "method": "GET", "host": "127.0.0.1:3000", "uri": "/god-mode", "headers": {"User-Agent": ["curl/8.20.0"], "Accept": ["*/*"]}}, "bytes_read": 0, "user_id": "", "duration": 0.000463765, "size": 5589, "status": 200, "resp_headers": {"X-Xss-Protection": ["1; mode=block"], "Content-Type": ["text/html; charset=utf-8"], "Last-Modified": ["Thu, 10 Sep 2026 18:04:02 GMT"], "Accept-Ranges": ["bytes"], "X-Frame-Options": ["DENY"], "Vary": ["Accept-Encoding"], "Etag": ["\"dlbu270dl7284b9\""], "Content-Length": ["5589"], "Server": ["Caddy"], "X-Content-Type-Options": ["nosniff"]}}
admin       | 2026/09/18 10:58:40.889	[34mINFO[0m	http.log.access.log0	handled request	{"request": {"remote_ip": "127.0.0.1", "remote_port": "37272", "client_ip": "127.0.0.1", "proto": "HTTP/1.1", "method": "GET", "host": "127.0.0.1:3000", "uri": "/god-mode", "headers": {"Accept": ["*/*"], "User-Agent": ["curl/8.20.0"]}}, "bytes_read": 0, "user_id": "", "duration": 0.001202467, "size": 5589, "status": 200, "resp_headers": {"X-Content-Type-Options": ["nosniff"], "Etag": ["\"dlbu270dl7284b9\""], "Last-Modified": ["Thu, 10 Sep 2026 18:04:02 GMT"], "Accept-Ranges": ["bytes"], "Content-Length": ["5589"], "X-Frame-Options": ["DENY"], "X-Xss-Protection": ["1; mode=block"], "Vary": ["Accept-Encoding"], "Content-Type": ["text/html; charset=utf-8"], "Server": ["Caddy"]}}
admin       | 2026/09/18 10:59:10.968	[34mINFO[0m	http.log.access.log0	handled request	{"request": {"remote_ip": "127.0.0.1", "remote_port": "51560", "client_ip": "127.0.0.1", "proto": "HTTP/1.1", "method": "GET", "host": "127.0.0.1:3000", "uri": "/god-mode", "headers": {"Accept": ["*/*"], "User-Agent": ["curl/8.20.0"]}}, "bytes_read": 0, "user_id": "", "duration": 0.001062937, "size": 5589, "status": 200, "resp_headers": {"Vary": ["Accept-Encoding"], "Last-Modified": ["Thu, 10 Sep 2026 18:04:02 GMT"], "Accept-Ranges": ["bytes"], "Server": ["Caddy"], "X-Content-Type-Options": ["nosniff"], "X-Frame-Options": ["DENY"], "X-Xss-Protection": ["1; mode=block"], "Etag": ["\"dlbu270dl7284b9\""], "Content-Type": ["text/html; charset=utf-8"], "Content-Length": ["5589"]}}
admin       | 2026/09/18 10:59:41.069	[34mINFO[0m	http.log.access.log0	handled request	{"request": {"remote_ip": "127.0.0.1", "remote_port": "33564", "client_ip": "127.0.0.1", "proto": "HTTP/1.1", "method": "GET", "host": "127.0.0.1:3000", "uri": "/god-mode", "headers": {"Accept": ["*/*"], "User-Agent": ["curl/8.20.0"]}}, "bytes_read": 0, "user_id": "", "duration": 0.00065338, "size": 5589, "status": 200, "resp_headers": {"Server": ["Caddy"], "X-Frame-Options": ["DENY"], "Content-Type": ["text/html; charset=utf-8"], "Accept-Ranges": ["bytes"], "Content-Length": ["5589"], "X-Content-Type-Options": ["nosniff"], "X-Xss-Protection": ["1; mode=block"], "Vary": ["Accept-Encoding"], "Etag": ["\"dlbu270dl7284b9\""], "Last-Modified": ["Thu, 10 Sep 2026 18:04:02 GMT"]}}
admin       | 2026/09/18 11:00:11.226	[34mINFO[0m	http.log.access.log0	handled request	{"request": {"remote_ip": "127.0.0.1", "remote_port": "50096", "client_ip": "127.0.0.1", "proto": "HTTP/1.1", "method": "GET", "host": "127.0.0.1:3000", "uri": "/god-mode", "headers": {"Accept": ["*/*"], "User-Agent": ["curl/8.20.0"]}}, "bytes_read": 0, "user_id": "", "duration": 0.00058943, "size": 5589, "status": 200, "resp_headers": {"X-Content-Type-Options": ["nosniff"], "Vary": ["Accept-Encoding"], "Etag": ["\"dlbu270dl7284b9\""], "Content-Type": ["text/html; charset=utf-8"], "Accept-Ranges": ["bytes"], "X-Frame-Options": ["DENY"], "Last-Modified": ["Thu, 10 Sep 2026 18:04:02 GMT"], "Content-Length": ["5589"], "Server": ["Caddy"], "X-Xss-Protection": ["1; mode=block"]}}
admin       | 2026/09/18 11:00:41.319	[34mINFO[0m	http.log.access.log0	handled request	{"request": {"remote_ip": "127.0.0.1", "remote_port": "33558", "client_ip": "127.0.0.1", "proto": "HTTP/1.1", "method": "GET", "host": "127.0.0.1:3000", "uri": "/god-mode", "headers": {"User-Agent": ["curl/8.20.0"], "Accept": ["*/*"]}}, "bytes_read": 0, "user_id": "", "duration": 0.00081852, "size": 5589, "status": 200, "resp_headers": {"Server": ["Caddy"], "X-Frame-Options": ["DENY"], "X-Xss-Protection": ["1; mode=block"], "Vary": ["Accept-Encoding"], "Content-Type": ["text/html; charset=utf-8"], "Last-Modified": ["Thu, 10 Sep 2026 18:04:02 GMT"], "X-Content-Type-Options": ["nosniff"], "Etag": ["\"dlbu270dl7284b9\""], "Accept-Ranges": ["bytes"], "Content-Length": ["5589"]}}
admin       | 2026/09/18 11:01:11.481	[34mINFO[0m	http.log.access.log0	handled request	{"request": {"remote_ip": "127.0.0.1", "remote_port": "40624", "client_ip": "127.0.0.1", "proto": "HTTP/1.1", "method": "GET", "host": "127.0.0.1:3000", "uri": "/god-mode", "headers": {"User-Agent": ["curl/8.20.0"], "Accept": ["*/*"]}}, "bytes_read": 0, "user_id": "", "duration": 0.00131222, "size": 5589, "status": 200, "resp_headers": {"X-Frame-Options": ["DENY"], "Accept-Ranges": ["bytes"], "Content-Length": ["5589"], "X-Content-Type-Options": ["nosniff"], "X-Xss-Protection": ["1; mode=block"], "Vary": ["Accept-Encoding"], "Etag": ["\"dlbu270dl7284b9\""], "Content-Type": ["text/html; charset=utf-8"], "Last-Modified": ["Thu, 10 Sep 2026 18:04:02 GMT"], "Server": ["Caddy"]}}
admin       | 2026/09/18 11:01:41.570	[34mINFO[0m	http.log.access.log0	handled request	{"request": {"remote_ip": "127.0.0.1", "remote_port": "42894", "client_ip": "127.0.0.1", "proto": "HTTP/1.1", "method": "GET", "host": "127.0.0.1:3000", "uri": "/god-mode", "headers": {"User-Agent": ["curl/8.20.0"], "Accept": ["*/*"]}}, "bytes_read": 0, "user_id": "", "duration": 0.00085878, "size": 5589, "status": 200, "resp_headers": {"Accept-Ranges": ["bytes"], "Content-Length": ["5589"], "X-Frame-Options": ["DENY"], "X-Xss-Protection": ["1; mode=block"], "Vary": ["Accept-Encoding"], "Last-Modified": ["Thu, 10 Sep 2026 18:04:02 GMT"], "Server": ["Caddy"], "X-Content-Type-Options": ["nosniff"], "Etag": ["\"dlbu270dl7284b9\""], "Content-Type": ["text/html; charset=utf-8"]}}
admin       | 2026/09/18 11:02:11.660	[34mINFO[0m	http.log.access.log0	handled request	{"request": {"remote_ip": "127.0.0.1", "remote_port": "53616", "client_ip": "127.0.0.1", "proto": "HTTP/1.1", "method": "GET", "host": "127.0.0.1:3000", "uri": "/god-mode", "headers": {"User-Agent": ["curl/8.20.0"], "Accept": ["*/*"]}}, "bytes_read": 0, "user_id": "", "duration": 0.000616623, "size": 5589, "status": 200, "resp_headers": {"Vary": ["Accept-Encoding"], "Last-Modified": ["Thu, 10 Sep 2026 18:04:02 GMT"], "Content-Length": ["5589"], "Server": ["Caddy"], "X-Frame-Options": ["DENY"], "X-Content-Type-Options": ["nosniff"], "Etag": ["\"dlbu270dl7284b9\""], "Content-Type": ["text/html; charset=utf-8"], "Accept-Ranges": ["bytes"], "X-Xss-Protection": ["1; mode=block"]}}
admin       | 2026/09/18 11:02:41.747	[34mINFO[0m	http.log.access.log0	handled request	{"request": {"remote_ip": "127.0.0.1", "remote_port": "48496", "client_ip": "127.0.0.1", "proto": "HTTP/1.1", "method": "GET", "host": "127.0.0.1:3000", "uri": "/god-mode", "headers": {"Accept": ["*/*"], "User-Agent": ["curl/8.20.0"]}}, "bytes_read": 0, "user_id": "", "duration": 0.000600107, "size": 5589, "status": 200, "resp_headers": {"X-Content-Type-Options": ["nosniff"], "X-Frame-Options": ["DENY"], "X-Xss-Protection": ["1; mode=block"], "Vary": ["Accept-Encoding"], "Etag": ["\"dlbu270dl7284b9\""], "Content-Type": ["text/html; charset=utf-8"], "Last-Modified": ["Thu, 10 Sep 2026 18:04:02 GMT"], "Accept-Ranges": ["bytes"], "Server": ["Caddy"], "Content-Length": ["5589"]}}
admin       | 2026/09/18 11:03:11.843	[34mINFO[0m	http.log.access.log0	handled request	{"request": {"remote_ip": "127.0.0.1", "remote_port": "52414", "client_ip": "127.0.0.1", "proto": "HTTP/1.1", "method": "GET", "host": "127.0.0.1:3000", "uri": "/god-mode", "headers": {"Accept": ["*/*"], "User-Agent": ["curl/8.20.0"]}}, "bytes_read": 0, "user_id": "", "duration": 0.000785198, "size": 5589, "status": 200, "resp_headers": {"Last-Modified": ["Thu, 10 Sep 2026 18:04:02 GMT"], "Content-Length": ["5589"], "Server": ["Caddy"], "X-Content-Type-Options": ["nosniff"], "Accept-Ranges": ["bytes"], "X-Frame-Options": ["DENY"], "X-Xss-Protection": ["1; mode=block"], "Vary": ["Accept-Encoding"], "Etag": ["\"dlbu270dl7284b9\""], "Content-Type": ["text/html; charset=utf-8"]}}
admin       | 2026/09/18 11:03:41.923	[34mINFO[0m	http.log.access.log0	handled request	{"request": {"remote_ip": "127.0.0.1", "remote_port": "35724", "client_ip": "127.0.0.1", "proto": "HTTP/1.1", "method": "GET", "host": "127.0.0.1:3000", "uri": "/god-mode", "headers": {"User-Agent": ["curl/8.20.0"], "Accept": ["*/*"]}}, "bytes_read": 0, "user_id": "", "duration": 0.000651255, "size": 5589, "status": 200, "resp_headers": {"Last-Modified": ["Thu, 10 Sep 2026 18:04:02 GMT"], "X-Frame-Options": ["DENY"], "X-Xss-Protection": ["1; mode=block"], "Accept-Ranges": ["bytes"], "Content-Length": ["5589"], "Server": ["Caddy"], "X-Content-Type-Options": ["nosniff"], "Vary": ["Accept-Encoding"], "Etag": ["\"dlbu270dl7284b9\""], "Content-Type": ["text/html; charset=utf-8"]}}
admin       | 2026/09/18 11:04:12.000	[34mINFO[0m	http.log.access.log0	handled request	{"request": {"remote_ip": "127.0.0.1", "remote_port": "37492", "client_ip": "127.0.0.1", "proto": "HTTP/1.1", "method": "GET", "host": "127.0.0.1:3000", "uri": "/god-mode", "headers": {"User-Agent": ["curl/8.20.0"], "Accept": ["*/*"]}}, "bytes_read": 0, "user_id": "", "duration": 0.000419602, "size": 5589, "status": 200, "resp_headers": {"Server": ["Caddy"], "X-Frame-Options": ["DENY"], "Vary": ["Accept-Encoding"], "Etag": ["\"dlbu270dl7284b9\""], "Content-Type": ["text/html; charset=utf-8"], "Last-Modified": ["Thu, 10 Sep 2026 18:04:02 GMT"], "Accept-Ranges": ["bytes"], "X-Content-Type-Options": ["nosniff"], "X-Xss-Protection": ["1; mode=block"], "Content-Length": ["5589"]}}
admin       | 2026/09/18 11:04:42.072	[34mINFO[0m	http.log.access.log0	handled request	{"request": {"remote_ip": "127.0.0.1", "remote_port": "36264", "client_ip": "127.0.0.1", "proto": "HTTP/1.1", "method": "GET", "host": "127.0.0.1:3000", "uri": "/god-mode", "headers": {"User-Agent": ["curl/8.20.0"], "Accept": ["*/*"]}}, "bytes_read": 0, "user_id": "", "duration": 0.000553283, "size": 5589, "status": 200, "resp_headers": {"Etag": ["\"dlbu270dl7284b9\""], "Content-Type": ["text/html; charset=utf-8"], "Last-Modified": ["Thu, 10 Sep 2026 18:04:02 GMT"], "Accept-Ranges": ["bytes"], "Content-Length": ["5589"], "X-Content-Type-Options": ["nosniff"], "X-Xss-Protection": ["1; mode=block"], "Vary": ["Accept-Encoding"], "Server": ["Caddy"], "X-Frame-Options": ["DENY"]}}
api         | {"levelname": "INFO", "asctime": "2026-09-18 06:03:20,960", "module": "logger", "name": "plane.api.request", "message": "GET /api/assets/v2/static/c2bac2ce-bc6e-455e-ae8c-57482f392b74/ 302", "path": "/api/assets/v2/static/c2bac2ce-bc6e-455e-ae8c-57482f392b74/", "method": "GET", "status_code": 302, "duration_ms": 2704, "remote_addr": "119.160.190.240", "user_agent": "Mozilla/5.0 (Windows NT 10.0; Win64; x64) AppleWebKit/537.36 (KHTML, like Gecko) Chrome/153.0.0.0 Safari/537.36 Edg/153.0.0.0", "user_id": "57ff78ef-f40f-4d8d-bca3-7e302fe916ca"}
api         | {"levelname": "INFO", "asctime": "2026-09-18 06:03:20,961", "module": "logger", "name": "plane.api.request", "message": "GET /api/assets/v2/static/890225c3-6614-40dd-8550-7e40ae55ad6d/ 302", "path": "/api/assets/v2/static/890225c3-6614-40dd-8550-7e40ae55ad6d/", "method": "GET", "status_code": 302, "duration_ms": 2700, "remote_addr": "119.160.190.240", "user_agent": "Mozilla/5.0 (Windows NT 10.0; Win64; x64) AppleWebKit/537.36 (KHTML, like Gecko) Chrome/153.0.0.0 Safari/537.36 Edg/153.0.0.0", "user_id": "57ff78ef-f40f-4d8d-bca3-7e302fe916ca"}
api         | {"levelname": "INFO", "asctime": "2026-09-18 06:03:21,126", "module": "logger", "name": "plane.api.request", "message": "GET /api/workspaces/brune4ai/stickies/?cursor=30:0:0&per_page=30&query= 200", "path": "/api/workspaces/brune4ai/stickies/", "method": "GET", "status_code": 200, "duration_ms": 1201, "remote_addr": "119.160.190.240", "user_agent": "Mozilla/5.0 (Windows NT 10.0; Win64; x64) AppleWebKit/537.36 (KHTML, like Gecko) Chrome/153.0.0.0 Safari/537.36 Edg/153.0.0.0", "user_id": "57ff78ef-f40f-4d8d-bca3-7e302fe916ca"}
api         | {"levelname": "INFO", "asctime": "2026-09-18 06:03:22,143", "module": "logger", "name": "plane.api.request", "message": "GET /api/workspaces/brune4ai/recent-visits/ 200", "path": "/api/workspaces/brune4ai/recent-visits/", "method": "GET", "status_code": 200, "duration_ms": 2218, "remote_addr": "119.160.190.240", "user_agent": "Mozilla/5.0 (Windows NT 10.0; Win64; x64) AppleWebKit/537.36 (KHTML, like Gecko) Chrome/153.0.0.0 Safari/537.36 Edg/153.0.0.0", "user_id": "57ff78ef-f40f-4d8d-bca3-7e302fe916ca"}
api         | {"levelname": "INFO", "asctime": "2026-09-18 06:03:31,369", "module": "logger", "name": "plane.api.request", "message": "GET /api/workspaces/brune4ai/users/notifications/unread/ 200", "path": "/api/workspaces/brune4ai/users/notifications/unread/", "method": "GET", "status_code": 200, "duration_ms": 290, "remote_addr": "119.160.190.240", "user_agent": "Mozilla/5.0 (Windows NT 10.0; Win64; x64) AppleWebKit/537.36 (KHTML, like Gecko) Chrome/153.0.0.0 Safari/537.36 Edg/153.0.0.0", "user_id": "57ff78ef-f40f-4d8d-bca3-7e302fe916ca"}
api         | {"levelname": "INFO", "asctime": "2026-09-18 06:03:36,016", "module": "logger", "name": "plane.api.request", "message": "GET /api/workspaces/brune4ai/users/notifications/unread/ 200", "path": "/api/workspaces/brune4ai/users/notifications/unread/", "method": "GET", "status_code": 200, "duration_ms": 678, "remote_addr": "119.160.190.240", "user_agent": "Mozilla/5.0 (Windows NT 10.0; Win64; x64) AppleWebKit/537.36 (KHTML, like Gecko) Chrome/153.0.0.0 Safari/537.36 Edg/153.0.0.0", "user_id": "57ff78ef-f40f-4d8d-bca3-7e302fe916ca"}
api         | {"levelname": "INFO", "asctime": "2026-09-18 06:03:36,119", "module": "logger", "name": "plane.api.request", "message": "GET /api/workspaces/brune4ai/projects/8fd2a982-478c-479c-aeac-820e97299186/project-members/me/ 200", "path": "/api/workspaces/brune4ai/projects/8fd2a982-478c-479c-aeac-820e97299186/project-members/me/", "method": "GET", "status_code": 200, "duration_ms": 797, "remote_addr": "119.160.190.240", "user_agent": "Mozilla/5.0 (Windows NT 10.0; Win64; x64) AppleWebKit/537.36 (KHTML, like Gecko) Chrome/153.0.0.0 Safari/537.36 Edg/153.0.0.0", "user_id": "57ff78ef-f40f-4d8d-bca3-7e302fe916ca"}
admin       | 2026/09/18 11:05:12.169	[34mINFO[0m	http.log.access.log0	handled request	{"request": {"remote_ip": "127.0.0.1", "remote_port": "44802", "client_ip": "127.0.0.1", "proto": "HTTP/1.1", "method": "GET", "host": "127.0.0.1:3000", "uri": "/god-mode", "headers": {"User-Agent": ["curl/8.20.0"], "Accept": ["*/*"]}}, "bytes_read": 0, "user_id": "", "duration": 0.002123749, "size": 5589, "status": 200, "resp_headers": {"Content-Length": ["5589"], "X-Content-Type-Options": ["nosniff"], "X-Xss-Protection": ["1; mode=block"], "Vary": ["Accept-Encoding"], "Etag": ["\"dlbu270dl7284b9\""], "Last-Modified": ["Thu, 10 Sep 2026 18:04:02 GMT"], "Accept-Ranges": ["bytes"], "Server": ["Caddy"], "X-Frame-Options": ["DENY"], "Content-Type": ["text/html; charset=utf-8"]}}
admin       | 2026/09/18 11:05:42.253	[34mINFO[0m	http.log.access.log0	handled request	{"request": {"remote_ip": "127.0.0.1", "remote_port": "39692", "client_ip": "127.0.0.1", "proto": "HTTP/1.1", "method": "GET", "host": "127.0.0.1:3000", "uri": "/god-mode", "headers": {"User-Agent": ["curl/8.20.0"], "Accept": ["*/*"]}}, "bytes_read": 0, "user_id": "", "duration": 0.000729293, "size": 5589, "status": 200, "resp_headers": {"X-Frame-Options": ["DENY"], "Vary": ["Accept-Encoding"], "Content-Type": ["text/html; charset=utf-8"], "Last-Modified": ["Thu, 10 Sep 2026 18:04:02 GMT"], "Content-Length": ["5589"], "X-Xss-Protection": ["1; mode=block"], "Etag": ["\"dlbu270dl7284b9\""], "Accept-Ranges": ["bytes"], "Server": ["Caddy"], "X-Content-Type-Options": ["nosniff"]}}
admin       | 2026/09/18 11:06:12.343	[34mINFO[0m	http.log.access.log0	handled request	{"request": {"remote_ip": "127.0.0.1", "remote_port": "54564", "client_ip": "127.0.0.1", "proto": "HTTP/1.1", "method": "GET", "host": "127.0.0.1:3000", "uri": "/god-mode", "headers": {"User-Agent": ["curl/8.20.0"], "Accept": ["*/*"]}}, "bytes_read": 0, "user_id": "", "duration": 0.00068317, "size": 5589, "status": 200, "resp_headers": {"Etag": ["\"dlbu270dl7284b9\""], "Content-Type": ["text/html; charset=utf-8"], "Last-Modified": ["Thu, 10 Sep 2026 18:04:02 GMT"], "Content-Length": ["5589"], "Server": ["Caddy"], "X-Frame-Options": ["DENY"], "Vary": ["Accept-Encoding"], "Accept-Ranges": ["bytes"], "X-Content-Type-Options": ["nosniff"], "X-Xss-Protection": ["1; mode=block"]}}
bgworker    | {"levelname": "INFO", "asctime": "2026-09-18 11:25:00,027", "module": "strategy", "name": "celery.worker.strategy", "message": "Task plane.bgtasks.email_notification_task.stack_email_notification[21669ac3-070d-4e44-a528-cdf2de8f6781] received", "data": {"id": "21669ac3-070d-4e44-a528-cdf2de8f6781", "name": "plane.bgtasks.email_notification_task.stack_email_notification", "args": "()", "kwargs": "{}", "eta": null}}
api         | {"levelname": "INFO", "asctime": "2026-09-18 06:03:36,580", "module": "logger", "name": "plane.api.request", "message": "GET /api/workspaces/brune4ai/projects/8fd2a982-478c-479c-aeac-820e97299186/ 200", "path": "/api/workspaces/brune4ai/projects/8fd2a982-478c-479c-aeac-820e97299186/", "method": "GET", "status_code": 200, "duration_ms": 1278, "remote_addr": "119.160.190.240", "user_agent": "Mozilla/5.0 (Windows NT 10.0; Win64; x64) AppleWebKit/537.36 (KHTML, like Gecko) Chrome/153.0.0.0 Safari/537.36 Edg/153.0.0.0", "user_id": "57ff78ef-f40f-4d8d-bca3-7e302fe916ca"}
api         | {"levelname": "INFO", "asctime": "2026-09-18 06:04:24,733", "module": "logger", "name": "plane.api.request", "message": "GET /api/workspaces/brune4ai/users/notifications/unread/ 200", "path": "/api/workspaces/brune4ai/users/notifications/unread/", "method": "GET", "status_code": 200, "duration_ms": 507, "remote_addr": "119.160.190.240", "user_agent": "Mozilla/5.0 (Windows NT 10.0; Win64; x64) AppleWebKit/537.36 (KHTML, like Gecko) Chrome/153.0.0.0 Safari/537.36 Edg/153.0.0.0", "user_id": "57ff78ef-f40f-4d8d-bca3-7e302fe916ca"}
bgworker    | [2026-09-18 11:30:00,278: INFO/MainProcess] Task plane.bgtasks.email_notification_task.stack_email_notification[e436592f-6f93-48f8-8db9-04bcafe49f5e] received
api         | {"levelname": "INFO", "asctime": "2026-09-18 06:04:25,121", "module": "logger", "name": "plane.api.request", "message": "GET /api/workspaces/brune4ai/projects/8fd2a982-478c-479c-aeac-820e97299186/project-members/me/ 200", "path": "/api/workspaces/brune4ai/projects/8fd2a982-478c-479c-aeac-820e97299186/project-members/me/", "method": "GET", "status_code": 200, "duration_ms": 887, "remote_addr": "119.160.190.240", "user_agent": "Mozilla/5.0 (Windows NT 10.0; Win64; x64) AppleWebKit/537.36 (KHTML, like Gecko) Chrome/153.0.0.0 Safari/537.36 Edg/153.0.0.0", "user_id": "57ff78ef-f40f-4d8d-bca3-7e302fe916ca"}
bgworker    | {"levelname": "INFO", "asctime": "2026-09-18 11:30:00,278", "module": "strategy", "name": "celery.worker.strategy", "message": "Task plane.bgtasks.email_notification_task.stack_email_notification[e436592f-6f93-48f8-8db9-04bcafe49f5e] received", "data": {"id": "e436592f-6f93-48f8-8db9-04bcafe49f5e", "name": "plane.bgtasks.email_notification_task.stack_email_notification", "args": "()", "kwargs": "{}", "eta": null}}
bgworker    | [2026-09-18 11:30:55,955: INFO/MainProcess] Task plane.bgtasks.recent_visited_task.recent_visited_task[e5d89b42-2796-4e71-aac2-751d34e185e9] received
admin       | 2026/09/18 11:06:42.428	[34mINFO[0m	http.log.access.log0	handled request	{"request": {"remote_ip": "127.0.0.1", "remote_port": "51956", "client_ip": "127.0.0.1", "proto": "HTTP/1.1", "method": "GET", "host": "127.0.0.1:3000", "uri": "/god-mode", "headers": {"Accept": ["*/*"], "User-Agent": ["curl/8.20.0"]}}, "bytes_read": 0, "user_id": "", "duration": 0.001366447, "size": 5589, "status": 200, "resp_headers": {"Server": ["Caddy"], "X-Content-Type-Options": ["nosniff"], "X-Frame-Options": ["DENY"], "Vary": ["Accept-Encoding"], "Content-Type": ["text/html; charset=utf-8"], "Last-Modified": ["Thu, 10 Sep 2026 18:04:02 GMT"], "Accept-Ranges": ["bytes"], "Content-Length": ["5589"], "X-Xss-Protection": ["1; mode=block"], "Etag": ["\"dlbu270dl7284b9\""]}}
bgworker    | {"levelname": "INFO", "asctime": "2026-09-18 11:30:55,955", "module": "strategy", "name": "celery.worker.strategy", "message": "Task plane.bgtasks.recent_visited_task.recent_visited_task[e5d89b42-2796-4e71-aac2-751d34e185e9] received", "data": {"id": "e5d89b42-2796-4e71-aac2-751d34e185e9", "name": "plane.bgtasks.recent_visited_task.recent_visited_task", "args": "()", "kwargs": "{'slug': 'brune4ai', 'project_id': UUID('8fd2a982-478c-479c-aeac-820e97299186'), 'entity_name': 'project', 'entity_identifier': UUID('8fd2a982-478c-479c-aeac-820e97299186'), 'user_id': UUID('57ff78ef-f40f-4d8d-bca3-7e302fe916ca')}", "eta": null}}
api         | {"levelname": "INFO", "asctime": "2026-09-18 06:04:25,847", "module": "logger", "name": "plane.api.request", "message": "GET /api/workspaces/brune4ai/projects/8fd2a982-478c-479c-aeac-820e97299186/ 200", "path": "/api/workspaces/brune4ai/projects/8fd2a982-478c-479c-aeac-820e97299186/", "method": "GET", "status_code": 200, "duration_ms": 1648, "remote_addr": "119.160.190.240", "user_agent": "Mozilla/5.0 (Windows NT 10.0; Win64; x64) AppleWebKit/537.36 (KHTML, like Gecko) Chrome/153.0.0.0 Safari/537.36 Edg/153.0.0.0", "user_id": "57ff78ef-f40f-4d8d-bca3-7e302fe916ca"}
bgworker    | [2026-09-18 11:30:56,263: INFO/MainProcess] Task plane.bgtasks.recent_visited_task.recent_visited_task[37cf2991-c958-4362-841d-ecabe5d331c4] received
api         | {"levelname": "INFO", "asctime": "2026-09-18 06:06:32,461", "module": "logger", "name": "plane.api.request", "message": "GET /api/users/me/copilot-identity/ 200", "path": "/api/users/me/copilot-identity/", "method": "GET", "status_code": 200, "duration_ms": 1020, "remote_addr": "119.160.190.240", "user_agent": "Mozilla/5.0 (Windows NT 10.0; Win64; x64) AppleWebKit/537.36 (KHTML, like Gecko) Chrome/153.0.0.0 Safari/537.36 Edg/153.0.0.0", "user_id": "57ff78ef-f40f-4d8d-bca3-7e302fe916ca"}
web         | 2026/09/18 11:16:53.366	[34mINFO[0m	http.log.access.log0	handled request	{"request": {"remote_ip": "127.0.0.1", "remote_port": "57646", "client_ip": "127.0.0.1", "proto": "HTTP/1.1", "method": "GET", "host": "127.0.0.1:3000", "uri": "/", "headers": {"User-Agent": ["curl/8.22.0"], "Accept": ["*/*"]}}, "bytes_read": 0, "user_id": "", "duration": 0.000428095, "size": 6087, "status": 200, "resp_headers": {"Etag": ["\"dlh52pe14jcw4p3\""], "Content-Type": ["text/html; charset=utf-8"], "Last-Modified": ["Wed, 16 Sep 2026 23:45:14 GMT"], "X-Xss-Protection": ["1; mode=block"], "Vary": ["Accept-Encoding"], "Accept-Ranges": ["bytes"], "Content-Length": ["6087"], "Server": ["Caddy"], "X-Content-Type-Options": ["nosniff"], "X-Frame-Options": ["DENY"]}}
api         | {"levelname": "INFO", "asctime": "2026-09-18 06:07:19,131", "module": "logger", "name": "plane.api.request", "message": "GET /api/workspaces/brune4ai/users/notifications/unread/ 200", "path": "/api/workspaces/brune4ai/users/notifications/unread/", "method": "GET", "status_code": 200, "duration_ms": 1225, "remote_addr": "119.160.190.240", "user_agent": "Mozilla/5.0 (Windows NT 10.0; Win64; x64) AppleWebKit/537.36 (KHTML, like Gecko) Chrome/153.0.0.0 Safari/537.36 Edg/153.0.0.0", "user_id": "57ff78ef-f40f-4d8d-bca3-7e302fe916ca"}
web         | 2026/09/18 11:17:23.443	[34mINFO[0m	http.log.access.log0	handled request	{"request": {"remote_ip": "127.0.0.1", "remote_port": "60922", "client_ip": "127.0.0.1", "proto": "HTTP/1.1", "method": "GET", "host": "127.0.0.1:3000", "uri": "/", "headers": {"User-Agent": ["curl/8.22.0"], "Accept": ["*/*"]}}, "bytes_read": 0, "user_id": "", "duration": 0.000519169, "size": 6087, "status": 200, "resp_headers": {"Etag": ["\"dlh52pe14jcw4p3\""], "Last-Modified": ["Wed, 16 Sep 2026 23:45:14 GMT"], "Content-Length": ["6087"], "X-Xss-Protection": ["1; mode=block"], "Vary": ["Accept-Encoding"], "Content-Type": ["text/html; charset=utf-8"], "Accept-Ranges": ["bytes"], "Server": ["Caddy"], "X-Content-Type-Options": ["nosniff"], "X-Frame-Options": ["DENY"]}}
api         | {"levelname": "INFO", "asctime": "2026-09-18 06:07:21,523", "module": "logger", "name": "plane.api.request", "message": "GET /api/workspaces/brune4ai/projects/8fd2a982-478c-479c-aeac-820e97299186/project-members/me/ 200", "path": "/api/workspaces/brune4ai/projects/8fd2a982-478c-479c-aeac-820e97299186/project-members/me/", "method": "GET", "status_code": 200, "duration_ms": 2574, "remote_addr": "119.160.190.240", "user_agent": "Mozilla/5.0 (Windows NT 10.0; Win64; x64) AppleWebKit/537.36 (KHTML, like Gecko) Chrome/153.0.0.0 Safari/537.36 Edg/153.0.0.0", "user_id": "57ff78ef-f40f-4d8d-bca3-7e302fe916ca"}
bgworker    | {"levelname": "INFO", "asctime": "2026-09-18 11:30:56,263", "module": "strategy", "name": "celery.worker.strategy", "message": "Task plane.bgtasks.recent_visited_task.recent_visited_task[37cf2991-c958-4362-841d-ecabe5d331c4] received", "data": {"id": "37cf2991-c958-4362-841d-ecabe5d331c4", "name": "plane.bgtasks.recent_visited_task.recent_visited_task", "args": "()", "kwargs": "{'slug': 'brune4ai', 'entity_name': 'issue', 'entity_identifier': UUID('992faf47-6a3e-4bce-acf5-7a3935555241'), 'user_id': UUID('57ff78ef-f40f-4d8d-bca3-7e302fe916ca'), 'project_id': UUID('8fd2a982-478c-479c-aeac-820e97299186')}", "eta": null}}
api         | {"levelname": "INFO", "asctime": "2026-09-18 06:07:21,567", "module": "logger", "name": "plane.api.request", "message": "GET /api/workspaces/brune4ai/projects/8fd2a982-478c-479c-aeac-820e97299186/ 200", "path": "/api/workspaces/brune4ai/projects/8fd2a982-478c-479c-aeac-820e97299186/", "method": "GET", "status_code": 200, "duration_ms": 3646, "remote_addr": "119.160.190.240", "user_agent": "Mozilla/5.0 (Windows NT 10.0; Win64; x64) AppleWebKit/537.36 (KHTML, like Gecko) Chrome/153.0.0.0 Safari/537.36 Edg/153.0.0.0", "user_id": "57ff78ef-f40f-4d8d-bca3-7e302fe916ca"}
api         | {"levelname": "INFO", "asctime": "2026-09-18 06:07:56,036", "module": "logger", "name": "plane.api.request", "message": "GET /api/workspaces/brune4ai/projects/8fd2a982-478c-479c-aeac-820e97299186/project-members/me/ 200", "path": "/api/workspaces/brune4ai/projects/8fd2a982-478c-479c-aeac-820e97299186/project-members/me/", "method": "GET", "status_code": 200, "duration_ms": 1521, "remote_addr": "119.160.190.240", "user_agent": "Mozilla/5.0 (Windows NT 10.0; Win64; x64) AppleWebKit/537.36 (KHTML, like Gecko) Chrome/153.0.0.0 Safari/537.36 Edg/153.0.0.0", "user_id": "57ff78ef-f40f-4d8d-bca3-7e302fe916ca"}
api         | {"levelname": "INFO", "asctime": "2026-09-18 06:07:56,071", "module": "logger", "name": "plane.api.request", "message": "GET /api/workspaces/brune4ai/users/notifications/unread/ 200", "path": "/api/workspaces/brune4ai/users/notifications/unread/", "method": "GET", "status_code": 200, "duration_ms": 1571, "remote_addr": "119.160.190.240", "user_agent": "Mozilla/5.0 (Windows NT 10.0; Win64; x64) AppleWebKit/537.36 (KHTML, like Gecko) Chrome/153.0.0.0 Safari/537.36 Edg/153.0.0.0", "user_id": "57ff78ef-f40f-4d8d-bca3-7e302fe916ca"}
api         | {"levelname": "INFO", "asctime": "2026-09-18 06:07:57,139", "module": "logger", "name": "plane.api.request", "message": "GET /api/workspaces/brune4ai/projects/8fd2a982-478c-479c-aeac-820e97299186/ 200", "path": "/api/workspaces/brune4ai/projects/8fd2a982-478c-479c-aeac-820e97299186/", "method": "GET", "status_code": 200, "duration_ms": 2406, "remote_addr": "119.160.190.240", "user_agent": "Mozilla/5.0 (Windows NT 10.0; Win64; x64) AppleWebKit/537.36 (KHTML, like Gecko) Chrome/153.0.0.0 Safari/537.36 Edg/153.0.0.0", "user_id": "57ff78ef-f40f-4d8d-bca3-7e302fe916ca"}
api         | {"levelname": "INFO", "asctime": "2026-09-18 06:09:30,666", "module": "logger", "name": "plane.api.request", "message": "GET /api/workspaces/brune4ai/users/notifications/unread/ 200", "path": "/api/workspaces/brune4ai/users/notifications/unread/", "method": "GET", "status_code": 200, "duration_ms": 2432, "remote_addr": "119.160.190.240", "user_agent": "Mozilla/5.0 (Windows NT 10.0; Win64; x64) AppleWebKit/537.36 (KHTML, like Gecko) Chrome/153.0.0.0 Safari/537.36 Edg/153.0.0.0", "user_id": "57ff78ef-f40f-4d8d-bca3-7e302fe916ca"}
api         | {"levelname": "INFO", "asctime": "2026-09-18 06:09:30,791", "module": "logger", "name": "plane.api.request", "message": "GET /api/workspaces/brune4ai/projects/8fd2a982-478c-479c-aeac-820e97299186/project-members/me/ 200", "path": "/api/workspaces/brune4ai/projects/8fd2a982-478c-479c-aeac-820e97299186/project-members/me/", "method": "GET", "status_code": 200, "duration_ms": 2988, "remote_addr": "119.160.190.240", "user_agent": "Mozilla/5.0 (Windows NT 10.0; Win64; x64) AppleWebKit/537.36 (KHTML, like Gecko) Chrome/153.0.0.0 Safari/537.36 Edg/153.0.0.0", "user_id": "57ff78ef-f40f-4d8d-bca3-7e302fe916ca"}
api         | {"levelname": "INFO", "asctime": "2026-09-18 06:09:32,611", "module": "logger", "name": "plane.api.request", "message": "GET /api/workspaces/brune4ai/projects/8fd2a982-478c-479c-aeac-820e97299186/ 200", "path": "/api/workspaces/brune4ai/projects/8fd2a982-478c-479c-aeac-820e97299186/", "method": "GET", "status_code": 200, "duration_ms": 4817, "remote_addr": "119.160.190.240", "user_agent": "Mozilla/5.0 (Windows NT 10.0; Win64; x64) AppleWebKit/537.36 (KHTML, like Gecko) Chrome/153.0.0.0 Safari/537.36 Edg/153.0.0.0", "user_id": "57ff78ef-f40f-4d8d-bca3-7e302fe916ca"}
api         | {"levelname": "INFO", "asctime": "2026-09-18 06:09:32,692", "module": "logger", "name": "plane.api.request", "message": "GET /api/workspaces/brune4ai/projects/8fd2a982-478c-479c-aeac-820e97299186/issues/992faf47-6a3e-4bce-acf5-7a3935555241/?expand=issue_reactions,issue_attachments,issue_link,parent 200", "path": "/api/workspaces/brune4ai/projects/8fd2a982-478c-479c-aeac-820e97299186/issues/992faf47-6a3e-4bce-acf5-7a3935555241/", "method": "GET", "status_code": 200, "duration_ms": 2834, "remote_addr": "119.160.190.240", "user_agent": "Mozilla/5.0 (Windows NT 10.0; Win64; x64) AppleWebKit/537.36 (KHTML, like Gecko) Chrome/153.0.0.0 Safari/537.36 Edg/153.0.0.0", "user_id": "57ff78ef-f40f-4d8d-bca3-7e302fe916ca"}
api         | {"levelname": "INFO", "asctime": "2026-09-18 06:09:34,802", "module": "logger", "name": "plane.api.request", "message": "GET /api/workspaces/brune4ai/projects/8fd2a982-478c-479c-aeac-820e97299186/states/ 200", "path": "/api/workspaces/brune4ai/projects/8fd2a982-478c-479c-aeac-820e97299186/states/", "method": "GET", "status_code": 200, "duration_ms": 1807, "remote_addr": "119.160.190.240", "user_agent": "Mozilla/5.0 (Windows NT 10.0; Win64; x64) AppleWebKit/537.36 (KHTML, like Gecko) Chrome/153.0.0.0 Safari/537.36 Edg/153.0.0.0", "user_id": "57ff78ef-f40f-4d8d-bca3-7e302fe916ca"}
api         | {"levelname": "INFO", "asctime": "2026-09-18 06:09:35,312", "module": "logger", "name": "plane.api.request", "message": "GET /api/workspaces/brune4ai/projects/8fd2a982-478c-479c-aeac-820e97299186/issues/992faf47-6a3e-4bce-acf5-7a3935555241/sub-issues/ 200", "path": "/api/workspaces/brune4ai/projects/8fd2a982-478c-479c-aeac-820e97299186/issues/992faf47-6a3e-4bce-acf5-7a3935555241/sub-issues/", "method": "GET", "status_code": 200, "duration_ms": 2326, "remote_addr": "119.160.190.240", "user_agent": "Mozilla/5.0 (Windows NT 10.0; Win64; x64) AppleWebKit/537.36 (KHTML, like Gecko) Chrome/153.0.0.0 Safari/537.36 Edg/153.0.0.0", "user_id": "57ff78ef-f40f-4d8d-bca3-7e302fe916ca"}
api         | {"levelname": "INFO", "asctime": "2026-09-18 06:09:35,310", "module": "logger", "name": "plane.api.request", "message": "GET /api/workspaces/brune4ai/projects/8fd2a982-478c-479c-aeac-820e97299186/work-items/992faf47-6a3e-4bce-acf5-7a3935555241/description-versions/ 200", "path": "/api/workspaces/brune4ai/projects/8fd2a982-478c-479c-aeac-820e97299186/work-items/992faf47-6a3e-4bce-acf5-7a3935555241/description-versions/", "method": "GET", "status_code": 200, "duration_ms": 2324, "remote_addr": "119.160.190.240", "user_agent": "Mozilla/5.0 (Windows NT 10.0; Win64; x64) AppleWebKit/537.36 (KHTML, like Gecko) Chrome/153.0.0.0 Safari/537.36 Edg/153.0.0.0", "user_id": "57ff78ef-f40f-4d8d-bca3-7e302fe916ca"}
api         | {"levelname": "INFO", "asctime": "2026-09-18 06:09:35,831", "module": "logger", "name": "plane.api.request", "message": "GET /api/workspaces/brune4ai/projects/8fd2a982-478c-479c-aeac-820e97299186/issues/992faf47-6a3e-4bce-acf5-7a3935555241/history/?activity_type=issue-property 200", "path": "/api/workspaces/brune4ai/projects/8fd2a982-478c-479c-aeac-820e97299186/issues/992faf47-6a3e-4bce-acf5-7a3935555241/history/", "method": "GET", "status_code": 200, "duration_ms": 2841, "remote_addr": "119.160.190.240", "user_agent": "Mozilla/5.0 (Windows NT 10.0; Win64; x64) AppleWebKit/537.36 (KHTML, like Gecko) Chrome/153.0.0.0 Safari/537.36 Edg/153.0.0.0", "user_id": "57ff78ef-f40f-4d8d-bca3-7e302fe916ca"}
api         | {"levelname": "INFO", "asctime": "2026-09-18 06:09:36,209", "module": "logger", "name": "plane.api.request", "message": "GET /api/workspaces/brune4ai/projects/8fd2a982-478c-479c-aeac-820e97299186/issues/992faf47-6a3e-4bce-acf5-7a3935555241/history/?activity_type=issue-comment 200", "path": "/api/workspaces/brune4ai/projects/8fd2a982-478c-479c-aeac-820e97299186/issues/992faf47-6a3e-4bce-acf5-7a3935555241/history/", "method": "GET", "status_code": 200, "duration_ms": 3239, "remote_addr": "119.160.190.240", "user_agent": "Mozilla/5.0 (Windows NT 10.0; Win64; x64) AppleWebKit/537.36 (KHTML, like Gecko) Chrome/153.0.0.0 Safari/537.36 Edg/153.0.0.0", "user_id": "57ff78ef-f40f-4d8d-bca3-7e302fe916ca"}
api         | {"levelname": "INFO", "asctime": "2026-09-18 06:09:36,639", "module": "logger", "name": "plane.api.request", "message": "GET /api/workspaces/brune4ai/projects/8fd2a982-478c-479c-aeac-820e97299186/issues/992faf47-6a3e-4bce-acf5-7a3935555241/issue-relation/ 200", "path": "/api/workspaces/brune4ai/projects/8fd2a982-478c-479c-aeac-820e97299186/issues/992faf47-6a3e-4bce-acf5-7a3935555241/issue-relation/", "method": "GET", "status_code": 200, "duration_ms": 3674, "remote_addr": "119.160.190.240", "user_agent": "Mozilla/5.0 (Windows NT 10.0; Win64; x64) AppleWebKit/537.36 (KHTML, like Gecko) Chrome/153.0.0.0 Safari/537.36 Edg/153.0.0.0", "user_id": "57ff78ef-f40f-4d8d-bca3-7e302fe916ca"}
api         | {"levelname": "INFO", "asctime": "2026-09-18 06:10:18,891", "module": "logger", "name": "plane.api.request", "message": "GET /api/workspaces/brune4ai/projects/8fd2a982-478c-479c-aeac-820e97299186/work-items/992faf47-6a3e-4bce-acf5-7a3935555241/description-versions/ 200", "path": "/api/workspaces/brune4ai/projects/8fd2a982-478c-479c-aeac-820e97299186/work-items/992faf47-6a3e-4bce-acf5-7a3935555241/description-versions/", "method": "GET", "status_code": 200, "duration_ms": 884, "remote_addr": "119.160.190.240", "user_agent": "Mozilla/5.0 (Windows NT 10.0; Win64; x64) AppleWebKit/537.36 (KHTML, like Gecko) Chrome/153.0.0.0 Safari/537.36 Edg/153.0.0.0", "user_id": "57ff78ef-f40f-4d8d-bca3-7e302fe916ca"}
api         | {"levelname": "INFO", "asctime": "2026-09-18 06:10:19,590", "module": "logger", "name": "plane.api.request", "message": "GET /api/workspaces/brune4ai/users/notifications/unread/ 200", "path": "/api/workspaces/brune4ai/users/notifications/unread/", "method": "GET", "status_code": 200, "duration_ms": 1506, "remote_addr": "119.160.190.240", "user_agent": "Mozilla/5.0 (Windows NT 10.0; Win64; x64) AppleWebKit/537.36 (KHTML, like Gecko) Chrome/153.0.0.0 Safari/537.36 Edg/153.0.0.0", "user_id": "57ff78ef-f40f-4d8d-bca3-7e302fe916ca"}
api         | {"levelname": "INFO", "asctime": "2026-09-18 06:10:19,697", "module": "logger", "name": "plane.api.request", "message": "GET /api/workspaces/brune4ai/projects/8fd2a982-478c-479c-aeac-820e97299186/project-members/me/ 200", "path": "/api/workspaces/brune4ai/projects/8fd2a982-478c-479c-aeac-820e97299186/project-members/me/", "method": "GET", "status_code": 200, "duration_ms": 1505, "remote_addr": "119.160.190.240", "user_agent": "Mozilla/5.0 (Windows NT 10.0; Win64; x64) AppleWebKit/537.36 (KHTML, like Gecko) Chrome/153.0.0.0 Safari/537.36 Edg/153.0.0.0", "user_id": "57ff78ef-f40f-4d8d-bca3-7e302fe916ca"}
api         | {"levelname": "INFO", "asctime": "2026-09-18 06:10:20,403", "module": "logger", "name": "plane.api.request", "message": "GET /api/workspaces/brune4ai/projects/8fd2a982-478c-479c-aeac-820e97299186/ 200", "path": "/api/workspaces/brune4ai/projects/8fd2a982-478c-479c-aeac-820e97299186/", "method": "GET", "status_code": 200, "duration_ms": 2271, "remote_addr": "119.160.190.240", "user_agent": "Mozilla/5.0 (Windows NT 10.0; Win64; x64) AppleWebKit/537.36 (KHTML, like Gecko) Chrome/153.0.0.0 Safari/537.36 Edg/153.0.0.0", "user_id": "57ff78ef-f40f-4d8d-bca3-7e302fe916ca"}
api         | {"levelname": "INFO", "asctime": "2026-09-18 06:10:30,064", "module": "logger", "name": "plane.api.request", "message": "GET /api/workspaces/brune4ai/users/notifications/unread/ 200", "path": "/api/workspaces/brune4ai/users/notifications/unread/", "method": "GET", "status_code": 200, "duration_ms": 804, "remote_addr": "119.160.190.240", "user_agent": "Mozilla/5.0 (Windows NT 10.0; Win64; x64) AppleWebKit/537.36 (KHTML, like Gecko) Chrome/153.0.0.0 Safari/537.36 Edg/153.0.0.0", "user_id": "57ff78ef-f40f-4d8d-bca3-7e302fe916ca"}
api         | {"levelname": "INFO", "asctime": "2026-09-18 06:10:30,817", "module": "logger", "name": "plane.api.request", "message": "GET /api/workspaces/brune4ai/projects/8fd2a982-478c-479c-aeac-820e97299186/work-items/992faf47-6a3e-4bce-acf5-7a3935555241/description-versions/ 200", "path": "/api/workspaces/brune4ai/projects/8fd2a982-478c-479c-aeac-820e97299186/work-items/992faf47-6a3e-4bce-acf5-7a3935555241/description-versions/", "method": "GET", "status_code": 200, "duration_ms": 1649, "remote_addr": "119.160.190.240", "user_agent": "Mozilla/5.0 (Windows NT 10.0; Win64; x64) AppleWebKit/537.36 (KHTML, like Gecko) Chrome/153.0.0.0 Safari/537.36 Edg/153.0.0.0", "user_id": "57ff78ef-f40f-4d8d-bca3-7e302fe916ca"}
api         | {"levelname": "INFO", "asctime": "2026-09-18 06:10:31,011", "module": "logger", "name": "plane.api.request", "message": "GET /api/workspaces/brune4ai/projects/8fd2a982-478c-479c-aeac-820e97299186/project-members/me/ 200", "path": "/api/workspaces/brune4ai/projects/8fd2a982-478c-479c-aeac-820e97299186/project-members/me/", "method": "GET", "status_code": 200, "duration_ms": 1874, "remote_addr": "119.160.190.240", "user_agent": "Mozilla/5.0 (Windows NT 10.0; Win64; x64) AppleWebKit/537.36 (KHTML, like Gecko) Chrome/153.0.0.0 Safari/537.36 Edg/153.0.0.0", "user_id": "57ff78ef-f40f-4d8d-bca3-7e302fe916ca"}
api         | {"levelname": "INFO", "asctime": "2026-09-18 06:10:31,307", "module": "logger", "name": "plane.api.request", "message": "GET /api/workspaces/brune4ai/projects/8fd2a982-478c-479c-aeac-820e97299186/ 200", "path": "/api/workspaces/brune4ai/projects/8fd2a982-478c-479c-aeac-820e97299186/", "method": "GET", "status_code": 200, "duration_ms": 2142, "remote_addr": "119.160.190.240", "user_agent": "Mozilla/5.0 (Windows NT 10.0; Win64; x64) AppleWebKit/537.36 (KHTML, like Gecko) Chrome/153.0.0.0 Safari/537.36 Edg/153.0.0.0", "user_id": "57ff78ef-f40f-4d8d-bca3-7e302fe916ca"}
api         | {"levelname": "INFO", "asctime": "2026-09-18 06:10:38,347", "module": "logger", "name": "plane.api.request", "message": "GET /api/workspaces/brune4ai/users/notifications/unread/ 200", "path": "/api/workspaces/brune4ai/users/notifications/unread/", "method": "GET", "status_code": 200, "duration_ms": 901, "remote_addr": "119.160.190.240", "user_agent": "Mozilla/5.0 (Windows NT 10.0; Win64; x64) AppleWebKit/537.36 (KHTML, like Gecko) Chrome/153.0.0.0 Safari/537.36 Edg/153.0.0.0", "user_id": "57ff78ef-f40f-4d8d-bca3-7e302fe916ca"}
api         | {"levelname": "INFO", "asctime": "2026-09-18 06:10:38,540", "module": "logger", "name": "plane.api.request", "message": "GET /api/workspaces/brune4ai/projects/8fd2a982-478c-479c-aeac-820e97299186/project-members/me/ 200", "path": "/api/workspaces/brune4ai/projects/8fd2a982-478c-479c-aeac-820e97299186/project-members/me/", "method": "GET", "status_code": 200, "duration_ms": 1088, "remote_addr": "119.160.190.240", "user_agent": "Mozilla/5.0 (Windows NT 10.0; Win64; x64) AppleWebKit/537.36 (KHTML, like Gecko) Chrome/153.0.0.0 Safari/537.36 Edg/153.0.0.0", "user_id": "57ff78ef-f40f-4d8d-bca3-7e302fe916ca"}
admin       | 2026/09/18 11:07:12.509	[34mINFO[0m	http.log.access.log0	handled request	{"request": {"remote_ip": "127.0.0.1", "remote_port": "52282", "client_ip": "127.0.0.1", "proto": "HTTP/1.1", "method": "GET", "host": "127.0.0.1:3000", "uri": "/god-mode", "headers": {"User-Agent": ["curl/8.20.0"], "Accept": ["*/*"]}}, "bytes_read": 0, "user_id": "", "duration": 0.004749568, "size": 5589, "status": 200, "resp_headers": {"X-Frame-Options": ["DENY"], "Last-Modified": ["Thu, 10 Sep 2026 18:04:02 GMT"], "Accept-Ranges": ["bytes"], "Content-Length": ["5589"], "X-Content-Type-Options": ["nosniff"], "X-Xss-Protection": ["1; mode=block"], "Vary": ["Accept-Encoding"], "Etag": ["\"dlbu270dl7284b9\""], "Content-Type": ["text/html; charset=utf-8"], "Server": ["Caddy"]}}
admin       | 2026/09/18 11:07:42.618	[34mINFO[0m	http.log.access.log0	handled request	{"request": {"remote_ip": "127.0.0.1", "remote_port": "49530", "client_ip": "127.0.0.1", "proto": "HTTP/1.1", "method": "GET", "host": "127.0.0.1:3000", "uri": "/god-mode", "headers": {"User-Agent": ["curl/8.20.0"], "Accept": ["*/*"]}}, "bytes_read": 0, "user_id": "", "duration": 0.000559688, "size": 5589, "status": 200, "resp_headers": {"Accept-Ranges": ["bytes"], "X-Xss-Protection": ["1; mode=block"], "Vary": ["Accept-Encoding"], "Content-Type": ["text/html; charset=utf-8"], "Last-Modified": ["Thu, 10 Sep 2026 18:04:02 GMT"], "Content-Length": ["5589"], "Server": ["Caddy"], "X-Content-Type-Options": ["nosniff"], "X-Frame-Options": ["DENY"], "Etag": ["\"dlbu270dl7284b9\""]}}
admin       | 2026/09/18 11:08:12.702	[34mINFO[0m	http.log.access.log0	handled request	{"request": {"remote_ip": "127.0.0.1", "remote_port": "36604", "client_ip": "127.0.0.1", "proto": "HTTP/1.1", "method": "GET", "host": "127.0.0.1:3000", "uri": "/god-mode", "headers": {"User-Agent": ["curl/8.20.0"], "Accept": ["*/*"]}}, "bytes_read": 0, "user_id": "", "duration": 0.000511985, "size": 5589, "status": 200, "resp_headers": {"Server": ["Caddy"], "X-Content-Type-Options": ["nosniff"], "X-Frame-Options": ["DENY"], "Etag": ["\"dlbu270dl7284b9\""], "Content-Type": ["text/html; charset=utf-8"], "Accept-Ranges": ["bytes"], "X-Xss-Protection": ["1; mode=block"], "Vary": ["Accept-Encoding"], "Last-Modified": ["Thu, 10 Sep 2026 18:04:02 GMT"], "Content-Length": ["5589"]}}
admin       | 2026/09/18 11:08:42.778	[34mINFO[0m	http.log.access.log0	handled request	{"request": {"remote_ip": "127.0.0.1", "remote_port": "38432", "client_ip": "127.0.0.1", "proto": "HTTP/1.1", "method": "GET", "host": "127.0.0.1:3000", "uri": "/god-mode", "headers": {"User-Agent": ["curl/8.20.0"], "Accept": ["*/*"]}}, "bytes_read": 0, "user_id": "", "duration": 0.000609541, "size": 5589, "status": 200, "resp_headers": {"Accept-Ranges": ["bytes"], "X-Frame-Options": ["DENY"], "Content-Type": ["text/html; charset=utf-8"], "Last-Modified": ["Thu, 10 Sep 2026 18:04:02 GMT"], "Content-Length": ["5589"], "Server": ["Caddy"], "X-Content-Type-Options": ["nosniff"], "X-Xss-Protection": ["1; mode=block"], "Vary": ["Accept-Encoding"], "Etag": ["\"dlbu270dl7284b9\""]}}
admin       | 2026/09/18 11:09:12.886	[34mINFO[0m	http.log.access.log0	handled request	{"request": {"remote_ip": "127.0.0.1", "remote_port": "34304", "client_ip": "127.0.0.1", "proto": "HTTP/1.1", "method": "GET", "host": "127.0.0.1:3000", "uri": "/god-mode", "headers": {"User-Agent": ["curl/8.20.0"], "Accept": ["*/*"]}}, "bytes_read": 0, "user_id": "", "duration": 0.000540103, "size": 5589, "status": 200, "resp_headers": {"Content-Length": ["5589"], "X-Content-Type-Options": ["nosniff"], "X-Frame-Options": ["DENY"], "Vary": ["Accept-Encoding"], "Etag": ["\"dlbu270dl7284b9\""], "Content-Type": ["text/html; charset=utf-8"], "Server": ["Caddy"], "X-Xss-Protection": ["1; mode=block"], "Last-Modified": ["Thu, 10 Sep 2026 18:04:02 GMT"], "Accept-Ranges": ["bytes"]}}
admin       | 2026/09/18 11:09:42.970	[34mINFO[0m	http.log.access.log0	handled request	{"request": {"remote_ip": "127.0.0.1", "remote_port": "55082", "client_ip": "127.0.0.1", "proto": "HTTP/1.1", "method": "GET", "host": "127.0.0.1:3000", "uri": "/god-mode", "headers": {"User-Agent": ["curl/8.20.0"], "Accept": ["*/*"]}}, "bytes_read": 0, "user_id": "", "duration": 0.000716362, "size": 5589, "status": 200, "resp_headers": {"Server": ["Caddy"], "X-Content-Type-Options": ["nosniff"], "Vary": ["Accept-Encoding"], "Accept-Ranges": ["bytes"], "X-Frame-Options": ["DENY"], "X-Xss-Protection": ["1; mode=block"], "Etag": ["\"dlbu270dl7284b9\""], "Content-Type": ["text/html; charset=utf-8"], "Last-Modified": ["Thu, 10 Sep 2026 18:04:02 GMT"], "Content-Length": ["5589"]}}
admin       | 2026/09/18 11:10:13.097	[34mINFO[0m	http.log.access.log0	handled request	{"request": {"remote_ip": "127.0.0.1", "remote_port": "43048", "client_ip": "127.0.0.1", "proto": "HTTP/1.1", "method": "GET", "host": "127.0.0.1:3000", "uri": "/god-mode", "headers": {"User-Agent": ["curl/8.20.0"], "Accept": ["*/*"]}}, "bytes_read": 0, "user_id": "", "duration": 0.000564556, "size": 5589, "status": 200, "resp_headers": {"Server": ["Caddy"], "X-Frame-Options": ["DENY"], "X-Content-Type-Options": ["nosniff"], "Vary": ["Accept-Encoding"], "Content-Type": ["text/html; charset=utf-8"], "Last-Modified": ["Thu, 10 Sep 2026 18:04:02 GMT"], "Accept-Ranges": ["bytes"], "X-Xss-Protection": ["1; mode=block"], "Etag": ["\"dlbu270dl7284b9\""], "Content-Length": ["5589"]}}
admin       | 2026/09/18 11:10:43.176	[34mINFO[0m	http.log.access.log0	handled request	{"request": {"remote_ip": "127.0.0.1", "remote_port": "60380", "client_ip": "127.0.0.1", "proto": "HTTP/1.1", "method": "GET", "host": "127.0.0.1:3000", "uri": "/god-mode", "headers": {"User-Agent": ["curl/8.20.0"], "Accept": ["*/*"]}}, "bytes_read": 0, "user_id": "", "duration": 0.000655085, "size": 5589, "status": 200, "resp_headers": {"Server": ["Caddy"], "X-Xss-Protection": ["1; mode=block"], "X-Content-Type-Options": ["nosniff"], "X-Frame-Options": ["DENY"], "Vary": ["Accept-Encoding"], "Last-Modified": ["Thu, 10 Sep 2026 18:04:02 GMT"], "Content-Length": ["5589"], "Etag": ["\"dlbu270dl7284b9\""], "Content-Type": ["text/html; charset=utf-8"], "Accept-Ranges": ["bytes"]}}
admin       | 2026/09/18 11:11:13.259	[34mINFO[0m	http.log.access.log0	handled request	{"request": {"remote_ip": "127.0.0.1", "remote_port": "50068", "client_ip": "127.0.0.1", "proto": "HTTP/1.1", "method": "GET", "host": "127.0.0.1:3000", "uri": "/god-mode", "headers": {"User-Agent": ["curl/8.20.0"], "Accept": ["*/*"]}}, "bytes_read": 0, "user_id": "", "duration": 0.002153205, "size": 5589, "status": 200, "resp_headers": {"Accept-Ranges": ["bytes"], "Server": ["Caddy"], "X-Content-Type-Options": ["nosniff"], "X-Frame-Options": ["DENY"], "X-Xss-Protection": ["1; mode=block"], "Content-Length": ["5589"], "Vary": ["Accept-Encoding"], "Etag": ["\"dlbu270dl7284b9\""], "Content-Type": ["text/html; charset=utf-8"], "Last-Modified": ["Thu, 10 Sep 2026 18:04:02 GMT"]}}
admin       | 2026/09/18 11:11:43.378	[34mINFO[0m	http.log.access.log0	handled request	{"request": {"remote_ip": "127.0.0.1", "remote_port": "49632", "client_ip": "127.0.0.1", "proto": "HTTP/1.1", "method": "GET", "host": "127.0.0.1:3000", "uri": "/god-mode", "headers": {"User-Agent": ["curl/8.20.0"], "Accept": ["*/*"]}}, "bytes_read": 0, "user_id": "", "duration": 0.000602856, "size": 5589, "status": 200, "resp_headers": {"X-Content-Type-Options": ["nosniff"], "X-Frame-Options": ["DENY"], "X-Xss-Protection": ["1; mode=block"], "Etag": ["\"dlbu270dl7284b9\""], "Content-Type": ["text/html; charset=utf-8"], "Last-Modified": ["Thu, 10 Sep 2026 18:04:02 GMT"], "Server": ["Caddy"], "Vary": ["Accept-Encoding"], "Accept-Ranges": ["bytes"], "Content-Length": ["5589"]}}
admin       | 2026/09/18 11:12:13.460	[34mINFO[0m	http.log.access.log0	handled request	{"request": {"remote_ip": "127.0.0.1", "remote_port": "40848", "client_ip": "127.0.0.1", "proto": "HTTP/1.1", "method": "GET", "host": "127.0.0.1:3000", "uri": "/god-mode", "headers": {"User-Agent": ["curl/8.20.0"], "Accept": ["*/*"]}}, "bytes_read": 0, "user_id": "", "duration": 0.000573617, "size": 5589, "status": 200, "resp_headers": {"Accept-Ranges": ["bytes"], "Server": ["Caddy"], "X-Content-Type-Options": ["nosniff"], "Etag": ["\"dlbu270dl7284b9\""], "Last-Modified": ["Thu, 10 Sep 2026 18:04:02 GMT"], "Content-Length": ["5589"], "X-Frame-Options": ["DENY"], "X-Xss-Protection": ["1; mode=block"], "Vary": ["Accept-Encoding"], "Content-Type": ["text/html; charset=utf-8"]}}
admin       | 2026/09/18 11:12:43.544	[34mINFO[0m	http.log.access.log0	handled request	{"request": {"remote_ip": "127.0.0.1", "remote_port": "44888", "client_ip": "127.0.0.1", "proto": "HTTP/1.1", "method": "GET", "host": "127.0.0.1:3000", "uri": "/god-mode", "headers": {"Accept": ["*/*"], "User-Agent": ["curl/8.20.0"]}}, "bytes_read": 0, "user_id": "", "duration": 0.000861503, "size": 5589, "status": 200, "resp_headers": {"Content-Length": ["5589"], "Server": ["Caddy"], "X-Content-Type-Options": ["nosniff"], "X-Frame-Options": ["DENY"], "Vary": ["Accept-Encoding"], "Content-Type": ["text/html; charset=utf-8"], "X-Xss-Protection": ["1; mode=block"], "Etag": ["\"dlbu270dl7284b9\""], "Last-Modified": ["Thu, 10 Sep 2026 18:04:02 GMT"], "Accept-Ranges": ["bytes"]}}
admin       | 2026/09/18 11:13:13.631	[34mINFO[0m	http.log.access.log0	handled request	{"request": {"remote_ip": "127.0.0.1", "remote_port": "50124", "client_ip": "127.0.0.1", "proto": "HTTP/1.1", "method": "GET", "host": "127.0.0.1:3000", "uri": "/god-mode", "headers": {"User-Agent": ["curl/8.20.0"], "Accept": ["*/*"]}}, "bytes_read": 0, "user_id": "", "duration": 0.001193228, "size": 5589, "status": 200, "resp_headers": {"Etag": ["\"dlbu270dl7284b9\""], "Content-Type": ["text/html; charset=utf-8"], "Accept-Ranges": ["bytes"], "Content-Length": ["5589"], "Server": ["Caddy"], "Vary": ["Accept-Encoding"], "Last-Modified": ["Thu, 10 Sep 2026 18:04:02 GMT"], "X-Content-Type-Options": ["nosniff"], "X-Frame-Options": ["DENY"], "X-Xss-Protection": ["1; mode=block"]}}
admin       | 2026/09/18 11:13:43.732	[34mINFO[0m	http.log.access.log0	handled request	{"request": {"remote_ip": "127.0.0.1", "remote_port": "57402", "client_ip": "127.0.0.1", "proto": "HTTP/1.1", "method": "GET", "host": "127.0.0.1:3000", "uri": "/god-mode", "headers": {"Accept": ["*/*"], "User-Agent": ["curl/8.20.0"]}}, "bytes_read": 0, "user_id": "", "duration": 0.000621252, "size": 5589, "status": 200, "resp_headers": {"Server": ["Caddy"], "X-Content-Type-Options": ["nosniff"], "X-Frame-Options": ["DENY"], "X-Xss-Protection": ["1; mode=block"], "Etag": ["\"dlbu270dl7284b9\""], "Content-Type": ["text/html; charset=utf-8"], "Last-Modified": ["Thu, 10 Sep 2026 18:04:02 GMT"], "Content-Length": ["5589"], "Vary": ["Accept-Encoding"], "Accept-Ranges": ["bytes"]}}
api         | {"levelname": "INFO", "asctime": "2026-09-18 06:10:38,643", "module": "logger", "name": "plane.api.request", "message": "GET /api/workspaces/brune4ai/projects/8fd2a982-478c-479c-aeac-820e97299186/work-items/992faf47-6a3e-4bce-acf5-7a3935555241/description-versions/ 200", "path": "/api/workspaces/brune4ai/projects/8fd2a982-478c-479c-aeac-820e97299186/work-items/992faf47-6a3e-4bce-acf5-7a3935555241/description-versions/", "method": "GET", "status_code": 200, "duration_ms": 1193, "remote_addr": "119.160.190.240", "user_agent": "Mozilla/5.0 (Windows NT 10.0; Win64; x64) AppleWebKit/537.36 (KHTML, like Gecko) Chrome/153.0.0.0 Safari/537.36 Edg/153.0.0.0", "user_id": "57ff78ef-f40f-4d8d-bca3-7e302fe916ca"}
api         | {"levelname": "INFO", "asctime": "2026-09-18 06:10:39,178", "module": "logger", "name": "plane.api.request", "message": "GET /api/workspaces/brune4ai/projects/8fd2a982-478c-479c-aeac-820e97299186/ 200", "path": "/api/workspaces/brune4ai/projects/8fd2a982-478c-479c-aeac-820e97299186/", "method": "GET", "status_code": 200, "duration_ms": 1730, "remote_addr": "119.160.190.240", "user_agent": "Mozilla/5.0 (Windows NT 10.0; Win64; x64) AppleWebKit/537.36 (KHTML, like Gecko) Chrome/153.0.0.0 Safari/537.36 Edg/153.0.0.0", "user_id": "57ff78ef-f40f-4d8d-bca3-7e302fe916ca"}
api         | {"levelname": "INFO", "asctime": "2026-09-18 06:10:47,662", "module": "logger", "name": "plane.api.request", "message": "GET /api/workspaces/brune4ai/users/notifications/unread/ 200", "path": "/api/workspaces/brune4ai/users/notifications/unread/", "method": "GET", "status_code": 200, "duration_ms": 575, "remote_addr": "119.160.190.240", "user_agent": "Mozilla/5.0 (Windows NT 10.0; Win64; x64) AppleWebKit/537.36 (KHTML, like Gecko) Chrome/153.0.0.0 Safari/537.36 Edg/153.0.0.0", "user_id": "57ff78ef-f40f-4d8d-bca3-7e302fe916ca"}
api         | {"levelname": "INFO", "asctime": "2026-09-18 06:10:47,867", "module": "logger", "name": "plane.api.request", "message": "GET /api/workspaces/brune4ai/projects/8fd2a982-478c-479c-aeac-820e97299186/project-members/me/ 200", "path": "/api/workspaces/brune4ai/projects/8fd2a982-478c-479c-aeac-820e97299186/project-members/me/", "method": "GET", "status_code": 200, "duration_ms": 798, "remote_addr": "119.160.190.240", "user_agent": "Mozilla/5.0 (Windows NT 10.0; Win64; x64) AppleWebKit/537.36 (KHTML, like Gecko) Chrome/153.0.0.0 Safari/537.36 Edg/153.0.0.0", "user_id": "57ff78ef-f40f-4d8d-bca3-7e302fe916ca"}
api         | {"levelname": "INFO", "asctime": "2026-09-18 06:10:49,506", "module": "logger", "name": "plane.api.request", "message": "GET /api/workspaces/brune4ai/projects/8fd2a982-478c-479c-aeac-820e97299186/ 200", "path": "/api/workspaces/brune4ai/projects/8fd2a982-478c-479c-aeac-820e97299186/", "method": "GET", "status_code": 200, "duration_ms": 2429, "remote_addr": "119.160.190.240", "user_agent": "Mozilla/5.0 (Windows NT 10.0; Win64; x64) AppleWebKit/537.36 (KHTML, like Gecko) Chrome/153.0.0.0 Safari/537.36 Edg/153.0.0.0", "user_id": "57ff78ef-f40f-4d8d-bca3-7e302fe916ca"}
api         | {"levelname": "INFO", "asctime": "2026-09-18 06:11:03,929", "module": "logger", "name": "plane.api.request", "message": "GET /api/users/me/copilot-identity/ 200", "path": "/api/users/me/copilot-identity/", "method": "GET", "status_code": 200, "duration_ms": 313, "remote_addr": "119.160.190.240", "user_agent": "Mozilla/5.0 (Windows NT 10.0; Win64; x64) AppleWebKit/537.36 (KHTML, like Gecko) Chrome/153.0.0.0 Safari/537.36 Edg/153.0.0.0", "user_id": "57ff78ef-f40f-4d8d-bca3-7e302fe916ca"}
api         | {"levelname": "INFO", "asctime": "2026-09-18 06:13:58,992", "module": "logger", "name": "plane.api.request", "message": "GET /api/workspaces/brune4ai/users/notifications/unread/ 200", "path": "/api/workspaces/brune4ai/users/notifications/unread/", "method": "GET", "status_code": 200, "duration_ms": 112, "remote_addr": "119.160.190.240", "user_agent": "Mozilla/5.0 (Windows NT 10.0; Win64; x64) AppleWebKit/537.36 (KHTML, like Gecko) Chrome/153.0.0.0 Safari/537.36 Edg/153.0.0.0", "user_id": "57ff78ef-f40f-4d8d-bca3-7e302fe916ca"}
api         | {"levelname": "INFO", "asctime": "2026-09-18 06:13:59,049", "module": "logger", "name": "plane.api.request", "message": "GET /api/workspaces/brune4ai/projects/8fd2a982-478c-479c-aeac-820e97299186/project-members/me/ 200", "path": "/api/workspaces/brune4ai/projects/8fd2a982-478c-479c-aeac-820e97299186/project-members/me/", "method": "GET", "status_code": 200, "duration_ms": 178, "remote_addr": "119.160.190.240", "user_agent": "Mozilla/5.0 (Windows NT 10.0; Win64; x64) AppleWebKit/537.36 (KHTML, like Gecko) Chrome/153.0.0.0 Safari/537.36 Edg/153.0.0.0", "user_id": "57ff78ef-f40f-4d8d-bca3-7e302fe916ca"}
api         | {"levelname": "INFO", "asctime": "2026-09-18 06:13:59,200", "module": "logger", "name": "plane.api.request", "message": "GET /api/workspaces/brune4ai/projects/8fd2a982-478c-479c-aeac-820e97299186/ 200", "path": "/api/workspaces/brune4ai/projects/8fd2a982-478c-479c-aeac-820e97299186/", "method": "GET", "status_code": 200, "duration_ms": 310, "remote_addr": "119.160.190.240", "user_agent": "Mozilla/5.0 (Windows NT 10.0; Win64; x64) AppleWebKit/537.36 (KHTML, like Gecko) Chrome/153.0.0.0 Safari/537.36 Edg/153.0.0.0", "user_id": "57ff78ef-f40f-4d8d-bca3-7e302fe916ca"}
api         | {"levelname": "INFO", "asctime": "2026-09-18 10:03:57,722", "module": "logger", "name": "plane.api.request", "message": "GET /api/instances/ 200", "path": "/api/instances/", "method": "GET", "status_code": 200, "duration_ms": 1239, "remote_addr": "119.160.190.240", "user_agent": "Mozilla/5.0 (Windows NT 10.0; Win64; x64) AppleWebKit/537.36 (KHTML, like Gecko) Chrome/153.0.0.0 Safari/537.36 Edg/153.0.0.0", "user_id": null}
api         | {"levelname": "INFO", "asctime": "2026-09-18 10:03:58,299", "module": "logger", "name": "plane.api.request", "message": "GET /api/users/me/ 200", "path": "/api/users/me/", "method": "GET", "status_code": 200, "duration_ms": 360, "remote_addr": "119.160.190.240", "user_agent": "Mozilla/5.0 (Windows NT 10.0; Win64; x64) AppleWebKit/537.36 (KHTML, like Gecko) Chrome/153.0.0.0 Safari/537.36 Edg/153.0.0.0", "user_id": "57ff78ef-f40f-4d8d-bca3-7e302fe916ca"}
api         | {"levelname": "INFO", "asctime": "2026-09-18 10:03:58,753", "module": "logger", "name": "plane.api.request", "message": "GET /api/users/me/profile/ 200", "path": "/api/users/me/profile/", "method": "GET", "status_code": 200, "duration_ms": 239, "remote_addr": "119.160.190.240", "user_agent": "Mozilla/5.0 (Windows NT 10.0; Win64; x64) AppleWebKit/537.36 (KHTML, like Gecko) Chrome/153.0.0.0 Safari/537.36 Edg/153.0.0.0", "user_id": "57ff78ef-f40f-4d8d-bca3-7e302fe916ca"}
api         | {"levelname": "INFO", "asctime": "2026-09-18 10:03:58,815", "module": "logger", "name": "plane.api.request", "message": "GET /api/users/me/workspaces/ 200", "path": "/api/users/me/workspaces/", "method": "GET", "status_code": 200, "duration_ms": 360, "remote_addr": "119.160.190.240", "user_agent": "Mozilla/5.0 (Windows NT 10.0; Win64; x64) AppleWebKit/537.36 (KHTML, like Gecko) Chrome/153.0.0.0 Safari/537.36 Edg/153.0.0.0", "user_id": "57ff78ef-f40f-4d8d-bca3-7e302fe916ca"}
api         | {"levelname": "INFO", "asctime": "2026-09-18 10:03:59,888", "module": "logger", "name": "plane.api.request", "message": "GET /api/users/me/settings/ 200", "path": "/api/users/me/settings/", "method": "GET", "status_code": 200, "duration_ms": 943, "remote_addr": "119.160.190.240", "user_agent": "Mozilla/5.0 (Windows NT 10.0; Win64; x64) AppleWebKit/537.36 (KHTML, like Gecko) Chrome/153.0.0.0 Safari/537.36 Edg/153.0.0.0", "user_id": "57ff78ef-f40f-4d8d-bca3-7e302fe916ca"}
api         | {"levelname": "INFO", "asctime": "2026-09-18 10:04:01,912", "module": "logger", "name": "plane.api.request", "message": "GET /api/workspaces/brune4ai/members/ 200", "path": "/api/workspaces/brune4ai/members/", "method": "GET", "status_code": 200, "duration_ms": 401, "remote_addr": "119.160.190.240", "user_agent": "Mozilla/5.0 (Windows NT 10.0; Win64; x64) AppleWebKit/537.36 (KHTML, like Gecko) Chrome/153.0.0.0 Safari/537.36 Edg/153.0.0.0", "user_id": "57ff78ef-f40f-4d8d-bca3-7e302fe916ca"}
api         | {"levelname": "INFO", "asctime": "2026-09-18 10:04:01,970", "module": "logger", "name": "plane.api.request", "message": "GET /api/workspaces/brune4ai/states/ 200", "path": "/api/workspaces/brune4ai/states/", "method": "GET", "status_code": 200, "duration_ms": 414, "remote_addr": "119.160.190.240", "user_agent": "Mozilla/5.0 (Windows NT 10.0; Win64; x64) AppleWebKit/537.36 (KHTML, like Gecko) Chrome/153.0.0.0 Safari/537.36 Edg/153.0.0.0", "user_id": "57ff78ef-f40f-4d8d-bca3-7e302fe916ca"}
api         | {"levelname": "INFO", "asctime": "2026-09-18 10:04:02,083", "module": "logger", "name": "plane.api.request", "message": "GET /api/users/me/workspaces/brune4ai/project-roles/ 200", "path": "/api/users/me/workspaces/brune4ai/project-roles/", "method": "GET", "status_code": 200, "duration_ms": 490, "remote_addr": "119.160.190.240", "user_agent": "Mozilla/5.0 (Windows NT 10.0; Win64; x64) AppleWebKit/537.36 (KHTML, like Gecko) Chrome/153.0.0.0 Safari/537.36 Edg/153.0.0.0", "user_id": "57ff78ef-f40f-4d8d-bca3-7e302fe916ca"}
api         | {"levelname": "INFO", "asctime": "2026-09-18 10:04:02,096", "module": "logger", "name": "plane.api.request", "message": "GET /api/workspaces/brune4ai/workspace-members/me/ 200", "path": "/api/workspaces/brune4ai/workspace-members/me/", "method": "GET", "status_code": 200, "duration_ms": 516, "remote_addr": "119.160.190.240", "user_agent": "Mozilla/5.0 (Windows NT 10.0; Win64; x64) AppleWebKit/537.36 (KHTML, like Gecko) Chrome/153.0.0.0 Safari/537.36 Edg/153.0.0.0", "user_id": "57ff78ef-f40f-4d8d-bca3-7e302fe916ca"}
api         | {"levelname": "INFO", "asctime": "2026-09-18 10:04:02,121", "module": "logger", "name": "plane.api.request", "message": "GET /api/workspaces/brune4ai/user-properties/ 200", "path": "/api/workspaces/brune4ai/user-properties/", "method": "GET", "status_code": 200, "duration_ms": 553, "remote_addr": "119.160.190.240", "user_agent": "Mozilla/5.0 (Windows NT 10.0; Win64; x64) AppleWebKit/537.36 (KHTML, like Gecko) Chrome/153.0.0.0 Safari/537.36 Edg/153.0.0.0", "user_id": "57ff78ef-f40f-4d8d-bca3-7e302fe916ca"}
api         | {"levelname": "INFO", "asctime": "2026-09-18 10:04:02,169", "module": "logger", "name": "plane.api.request", "message": "GET /api/workspaces/brune4ai/sidebar-preferences/ 200", "path": "/api/workspaces/brune4ai/sidebar-preferences/", "method": "GET", "status_code": 200, "duration_ms": 548, "remote_addr": "119.160.190.240", "user_agent": "Mozilla/5.0 (Windows NT 10.0; Win64; x64) AppleWebKit/537.36 (KHTML, like Gecko) Chrome/153.0.0.0 Safari/537.36 Edg/153.0.0.0", "user_id": "57ff78ef-f40f-4d8d-bca3-7e302fe916ca"}
api         | {"levelname": "INFO", "asctime": "2026-09-18 10:04:02,209", "module": "logger", "name": "plane.api.request", "message": "GET /api/workspaces/brune4ai/projects/ 200", "path": "/api/workspaces/brune4ai/projects/", "method": "GET", "status_code": 200, "duration_ms": 619, "remote_addr": "119.160.190.240", "user_agent": "Mozilla/5.0 (Windows NT 10.0; Win64; x64) AppleWebKit/537.36 (KHTML, like Gecko) Chrome/153.0.0.0 Safari/537.36 Edg/153.0.0.0", "user_id": "57ff78ef-f40f-4d8d-bca3-7e302fe916ca"}
api         | {"levelname": "INFO", "asctime": "2026-09-18 10:04:02,742", "module": "logger", "name": "plane.api.request", "message": "GET /api/users/me/copilot-identity/ 200", "path": "/api/users/me/copilot-identity/", "method": "GET", "status_code": 200, "duration_ms": 400, "remote_addr": "119.160.190.240", "user_agent": "Mozilla/5.0 (Windows NT 10.0; Win64; x64) AppleWebKit/537.36 (KHTML, like Gecko) Chrome/153.0.0.0 Safari/537.36 Edg/153.0.0.0", "user_id": "57ff78ef-f40f-4d8d-bca3-7e302fe916ca"}
api         | {"levelname": "INFO", "asctime": "2026-09-18 10:04:02,743", "module": "logger", "name": "plane.api.request", "message": "GET /api/workspaces/brune4ai/user-favorites/?all=true 200", "path": "/api/workspaces/brune4ai/user-favorites/", "method": "GET", "status_code": 200, "duration_ms": 404, "remote_addr": "119.160.190.240", "user_agent": "Mozilla/5.0 (Windows NT 10.0; Win64; x64) AppleWebKit/537.36 (KHTML, like Gecko) Chrome/153.0.0.0 Safari/537.36 Edg/153.0.0.0", "user_id": "57ff78ef-f40f-4d8d-bca3-7e302fe916ca"}
api         | {"levelname": "INFO", "asctime": "2026-09-18 10:04:02,751", "module": "logger", "name": "plane.api.request", "message": "GET /api/workspaces/brune4ai/home-preferences/ 200", "path": "/api/workspaces/brune4ai/home-preferences/", "method": "GET", "status_code": 200, "duration_ms": 407, "remote_addr": "119.160.190.240", "user_agent": "Mozilla/5.0 (Windows NT 10.0; Win64; x64) AppleWebKit/537.36 (KHTML, like Gecko) Chrome/153.0.0.0 Safari/537.36 Edg/153.0.0.0", "user_id": "57ff78ef-f40f-4d8d-bca3-7e302fe916ca"}
api         | {"levelname": "INFO", "asctime": "2026-09-18 10:04:02,779", "module": "logger", "name": "plane.api.request", "message": "GET /api/workspaces/brune4ai/users/notifications/unread/ 200", "path": "/api/workspaces/brune4ai/users/notifications/unread/", "method": "GET", "status_code": 200, "duration_ms": 442, "remote_addr": "119.160.190.240", "user_agent": "Mozilla/5.0 (Windows NT 10.0; Win64; x64) AppleWebKit/537.36 (KHTML, like Gecko) Chrome/153.0.0.0 Safari/537.36 Edg/153.0.0.0", "user_id": "57ff78ef-f40f-4d8d-bca3-7e302fe916ca"}
api         | {"levelname": "INFO", "asctime": "2026-09-18 10:04:03,094", "module": "logger", "name": "plane.api.request", "message": "GET /api/assets/v2/static/890225c3-6614-40dd-8550-7e40ae55ad6d/ 302", "path": "/api/assets/v2/static/890225c3-6614-40dd-8550-7e40ae55ad6d/", "method": "GET", "status_code": 302, "duration_ms": 735, "remote_addr": "119.160.190.240", "user_agent": "Mozilla/5.0 (Windows NT 10.0; Win64; x64) AppleWebKit/537.36 (KHTML, like Gecko) Chrome/153.0.0.0 Safari/537.36 Edg/153.0.0.0", "user_id": "57ff78ef-f40f-4d8d-bca3-7e302fe916ca"}
admin       | 2026/09/18 11:14:13.813	[34mINFO[0m	http.log.access.log0	handled request	{"request": {"remote_ip": "127.0.0.1", "remote_port": "48566", "client_ip": "127.0.0.1", "proto": "HTTP/1.1", "method": "GET", "host": "127.0.0.1:3000", "uri": "/god-mode", "headers": {"User-Agent": ["curl/8.20.0"], "Accept": ["*/*"]}}, "bytes_read": 0, "user_id": "", "duration": 0.001085184, "size": 5589, "status": 200, "resp_headers": {"X-Content-Type-Options": ["nosniff"], "Vary": ["Accept-Encoding"], "Etag": ["\"dlbu270dl7284b9\""], "Last-Modified": ["Thu, 10 Sep 2026 18:04:02 GMT"], "X-Frame-Options": ["DENY"], "Content-Type": ["text/html; charset=utf-8"], "Accept-Ranges": ["bytes"], "Content-Length": ["5589"], "Server": ["Caddy"], "X-Xss-Protection": ["1; mode=block"]}}
web         | 2026/09/18 11:17:53.535	[34mINFO[0m	http.log.access.log0	handled request	{"request": {"remote_ip": "127.0.0.1", "remote_port": "44154", "client_ip": "127.0.0.1", "proto": "HTTP/1.1", "method": "GET", "host": "127.0.0.1:3000", "uri": "/", "headers": {"User-Agent": ["curl/8.22.0"], "Accept": ["*/*"]}}, "bytes_read": 0, "user_id": "", "duration": 0.000462856, "size": 6087, "status": 200, "resp_headers": {"Accept-Ranges": ["bytes"], "X-Content-Type-Options": ["nosniff"], "X-Frame-Options": ["DENY"], "Vary": ["Accept-Encoding"], "Etag": ["\"dlh52pe14jcw4p3\""], "Content-Length": ["6087"], "Server": ["Caddy"], "X-Xss-Protection": ["1; mode=block"], "Content-Type": ["text/html; charset=utf-8"], "Last-Modified": ["Wed, 16 Sep 2026 23:45:14 GMT"]}}
admin       | 2026/09/18 11:14:43.896	[34mINFO[0m	http.log.access.log0	handled request	{"request": {"remote_ip": "127.0.0.1", "remote_port": "59090", "client_ip": "127.0.0.1", "proto": "HTTP/1.1", "method": "GET", "host": "127.0.0.1:3000", "uri": "/god-mode", "headers": {"User-Agent": ["curl/8.20.0"], "Accept": ["*/*"]}}, "bytes_read": 0, "user_id": "", "duration": 0.000605049, "size": 5589, "status": 200, "resp_headers": {"Etag": ["\"dlbu270dl7284b9\""], "Content-Type": ["text/html; charset=utf-8"], "Last-Modified": ["Thu, 10 Sep 2026 18:04:02 GMT"], "Accept-Ranges": ["bytes"], "X-Content-Type-Options": ["nosniff"], "X-Frame-Options": ["DENY"], "X-Xss-Protection": ["1; mode=block"], "Content-Length": ["5589"], "Server": ["Caddy"], "Vary": ["Accept-Encoding"]}}
web         | 2026/09/18 11:18:23.614	[34mINFO[0m	http.log.access.log0	handled request	{"request": {"remote_ip": "127.0.0.1", "remote_port": "36384", "client_ip": "127.0.0.1", "proto": "HTTP/1.1", "method": "GET", "host": "127.0.0.1:3000", "uri": "/", "headers": {"User-Agent": ["curl/8.22.0"], "Accept": ["*/*"]}}, "bytes_read": 0, "user_id": "", "duration": 0.000694423, "size": 6087, "status": 200, "resp_headers": {"Server": ["Caddy"], "X-Content-Type-Options": ["nosniff"], "X-Frame-Options": ["DENY"], "Vary": ["Accept-Encoding"], "Etag": ["\"dlh52pe14jcw4p3\""], "Last-Modified": ["Wed, 16 Sep 2026 23:45:14 GMT"], "Accept-Ranges": ["bytes"], "X-Xss-Protection": ["1; mode=block"], "Content-Type": ["text/html; charset=utf-8"], "Content-Length": ["6087"]}}
web         | 2026/09/18 11:18:53.693	[34mINFO[0m	http.log.access.log0	handled request	{"request": {"remote_ip": "127.0.0.1", "remote_port": "43522", "client_ip": "127.0.0.1", "proto": "HTTP/1.1", "method": "GET", "host": "127.0.0.1:3000", "uri": "/", "headers": {"User-Agent": ["curl/8.22.0"], "Accept": ["*/*"]}}, "bytes_read": 0, "user_id": "", "duration": 0.000575864, "size": 6087, "status": 200, "resp_headers": {"Content-Length": ["6087"], "X-Content-Type-Options": ["nosniff"], "X-Frame-Options": ["DENY"], "X-Xss-Protection": ["1; mode=block"], "Vary": ["Accept-Encoding"], "Etag": ["\"dlh52pe14jcw4p3\""], "Last-Modified": ["Wed, 16 Sep 2026 23:45:14 GMT"], "Server": ["Caddy"], "Content-Type": ["text/html; charset=utf-8"], "Accept-Ranges": ["bytes"]}}
web         | 2026/09/18 11:19:23.771	[34mINFO[0m	http.log.access.log0	handled request	{"request": {"remote_ip": "127.0.0.1", "remote_port": "58118", "client_ip": "127.0.0.1", "proto": "HTTP/1.1", "method": "GET", "host": "127.0.0.1:3000", "uri": "/", "headers": {"User-Agent": ["curl/8.22.0"], "Accept": ["*/*"]}}, "bytes_read": 0, "user_id": "", "duration": 0.000517038, "size": 6087, "status": 200, "resp_headers": {"Etag": ["\"dlh52pe14jcw4p3\""], "Last-Modified": ["Wed, 16 Sep 2026 23:45:14 GMT"], "Content-Length": ["6087"], "Server": ["Caddy"], "X-Xss-Protection": ["1; mode=block"], "Content-Type": ["text/html; charset=utf-8"], "Accept-Ranges": ["bytes"], "X-Frame-Options": ["DENY"], "X-Content-Type-Options": ["nosniff"], "Vary": ["Accept-Encoding"]}}
web         | 2026/09/18 11:19:53.863	[34mINFO[0m	http.log.access.log0	handled request	{"request": {"remote_ip": "127.0.0.1", "remote_port": "53198", "client_ip": "127.0.0.1", "proto": "HTTP/1.1", "method": "GET", "host": "127.0.0.1:3000", "uri": "/", "headers": {"User-Agent": ["curl/8.22.0"], "Accept": ["*/*"]}}, "bytes_read": 0, "user_id": "", "duration": 0.000473306, "size": 6087, "status": 200, "resp_headers": {"X-Frame-Options": ["DENY"], "X-Xss-Protection": ["1; mode=block"], "Vary": ["Accept-Encoding"], "Content-Type": ["text/html; charset=utf-8"], "Accept-Ranges": ["bytes"], "Content-Length": ["6087"], "Server": ["Caddy"], "Etag": ["\"dlh52pe14jcw4p3\""], "Last-Modified": ["Wed, 16 Sep 2026 23:45:14 GMT"], "X-Content-Type-Options": ["nosniff"]}}
web         | 2026/09/18 11:20:23.946	[34mINFO[0m	http.log.access.log0	handled request	{"request": {"remote_ip": "127.0.0.1", "remote_port": "34136", "client_ip": "127.0.0.1", "proto": "HTTP/1.1", "method": "GET", "host": "127.0.0.1:3000", "uri": "/", "headers": {"User-Agent": ["curl/8.22.0"], "Accept": ["*/*"]}}, "bytes_read": 0, "user_id": "", "duration": 0.001265047, "size": 6087, "status": 200, "resp_headers": {"Server": ["Caddy"], "X-Content-Type-Options": ["nosniff"], "X-Xss-Protection": ["1; mode=block"], "Vary": ["Accept-Encoding"], "Etag": ["\"dlh52pe14jcw4p3\""], "Last-Modified": ["Wed, 16 Sep 2026 23:45:14 GMT"], "Accept-Ranges": ["bytes"], "Content-Length": ["6087"], "X-Frame-Options": ["DENY"], "Content-Type": ["text/html; charset=utf-8"]}}
web         | 2026/09/18 11:20:54.042	[34mINFO[0m	http.log.access.log0	handled request	{"request": {"remote_ip": "127.0.0.1", "remote_port": "47284", "client_ip": "127.0.0.1", "proto": "HTTP/1.1", "method": "GET", "host": "127.0.0.1:3000", "uri": "/", "headers": {"User-Agent": ["curl/8.22.0"], "Accept": ["*/*"]}}, "bytes_read": 0, "user_id": "", "duration": 0.000574307, "size": 6087, "status": 200, "resp_headers": {"Server": ["Caddy"], "X-Frame-Options": ["DENY"], "X-Xss-Protection": ["1; mode=block"], "Vary": ["Accept-Encoding"], "Etag": ["\"dlh52pe14jcw4p3\""], "Content-Type": ["text/html; charset=utf-8"], "Accept-Ranges": ["bytes"], "Content-Length": ["6087"], "X-Content-Type-Options": ["nosniff"], "Last-Modified": ["Wed, 16 Sep 2026 23:45:14 GMT"]}}
web         | 2026/09/18 11:21:24.116	[34mINFO[0m	http.log.access.log0	handled request	{"request": {"remote_ip": "127.0.0.1", "remote_port": "42056", "client_ip": "127.0.0.1", "proto": "HTTP/1.1", "method": "GET", "host": "127.0.0.1:3000", "uri": "/", "headers": {"User-Agent": ["curl/8.22.0"], "Accept": ["*/*"]}}, "bytes_read": 0, "user_id": "", "duration": 0.000406468, "size": 6087, "status": 200, "resp_headers": {"X-Frame-Options": ["DENY"], "X-Xss-Protection": ["1; mode=block"], "Last-Modified": ["Wed, 16 Sep 2026 23:45:14 GMT"], "Server": ["Caddy"], "X-Content-Type-Options": ["nosniff"], "Vary": ["Accept-Encoding"], "Etag": ["\"dlh52pe14jcw4p3\""], "Content-Type": ["text/html; charset=utf-8"], "Accept-Ranges": ["bytes"], "Content-Length": ["6087"]}}
web         | 2026/09/18 11:21:54.212	[34mINFO[0m	http.log.access.log0	handled request	{"request": {"remote_ip": "127.0.0.1", "remote_port": "41684", "client_ip": "127.0.0.1", "proto": "HTTP/1.1", "method": "GET", "host": "127.0.0.1:3000", "uri": "/", "headers": {"User-Agent": ["curl/8.22.0"], "Accept": ["*/*"]}}, "bytes_read": 0, "user_id": "", "duration": 0.000606624, "size": 6087, "status": 200, "resp_headers": {"Server": ["Caddy"], "X-Content-Type-Options": ["nosniff"], "Vary": ["Accept-Encoding"], "Etag": ["\"dlh52pe14jcw4p3\""], "Last-Modified": ["Wed, 16 Sep 2026 23:45:14 GMT"], "Accept-Ranges": ["bytes"], "Content-Length": ["6087"], "X-Frame-Options": ["DENY"], "X-Xss-Protection": ["1; mode=block"], "Content-Type": ["text/html; charset=utf-8"]}}
web         | 2026/09/18 11:22:24.296	[34mINFO[0m	http.log.access.log0	handled request	{"request": {"remote_ip": "127.0.0.1", "remote_port": "52004", "client_ip": "127.0.0.1", "proto": "HTTP/1.1", "method": "GET", "host": "127.0.0.1:3000", "uri": "/", "headers": {"User-Agent": ["curl/8.22.0"], "Accept": ["*/*"]}}, "bytes_read": 0, "user_id": "", "duration": 0.000996445, "size": 6087, "status": 200, "resp_headers": {"X-Frame-Options": ["DENY"], "Etag": ["\"dlh52pe14jcw4p3\""], "Last-Modified": ["Wed, 16 Sep 2026 23:45:14 GMT"], "Accept-Ranges": ["bytes"], "Content-Length": ["6087"], "Server": ["Caddy"], "X-Xss-Protection": ["1; mode=block"], "X-Content-Type-Options": ["nosniff"], "Vary": ["Accept-Encoding"], "Content-Type": ["text/html; charset=utf-8"]}}
web         | 2026/09/18 11:22:54.372	[34mINFO[0m	http.log.access.log0	handled request	{"request": {"remote_ip": "127.0.0.1", "remote_port": "48118", "client_ip": "127.0.0.1", "proto": "HTTP/1.1", "method": "GET", "host": "127.0.0.1:3000", "uri": "/", "headers": {"User-Agent": ["curl/8.22.0"], "Accept": ["*/*"]}}, "bytes_read": 0, "user_id": "", "duration": 0.000451983, "size": 6087, "status": 200, "resp_headers": {"Server": ["Caddy"], "X-Frame-Options": ["DENY"], "Vary": ["Accept-Encoding"], "Etag": ["\"dlh52pe14jcw4p3\""], "Content-Type": ["text/html; charset=utf-8"], "Accept-Ranges": ["bytes"], "X-Content-Type-Options": ["nosniff"], "X-Xss-Protection": ["1; mode=block"], "Last-Modified": ["Wed, 16 Sep 2026 23:45:14 GMT"], "Content-Length": ["6087"]}}
web         | 2026/09/18 11:23:24.453	[34mINFO[0m	http.log.access.log0	handled request	{"request": {"remote_ip": "127.0.0.1", "remote_port": "56866", "client_ip": "127.0.0.1", "proto": "HTTP/1.1", "method": "GET", "host": "127.0.0.1:3000", "uri": "/", "headers": {"User-Agent": ["curl/8.22.0"], "Accept": ["*/*"]}}, "bytes_read": 0, "user_id": "", "duration": 0.000514852, "size": 6087, "status": 200, "resp_headers": {"X-Frame-Options": ["DENY"], "X-Xss-Protection": ["1; mode=block"], "Etag": ["\"dlh52pe14jcw4p3\""], "Content-Type": ["text/html; charset=utf-8"], "Content-Length": ["6087"], "X-Content-Type-Options": ["nosniff"], "Vary": ["Accept-Encoding"], "Last-Modified": ["Wed, 16 Sep 2026 23:45:14 GMT"], "Accept-Ranges": ["bytes"], "Server": ["Caddy"]}}
web         | 2026/09/18 11:23:54.533	[34mINFO[0m	http.log.access.log0	handled request	{"request": {"remote_ip": "127.0.0.1", "remote_port": "34274", "client_ip": "127.0.0.1", "proto": "HTTP/1.1", "method": "GET", "host": "127.0.0.1:3000", "uri": "/", "headers": {"User-Agent": ["curl/8.22.0"], "Accept": ["*/*"]}}, "bytes_read": 0, "user_id": "", "duration": 0.000545654, "size": 6087, "status": 200, "resp_headers": {"Etag": ["\"dlh52pe14jcw4p3\""], "Content-Length": ["6087"], "Server": ["Caddy"], "X-Content-Type-Options": ["nosniff"], "X-Xss-Protection": ["1; mode=block"], "Vary": ["Accept-Encoding"], "Content-Type": ["text/html; charset=utf-8"], "Last-Modified": ["Wed, 16 Sep 2026 23:45:14 GMT"], "Accept-Ranges": ["bytes"], "X-Frame-Options": ["DENY"]}}
web         | 2026/09/18 11:24:24.610	[34mINFO[0m	http.log.access.log0	handled request	{"request": {"remote_ip": "127.0.0.1", "remote_port": "47386", "client_ip": "127.0.0.1", "proto": "HTTP/1.1", "method": "GET", "host": "127.0.0.1:3000", "uri": "/", "headers": {"User-Agent": ["curl/8.22.0"], "Accept": ["*/*"]}}, "bytes_read": 0, "user_id": "", "duration": 0.000496871, "size": 6087, "status": 200, "resp_headers": {"X-Xss-Protection": ["1; mode=block"], "Etag": ["\"dlh52pe14jcw4p3\""], "Last-Modified": ["Wed, 16 Sep 2026 23:45:14 GMT"], "Accept-Ranges": ["bytes"], "Content-Length": ["6087"], "X-Content-Type-Options": ["nosniff"], "Vary": ["Accept-Encoding"], "Content-Type": ["text/html; charset=utf-8"], "Server": ["Caddy"], "X-Frame-Options": ["DENY"]}}
web         | 2026/09/18 11:24:54.686	[34mINFO[0m	http.log.access.log0	handled request	{"request": {"remote_ip": "127.0.0.1", "remote_port": "57932", "client_ip": "127.0.0.1", "proto": "HTTP/1.1", "method": "GET", "host": "127.0.0.1:3000", "uri": "/", "headers": {"User-Agent": ["curl/8.22.0"], "Accept": ["*/*"]}}, "bytes_read": 0, "user_id": "", "duration": 0.000532176, "size": 6087, "status": 200, "resp_headers": {"Server": ["Caddy"], "X-Frame-Options": ["DENY"], "Vary": ["Accept-Encoding"], "Etag": ["\"dlh52pe14jcw4p3\""], "Content-Type": ["text/html; charset=utf-8"], "Last-Modified": ["Wed, 16 Sep 2026 23:45:14 GMT"], "Accept-Ranges": ["bytes"], "X-Content-Type-Options": ["nosniff"], "X-Xss-Protection": ["1; mode=block"], "Content-Length": ["6087"]}}
web         | 2026/09/18 11:25:24.767	[34mINFO[0m	http.log.access.log0	handled request	{"request": {"remote_ip": "127.0.0.1", "remote_port": "41078", "client_ip": "127.0.0.1", "proto": "HTTP/1.1", "method": "GET", "host": "127.0.0.1:3000", "uri": "/", "headers": {"User-Agent": ["curl/8.22.0"], "Accept": ["*/*"]}}, "bytes_read": 0, "user_id": "", "duration": 0.000553117, "size": 6087, "status": 200, "resp_headers": {"Server": ["Caddy"], "X-Content-Type-Options": ["nosniff"], "X-Frame-Options": ["DENY"], "Vary": ["Accept-Encoding"], "Etag": ["\"dlh52pe14jcw4p3\""], "Content-Type": ["text/html; charset=utf-8"], "Accept-Ranges": ["bytes"], "X-Xss-Protection": ["1; mode=block"], "Last-Modified": ["Wed, 16 Sep 2026 23:45:14 GMT"], "Content-Length": ["6087"]}}
admin       | 2026/09/18 11:15:14.024	[34mINFO[0m	http.log.access.log0	handled request	{"request": {"remote_ip": "127.0.0.1", "remote_port": "51994", "client_ip": "127.0.0.1", "proto": "HTTP/1.1", "method": "GET", "host": "127.0.0.1:3000", "uri": "/god-mode", "headers": {"User-Agent": ["curl/8.20.0"], "Accept": ["*/*"]}}, "bytes_read": 0, "user_id": "", "duration": 0.003316752, "size": 5589, "status": 200, "resp_headers": {"X-Frame-Options": ["DENY"], "Vary": ["Accept-Encoding"], "Last-Modified": ["Thu, 10 Sep 2026 18:04:02 GMT"], "Accept-Ranges": ["bytes"], "Server": ["Caddy"], "X-Content-Type-Options": ["nosniff"], "Etag": ["\"dlbu270dl7284b9\""], "Content-Type": ["text/html; charset=utf-8"], "Content-Length": ["5589"], "X-Xss-Protection": ["1; mode=block"]}}
admin       | 2026/09/18 11:15:44.114	[34mINFO[0m	http.log.access.log0	handled request	{"request": {"remote_ip": "127.0.0.1", "remote_port": "59122", "client_ip": "127.0.0.1", "proto": "HTTP/1.1", "method": "GET", "host": "127.0.0.1:3000", "uri": "/god-mode", "headers": {"User-Agent": ["curl/8.20.0"], "Accept": ["*/*"]}}, "bytes_read": 0, "user_id": "", "duration": 0.000591207, "size": 5589, "status": 200, "resp_headers": {"X-Frame-Options": ["DENY"], "Content-Length": ["5589"], "X-Xss-Protection": ["1; mode=block"], "Vary": ["Accept-Encoding"], "Etag": ["\"dlbu270dl7284b9\""], "Content-Type": ["text/html; charset=utf-8"], "Last-Modified": ["Thu, 10 Sep 2026 18:04:02 GMT"], "Accept-Ranges": ["bytes"], "Server": ["Caddy"], "X-Content-Type-Options": ["nosniff"]}}
admin       | 2026/09/18 11:16:14.203	[34mINFO[0m	http.log.access.log0	handled request	{"request": {"remote_ip": "127.0.0.1", "remote_port": "51680", "client_ip": "127.0.0.1", "proto": "HTTP/1.1", "method": "GET", "host": "127.0.0.1:3000", "uri": "/god-mode", "headers": {"User-Agent": ["curl/8.20.0"], "Accept": ["*/*"]}}, "bytes_read": 0, "user_id": "", "duration": 0.000595058, "size": 5589, "status": 200, "resp_headers": {"Server": ["Caddy"], "X-Content-Type-Options": ["nosniff"], "X-Frame-Options": ["DENY"], "Etag": ["\"dlbu270dl7284b9\""], "Last-Modified": ["Thu, 10 Sep 2026 18:04:02 GMT"], "Accept-Ranges": ["bytes"], "Content-Length": ["5589"], "X-Xss-Protection": ["1; mode=block"], "Vary": ["Accept-Encoding"], "Content-Type": ["text/html; charset=utf-8"]}}
admin       | 2026/09/18 11:16:44.277	[34mINFO[0m	http.log.access.log0	handled request	{"request": {"remote_ip": "127.0.0.1", "remote_port": "60324", "client_ip": "127.0.0.1", "proto": "HTTP/1.1", "method": "GET", "host": "127.0.0.1:3000", "uri": "/god-mode", "headers": {"User-Agent": ["curl/8.20.0"], "Accept": ["*/*"]}}, "bytes_read": 0, "user_id": "", "duration": 0.000539316, "size": 5589, "status": 200, "resp_headers": {"Content-Type": ["text/html; charset=utf-8"], "Last-Modified": ["Thu, 10 Sep 2026 18:04:02 GMT"], "Accept-Ranges": ["bytes"], "Content-Length": ["5589"], "Server": ["Caddy"], "X-Content-Type-Options": ["nosniff"], "X-Frame-Options": ["DENY"], "Vary": ["Accept-Encoding"], "X-Xss-Protection": ["1; mode=block"], "Etag": ["\"dlbu270dl7284b9\""]}}
admin       | 2026/09/18 11:17:14.396	[34mINFO[0m	http.log.access.log0	handled request	{"request": {"remote_ip": "127.0.0.1", "remote_port": "40806", "client_ip": "127.0.0.1", "proto": "HTTP/1.1", "method": "GET", "host": "127.0.0.1:3000", "uri": "/god-mode", "headers": {"User-Agent": ["curl/8.20.0"], "Accept": ["*/*"]}}, "bytes_read": 0, "user_id": "", "duration": 0.002218231, "size": 5589, "status": 200, "resp_headers": {"X-Xss-Protection": ["1; mode=block"], "Vary": ["Accept-Encoding"], "Etag": ["\"dlbu270dl7284b9\""], "Server": ["Caddy"], "X-Content-Type-Options": ["nosniff"], "X-Frame-Options": ["DENY"], "Content-Type": ["text/html; charset=utf-8"], "Last-Modified": ["Thu, 10 Sep 2026 18:04:02 GMT"], "Accept-Ranges": ["bytes"], "Content-Length": ["5589"]}}
admin       | 2026/09/18 11:17:44.478	[34mINFO[0m	http.log.access.log0	handled request	{"request": {"remote_ip": "127.0.0.1", "remote_port": "48382", "client_ip": "127.0.0.1", "proto": "HTTP/1.1", "method": "GET", "host": "127.0.0.1:3000", "uri": "/god-mode", "headers": {"User-Agent": ["curl/8.20.0"], "Accept": ["*/*"]}}, "bytes_read": 0, "user_id": "", "duration": 0.000545247, "size": 5589, "status": 200, "resp_headers": {"Accept-Ranges": ["bytes"], "Content-Length": ["5589"], "Server": ["Caddy"], "X-Xss-Protection": ["1; mode=block"], "X-Content-Type-Options": ["nosniff"], "Etag": ["\"dlbu270dl7284b9\""], "Last-Modified": ["Thu, 10 Sep 2026 18:04:02 GMT"], "X-Frame-Options": ["DENY"], "Vary": ["Accept-Encoding"], "Content-Type": ["text/html; charset=utf-8"]}}
admin       | 2026/09/18 11:18:14.554	[34mINFO[0m	http.log.access.log0	handled request	{"request": {"remote_ip": "127.0.0.1", "remote_port": "37770", "client_ip": "127.0.0.1", "proto": "HTTP/1.1", "method": "GET", "host": "127.0.0.1:3000", "uri": "/god-mode", "headers": {"User-Agent": ["curl/8.20.0"], "Accept": ["*/*"]}}, "bytes_read": 0, "user_id": "", "duration": 0.000512075, "size": 5589, "status": 200, "resp_headers": {"Server": ["Caddy"], "X-Content-Type-Options": ["nosniff"], "X-Frame-Options": ["DENY"], "X-Xss-Protection": ["1; mode=block"], "Etag": ["\"dlbu270dl7284b9\""], "Content-Type": ["text/html; charset=utf-8"], "Last-Modified": ["Thu, 10 Sep 2026 18:04:02 GMT"], "Accept-Ranges": ["bytes"], "Vary": ["Accept-Encoding"], "Content-Length": ["5589"]}}
admin       | 2026/09/18 11:18:44.637	[34mINFO[0m	http.log.access.log0	handled request	{"request": {"remote_ip": "127.0.0.1", "remote_port": "51126", "client_ip": "127.0.0.1", "proto": "HTTP/1.1", "method": "GET", "host": "127.0.0.1:3000", "uri": "/god-mode", "headers": {"User-Agent": ["curl/8.20.0"], "Accept": ["*/*"]}}, "bytes_read": 0, "user_id": "", "duration": 0.000837409, "size": 5589, "status": 200, "resp_headers": {"Server": ["Caddy"], "X-Content-Type-Options": ["nosniff"], "X-Xss-Protection": ["1; mode=block"], "Vary": ["Accept-Encoding"], "Accept-Ranges": ["bytes"], "Content-Length": ["5589"], "X-Frame-Options": ["DENY"], "Etag": ["\"dlbu270dl7284b9\""], "Content-Type": ["text/html; charset=utf-8"], "Last-Modified": ["Thu, 10 Sep 2026 18:04:02 GMT"]}}
admin       | 2026/09/18 11:19:14.718	[34mINFO[0m	http.log.access.log0	handled request	{"request": {"remote_ip": "127.0.0.1", "remote_port": "43006", "client_ip": "127.0.0.1", "proto": "HTTP/1.1", "method": "GET", "host": "127.0.0.1:3000", "uri": "/god-mode", "headers": {"Accept": ["*/*"], "User-Agent": ["curl/8.20.0"]}}, "bytes_read": 0, "user_id": "", "duration": 0.001153232, "size": 5589, "status": 200, "resp_headers": {"Last-Modified": ["Thu, 10 Sep 2026 18:04:02 GMT"], "Accept-Ranges": ["bytes"], "Content-Length": ["5589"], "Vary": ["Accept-Encoding"], "Content-Type": ["text/html; charset=utf-8"], "Server": ["Caddy"], "X-Content-Type-Options": ["nosniff"], "X-Frame-Options": ["DENY"], "X-Xss-Protection": ["1; mode=block"], "Etag": ["\"dlbu270dl7284b9\""]}}
admin       | 2026/09/18 11:19:44.820	[34mINFO[0m	http.log.access.log0	handled request	{"request": {"remote_ip": "127.0.0.1", "remote_port": "40992", "client_ip": "127.0.0.1", "proto": "HTTP/1.1", "method": "GET", "host": "127.0.0.1:3000", "uri": "/god-mode", "headers": {"User-Agent": ["curl/8.20.0"], "Accept": ["*/*"]}}, "bytes_read": 0, "user_id": "", "duration": 0.000679582, "size": 5589, "status": 200, "resp_headers": {"X-Frame-Options": ["DENY"], "X-Xss-Protection": ["1; mode=block"], "Etag": ["\"dlbu270dl7284b9\""], "Last-Modified": ["Thu, 10 Sep 2026 18:04:02 GMT"], "Content-Length": ["5589"], "Server": ["Caddy"], "X-Content-Type-Options": ["nosniff"], "Vary": ["Accept-Encoding"], "Content-Type": ["text/html; charset=utf-8"], "Accept-Ranges": ["bytes"]}}
admin       | 2026/09/18 11:20:14.906	[34mINFO[0m	http.log.access.log0	handled request	{"request": {"remote_ip": "127.0.0.1", "remote_port": "44240", "client_ip": "127.0.0.1", "proto": "HTTP/1.1", "method": "GET", "host": "127.0.0.1:3000", "uri": "/god-mode", "headers": {"Accept": ["*/*"], "User-Agent": ["curl/8.20.0"]}}, "bytes_read": 0, "user_id": "", "duration": 0.000787421, "size": 5589, "status": 200, "resp_headers": {"Server": ["Caddy"], "X-Content-Type-Options": ["nosniff"], "X-Frame-Options": ["DENY"], "X-Xss-Protection": ["1; mode=block"], "Etag": ["\"dlbu270dl7284b9\""], "Content-Type": ["text/html; charset=utf-8"], "Vary": ["Accept-Encoding"], "Last-Modified": ["Thu, 10 Sep 2026 18:04:02 GMT"], "Accept-Ranges": ["bytes"], "Content-Length": ["5589"]}}
admin       | 2026/09/18 11:20:45.011	[34mINFO[0m	http.log.access.log0	handled request	{"request": {"remote_ip": "127.0.0.1", "remote_port": "49890", "client_ip": "127.0.0.1", "proto": "HTTP/1.1", "method": "GET", "host": "127.0.0.1:3000", "uri": "/god-mode", "headers": {"User-Agent": ["curl/8.20.0"], "Accept": ["*/*"]}}, "bytes_read": 0, "user_id": "", "duration": 0.000595594, "size": 5589, "status": 200, "resp_headers": {"X-Content-Type-Options": ["nosniff"], "Etag": ["\"dlbu270dl7284b9\""], "Content-Type": ["text/html; charset=utf-8"], "Accept-Ranges": ["bytes"], "Server": ["Caddy"], "X-Frame-Options": ["DENY"], "X-Xss-Protection": ["1; mode=block"], "Vary": ["Accept-Encoding"], "Last-Modified": ["Thu, 10 Sep 2026 18:04:02 GMT"], "Content-Length": ["5589"]}}
admin       | 2026/09/18 11:21:15.099	[34mINFO[0m	http.log.access.log0	handled request	{"request": {"remote_ip": "127.0.0.1", "remote_port": "48892", "client_ip": "127.0.0.1", "proto": "HTTP/1.1", "method": "GET", "host": "127.0.0.1:3000", "uri": "/god-mode", "headers": {"User-Agent": ["curl/8.20.0"], "Accept": ["*/*"]}}, "bytes_read": 0, "user_id": "", "duration": 0.000734414, "size": 5589, "status": 200, "resp_headers": {"Content-Length": ["5589"], "Server": ["Caddy"], "X-Frame-Options": ["DENY"], "X-Content-Type-Options": ["nosniff"], "Vary": ["Accept-Encoding"], "Last-Modified": ["Thu, 10 Sep 2026 18:04:02 GMT"], "X-Xss-Protection": ["1; mode=block"], "Etag": ["\"dlbu270dl7284b9\""], "Content-Type": ["text/html; charset=utf-8"], "Accept-Ranges": ["bytes"]}}
admin       | 2026/09/18 11:21:45.177	[34mINFO[0m	http.log.access.log0	handled request	{"request": {"remote_ip": "127.0.0.1", "remote_port": "37094", "client_ip": "127.0.0.1", "proto": "HTTP/1.1", "method": "GET", "host": "127.0.0.1:3000", "uri": "/god-mode", "headers": {"User-Agent": ["curl/8.20.0"], "Accept": ["*/*"]}}, "bytes_read": 0, "user_id": "", "duration": 0.000596949, "size": 5589, "status": 200, "resp_headers": {"X-Content-Type-Options": ["nosniff"], "X-Xss-Protection": ["1; mode=block"], "Etag": ["\"dlbu270dl7284b9\""], "Content-Type": ["text/html; charset=utf-8"], "Accept-Ranges": ["bytes"], "Server": ["Caddy"], "X-Frame-Options": ["DENY"], "Vary": ["Accept-Encoding"], "Last-Modified": ["Thu, 10 Sep 2026 18:04:02 GMT"], "Content-Length": ["5589"]}}
admin       | 2026/09/18 11:22:15.253	[34mINFO[0m	http.log.access.log0	handled request	{"request": {"remote_ip": "127.0.0.1", "remote_port": "56030", "client_ip": "127.0.0.1", "proto": "HTTP/1.1", "method": "GET", "host": "127.0.0.1:3000", "uri": "/god-mode", "headers": {"User-Agent": ["curl/8.20.0"], "Accept": ["*/*"]}}, "bytes_read": 0, "user_id": "", "duration": 0.00071711, "size": 5589, "status": 200, "resp_headers": {"X-Content-Type-Options": ["nosniff"], "X-Frame-Options": ["DENY"], "Etag": ["\"dlbu270dl7284b9\""], "Last-Modified": ["Thu, 10 Sep 2026 18:04:02 GMT"], "Accept-Ranges": ["bytes"], "Content-Length": ["5589"], "Server": ["Caddy"], "X-Xss-Protection": ["1; mode=block"], "Vary": ["Accept-Encoding"], "Content-Type": ["text/html; charset=utf-8"]}}
admin       | 2026/09/18 11:22:45.330	[34mINFO[0m	http.log.access.log0	handled request	{"request": {"remote_ip": "127.0.0.1", "remote_port": "50854", "client_ip": "127.0.0.1", "proto": "HTTP/1.1", "method": "GET", "host": "127.0.0.1:3000", "uri": "/god-mode", "headers": {"User-Agent": ["curl/8.20.0"], "Accept": ["*/*"]}}, "bytes_read": 0, "user_id": "", "duration": 0.000597748, "size": 5589, "status": 200, "resp_headers": {"X-Content-Type-Options": ["nosniff"], "X-Frame-Options": ["DENY"], "Vary": ["Accept-Encoding"], "Last-Modified": ["Thu, 10 Sep 2026 18:04:02 GMT"], "Content-Length": ["5589"], "Server": ["Caddy"], "X-Xss-Protection": ["1; mode=block"], "Etag": ["\"dlbu270dl7284b9\""], "Content-Type": ["text/html; charset=utf-8"], "Accept-Ranges": ["bytes"]}}
admin       | 2026/09/18 11:23:15.417	[34mINFO[0m	http.log.access.log0	handled request	{"request": {"remote_ip": "127.0.0.1", "remote_port": "48228", "client_ip": "127.0.0.1", "proto": "HTTP/1.1", "method": "GET", "host": "127.0.0.1:3000", "uri": "/god-mode", "headers": {"User-Agent": ["curl/8.20.0"], "Accept": ["*/*"]}}, "bytes_read": 0, "user_id": "", "duration": 0.000685214, "size": 5589, "status": 200, "resp_headers": {"Server": ["Caddy"], "X-Frame-Options": ["DENY"], "X-Xss-Protection": ["1; mode=block"], "X-Content-Type-Options": ["nosniff"], "Etag": ["\"dlbu270dl7284b9\""], "Last-Modified": ["Thu, 10 Sep 2026 18:04:02 GMT"], "Vary": ["Accept-Encoding"], "Content-Type": ["text/html; charset=utf-8"], "Accept-Ranges": ["bytes"], "Content-Length": ["5589"]}}
admin       | 2026/09/18 11:23:45.500	[34mINFO[0m	http.log.access.log0	handled request	{"request": {"remote_ip": "127.0.0.1", "remote_port": "42638", "client_ip": "127.0.0.1", "proto": "HTTP/1.1", "method": "GET", "host": "127.0.0.1:3000", "uri": "/god-mode", "headers": {"User-Agent": ["curl/8.20.0"], "Accept": ["*/*"]}}, "bytes_read": 0, "user_id": "", "duration": 0.000573794, "size": 5589, "status": 200, "resp_headers": {"Accept-Ranges": ["bytes"], "Server": ["Caddy"], "X-Frame-Options": ["DENY"], "X-Xss-Protection": ["1; mode=block"], "X-Content-Type-Options": ["nosniff"], "Vary": ["Accept-Encoding"], "Content-Length": ["5589"], "Etag": ["\"dlbu270dl7284b9\""], "Content-Type": ["text/html; charset=utf-8"], "Last-Modified": ["Thu, 10 Sep 2026 18:04:02 GMT"]}}
admin       | 2026/09/18 11:24:15.578	[34mINFO[0m	http.log.access.log0	handled request	{"request": {"remote_ip": "127.0.0.1", "remote_port": "47618", "client_ip": "127.0.0.1", "proto": "HTTP/1.1", "method": "GET", "host": "127.0.0.1:3000", "uri": "/god-mode", "headers": {"User-Agent": ["curl/8.20.0"], "Accept": ["*/*"]}}, "bytes_read": 0, "user_id": "", "duration": 0.000707138, "size": 5589, "status": 200, "resp_headers": {"X-Xss-Protection": ["1; mode=block"], "Content-Type": ["text/html; charset=utf-8"], "Accept-Ranges": ["bytes"], "Content-Length": ["5589"], "X-Content-Type-Options": ["nosniff"], "Vary": ["Accept-Encoding"], "Etag": ["\"dlbu270dl7284b9\""], "Last-Modified": ["Thu, 10 Sep 2026 18:04:02 GMT"], "Server": ["Caddy"], "X-Frame-Options": ["DENY"]}}
admin       | 2026/09/18 11:24:45.655	[34mINFO[0m	http.log.access.log0	handled request	{"request": {"remote_ip": "127.0.0.1", "remote_port": "46686", "client_ip": "127.0.0.1", "proto": "HTTP/1.1", "method": "GET", "host": "127.0.0.1:3000", "uri": "/god-mode", "headers": {"User-Agent": ["curl/8.20.0"], "Accept": ["*/*"]}}, "bytes_read": 0, "user_id": "", "duration": 0.000729305, "size": 5589, "status": 200, "resp_headers": {"Content-Type": ["text/html; charset=utf-8"], "Accept-Ranges": ["bytes"], "Server": ["Caddy"], "X-Frame-Options": ["DENY"], "Vary": ["Accept-Encoding"], "Last-Modified": ["Thu, 10 Sep 2026 18:04:02 GMT"], "Content-Length": ["5589"], "X-Content-Type-Options": ["nosniff"], "X-Xss-Protection": ["1; mode=block"], "Etag": ["\"dlbu270dl7284b9\""]}}
admin       | 2026/09/18 11:25:15.739	[34mINFO[0m	http.log.access.log0	handled request	{"request": {"remote_ip": "127.0.0.1", "remote_port": "34228", "client_ip": "127.0.0.1", "proto": "HTTP/1.1", "method": "GET", "host": "127.0.0.1:3000", "uri": "/god-mode", "headers": {"User-Agent": ["curl/8.20.0"], "Accept": ["*/*"]}}, "bytes_read": 0, "user_id": "", "duration": 0.001223755, "size": 5589, "status": 200, "resp_headers": {"X-Frame-Options": ["DENY"], "X-Xss-Protection": ["1; mode=block"], "Accept-Ranges": ["bytes"], "Content-Length": ["5589"], "X-Content-Type-Options": ["nosniff"], "Vary": ["Accept-Encoding"], "Etag": ["\"dlbu270dl7284b9\""], "Content-Type": ["text/html; charset=utf-8"], "Last-Modified": ["Thu, 10 Sep 2026 18:04:02 GMT"], "Server": ["Caddy"]}}
admin       | 2026/09/18 11:25:45.817	[34mINFO[0m	http.log.access.log0	handled request	{"request": {"remote_ip": "127.0.0.1", "remote_port": "43688", "client_ip": "127.0.0.1", "proto": "HTTP/1.1", "method": "GET", "host": "127.0.0.1:3000", "uri": "/god-mode", "headers": {"User-Agent": ["curl/8.20.0"], "Accept": ["*/*"]}}, "bytes_read": 0, "user_id": "", "duration": 0.000645587, "size": 5589, "status": 200, "resp_headers": {"Server": ["Caddy"], "X-Content-Type-Options": ["nosniff"], "X-Frame-Options": ["DENY"], "Vary": ["Accept-Encoding"], "Etag": ["\"dlbu270dl7284b9\""], "Content-Type": ["text/html; charset=utf-8"], "Content-Length": ["5589"], "X-Xss-Protection": ["1; mode=block"], "Last-Modified": ["Thu, 10 Sep 2026 18:04:02 GMT"], "Accept-Ranges": ["bytes"]}}
web         | 2026/09/18 11:25:54.863	[34mINFO[0m	http.log.access.log0	handled request	{"request": {"remote_ip": "127.0.0.1", "remote_port": "40744", "client_ip": "127.0.0.1", "proto": "HTTP/1.1", "method": "GET", "host": "127.0.0.1:3000", "uri": "/", "headers": {"User-Agent": ["curl/8.22.0"], "Accept": ["*/*"]}}, "bytes_read": 0, "user_id": "", "duration": 0.001384476, "size": 6087, "status": 200, "resp_headers": {"Server": ["Caddy"], "X-Content-Type-Options": ["nosniff"], "X-Frame-Options": ["DENY"], "Vary": ["Accept-Encoding"], "Last-Modified": ["Wed, 16 Sep 2026 23:45:14 GMT"], "Content-Length": ["6087"], "X-Xss-Protection": ["1; mode=block"], "Etag": ["\"dlh52pe14jcw4p3\""], "Content-Type": ["text/html; charset=utf-8"], "Accept-Ranges": ["bytes"]}}
web         | 2026/09/18 11:26:25.000	[34mINFO[0m	http.log.access.log0	handled request	{"request": {"remote_ip": "127.0.0.1", "remote_port": "59712", "client_ip": "127.0.0.1", "proto": "HTTP/1.1", "method": "GET", "host": "127.0.0.1:3000", "uri": "/", "headers": {"User-Agent": ["curl/8.22.0"], "Accept": ["*/*"]}}, "bytes_read": 0, "user_id": "", "duration": 0.00329387, "size": 6087, "status": 200, "resp_headers": {"X-Content-Type-Options": ["nosniff"], "Etag": ["\"dlh52pe14jcw4p3\""], "X-Frame-Options": ["DENY"], "X-Xss-Protection": ["1; mode=block"], "Vary": ["Accept-Encoding"], "Content-Type": ["text/html; charset=utf-8"], "Last-Modified": ["Wed, 16 Sep 2026 23:45:14 GMT"], "Accept-Ranges": ["bytes"], "Content-Length": ["6087"], "Server": ["Caddy"]}}
web         | 2026/09/18 11:26:55.143	[34mINFO[0m	http.log.access.log0	handled request	{"request": {"remote_ip": "127.0.0.1", "remote_port": "33200", "client_ip": "127.0.0.1", "proto": "HTTP/1.1", "method": "GET", "host": "127.0.0.1:3000", "uri": "/", "headers": {"Accept": ["*/*"], "User-Agent": ["curl/8.22.0"]}}, "bytes_read": 0, "user_id": "", "duration": 0.000394575, "size": 6087, "status": 200, "resp_headers": {"X-Content-Type-Options": ["nosniff"], "X-Frame-Options": ["DENY"], "X-Xss-Protection": ["1; mode=block"], "Vary": ["Accept-Encoding"], "Etag": ["\"dlh52pe14jcw4p3\""], "Server": ["Caddy"], "Content-Type": ["text/html; charset=utf-8"], "Last-Modified": ["Wed, 16 Sep 2026 23:45:14 GMT"], "Accept-Ranges": ["bytes"], "Content-Length": ["6087"]}}
web         | 2026/09/18 11:27:25.355	[34mINFO[0m	http.log.access.log0	handled request	{"request": {"remote_ip": "127.0.0.1", "remote_port": "50404", "client_ip": "127.0.0.1", "proto": "HTTP/1.1", "method": "GET", "host": "127.0.0.1:3000", "uri": "/", "headers": {"Accept": ["*/*"], "User-Agent": ["curl/8.22.0"]}}, "bytes_read": 0, "user_id": "", "duration": 0.000502457, "size": 6087, "status": 200, "resp_headers": {"X-Content-Type-Options": ["nosniff"], "Vary": ["Accept-Encoding"], "Content-Type": ["text/html; charset=utf-8"], "Content-Length": ["6087"], "Server": ["Caddy"], "X-Frame-Options": ["DENY"], "X-Xss-Protection": ["1; mode=block"], "Etag": ["\"dlh52pe14jcw4p3\""], "Last-Modified": ["Wed, 16 Sep 2026 23:45:14 GMT"], "Accept-Ranges": ["bytes"]}}
web         | 2026/09/18 11:27:55.584	[34mINFO[0m	http.log.access.log0	handled request	{"request": {"remote_ip": "127.0.0.1", "remote_port": "54418", "client_ip": "127.0.0.1", "proto": "HTTP/1.1", "method": "GET", "host": "127.0.0.1:3000", "uri": "/", "headers": {"User-Agent": ["curl/8.22.0"], "Accept": ["*/*"]}}, "bytes_read": 0, "user_id": "", "duration": 0.000665115, "size": 6087, "status": 200, "resp_headers": {"X-Content-Type-Options": ["nosniff"], "Vary": ["Accept-Encoding"], "Etag": ["\"dlh52pe14jcw4p3\""], "Content-Type": ["text/html; charset=utf-8"], "Content-Length": ["6087"], "X-Xss-Protection": ["1; mode=block"], "Last-Modified": ["Wed, 16 Sep 2026 23:45:14 GMT"], "Accept-Ranges": ["bytes"], "Server": ["Caddy"], "X-Frame-Options": ["DENY"]}}
api         | {"levelname": "INFO", "asctime": "2026-09-18 10:04:03,304", "module": "logger", "name": "plane.api.request", "message": "GET /api/workspaces/brune4ai/quick-links/ 200", "path": "/api/workspaces/brune4ai/quick-links/", "method": "GET", "status_code": 200, "duration_ms": 331, "remote_addr": "119.160.190.240", "user_agent": "Mozilla/5.0 (Windows NT 10.0; Win64; x64) AppleWebKit/537.36 (KHTML, like Gecko) Chrome/153.0.0.0 Safari/537.36 Edg/153.0.0.0", "user_id": "57ff78ef-f40f-4d8d-bca3-7e302fe916ca"}
api         | {"levelname": "INFO", "asctime": "2026-09-18 10:04:03,340", "module": "logger", "name": "plane.api.request", "message": "GET /api/workspaces/brune4ai/stickies/?cursor=30:0:0&per_page=30&query= 200", "path": "/api/workspaces/brune4ai/stickies/", "method": "GET", "status_code": 200, "duration_ms": 366, "remote_addr": "119.160.190.240", "user_agent": "Mozilla/5.0 (Windows NT 10.0; Win64; x64) AppleWebKit/537.36 (KHTML, like Gecko) Chrome/153.0.0.0 Safari/537.36 Edg/153.0.0.0", "user_id": "57ff78ef-f40f-4d8d-bca3-7e302fe916ca"}
api         | {"levelname": "INFO", "asctime": "2026-09-18 10:04:03,391", "module": "logger", "name": "plane.api.request", "message": "GET /api/assets/v2/static/c2bac2ce-bc6e-455e-ae8c-57482f392b74/ 302", "path": "/api/assets/v2/static/c2bac2ce-bc6e-455e-ae8c-57482f392b74/", "method": "GET", "status_code": 302, "duration_ms": 1049, "remote_addr": "119.160.190.240", "user_agent": "Mozilla/5.0 (Windows NT 10.0; Win64; x64) AppleWebKit/537.36 (KHTML, like Gecko) Chrome/153.0.0.0 Safari/537.36 Edg/153.0.0.0", "user_id": "57ff78ef-f40f-4d8d-bca3-7e302fe916ca"}
admin       | 2026/09/18 11:26:15.926	[34mINFO[0m	http.log.access.log0	handled request	{"request": {"remote_ip": "127.0.0.1", "remote_port": "53774", "client_ip": "127.0.0.1", "proto": "HTTP/1.1", "method": "GET", "host": "127.0.0.1:3000", "uri": "/god-mode", "headers": {"Accept": ["*/*"], "User-Agent": ["curl/8.20.0"]}}, "bytes_read": 0, "user_id": "", "duration": 0.000615948, "size": 5589, "status": 200, "resp_headers": {"X-Content-Type-Options": ["nosniff"], "X-Frame-Options": ["DENY"], "Content-Type": ["text/html; charset=utf-8"], "Accept-Ranges": ["bytes"], "X-Xss-Protection": ["1; mode=block"], "Vary": ["Accept-Encoding"], "Etag": ["\"dlbu270dl7284b9\""], "Last-Modified": ["Thu, 10 Sep 2026 18:04:02 GMT"], "Content-Length": ["5589"], "Server": ["Caddy"]}}
admin       | 2026/09/18 11:26:46.033	[34mINFO[0m	http.log.access.log0	handled request	{"request": {"remote_ip": "127.0.0.1", "remote_port": "54988", "client_ip": "127.0.0.1", "proto": "HTTP/1.1", "method": "GET", "host": "127.0.0.1:3000", "uri": "/god-mode", "headers": {"User-Agent": ["curl/8.20.0"], "Accept": ["*/*"]}}, "bytes_read": 0, "user_id": "", "duration": 0.0005702, "size": 5589, "status": 200, "resp_headers": {"X-Xss-Protection": ["1; mode=block"], "Content-Length": ["5589"], "Server": ["Caddy"], "X-Frame-Options": ["DENY"], "X-Content-Type-Options": ["nosniff"], "Vary": ["Accept-Encoding"], "Etag": ["\"dlbu270dl7284b9\""], "Content-Type": ["text/html; charset=utf-8"], "Last-Modified": ["Thu, 10 Sep 2026 18:04:02 GMT"], "Accept-Ranges": ["bytes"]}}
api         | {"levelname": "INFO", "asctime": "2026-09-18 10:04:03,774", "module": "logger", "name": "plane.api.request", "message": "GET /api/workspaces/brune4ai/recent-visits/ 200", "path": "/api/workspaces/brune4ai/recent-visits/", "method": "GET", "status_code": 200, "duration_ms": 708, "remote_addr": "119.160.190.240", "user_agent": "Mozilla/5.0 (Windows NT 10.0; Win64; x64) AppleWebKit/537.36 (KHTML, like Gecko) Chrome/153.0.0.0 Safari/537.36 Edg/153.0.0.0", "user_id": "57ff78ef-f40f-4d8d-bca3-7e302fe916ca"}
api         | {"levelname": "INFO", "asctime": "2026-09-18 10:04:27,720", "module": "logger", "name": "plane.api.request", "message": "GET /api/workspaces/brune4ai/projects/8fd2a982-478c-479c-aeac-820e97299186/user-properties/ 200", "path": "/api/workspaces/brune4ai/projects/8fd2a982-478c-479c-aeac-820e97299186/user-properties/", "method": "GET", "status_code": 200, "duration_ms": 533, "remote_addr": "119.160.190.240", "user_agent": "Mozilla/5.0 (Windows NT 10.0; Win64; x64) AppleWebKit/537.36 (KHTML, like Gecko) Chrome/153.0.0.0 Safari/537.36 Edg/153.0.0.0", "user_id": "57ff78ef-f40f-4d8d-bca3-7e302fe916ca"}
api         | {"levelname": "INFO", "asctime": "2026-09-18 10:04:27,723", "module": "logger", "name": "plane.api.request", "message": "GET /api/workspaces/brune4ai/projects/8fd2a982-478c-479c-aeac-820e97299186/intake-state/ 200", "path": "/api/workspaces/brune4ai/projects/8fd2a982-478c-479c-aeac-820e97299186/intake-state/", "method": "GET", "status_code": 200, "duration_ms": 520, "remote_addr": "119.160.190.240", "user_agent": "Mozilla/5.0 (Windows NT 10.0; Win64; x64) AppleWebKit/537.36 (KHTML, like Gecko) Chrome/153.0.0.0 Safari/537.36 Edg/153.0.0.0", "user_id": "57ff78ef-f40f-4d8d-bca3-7e302fe916ca"}
api         | {"levelname": "INFO", "asctime": "2026-09-18 10:04:28,050", "module": "logger", "name": "plane.api.request", "message": "GET /api/workspaces/brune4ai/modules/ 200", "path": "/api/workspaces/brune4ai/modules/", "method": "GET", "status_code": 200, "duration_ms": 933, "remote_addr": "119.160.190.240", "user_agent": "Mozilla/5.0 (Windows NT 10.0; Win64; x64) AppleWebKit/537.36 (KHTML, like Gecko) Chrome/153.0.0.0 Safari/537.36 Edg/153.0.0.0", "user_id": "57ff78ef-f40f-4d8d-bca3-7e302fe916ca"}
api         | {"levelname": "INFO", "asctime": "2026-09-18 10:04:28,162", "module": "logger", "name": "plane.api.request", "message": "GET /api/workspaces/brune4ai/projects/8fd2a982-478c-479c-aeac-820e97299186/members/ 200", "path": "/api/workspaces/brune4ai/projects/8fd2a982-478c-479c-aeac-820e97299186/members/", "method": "GET", "status_code": 200, "duration_ms": 897, "remote_addr": "119.160.190.240", "user_agent": "Mozilla/5.0 (Windows NT 10.0; Win64; x64) AppleWebKit/537.36 (KHTML, like Gecko) Chrome/153.0.0.0 Safari/537.36 Edg/153.0.0.0", "user_id": "57ff78ef-f40f-4d8d-bca3-7e302fe916ca"}
api         | {"levelname": "INFO", "asctime": "2026-09-18 10:04:28,167", "module": "logger", "name": "plane.api.request", "message": "GET /api/workspaces/brune4ai/projects/8fd2a982-478c-479c-aeac-820e97299186/states/ 200", "path": "/api/workspaces/brune4ai/projects/8fd2a982-478c-479c-aeac-820e97299186/states/", "method": "GET", "status_code": 200, "duration_ms": 934, "remote_addr": "119.160.190.240", "user_agent": "Mozilla/5.0 (Windows NT 10.0; Win64; x64) AppleWebKit/537.36 (KHTML, like Gecko) Chrome/153.0.0.0 Safari/537.36 Edg/153.0.0.0", "user_id": "57ff78ef-f40f-4d8d-bca3-7e302fe916ca"}
api         | {"levelname": "INFO", "asctime": "2026-09-18 10:04:28,188", "module": "logger", "name": "plane.api.request", "message": "GET /api/workspaces/brune4ai/projects/8fd2a982-478c-479c-aeac-820e97299186/modules/ 200", "path": "/api/workspaces/brune4ai/projects/8fd2a982-478c-479c-aeac-820e97299186/modules/", "method": "GET", "status_code": 200, "duration_ms": 1069, "remote_addr": "119.160.190.240", "user_agent": "Mozilla/5.0 (Windows NT 10.0; Win64; x64) AppleWebKit/537.36 (KHTML, like Gecko) Chrome/153.0.0.0 Safari/537.36 Edg/153.0.0.0", "user_id": "57ff78ef-f40f-4d8d-bca3-7e302fe916ca"}
api         | {"levelname": "INFO", "asctime": "2026-09-18 10:04:28,219", "module": "logger", "name": "plane.api.request", "message": "GET /api/workspaces/brune4ai/projects/8fd2a982-478c-479c-aeac-820e97299186/project-members/me/ 200", "path": "/api/workspaces/brune4ai/projects/8fd2a982-478c-479c-aeac-820e97299186/project-members/me/", "method": "GET", "status_code": 200, "duration_ms": 969, "remote_addr": "119.160.190.240", "user_agent": "Mozilla/5.0 (Windows NT 10.0; Win64; x64) AppleWebKit/537.36 (KHTML, like Gecko) Chrome/153.0.0.0 Safari/537.36 Edg/153.0.0.0", "user_id": "57ff78ef-f40f-4d8d-bca3-7e302fe916ca"}
web         | 2026/09/18 11:28:26.007	[34mINFO[0m	http.log.access.log0	handled request	{"request": {"remote_ip": "127.0.0.1", "remote_port": "56492", "client_ip": "127.0.0.1", "proto": "HTTP/1.1", "method": "GET", "host": "127.0.0.1:3000", "uri": "/", "headers": {"User-Agent": ["curl/8.22.0"], "Accept": ["*/*"]}}, "bytes_read": 0, "user_id": "", "duration": 0.017079353, "size": 6087, "status": 200, "resp_headers": {"X-Xss-Protection": ["1; mode=block"], "Vary": ["Accept-Encoding"], "Content-Type": ["text/html; charset=utf-8"], "Accept-Ranges": ["bytes"], "Server": ["Caddy"], "Etag": ["\"dlh52pe14jcw4p3\""], "Last-Modified": ["Wed, 16 Sep 2026 23:45:14 GMT"], "Content-Length": ["6087"], "X-Content-Type-Options": ["nosniff"], "X-Frame-Options": ["DENY"]}}
web         | 2026/09/18 11:28:56.292	[34mINFO[0m	http.log.access.log0	handled request	{"request": {"remote_ip": "127.0.0.1", "remote_port": "60390", "client_ip": "127.0.0.1", "proto": "HTTP/1.1", "method": "GET", "host": "127.0.0.1:3000", "uri": "/", "headers": {"Accept": ["*/*"], "User-Agent": ["curl/8.22.0"]}}, "bytes_read": 0, "user_id": "", "duration": 0.003798845, "size": 6087, "status": 200, "resp_headers": {"Content-Length": ["6087"], "Server": ["Caddy"], "X-Xss-Protection": ["1; mode=block"], "X-Content-Type-Options": ["nosniff"], "Vary": ["Accept-Encoding"], "Content-Type": ["text/html; charset=utf-8"], "Last-Modified": ["Wed, 16 Sep 2026 23:45:14 GMT"], "X-Frame-Options": ["DENY"], "Etag": ["\"dlh52pe14jcw4p3\""], "Accept-Ranges": ["bytes"]}}
web         | 2026/09/18 11:29:26.824	[34mINFO[0m	http.log.access.log0	handled request	{"request": {"remote_ip": "127.0.0.1", "remote_port": "35804", "client_ip": "127.0.0.1", "proto": "HTTP/1.1", "method": "GET", "host": "127.0.0.1:3000", "uri": "/", "headers": {"Accept": ["*/*"], "User-Agent": ["curl/8.22.0"]}}, "bytes_read": 0, "user_id": "", "duration": 0.011261798, "size": 6087, "status": 200, "resp_headers": {"Server": ["Caddy"], "X-Xss-Protection": ["1; mode=block"], "X-Content-Type-Options": ["nosniff"], "Content-Type": ["text/html; charset=utf-8"], "Last-Modified": ["Wed, 16 Sep 2026 23:45:14 GMT"], "Accept-Ranges": ["bytes"], "X-Frame-Options": ["DENY"], "Vary": ["Accept-Encoding"], "Etag": ["\"dlh52pe14jcw4p3\""], "Content-Length": ["6087"]}}
web         | 2026/09/18 11:29:57.179	[34mINFO[0m	http.log.access.log0	handled request	{"request": {"remote_ip": "127.0.0.1", "remote_port": "35222", "client_ip": "127.0.0.1", "proto": "HTTP/1.1", "method": "GET", "host": "127.0.0.1:3000", "uri": "/", "headers": {"Accept": ["*/*"], "User-Agent": ["curl/8.22.0"]}}, "bytes_read": 0, "user_id": "", "duration": 0.000910867, "size": 6087, "status": 200, "resp_headers": {"Server": ["Caddy"], "X-Frame-Options": ["DENY"], "X-Xss-Protection": ["1; mode=block"], "Etag": ["\"dlh52pe14jcw4p3\""], "Accept-Ranges": ["bytes"], "Content-Length": ["6087"], "X-Content-Type-Options": ["nosniff"], "Vary": ["Accept-Encoding"], "Content-Type": ["text/html; charset=utf-8"], "Last-Modified": ["Wed, 16 Sep 2026 23:45:14 GMT"]}}
web         | 2026/09/18 11:30:27.460	[34mINFO[0m	http.log.access.log0	handled request	{"request": {"remote_ip": "127.0.0.1", "remote_port": "58064", "client_ip": "127.0.0.1", "proto": "HTTP/1.1", "method": "GET", "host": "127.0.0.1:3000", "uri": "/", "headers": {"User-Agent": ["curl/8.22.0"], "Accept": ["*/*"]}}, "bytes_read": 0, "user_id": "", "duration": 0.000516374, "size": 6087, "status": 200, "resp_headers": {"Server": ["Caddy"], "X-Content-Type-Options": ["nosniff"], "X-Frame-Options": ["DENY"], "X-Xss-Protection": ["1; mode=block"], "Vary": ["Accept-Encoding"], "Etag": ["\"dlh52pe14jcw4p3\""], "Content-Type": ["text/html; charset=utf-8"], "Last-Modified": ["Wed, 16 Sep 2026 23:45:14 GMT"], "Accept-Ranges": ["bytes"], "Content-Length": ["6087"]}}
web         | 2026/09/18 11:30:57.897	[34mINFO[0m	http.log.access.log0	handled request	{"request": {"remote_ip": "127.0.0.1", "remote_port": "33542", "client_ip": "127.0.0.1", "proto": "HTTP/1.1", "method": "GET", "host": "127.0.0.1:3000", "uri": "/", "headers": {"User-Agent": ["curl/8.22.0"], "Accept": ["*/*"]}}, "bytes_read": 0, "user_id": "", "duration": 0.000466147, "size": 6087, "status": 200, "resp_headers": {"Server": ["Caddy"], "X-Content-Type-Options": ["nosniff"], "X-Frame-Options": ["DENY"], "X-Xss-Protection": ["1; mode=block"], "Vary": ["Accept-Encoding"], "Etag": ["\"dlh52pe14jcw4p3\""], "Content-Type": ["text/html; charset=utf-8"], "Last-Modified": ["Wed, 16 Sep 2026 23:45:14 GMT"], "Accept-Ranges": ["bytes"], "Content-Length": ["6087"]}}
web         | 2026/09/18 11:31:28.195	[34mINFO[0m	http.log.access.log0	handled request	{"request": {"remote_ip": "127.0.0.1", "remote_port": "33242", "client_ip": "127.0.0.1", "proto": "HTTP/1.1", "method": "GET", "host": "127.0.0.1:3000", "uri": "/", "headers": {"User-Agent": ["curl/8.22.0"], "Accept": ["*/*"]}}, "bytes_read": 0, "user_id": "", "duration": 0.000489872, "size": 6087, "status": 200, "resp_headers": {"X-Frame-Options": ["DENY"], "X-Xss-Protection": ["1; mode=block"], "Vary": ["Accept-Encoding"], "Etag": ["\"dlh52pe14jcw4p3\""], "Accept-Ranges": ["bytes"], "Server": ["Caddy"], "X-Content-Type-Options": ["nosniff"], "Content-Type": ["text/html; charset=utf-8"], "Last-Modified": ["Wed, 16 Sep 2026 23:45:14 GMT"], "Content-Length": ["6087"]}}
web         | 2026/09/18 11:31:58.550	[34mINFO[0m	http.log.access.log0	handled request	{"request": {"remote_ip": "127.0.0.1", "remote_port": "43386", "client_ip": "127.0.0.1", "proto": "HTTP/1.1", "method": "GET", "host": "127.0.0.1:3000", "uri": "/", "headers": {"User-Agent": ["curl/8.22.0"], "Accept": ["*/*"]}}, "bytes_read": 0, "user_id": "", "duration": 0.000710214, "size": 6087, "status": 200, "resp_headers": {"Vary": ["Accept-Encoding"], "Etag": ["\"dlh52pe14jcw4p3\""], "Last-Modified": ["Wed, 16 Sep 2026 23:45:14 GMT"], "Accept-Ranges": ["bytes"], "X-Content-Type-Options": ["nosniff"], "X-Frame-Options": ["DENY"], "X-Xss-Protection": ["1; mode=block"], "Content-Type": ["text/html; charset=utf-8"], "Content-Length": ["6087"], "Server": ["Caddy"]}}
web         | 2026/09/18 11:32:28.852	[34mINFO[0m	http.log.access.log0	handled request	{"request": {"remote_ip": "127.0.0.1", "remote_port": "57490", "client_ip": "127.0.0.1", "proto": "HTTP/1.1", "method": "GET", "host": "127.0.0.1:3000", "uri": "/", "headers": {"User-Agent": ["curl/8.22.0"], "Accept": ["*/*"]}}, "bytes_read": 0, "user_id": "", "duration": 0.012605155, "size": 6087, "status": 200, "resp_headers": {"Server": ["Caddy"], "X-Content-Type-Options": ["nosniff"], "Vary": ["Accept-Encoding"], "Content-Type": ["text/html; charset=utf-8"], "Last-Modified": ["Wed, 16 Sep 2026 23:45:14 GMT"], "Accept-Ranges": ["bytes"], "X-Frame-Options": ["DENY"], "X-Xss-Protection": ["1; mode=block"], "Etag": ["\"dlh52pe14jcw4p3\""], "Content-Length": ["6087"]}}
web         | 2026/09/18 11:32:59.234	[34mINFO[0m	http.log.access.log0	handled request	{"request": {"remote_ip": "127.0.0.1", "remote_port": "50808", "client_ip": "127.0.0.1", "proto": "HTTP/1.1", "method": "GET", "host": "127.0.0.1:3000", "uri": "/", "headers": {"Accept": ["*/*"], "User-Agent": ["curl/8.22.0"]}}, "bytes_read": 0, "user_id": "", "duration": 0.006527839, "size": 6087, "status": 200, "resp_headers": {"Vary": ["Accept-Encoding"], "Content-Type": ["text/html; charset=utf-8"], "Last-Modified": ["Wed, 16 Sep 2026 23:45:14 GMT"], "Content-Length": ["6087"], "Server": ["Caddy"], "X-Frame-Options": ["DENY"], "X-Xss-Protection": ["1; mode=block"], "Etag": ["\"dlh52pe14jcw4p3\""], "Accept-Ranges": ["bytes"], "X-Content-Type-Options": ["nosniff"]}}
web         | 2026/09/18 11:33:29.646	[34mINFO[0m	http.log.access.log0	handled request	{"request": {"remote_ip": "127.0.0.1", "remote_port": "59818", "client_ip": "127.0.0.1", "proto": "HTTP/1.1", "method": "GET", "host": "127.0.0.1:3000", "uri": "/", "headers": {"User-Agent": ["curl/8.22.0"], "Accept": ["*/*"]}}, "bytes_read": 0, "user_id": "", "duration": 0.009057493, "size": 6087, "status": 200, "resp_headers": {"X-Frame-Options": ["DENY"], "Vary": ["Accept-Encoding"], "Etag": ["\"dlh52pe14jcw4p3\""], "Last-Modified": ["Wed, 16 Sep 2026 23:45:14 GMT"], "Server": ["Caddy"], "X-Content-Type-Options": ["nosniff"], "X-Xss-Protection": ["1; mode=block"], "Content-Type": ["text/html; charset=utf-8"], "Accept-Ranges": ["bytes"], "Content-Length": ["6087"]}}
api         | {"levelname": "INFO", "asctime": "2026-09-18 10:04:28,230", "module": "logger", "name": "plane.api.request", "message": "GET /api/workspaces/brune4ai/projects/8fd2a982-478c-479c-aeac-820e97299186/estimates/ 200", "path": "/api/workspaces/brune4ai/projects/8fd2a982-478c-479c-aeac-820e97299186/estimates/", "method": "GET", "status_code": 200, "duration_ms": 990, "remote_addr": "119.160.190.240", "user_agent": "Mozilla/5.0 (Windows NT 10.0; Win64; x64) AppleWebKit/537.36 (KHTML, like Gecko) Chrome/153.0.0.0 Safari/537.36 Edg/153.0.0.0", "user_id": "57ff78ef-f40f-4d8d-bca3-7e302fe916ca"}
api         | {"levelname": "INFO", "asctime": "2026-09-18 10:04:28,254", "module": "logger", "name": "plane.api.request", "message": "GET /api/workspaces/brune4ai/projects/8fd2a982-478c-479c-aeac-820e97299186/issue-labels/ 200", "path": "/api/workspaces/brune4ai/projects/8fd2a982-478c-479c-aeac-820e97299186/issue-labels/", "method": "GET", "status_code": 200, "duration_ms": 940, "remote_addr": "119.160.190.240", "user_agent": "Mozilla/5.0 (Windows NT 10.0; Win64; x64) AppleWebKit/537.36 (KHTML, like Gecko) Chrome/153.0.0.0 Safari/537.36 Edg/153.0.0.0", "user_id": "57ff78ef-f40f-4d8d-bca3-7e302fe916ca"}
api         | {"levelname": "INFO", "asctime": "2026-09-18 10:04:28,259", "module": "logger", "name": "plane.api.request", "message": "GET /api/workspaces/brune4ai/projects/8fd2a982-478c-479c-aeac-820e97299186/views/ 200", "path": "/api/workspaces/brune4ai/projects/8fd2a982-478c-479c-aeac-820e97299186/views/", "method": "GET", "status_code": 200, "duration_ms": 1005, "remote_addr": "119.160.190.240", "user_agent": "Mozilla/5.0 (Windows NT 10.0; Win64; x64) AppleWebKit/537.36 (KHTML, like Gecko) Chrome/153.0.0.0 Safari/537.36 Edg/153.0.0.0", "user_id": "57ff78ef-f40f-4d8d-bca3-7e302fe916ca"}
api         | {"levelname": "INFO", "asctime": "2026-09-18 10:04:28,320", "module": "logger", "name": "plane.api.request", "message": "GET /api/workspaces/brune4ai/projects/8fd2a982-478c-479c-aeac-820e97299186/cycles/ 200", "path": "/api/workspaces/brune4ai/projects/8fd2a982-478c-479c-aeac-820e97299186/cycles/", "method": "GET", "status_code": 200, "duration_ms": 1096, "remote_addr": "119.160.190.240", "user_agent": "Mozilla/5.0 (Windows NT 10.0; Win64; x64) AppleWebKit/537.36 (KHTML, like Gecko) Chrome/153.0.0.0 Safari/537.36 Edg/153.0.0.0", "user_id": "57ff78ef-f40f-4d8d-bca3-7e302fe916ca"}
api         | {"levelname": "INFO", "asctime": "2026-09-18 10:04:28,359", "module": "logger", "name": "plane.api.request", "message": "GET /api/workspaces/brune4ai/projects/8fd2a982-478c-479c-aeac-820e97299186/ 200", "path": "/api/workspaces/brune4ai/projects/8fd2a982-478c-479c-aeac-820e97299186/", "method": "GET", "status_code": 200, "duration_ms": 1269, "remote_addr": "119.160.190.240", "user_agent": "Mozilla/5.0 (Windows NT 10.0; Win64; x64) AppleWebKit/537.36 (KHTML, like Gecko) Chrome/153.0.0.0 Safari/537.36 Edg/153.0.0.0", "user_id": "57ff78ef-f40f-4d8d-bca3-7e302fe916ca"}
api         | {"levelname": "INFO", "asctime": "2026-09-18 10:04:28,631", "module": "logger", "name": "plane.api.request", "message": "GET /api/workspaces/brune4ai/projects/8fd2a982-478c-479c-aeac-820e97299186/user-properties/ 200", "path": "/api/workspaces/brune4ai/projects/8fd2a982-478c-479c-aeac-820e97299186/user-properties/", "method": "GET", "status_code": 200, "duration_ms": 94, "remote_addr": "119.160.190.240", "user_agent": "Mozilla/5.0 (Windows NT 10.0; Win64; x64) AppleWebKit/537.36 (KHTML, like Gecko) Chrome/153.0.0.0 Safari/537.36 Edg/153.0.0.0", "user_id": "57ff78ef-f40f-4d8d-bca3-7e302fe916ca"}
api         | {"levelname": "INFO", "asctime": "2026-09-18 10:04:29,163", "module": "logger", "name": "plane.api.request", "message": "GET /api/workspaces/brune4ai/projects/8fd2a982-478c-479c-aeac-820e97299186/issues/?sub_issue=true&filters=%7B%7D&layout=calendar&cursor=4:0:0&per_page=4&group_by=target_date&target_date=2026-08-31%3Bafter,2026-10-04%3Bbefore 200", "path": "/api/workspaces/brune4ai/projects/8fd2a982-478c-479c-aeac-820e97299186/issues/", "method": "GET", "status_code": 200, "duration_ms": 361, "remote_addr": "119.160.190.240", "user_agent": "Mozilla/5.0 (Windows NT 10.0; Win64; x64) AppleWebKit/537.36 (KHTML, like Gecko) Chrome/153.0.0.0 Safari/537.36 Edg/153.0.0.0", "user_id": "57ff78ef-f40f-4d8d-bca3-7e302fe916ca"}
admin       | 2026/09/18 11:27:16.296	[34mINFO[0m	http.log.access.log0	handled request	{"request": {"remote_ip": "127.0.0.1", "remote_port": "49798", "client_ip": "127.0.0.1", "proto": "HTTP/1.1", "method": "GET", "host": "127.0.0.1:3000", "uri": "/god-mode", "headers": {"User-Agent": ["curl/8.20.0"], "Accept": ["*/*"]}}, "bytes_read": 0, "user_id": "", "duration": 0.008632004, "size": 5589, "status": 200, "resp_headers": {"Content-Type": ["text/html; charset=utf-8"], "Last-Modified": ["Thu, 10 Sep 2026 18:04:02 GMT"], "Server": ["Caddy"], "X-Content-Type-Options": ["nosniff"], "X-Xss-Protection": ["1; mode=block"], "Vary": ["Accept-Encoding"], "Accept-Ranges": ["bytes"], "Content-Length": ["5589"], "X-Frame-Options": ["DENY"], "Etag": ["\"dlbu270dl7284b9\""]}}
admin       | 2026/09/18 11:27:46.583	[34mINFO[0m	http.log.access.log0	handled request	{"request": {"remote_ip": "127.0.0.1", "remote_port": "38234", "client_ip": "127.0.0.1", "proto": "HTTP/1.1", "method": "GET", "host": "127.0.0.1:3000", "uri": "/god-mode", "headers": {"User-Agent": ["curl/8.20.0"], "Accept": ["*/*"]}}, "bytes_read": 0, "user_id": "", "duration": 0.007247095, "size": 5589, "status": 200, "resp_headers": {"Content-Type": ["text/html; charset=utf-8"], "Last-Modified": ["Thu, 10 Sep 2026 18:04:02 GMT"], "Content-Length": ["5589"], "Server": ["Caddy"], "X-Content-Type-Options": ["nosniff"], "X-Xss-Protection": ["1; mode=block"], "Accept-Ranges": ["bytes"], "X-Frame-Options": ["DENY"], "Vary": ["Accept-Encoding"], "Etag": ["\"dlbu270dl7284b9\""]}}
admin       | 2026/09/18 11:28:16.932	[34mINFO[0m	http.log.access.log0	handled request	{"request": {"remote_ip": "127.0.0.1", "remote_port": "56484", "client_ip": "127.0.0.1", "proto": "HTTP/1.1", "method": "GET", "host": "127.0.0.1:3000", "uri": "/god-mode", "headers": {"User-Agent": ["curl/8.20.0"], "Accept": ["*/*"]}}, "bytes_read": 0, "user_id": "", "duration": 0.005200645, "size": 5589, "status": 200, "resp_headers": {"Last-Modified": ["Thu, 10 Sep 2026 18:04:02 GMT"], "Accept-Ranges": ["bytes"], "Content-Length": ["5589"], "X-Content-Type-Options": ["nosniff"], "X-Xss-Protection": ["1; mode=block"], "Etag": ["\"dlbu270dl7284b9\""], "Server": ["Caddy"], "X-Frame-Options": ["DENY"], "Vary": ["Accept-Encoding"], "Content-Type": ["text/html; charset=utf-8"]}}
admin       | 2026/09/18 11:28:47.302	[34mINFO[0m	http.log.access.log0	handled request	{"request": {"remote_ip": "127.0.0.1", "remote_port": "60386", "client_ip": "127.0.0.1", "proto": "HTTP/1.1", "method": "GET", "host": "127.0.0.1:3000", "uri": "/god-mode", "headers": {"User-Agent": ["curl/8.20.0"], "Accept": ["*/*"]}}, "bytes_read": 0, "user_id": "", "duration": 0.013148281, "size": 5589, "status": 200, "resp_headers": {"X-Content-Type-Options": ["nosniff"], "X-Frame-Options": ["DENY"], "X-Xss-Protection": ["1; mode=block"], "Vary": ["Accept-Encoding"], "Etag": ["\"dlbu270dl7284b9\""], "Content-Type": ["text/html; charset=utf-8"], "Accept-Ranges": ["bytes"], "Server": ["Caddy"], "Last-Modified": ["Thu, 10 Sep 2026 18:04:02 GMT"], "Content-Length": ["5589"]}}
admin       | 2026/09/18 11:29:17.674	[34mINFO[0m	http.log.access.log0	handled request	{"request": {"remote_ip": "127.0.0.1", "remote_port": "33716", "client_ip": "127.0.0.1", "proto": "HTTP/1.1", "method": "GET", "host": "127.0.0.1:3000", "uri": "/god-mode", "headers": {"User-Agent": ["curl/8.20.0"], "Accept": ["*/*"]}}, "bytes_read": 0, "user_id": "", "duration": 0.021610746, "size": 5589, "status": 200, "resp_headers": {"X-Frame-Options": ["DENY"], "Vary": ["Accept-Encoding"], "Last-Modified": ["Thu, 10 Sep 2026 18:04:02 GMT"], "Accept-Ranges": ["bytes"], "Server": ["Caddy"], "X-Xss-Protection": ["1; mode=block"], "X-Content-Type-Options": ["nosniff"], "Etag": ["\"dlbu270dl7284b9\""], "Content-Type": ["text/html; charset=utf-8"], "Content-Length": ["5589"]}}
admin       | 2026/09/18 11:29:47.974	[34mINFO[0m	http.log.access.log0	handled request	{"request": {"remote_ip": "127.0.0.1", "remote_port": "56432", "client_ip": "127.0.0.1", "proto": "HTTP/1.1", "method": "GET", "host": "127.0.0.1:3000", "uri": "/god-mode", "headers": {"User-Agent": ["curl/8.20.0"], "Accept": ["*/*"]}}, "bytes_read": 0, "user_id": "", "duration": 0.002979433, "size": 5589, "status": 200, "resp_headers": {"Accept-Ranges": ["bytes"], "X-Xss-Protection": ["1; mode=block"], "X-Content-Type-Options": ["nosniff"], "Etag": ["\"dlbu270dl7284b9\""], "Content-Type": ["text/html; charset=utf-8"], "Content-Length": ["5589"], "Server": ["Caddy"], "X-Frame-Options": ["DENY"], "Vary": ["Accept-Encoding"], "Last-Modified": ["Thu, 10 Sep 2026 18:04:02 GMT"]}}
admin       | 2026/09/18 11:30:18.366	[34mINFO[0m	http.log.access.log0	handled request	{"request": {"remote_ip": "127.0.0.1", "remote_port": "50920", "client_ip": "127.0.0.1", "proto": "HTTP/1.1", "method": "GET", "host": "127.0.0.1:3000", "uri": "/god-mode", "headers": {"User-Agent": ["curl/8.20.0"], "Accept": ["*/*"]}}, "bytes_read": 0, "user_id": "", "duration": 0.011709252, "size": 5589, "status": 200, "resp_headers": {"Vary": ["Accept-Encoding"], "Etag": ["\"dlbu270dl7284b9\""], "Content-Type": ["text/html; charset=utf-8"], "Last-Modified": ["Thu, 10 Sep 2026 18:04:02 GMT"], "Server": ["Caddy"], "X-Content-Type-Options": ["nosniff"], "X-Frame-Options": ["DENY"], "X-Xss-Protection": ["1; mode=block"], "Accept-Ranges": ["bytes"], "Content-Length": ["5589"]}}
admin       | 2026/09/18 11:30:48.714	[34mINFO[0m	http.log.access.log0	handled request	{"request": {"remote_ip": "127.0.0.1", "remote_port": "38098", "client_ip": "127.0.0.1", "proto": "HTTP/1.1", "method": "GET", "host": "127.0.0.1:3000", "uri": "/god-mode", "headers": {"User-Agent": ["curl/8.20.0"], "Accept": ["*/*"]}}, "bytes_read": 0, "user_id": "", "duration": 0.004947595, "size": 5589, "status": 200, "resp_headers": {"Vary": ["Accept-Encoding"], "Content-Type": ["text/html; charset=utf-8"], "Accept-Ranges": ["bytes"], "Content-Length": ["5589"], "Server": ["Caddy"], "X-Content-Type-Options": ["nosniff"], "Etag": ["\"dlbu270dl7284b9\""], "Last-Modified": ["Thu, 10 Sep 2026 18:04:02 GMT"], "X-Frame-Options": ["DENY"], "X-Xss-Protection": ["1; mode=block"]}}
admin       | 2026/09/18 11:31:19.098	[34mINFO[0m	http.log.access.log0	handled request	{"request": {"remote_ip": "127.0.0.1", "remote_port": "33204", "client_ip": "127.0.0.1", "proto": "HTTP/1.1", "method": "GET", "host": "127.0.0.1:3000", "uri": "/god-mode", "headers": {"User-Agent": ["curl/8.20.0"], "Accept": ["*/*"]}}, "bytes_read": 0, "user_id": "", "duration": 0.033761352, "size": 5589, "status": 200, "resp_headers": {"Content-Type": ["text/html; charset=utf-8"], "Last-Modified": ["Thu, 10 Sep 2026 18:04:02 GMT"], "Accept-Ranges": ["bytes"], "Server": ["Caddy"], "X-Content-Type-Options": ["nosniff"], "X-Frame-Options": ["DENY"], "Content-Length": ["5589"], "X-Xss-Protection": ["1; mode=block"], "Vary": ["Accept-Encoding"], "Etag": ["\"dlbu270dl7284b9\""]}}
admin       | 2026/09/18 11:31:49.434	[34mINFO[0m	http.log.access.log0	handled request	{"request": {"remote_ip": "127.0.0.1", "remote_port": "43164", "client_ip": "127.0.0.1", "proto": "HTTP/1.1", "method": "GET", "host": "127.0.0.1:3000", "uri": "/god-mode", "headers": {"User-Agent": ["curl/8.20.0"], "Accept": ["*/*"]}}, "bytes_read": 0, "user_id": "", "duration": 0.006739997, "size": 5589, "status": 200, "resp_headers": {"Accept-Ranges": ["bytes"], "Content-Length": ["5589"], "X-Xss-Protection": ["1; mode=block"], "Etag": ["\"dlbu270dl7284b9\""], "Last-Modified": ["Thu, 10 Sep 2026 18:04:02 GMT"], "Server": ["Caddy"], "X-Content-Type-Options": ["nosniff"], "X-Frame-Options": ["DENY"], "Vary": ["Accept-Encoding"], "Content-Type": ["text/html; charset=utf-8"]}}
admin       | 2026/09/18 11:32:19.775	[34mINFO[0m	http.log.access.log0	handled request	{"request": {"remote_ip": "127.0.0.1", "remote_port": "60876", "client_ip": "127.0.0.1", "proto": "HTTP/1.1", "method": "GET", "host": "127.0.0.1:3000", "uri": "/god-mode", "headers": {"User-Agent": ["curl/8.20.0"], "Accept": ["*/*"]}}, "bytes_read": 0, "user_id": "", "duration": 0.000421231, "size": 5589, "status": 200, "resp_headers": {"Server": ["Caddy"], "Vary": ["Accept-Encoding"], "Etag": ["\"dlbu270dl7284b9\""], "Content-Type": ["text/html; charset=utf-8"], "Last-Modified": ["Thu, 10 Sep 2026 18:04:02 GMT"], "Content-Length": ["5589"], "X-Xss-Protection": ["1; mode=block"], "X-Content-Type-Options": ["nosniff"], "X-Frame-Options": ["DENY"], "Accept-Ranges": ["bytes"]}}
admin       | 2026/09/18 11:32:50.178	[34mINFO[0m	http.log.access.log0	handled request	{"request": {"remote_ip": "127.0.0.1", "remote_port": "43358", "client_ip": "127.0.0.1", "proto": "HTTP/1.1", "method": "GET", "host": "127.0.0.1:3000", "uri": "/god-mode", "headers": {"User-Agent": ["curl/8.20.0"], "Accept": ["*/*"]}}, "bytes_read": 0, "user_id": "", "duration": 0.002794724, "size": 5589, "status": 200, "resp_headers": {"X-Xss-Protection": ["1; mode=block"], "X-Frame-Options": ["DENY"], "Last-Modified": ["Thu, 10 Sep 2026 18:04:02 GMT"], "Accept-Ranges": ["bytes"], "Content-Length": ["5589"], "Server": ["Caddy"], "X-Content-Type-Options": ["nosniff"], "Vary": ["Accept-Encoding"], "Etag": ["\"dlbu270dl7284b9\""], "Content-Type": ["text/html; charset=utf-8"]}}
admin       | 2026/09/18 11:33:20.600	[34mINFO[0m	http.log.access.log0	handled request	{"request": {"remote_ip": "127.0.0.1", "remote_port": "41652", "client_ip": "127.0.0.1", "proto": "HTTP/1.1", "method": "GET", "host": "127.0.0.1:3000", "uri": "/god-mode", "headers": {"User-Agent": ["curl/8.20.0"], "Accept": ["*/*"]}}, "bytes_read": 0, "user_id": "", "duration": 0.003036611, "size": 5589, "status": 200, "resp_headers": {"X-Xss-Protection": ["1; mode=block"], "Vary": ["Accept-Encoding"], "Etag": ["\"dlbu270dl7284b9\""], "Accept-Ranges": ["bytes"], "X-Frame-Options": ["DENY"], "Content-Type": ["text/html; charset=utf-8"], "Last-Modified": ["Thu, 10 Sep 2026 18:04:02 GMT"], "Content-Length": ["5589"], "Server": ["Caddy"], "X-Content-Type-Options": ["nosniff"]}}
admin       | 2026/09/18 11:33:50.844	[34mINFO[0m	http.log.access.log0	handled request	{"request": {"remote_ip": "127.0.0.1", "remote_port": "57276", "client_ip": "127.0.0.1", "proto": "HTTP/1.1", "method": "GET", "host": "127.0.0.1:3000", "uri": "/god-mode", "headers": {"User-Agent": ["curl/8.20.0"], "Accept": ["*/*"]}}, "bytes_read": 0, "user_id": "", "duration": 0.001984609, "size": 5589, "status": 200, "resp_headers": {"X-Xss-Protection": ["1; mode=block"], "Vary": ["Accept-Encoding"], "Etag": ["\"dlbu270dl7284b9\""], "Last-Modified": ["Thu, 10 Sep 2026 18:04:02 GMT"], "Accept-Ranges": ["bytes"], "Content-Type": ["text/html; charset=utf-8"], "Content-Length": ["5589"], "Server": ["Caddy"], "X-Content-Type-Options": ["nosniff"], "X-Frame-Options": ["DENY"]}}
api         | {"levelname": "INFO", "asctime": "2026-09-18 10:04:29,624", "module": "logger", "name": "plane.api.request", "message": "GET /api/workspaces/brune4ai/projects/8fd2a982-478c-479c-aeac-820e97299186/ 200", "path": "/api/workspaces/brune4ai/projects/8fd2a982-478c-479c-aeac-820e97299186/", "method": "GET", "status_code": 200, "duration_ms": 249, "remote_addr": "119.160.190.240", "user_agent": "Mozilla/5.0 (Windows NT 10.0; Win64; x64) AppleWebKit/537.36 (KHTML, like Gecko) Chrome/153.0.0.0 Safari/537.36 Edg/153.0.0.0", "user_id": "57ff78ef-f40f-4d8d-bca3-7e302fe916ca"}
api         | {"levelname": "INFO", "asctime": "2026-09-18 10:06:28,505", "module": "logger", "name": "plane.api.request", "message": "GET /api/workspaces/brune4ai/users/notifications/unread/ 200", "path": "/api/workspaces/brune4ai/users/notifications/unread/", "method": "GET", "status_code": 200, "duration_ms": 151, "remote_addr": "119.160.190.240", "user_agent": "Mozilla/5.0 (Windows NT 10.0; Win64; x64) AppleWebKit/537.36 (KHTML, like Gecko) Chrome/153.0.0.0 Safari/537.36 Edg/153.0.0.0", "user_id": "57ff78ef-f40f-4d8d-bca3-7e302fe916ca"}
api         | {"levelname": "INFO", "asctime": "2026-09-18 10:06:28,565", "module": "logger", "name": "plane.api.request", "message": "GET /api/workspaces/brune4ai/projects/8fd2a982-478c-479c-aeac-820e97299186/project-members/me/ 200", "path": "/api/workspaces/brune4ai/projects/8fd2a982-478c-479c-aeac-820e97299186/project-members/me/", "method": "GET", "status_code": 200, "duration_ms": 212, "remote_addr": "119.160.190.240", "user_agent": "Mozilla/5.0 (Windows NT 10.0; Win64; x64) AppleWebKit/537.36 (KHTML, like Gecko) Chrome/153.0.0.0 Safari/537.36 Edg/153.0.0.0", "user_id": "57ff78ef-f40f-4d8d-bca3-7e302fe916ca"}
api         | {"levelname": "INFO", "asctime": "2026-09-18 10:06:28,676", "module": "logger", "name": "plane.api.request", "message": "GET /api/workspaces/brune4ai/projects/8fd2a982-478c-479c-aeac-820e97299186/ 200", "path": "/api/workspaces/brune4ai/projects/8fd2a982-478c-479c-aeac-820e97299186/", "method": "GET", "status_code": 200, "duration_ms": 311, "remote_addr": "119.160.190.240", "user_agent": "Mozilla/5.0 (Windows NT 10.0; Win64; x64) AppleWebKit/537.36 (KHTML, like Gecko) Chrome/153.0.0.0 Safari/537.36 Edg/153.0.0.0", "user_id": "57ff78ef-f40f-4d8d-bca3-7e302fe916ca"}
api         | {"levelname": "INFO", "asctime": "2026-09-18 10:08:35,283", "module": "logger", "name": "plane.api.request", "message": "GET /api/users/me/copilot-identity/ 200", "path": "/api/users/me/copilot-identity/", "method": "GET", "status_code": 200, "duration_ms": 683, "remote_addr": "119.160.190.240", "user_agent": "Mozilla/5.0 (Windows NT 10.0; Win64; x64) AppleWebKit/537.36 (KHTML, like Gecko) Chrome/153.0.0.0 Safari/537.36 Edg/153.0.0.0", "user_id": "57ff78ef-f40f-4d8d-bca3-7e302fe916ca"}
api         | {"levelname": "INFO", "asctime": "2026-09-18 10:13:09,385", "module": "logger", "name": "plane.api.request", "message": "GET /api/users/me/copilot-identity/ 200", "path": "/api/users/me/copilot-identity/", "method": "GET", "status_code": 200, "duration_ms": 1502, "remote_addr": "119.160.190.240", "user_agent": "Mozilla/5.0 (Windows NT 10.0; Win64; x64) AppleWebKit/537.36 (KHTML, like Gecko) Chrome/153.0.0.0 Safari/537.36 Edg/153.0.0.0", "user_id": "57ff78ef-f40f-4d8d-bca3-7e302fe916ca"}
api         | {"levelname": "INFO", "asctime": "2026-09-18 10:17:41,875", "module": "logger", "name": "plane.api.request", "message": "GET /api/users/me/copilot-identity/ 200", "path": "/api/users/me/copilot-identity/", "method": "GET", "status_code": 200, "duration_ms": 369, "remote_addr": "119.160.190.240", "user_agent": "Mozilla/5.0 (Windows NT 10.0; Win64; x64) AppleWebKit/537.36 (KHTML, like Gecko) Chrome/153.0.0.0 Safari/537.36 Edg/153.0.0.0", "user_id": "57ff78ef-f40f-4d8d-bca3-7e302fe916ca"}
api         | {"levelname": "INFO", "asctime": "2026-09-18 11:30:53,771", "module": "logger", "name": "plane.api.request", "message": "GET /api/users/me/copilot-identity/ 200", "path": "/api/users/me/copilot-identity/", "method": "GET", "status_code": 200, "duration_ms": 1767, "remote_addr": "119.160.190.240", "user_agent": "Mozilla/5.0 (Windows NT 10.0; Win64; x64) AppleWebKit/537.36 (KHTML, like Gecko) Chrome/153.0.0.0 Safari/537.36 Edg/153.0.0.0", "user_id": "57ff78ef-f40f-4d8d-bca3-7e302fe916ca"}
api         | {"levelname": "INFO", "asctime": "2026-09-18 11:30:53,963", "module": "logger", "name": "plane.api.request", "message": "GET /api/workspaces/brune4ai/users/notifications/unread/ 200", "path": "/api/workspaces/brune4ai/users/notifications/unread/", "method": "GET", "status_code": 200, "duration_ms": 2509, "remote_addr": "119.160.190.240", "user_agent": "Mozilla/5.0 (Windows NT 10.0; Win64; x64) AppleWebKit/537.36 (KHTML, like Gecko) Chrome/153.0.0.0 Safari/537.36 Edg/153.0.0.0", "user_id": "57ff78ef-f40f-4d8d-bca3-7e302fe916ca"}
api         | {"levelname": "INFO", "asctime": "2026-09-18 11:30:54,854", "module": "logger", "name": "plane.api.request", "message": "GET /api/workspaces/brune4ai/projects/8fd2a982-478c-479c-aeac-820e97299186/project-members/me/ 200", "path": "/api/workspaces/brune4ai/projects/8fd2a982-478c-479c-aeac-820e97299186/project-members/me/", "method": "GET", "status_code": 200, "duration_ms": 3406, "remote_addr": "119.160.190.240", "user_agent": "Mozilla/5.0 (Windows NT 10.0; Win64; x64) AppleWebKit/537.36 (KHTML, like Gecko) Chrome/153.0.0.0 Safari/537.36 Edg/153.0.0.0", "user_id": "57ff78ef-f40f-4d8d-bca3-7e302fe916ca"}
api         | {"levelname": "INFO", "asctime": "2026-09-18 11:30:56,323", "module": "logger", "name": "plane.api.request", "message": "GET /api/workspaces/brune4ai/projects/8fd2a982-478c-479c-aeac-820e97299186/ 200", "path": "/api/workspaces/brune4ai/projects/8fd2a982-478c-479c-aeac-820e97299186/", "method": "GET", "status_code": 200, "duration_ms": 4337, "remote_addr": "119.160.190.240", "user_agent": "Mozilla/5.0 (Windows NT 10.0; Win64; x64) AppleWebKit/537.36 (KHTML, like Gecko) Chrome/153.0.0.0 Safari/537.36 Edg/153.0.0.0", "user_id": "57ff78ef-f40f-4d8d-bca3-7e302fe916ca"}
api         | {"levelname": "INFO", "asctime": "2026-09-18 11:30:56,557", "module": "logger", "name": "plane.api.request", "message": "GET /api/workspaces/brune4ai/projects/8fd2a982-478c-479c-aeac-820e97299186/issues/992faf47-6a3e-4bce-acf5-7a3935555241/?expand=issue_reactions,issue_attachments,issue_link,parent 200", "path": "/api/workspaces/brune4ai/projects/8fd2a982-478c-479c-aeac-820e97299186/issues/992faf47-6a3e-4bce-acf5-7a3935555241/", "method": "GET", "status_code": 200, "duration_ms": 4194, "remote_addr": "119.160.190.240", "user_agent": "Mozilla/5.0 (Windows NT 10.0; Win64; x64) AppleWebKit/537.36 (KHTML, like Gecko) Chrome/153.0.0.0 Safari/537.36 Edg/153.0.0.0", "user_id": "57ff78ef-f40f-4d8d-bca3-7e302fe916ca"}
api         | {"levelname": "INFO", "asctime": "2026-09-18 11:30:58,435", "module": "logger", "name": "plane.api.request", "message": "GET /api/workspaces/brune4ai/projects/8fd2a982-478c-479c-aeac-820e97299186/states/ 200", "path": "/api/workspaces/brune4ai/projects/8fd2a982-478c-479c-aeac-820e97299186/states/", "method": "GET", "status_code": 200, "duration_ms": 1723, "remote_addr": "119.160.190.240", "user_agent": "Mozilla/5.0 (Windows NT 10.0; Win64; x64) AppleWebKit/537.36 (KHTML, like Gecko) Chrome/153.0.0.0 Safari/537.36 Edg/153.0.0.0", "user_id": "57ff78ef-f40f-4d8d-bca3-7e302fe916ca"}
api         | {"levelname": "INFO", "asctime": "2026-09-18 11:30:58,794", "module": "logger", "name": "plane.api.request", "message": "GET /api/workspaces/brune4ai/projects/8fd2a982-478c-479c-aeac-820e97299186/work-items/992faf47-6a3e-4bce-acf5-7a3935555241/description-versions/ 200", "path": "/api/workspaces/brune4ai/projects/8fd2a982-478c-479c-aeac-820e97299186/work-items/992faf47-6a3e-4bce-acf5-7a3935555241/description-versions/", "method": "GET", "status_code": 200, "duration_ms": 1812, "remote_addr": "119.160.190.240", "user_agent": "Mozilla/5.0 (Windows NT 10.0; Win64; x64) AppleWebKit/537.36 (KHTML, like Gecko) Chrome/153.0.0.0 Safari/537.36 Edg/153.0.0.0", "user_id": "57ff78ef-f40f-4d8d-bca3-7e302fe916ca"}
api         | {"levelname": "INFO", "asctime": "2026-09-18 11:30:59,009", "module": "logger", "name": "plane.api.request", "message": "GET /api/workspaces/brune4ai/projects/8fd2a982-478c-479c-aeac-820e97299186/issues/992faf47-6a3e-4bce-acf5-7a3935555241/sub-issues/ 200", "path": "/api/workspaces/brune4ai/projects/8fd2a982-478c-479c-aeac-820e97299186/issues/992faf47-6a3e-4bce-acf5-7a3935555241/sub-issues/", "method": "GET", "status_code": 200, "duration_ms": 2137, "remote_addr": "119.160.190.240", "user_agent": "Mozilla/5.0 (Windows NT 10.0; Win64; x64) AppleWebKit/537.36 (KHTML, like Gecko) Chrome/153.0.0.0 Safari/537.36 Edg/153.0.0.0", "user_id": "57ff78ef-f40f-4d8d-bca3-7e302fe916ca"}
api         | {"levelname": "INFO", "asctime": "2026-09-18 11:30:59,354", "module": "logger", "name": "plane.api.request", "message": "GET /api/workspaces/brune4ai/projects/8fd2a982-478c-479c-aeac-820e97299186/issues/992faf47-6a3e-4bce-acf5-7a3935555241/history/?activity_type=issue-comment 200", "path": "/api/workspaces/brune4ai/projects/8fd2a982-478c-479c-aeac-820e97299186/issues/992faf47-6a3e-4bce-acf5-7a3935555241/history/", "method": "GET", "status_code": 200, "duration_ms": 2336, "remote_addr": "119.160.190.240", "user_agent": "Mozilla/5.0 (Windows NT 10.0; Win64; x64) AppleWebKit/537.36 (KHTML, like Gecko) Chrome/153.0.0.0 Safari/537.36 Edg/153.0.0.0", "user_id": "57ff78ef-f40f-4d8d-bca3-7e302fe916ca"}
api         | {"levelname": "INFO", "asctime": "2026-09-18 11:30:59,662", "module": "logger", "name": "plane.api.request", "message": "GET /api/workspaces/brune4ai/projects/8fd2a982-478c-479c-aeac-820e97299186/issues/992faf47-6a3e-4bce-acf5-7a3935555241/history/?activity_type=issue-property 200", "path": "/api/workspaces/brune4ai/projects/8fd2a982-478c-479c-aeac-820e97299186/issues/992faf47-6a3e-4bce-acf5-7a3935555241/history/", "method": "GET", "status_code": 200, "duration_ms": 2613, "remote_addr": "119.160.190.240", "user_agent": "Mozilla/5.0 (Windows NT 10.0; Win64; x64) AppleWebKit/537.36 (KHTML, like Gecko) Chrome/153.0.0.0 Safari/537.36 Edg/153.0.0.0", "user_id": "57ff78ef-f40f-4d8d-bca3-7e302fe916ca"}
api         | {"levelname": "INFO", "asctime": "2026-09-18 11:30:59,874", "module": "logger", "name": "plane.api.request", "message": "GET /api/workspaces/brune4ai/projects/8fd2a982-478c-479c-aeac-820e97299186/issues/992faf47-6a3e-4bce-acf5-7a3935555241/issue-relation/ 200", "path": "/api/workspaces/brune4ai/projects/8fd2a982-478c-479c-aeac-820e97299186/issues/992faf47-6a3e-4bce-acf5-7a3935555241/issue-relation/", "method": "GET", "status_code": 200, "duration_ms": 2924, "remote_addr": "119.160.190.240", "user_agent": "Mozilla/5.0 (Windows NT 10.0; Win64; x64) AppleWebKit/537.36 (KHTML, like Gecko) Chrome/153.0.0.0 Safari/537.36 Edg/153.0.0.0", "user_id": "57ff78ef-f40f-4d8d-bca3-7e302fe916ca"}
Deployment failed during remote build and deployment (line 65).
