=== Production deploy started: 2026-09-24T01:49:06+08:00 ===
Commit: a7aec2ca7fd2cc5cf0cee1aeb95d6ceeb74557df
Working tree:
?? deploy-20260923-202710.log
?? deploy-20260923-220145.log
?? deploy-20260923-224601.log
?? deploy-20260924-014906.log
Deploying checkout: /home/rahimin_amin/ten-fold-plane/ten-fold-plane
Checkout commit: a7aec2ca7f
Source fingerprint: fb03443989240dfce42ddc149b7de710c5749dc933d4b1790611a2bc425a32d1
Uploading Ten-Fold to root@178.128.104.112:/opt/plane/app/ten-fold-plane...
Uploaded source matches local checkout.
Rebuilding and migrating Plane on the Droplet...
 Image gristlabs/grist:1.7.16 Pulling 
 Image gristlabs/grist:1.7.16 Pulled 
 Container ten-fold-plane-grist-1 Recreate 
 Container ten-fold-plane-grist-1 Recreated 
 Container ten-fold-plane-grist-1 Starting 
 Container ten-fold-plane-grist-1 Started 
 Container ten-fold-plane-grist-1 Waiting 
 Container ten-fold-plane-grist-1 Healthy 
 Container plane-db Running 
 Container plane-redis Running 
 Image ten-fold-plane-migrator Building 
#1 [internal] load local bake definitions
#1 reading from stdin 610B done
#1 DONE 0.0s

#2 [internal] load build definition from Dockerfile.api
#2 transferring dockerfile: 1.30kB done
#2 DONE 0.0s

#3 [internal] load metadata for docker.io/library/python:3.12.10-alpine
#3 DONE 1.6s

#4 [internal] load .dockerignore
#4 transferring context: 2B done
#4 DONE 0.0s

#5 [internal] load build context
#5 DONE 0.0s

#6 [ 1/17] FROM docker.io/library/python:3.12.10-alpine@sha256:4bbf5ef9ce4b273299d394de268ad6018e10a9375d7efc7c2ce9501a6eb6b86c
#6 resolve docker.io/library/python:3.12.10-alpine@sha256:4bbf5ef9ce4b273299d394de268ad6018e10a9375d7efc7c2ce9501a6eb6b86c 0.0s done
#6 DONE 0.0s

#5 [internal] load build context
#5 transferring context: 100.81kB 0.2s done
#5 DONE 0.2s

#7 [ 6/17] COPY requirements ./requirements
#7 CACHED

#8 [ 2/17] RUN apk update && apk upgrade
#8 CACHED

#9 [10/17] COPY plane plane/
#9 CACHED

#10 [13/17] RUN apk --no-cache add "bash~=5.2"
#10 CACHED

#11 [12/17] COPY package.json package.json
#11 CACHED

#12 [16/17] RUN chmod +x ./bin/*
#12 CACHED

#13 [ 7/17] RUN apk add --no-cache libffi-dev
#13 CACHED

#14 [ 4/17] RUN apk add --no-cache --upgrade     "libpq"     "libxslt"     "xmlsec"     "ca-certificates"     "openssl"
#14 CACHED

#15 [11/17] COPY templates templates/
#15 CACHED

#16 [15/17] RUN mkdir -p /code/plane/logs
#16 CACHED

#17 [ 8/17] RUN apk add --no-cache --virtual .build-deps     "bash~=5.2"     "g++"     "gcc"     "cargo"     "git"     "make"     "postgresql-dev"     "libc-dev"     "linux-headers"     &&     pip install -r requirements.txt --compile --no-cache-dir     &&     apk del .build-deps     &&     rm -rf /var/cache/apk/*
#17 CACHED

#18 [14/17] COPY ./bin ./bin/
#18 CACHED

#19 [ 5/17] COPY requirements.txt ./
#19 CACHED

#20 [ 3/17] WORKDIR /code
#20 CACHED

#21 [ 9/17] COPY manage.py manage.py
#21 CACHED

#22 [17/17] RUN chmod -R 777 /code
#22 CACHED

#23 exporting to image
#23 exporting layers 0.0s done
#23 exporting manifest sha256:7f40dd6f5783f062a6ea92991bd2645ff738b825d4f4c7c5236046a01bdadfc0 done
#23 exporting config sha256:b7c515889b8df09ac280b7c1686fd9b5baeba091f159550491a8d5efcf00b775 done
#23 exporting attestation manifest sha256:c1e57d2f47af677741971bd2e3ffb083e9c5838d01ec901e40d0e459f3b76651 0.0s done
#23 exporting manifest list sha256:dded692abea6c5cf2fe42e321e9c198c97ce002073fbf933d79964479b5460a7 0.0s done
#23 naming to docker.io/library/ten-fold-plane-migrator:latest done
#23 unpacking to docker.io/library/ten-fold-plane-migrator:latest 0.0s done
#23 DONE 0.2s

#24 resolving provenance for metadata file
#24 DONE 0.2s
 Image ten-fold-plane-migrator Built 
 Container ten-fold-plane-migrator-run-c537030ae396 Creating 
 Container ten-fold-plane-migrator-run-c537030ae396 Created 
Waiting for database...
Database available!
Operations to perform:
  Apply all migrations: auth, contenttypes, db, django_celery_beat, license, sessions
Running migrations:
  No migrations to apply.
  Your models in app(s): 'db' have changes that are not yet reflected in a migration, and so won't be applied.
  Run 'manage.py makemigrations' to make new migrations, and then re-run 'manage.py migrate' to apply them.
 Image ten-fold-plane-admin Building 
#1 [internal] load local bake definitions
#1 reading from stdin 1.72kB done
#1 DONE 0.0s

#2 [internal] load build definition from Dockerfile.admin
#2 transferring dockerfile: 3.20kB done
#2 DONE 0.0s

#3 [internal] load metadata for docker.io/library/node:22-alpine
#3 ...

#4 [internal] load metadata for docker.io/library/caddy:2.11-builder-alpine
#4 DONE 1.4s

#3 [internal] load metadata for docker.io/library/node:22-alpine
#3 DONE 1.4s

#5 [internal] load metadata for docker.io/library/caddy:2.11-alpine
#5 DONE 1.7s

#6 [internal] load .dockerignore
#6 transferring context: 882B done
#6 DONE 0.0s

#7 [internal] load build context
#7 DONE 0.0s

#8 [production 1/5] FROM docker.io/library/caddy:2.11-alpine@sha256:6aeddd44c3078b0f9a35206472a11420648a79c184603ef95957d0a20044cb2b
#8 resolve docker.io/library/caddy:2.11-alpine@sha256:6aeddd44c3078b0f9a35206472a11420648a79c184603ef95957d0a20044cb2b 0.1s done
#8 DONE 0.1s

#9 [base 1/3] FROM docker.io/library/node:22-alpine@sha256:b6f26b36c8ff49624cfdac716b8ea1138d606df02586a77d364bb5536a634f85
#9 resolve docker.io/library/node:22-alpine@sha256:b6f26b36c8ff49624cfdac716b8ea1138d606df02586a77d364bb5536a634f85 0.1s done
#9 DONE 0.1s

#10 [caddy-builder 1/2] FROM docker.io/library/caddy:2.11-builder-alpine@sha256:2b9f32cbba6045e79212bb253f595588d20be8f7d1edf61582c519e124e0d2d8
#10 resolve docker.io/library/caddy:2.11-builder-alpine@sha256:2b9f32cbba6045e79212bb253f595588d20be8f7d1edf61582c519e124e0d2d8 0.1s done
#10 DONE 0.1s

#7 [internal] load build context
#7 transferring context: 985.43kB 1.1s done
#7 DONE 1.1s

#11 [base 2/3] WORKDIR /app
#11 CACHED

#12 [base 3/3] RUN corepack enable pnpm
#12 CACHED

#13 [builder 1/3] RUN pnpm add -g turbo@2.9.18
#13 CACHED

#14 [builder 2/3] COPY . .
#14 DONE 2.1s

#15 [builder 3/3] RUN turbo prune --scope=admin --docker
#15 0.620  WARNING  --scope is deprecated and will be removed in a future major version. Use positional arguments instead (e.g. `turbo prune web`)
#15 0.844 Generating pruned monorepo for admin in /app/out
#15 0.861  - Added @plane/constants
#15 0.872  - Added @plane/hooks
#15 0.890  - Added @plane/services
#15 0.901  - Added @plane/tailwind-config
#15 0.929  - Added @plane/types
#15 0.937  - Added @plane/typescript-config
#15 0.959  - Added @plane/utils
#15 0.996  - Added admin
#15 DONE 1.2s

#16 [installer 3/8] COPY --from=builder /app/out/pnpm-lock.yaml ./pnpm-lock.yaml
#16 CACHED

#17 [production 4/5] COPY apps/admin/caddy/Caddyfile /etc/caddy/Caddyfile
#17 CACHED

#18 [installer 1/8] COPY .gitignore .gitignore
#18 CACHED

#19 [installer 2/8] COPY --from=builder /app/out/json/ .
#19 CACHED

#20 [installer 6/8] RUN --mount=type=cache,id=pnpm-store,target=/pnpm/store pnpm fetch --store-dir=/pnpm/store
#20 CACHED

#21 [installer 5/8] COPY turbo.json turbo.json
#21 CACHED

#22 [installer 7/8] RUN --mount=type=cache,id=pnpm-store,target=/pnpm/store CI=true pnpm install --offline --frozen-lockfile --store-dir=/pnpm/store --prod=false
#22 CACHED

#23 [caddy-builder 2/2] RUN xcaddy build     --with github.com/mholt/caddy-ratelimit
#23 CACHED

#24 [production 3/5] COPY --from=caddy-builder /usr/bin/caddy /usr/bin/caddy
#24 CACHED

#25 [installer 4/8] COPY --from=builder /app/out/full/ .
#25 CACHED

#26 [installer 8/8] RUN pnpm turbo run build --filter=admin
#26 CACHED

#27 [production 2/5] RUN apk update && apk upgrade --no-cache && apk add --no-cache curl && rm -rf /var/cache/apk/*
#27 CACHED

#28 [production 5/5] COPY --from=installer /app/apps/admin/build/client /usr/share/caddy/html/god-mode
#28 CACHED

#29 exporting to image
#29 exporting layers 0.0s done
#29 exporting manifest sha256:7fdbdcba0df7376692eab98fd6328c7877411b6e76fdfca02994a98f19f305b2 done
#29 exporting config sha256:c5bee9b0e94403304794a0dcb7d365de9fb27a004683609e2a920bf47769efd0 done
#29 exporting attestation manifest sha256:88262b536d2fa59752622309d51cc291ee04679e9f412d18e426d0adb40026d5 0.0s done
#29 exporting manifest list sha256:85fe4a3863082d5c1428b91f43c1bc8c4a6941c1cdbf99ad101f9764dbd91242
#29 exporting manifest list sha256:85fe4a3863082d5c1428b91f43c1bc8c4a6941c1cdbf99ad101f9764dbd91242 0.0s done
#29 naming to docker.io/library/ten-fold-plane-admin:latest done
#29 unpacking to docker.io/library/ten-fold-plane-admin:latest 0.0s done
#29 DONE 0.2s

#30 resolving provenance for metadata file
#30 DONE 0.4s
 Image ten-fold-plane-admin Built 
 Image ten-fold-plane-web Building 
#1 [internal] load local bake definitions
#1 reading from stdin 1.22kB done
#1 DONE 0.0s

#2 [internal] load build definition from Dockerfile.web
#2 transferring dockerfile: 3.61kB done
#2 DONE 0.0s

#3 resolve image config for docker-image://docker.io/docker/dockerfile:1.7
#3 DONE 1.4s

#4 docker-image://docker.io/docker/dockerfile:1.7@sha256:a57df69d0ea827fb7266491f2813635de6f17269be881f696fbfdf2d83dda33e
#4 resolve docker.io/docker/dockerfile:1.7@sha256:a57df69d0ea827fb7266491f2813635de6f17269be881f696fbfdf2d83dda33e 0.0s done
#4 CACHED

#5 [internal] load metadata for docker.io/library/node:22-alpine
#5 ...

#6 [internal] load metadata for docker.io/library/caddy:2.11-alpine
#6 DONE 0.3s

#5 [internal] load metadata for docker.io/library/node:22-alpine
#5 DONE 0.4s

#7 [internal] load .dockerignore
#7 transferring context: 882B done
#7 DONE 0.0s

#8 [base 1/2] FROM docker.io/library/node:22-alpine@sha256:b6f26b36c8ff49624cfdac716b8ea1138d606df02586a77d364bb5536a634f85
#8 resolve docker.io/library/node:22-alpine@sha256:b6f26b36c8ff49624cfdac716b8ea1138d606df02586a77d364bb5536a634f85 0.0s done
#8 DONE 0.1s

#9 [production 1/4] FROM docker.io/library/caddy:2.11-alpine@sha256:6aeddd44c3078b0f9a35206472a11420648a79c184603ef95957d0a20044cb2b
#9 resolve docker.io/library/caddy:2.11-alpine@sha256:6aeddd44c3078b0f9a35206472a11420648a79c184603ef95957d0a20044cb2b 0.0s done
#9 DONE 0.1s

#10 [internal] load build context
#10 transferring context: 576.78kB 0.6s done
#10 DONE 0.6s

#11 [builder 1/5] RUN apk add --no-cache libc6-compat
#11 CACHED

#12 [builder 2/5] WORKDIR /app
#12 CACHED

#13 [base 2/2] RUN corepack enable
#13 CACHED

#14 [builder 3/5] RUN corepack enable pnpm && pnpm add -g turbo@2.9.18
#14 CACHED

#15 [builder 4/5] COPY . .
#15 DONE 2.0s

#16 [builder 5/5] RUN turbo prune --scope=web --docker
#16 0.601  WARNING  --scope is deprecated and will be removed in a future major version. Use positional arguments instead (e.g. `turbo prune web`)
#16 0.604 
#16 0.604 Attention:
#16 0.604 Turborepo now collects completely anonymous telemetry regarding usage.
#16 0.604 This information is used to shape the Turborepo roadmap and prioritize features.
#16 0.604 You can learn more, including how to opt-out if you'd not like to participate in this anonymous program, by visiting the following URL:
#16 0.604 https://turborepo.dev/docs/telemetry
#16 0.604 
#16 0.606 • turbo 2.9.18
#16 0.808 Generating pruned monorepo for web in /app/out
#16 0.825  - Added @plane/constants
#16 0.862  - Added @plane/editor
#16 0.868  - Added @plane/hooks
#16 0.936  - Added @plane/i18n
#16 0.990  - Added @plane/propel
#16 1.004  - Added @plane/services
#16 1.013  - Added @plane/shared-state
#16 1.019  - Added @plane/tailwind-config
#16 1.042  - Added @plane/types
#16 1.050  - Added @plane/typescript-config
#16 1.070  - Added @plane/ui
#16 1.091  - Added @plane/utils
#16 1.586  - Added web
#16 DONE 2.1s

#17 [installer  3/12] COPY .gitignore .gitignore
#17 CACHED

#18 [installer  4/12] COPY --from=builder /app/out/json/ .
#18 CACHED

#19 [installer  5/12] COPY --from=builder /app/out/pnpm-lock.yaml ./pnpm-lock.yaml
#19 CACHED

#20 [installer  6/12] RUN corepack enable pnpm
#20 CACHED

#21 [installer  7/12] COPY --from=builder /app/out/full/ .
#21 DONE 1.8s

#22 [installer  8/12] COPY --from=builder /app/apps/proxy/grist-custom.css ./apps/proxy/grist-custom.css
#22 DONE 0.2s

#23 [installer  9/12] COPY turbo.json turbo.json
#23 DONE 0.1s

#24 [installer 10/12] RUN --mount=type=cache,id=pnpm-store,target=/pnpm/store pnpm fetch --store-dir=/pnpm/store
#24 0.523 ! Corepack is about to download https://registry.npmjs.org/pnpm/-/pnpm-11.10.0.tgz
#24 3.778 ? Verifying lockfile against supply-chain policies (1713 entries)...
#24 3.810 Importing packages to virtual store
#24 4.672 Already up to date
#24 4.823 Progress: resolved 1, reused 0, downloaded 0, added 0
#24 5.829 Progress: resolved 1498, reused 29, downloaded 0, added 0
#24 6.923 Progress: resolved 1498, reused 51, downloaded 0, added 0
#24 7.936 Progress: resolved 1498, reused 71, downloaded 0, added 0
#24 8.936 Progress: resolved 1498, reused 93, downloaded 0, added 0
#24 9.944 Progress: resolved 1498, reused 136, downloaded 0, added 0
#24 10.97 Progress: resolved 1498, reused 165, downloaded 0, added 0
#24 11.99 Progress: resolved 1498, reused 204, downloaded 0, added 0
#24 13.01 Progress: resolved 1498, reused 234, downloaded 0, added 0
#24 14.02 Progress: resolved 1498, reused 265, downloaded 0, added 0
#24 15.02 Progress: resolved 1498, reused 284, downloaded 0, added 0
#24 16.04 Progress: resolved 1498, reused 304, downloaded 0, added 0
#24 17.04 Progress: resolved 1498, reused 339, downloaded 0, added 0
#24 18.13 Progress: resolved 1498, reused 373, downloaded 0, added 0
#24 19.17 Progress: resolved 1498, reused 406, downloaded 0, added 0
#24 20.01 [WARN] Request took 10408ms: https://registry.npmjs.org/@storybook%2Faddon-links
#24 20.18 Progress: resolved 1498, reused 443, downloaded 0, added 0
#24 21.26 [WARN] Request took 11561ms: https://registry.npmjs.org/@storybook%2Fbuilder-webpack5
#24 21.28 Progress: resolved 1498, reused 499, downloaded 0, added 0
#24 22.30 Progress: resolved 1498, reused 548, downloaded 0, added 0
#24 23.30 Progress: resolved 1498, reused 601, downloaded 0, added 0
#24 24.33 Progress: resolved 1498, reused 676, downloaded 0, added 0
#24 24.91 [WARN] Request took 11013ms: https://registry.npmjs.org/chromatic
#24 25.56 Progress: resolved 1498, reused 694, downloaded 0, added 0
#24 26.06 ✓ Lockfile passes supply-chain policies (1713 entries in 22.2s)
#24 26.56 Progress: resolved 1498, reused 740, downloaded 0, added 0
#24 27.56 Progress: resolved 1498, reused 1161, downloaded 0, added 0
#24 28.56 Progress: resolved 1498, reused 1492, downloaded 0, added 0
#24 29.56 Progress: resolved 1498, reused 1492, downloaded 0, added 50
#24 30.56 Progress: resolved 1498, reused 1492, downloaded 0, added 52
#24 31.56 Progress: resolved 1498, reused 1492, downloaded 0, added 67
#24 32.57 Progress: resolved 1498, reused 1492, downloaded 0, added 83
#24 33.57 Progress: resolved 1498, reused 1492, downloaded 0, added 93
#24 34.57 Progress: resolved 1498, reused 1492, downloaded 0, added 142
#24 35.57 Progress: resolved 1498, reused 1492, downloaded 0, added 176
#24 36.57 Progress: resolved 1498, reused 1492, downloaded 0, added 247
#24 37.57 Progress: resolved 1498, reused 1492, downloaded 0, added 259
#24 38.57 Progress: resolved 1498, reused 1492, downloaded 0, added 265
#24 39.57 Progress: resolved 1498, reused 1492, downloaded 0, added 268
#24 40.57 Progress: resolved 1498, reused 1492, downloaded 0, added 270
#24 41.57 Progress: resolved 1498, reused 1492, downloaded 0, added 271
#24 42.57 Progress: resolved 1498, reused 1492, downloaded 0, added 294
#24 43.57 Progress: resolved 1498, reused 1492, downloaded 0, added 318
#24 44.92 Progress: resolved 1498, reused 1492, downloaded 0, added 319
#24 45.92 Progress: resolved 1498, reused 1492, downloaded 0, added 374
#24 47.79 Progress: resolved 1498, reused 1492, downloaded 0, added 375
#24 48.79 Progress: resolved 1498, reused 1492, downloaded 0, added 466
#24 49.80 Progress: resolved 1498, reused 1492, downloaded 0, added 503
#24 51.77 Progress: resolved 1498, reused 1492, downloaded 0, added 504
#24 52.77 Progress: resolved 1498, reused 1492, downloaded 0, added 505
#24 53.77 Progress: resolved 1498, reused 1492, downloaded 0, added 555
#24 54.77 Progress: resolved 1498, reused 1492, downloaded 0, added 599
#24 55.77 Progress: resolved 1498, reused 1492, downloaded 0, added 602
#24 56.77 Progress: resolved 1498, reused 1492, downloaded 0, added 605
#24 57.77 Progress: resolved 1498, reused 1492, downloaded 0, added 681
#24 58.77 Progress: resolved 1498, reused 1492, downloaded 0, added 694
#24 61.52 Progress: resolved 1498, reused 1492, downloaded 0, added 695
#24 62.52 Progress: resolved 1498, reused 1492, downloaded 0, added 702
#24 64.40 Progress: resolved 1498, reused 1492, downloaded 0, added 703
#24 65.62 Progress: resolved 1498, reused 1492, downloaded 0, added 704
#24 66.80 Progress: resolved 1498, reused 1492, downloaded 0, added 705
#24 67.80 Progress: resolved 1498, reused 1492, downloaded 0, added 709
#24 69.27 Progress: resolved 1498, reused 1492, downloaded 0, added 710
#24 71.13 Progress: resolved 1498, reused 1492, downloaded 0, added 711
#24 72.13 Progress: resolved 1498, reused 1492, downloaded 0, added 749
#24 73.13 Progress: resolved 1498, reused 1492, downloaded 0, added 816
#24 74.14 Progress: resolved 1498, reused 1492, downloaded 0, added 817
#24 75.14 Progress: resolved 1498, reused 1492, downloaded 0, added 824
#24 76.56 Progress: resolved 1498, reused 1492, downloaded 0, added 825
#24 77.56 Progress: resolved 1498, reused 1492, downloaded 0, added 847
#24 78.56 Progress: resolved 1498, reused 1492, downloaded 0, added 916
#24 79.56 Progress: resolved 1498, reused 1492, downloaded 0, added 1028
#24 80.56 Progress: resolved 1498, reused 1492, downloaded 0, added 1107
#24 81.56 Progress: resolved 1498, reused 1492, downloaded 0, added 1159
#24 82.56 Progress: resolved 1498, reused 1492, downloaded 0, added 1204
#24 83.57 Progress: resolved 1498, reused 1492, downloaded 0, added 1228
#24 84.57 Progress: resolved 1498, reused 1492, downloaded 0, added 1234
#24 85.57 Progress: resolved 1498, reused 1492, downloaded 0, added 1238
#24 86.57 Progress: resolved 1498, reused 1492, downloaded 0, added 1296
#24 87.57 Progress: resolved 1498, reused 1492, downloaded 0, added 1344
#24 88.57 Progress: resolved 1498, reused 1492, downloaded 0, added 1403
#24 89.39 Progress: resolved 1498, reused 1492, downloaded 0, added 1498, done
#24 89.43 .../node_modules/@swc/core postinstall$ node postinstall.js
#24 89.58 .../node_modules/@swc/core postinstall: Done
#24 90.04 
#24 DONE 90.6s

#25 [installer 11/12] RUN --mount=type=cache,id=pnpm-store,target=/pnpm/store CI=true pnpm install --offline --frozen-lockfile --store-dir=/pnpm/store
#25 4.101 Scope: all 14 workspace projects
#25 4.553 ✓ Lockfile passes supply-chain policies (verified 1m ago)
#25 4.587 Lockfile is up to date, resolution step is skipped
#25 5.212 Already up to date
#25 10.19 
#25 10.19 devDependencies:
#25 10.19 + husky 9.1.7
#25 10.19 + lint-staged 16.2.7
#25 10.19 + oxfmt 0.35.0
#25 10.19 + oxlint 1.51.0
#25 10.19 + react-doctor 0.4.2
#25 10.19 + turbo 2.10.11
#25 10.19 
#25 10.21 . prepare$ husky
#25 10.34 . prepare: .git can't be found
#25 10.35 . prepare: Done
#25 10.87 Done in 8.1s using pnpm v11.10.0
#25 DONE 11.1s

#26 [installer 12/12] RUN pnpm turbo run build --filter=web --force     && printf '%s\n' "fb03443989240dfce42ddc149b7de710c5749dc933d4b1790611a2bc425a32d1" > /app/apps/web/build/client/deployment-source.txt
#26 3.098 Scope: all 14 workspace projects
#26 3.997 ✓ Lockfile passes supply-chain policies (verified 1m ago)
#26 4.031 Lockfile is up to date, resolution step is skipped
#26 4.605 Already up to date
#26 4.723 
#26 4.723    ╭──────────────────────────────────────────────╮
#26 4.723    │                                              │
#26 4.723    │     Update available! 11.10.0 → 12.6.0.      │
#26 4.723    │     Changelog: https://pnpm.io/v/12.6.0      │
#26 4.723    │   To update, run: corepack use pnpm@12.6.0   │
#26 4.723    │                                              │
#26 4.723    ╰──────────────────────────────────────────────╯
#26 4.723 
#26 8.601 
#26 8.619 . prepare$ husky
#26 8.746 . prepare: .git can't be found
#26 8.750 . prepare: Done
#26 9.125 Done in 7.2s using pnpm v11.10.0
#26 9.468 • turbo 2.10.11
#26 9.669 
#26 9.669    • Packages in scope: web
#26 9.669    • Running build in 1 packages
#26 9.669    • Remote caching disabled
#26 9.669 
#26 11.44 @plane/hooks:build: cache bypass, force executing 7cfc83de1dc854c6
#26 11.44 @plane/i18n:build: cache bypass, force executing edd8dbbe1c3771c1
#26 11.45 @plane/types:build: cache bypass, force executing 3ecb25cea748d8ea
#26 13.75 @plane/i18n:build: $ pnpm run generate:types && tsdown
#26 13.88 @plane/hooks:build: $ tsdown
#26 14.17 @plane/types:build: $ tsdown
#26 14.35 @plane/hooks:build: ℹ tsdown v0.16.0 powered by rolldown v1.0.0-beta.46
#26 14.47 @plane/types:build: ℹ tsdown v0.16.0 powered by rolldown v1.0.0-beta.46
#26 14.80 @plane/hooks:build: ℹ Using tsdown config: /app/packages/hooks/tsdown.config.ts
#26 14.82 @plane/hooks:build: ℹ entry: src/index.ts
#26 14.82 @plane/hooks:build: ℹ tsconfig: tsconfig.json
#26 14.82 @plane/hooks:build: ℹ Build start
#26 14.92 @plane/types:build: ℹ Using tsdown config: /app/packages/types/tsdown.config.ts
#26 14.96 @plane/types:build: ℹ entry: src/index.ts
#26 14.97 @plane/types:build: ℹ tsconfig: tsconfig.json
#26 14.97 @plane/types:build: ℹ Build start
#26 16.99 @plane/i18n:build: $ tsx scripts/generate-types.ts
#26 19.71 @plane/i18n:build: Generated 3838 keys from 28 namespace files
#26 20.44 @plane/i18n:build: ℹ tsdown v0.16.0 powered by rolldown v1.0.0-beta.46
#26 20.92 @plane/i18n:build: ℹ Using tsdown config: /app/packages/i18n/tsdown.config.ts
#26 21.00 @plane/i18n:build: ℹ entry: src/index.ts
#26 21.00 @plane/i18n:build: ℹ tsconfig: tsconfig.json
#26 21.00 @plane/i18n:build: ℹ Build start
#26 29.27 @plane/hooks:build: ℹ dist/index.js         5.82 kB │ gzip: 1.93 kB
#26 29.27 @plane/hooks:build: ℹ dist/index.js.map    11.13 kB │ gzip: 3.57 kB
#26 29.27 @plane/hooks:build: ℹ dist/index.d.ts.map   0.66 kB │ gzip: 0.39 kB
#26 29.27 @plane/hooks:build: ℹ dist/index.d.ts       2.00 kB │ gzip: 0.80 kB
#26 29.28 @plane/hooks:build: ℹ 4 files, total: 19.61 kB
#26 29.29 @plane/hooks:build: ✔ Build complete in 14471ms
#26 30.68 @plane/types:build: ℹ dist/index.mjs         16.84 kB │ gzip:  3.67 kB
#26 30.69 @plane/types:build: ℹ dist/index.d.mts.map   89.23 kB │ gzip: 29.36 kB
#26 30.69 @plane/types:build: ℹ dist/index.mjs.map     65.53 kB │ gzip: 13.53 kB
#26 30.69 @plane/types:build: ℹ dist/index.d.mts      146.98 kB │ gzip: 28.71 kB
#26 30.69 @plane/types:build: ℹ 4 files, total: 318.56 kB
#26 30.69 @plane/types:build: ✔ Build complete in 15702ms
#26 30.97 @plane/constants:build: cache bypass, force executing 94fa128b3b9074de
#26 33.40 @plane/constants:build: $ tsdown
#26 33.54 @plane/i18n:build: ℹ dist/index.js          5.66 kB │ gzip:  2.15 kB
#26 33.54 @plane/i18n:build: ℹ dist/index.d.ts.map   43.17 kB │ gzip:  5.39 kB
#26 33.54 @plane/i18n:build: ℹ dist/index.js.map     12.36 kB │ gzip:  4.16 kB
#26 33.54 @plane/i18n:build: ℹ dist/index.d.ts      176.39 kB │ gzip: 23.79 kB
#26 33.54 @plane/i18n:build: ℹ 4 files, total: 237.59 kB
#26 33.55 @plane/i18n:build: ✔ Build complete in 12540ms
#26 33.71 @plane/constants:build: ℹ tsdown v0.16.0 powered by rolldown v1.0.0-beta.46
#26 33.90 @plane/constants:build: ℹ Using tsdown config: /app/packages/constants/tsdown.config.ts
#26 33.93 @plane/constants:build: ℹ entry: src/index.ts
#26 33.93 @plane/constants:build: ℹ tsconfig: tsconfig.json
#26 33.93 @plane/constants:build: ℹ Build start
#26 39.66 @plane/constants:build: ℹ dist/index.mjs        108.95 kB │ gzip: 21.94 kB
#26 39.66 @plane/constants:build: ℹ dist/index.mjs.map    176.20 kB │ gzip: 30.67 kB
#26 39.67 @plane/constants:build: ℹ dist/index.d.mts.map   24.27 kB │ gzip:  8.83 kB
#26 39.67 @plane/constants:build: ℹ dist/index.d.mts       52.02 kB │ gzip: 11.44 kB
#26 39.67 @plane/constants:build: ℹ 4 files, total: 361.43 kB
#26 39.67 @plane/constants:build: ✔ Build complete in 5738ms
#26 39.77 @plane/utils:build: cache bypass, force executing af0f4bb854fb076c
#26 39.77 @plane/services:build: cache bypass, force executing 6ac6a7048b77ec45
#26 41.25 @plane/utils:build: $ tsdown
#26 41.31 @plane/services:build: $ tsdown
#26 41.49 @plane/utils:build: ℹ tsdown v0.16.0 powered by rolldown v1.0.0-beta.46
#26 41.58 @plane/services:build: ℹ tsdown v0.16.0 powered by rolldown v1.0.0-beta.46
#26 41.81 @plane/utils:build: ℹ Using tsdown config: /app/packages/utils/tsdown.config.ts
#26 41.83 @plane/utils:build: ℹ entry: src/index.ts
#26 41.83 @plane/utils:build: ℹ tsconfig: tsconfig.json
#26 41.83 @plane/utils:build: ℹ Build start
#26 42.00 @plane/services:build: ℹ Using tsdown config: /app/packages/services/tsdown.config.ts
#26 42.03 @plane/services:build: ℹ entry: src/index.ts
#26 42.04 @plane/services:build: ℹ tsconfig: tsconfig.json
#26 42.04 @plane/services:build: ℹ Build start
#26 49.92 @plane/services:build: ℹ dist/index.js         97.92 kB │ gzip: 11.24 kB
#26 49.92 @plane/services:build: ℹ dist/index.js.map    154.04 kB │ gzip: 17.93 kB
#26 49.92 @plane/services:build: ℹ dist/index.d.ts.map   21.01 kB │ gzip:  5.70 kB
#26 49.92 @plane/services:build: ℹ dist/index.d.ts       70.26 kB │ gzip:  9.05 kB
#26 49.92 @plane/services:build: ℹ 4 files, total: 343.23 kB
#26 49.94 @plane/services:build: ✔ Build complete in 7893ms
#26 56.68 @plane/utils:build: ℹ dist/index.js        220.02 kB │ gzip: 55.20 kB
#26 56.68 @plane/utils:build: ℹ dist/index.js.map    400.12 kB │ gzip: 88.79 kB
#26 56.68 @plane/utils:build: ℹ dist/index.d.ts.map   43.35 kB │ gzip: 14.47 kB
#26 56.68 @plane/utils:build: ℹ dist/index.d.ts      117.11 kB │ gzip: 27.19 kB
#26 56.68 @plane/utils:build: ℹ 4 files, total: 780.60 kB
#26 56.68 @plane/utils:build: ✔ Build complete in 14846ms
#26 56.82 @plane/propel:build: cache bypass, force executing f9df4c5b2404e4ed
#26 56.83 @plane/shared-state:build: cache bypass, force executing c37a13662395c2db
#26 58.58 @plane/propel:build: $ tsdown
#26 58.60 @plane/shared-state:build: $ tsdown
#26 58.81 @plane/propel:build: ℹ tsdown v0.16.0 powered by rolldown v1.0.0-beta.46
#26 58.83 @plane/shared-state:build: ℹ tsdown v0.16.0 powered by rolldown v1.0.0-beta.46
#26 59.03 @plane/propel:build: ℹ Using tsdown config: /app/packages/propel/tsdown.config.ts
#26 59.11 @plane/propel:build: ℹ entry: src/accordion/index.ts, src/animated-counter/index.ts, src/avatar/index.ts, src/badge/index.ts, src/banner/index.ts, src/button/index.ts, src/calendar/index.ts, src/card/index.ts, src/collapsible/index.ts, src/combobox/index.ts, src/command/index.ts, src/context-menu/index.ts, src/dialog/index.ts, src/emoji-icon-picker/index.ts, src/emoji-reaction/index.ts, src/empty-state/index.ts, src/icon-button/index.ts, src/icons/index.ts, src/input/index.ts, src/menu/index.ts, src/pill/index.ts, src/popover/index.ts, src/portal/index.ts, src/scrollarea/index.ts, src/skeleton/index.ts, src/spinners/index.ts, src/switch/index.ts, src/tab-navigation/index.ts, src/table/index.ts, src/tabs/index.ts, src/toast/index.ts, src/toolbar/index.ts, src/tooltip/index.ts, src/utils/index.ts, src/charts/area-chart/index.ts, src/charts/bar-chart/index.ts, src/charts/line-chart/index.ts, src/charts/pie-chart/index.ts, src/charts/radar-chart/index.ts, src/charts/scatter-chart/index.ts, src/charts/tree-map/index.ts
#26 59.11 @plane/propel:build: ℹ tsconfig: tsconfig.json
#26 59.12 @plane/propel:build: ℹ Build start
#26 59.17 @plane/shared-state:build: ℹ Using tsdown config: /app/packages/shared-state/tsdown.config.ts
#26 59.20 @plane/shared-state:build: ℹ entry: src/index.ts
#26 59.20 @plane/shared-state:build: ℹ tsconfig: tsconfig.json
#26 59.20 @plane/shared-state:build: ℹ Build start
#26 70.05 @plane/shared-state:build: ℹ dist/index.js        39.80 kB │ gzip:  8.31 kB
#26 70.05 @plane/shared-state:build: ℹ dist/index.js.map    82.77 kB │ gzip: 17.20 kB
#26 70.05 @plane/shared-state:build: ℹ dist/index.d.ts.map   9.10 kB │ gzip:  3.48 kB
#26 70.05 @plane/shared-state:build: ℹ dist/index.d.ts      21.30 kB │ gzip:  4.29 kB
#26 70.05 @plane/shared-state:build: ℹ 4 files, total: 152.97 kB
#26 70.07 @plane/shared-state:build: ✔ Build complete in 10862ms
#26 79.32 @plane/propel:build: ℹ dist/empty-state/index.js                  749.12 kB │ gzip: 213.69 kB
#26 79.32 @plane/propel:build: ℹ dist/charts/bar-chart/index.js               9.75 kB │ gzip:   3.19 kB
#26 79.32 @plane/propel:build: ℹ dist/charts/tree-map/index.js                9.39 kB │ gzip:   2.77 kB
#26 79.32 @plane/propel:build: ℹ dist/toast/index.js                          9.08 kB │ gzip:   2.30 kB
#26 79.32 @plane/propel:build: ℹ dist/portal/index.js                         6.41 kB │ gzip:   2.15 kB
#26 79.32 @plane/propel:build: ℹ dist/charts/pie-chart/index.js               6.25 kB │ gzip:   2.03 kB
#26 79.32 @plane/propel:build: ℹ dist/icons/index.js                          6.18 kB │ gzip:   1.86 kB
#26 79.32 @plane/propel:build: ℹ dist/menu/index.js                           5.60 kB │ gzip:   1.87 kB
#26 79.32 @plane/propel:build: ℹ dist/emoji-reaction/index.js                 5.57 kB │ gzip:   1.93 kB
#26 79.32 @plane/propel:build: ℹ dist/charts/area-chart/index.js              5.21 kB │ gzip:   1.92 kB
#26 79.32 @plane/propel:build: ℹ dist/combobox/index.js                       4.83 kB │ gzip:   1.74 kB
#26 79.32 @plane/propel:build: ℹ dist/charts/line-chart/index.js              4.50 kB │ gzip:   1.69 kB
#26 79.32 @plane/propel:build: ℹ dist/charts/scatter-chart/index.js           4.24 kB │ gzip:   1.56 kB
#26 79.32 @plane/propel:build: ℹ dist/toolbar/index.js                        4.05 kB │ gzip:   1.43 kB
#26 79.32 @plane/propel:build: ℹ dist/context-menu/index.js                   3.68 kB │ gzip:   1.14 kB
#26 79.32 @plane/propel:build: ℹ dist/banner/index.js                         3.43 kB │ gzip:   1.34 kB
#26 79.32 @plane/propel:build: ℹ dist/dialog/index.js                         3.33 kB │ gzip:   1.13 kB
#26 79.32 @plane/propel:build: ℹ dist/scrollarea/index.js                     2.96 kB │ gzip:   1.08 kB
#26 79.32 @plane/propel:build: ℹ dist/tabs/index.js                           2.87 kB │ gzip:   1.13 kB
#26 79.32 @plane/propel:build: ℹ dist/charts/radar-chart/index.js             2.83 kB │ gzip:   1.19 kB
#26 79.32 @plane/propel:build: ℹ dist/table/index.js                          2.72 kB │ gzip:   0.84 kB
#26 79.32 @plane/propel:build: ℹ dist/avatar/index.js                         2.69 kB │ gzip:   1.02 kB
#26 79.32 @plane/propel:build: ℹ dist/pill/index.js                           2.37 kB │ gzip:   1.02 kB
#26 79.32 @plane/propel:build: ℹ dist/collapsible/index.js                    2.17 kB │ gzip:   0.91 kB
#26 79.32 @plane/propel:build: ℹ dist/badge/index.js                          2.12 kB │ gzip:   0.97 kB
#26 79.32 @plane/propel:build: ℹ dist/accordion/index.js                      1.96 kB │ gzip:   0.74 kB
#26 79.32 @plane/propel:build: ℹ dist/tab-navigation/index.js                 1.90 kB │ gzip:   0.80 kB
#26 79.32 @plane/propel:build: ℹ dist/spinners/index.js                       1.89 kB │ gzip:   1.00 kB
#26 79.32 @plane/propel:build: ℹ dist/command/index.js                        1.48 kB │ gzip:   0.58 kB
#26 79.32 @plane/propel:build: ℹ dist/switch/index.js                         1.46 kB │ gzip:   0.71 kB
#26 79.32 @plane/propel:build: ℹ dist/input/index.js                          1.42 kB │ gzip:   0.77 kB
#26 79.32 @plane/propel:build: ℹ dist/calendar/index.js                       1.16 kB │ gzip:   0.59 kB
#26 79.32 @plane/propel:build: ℹ dist/skeleton/index.js                       0.92 kB │ gzip:   0.46 kB
#26 79.32 @plane/propel:build: ℹ dist/emoji-icon-picker/index.js              0.71 kB │ gzip:   0.35 kB
#26 79.32 @plane/propel:build: ℹ dist/utils/index.js                          0.25 kB │ gzip:   0.17 kB
#26 79.32 @plane/propel:build: ℹ dist/icon-button/index.js                    0.23 kB │ gzip:   0.17 kB
#26 79.32 @plane/propel:build: ℹ dist/button/index.js                         0.21 kB │ gzip:   0.16 kB
#26 79.32 @plane/propel:build: ℹ dist/card/index.js                           0.20 kB │ gzip:   0.15 kB
#26 79.32 @plane/propel:build: ℹ dist/animated-counter/index.js               0.20 kB │ gzip:   0.15 kB
#26 79.32 @plane/propel:build: ℹ dist/tooltip/index.js                        0.18 kB │ gzip:   0.14 kB
#26 79.32 @plane/propel:build: ℹ dist/popover/index.js                        0.11 kB │ gzip:   0.10 kB
#26 79.32 @plane/propel:build: ℹ dist/empty-state/index.js.map              859.86 kB │ gzip: 218.29 kB
#26 79.32 @plane/propel:build: ℹ dist/icons-DWzY_Ct4.js.map                 391.68 kB │ gzip: 100.97 kB
#26 79.32 @plane/propel:build: ℹ dist/icons-DWzY_Ct4.js                     309.50 kB │ gzip:  94.69 kB
#26 79.32 @plane/propel:build: ℹ dist/emoji-icon-picker-C-QxDRjq.js.map      58.16 kB │ gzip:  13.25 kB
#26 79.32 @plane/propel:build: ℹ dist/emoji-icon-picker-C-QxDRjq.js          32.67 kB │ gzip:   8.54 kB
#26 79.32 @plane/propel:build: ℹ dist/charts/bar-chart/index.js.map          18.54 kB │ gzip:   5.83 kB
#26 79.32 @plane/propel:build: ℹ dist/index-BUyOAoiw.d.ts.map                17.31 kB │ gzip:   3.08 kB
#26 79.32 @plane/propel:build: ℹ dist/charts/tree-map/index.js.map           16.84 kB │ gzip:   4.95 kB
#26 79.32 @plane/propel:build: ℹ dist/toast/index.js.map                     14.78 kB │ gzip:   4.07 kB
#26 79.32 @plane/propel:build: ℹ dist/charts/pie-chart/index.js.map          10.95 kB │ gzip:   3.47 kB
#26 79.32 @plane/propel:build: ℹ dist/combobox/index.js.map                   9.95 kB │ gzip:   3.34 kB
#26 79.32 @plane/propel:build: ℹ dist/charts/area-chart/index.js.map          9.79 kB │ gzip:   3.31 kB
#26 79.32 @plane/propel:build: ℹ dist/emoji-reaction/index.js.map             9.74 kB │ gzip:   3.24 kB
#26 79.32 @plane/propel:build: ℹ dist/empty-state/index.d.ts.map              9.61 kB │ gzip:   2.39 kB
#26 79.32 @plane/propel:build: ℹ dist/portal/index.js.map                     9.54 kB │ gzip:   3.32 kB
#26 79.32 @plane/propel:build: ℹ dist/menu/index.js.map                       9.53 kB │ gzip:   3.20 kB
#26 79.32 @plane/propel:build: ℹ dist/charts/line-chart/index.js.map          8.10 kB │ gzip:   2.75 kB
#26 79.32 @plane/propel:build: ℹ dist/charts/scatter-chart/index.js.map       7.53 kB │ gzip:   2.53 kB
#26 79.32 @plane/propel:build: ℹ dist/toolbar/index.js.map                    7.21 kB │ gzip:   2.34 kB
#26 79.32 @plane/propel:build: ℹ dist/context-menu/index.js.map               7.16 kB │ gzip:   1.94 kB
#26 79.32 @plane/propel:build: ℹ dist/banner/index.js.map                     6.96 kB │ gzip:   2.58 kB
#26 79.32 @plane/propel:build: ℹ dist/tabs/index.js.map                       6.21 kB │ gzip:   1.86 kB
#26 79.32 @plane/propel:build: ℹ dist/tooltip-2hD27cLV.js.map                 5.98 kB │ gzip:   2.15 kB
#26 79.32 @plane/propel:build: ℹ dist/dialog/index.js.map                     5.75 kB │ gzip:   1.97 kB
#26 79.32 @plane/propel:build: ℹ dist/button-CjcOirFK.js.map                  5.70 kB │ gzip:   1.99 kB
#26 79.32 @plane/propel:build: ℹ dist/avatar/index.js.map                     5.14 kB │ gzip:   1.78 kB
#26 79.32 @plane/propel:build: ℹ dist/charts/radar-chart/index.js.map         4.91 kB │ gzip:   1.89 kB
#26 79.32 @plane/propel:build: ℹ dist/scrollarea/index.js.map                 4.86 kB │ gzip:   1.64 kB
#26 79.32 @plane/propel:build: ℹ dist/icon-button-2BUssuti.js.map             4.86 kB │ gzip:   1.66 kB
#26 79.32 @plane/propel:build: ℹ dist/table/index.js.map                      4.83 kB │ gzip:   1.32 kB
#26 79.32 @plane/propel:build: ℹ dist/popover-CrZ8wRJs.js.map                 4.12 kB │ gzip:   1.50 kB
#26 79.32 @plane/propel:build: ℹ dist/badge/index.js.map                      4.08 kB │ gzip:   1.63 kB
#26 79.32 @plane/propel:build: ℹ dist/animated-counter-CqtqTlrG.js.map        3.95 kB │ gzip:   1.52 kB
#26 79.32 @plane/propel:build: ℹ dist/collapsible/index.js.map                3.95 kB │ gzip:   1.53 kB
#26 79.32 @plane/propel:build: ℹ dist/tooltip-CLEkTCyg.js.map                 3.83 kB │ gzip:   1.57 kB
#26 79.32 @plane/propel:build: ℹ dist/legend-HUzGLN3O.js.map                  3.79 kB │ gzip:   1.65 kB
#26 79.33 @plane/propel:build: ℹ dist/tooltip-2hD27cLV.js                     3.75 kB │ gzip:   1.29 kB
#26 79.33 @plane/propel:build: ℹ dist/accordion/index.js.map                  3.72 kB │ gzip:   1.34 kB
#26 79.33 @plane/propel:build: ℹ dist/pill/index.js.map                       3.46 kB │ gzip:   1.38 kB
#26 79.33 @plane/propel:build: ℹ dist/card-BJ9a4xMU.js.map                    3.43 kB │ gzip:   1.35 kB
#26 79.33 @plane/propel:build: ℹ dist/button-CjcOirFK.js                      3.31 kB │ gzip:   1.22 kB
#26 79.33 @plane/propel:build: ℹ dist/classname-BokbBhj4.js.map               3.14 kB │ gzip:   1.30 kB
#26 79.33 @plane/propel:build: ℹ dist/icon-button-2BUssuti.js                 2.93 kB │ gzip:   1.08 kB
#26 79.33 @plane/propel:build: ℹ dist/circular-bar-spinner-Cp6QEb9r.js.map    2.86 kB │ gzip:   0.97 kB
#26 79.33 @plane/propel:build: ℹ dist/placement-Db9Qu3XD.js.map               2.73 kB │ gzip:   0.82 kB
#26 79.33 @plane/propel:build: ℹ dist/switch/index.js.map                     2.71 kB │ gzip:   1.19 kB
#26 79.33 @plane/propel:build: ℹ dist/tab-navigation/index.js.map             2.65 kB │ gzip:   1.04 kB
#26 79.33 @plane/propel:build: ℹ dist/command/index.js.map                    2.48 kB │ gzip:   0.95 kB
#26 79.33 @plane/propel:build: ℹ dist/spinners/index.js.map                   2.42 kB │ gzip:   1.33 kB
#26 79.33 @plane/propel:build: ℹ dist/input/index.js.map                      2.34 kB │ gzip:   1.11 kB
#26 79.33 @plane/propel:build: ℹ dist/popover-CrZ8wRJs.js                     2.30 kB │ gzip:   0.85 kB
#26 79.33 @plane/propel:build: ℹ dist/animated-counter-CqtqTlrG.js            2.27 kB │ gzip:   0.93 kB
#26 79.33 @plane/propel:build: ℹ dist/card-BJ9a4xMU.js                        2.13 kB │ gzip:   0.90 kB
#26 79.33 @plane/propel:build: ℹ dist/legend-HUzGLN3O.js                      2.08 kB │ gzip:   1.03 kB
#26 79.33 @plane/propel:build: ℹ dist/circular-bar-spinner-Cp6QEb9r.js        2.08 kB │ gzip:   0.60 kB
#26 79.33 @plane/propel:build: ℹ dist/tooltip-CLEkTCyg.js                     2.05 kB │ gzip:   0.96 kB
#26 79.33 @plane/propel:build: ℹ dist/combobox/index.d.ts.map                 1.95 kB │ gzip:   0.65 kB
#26 79.33 @plane/propel:build: ℹ dist/calendar/index.js.map                   1.94 kB │ gzip:   0.92 kB
#26 79.33 @plane/propel:build: ℹ dist/emoji-icon-picker/index.d.ts.map        1.79 kB │ gzip:   0.77 kB
#26 79.33 @plane/propel:build: ℹ dist/emoji-reaction/index.d.ts.map           1.71 kB │ gzip:   0.62 kB
#26 79.33 @plane/propel:build: ℹ dist/skeleton/index.js.map                   1.66 kB │ gzip:   0.82 kB
#26 79.33 @plane/propel:build: ℹ dist/table/index.d.ts.map                    1.61 kB │ gzip:   0.46 kB
#26 79.33 @plane/propel:build: ℹ dist/portal/index.d.ts.map                   1.57 kB │ gzip:   0.64 kB
#26 79.33 @plane/propel:build: ℹ dist/classname-BokbBhj4.js                   1.47 kB │ gzip:   0.74 kB
#26 79.33 @plane/propel:build: ℹ dist/toast/index.d.ts.map                    1.46 kB │ gzip:   0.68 kB
#26 79.33 @plane/propel:build: ℹ dist/tabs/index.d.ts.map                     1.42 kB │ gzip:   0.47 kB
#26 79.33 @plane/propel:build: ℹ dist/accordion/index.d.ts.map                1.28 kB │ gzip:   0.49 kB
#26 79.33 @plane/propel:build: ℹ dist/placement-Db9Qu3XD.js                   1.13 kB │ gzip:   0.36 kB
#26 79.33 @plane/propel:build: ℹ dist/badge/index.d.ts.map                    1.12 kB │ gzip:   0.42 kB
#26 79.33 @plane/propel:build: ℹ dist/dialog/index.d.ts.map                   1.09 kB │ gzip:   0.50 kB
#26 79.33 @plane/propel:build: ℹ dist/menu/index.d.ts.map                     1.09 kB │ gzip:   0.47 kB
#26 79.33 @plane/propel:build: ℹ dist/toolbar/index.d.ts.map                  1.00 kB │ gzip:   0.45 kB
#26 79.33 @plane/propel:build: ℹ dist/pill/index.d.ts.map                     0.99 kB │ gzip:   0.45 kB
#26 79.33 @plane/propel:build: ℹ dist/icon-button/index.d.ts.map              0.96 kB │ gzip:   0.44 kB
#26 79.33 @plane/propel:build: ℹ dist/collapsible/index.d.ts.map              0.95 kB │ gzip:   0.44 kB
#26 79.33 @plane/propel:build: ℹ dist/context-menu/index.d.ts.map             0.94 kB │ gzip:   0.40 kB
#26 79.33 @plane/propel:build: ℹ dist/command/index.d.ts.map                  0.93 kB │ gzip:   0.39 kB
#26 79.33 @plane/propel:build: ℹ dist/helper-BdRkBv61.d.ts.map                0.76 kB │ gzip:   0.38 kB
#26 79.33 @plane/propel:build: ℹ dist/card/index.d.ts.map                     0.69 kB │ gzip:   0.38 kB
#26 79.33 @plane/propel:build: ℹ dist/skeleton/index.d.ts.map                 0.63 kB │ gzip:   0.31 kB
#26 79.33 @plane/propel:build: ℹ dist/scrollarea/index.d.ts.map               0.60 kB │ gzip:   0.33 kB
#26 79.33 @plane/propel:build: ℹ dist/banner/index.d.ts.map                   0.59 kB │ gzip:   0.31 kB
#26 79.33 @plane/propel:build: ℹ dist/popover/index.d.ts.map                  0.58 kB │ gzip:   0.32 kB
#26 79.33 @plane/propel:build: ℹ dist/spinners/index.d.ts.map                 0.57 kB │ gzip:   0.28 kB
#26 79.33 @plane/propel:build: ℹ dist/button/index.d.ts.map                   0.52 kB │ gzip:   0.24 kB
#26 79.33 @plane/propel:build: ℹ dist/tab-navigation/index.d.ts.map           0.52 kB │ gzip:   0.28 kB
#26 79.33 @plane/propel:build: ℹ dist/placement-qJjmdCXt.d.ts.map             0.49 kB │ gzip:   0.26 kB
#26 79.33 @plane/propel:build: ℹ dist/switch/index.d.ts.map                   0.48 kB │ gzip:   0.25 kB
#26 79.33 @plane/propel:build: ℹ dist/tooltip/index.d.ts.map                  0.40 kB │ gzip:   0.26 kB
#26 79.33 @plane/propel:build: ℹ dist/animated-counter/index.d.ts.map         0.38 kB │ gzip:   0.22 kB
#26 79.33 @plane/propel:build: ℹ dist/input/index.d.ts.map                    0.35 kB │ gzip:   0.21 kB
#26 79.33 @plane/propel:build: ℹ dist/avatar/index.d.ts.map                   0.34 kB │ gzip:   0.22 kB
#26 79.33 @plane/propel:build: ℹ dist/charts/scatter-chart/index.d.ts.map     0.32 kB │ gzip:   0.20 kB
#26 79.33 @plane/propel:build: ℹ dist/charts/bar-chart/index.d.ts.map         0.32 kB │ gzip:   0.20 kB
#26 79.33 @plane/propel:build: ℹ dist/charts/pie-chart/index.d.ts.map         0.32 kB │ gzip:   0.20 kB
#26 79.33 @plane/propel:build: ℹ dist/charts/area-chart/index.d.ts.map        0.31 kB │ gzip:   0.20 kB
#26 79.33 @plane/propel:build: ℹ dist/charts/line-chart/index.d.ts.map        0.31 kB │ gzip:   0.20 kB
#26 79.33 @plane/propel:build: ℹ dist/calendar/index.d.ts.map                 0.29 kB │ gzip:   0.21 kB
#26 79.33 @plane/propel:build: ℹ dist/charts/radar-chart/index.d.ts.map       0.27 kB │ gzip:   0.18 kB
#26 79.33 @plane/propel:build: ℹ dist/charts/tree-map/index.d.ts.map          0.16 kB │ gzip:   0.14 kB
#26 79.33 @plane/propel:build: ℹ dist/utils/index.d.ts.map                    0.14 kB │ gzip:   0.13 kB
#26 79.33 @plane/propel:build: ℹ dist/utils-MPqvUdqq.js                       0.00 kB │ gzip:   0.02 kB
#26 79.33 @plane/propel:build: ℹ dist/empty-state/index.d.ts                 14.64 kB │ gzip:   2.17 kB
#26 79.33 @plane/propel:build: ℹ dist/icons/index.d.ts                        6.31 kB │ gzip:   1.89 kB
#26 79.33 @plane/propel:build: ℹ dist/emoji-icon-picker/index.d.ts            4.14 kB │ gzip:   1.41 kB
#26 79.33 @plane/propel:build: ℹ dist/portal/index.d.ts                       3.97 kB │ gzip:   1.42 kB
#26 79.33 @plane/propel:build: ℹ dist/combobox/index.d.ts                     2.23 kB │ gzip:   0.74 kB
#26 79.33 @plane/propel:build: ℹ dist/emoji-reaction/index.d.ts               2.20 kB │ gzip:   0.67 kB
#26 79.33 @plane/propel:build: ℹ dist/tabs/index.d.ts                         2.03 kB │ gzip:   0.45 kB
#26 79.33 @plane/propel:build: ℹ dist/table/index.d.ts                        1.95 kB │ gzip:   0.37 kB
#26 79.33 @plane/propel:build: ℹ dist/context-menu/index.d.ts                 1.95 kB │ gzip:   0.53 kB
#26 79.33 @plane/propel:build: ℹ dist/menu/index.d.ts                         1.83 kB │ gzip:   0.74 kB
#26 79.33 @plane/propel:build: ℹ dist/toolbar/index.d.ts                      1.80 kB │ gzip:   0.54 kB
#26 79.33 @plane/propel:build: ℹ dist/toast/index.d.ts                        1.79 kB │ gzip:   0.62 kB
#26 79.33 @plane/propel:build: ℹ dist/badge/index.d.ts                        1.61 kB │ gzip:   0.55 kB
#26 79.33 @plane/propel:build: ℹ dist/accordion/index.d.ts                    1.48 kB │ gzip:   0.45 kB
#26 79.34 @plane/propel:build: ℹ dist/dialog/index.d.ts                       1.38 kB │ gzip:   0.52 kB
#26 79.34 @plane/propel:build: ℹ dist/tab-navigation/index.d.ts               1.27 kB │ gzip:   0.47 kB
#26 79.34 @plane/propel:build: ℹ dist/icon-button/index.d.ts                  1.26 kB │ gzip:   0.55 kB
#26 79.34 @plane/propel:build: ℹ dist/banner/index.d.ts                       1.22 kB │ gzip:   0.61 kB
#26 79.34 @plane/propel:build: ℹ dist/avatar/index.d.ts                       1.21 kB │ gzip:   0.53 kB
#26 79.34 @plane/propel:build: ℹ dist/card/index.d.ts                         1.11 kB │ gzip:   0.56 kB
#26 79.34 @plane/propel:build: ℹ dist/pill/index.d.ts                         1.05 kB │ gzip:   0.52 kB
#26 79.34 @plane/propel:build: ℹ dist/button/index.d.ts                       1.05 kB │ gzip:   0.49 kB
#26 79.34 @plane/propel:build: ℹ dist/collapsible/index.d.ts                  0.96 kB │ gzip:   0.39 kB
#26 79.34 @plane/propel:build: ℹ dist/command/index.d.ts                      0.95 kB │ gzip:   0.31 kB
#26 79.34 @plane/propel:build: ℹ dist/scrollarea/index.d.ts                   0.90 kB │ gzip:   0.41 kB
#26 79.34 @plane/propel:build: ℹ dist/popover/index.d.ts                      0.84 kB │ gzip:   0.44 kB
#26 79.34 @plane/propel:build: ℹ dist/spinners/index.d.ts                     0.75 kB │ gzip:   0.30 kB
#26 79.34 @plane/propel:build: ℹ dist/skeleton/index.d.ts                     0.75 kB │ gzip:   0.32 kB
#26 79.34 @plane/propel:build: ℹ dist/tooltip/index.d.ts                      0.68 kB │ gzip:   0.39 kB
#26 79.34 @plane/propel:build: ℹ dist/animated-counter/index.d.ts             0.56 kB │ gzip:   0.36 kB
#26 79.34 @plane/propel:build: ℹ dist/switch/index.d.ts                       0.52 kB │ gzip:   0.31 kB
#26 79.34 @plane/propel:build: ℹ dist/utils/index.d.ts                        0.45 kB │ gzip:   0.28 kB
#26 79.34 @plane/propel:build: ℹ dist/input/index.d.ts                        0.45 kB │ gzip:   0.29 kB
#26 79.34 @plane/propel:build: ℹ dist/calendar/index.d.ts                     0.42 kB │ gzip:   0.28 kB
#26 79.34 @plane/propel:build: ℹ dist/charts/scatter-chart/index.d.ts         0.35 kB │ gzip:   0.24 kB
#26 79.34 @plane/propel:build: ℹ dist/charts/area-chart/index.d.ts            0.33 kB │ gzip:   0.24 kB
#26 79.34 @plane/propel:build: ℹ dist/charts/line-chart/index.d.ts            0.33 kB │ gzip:   0.24 kB
#26 79.34 @plane/propel:build: ℹ dist/charts/bar-chart/index.d.ts             0.33 kB │ gzip:   0.24 kB
#26 79.34 @plane/propel:build: ℹ dist/charts/pie-chart/index.d.ts             0.33 kB │ gzip:   0.23 kB
#26 79.34 @plane/propel:build: ℹ dist/charts/radar-chart/index.d.ts           0.32 kB │ gzip:   0.23 kB
#26 79.34 @plane/propel:build: ℹ dist/charts/tree-map/index.d.ts              0.27 kB │ gzip:   0.19 kB
#26 79.34 @plane/propel:build: ℹ dist/index-BUyOAoiw.d.ts                    35.59 kB │ gzip:   5.29 kB
#26 79.34 @plane/propel:build: ℹ dist/helper-BdRkBv61.d.ts                    1.03 kB │ gzip:   0.50 kB
#26 79.34 @plane/propel:build: ℹ dist/placement-qJjmdCXt.d.ts                 0.75 kB │ gzip:   0.40 kB
#26 79.34 @plane/propel:build: ℹ 187 files, total: 2971.61 kB
#26 79.75 @plane/propel:build: ✔ Build complete in 20626ms
#26 79.90 @plane/ui:build: cache bypass, force executing ee83bf2fe2e1fd8b
#26 81.38 @plane/ui:build: $ tsdown
#26 81.57 @plane/ui:build: ℹ tsdown v0.16.0 powered by rolldown v1.0.0-beta.46
#26 81.74 @plane/ui:build: ℹ Using tsdown config: /app/packages/ui/tsdown.config.ts
#26 81.76 @plane/ui:build: ℹ entry: src/index.ts
#26 81.76 @plane/ui:build: ℹ tsconfig: tsconfig.json
#26 81.76 @plane/ui:build: ℹ Build start
#26 89.88 @plane/ui:build: ℹ dist/index.js        111.57 kB │ gzip: 22.13 kB
#26 89.88 @plane/ui:build: ℹ dist/index.js.map    206.03 kB │ gzip: 43.89 kB
#26 89.88 @plane/ui:build: ℹ dist/index.d.ts.map   17.64 kB │ gzip:  6.10 kB
#26 89.88 @plane/ui:build: ℹ dist/index.d.ts       25.39 kB │ gzip:  5.51 kB
#26 89.88 @plane/ui:build: ℹ 4 files, total: 360.64 kB
#26 89.89 @plane/ui:build: ✔ Build complete in 8127ms
#26 90.01 @plane/editor:build: cache bypass, force executing 234b7762325a5d84
#26 91.37 @plane/editor:build: $ tsc && tsdown
#26 112.6 @plane/editor:build: ℹ tsdown v0.16.0 powered by rolldown v1.0.0-beta.46
#26 112.8 @plane/editor:build: ℹ Using tsdown config: /app/packages/editor/tsdown.config.ts
#26 112.8 @plane/editor:build: ℹ entry: src/index.ts, src/lib.ts
#26 112.8 @plane/editor:build: ℹ tsconfig: tsconfig.json
#26 112.8 @plane/editor:build: ℹ Build start
#26 126.6 @plane/editor:build: ℹ dist/index.js                                       203.73 kB │ gzip: 44.71 kB
#26 126.6 @plane/editor:build: ℹ dist/lib.js                                           2.66 kB │ gzip:  0.84 kB
#26 126.6 @plane/editor:build: ℹ dist/document-collaborative-events-NWWO-tl_.js.map  446.63 kB │ gzip: 93.63 kB
#26 126.6 @plane/editor:build: ℹ dist/index.js.map                                   427.84 kB │ gzip: 94.00 kB
#26 126.6 @plane/editor:build: ℹ dist/document-collaborative-events-NWWO-tl_.js      212.28 kB │ gzip: 45.98 kB
#26 126.6 @plane/editor:build: ℹ dist/yjs-utils-X9TG3ouQ.d.ts.map                     13.68 kB │ gzip:  5.06 kB
#26 126.6 @plane/editor:build: ℹ dist/lib.js.map                                       4.80 kB │ gzip:  1.32 kB
#26 126.6 @plane/editor:build: ℹ dist/index.d.ts.map                                   1.66 kB │ gzip:  0.74 kB
#26 126.6 @plane/editor:build: ℹ dist/lib.d.ts.map                                     0.16 kB │ gzip:  0.14 kB
#26 126.6 @plane/editor:build: ℹ dist/index.d.ts                                       9.15 kB │ gzip:  2.62 kB
#26 126.6 @plane/editor:build: ℹ dist/lib.d.ts                                         2.43 kB │ gzip:  0.79 kB
#26 126.6 @plane/editor:build: ℹ dist/yjs-utils-X9TG3ouQ.d.ts                         32.21 kB │ gzip:  7.99 kB
#26 126.6 @plane/editor:build: ℹ 12 files, total: 1357.22 kB
#26 127.0 @plane/editor:build: ✔ Build complete in 14214ms
#26 127.4 web:build: cache bypass, force executing e941032c9bafb162
#26 129.4 web:build: $ react-router build
#26 132.1 web:build: The plugin "vite-tsconfig-paths" is detected. Vite now supports tsconfig paths resolution natively via the resolve.tsconfigPaths option. You can remove the plugin and set resolve.tsconfigPaths: true in your Vite config instead.
#26 132.2 web:build: The plugin "vite-tsconfig-paths" is detected. Vite now supports tsconfig paths resolution natively via the resolve.tsconfigPaths option. You can remove the plugin and set resolve.tsconfigPaths: true in your Vite config instead.
#26 132.5 web:build: (node:754) [MODULE_TYPELESS_PACKAGE_JSON] Warning: Module type of file:///app/packages/tailwind-config/postcss.config.js is not specified and it doesn't parse as CommonJS.
#26 132.5 web:build: Reparsing as ES module because module syntax was detected. This incurs a performance overhead.
#26 132.5 web:build: To eliminate this warning, add "type": "module" to /app/packages/tailwind-config/package.json.
#26 132.5 web:build: (Use `node --trace-warnings ...` to show where the warning was created)
#26 132.6 web:build: Using Vite Environment API
#26 132.6 web:build: vite v8.0.16 building client environment for production...
#26 203.5 web:build: [2Kweb:build: transforming...✓ 20493 modules transformed.
#26 209.7 web:build: rendering chunks...
#26 215.5 web:build: computing gzip size...
#26 215.9 web:build: build/client/assets/empty_label-BBcxK5kA.svg                                      0.48 kB │ gzip:   0.27 kB
#26 215.9 web:build: build/client/assets/google-logo-r0ky5Kfn.svg                                      0.74 kB │ gzip:   0.43 kB
#26 215.9 web:build: build/client/assets/priority-dark-C68dnEMz.webp                                   1.05 kB
#26 215.9 web:build: build/client/assets/gitlab-logo-BL2xQyij.svg                                      1.06 kB │ gzip:   0.47 kB
#26 215.9 web:build: build/client/assets/progress-dark-CbdQFQls.webp                                   1.09 kB
#26 215.9 web:build: build/client/assets/priority-light-e2bFi4nm.webp                                  1.09 kB
#26 215.9 web:build: build/client/assets/label-dark-DWRrYoNR.webp                                      1.13 kB
#26 215.9 web:build: build/client/assets/chart-light-CmRIfxuB.webp                                     1.15 kB
#26 215.9 web:build: build/client/assets/assignee-light-CrlWz184.webp                                  1.15 kB
#26 215.9 web:build: build/client/assets/progress-light-B_092DlV.webp                                  1.17 kB
#26 215.9 web:build: build/client/assets/chart-dark-DOGbIYyX.webp                                      1.17 kB
#26 215.9 web:build: build/client/assets/label-light-DTeD9Hyj.webp                                     1.18 kB
#26 215.9 web:build: build/client/assets/assignee-dark-GiRfYgU6.webp                                   1.18 kB
#26 215.9 web:build: build/client/assets/empty_members-B48oMgcS.svg                                    1.33 kB │ gzip:   0.58 kB
#26 215.9 web:build: build/client/assets/github-dark-DlyHSwTQ.svg                                      1.45 kB │ gzip:   0.68 kB
#26 215.9 web:build: build/client/assets/gitea-logo-BAYfzmEl.svg                                       2.13 kB │ gzip:   1.04 kB
#26 215.9 web:build: build/client/assets/search-dark-COdu9jyf.webp                                     2.33 kB
#26 215.9 web:build: build/client/assets/search-light-DGwdTDm2.webp                                    2.64 kB
#26 215.9 web:build: build/client/assets/icon-180x180-ArenqHjH.png                                     2.70 kB
#26 215.9 web:build: build/client/assets/issues-light-BIWRd60x.webp                                    2.92 kB
#26 215.9 web:build: build/client/assets/sRGB_IEC61966_2_1-Bmm_5_31.icc                                3.02 kB
#26 215.9 web:build: build/client/assets/issues-dark-BFg8-mvo.webp                                     3.11 kB
#26 215.9 web:build: build/client/assets/all-filters-cM3ayl-R.svg                                      3.25 kB │ gzip:   0.94 kB
#26 215.9 web:build: build/client/assets/tanfold-rebrand-mobile-BgKOEtOx.png                           3.26 kB
#26 215.9 web:build: build/client/assets/name-filter-8JdqNXSU.svg                                      3.33 kB │ gzip:   0.99 kB
#26 215.9 web:build: build/client/assets/KaTeX_Size3-Regular-gV2CO0n9.woff2                            3.62 kB
#26 215.9 web:build: build/client/assets/all-filters-CZ8dpHF_.svg                                      4.33 kB │ gzip:   1.12 kB
#26 215.9 web:build: build/client/assets/name-filter-Ad9b4_qB.svg                                      4.38 kB │ gzip:   1.22 kB
#26 215.9 web:build: build/client/assets/KaTeX_Size3-Regular-CTq5MqoE.woff                             4.42 kB
#26 215.9 web:build: build/client/assets/tenfold-rebrand-logo-CUVs_Cke.png                             4.80 kB
#26 215.9 web:build: build/client/assets/tenfold-rebrand-logo-white-BtwKV0om.png                       4.82 kB
#26 215.9 web:build: build/client/assets/KaTeX_Size4-Regular-Dl5lxZxV.woff2                            4.92 kB
#26 215.9 web:build: build/client/assets/view-DigBccAm.svg                                             5.20 kB │ gzip:   1.97 kB
#26 215.9 web:build: build/client/assets/KaTeX_Size2-Regular-Dy4dx90m.woff2                            5.20 kB
#26 215.9 web:build: build/client/assets/tanfold-rebrand-favicon-Bof-_oO5.png                          5.31 kB
#26 215.9 web:build: build/client/assets/404-DWCFZzXK.svg                                              5.42 kB │ gzip:   1.58 kB
#26 215.9 web:build: build/client/assets/KaTeX_Size1-Regular-mCD8mA8B.woff2                            5.46 kB
#26 215.9 web:build: build/client/assets/ibm-plex-mono-vietnamese-400-normal-DDuiU_S-.woff             5.62 kB
#26 215.9 web:build: build/client/assets/cta-l-1-dark-DfFftJH9.webp                                    5.62 kB
#26 215.9 web:build: build/client/assets/ibm-plex-mono-cyrillic-ext-400-normal-DMdlQ8Kv.woff           5.82 kB
#26 215.9 web:build: build/client/assets/ibm-plex-mono-vietnamese-400-normal-BulugwFq.woff2            5.86 kB
#26 215.9 web:build: build/client/assets/issue-_P4hOm-h.svg                                            5.88 kB │ gzip:   2.12 kB
#26 215.9 web:build: build/client/assets/KaTeX_Size4-Regular-BF-4gkZK.woff                             5.98 kB
#26 215.9 web:build: build/client/assets/default-icon-DCLwKoz2.png                                     6.13 kB
#26 215.9 web:build: build/client/assets/KaTeX_Size2-Regular-oD1tc_U0.woff                             6.18 kB
#26 215.9 web:build: build/client/assets/KaTeX_Size1-Regular-C195tn64.woff                             6.49 kB
#26 215.9 web:build: build/client/assets/html-icon-B8Zw3XA_.png                                        6.66 kB
#26 215.9 web:build: build/client/assets/excel-icon-XoT7M_Jk.png                                       6.70 kB
#26 215.9 web:build: build/client/assets/KaTeX_Caligraphic-Regular-Di6jR-x-.woff2                      6.90 kB
#26 215.9 web:build: build/client/assets/KaTeX_Caligraphic-Bold-Dq_IR9rO.woff2                         6.91 kB
#26 215.9 web:build: build/client/assets/ibm-plex-mono-cyrillic-ext-400-normal-xuaO2J-f.woff2          6.91 kB
#26 215.9 web:build: build/client/assets/ibm-plex-mono-cyrillic-400-normal-CEL4l2ZJ.woff               7.20 kB
#26 215.9 web:build: build/client/assets/zip-icon-Bo1RU1i-.png                                         7.21 kB
#26 215.9 web:build: build/client/assets/KaTeX_Size3-Regular-DgpXs0kz.ttf                              7.58 kB
#26 215.9 web:build: build/client/assets/KaTeX_Caligraphic-Regular-CTRA-rTL.woff                       7.65 kB
#26 215.9 web:build: build/client/assets/KaTeX_Caligraphic-Bold-BEiXGLvX.woff                          7.71 kB
#26 215.9 web:build: build/client/assets/ibm-plex-mono-cyrillic-400-normal-BSMlKf0J.woff2              8.35 kB
#26 215.9 web:build: build/client/assets/cycle-BOcLETEn.svg                                            8.39 kB │ gzip:   3.34 kB
#26 215.9 web:build: build/client/assets/gradient-bg-logo-DJ_Te6tL.webp                                8.59 kB
#26 215.9 web:build: build/client/assets/icon-512x512-CyS1mcXS.png                                     8.70 kB
#26 215.9 web:build: build/client/assets/KaTeX_Script-Regular-D3wIWfF6.woff2                           9.64 kB
#26 215.9 web:build: build/client/assets/csv-icon-DF5Z4ezZ.png                                         9.68 kB
#26 215.9 web:build: build/client/assets/inter-vietnamese-wght-normal-CBcvBZtf.woff2                  10.25 kB
#26 215.9 web:build: build/client/assets/KaTeX_SansSerif-Regular-DDBCnlJ7.woff2                       10.34 kB
#26 215.9 web:build: build/client/assets/KaTeX_Size4-Regular-DWFBv043.ttf                             10.36 kB
#26 215.9 web:build: build/client/assets/audio-icon-CTamvKZ-.png                                      10.36 kB
#26 215.9 web:build: build/client/assets/img-icon-CgV_icRC.png                                        10.44 kB
#26 215.9 web:build: build/client/assets/rar-icon-DUmOzNwT.png                                        10.46 kB
#26 215.9 web:build: build/client/assets/KaTeX_Script-Regular-D5yQViql.woff                           10.58 kB
#26 215.9 web:build: build/client/assets/web-hook-D8eWJ8ey.svg                                        10.68 kB │ gzip:   3.34 kB
#26 215.9 web:build: build/client/assets/js-icon-lKS6TT2t.png                                         10.99 kB
#26 215.9 web:build: build/client/assets/txt-icon-B37rKrBk.png                                        11.14 kB
#26 215.9 web:build: build/client/assets/inter-greek-ext-wght-normal-DlzME5K_.woff2                   11.23 kB
#26 215.9 web:build: build/client/assets/KaTeX_Fraktur-Regular-CTYiF6lA.woff2                         11.31 kB
#26 215.9 web:build: build/client/assets/KaTeX_Fraktur-Bold-CL6g_b3V.woff2                            11.34 kB
#26 215.9 web:build: build/client/assets/KaTeX_Size2-Regular-B7gKUWhC.ttf                             11.50 kB
#26 215.9 web:build: build/client/assets/video-icon-SQHbulO7.png                                      11.67 kB
#26 216.0 web:build: build/client/assets/ibm-plex-mono-latin-ext-400-normal-D3D2R8hC.woff             11.76 kB
#26 216.0 web:build: build/client/assets/KaTeX_SansSerif-Italic-C3H0VqGB.woff2                        12.02 kB
#26 216.0 web:build: build/client/assets/jpg-icon-Dm4NnUNA.png                                        12.08 kB
#26 216.0 web:build: build/client/assets/KaTeX_SansSerif-Bold-D1sUS0GD.woff2                          12.21 kB
#26 216.0 web:build: build/client/assets/KaTeX_Size1-Regular-Dbsnue_I.ttf                             12.22 kB
#26 216.0 web:build: build/client/assets/KaTeX_SansSerif-Regular-CS6fqUqJ.woff                        12.31 kB
#26 216.0 web:build: build/client/assets/KaTeX_Caligraphic-Regular-wX97UBjC.ttf                       12.34 kB
#26 216.0 web:build: build/client/assets/KaTeX_Caligraphic-Bold-ATXxdsX0.ttf                          12.36 kB
#26 216.0 web:build: build/client/assets/png-icon-BXhbUVbw.png                                        12.48 kB
#26 216.0 web:build: build/client/assets/css-icon-CCUROALf.png                                        12.70 kB
#26 216.0 web:build: build/client/assets/svg-icon-Y9fl-1JZ.png                                        12.89 kB
#26 216.0 web:build: build/client/assets/pdf-icon-Bikr7Dsa.png                                        13.03 kB
#26 216.0 web:build: build/client/assets/ibm-plex-mono-latin-400-normal-CvHOgSBP.woff                 13.14 kB
#26 216.0 web:build: build/client/assets/KaTeX_Fraktur-Regular-Dxdc4cR9.woff                          13.20 kB
#26 216.0 web:build: build/client/assets/KaTeX_Fraktur-Bold-BsDP51OF.woff                             13.29 kB
#26 216.0 web:build: build/client/assets/ibm-plex-mono-latin-ext-400-normal-BmRBH3aV.woff2            13.34 kB
#26 216.0 web:build: build/client/assets/KaTeX_Typewriter-Regular-CO6r4hn1.woff2                      13.56 kB
#26 216.0 web:build: build/client/assets/github-black-DmZ70PA_.png                                    14.03 kB
#26 216.0 web:build: build/client/assets/KaTeX_SansSerif-Italic-DN2j7dab.woff                         14.11 kB
#26 216.0 web:build: build/client/assets/KaTeX_SansSerif-Bold-DbIhKOiC.woff                           14.40 kB
#26 216.0 web:build: build/client/assets/module-Bs_xs7Vo.svg                                          14.69 kB │ gzip:   5.89 kB
#26 216.0 web:build: build/client/assets/ibm-plex-mono-latin-400-normal-DMJ8VG8y.woff2                14.70 kB
#26 216.0 web:build: build/client/assets/doc-icon-DRV_ANkm.png                                        15.17 kB
#26 216.0 web:build: build/client/assets/figma-icon-VzEOzwQQ.png                                      15.61 kB
#26 216.0 web:build: build/client/assets/KaTeX_Typewriter-Regular-C0xS9mPB.woff                       16.02 kB
#26 216.0 web:build: build/client/assets/KaTeX_Math-BoldItalic-CZnvNsCZ.woff2                         16.40 kB
#26 216.0 web:build: build/client/assets/KaTeX_Math-Italic-t53AETM-.woff2                             16.44 kB
#26 216.0 web:build: build/client/assets/KaTeX_Script-Regular-C5JkGWo-.ttf                            16.64 kB
#26 216.0 web:build: build/client/assets/KaTeX_Main-BoldItalic-DxDJ3AOS.woff2                         16.78 kB
#26 216.0 web:build: build/client/assets/KaTeX_Main-Italic-NWA7e6Wa.woff2                             16.98 kB
#26 216.0 web:build: build/client/assets/outline-dark-ADkmZ4UD.webp                                   17.99 kB
#26 216.0 web:build: build/client/assets/outline-light-BxGGy3_A.webp                                  18.00 kB
#26 216.0 web:build: build/client/assets/gradient-logo-BKMvbTcN.webp                                  18.20 kB
#26 216.0 web:build: build/client/assets/KaTeX_Math-BoldItalic-iY-2wyZ7.woff                          18.66 kB
#26 216.0 web:build: build/client/assets/KaTeX_Math-Italic-DA0__PXp.woff                              18.74 kB
#26 216.0 web:build: build/client/assets/inter-cyrillic-wght-normal-DqGufNeO.woff2                    18.74 kB
#26 216.0 web:build: build/client/assets/inter-greek-wght-normal-CkhJZR-_.woff2                       18.99 kB
#26 216.0 web:build: build/client/assets/image_6-DYKe1XQu.jpg                                         19.38 kB
#26 216.0 web:build: build/client/assets/KaTeX_Main-BoldItalic-SpSLRI95.woff                          19.41 kB
#26 216.0 web:build: build/client/assets/KaTeX_SansSerif-Regular-BNo7hRIc.ttf                         19.43 kB
#26 216.0 web:build: build/client/assets/KaTeX_Fraktur-Regular-CB_wures.ttf                           19.57 kB
#26 216.0 web:build: build/client/assets/KaTeX_Fraktur-Bold-BdnERNNW.ttf                              19.58 kB
#26 216.0 web:build: build/client/assets/KaTeX_Main-Italic-BMLOBm91.woff                              19.67 kB
#26 216.0 web:build: build/client/assets/assets-dark-5YjnlpDT.webp                                    20.67 kB
#26 216.0 web:build: build/client/assets/assets-light-C8O9_fyp.webp                                   20.95 kB
#26 216.0 web:build: build/client/assets/KaTeX_SansSerif-Italic-YYjJ1zSn.ttf                          22.36 kB
#26 216.0 web:build: build/client/assets/invitation-BEGxAfxj.svg                                      22.65 kB │ gzip:   7.17 kB
#26 216.0 web:build: build/client/assets/image_21-c7xsluba.jpg                                        22.93 kB
#26 216.0 web:build: build/client/assets/unauthorized-C8vOPqGE.svg                                    23.45 kB │ gzip:   7.72 kB
#26 216.0 web:build: build/client/assets/KaTeX_SansSerif-Bold-CFMepnvq.ttf                            24.50 kB
#26 216.0 web:build: build/client/assets/KaTeX_Main-Bold-Cx986IdX.woff2                               25.32 kB
#26 216.0 web:build: build/client/assets/inter-cyrillic-ext-wght-normal-BOeWTOD4.woff2                25.96 kB
#26 216.0 web:build: build/client/assets/KaTeX_Main-Regular-B22Nviop.woff2                            26.27 kB
#26 216.0 web:build: build/client/assets/KaTeX_Typewriter-Regular-D3Ib7_Hf.ttf                        27.55 kB
#26 216.0 web:build: build/client/assets/KaTeX_AMS-Regular-BQhdFMY1.woff2                             28.07 kB
#26 216.0 web:build: build/client/assets/cta-l-1-light-yW_UnzhS.webp                                  28.71 kB
#26 216.0 web:build: build/client/assets/KaTeX_Main-Bold-Jm3AIy58.woff                                29.91 kB
#26 216.0 web:build: build/client/assets/KaTeX_Main-Regular-Dr94JaBh.woff                             30.77 kB
#26 216.0 web:build: build/client/assets/KaTeX_Math-BoldItalic-B3XSjfu4.ttf                           31.19 kB
#26 216.0 web:build: build/client/assets/image_12-Bt4XfBD3.jpg                                        31.27 kB
#26 216.0 web:build: build/client/assets/KaTeX_Math-Italic-flOr_0UB.ttf                               31.30 kB
#26 216.0 web:build: build/client/assets/maintenance-mode-light-Dqp39OMJ.svg                          31.93 kB │ gzip:  10.16 kB
#26 216.0 web:build: build/client/assets/maintenance-mode-dark-DAfHd5vC.svg                           32.01 kB │ gzip:  10.16 kB
#26 216.0 web:build: build/client/assets/KaTeX_Main-BoldItalic-DzxPMmG6.ttf                           32.96 kB
#26 216.0 web:build: build/client/assets/KaTeX_AMS-Regular-DMm9YOAa.woff                              33.51 kB
#26 216.0 web:build: build/client/assets/KaTeX_Main-Italic-3WenGoN9.ttf                               33.58 kB
#26 216.0 web:build: build/client/assets/project-not-authorized-ovAWpO6z.svg                          34.24 kB │ gzip:  13.44 kB
#26 216.0 web:build: build/client/assets/widgets-dark-DFt3ZYTd.webp                                   34.69 kB
#26 216.0 web:build: build/client/assets/widgets-light-DpOo900c.webp                                  34.70 kB
#26 216.0 web:build: build/client/assets/workspace-not-authorized-CJ0YsYpX.svg                        36.96 kB │ gzip:  14.60 kB
#26 216.0 web:build: build/client/assets/image_23-3daIXVWa.jpg                                        37.09 kB
#26 216.0 web:build: build/client/assets/scribble-white-BUZ6Mev7.svg                                  39.66 kB │ gzip:  15.32 kB
#26 216.0 web:build: build/client/assets/scribble-black-CTNTXY5m.svg                                  39.68 kB │ gzip:  15.43 kB
#26 216.0 web:build: build/client/assets/image_13-2tKqdk9L.jpg                                        45.41 kB
#26 216.0 web:build: build/client/assets/inter-latin-wght-normal-Dx4kXJAl.woff2                       48.25 kB
#26 216.0 web:build: build/client/assets/KaTeX_Main-Bold-waoOVXN0.ttf                                 51.33 kB
#26 216.0 web:build: build/client/assets/KaTeX_Main-Regular-ypZvNtVU.ttf                              53.58 kB
#26 216.0 web:build: build/client/assets/views-dark-B2o-OLZi.webp                                     55.06 kB
#26 216.0 web:build: build/client/assets/views-light-2SyZy5_1.webp                                    55.70 kB
#26 216.0 web:build: build/client/assets/image_17-fngcXhhl.jpg                                        57.38 kB
#26 216.0 web:build: build/client/assets/image_28-C6Wkd2EQ.jpg                                        59.22 kB
#26 216.0 web:build: build/client/assets/cta-r-1-dark-BPFgrvDw.webp                                   59.46 kB
#26 216.0 web:build: build/client/assets/KaTeX_AMS-Regular-DRggAlZN.ttf                               63.63 kB
#26 216.0 web:build: build/client/assets/modules-dark-Bs9zHyrm.webp                                   64.29 kB
#26 216.0 web:build: build/client/assets/cta-r-1-light-CEOos_Hz.webp                                  64.31 kB
#26 216.0 web:build: build/client/assets/cycles-light-D7BOyLeS.webp                                   67.31 kB
#26 216.0 web:build: build/client/assets/modules-light-BcusJU7z.webp                                  67.54 kB
#26 216.0 web:build: build/client/assets/stickies-search-dark-kYw_qUF6.webp                           69.82 kB
#26 216.0 web:build: build/client/assets/active-dark-CPRUckpm.webp                                    70.15 kB
#26 216.0 web:build: build/client/assets/active-light-CG6vuz-R.webp                                   70.40 kB
#26 216.0 web:build: build/client/assets/stickies-search-light-DumO42X3.webp                          70.49 kB
#26 216.0 web:build: build/client/assets/og-image-DL-1GVBU.png                                        71.42 kB
#26 216.0 web:build: build/client/assets/image_7-ID2wQUdP.jpg                                         71.73 kB
#26 216.0 web:build: build/client/assets/cycles-dark-DwlqnDFx.webp                                    72.32 kB
#26 216.0 web:build: build/client/assets/image_8-DWH0LRz9.jpg                                         72.47 kB
#26 216.0 web:build: build/client/assets/pages-light-yTb_RZKg.webp                                    74.94 kB
#26 216.0 web:build: build/client/assets/image_3-tJsmKOeq.jpg                                         76.28 kB
#26 216.0 web:build: build/client/assets/image_10-DgxArbnE.jpg                                        77.70 kB
#26 216.0 web:build: build/client/assets/intake-dark-1GQ1y4Uo.webp                                    83.50 kB
#26 216.0 web:build: build/client/assets/pages-dark-DyGOgXct.webp                                     83.86 kB
#26 216.0 web:build: build/client/assets/image_15-BQTqAD9N.jpg                                        84.06 kB
#26 216.0 web:build: build/client/assets/inter-latin-ext-wght-normal-DO1Apj_S.woff2                   85.06 kB
#26 216.0 web:build: build/client/assets/image_27-m4Hk3VFG.jpg                                        86.27 kB
#26 216.0 web:build: build/client/assets/intake-light-CaWFdYOX.webp                                   87.12 kB
#26 216.0 web:build: build/client/assets/image_25-DCnSCXip.jpg                                        90.95 kB
#26 216.0 web:build: build/client/assets/image_24-C0ZJ8wGE.jpg                                        98.97 kB
#26 216.0 web:build: build/client/assets/user-NRT4fUDj.png                                            99.26 kB
#26 216.0 web:build: build/client/assets/image_18-kCAZcZ9O.jpg                                       100.01 kB
#26 216.0 web:build: build/client/assets/image_4-BIaW7dFO.jpg                                        101.51 kB
#26 216.0 web:build: build/client/assets/stickies-dark-B-BwEG7q.webp                                 120.53 kB
#26 216.0 web:build: build/client/assets/stickies-light-BWmpY4nc.webp                                122.00 kB
#26 216.0 web:build: build/client/assets/image_19-BNDOXf3L.jpg                                       126.25 kB
#26 216.0 web:build: build/client/assets/image_2-Cbu4qct1.jpg                                        150.63 kB
#26 216.0 web:build: build/client/assets/image_22-DPrjCdTt.jpg                                       151.52 kB
#26 216.0 web:build: build/client/assets/image_26-C3h6Us29.jpg                                       157.02 kB
#26 216.0 web:build: build/client/assets/image_11-DJCGEHgn.jpg                                       163.44 kB
#26 216.0 web:build: build/client/assets/image_16-CIImVKJN.jpg                                       165.31 kB
#26 216.0 web:build: build/client/assets/image_5-BMCrXMZF.jpg                                        170.46 kB
#26 216.0 web:build: build/client/assets/tenfold-rebrand-logo-moving-eye-1AgCfdZn.gif                181.15 kB
#26 216.0 web:build: build/client/assets/tenfold-clipart-005-BHzdy2W8.png                            182.10 kB
#26 216.0 web:build: build/client/assets/image_14-BGta73kB.jpg                                       186.91 kB
#26 216.0 web:build: build/client/assets/workspace-creation-disabled-COW2Nsd3.png                    191.45 kB
#26 216.0 web:build: build/client/assets/workspace-not-available-CAI6ornV.png                        192.99 kB
#26 216.0 web:build: build/client/assets/cta-r-2-dark-CayXl429.webp                                  207.31 kB
#26 216.0 web:build: build/client/assets/tenfold-clipart-006-CH7Ghq3R.png                            220.13 kB
#26 216.0 web:build: build/client/assets/tenfold-clipart-001-CGaZsrol.png                            221.25 kB
#26 216.0 web:build: build/client/assets/image_9-B2leaWem.jpg                                        221.58 kB
#26 216.0 web:build: build/client/assets/image_29-cesF6ww3.jpg                                       224.20 kB
#26 216.0 web:build: build/client/assets/no-projects-light-C2xLMww0.png                              261.33 kB
#26 216.0 web:build: build/client/assets/image_1-8ncaj2f5.jpg                                        274.08 kB
#26 216.0 web:build: build/client/assets/tenfold-clipart-003a-qCFJ-j14.png                           275.85 kB
#26 216.0 web:build: build/client/assets/no-projects-dark-HYUMxCf0.png                               299.44 kB
#26 216.0 web:build: build/client/assets/tenfold-clipart-002-B42sTEsy.png                            319.01 kB
#26 216.0 web:build: build/client/assets/tenfold-clipart-007-BxsG9189.png                            336.46 kB
#26 216.0 web:build: build/client/assets/regular-BpskOkD5.ttf                                        342.68 kB
#26 216.0 web:build: build/client/assets/thin-BQGyXcpw.ttf                                           343.08 kB
#26 216.0 web:build: build/client/assets/medium-BtfNrkJj.ttf                                         343.20 kB
#26 216.0 web:build: build/client/assets/ultralight-DE8yOi_r.ttf                                     343.53 kB
#26 216.0 web:build: build/client/assets/light-DbzEu6wT.ttf                                          343.70 kB
#26 216.0 web:build: build/client/assets/semibold-C9_sHzqi.ttf                                       343.82 kB
#26 216.0 web:build: build/client/assets/bold-Du8giq-C.ttf                                           344.15 kB
#26 216.0 web:build: build/client/assets/heavy-lPV88BO8.ttf                                          344.82 kB
#26 216.0 web:build: build/client/assets/ultrabold-LoA67B-f.ttf                                      345.00 kB
#26 216.0 web:build: build/client/assets/material-symbols-rounded-latin-400-normal-BVRwnNJJ.woff2    348.77 kB
#26 216.0 web:build: build/client/assets/tenfold-clipart-004a-CBq8k8A7.png                           350.88 kB
#26 216.0 web:build: build/client/assets/material-symbols-rounded-latin-100-normal-StOoOijZ.woff2    363.56 kB
#26 216.0 web:build: build/client/assets/material-symbols-rounded-latin-300-normal-CGYRw1-j.woff2    388.05 kB
#26 216.0 web:build: build/client/assets/image_20-CBIxs7Xv.jpg                                       388.46 kB
#26 216.0 web:build: build/client/assets/material-symbols-rounded-latin-200-normal-Dy_97ylg.woff2    389.09 kB
#26 216.0 web:build: build/client/assets/cta-r-2-light-B-31RqhG.webp                                 392.12 kB
#26 216.0 web:build: build/client/assets/material-symbols-rounded-latin-400-normal-3TtrvaAx.woff     454.56 kB
#26 216.0 web:build: build/client/assets/material-symbols-rounded-latin-100-normal-CyR9BGN8.woff     485.69 kB
#26 216.0 web:build: build/client/assets/material-symbols-rounded-latin-300-normal-CexQLkYr.woff     506.70 kB
#26 216.0 web:build: build/client/assets/material-symbols-rounded-latin-200-normal-B9_93z2O.woff     507.90 kB
#26 216.0 web:build: build/client/.vite/manifest.json                                                657.53 kB │ gzip:  62.94 kB
#26 216.0 web:build: build/client/assets/AppProgressBar-D_Zs2VgL.css                                   2.34 kB │ gzip:   0.66 kB
#26 216.0 web:build: build/client/assets/root-CzK3JmXp.css                                             4.86 kB │ gzip:   0.92 kB
#26 216.0 web:build: build/client/assets/katex-Chd8lJKL.css                                           24.02 kB │ gzip:   3.96 kB
#26 216.0 web:build: build/client/assets/globals-D5Kpn2XG.css                                        422.32 kB │ gzip:  61.98 kB
#26 216.0 web:build: build/client/assets/noop-mXPS5vjY.js                                              0.02 kB │ gzip:   0.04 kB
#26 216.0 web:build: build/client/assets/rich-text-CcHjR-Vm.js                                         0.02 kB │ gzip:   0.04 kB
#26 216.0 web:build: build/client/assets/popover-VGUtVi8U.js                                           0.04 kB │ gzip:   0.06 kB
#26 216.0 web:build: build/client/assets/feature-visibility-DXAICdmv.js                                0.04 kB │ gzip:   0.05 kB
#26 216.0 web:build: build/client/assets/page-B6x5IqIC.js                                              0.06 kB │ gzip:   0.07 kB
#26 216.0 web:build: build/client/assets/page-BSE2eXOg.js                                              0.06 kB │ gzip:   0.07 kB
#26 216.0 web:build: build/client/assets/use-app-router-BZ_4JLLK.js                                    0.06 kB │ gzip:   0.08 kB
#26 216.0 web:build: build/client/assets/mermaid-VLURNSYL-mSn8KM1l.js                                  0.07 kB │ gzip:   0.08 kB
#26 216.0 web:build: build/client/assets/icons-D6ZXXvdM.js                                             0.07 kB │ gzip:   0.08 kB
#26 216.0 web:build: build/client/assets/button-ByFKmWOW.js                                            0.07 kB │ gzip:   0.09 kB
#26 216.0 web:build: build/client/assets/useBaseUiId-C_U7tg7F.js                                       0.08 kB │ gzip:   0.10 kB
#26 216.0 web:build: build/client/assets/login-client-loader-C51CwS6u.js                               0.09 kB │ gzip:   0.10 kB
#26 216.0 web:build: build/client/assets/sign-in-client-loader-C51CwS6u.js                             0.09 kB │ gzip:   0.10 kB
#26 216.0 web:build: build/client/assets/signin-client-loader-C51CwS6u.js                              0.09 kB │ gzip:   0.10 kB
#26 216.0 web:build: build/client/assets/issues-light-BC4HoCDJ.js                                      0.09 kB │ gzip:   0.09 kB
#26 216.0 web:build: build/client/assets/accounts-signup-client-loader-xWEKSQnX.js                     0.09 kB │ gzip:   0.11 kB
#26 216.0 web:build: build/client/assets/accounts-signup-main-lPGSGToX.js                              0.09 kB │ gzip:   0.11 kB
#26 216.0 web:build: build/client/assets/analytics-main-lPGSGToX.js                                    0.09 kB │ gzip:   0.11 kB
#26 216.0 web:build: build/client/assets/api-tokens-main-lPGSGToX.js                                   0.09 kB │ gzip:   0.11 kB
#26 216.0 web:build: build/client/assets/inbox-main-lPGSGToX.js                                        0.09 kB │ gzip:   0.11 kB
#26 216.0 web:build: build/client/assets/login-main-lPGSGToX.js                                        0.09 kB │ gzip:   0.11 kB
#26 216.0 web:build: build/client/assets/profile-settings-main-lPGSGToX.js                             0.09 kB │ gzip:   0.11 kB
#26 216.0 web:build: build/client/assets/project-settings-main-lPGSGToX.js                             0.09 kB │ gzip:   0.11 kB
#26 216.0 web:build: build/client/assets/register-client-loader-xWEKSQnX.js                            0.09 kB │ gzip:   0.11 kB
#26 216.0 web:build: build/client/assets/register-main-lPGSGToX.js                                     0.09 kB │ gzip:   0.11 kB
#26 216.0 web:build: build/client/assets/sign-in-main-lPGSGToX.js                                      0.09 kB │ gzip:   0.11 kB
#26 216.0 web:build: build/client/assets/signin-main-lPGSGToX.js                                       0.09 kB │ gzip:   0.11 kB
#26 216.0 web:build: build/client/assets/workspace-account-settings-main-lPGSGToX.js                   0.09 kB │ gzip:   0.11 kB
#26 216.0 web:build: build/client/assets/channel-JH_XcATr.js                                           0.11 kB │ gzip:   0.12 kB
#26 216.0 web:build: build/client/assets/maintenance-mode-light-BmDKMAL-.js                            0.11 kB │ gzip:   0.10 kB
#26 216.0 web:build: build/client/assets/api-tokens-client-loader-C1hNtfAy.js                          0.11 kB │ gzip:   0.13 kB
#26 216.0 web:build: build/client/assets/utils-DZWqaKBe.js                                             0.11 kB │ gzip:   0.11 kB
#26 216.0 web:build: build/client/assets/pie-WAS4IAKB-BC4927wn.js                                      0.12 kB │ gzip:   0.12 kB
#26 216.0 web:build: build/client/assets/info-A6RAGUB7-CsUHndYq.js                                     0.12 kB │ gzip:   0.12 kB
#26 216.0 web:build: build/client/assets/radar-RG4KPBEZ-e9apK7rT.js                                    0.12 kB │ gzip:   0.12 kB
#26 216.0 web:build: build/client/assets/packet-AYTQ26CC-BKYEdiKl.js                                   0.12 kB │ gzip:   0.12 kB
#26 216.0 web:build: build/client/assets/cynefin-OW5HDTMX-CFa17g1E.js                                  0.12 kB │ gzip:   0.13 kB
#26 216.0 web:build: build/client/assets/startOfMonth-S5NKPkSc.js                                      0.12 kB │ gzip:   0.12 kB
#26 216.0 web:build: build/client/assets/treemap-WGGIJYW6-BZ8aoWIt.js                                  0.12 kB │ gzip:   0.13 kB
#26 216.0 web:build: build/client/assets/wardley-WFR3VGLG-KeD1fAY7.js                                  0.12 kB │ gzip:   0.13 kB
#26 216.0 web:build: build/client/assets/gitGraph-4MIJSDKK-Kg6Ije_r.js                                 0.12 kB │ gzip:   0.13 kB
#26 216.0 web:build: build/client/assets/railroad-74A4TZTK-B2H0d1tH.js                                 0.12 kB │ gzip:   0.13 kB
#26 216.0 web:build: build/client/assets/treeView-Q6P3EWNA-IT4ELC2L.js                                 0.12 kB │ gzip:   0.13 kB
#26 216.0 web:build: build/client/assets/railroad-peg-WCYAUIDC-DFQgBXFU.js                             0.13 kB │ gzip:   0.13 kB
#26 216.0 web:build: build/client/assets/architecture-7GRP2DOG-BFuQ8XLt.js                             0.13 kB │ gzip:   0.13 kB
#26 216.0 web:build: build/client/assets/railroad-abnf-HS5TGJTU-nTLCETGn.js                            0.13 kB │ gzip:   0.13 kB
#26 216.0 web:build: build/client/assets/railroad-ebnf-LZEXJU2U-BGZ5cckd.js                            0.13 kB │ gzip:   0.13 kB
#26 216.0 web:build: build/client/assets/eventmodeling-NTZA5JFV-B43X0APo.js                            0.13 kB │ gzip:   0.13 kB
#26 216.0 web:build: build/client/assets/analytics-client-loader-CN6VNZTs.js                           0.14 kB │ gzip:   0.15 kB
#26 216.0 web:build: build/client/assets/module-CBmDK-r8.js                                            0.15 kB │ gzip:   0.14 kB
#26 216.0 web:build: build/client/assets/module-CqkBiNVo.js                                            0.15 kB │ gzip:   0.12 kB
#26 216.0 web:build: build/client/assets/module-DHnxYUVF.js                                            0.15 kB │ gzip:   0.14 kB
#26 216.0 web:build: build/client/assets/module-CvIFK8hH.js                                            0.15 kB │ gzip:   0.13 kB
#26 216.0 web:build: build/client/assets/chunk-Y2CYZVJY-DsF7k-Jl.js                                    0.15 kB │ gzip:   0.14 kB
#26 216.0 web:build: build/client/assets/module-B-SuAtWZ.js                                            0.15 kB │ gzip:   0.13 kB
#26 216.0 web:build: build/client/assets/module-Cch3xccA.js                                            0.15 kB │ gzip:   0.13 kB
#26 216.0 web:build: build/client/assets/module-BB6BeQ68.js                                            0.15 kB │ gzip:   0.14 kB
#26 216.0 web:build: build/client/assets/module-CuXx-xao.js                                            0.15 kB │ gzip:   0.13 kB
#26 216.0 web:build: build/client/assets/module-BNvGDGhS.js                                            0.16 kB │ gzip:   0.14 kB
#26 216.0 web:build: build/client/assets/circle-minus-EhcvTF52.js                                      0.16 kB │ gzip:   0.15 kB
#26 216.0 web:build: build/client/assets/inbox-client-loader-BoM7ZM3R.js                               0.16 kB │ gzip:   0.16 kB
#26 216.0 web:build: build/client/assets/module-cHoMoKfV.js                                            0.16 kB │ gzip:   0.13 kB
#26 216.0 web:build: build/client/assets/useRegisteredLabelId-3A3RikFD.js                              0.16 kB │ gzip:   0.16 kB
#26 216.0 web:build: build/client/assets/module-B18kWWd5.js                                            0.16 kB │ gzip:   0.14 kB
#26 216.0 web:build: build/client/assets/module-Bcix-__k.js                                            0.16 kB │ gzip:   0.14 kB
#26 216.0 web:build: build/client/assets/triangle-CmIE6M3F.js                                          0.16 kB │ gzip:   0.16 kB
#26 216.0 web:build: build/client/assets/module-DdInhj06.js                                            0.17 kB │ gzip:   0.14 kB
#26 216.0 web:build: build/client/assets/module-ZoQofTpt.js                                            0.17 kB │ gzip:   0.14 kB
#26 216.0 web:build: build/client/assets/module-CLBRp3xt.js                                            0.17 kB │ gzip:   0.15 kB
#26 216.0 web:build: build/client/assets/module-DwXKbgcy.js                                            0.17 kB │ gzip:   0.15 kB
#26 216.0 web:build: build/client/assets/module-CUaw4_9p.js                                            0.19 kB │ gzip:   0.16 kB
#26 216.0 web:build: build/client/assets/chunk-2Q5K7J3B-C1jixKkw.js                                    0.19 kB │ gzip:   0.16 kB
#26 216.0 web:build: build/client/assets/project-settings-client-loader-QVAfTyz0.js                    0.19 kB │ gzip:   0.18 kB
#26 216.0 web:build: build/client/assets/module-CSM4Xl7u.js                                            0.19 kB │ gzip:   0.15 kB
#26 216.0 web:build: build/client/assets/visuallyHidden-CrYY0HH5.js                                    0.19 kB │ gzip:   0.16 kB
#26 216.0 web:build: build/client/assets/profile-settings-client-loader-CPWXHqwM.js                    0.19 kB │ gzip:   0.18 kB
#26 216.0 web:build: build/client/assets/workspace-account-settings-client-loader-CPWXHqwM.js          0.19 kB │ gzip:   0.18 kB
#26 216.0 web:build: build/client/assets/layout--5fx15nZ.js                                            0.20 kB │ gzip:   0.17 kB
#26 216.0 web:build: build/client/assets/page-COmXhze1.js                                              0.20 kB │ gzip:   0.16 kB
#26 216.0 web:build: build/client/assets/page-zlntPKDL.js                                              0.20 kB │ gzip:   0.16 kB
#26 216.0 web:build: build/client/assets/layout-CF8SdLVu.js                                            0.20 kB │ gzip:   0.18 kB
#26 216.0 web:build: build/client/assets/module-D3Tjczhe.js                                            0.20 kB │ gzip:   0.16 kB
#26 216.0 web:build: build/client/assets/use-debounce-DO59IlOX.js                                      0.20 kB │ gzip:   0.17 kB
#26 216.0 web:build: build/client/assets/module-CRES8QCi.js                                            0.21 kB │ gzip:   0.17 kB
#26 216.0 web:build: build/client/assets/layout-CI7yOz_s.js                                            0.21 kB │ gzip:   0.18 kB
#26 216.0 web:build: build/client/assets/layout-CsLcaya9.js                                            0.21 kB │ gzip:   0.18 kB
#26 216.0 web:build: build/client/assets/page-CHIJzO7K.js                                              0.21 kB │ gzip:   0.17 kB
#26 216.0 web:build: build/client/assets/layout-DItcU2K2.js                                            0.22 kB │ gzip:   0.19 kB
#26 216.0 web:build: build/client/assets/layout-CCA4k0xO.js                                            0.22 kB │ gzip:   0.19 kB
#26 216.0 web:build: build/client/assets/layout-CWZV6d64.js                                            0.22 kB │ gzip:   0.19 kB
#26 216.0 web:build: build/client/assets/chunk-JWPE2WC7-DVXcaiue.js                                    0.22 kB │ gzip:   0.17 kB
#26 216.0 web:build: build/client/assets/layout-a97FNuMa.js                                            0.22 kB │ gzip:   0.18 kB
#26 216.0 web:build: build/client/assets/menu-D0842Rz7.js                                              0.23 kB │ gzip:   0.16 kB
#26 216.0 web:build: build/client/assets/page-title-DndTR95_.js                                        0.23 kB │ gzip:   0.20 kB
#26 216.0 web:build: build/client/assets/use-current-time-a9VRNjVW.js                                  0.23 kB │ gzip:   0.18 kB
#26 216.0 web:build: build/client/assets/use-timer-DI2Xo2Lu.js                                         0.23 kB │ gzip:   0.19 kB
#26 216.0 web:build: build/client/assets/page-BWfhjKqj.js                                              0.23 kB │ gzip:   0.19 kB
#26 216.0 web:build: build/client/assets/DirectionContext-BOLGn-2P.js                                  0.23 kB │ gzip:   0.20 kB
#26 216.0 web:build: build/client/assets/circle-alert-BGDpneRW.js                                      0.23 kB │ gzip:   0.18 kB
#26 216.0 web:build: build/client/assets/layout-ChG6Qu1B.js                                            0.24 kB │ gzip:   0.18 kB
#26 216.0 web:build: build/client/assets/use-label-DhYYMNfj.js                                         0.24 kB │ gzip:   0.20 kB
#26 216.0 web:build: build/client/assets/use-platform-os-ToyVFevK.js                                   0.24 kB │ gzip:   0.19 kB
#26 216.0 web:build: build/client/assets/use-app-theme-Bzz_uNdU.js                                     0.24 kB │ gzip:   0.21 kB
#26 216.0 web:build: build/client/assets/use-instance-B1QGul1r.js                                      0.25 kB │ gzip:   0.21 kB
#26 216.0 web:build: build/client/assets/use-member-CZ366oDN.js                                        0.25 kB │ gzip:   0.21 kB
#26 216.0 web:build: build/client/assets/use-favorite-CbbKTU08.js                                      0.25 kB │ gzip:   0.21 kB
#26 216.0 web:build: build/client/assets/use-project-state-DW7Mguby.js                                 0.25 kB │ gzip:   0.21 kB
#26 216.0 web:build: build/client/assets/use-cycle-filter-B4ZSG4A1.js                                  0.25 kB │ gzip:   0.20 kB
#26 216.0 web:build: build/client/assets/use-project-view-TWosW70U.js                                  0.25 kB │ gzip:   0.21 kB
#26 216.0 web:build: build/client/assets/use-workspace-DTQljAra.js                                     0.25 kB │ gzip:   0.21 kB
#26 216.0 web:build: build/client/assets/layout-Bbb1KEuH.js                                            0.25 kB │ gzip:   0.21 kB
#26 216.0 web:build: build/client/assets/use-project-inbox-kCXK_ZMM.js                                 0.25 kB │ gzip:   0.21 kB
#26 216.0 web:build: build/client/assets/eraser-W5GPIXfs.js                                            0.25 kB │ gzip:   0.21 kB
#26 216.0 web:build: build/client/assets/use-project-o8HVEr9F.js                                       0.26 kB │ gzip:   0.21 kB
#26 216.0 web:build: build/client/assets/chunk-XXDRQBXY-C87K8CNC.js                                    0.26 kB │ gzip:   0.22 kB
#26 216.0 web:build: build/client/assets/use-command-palette-CuIL-9O7.js                               0.26 kB │ gzip:   0.21 kB
#26 216.0 web:build: build/client/assets/link-u7a_Efkn.js                                              0.26 kB │ gzip:   0.20 kB
#26 216.0 web:build: build/client/assets/use-work-item-filters-ChaFe7uY.js                             0.26 kB │ gzip:   0.21 kB
#26 216.0 web:build: build/client/assets/default-layout-CSZcv6av.js                                    0.27 kB │ gzip:   0.21 kB
#26 216.0 web:build: build/client/assets/use-project-filter-OGXmePVv.js                                0.27 kB │ gzip:   0.22 kB
#26 216.0 web:build: build/client/assets/use-intersection-observer-BTzYGjbD.js                         0.28 kB │ gzip:   0.23 kB
#26 216.0 web:build: build/client/assets/use-keypress-B8Fmplqc.js                                      0.30 kB │ gzip:   0.22 kB
#26 216.0 web:build: build/client/assets/use-dropdown-key-down-5xvQXi1L.js                             0.30 kB │ gzip:   0.24 kB
#26 216.0 web:build: build/client/assets/chunk-CLGD4ZFX-iEEENGEX.js                                    0.32 kB │ gzip:   0.25 kB
#26 216.0 web:build: build/client/assets/use-window-size-BmJQVK6_.js                                   0.32 kB │ gzip:   0.21 kB
#26 216.0 web:build: build/client/assets/common-BSGcNlww.js                                            0.32 kB │ gzip:   0.23 kB
#26 216.0 web:build: build/client/assets/layout-DI2FYb3v.js                                            0.32 kB │ gzip:   0.24 kB
#26 216.0 web:build: build/client/assets/content-wrapper-CueAb99R.js                                   0.33 kB │ gzip:   0.21 kB
#26 216.0 web:build: build/client/assets/use-issue-detail-CGhZTw9O.js                                  0.34 kB │ gzip:   0.25 kB
#26 216.0 web:build: build/client/assets/minus-outline-BSlyjtER.js                                     0.34 kB │ gzip:   0.27 kB
#26 216.0 web:build: build/client/assets/count-chip-DNMHbgEb.js                                        0.35 kB │ gzip:   0.26 kB
#26 216.0 web:build: build/client/assets/chunk-5VM5RSS4-ZNzvKenW.js                                    0.36 kB │ gzip:   0.27 kB
#26 216.0 web:build: build/client/assets/init-Cs1-1e_z.js                                              0.36 kB │ gzip:   0.17 kB
#26 216.0 web:build: build/client/assets/use-module-C_TuzoVW.js                                        0.37 kB │ gzip:   0.22 kB
#26 216.0 web:build: build/client/assets/project-network-icon-Dz3OVd77.js                              0.38 kB │ gzip:   0.27 kB
#26 216.0 web:build: build/client/assets/chevron-down-outline--z2hUWZQ.js                              0.38 kB │ gzip:   0.29 kB
#26 216.0 web:build: build/client/assets/chevron-left-outline-BjhSuIZn.js                              0.39 kB │ gzip:   0.29 kB
#26 216.0 web:build: build/client/assets/chevron-up-outline-DB_1A31r.js                                0.39 kB │ gzip:   0.29 kB
#26 216.0 web:build: build/client/assets/tick-outline-MVlKFTkU.js                                      0.40 kB │ gzip:   0.30 kB
#26 216.0 web:build: build/client/assets/shadowDom-TNVW3ped.js                                         0.40 kB │ gzip:   0.27 kB
#26 216.0 web:build: build/client/assets/layout-DnvPM2EA.js                                            0.40 kB │ gzip:   0.28 kB
#26 216.0 web:build: build/client/assets/chevron-right-outline-DXRDwCd_.js                             0.41 kB │ gzip:   0.29 kB
#26 216.0 web:build: build/client/assets/page-client-loader-DfkU2CKa.js                                0.41 kB │ gzip:   0.30 kB
#26 216.0 web:build: build/client/assets/layout-DmGZbCsv.js                                            0.42 kB │ gzip:   0.26 kB
#26 216.0 web:build: build/client/assets/layout-dr3rlHQo.js                                            0.42 kB │ gzip:   0.26 kB
#26 216.0 web:build: build/client/assets/layout-K47G42x1.js                                            0.42 kB │ gzip:   0.26 kB
#26 216.0 web:build: build/client/assets/jsx-runtime-CsebpYib.js                                       0.42 kB │ gzip:   0.30 kB
#26 216.0 web:build: build/client/assets/sidebar-toggle-button-QX2lFcU2.js                             0.42 kB │ gzip:   0.29 kB
#26 216.0 web:build: build/client/assets/arrow-narrow-left-outline-CoiG6Crp.js                         0.42 kB │ gzip:   0.31 kB
#26 216.0 web:build: build/client/assets/add-outline-D5-aPz64.js                                       0.43 kB │ gzip:   0.30 kB
#26 216.0 web:build: build/client/assets/upgrade-badge-BNBaMHt5.js                                     0.43 kB │ gzip:   0.30 kB
#26 216.0 web:build: build/client/assets/globe-DUjjeAsL.js                                             0.43 kB │ gzip:   0.28 kB
#26 216.0 web:build: build/client/assets/layout-D0xiybVw.js                                            0.43 kB │ gzip:   0.26 kB
#26 216.0 web:build: build/client/assets/layout-gNK1PYA3.js                                            0.43 kB │ gzip:   0.26 kB
#26 216.0 web:build: build/client/assets/filter-outline-BLs1n8oJ.js                                    0.44 kB │ gzip:   0.28 kB
#26 216.0 web:build: build/client/assets/arrow-narrow-right-outline-D9_BA9ZE.js                        0.45 kB │ gzip:   0.31 kB
#26 216.0 web:build: build/client/assets/top-arrow-outline-DVgPyfPM.js                                 0.45 kB │ gzip:   0.32 kB
#26 216.0 web:build: build/client/assets/notifications-CnZzCPpS.js                                     0.45 kB │ gzip:   0.26 kB
#26 216.0 web:build: build/client/assets/search-outline-9Yl36Y6V.js                                    0.45 kB │ gzip:   0.33 kB
#26 216.0 web:build: build/client/assets/close-outline-BuouqItR.js                                     0.46 kB │ gzip:   0.33 kB
#26 216.0 web:build: build/client/assets/close-outline-D16giIxf.js                                     0.46 kB │ gzip:   0.33 kB
#26 216.0 web:build: build/client/assets/logo-spinner-7CzQlLmW.js                                      0.46 kB │ gzip:   0.32 kB
#26 216.0 web:build: build/client/assets/page-k1RGnpDA.js                                              0.47 kB │ gzip:   0.29 kB
#26 216.0 web:build: build/client/assets/export-outline-Cn6xTEwx.js                                    0.48 kB │ gzip:   0.32 kB
#26 216.0 web:build: build/client/assets/cycles-outline-0m2K03oK.js                                    0.49 kB │ gzip:   0.34 kB
#26 216.0 web:build: build/client/assets/clock-outline-B5tGD_r4.js                                     0.50 kB │ gzip:   0.35 kB
#26 216.0 web:build: build/client/assets/page-Da0vrwzw.js                                              0.51 kB │ gzip:   0.31 kB
#26 216.0 web:build: build/client/assets/tick-circle-outline-DpbIl1cI.js                               0.51 kB │ gzip:   0.34 kB
#26 216.0 web:build: build/client/assets/state-outline-BHosN_Yy.js                                     0.51 kB │ gzip:   0.34 kB
#26 216.0 web:build: build/client/assets/heading-C2WFaGZ-.js                                           0.52 kB │ gzip:   0.30 kB
#26 216.0 web:build: build/client/assets/info-outline-D1WVlrYH.js                                      0.52 kB │ gzip:   0.35 kB
#26 216.0 web:build: build/client/assets/warning-circle-outline-Bu19BM02.js                            0.53 kB │ gzip:   0.35 kB
#26 216.0 web:build: build/client/assets/codeowners-C8r90Shi.js                                        0.54 kB │ gzip:   0.31 kB
#26 216.0 web:build: build/client/assets/control-item-Buf_XKnP.js                                      0.54 kB │ gzip:   0.31 kB
#26 216.0 web:build: build/client/assets/useTimeout-CKB_sRym.js                                        0.54 kB │ gzip:   0.31 kB
#26 216.0 web:build: build/client/assets/layout-BX7cazF1.js                                            0.54 kB │ gzip:   0.37 kB
#26 216.0 web:build: build/client/assets/arrow-collapse-outline-8x2LrfoW.js                            0.55 kB │ gzip:   0.35 kB
#26 216.0 web:build: build/client/assets/plus-circle-outline-CNCd_ted.js                               0.55 kB │ gzip:   0.36 kB
#26 216.0 web:build: build/client/assets/circle-dashed-BFclvT3e.js                                     0.56 kB │ gzip:   0.28 kB
#26 216.0 web:build: build/client/assets/header-DbyHx2jP.js                                            0.57 kB │ gzip:   0.29 kB
#26 216.0 web:build: build/client/assets/navigation-BqCLVay2.js                                        0.57 kB │ gzip:   0.33 kB
#26 216.0 web:build: build/client/assets/navigation-DsEcaPnM.js                                        0.57 kB │ gzip:   0.44 kB
#26 216.0 web:build: build/client/assets/chunk-POPQ4Y6H-CVcviUD_.js                                    0.57 kB │ gzip:   0.40 kB
#26 216.0 web:build: build/client/assets/navigation-ClIMaUBq.js                                        0.58 kB │ gzip:   0.36 kB
#26 216.0 web:build: build/client/assets/store-D8a37GxW.js                                             0.58 kB │ gzip:   0.34 kB
#26 216.0 web:build: build/client/assets/navigation-s6a8rjUD.js                                        0.58 kB │ gzip:   0.45 kB
#26 216.0 web:build: build/client/assets/close-circle-outline-DvRKw7wk.js                              0.59 kB │ gzip:   0.37 kB
#26 216.0 web:build: build/client/assets/navigation-DUAfbkEx.js                                        0.59 kB │ gzip:   0.35 kB
#26 216.0 web:build: build/client/assets/attach-outline-BX_GY1dz.js                                    0.59 kB │ gzip:   0.38 kB
#26 216.0 web:build: build/client/assets/navigation-DT5O4Z06.js                                        0.60 kB │ gzip:   0.40 kB
#26 216.0 web:build: build/client/assets/flowDiagram-HODETNUW-DOYaw_49.js                              0.61 kB │ gzip:   0.33 kB
#26 216.0 web:build: build/client/assets/navigation-DtYXdE2H.js                                        0.61 kB │ gzip:   0.38 kB
#26 216.0 web:build: build/client/assets/sort-descending-outline-DxRm6iZk.js                           0.61 kB │ gzip:   0.35 kB
#26 216.0 web:build: build/client/assets/idle-task-Bq64-0cO.js                                         0.61 kB │ gzip:   0.29 kB
#26 216.0 web:build: build/client/assets/logo-DZIQL_25.js                                              0.61 kB │ gzip:   0.42 kB
#26 216.0 web:build: build/client/assets/history-outline-BXzBXWB5.js                                   0.62 kB │ gzip:   0.40 kB
#26 216.0 web:build: build/client/assets/navigation-BZYqrf-W.js                                        0.62 kB │ gzip:   0.42 kB
#26 216.0 web:build: build/client/assets/estimates-uyhUtV-0.js                                         0.62 kB │ gzip:   0.30 kB
#26 216.0 web:build: build/client/assets/heading-Cy6rvG1m.js                                           0.62 kB │ gzip:   0.34 kB
#26 216.0 web:build: build/client/assets/navigation-Du-1i_qK.js                                        0.62 kB │ gzip:   0.43 kB
#26 216.0 web:build: build/client/assets/stale-asset-error-D1NDWPum.js                                 0.62 kB │ gzip:   0.40 kB
#26 216.0 web:build: build/client/assets/navigation-DWVC0oVz.js                                        0.62 kB │ gzip:   0.39 kB
#26 216.0 web:build: build/client/assets/page-RW6vaxKo.js                                              0.62 kB │ gzip:   0.39 kB
#26 216.0 web:build: build/client/assets/navigation-C7YqBTdQ.js                                        0.63 kB │ gzip:   0.43 kB
#26 216.0 web:build: build/client/assets/navigation-DfwLdwcN.js                                        0.63 kB │ gzip:   0.43 kB
#26 216.0 web:build: build/client/assets/table-2-DEFJgAKe.js                                           0.63 kB │ gzip:   0.37 kB
#26 216.0 web:build: build/client/assets/navigation-B8IM1-1L.js                                        0.64 kB │ gzip:   0.42 kB
#26 216.0 web:build: build/client/assets/navigation-D2aoAdRE.js                                        0.64 kB │ gzip:   0.39 kB
#26 216.0 web:build: build/client/assets/navigation-BSXINBHD.js                                        0.64 kB │ gzip:   0.47 kB
#26 216.0 web:build: build/client/assets/dist-Btb1DefK.js                                              0.64 kB │ gzip:   0.39 kB
#26 216.0 web:build: build/client/assets/navigation-lWodteL8.js                                        0.64 kB │ gzip:   0.41 kB
#26 216.0 web:build: build/client/assets/layout-DikE_iQL.js                                            0.65 kB │ gzip:   0.35 kB
#26 216.0 web:build: build/client/assets/boxed-control-item-C8gNrL-X.js                                0.65 kB │ gzip:   0.37 kB
#26 216.0 web:build: build/client/assets/infoDiagram-27XIBGKW-FBabkT2n.js                              0.65 kB │ gzip:   0.42 kB
#26 216.0 web:build: build/client/assets/layout-BhiJBeU8.js                                            0.65 kB │ gzip:   0.34 kB
#26 216.0 web:build: build/client/assets/useValueChanged-BTGMFUe6.js                                   0.66 kB │ gzip:   0.42 kB
#26 216.0 web:build: build/client/assets/user-DDZiQmsb.js                                              0.67 kB │ gzip:   0.26 kB
#26 216.0 web:build: build/client/assets/switcher-label-G_QUtiaj.js                                    0.68 kB │ gzip:   0.40 kB
#26 216.0 web:build: build/client/assets/use-issue-peek-overview-redirection-Bnky9Oo9.js               0.69 kB │ gzip:   0.42 kB
#26 216.0 web:build: build/client/assets/classname-BokbBhj4-NeaFK4vA.js                                0.69 kB │ gzip:   0.41 kB
#26 216.0 web:build: build/client/assets/user-outline-fznkQjue.js                                      0.69 kB │ gzip:   0.44 kB
#26 216.0 web:build: build/client/assets/defineProperty-BbfpZ9Tg.js                                    0.70 kB │ gzip:   0.39 kB
#26 216.0 web:build: build/client/assets/navigation-q8E9nnQX.js                                        0.70 kB │ gzip:   0.49 kB
#26 216.0 web:build: build/client/assets/placement-Db9Qu3XD-9fOd2hDl.js                                0.70 kB │ gzip:   0.22 kB
#26 216.0 web:build: build/client/assets/page-Oo5MzF5I.js                                              0.71 kB │ gzip:   0.42 kB
#26 216.0 web:build: build/client/assets/shellsession-CNqoud9i.js                                      0.71 kB │ gzip:   0.43 kB
#26 216.0 web:build: build/client/assets/page-2-ztFQXd.js                                              0.71 kB │ gzip:   0.43 kB
#26 216.0 web:build: build/client/assets/sort-ascending-outline-CO_0gwtJ.js                            0.72 kB │ gzip:   0.39 kB
#26 216.0 web:build: build/client/assets/tsv-sltzmVWM.js                                               0.73 kB │ gzip:   0.33 kB
#26 216.0 web:build: build/client/assets/navigation-97ZehB03.js                                        0.74 kB │ gzip:   0.52 kB
#26 216.0 web:build: build/client/assets/preferences-outline-DgzOOJb0.js                               0.74 kB │ gzip:   0.37 kB
#26 216.0 web:build: build/client/assets/store-wrapper-Ca7bFrQ5.js                                     0.76 kB │ gzip:   0.46 kB
#26 216.0 web:build: build/client/assets/user-plus-outline-twsOjSmR.js                                 0.76 kB │ gzip:   0.44 kB
#26 216.0 web:build: build/client/assets/globe-outline-DAsB_YeN.js                                     0.76 kB │ gzip:   0.41 kB
#26 216.0 web:build: build/client/assets/use-local-storage-BwDeE-2I.js                                 0.76 kB │ gzip:   0.37 kB
#26 216.0 web:build: build/client/assets/use-reload-confirmation-DWcfMHkn.js                           0.77 kB │ gzip:   0.45 kB
#26 216.0 web:build: build/client/assets/more-horizontal-outline-DVOAXGV5.js                           0.77 kB │ gzip:   0.38 kB
#26 216.0 web:build: build/client/assets/more-vertical-outline-DMTeQLHl.js                             0.77 kB │ gzip:   0.33 kB
#26 216.0 web:build: build/client/assets/text-outline-71YmKtHI.js                                      0.77 kB │ gzip:   0.46 kB
#26 216.0 web:build: build/client/assets/use-workspace-issue-properties-Daw8fSJU.js                    0.77 kB │ gzip:   0.32 kB
#26 216.0 web:build: build/client/assets/classDiagram-ZZMXUADV-b2S3w8CU.js                             0.78 kB │ gzip:   0.45 kB
#26 216.0 web:build: build/client/assets/classDiagram-v2-VYDZK3BY-b2S3w8CU.js                          0.78 kB │ gzip:   0.45 kB
#26 216.0 web:build: build/client/assets/simple-empty-state-root-BfIAbufB.js                           0.78 kB │ gzip:   0.44 kB
#26 216.0 web:build: build/client/assets/stateDiagram-v2-MP3YSRHH-CvOqZe4v.js                          0.78 kB │ gzip:   0.45 kB
#26 216.0 web:build: build/client/assets/navigation-Dx9tK-qf.js                                        0.79 kB │ gzip:   0.51 kB
#26 216.0 web:build: build/client/assets/view-list-loader-BbdU-GDe.js                                  0.79 kB │ gzip:   0.33 kB
#26 216.0 web:build: build/client/assets/refresh-outline-BN8NOQH1.js                                   0.79 kB │ gzip:   0.48 kB
#26 216.0 web:build: build/client/assets/item-D0YFTWE1.js                                              0.81 kB │ gzip:   0.47 kB
#26 216.0 web:build: build/client/assets/shim-GXWFP1xC.js                                              0.82 kB │ gzip:   0.44 kB
#26 216.0 web:build: build/client/assets/navigation-CQ5CgCod.js                                        0.83 kB │ gzip:   0.52 kB
#26 216.0 web:build: build/client/assets/use-timeline-chart-BSWLEr1D.js                                0.83 kB │ gzip:   0.40 kB
#26 216.0 web:build: build/client/assets/edit-outline-CktuMefr.js                                      0.83 kB │ gzip:   0.52 kB
#26 216.0 web:build: build/client/assets/layout-CA8h7G2c.js                                            0.84 kB │ gzip:   0.43 kB
#26 216.0 web:build: build/client/assets/html-derivative-XVVVELDI.js                                   0.84 kB │ gzip:   0.45 kB
#26 216.0 web:build: build/client/assets/swimlanesDiagram-VR7AAH4N-aMsRtHGO.js                         0.87 kB │ gzip:   0.49 kB
#26 216.0 web:build: build/client/assets/sizeCapture-INFHLROL-B0uUizjq.js                              0.87 kB │ gzip:   0.51 kB
#26 216.0 web:build: build/client/assets/loading-outline-BMo4GRfN.js                                   0.87 kB │ gzip:   0.45 kB
#26 216.0 web:build: build/client/assets/empty-state-DrqeXBrN.js                                       0.88 kB │ gzip:   0.48 kB
#26 216.0 web:build: build/client/assets/card-BJ9a4xMU-C4FHw9XG.js                                     0.90 kB │ gzip:   0.55 kB
#26 216.0 web:build: build/client/assets/with-selector-DJ_pIAnD.js                                     0.90 kB │ gzip:   0.51 kB
#26 216.0 web:build: build/client/assets/page-header-D_NnYSxL.js                                       0.90 kB │ gzip:   0.48 kB
#26 216.0 web:build: build/client/assets/your-work-outline-Ds6czjaK.js                                 0.91 kB │ gzip:   0.52 kB
#26 216.0 web:build: build/client/assets/layout-CuQIVgY2.js                                            0.91 kB │ gzip:   0.47 kB
#26 216.0 web:build: build/client/assets/views-outline-CnLNesc7.js                                     0.92 kB │ gzip:   0.48 kB
#26 216.0 web:build: build/client/assets/feature-control-item-CBfW-_Zm.js                              0.93 kB │ gzip:   0.55 kB
#26 216.0 web:build: build/client/assets/intake-outline-DYPSZVvS.js                                    0.93 kB │ gzip:   0.57 kB
#26 216.0 web:build: build/client/assets/not-authorized-view-CVJ71kw7.js                               0.94 kB │ gzip:   0.56 kB
#26 216.0 web:build: build/client/assets/app-header-Cu08qiaG.js                                        0.94 kB │ gzip:   0.52 kB
#26 216.0 web:build: build/client/assets/cycle-DeWIh6z9.js                                             0.94 kB │ gzip:   0.39 kB
#26 216.0 web:build: build/client/assets/delete-view-modal-Cna0jL7C.js                                 0.95 kB │ gzip:   0.58 kB
#26 216.0 web:build: build/client/assets/estimate-outline-md1UPQY6.js                                  0.95 kB │ gzip:   0.58 kB
#26 216.0 web:build: build/client/assets/timezone-select-DbtKJl1f.js                                   0.96 kB │ gzip:   0.55 kB
#26 216.0 web:build: build/client/assets/object-assign-CSu7rNLz.js                                     0.97 kB │ gzip:   0.55 kB
#26 216.0 web:build: build/client/assets/cycle-B5PS1b5t.js                                             0.97 kB │ gzip:   0.33 kB
#26 216.0 web:build: build/client/assets/auth-banner-DOCPF6f_.js                                       0.98 kB │ gzip:   0.52 kB
#26 216.0 web:build: build/client/assets/quick-action-BBeJq3TN.js                                      0.98 kB │ gzip:   0.54 kB
#26 216.0 web:build: build/client/assets/navigation-BOup1Hr4.js                                        0.98 kB │ gzip:   0.50 kB
#26 216.0 web:build: build/client/assets/git-rebase-ByXPFkFV.js                                        0.98 kB │ gzip:   0.44 kB
#26 216.0 web:build: build/client/assets/page-main-DDNfytVf.js                                         0.99 kB │ gzip:   0.52 kB
#26 216.0 web:build: build/client/assets/qmldir-DCQb3MpD.js                                            0.99 kB │ gzip:   0.44 kB
#26 216.0 web:build: build/client/assets/cycle-dvriEX0g.js                                             0.99 kB │ gzip:   0.48 kB
#26 216.0 web:build: build/client/assets/archives-sC_Rm0IP.js                                          1.00 kB │ gzip:   0.59 kB
#26 216.0 web:build: build/client/assets/cycle-DxkYXGor.js                                             1.01 kB │ gzip:   0.44 kB
#26 216.0 web:build: build/client/assets/cycle-D5t8Y-7W.js                                             1.02 kB │ gzip:   0.46 kB
#26 216.0 web:build: build/client/assets/download-outline-DHZCeI5D.js                                  1.02 kB │ gzip:   0.57 kB
#26 216.0 web:build: build/client/assets/cycle-CfQe845I.js                                             1.02 kB │ gzip:   0.46 kB
#26 216.0 web:build: build/client/assets/share-alt-outline-HW16WbzL.js                                 1.03 kB │ gzip:   0.57 kB
#26 216.0 web:build: build/client/assets/log-out-outline-BKurlDIA.js                                   1.04 kB │ gzip:   0.58 kB
#26 216.0 web:build: build/client/assets/set-custom-native-drag-preview-DS8zfUTx.js                    1.04 kB │ gzip:   0.59 kB
#26 216.0 web:build: build/client/assets/avatar-group-overflow-B4M-OZso.js                             1.05 kB │ gzip:   0.58 kB
#26 216.0 web:build: build/client/assets/drafts-outline-DdNLh8C8.js                                    1.06 kB │ gzip:   0.63 kB
#26 216.0 web:build: build/client/assets/accessibility-D4EXqEnb.js                                     1.07 kB │ gzip:   0.43 kB
#26 216.0 web:build: build/client/assets/warning-triangle-outline-C1cA1fGu.js                          1.08 kB │ gzip:   0.64 kB
#26 216.0 web:build: build/client/assets/unsubscribe-outline-CoNhCP6k.js                               1.09 kB │ gzip:   0.64 kB
#26 216.0 web:build: build/client/assets/page-Dt5zPgrX.js                                              1.09 kB │ gzip:   0.59 kB
#26 216.0 web:build: build/client/assets/accessibility-BQcIZjYx.js                                     1.09 kB │ gzip:   0.47 kB
#26 216.0 web:build: build/client/assets/cycle-CyvzUTW7.js                                             1.10 kB │ gzip:   0.41 kB
#26 216.0 web:build: build/client/assets/accessibility-B8UHxxw1.js                                     1.10 kB │ gzip:   0.57 kB
#26 216.0 web:build: build/client/assets/accessibility-BLUhcc8y.js                                     1.11 kB │ gzip:   0.58 kB
#26 216.0 web:build: build/client/assets/cycle-DiwsS6oM.js                                             1.11 kB │ gzip:   0.39 kB
#26 216.0 web:build: build/client/assets/delete-outline-BSIgHtLI.js                                    1.12 kB │ gzip:   0.64 kB
#26 216.0 web:build: build/client/assets/cycle-DF493Btw.js                                             1.12 kB │ gzip:   0.49 kB
#26 216.0 web:build: build/client/assets/update-C8w1XOVM.js                                            1.13 kB │ gzip:   0.48 kB
#26 216.0 web:build: build/client/assets/cycle-D7vs53Oo.js                                             1.13 kB │ gzip:   0.42 kB
#26 216.0 web:build: build/client/assets/update-CjAZ4z4G.js                                            1.13 kB │ gzip:   0.48 kB
#26 216.0 web:build: build/client/assets/csv-Dx-8-gkx.js                                               1.13 kB │ gzip:   0.36 kB
#26 216.0 web:build: build/client/assets/legal-page-layout-UT6JwmIA.js                                 1.13 kB │ gzip:   0.51 kB
#26 216.0 web:build: build/client/assets/subscribe-outline-vw6uutfb.js                                 1.14 kB │ gzip:   0.66 kB
#26 216.0 web:build: build/client/assets/cycle-DrVqS3NR.js                                             1.14 kB │ gzip:   0.37 kB
#26 216.0 web:build: build/client/assets/project-cP9QzAil.js                                           1.15 kB │ gzip:   0.67 kB
#26 216.0 web:build: build/client/assets/cycle-BLCWoNiO.js                                             1.15 kB │ gzip:   0.37 kB
#26 216.0 web:build: build/client/assets/cycle-B2ZyR9pF.js                                             1.16 kB │ gzip:   0.41 kB
#26 216.0 web:build: build/client/assets/accessibility-NhUQVmjG.js                                     1.17 kB │ gzip:   0.50 kB
#26 216.0 web:build: build/client/assets/cycle-LxEDU9lI.js                                             1.17 kB │ gzip:   0.46 kB
#26 216.0 web:build: build/client/assets/ordinal-BeZAVUpG.js                                           1.18 kB │ gzip:   0.56 kB
#26 216.0 web:build: build/client/assets/notification-B9m_tc1v.js                                      1.19 kB │ gzip:   0.59 kB
#26 216.0 web:build: build/client/assets/drag-drop-outline-D2c544WI.js                                 1.19 kB │ gzip:   0.45 kB
#26 216.0 web:build: build/client/assets/preload-helper-zJ_50EbN.js                                    1.19 kB │ gzip:   0.68 kB
#26 216.0 web:build: build/client/assets/accessibility-DgBZYeJ0.js                                     1.19 kB │ gzip:   0.51 kB
#26 216.0 web:build: build/client/assets/notification-C7-pa3Tg.js                                      1.19 kB │ gzip:   0.49 kB
#26 216.0 web:build: build/client/assets/use-timezone-Ce-1-_ut.js                                      1.19 kB │ gzip:   0.67 kB
#26 216.0 web:build: build/client/assets/accessibility-ipHRSZbw.js                                     1.21 kB │ gzip:   0.54 kB
#26 216.0 web:build: build/client/assets/notification-B7BA7R9W.js                                      1.21 kB │ gzip:   0.59 kB
#26 216.0 web:build: build/client/assets/work-items-outline-xl6dZOuk.js                                1.21 kB │ gzip:   0.60 kB
#26 216.0 web:build: build/client/assets/notification-jgmydpsu.js                                      1.22 kB │ gzip:   0.61 kB
#26 216.0 web:build: build/client/assets/accessibility-D-Mt4Scb.js                                     1.22 kB │ gzip:   0.59 kB
#26 216.0 web:build: build/client/assets/show-outline-CyNcZfcU.js                                      1.22 kB │ gzip:   0.69 kB
#26 216.0 web:build: build/client/assets/git-commit-BSykSTBG.js                                        1.22 kB │ gzip:   0.52 kB
#26 216.0 web:build: build/client/assets/accessibility-CnzUlPkz.js                                     1.23 kB │ gzip:   0.59 kB
#26 216.0 web:build: build/client/assets/cycle-d_QSGM59.js                                             1.23 kB │ gzip:   0.43 kB
#26 216.0 web:build: build/client/assets/notification-CBArI57Q.js                                      1.23 kB │ gzip:   0.59 kB
#26 216.0 web:build: build/client/assets/accessibility-Cr2PD2yM.js                                     1.24 kB │ gzip:   0.52 kB
#26 216.0 web:build: build/client/assets/cycle-CMLNxEac.js                                             1.25 kB │ gzip:   0.48 kB
#26 216.0 web:build: build/client/assets/accessibility-BQmUWERD.js                                     1.25 kB │ gzip:   0.53 kB
#26 216.0 web:build: build/client/assets/accessibility-CzmFrBCk.js                                     1.26 kB │ gzip:   0.56 kB
#26 216.0 web:build: build/client/assets/notification-Dxoprgql.js                                      1.26 kB │ gzip:   0.57 kB
#26 216.0 web:build: build/client/assets/members-outline-aNP6KWOE.js                                   1.26 kB │ gzip:   0.67 kB
#26 216.0 web:build: build/client/assets/notification-CxnFVmWu.js                                      1.27 kB │ gzip:   0.63 kB
#26 216.0 web:build: build/client/assets/accessibility-CR_KmoJP.js                                     1.28 kB │ gzip:   0.54 kB
#26 216.0 web:build: build/client/assets/spreadsheet.service-zlOOR5Gj.js                               1.28 kB │ gzip:   0.46 kB
#26 216.0 web:build: build/client/assets/accessibility-CNFqTqc1.js                                     1.28 kB │ gzip:   0.56 kB
#26 216.0 web:build: build/client/assets/accessibility-DCWBpQfM.js                                     1.28 kB │ gzip:   0.57 kB
#26 216.0 web:build: build/client/assets/not-found-BG10JiIF.js                                         1.29 kB │ gzip:   0.67 kB
#26 216.0 web:build: build/client/assets/modal-BlVsnFYD.js                                             1.29 kB │ gzip:   0.66 kB
#26 216.0 web:build: build/client/assets/cycle-Br4_kFbg.js                                             1.30 kB │ gzip:   0.49 kB
#26 216.0 web:build: build/client/assets/new-tab-outline-BO0CqHkA.js                                   1.31 kB │ gzip:   0.72 kB
#26 216.0 web:build: build/client/assets/update-Bs0CYcQG.js                                            1.31 kB │ gzip:   0.42 kB
#26 216.0 web:build: build/client/assets/update-CSsa5wh_.js                                            1.31 kB │ gzip:   0.42 kB
#26 216.0 web:build: build/client/assets/accessibility-DrP5yOuM.js                                     1.32 kB │ gzip:   0.55 kB
#26 216.0 web:build: build/client/assets/notification-Cf_dwYO-.js                                      1.32 kB │ gzip:   0.56 kB
#26 216.0 web:build: build/client/assets/breadcrumb-link-Dm8OWw_7.js                                   1.33 kB │ gzip:   0.65 kB
#26 216.0 web:build: build/client/assets/page-ucVOaLVD.js                                              1.34 kB │ gzip:   0.72 kB
#26 216.0 web:build: build/client/assets/update-iA32HFHc.js                                            1.34 kB │ gzip:   0.42 kB
#26 216.0 web:build: build/client/assets/notification-Cc0LF_0s.js                                      1.36 kB │ gzip:   0.59 kB
#26 216.0 web:build: build/client/assets/xsl-BfYUpXHD.js                                               1.36 kB │ gzip:   0.50 kB
#26 216.0 web:build: build/client/assets/editor-C8d3c6f1.js                                            1.36 kB │ gzip:   0.88 kB
#26 216.0 web:build: build/client/assets/editor-D9uKlQNP.js                                            1.36 kB │ gzip:   0.72 kB
#26 216.0 web:build: build/client/assets/stickies-ClHcN2yG.js                                          1.36 kB │ gzip:   0.61 kB
#26 216.0 web:build: build/client/assets/notification-D-HP9dIZ.js                                      1.37 kB │ gzip:   0.60 kB
#26 216.0 web:build: build/client/assets/editor-Dz__fgJl.js                                            1.37 kB │ gzip:   0.88 kB
#26 216.0 web:build: build/client/assets/hide-outline-vFiOAjLQ.js                                      1.37 kB │ gzip:   0.79 kB
#26 216.0 web:build: build/client/assets/item-icon-T9QxD4UX.js                                         1.38 kB │ gzip:   0.76 kB
#26 216.0 web:build: build/client/assets/right-side-pane-outline-0uanZKjy.js                           1.38 kB │ gzip:   0.71 kB
#26 216.0 web:build: build/client/assets/left-side-pane-outline-OrvzV43x.js                            1.38 kB │ gzip:   0.72 kB
#26 216.0 web:build: build/client/assets/layout-CRHhgcBJ2.js                                           1.38 kB │ gzip:   0.62 kB
#26 216.0 web:build: build/client/assets/notification-DV3pkMeg.js                                      1.38 kB │ gzip:   0.58 kB
#26 216.0 web:build: build/client/assets/layout-B33Z3ACL2.js                                           1.39 kB │ gzip:   0.69 kB
#26 216.0 web:build: build/client/assets/stickies-BOopgToa.js                                          1.40 kB │ gzip:   0.64 kB
#26 216.0 web:build: build/client/assets/notification-C2NymONr.js                                      1.40 kB │ gzip:   0.54 kB
#26 216.0 web:build: build/client/assets/stickies-BD412TOZ.js                                          1.40 kB │ gzip:   0.62 kB
#26 216.0 web:build: build/client/assets/editor-CjJvmzeg.js                                            1.41 kB │ gzip:   0.71 kB
#26 216.0 web:build: build/client/assets/editor-D55xgWbP.js                                            1.41 kB │ gzip:   0.71 kB
#26 216.0 web:build: build/client/assets/dotenv-_5a1GRtc.js                                            1.41 kB │ gzip:   0.52 kB
#26 216.0 web:build: build/client/assets/chunk-GVQU2GXP-DWazOrsj.js                                    1.41 kB │ gzip:   0.79 kB
#26 216.0 web:build: build/client/assets/update-CnPj348P.js                                            1.42 kB │ gzip:   0.49 kB
#26 216.0 web:build: build/client/assets/notification-B_rPo2wZ.js                                      1.43 kB │ gzip:   0.58 kB
#26 216.0 web:build: build/client/assets/stickies-DLZST_b8.js                                          1.43 kB │ gzip:   0.75 kB
#26 216.0 web:build: build/client/assets/lock-outline-Bhcw13TW.js                                      1.43 kB │ gzip:   0.76 kB
#26 216.0 web:build: build/client/assets/update-Dd9QvDnX.js                                            1.44 kB │ gzip:   0.49 kB
#26 216.0 web:build: build/client/assets/update-LhyR9QJh.js                                            1.44 kB │ gzip:   0.47 kB
#26 216.0 web:build: build/client/assets/update-BfrENPvc.js                                            1.44 kB │ gzip:   0.47 kB
#26 216.0 web:build: build/client/assets/update-C6IA3k25.js                                            1.45 kB │ gzip:   0.47 kB
#26 216.0 web:build: build/client/assets/stickies-EYuu1GDb.js                                          1.45 kB │ gzip:   0.74 kB
#26 216.0 web:build: build/client/assets/cycle-DR2rymXL.js                                             1.45 kB │ gzip:   0.59 kB
#26 216.0 web:build: build/client/assets/stickies-DHGGcv1S.js                                          1.45 kB │ gzip:   0.61 kB
#26 216.0 web:build: build/client/assets/notification-SbuGAHCn.js                                      1.46 kB │ gzip:   0.61 kB
#26 216.0 web:build: build/client/assets/sparql-D_iOobhT.js                                            1.47 kB │ gzip:   0.81 kB
#26 216.0 web:build: build/client/assets/update-DmPqVTRS.js                                            1.47 kB │ gzip:   0.49 kB
#26 216.0 web:build: build/client/assets/notification-BFc03mUq.js                                      1.48 kB │ gzip:   0.66 kB
#26 216.0 web:build: build/client/assets/detailed-empty-state-root-TYP5hunS.js                         1.49 kB │ gzip:   0.71 kB
#26 216.0 web:build: build/client/assets/accessibility-yEraC9NC.js                                     1.49 kB │ gzip:   0.64 kB
#26 216.0 web:build: build/client/assets/update-CCLJ_fJo.js                                            1.50 kB │ gzip:   0.48 kB
#26 216.0 web:build: build/client/assets/archive-outline-CQLUVPfv.js                                   1.50 kB │ gzip:   0.79 kB
#26 216.0 web:build: build/client/assets/editor-CLwEiGz0.js                                            1.50 kB │ gzip:   0.78 kB
#26 216.0 web:build: build/client/assets/ini-B5eOa1yu.js                                               1.51 kB │ gzip:   0.49 kB
#26 216.0 web:build: build/client/assets/notification-6Oqa1k0M.js                                      1.52 kB │ gzip:   0.67 kB
#26 216.0 web:build: build/client/assets/star-outline-B8U6eBvv.js                                      1.52 kB │ gzip:   0.83 kB
#26 216.0 web:build: build/client/assets/calendar-outline-DAnycZqb.js                                  1.53 kB │ gzip:   0.80 kB
#26 216.0 web:build: build/client/assets/editor-CeIv_70r.js                                            1.53 kB │ gzip:   0.80 kB
#26 216.0 web:build: build/client/assets/sidebar-item-DNnFUoJT.js                                      1.53 kB │ gzip:   0.66 kB
#26 216.0 web:build: build/client/assets/band-CcbG6rPL.js                                              1.53 kB │ gzip:   0.66 kB
#26 216.0 web:build: build/client/assets/analytics-outline-TSbC0nm5.js                                 1.53 kB │ gzip:   0.75 kB
#26 216.0 web:build: build/client/assets/editor-Bh_GAXPM.js                                            1.53 kB │ gzip:   0.78 kB
#26 216.0 web:build: build/client/assets/editor-DJ2FH1dc.js                                            1.53 kB │ gzip:   0.87 kB
#26 216.0 web:build: build/client/assets/update-ChLrr9fs.js                                            1.54 kB │ gzip:   0.48 kB
#26 216.0 web:build: build/client/assets/labels-outline-oiaDSpHT.js                                    1.54 kB │ gzip:   0.86 kB
#26 216.0 web:build: build/client/assets/editor-CsclI_l7.js                                            1.55 kB │ gzip:   0.84 kB
#26 216.0 web:build: build/client/assets/update-C3Jt3B0_.js                                            1.55 kB │ gzip:   0.51 kB
#26 216.0 web:build: build/client/assets/stickies-BAsQSArt.js                                          1.56 kB │ gzip:   0.63 kB
#26 216.0 web:build: build/client/assets/update-BUEafTml.js                                            1.56 kB │ gzip:   0.50 kB
#26 216.0 web:build: build/client/assets/full-screen-outline-DXz6Odiv.js                               1.56 kB │ gzip:   0.72 kB
#26 216.0 web:build: build/client/assets/editor-1TMSTfmz.js                                            1.56 kB │ gzip:   0.86 kB
#26 216.0 web:build: build/client/assets/editor-Dls9mXQz.js                                            1.57 kB │ gzip:   0.81 kB
#26 216.0 web:build: build/client/assets/chat-outline-BuuFSA_R.js                                      1.58 kB │ gzip:   0.85 kB
#26 216.0 web:build: build/client/assets/createLucideIcon-BYvbaT6r.js                                  1.58 kB │ gzip:   0.88 kB
#26 216.0 web:build: build/client/assets/editor-De5TxNi3.js                                            1.59 kB │ gzip:   0.87 kB
#26 216.0 web:build: build/client/assets/editor-CYBhW5_V.js                                            1.60 kB │ gzip:   0.87 kB
#26 216.0 web:build: build/client/assets/issue-identifier-CD9HnsO1.js                                  1.61 kB │ gzip:   0.83 kB
#26 216.0 web:build: build/client/assets/editor-B02bGHct.js                                            1.63 kB │ gzip:   0.86 kB
#26 216.0 web:build: build/client/assets/stickies-4F7kLiLw.js                                          1.63 kB │ gzip:   0.68 kB
#26 216.0 web:build: build/client/assets/tenfold-clipart-005-jtT7GxYl.js                               1.64 kB │ gzip:   0.75 kB
#26 216.0 web:build: build/client/assets/inbox-outline-CSnpwSu8.js                                     1.64 kB │ gzip:   0.91 kB
#26 216.0 web:build: build/client/assets/notification-BgWacxht.js                                      1.64 kB │ gzip:   0.66 kB
#26 216.0 web:build: build/client/assets/header-BHavRSaP.js                                            1.64 kB │ gzip:   0.83 kB
#26 216.0 web:build: build/client/assets/cycle-BmdOrFeq.js                                             1.64 kB │ gzip:   0.59 kB
#26 216.0 web:build: build/client/assets/editor-CsyWhYw0.js                                            1.64 kB │ gzip:   0.85 kB
#26 216.0 web:build: build/client/assets/editor-K-zlyR8a.js                                            1.65 kB │ gzip:   0.96 kB
#26 216.0 web:build: build/client/assets/update-BptTTuGs.js                                            1.65 kB │ gzip:   0.55 kB
#26 216.0 web:build: build/client/assets/update-BIZQAU3t.js                                            1.66 kB │ gzip:   0.53 kB
#26 216.0 web:build: build/client/assets/fortran-fixed-form-DEKoE2YW.js                                1.66 kB │ gzip:   0.68 kB
#26 216.0 web:build: build/client/assets/railroadDiagram-O6MQD6OU-BPbswrUt.js                          1.67 kB │ gzip:   0.77 kB
#26 216.0 web:build: build/client/assets/update-B1F3qxUG.js                                            1.67 kB │ gzip:   0.54 kB
#26 216.0 web:build: build/client/assets/restore-outline-C_oJzKrJ.js                                   1.68 kB │ gzip:   0.88 kB
#26 216.0 web:build: build/client/assets/use-issues-5p-sxNYB.js                                        1.69 kB │ gzip:   0.52 kB
#26 216.0 web:build: build/client/assets/stickies-Cd_MpKOS.js                                          1.69 kB │ gzip:   0.71 kB
#26 216.0 web:build: build/client/assets/inbox-CyXjmfio.js                                             1.69 kB │ gzip:   0.68 kB
#26 216.0 web:build: build/client/assets/page-HwaaQS4v2.js                                             1.71 kB │ gzip:   0.86 kB
#26 216.0 web:build: build/client/assets/editor-xMRfWQKg.js                                            1.72 kB │ gzip:   0.95 kB
#26 216.0 web:build: build/client/assets/table-C8DJ91oo.js                                             1.72 kB │ gzip:   0.58 kB
#26 216.0 web:build: build/client/assets/accessibility-BuaoyyHR.js                                     1.73 kB │ gzip:   0.67 kB
#26 216.0 web:build: build/client/assets/docker-IyjqRm3v.js                                            1.73 kB │ gzip:   0.59 kB
#26 216.0 web:build: build/client/assets/inbox-BGoYM5RD.js                                             1.73 kB │ gzip:   0.83 kB
#26 216.0 web:build: build/client/assets/banner-D3LC5vrX.js                                            1.73 kB │ gzip:   0.91 kB
#26 216.0 web:build: build/client/assets/hxml-B0Qn7Nwc.js                                              1.74 kB │ gzip:   0.87 kB
#26 216.0 web:build: build/client/assets/stickies-DXkko7pj.js                                          1.75 kB │ gzip:   0.73 kB
#26 216.0 web:build: build/client/assets/accessibility-S0A2pM7w.js                                     1.75 kB │ gzip:   0.68 kB
#26 216.0 web:build: build/client/assets/pages-outline-DFtt_kCD.js                                     1.75 kB │ gzip:   0.94 kB
#26 216.0 web:build: build/client/assets/stickies-xezFSRlG.js                                          1.76 kB │ gzip:   0.69 kB
#26 216.0 web:build: build/client/assets/notification-0D78fylh.js                                      1.77 kB │ gzip:   0.73 kB
#26 216.0 web:build: build/client/assets/nav-BY-LQBvS.js                                               1.78 kB │ gzip:   0.91 kB
#26 216.0 web:build: build/client/assets/bar-outline-B_WEgFlg.js                                       1.78 kB │ gzip:   0.80 kB
#26 216.0 web:build: build/client/assets/inbox-BdSBIQGa.js                                             1.79 kB │ gzip:   0.84 kB
#26 216.0 web:build: build/client/assets/cycle-_hsDpoFZ.js                                             1.81 kB │ gzip:   0.56 kB
#26 216.0 web:build: build/client/assets/stickies-BWp1zEGf.js                                          1.81 kB │ gzip:   0.69 kB
#26 216.0 web:build: build/client/assets/stickies-zxCdHD6X.js                                          1.81 kB │ gzip:   0.66 kB
#26 216.0 web:build: build/client/assets/useButton-C91HIWmu.js                                         1.81 kB │ gzip:   0.91 kB
#26 216.0 web:build: build/client/assets/layout-gvFn70LG.js                                            1.81 kB │ gzip:   0.89 kB
#26 216.0 web:build: build/client/assets/settings-outline-CxpnsXng.js                                  1.81 kB │ gzip:   0.86 kB
#26 216.0 web:build: build/client/assets/desktop-Dlh5hvp9.js                                           1.82 kB │ gzip:   0.75 kB
#26 216.0 web:build: build/client/assets/home-outline-Dnb7EgqE.js                                      1.82 kB │ gzip:   0.96 kB
#26 216.0 web:build: build/client/assets/search-BBfm18iK.js                                            1.83 kB │ gzip:   0.98 kB
#26 216.0 web:build: build/client/assets/inbox-CzSbXCuf.js                                             1.83 kB │ gzip:   0.73 kB
#26 216.0 web:build: build/client/assets/rocket-outline-hMKrZUdP.js                                    1.84 kB │ gzip:   1.01 kB
#26 216.0 web:build: build/client/assets/abnfDiagram-VCTEODGH-CTZ3dsyg.js                              1.85 kB │ gzip:   0.90 kB
#26 216.0 web:build: build/client/assets/dist-C2l0gVnB.js                                              1.86 kB │ gzip:   0.82 kB
#26 216.0 web:build: build/client/assets/stickies-_TRS2pEo.js                                          1.86 kB │ gzip:   0.72 kB
#26 216.0 web:build: build/client/assets/stickies-CXZ7apo0.js                                          1.87 kB │ gzip:   0.79 kB
#26 216.0 web:build: build/client/assets/editor-8uPv90T0.js                                            1.88 kB │ gzip:   1.01 kB
#26 216.0 web:build: build/client/assets/update-CbRXisSh.js                                            1.89 kB │ gzip:   0.57 kB
#26 216.0 web:build: build/client/assets/page-Bcj_rzFb.js                                              1.90 kB │ gzip:   0.87 kB
#26 216.0 web:build: build/client/assets/page-DzuXf8fq2.js                                             1.91 kB │ gzip:   0.87 kB
#26 216.0 web:build: [plugin builtin:vite-reporter] 
#26 216.0 web:build: (!) Some chunks are larger than 500 kB after minification. Consider:
#26 216.0 web:build: - Using dynamic import() to code-split the application
#26 216.0 web:build: - Use build.rolldownOptions.output.codeSplitting to improve chunking: https://rolldown.rs/reference/OutputOptions.codeSplitting
#26 216.0 web:build: - Adjust chunk size limit for this warning via build.chunkSizeWarningLimit.
#26 216.0 web:build: build/client/assets/page-KG5IeWPD.js                                              1.91 kB │ gzip:   0.87 kB
#26 216.0 web:build: build/client/assets/inbox-Cbnl-aS7.js                                             1.91 kB │ gzip:   0.80 kB
#26 216.0 web:build: build/client/assets/layout-D0evLWp6.js                                            1.91 kB │ gzip:   0.82 kB
#26 216.0 web:build: build/client/assets/page-DVivtqRa2.js                                             1.91 kB │ gzip:   0.87 kB
#26 216.0 web:build: build/client/assets/page-RZveidlt2.js                                             1.92 kB │ gzip:   0.87 kB
#26 216.0 web:build: build/client/assets/layout-pYJJo1LI.js                                            1.92 kB │ gzip:   1.00 kB
#26 216.0 web:build: build/client/assets/stickies-D2nrXJGB.js                                          1.92 kB │ gzip:   0.82 kB
#26 216.0 web:build: build/client/assets/stickies-Bg8J5S7L.js                                          1.94 kB │ gzip:   0.74 kB
#26 216.0 web:build: build/client/assets/chunk-P2QGCYS3-BLaSqtN_.js                                    1.94 kB │ gzip:   0.95 kB
#26 216.0 web:build: build/client/assets/group-outline-CpRxL6dM.js                                     1.95 kB │ gzip:   0.79 kB
#26 216.0 web:build: build/client/assets/tabs-CzO8Zh6z.js                                              1.95 kB │ gzip:   0.86 kB
#26 216.0 web:build: build/client/assets/inbox-ComAIQ3F.js                                             1.95 kB │ gzip:   0.82 kB
#26 216.0 web:build: build/client/assets/stickies-COKdzQ12.js                                          1.96 kB │ gzip:   0.80 kB
#26 216.0 web:build: build/client/assets/chunk-F27PBJKO-DkKs43kG.js                                    1.97 kB │ gzip:   0.88 kB
#26 216.0 web:build: build/client/assets/inbox-BKRXQltC.js                                             1.97 kB │ gzip:   0.86 kB
#26 216.0 web:build: build/client/assets/list-layout-loader-6njJ4YKa.js                                1.97 kB │ gzip:   0.74 kB
#26 216.0 web:build: build/client/assets/home-CbmHN0It.js                                              1.98 kB │ gzip:   1.16 kB
#26 216.0 web:build: build/client/assets/inbox-B34C7Je0.js                                             1.98 kB │ gzip:   0.79 kB
#26 216.0 web:build: build/client/assets/mentions-BM_ZFhEY.js                                          1.99 kB │ gzip:   0.99 kB
#26 216.0 web:build: build/client/assets/home-DznqmMiT.js                                              1.99 kB │ gzip:   0.94 kB
#26 216.0 web:build: build/client/assets/pegDiagram-XKGWAZYB-C4KLKJ4K.js                               2.01 kB │ gzip:   0.94 kB
#26 216.0 web:build: build/client/assets/copy-outline-CcnHPvQR.js                                      2.01 kB │ gzip:   1.00 kB
#26 216.0 web:build: build/client/assets/inbox-D4dXh12P.js                                             2.01 kB │ gzip:   0.77 kB
#26 216.0 web:build: build/client/assets/inbox-B7NrK4yx.js                                             2.02 kB │ gzip:   0.83 kB
#26 216.0 web:build: build/client/assets/inbox-1vO_HSZF.js                                             2.02 kB │ gzip:   0.84 kB
#26 216.0 web:build: build/client/assets/page-DylPIIQO.js                                              2.02 kB │ gzip:   1.06 kB
#26 216.0 web:build: build/client/assets/notification-B1iKTLvc.js                                      2.02 kB │ gzip:   0.77 kB
#26 216.0 web:build: build/client/assets/header-CHpZV-gT.js                                            2.02 kB │ gzip:   0.97 kB
#26 216.0 web:build: build/client/assets/delete-issue-modal-k6QGCzW1.js                                2.03 kB │ gzip:   1.07 kB
#26 216.0 web:build: build/client/assets/home-DrP0GoER.js                                              2.04 kB │ gzip:   1.18 kB
#26 216.0 web:build: build/client/assets/filters-toggle-NnuHwz_j.js                                    2.04 kB │ gzip:   0.99 kB
#26 216.0 web:build: build/client/assets/inbox-CXVoxsYS.js                                             2.05 kB │ gzip:   0.89 kB
#26 216.0 web:build: build/client/assets/list-Cx_HYnB8.js                                              2.06 kB │ gzip:   0.91 kB
#26 216.0 web:build: build/client/assets/ebnfDiagram-PWID7BFC-DwQlvj17.js                              2.07 kB │ gzip:   0.89 kB
#26 216.0 web:build: build/client/assets/home-C9Lgq3pX.js                                              2.10 kB │ gzip:   0.98 kB
#26 216.0 web:build: build/client/assets/projects-outline-NYzaVVEp.js                                  2.11 kB │ gzip:   1.09 kB
#26 216.0 web:build: build/client/assets/inbox-B_YbFchw.js                                             2.12 kB │ gzip:   0.77 kB
#26 216.0 web:build: build/client/assets/inbox-CwZXCT-7.js                                             2.12 kB │ gzip:   0.79 kB
#26 216.0 web:build: build/client/assets/dist-DRwGzcj6.js                                              2.13 kB │ gzip:   0.98 kB
#26 216.0 web:build: build/client/assets/erb-DODaqbp1.js                                               2.13 kB │ gzip:   0.62 kB
#26 216.0 web:build: build/client/assets/wenyan-C8pVoKbM.js                                            2.15 kB │ gzip:   1.08 kB
#26 216.0 web:build: build/client/assets/home-TJ8b8-e-.js                                              2.17 kB │ gzip:   1.03 kB
#26 216.0 web:build: build/client/assets/page-CWxgyLJs.js                                              2.17 kB │ gzip:   0.98 kB
#26 216.0 web:build: build/client/assets/inbox-BWlEr0sU.js                                             2.19 kB │ gzip:   0.83 kB
#26 216.0 web:build: build/client/assets/home-Cv3rrnsh.js                                              2.19 kB │ gzip:   1.15 kB
#26 216.0 web:build: build/client/assets/editor-M5eH8WNJ.js                                            2.20 kB │ gzip:   1.07 kB
#26 216.0 web:build: build/client/assets/home-fJdaOPRY.js                                              2.21 kB │ gzip:   1.14 kB
#26 216.0 web:build: build/client/assets/icon-button-CocVoBAt.js                                       2.21 kB │ gzip:   0.81 kB
#26 216.0 web:build: build/client/assets/home-CmlRYo28.js                                              2.21 kB │ gzip:   1.16 kB
#26 216.0 web:build: build/client/assets/inbox-Cz_NVkRG.js                                             2.21 kB │ gzip:   0.90 kB
#26 216.0 web:build: build/client/assets/home-BhjFvhuS.js                                              2.21 kB │ gzip:   1.05 kB
#26 216.0 web:build: build/client/assets/home-CD58KrrL.js                                              2.21 kB │ gzip:   1.06 kB
#26 216.0 web:build: build/client/assets/editor-sGPtM-Uv.js                                            2.22 kB │ gzip:   1.09 kB
#26 216.0 web:build: build/client/assets/jssm-DXw9l8Rf.js                                              2.23 kB │ gzip:   0.61 kB
#26 216.0 web:build: build/client/assets/home-Btoy6BFS.js                                              2.23 kB │ gzip:   1.15 kB
#26 216.0 web:build: build/client/assets/home-ByA440WL.js                                              2.26 kB │ gzip:   1.12 kB
#26 216.0 web:build: build/client/assets/authentication-wrapper-DHHYDUw6.js                            2.28 kB │ gzip:   0.98 kB
#26 216.0 web:build: build/client/assets/update-iyaPkiRF.js                                            2.28 kB │ gzip:   0.65 kB
#26 216.0 web:build: build/client/assets/stickies-DD4JejTI.js                                          2.29 kB │ gzip:   0.86 kB
#26 216.0 web:build: build/client/assets/edge-C_Kw06iH.js                                              2.30 kB │ gzip:   0.67 kB
#26 216.0 web:build: build/client/assets/home-Dy8bBDEt.js                                              2.31 kB │ gzip:   1.10 kB
#26 216.0 web:build: build/client/assets/reg-CRGYupPL.js                                               2.33 kB │ gzip:   0.69 kB
#26 216.0 web:build: build/client/assets/inbox-Cwge4mjU.js                                             2.35 kB │ gzip:   0.91 kB
#26 216.0 web:build: build/client/assets/page-BSBmCdaC.js                                              2.35 kB │ gzip:   1.12 kB
#26 216.0 web:build: build/client/assets/page-Iq87XgFL.js                                              2.37 kB │ gzip:   1.12 kB
#26 216.0 web:build: build/client/assets/home-19ejGelt.js                                              2.42 kB │ gzip:   1.13 kB
#26 216.0 web:build: build/client/assets/accessibility-BLs6FtkI.js                                     2.43 kB │ gzip:   0.68 kB
#26 216.0 web:build: build/client/assets/useRegisterFieldControl-CwTpoHJ-.js                           2.44 kB │ gzip:   1.16 kB
#26 216.0 web:build: build/client/assets/home-CWzZvCqh.js                                              2.45 kB │ gzip:   1.18 kB
#26 216.0 web:build: build/client/assets/button-CjcOirFK-BFchzV37.js                                   2.45 kB │ gzip:   0.91 kB
#26 216.0 web:build: build/client/assets/multiple-sticky-outline-DOZzLd12.js                           2.47 kB │ gzip:   0.88 kB
#26 216.0 web:build: build/client/assets/page-BzfPLo7e.js                                              2.47 kB │ gzip:   1.24 kB
#26 216.0 web:build: build/client/assets/useButton-CrwGjMuF.js                                         2.48 kB │ gzip:   1.13 kB
#26 216.0 web:build: build/client/assets/page-GMCa-ONp.js                                              2.50 kB │ gzip:   1.16 kB
#26 216.0 web:build: build/client/assets/workflow-Dh9iyg3x.js                                          2.51 kB │ gzip:   1.00 kB
#26 216.0 web:build: build/client/assets/page-B-qqsVU5.js                                              2.51 kB │ gzip:   0.96 kB
#26 216.0 web:build: build/client/assets/page-BzMZlBLz.js                                              2.54 kB │ gzip:   0.92 kB
#26 216.0 web:build: build/client/assets/diff-woXpYk--.js                                              2.56 kB │ gzip:   0.68 kB
#26 216.0 web:build: build/client/assets/gleam-CSRkHgEL.js                                             2.57 kB │ gzip:   0.81 kB
#26 216.0 web:build: build/client/assets/module-outline-BMZLPnS6.js                                    2.60 kB │ gzip:   0.95 kB
#26 216.0 web:build: build/client/assets/use-editor-flagging-CsPz3k2Q.js                               2.61 kB │ gzip:   1.19 kB
#26 216.0 web:build: build/client/assets/page-BAQQY6QA2.js                                             2.62 kB │ gzip:   1.22 kB
#26 216.0 web:build: build/client/assets/tree-item-BjdNFPrh.js                                         2.62 kB │ gzip:   1.07 kB
#26 216.0 web:build: build/client/assets/page-C2Z-01cy.js                                              2.63 kB │ gzip:   1.02 kB
#26 216.0 web:build: build/client/assets/hy-CZbG8q4J.js                                                2.64 kB │ gzip:   1.17 kB
#26 216.0 web:build: build/client/assets/workflow-Dwi8rDk3.js                                          2.65 kB │ gzip:   1.04 kB
#26 216.0 web:build: build/client/assets/workflow-BatDgCt6.js                                          2.66 kB │ gzip:   0.89 kB
#26 216.0 web:build: build/client/assets/workflow-Ew7VFxDI.js                                          2.66 kB │ gzip:   0.89 kB
#26 216.0 web:build: build/client/assets/home-DiUaQetM.js                                              2.69 kB │ gzip:   1.26 kB
#26 216.0 web:build: build/client/assets/created-by-Df6W0qnH.js                                        2.69 kB │ gzip:   1.14 kB
#26 216.0 web:build: build/client/assets/page-CVUaxNls.js                                              2.70 kB │ gzip:   1.05 kB
#26 216.0 web:build: build/client/assets/quick-actions-helper-DMjWjsc9.js                              2.70 kB │ gzip:   0.87 kB
#26 216.0 web:build: build/client/assets/page-BJgS1H5Z.js                                              2.71 kB │ gzip:   1.08 kB
#26 216.0 web:build: build/client/assets/page-EbCyRKDJ.js                                              2.71 kB │ gzip:   1.09 kB
#26 216.0 web:build: build/client/assets/page-B1dFOgm5.js                                              2.72 kB │ gzip:   1.10 kB
#26 216.0 web:build: build/client/assets/page-Cyd7YAwP.js                                              2.74 kB │ gzip:   1.06 kB
#26 216.0 web:build: build/client/assets/issue-detail-quick-actions-DD5SY7nm.js                        2.74 kB │ gzip:   1.18 kB
#26 216.0 web:build: build/client/assets/notification-BwqraDHd.js                                      2.77 kB │ gzip:   0.71 kB
#26 216.0 web:build: build/client/assets/page-CoFQ8F40.js                                              2.77 kB │ gzip:   1.07 kB
#26 216.0 web:build: build/client/assets/page-DNnhT77q.js                                              2.78 kB │ gzip:   1.07 kB
#26 216.0 web:build: build/client/assets/home-CnQzXAVR.js                                              2.79 kB │ gzip:   1.33 kB
#26 216.0 web:build: build/client/assets/openscad-BUDT5pXO.js                                          2.81 kB │ gzip:   1.00 kB
#26 216.0 web:build: build/client/assets/page-mXzuG_Al.js                                              2.82 kB │ gzip:   1.08 kB
#26 216.0 web:build: build/client/assets/page-CKScVs8i.js                                              2.83 kB │ gzip:   1.08 kB
#26 216.0 web:build: build/client/assets/log-BNLmms1o.js                                               2.84 kB │ gzip:   0.89 kB
#26 216.0 web:build: build/client/assets/inbox-XAeVgV7H.js                                             2.84 kB │ gzip:   1.00 kB
#26 216.0 web:build: build/client/assets/layout-DTqDkCiH.js                                            2.86 kB │ gzip:   1.21 kB
#26 216.0 web:build: build/client/assets/json-fq9vObTd.js                                              2.87 kB │ gzip:   0.82 kB
#26 216.0 web:build: build/client/assets/layout-D7RCQBWs2.js                                           2.92 kB │ gzip:   1.27 kB
#26 216.0 web:build: build/client/assets/unlocked-outline-DP6qEP2v.js                                  2.93 kB │ gzip:   0.86 kB
#26 216.0 web:build: build/client/assets/cairo-DLTphjLi.js                                             2.93 kB │ gzip:   0.80 kB
#26 216.0 web:build: build/client/assets/page-Dwt4QfuJ.js                                              2.93 kB │ gzip:   1.16 kB
#26 216.0 web:build: build/client/assets/layout-USkLTRtt.js                                            2.94 kB │ gzip:   1.21 kB
#26 216.0 web:build: build/client/assets/inbox--pqPOLiJ.js                                             2.94 kB │ gzip:   1.02 kB
#26 216.0 web:build: build/client/assets/workflow-BUoU7ZzI.js                                          2.95 kB │ gzip:   0.94 kB
#26 216.0 web:build: build/client/assets/preferences-DorpIOyg.js                                       2.96 kB │ gzip:   1.14 kB
#26 216.0 web:build: build/client/assets/workflow-Nc8SC44r.js                                          2.98 kB │ gzip:   1.11 kB
#26 216.0 web:build: build/client/assets/page-DwSpmwtd.js                                              2.99 kB │ gzip:   1.18 kB
#26 216.0 web:build: build/client/assets/berry-DKpUyyne.js                                             2.99 kB │ gzip:   0.80 kB
#26 216.0 web:build: build/client/assets/jsonl-CmCQp5Yx.js                                             3.00 kB │ gzip:   0.78 kB
#26 216.0 web:build: build/client/assets/stickies-DqwqRMj9.js                                          3.00 kB │ gzip:   0.88 kB
#26 216.0 web:build: build/client/assets/workflow-DgOrxPAk.js                                          3.01 kB │ gzip:   1.12 kB
#26 216.0 web:build: build/client/assets/workflow-BDLDWeRA.js                                          3.04 kB │ gzip:   1.12 kB
#26 216.0 web:build: build/client/assets/page-DKk7Cewm.js                                              3.05 kB │ gzip:   1.36 kB
#26 216.0 web:build: build/client/assets/quick-actions-D9ZMzcV8.js                                     3.06 kB │ gzip:   1.50 kB
#26 216.0 web:build: build/client/assets/avatar-MKkpKmzm.js                                            3.07 kB │ gzip:   1.33 kB
#26 216.0 web:build: build/client/assets/workflow-5cWTcX7m.js                                          3.07 kB │ gzip:   0.99 kB
#26 216.0 web:build: build/client/assets/jsonc-CYpm1nAK.js                                             3.10 kB │ gzip:   0.78 kB
#26 216.0 web:build: build/client/assets/logo-Cluzi2Zq.js                                              3.12 kB │ gzip:   1.46 kB
#26 216.0 web:build: build/client/assets/home-CzGisFD7.js                                              3.13 kB │ gzip:   1.36 kB
#26 216.0 web:build: build/client/assets/page-BW7QztOq.js                                              3.15 kB │ gzip:   1.38 kB
#26 216.0 web:build: build/client/assets/page-DtN48SQ2.js                                              3.16 kB │ gzip:   1.12 kB
#26 216.0 web:build: build/client/assets/workflow-T9Kc1C_5.js                                          3.17 kB │ gzip:   1.06 kB
#26 216.0 web:build: build/client/assets/workflow-DmuJhhx0.js                                          3.19 kB │ gzip:   1.03 kB
#26 216.0 web:build: build/client/assets/page-D5H5_JMR.js                                              3.20 kB │ gzip:   1.46 kB
#26 216.0 web:build: build/client/assets/workflow-DTNuaXNE.js                                          3.20 kB │ gzip:   1.04 kB
#26 216.0 web:build: build/client/assets/circular-progress-CFYOadVw.js                                 3.22 kB │ gzip:   1.59 kB
#26 216.0 web:build: build/client/assets/po-BiJDBrnU.js                                                3.23 kB │ gzip:   0.90 kB
#26 216.0 web:build: build/client/assets/workflow-BxPw5C6C.js                                          3.23 kB │ gzip:   1.08 kB
#26 216.0 web:build: build/client/assets/json5-BR5RXkoi.js                                             3.24 kB │ gzip:   0.82 kB
#26 216.0 web:build: build/client/assets/mipsasm-BMqwQI7S.js                                           3.25 kB │ gzip:   1.17 kB
#26 216.0 web:build: build/client/assets/page-Dbf4dlpo.js                                              3.25 kB │ gzip:   1.22 kB
#26 216.0 web:build: build/client/assets/workflow-CmwGjn7f.js                                          3.25 kB │ gzip:   1.09 kB
#26 216.0 web:build: build/client/assets/cover-image-C3GWutx7.js                                       3.25 kB │ gzip:   1.48 kB
#26 216.0 web:build: build/client/assets/dist-BzBKfeoz.js                                              3.27 kB │ gzip:   1.45 kB
#26 216.0 web:build: build/client/assets/tasl-DMoTqEGO.js                                              3.28 kB │ gzip:   0.84 kB
#26 216.0 web:build: build/client/assets/home-CBNeUG-X.js                                              3.30 kB │ gzip:   1.43 kB
#26 216.0 web:build: build/client/assets/settings-1oTnovtB.js                                          3.30 kB │ gzip:   1.62 kB
#26 216.0 web:build: build/client/assets/workflow-DnHLfcbb.js                                          3.32 kB │ gzip:   1.09 kB
#26 216.0 web:build: build/client/assets/genie-CV2tkWYe.js                                             3.34 kB │ gzip:   1.20 kB
#26 216.0 web:build: build/client/assets/rel-BtDbiS_P.js                                               3.36 kB │ gzip:   1.10 kB
#26 216.0 web:build: build/client/assets/vala-zf12oZj6.js                                              3.36 kB │ gzip:   1.18 kB
#26 216.0 web:build: build/client/assets/settings-CpN4wDSl.js                                          3.37 kB │ gzip:   1.35 kB
#26 216.0 web:build: build/client/assets/wiki-B62tfS1b.js                                              3.39 kB │ gzip:   1.63 kB
#26 216.0 web:build: build/client/assets/wiki-CUA5sqe5.js                                              3.39 kB │ gzip:   1.62 kB
#26 216.0 web:build: build/client/assets/layout-rJhTAPaw.js                                            3.40 kB │ gzip:   1.45 kB
#26 216.0 web:build: build/client/assets/workflow-0IV0hzcb.js                                          3.40 kB │ gzip:   1.11 kB
#26 216.0 web:build: build/client/assets/settings-3SdCSnK-.js                                          3.42 kB │ gzip:   1.62 kB
#26 216.0 web:build: build/client/assets/splunk-BC2Px7Mm.js                                            3.42 kB │ gzip:   1.51 kB
#26 216.0 web:build: build/client/assets/settings-C2kGG8X2.js                                          3.43 kB │ gzip:   1.54 kB
#26 216.0 web:build: build/client/assets/settings-HVDTV7pp.js                                          3.44 kB │ gzip:   1.53 kB
#26 216.0 web:build: build/client/assets/layout-w-ZnzaZl.js                                            3.44 kB │ gzip:   1.54 kB
#26 216.0 web:build: build/client/assets/arc-D54hGnRg.js                                               3.44 kB │ gzip:   1.46 kB
#26 216.0 web:build: build/client/assets/page-C5p2_AYu2.js                                             3.46 kB │ gzip:   1.41 kB
#26 216.0 web:build: build/client/assets/user-image-upload-modal-ZZlBCPWP.js                           3.46 kB │ gzip:   1.63 kB
#26 216.0 web:build: build/client/assets/settings-D9dTfhuc.js                                          3.47 kB │ gzip:   1.54 kB
#26 216.0 web:build: build/client/assets/use-navigation-preferences-BpMC-5sr.js                        3.51 kB │ gzip:   1.02 kB
#26 216.0 web:build: build/client/assets/hurl-1YRLP4nc.js                                              3.51 kB │ gzip:   1.09 kB
#26 216.0 web:build: build/client/assets/item-icon-Cu73TSGb.js                                         3.51 kB │ gzip:   1.40 kB
#26 216.0 web:build: build/client/assets/page-CwL3QisQ.js                                              3.53 kB │ gzip:   1.57 kB
#26 216.0 web:build: build/client/assets/settings-D_4k_c4W.js                                          3.53 kB │ gzip:   1.43 kB
#26 216.0 web:build: build/client/assets/pill-BwMQI_23.js                                              3.54 kB │ gzip:   1.27 kB
#26 216.0 web:build: build/client/assets/react-dom-B-GjtXnE.js                                         3.54 kB │ gzip:   1.33 kB
#26 216.0 web:build: build/client/assets/workflow-CIebLVFx.js                                          3.54 kB │ gzip:   1.13 kB
#26 216.0 web:build: build/client/assets/page-BNHxLDPL.js                                              3.58 kB │ gzip:   1.42 kB
#26 216.0 web:build: build/client/assets/button-BkXLYesw.js                                            3.58 kB │ gzip:   1.60 kB
#26 216.0 web:build: build/client/assets/project-wrapper-Ah2hJRmM.js                                   3.60 kB │ gzip:   1.39 kB
#26 216.0 web:build: build/client/assets/fluent-C03EYrpw.js                                            3.60 kB │ gzip:   0.89 kB
#26 216.0 web:build: build/client/assets/ssh-config-BgfXC-Er.js                                        3.61 kB │ gzip:   1.59 kB
#26 216.0 web:build: build/client/assets/jsonnet-CJTPZ8u_.js                                           3.61 kB │ gzip:   1.03 kB
#26 216.0 web:build: build/client/assets/kdl-CsD5j6eV.js                                               3.62 kB │ gzip:   1.03 kB
#26 216.0 web:build: build/client/assets/settings-DoR5xAWj.js                                          3.62 kB │ gzip:   1.47 kB
#26 216.0 web:build: build/client/assets/workflow-B37GdfAM.js                                          3.64 kB │ gzip:   1.10 kB
#26 216.0 web:build: build/client/assets/last-Di-iifII.js                                              3.64 kB │ gzip:   1.62 kB
#26 216.0 web:build: build/client/assets/narrat-_X_XdTYD.js                                            3.66 kB │ gzip:   1.09 kB
#26 216.0 web:build: build/client/assets/page-CWf2co6G.js                                              3.67 kB │ gzip:   1.28 kB
#26 216.0 web:build: build/client/assets/wiki-CzI7ECRU.js                                              3.67 kB │ gzip:   1.37 kB
#26 216.0 web:build: build/client/assets/wiki-DbR-_bo4.js                                              3.67 kB │ gzip:   1.37 kB
#26 216.0 web:build: build/client/assets/page-CG9NBSIb2.js                                             3.67 kB │ gzip:   1.62 kB
#26 216.0 web:build: build/client/assets/relates-to-outline-qp_gSw-W.js                                3.68 kB │ gzip:   1.51 kB
#26 216.0 web:build: build/client/assets/glsl-eGr48-Cq.js                                              3.68 kB │ gzip:   1.45 kB
#26 216.0 web:build: build/client/assets/turtle-ByJddavk.js                                            3.69 kB │ gzip:   0.96 kB
#26 216.0 web:build: build/client/assets/use-operations-MVpRAarA.js                                    3.70 kB │ gzip:   1.31 kB
#26 216.0 web:build: build/client/assets/settings-BSQU3AbO.js                                          3.72 kB │ gzip:   1.59 kB
#26 216.0 web:build: build/client/assets/settings-B29muPrg.js                                          3.74 kB │ gzip:   1.52 kB
#26 216.0 web:build: build/client/assets/page-B8Xuys5w.js                                              3.78 kB │ gzip:   1.33 kB
#26 216.0 web:build: build/client/assets/wiki-_JxSmtAp.js                                              3.78 kB │ gzip:   1.43 kB
#26 216.0 web:build: build/client/assets/settings-DIt6VNfz.js                                          3.80 kB │ gzip:   1.55 kB
#26 216.0 web:build: build/client/assets/settings-acryoDrC.js                                          3.82 kB │ gzip:   1.59 kB
#26 216.0 web:build: build/client/assets/settings-D1fguWwl.js                                          3.83 kB │ gzip:   1.68 kB
#26 216.0 web:build: build/client/assets/wiki-C9Mu0g3G.js                                              3.88 kB │ gzip:   1.58 kB
#26 216.0 web:build: build/client/assets/home-CBNMPMHB.js                                              3.88 kB │ gzip:   1.31 kB
#26 216.0 web:build: build/client/assets/zenscript-BnlCZFoB.js                                         3.90 kB │ gzip:   1.28 kB
#26 216.0 web:build: build/client/assets/ron-VUp2lXgN.js                                               3.90 kB │ gzip:   0.97 kB
#26 216.0 web:build: build/client/assets/grid-outline-OF37TOFs.js                                      3.91 kB │ gzip:   1.11 kB
#26 216.0 web:build: build/client/assets/wiki-BkEmvvq-.js                                              3.92 kB │ gzip:   1.59 kB
#26 216.0 web:build: build/client/assets/inbox-B0omNI6L.js                                             3.92 kB │ gzip:   0.95 kB
#26 216.0 web:build: build/client/assets/wiki-f5tbGH3h.js                                              3.92 kB │ gzip:   1.53 kB
#26 216.0 web:build: build/client/assets/gn-ilITqXS6.js                                                3.99 kB │ gzip:   1.47 kB
#26 216.0 web:build: build/client/assets/instance-wrapper-9I6DTLHa.js                                  4.00 kB │ gzip:   1.62 kB
#26 216.0 web:build: build/client/assets/settings-lfbqN20j.js                                          4.01 kB │ gzip:   1.56 kB
#26 216.0 web:build: build/client/assets/wiki-Bu6Q1DFZ.js                                              4.02 kB │ gzip:   1.65 kB
#26 216.0 web:build: build/client/assets/settings-BFqQwKkC.js                                          4.04 kB │ gzip:   1.61 kB
#26 216.0 web:build: build/client/assets/notifications-TuWg91ze.js                                     4.07 kB │ gzip:   1.25 kB
#26 216.0 web:build: build/client/assets/wiki-JrQctgBN.js                                              4.07 kB │ gzip:   1.54 kB
#26 216.0 web:build: build/client/assets/wiki-balVREkt.js                                              4.11 kB │ gzip:   1.54 kB
#26 216.0 web:build: build/client/assets/wiki-BexTJmb1.js                                              4.11 kB │ gzip:   1.64 kB
#26 216.0 web:build: build/client/assets/pascal-4ZHwLPI5.js                                            4.14 kB │ gzip:   1.67 kB
#26 216.0 web:build: build/client/assets/layout-CZ_M7uke.js                                            4.15 kB │ gzip:   1.82 kB
#26 216.0 web:build: build/client/assets/wiki-B7aijnzf.js                                              4.17 kB │ gzip:   1.63 kB
#26 216.0 web:build: build/client/assets/settings-DCJ68NZ5.js                                          4.20 kB │ gzip:   1.71 kB
#26 216.0 web:build: build/client/assets/reset-password-BrTf9FIK.js                                    4.21 kB │ gzip:   1.52 kB
#26 216.0 web:build: build/client/assets/wiki-d_1LHuly.js                                              4.24 kB │ gzip:   1.65 kB
#26 216.0 web:build: build/client/assets/page-BgIc6x0r2.js                                             4.25 kB │ gzip:   1.46 kB
#26 216.0 web:build: build/client/assets/diagram-Z3DM3KII-B2ZaQ-Z-.js                                  4.28 kB │ gzip:   1.84 kB
#26 216.0 web:build: build/client/assets/wiki-CQIqaPDw.js                                              4.31 kB │ gzip:   1.69 kB
#26 216.0 web:build: build/client/assets/wiki-Bu5QPjq8.js                                              4.35 kB │ gzip:   1.63 kB
#26 216.0 web:build: build/client/assets/switch-DH1vGVB0.js                                            4.37 kB │ gzip:   2.03 kB
#26 216.0 web:build: build/client/assets/workflow-D7vW2Wkx.js                                          4.37 kB │ gzip:   1.30 kB
#26 216.0 web:build: build/client/assets/input-BxvxQnWk.js                                             4.39 kB │ gzip:   1.71 kB
#26 216.0 web:build: build/client/assets/http-Dxxp3Y_-.js                                              4.41 kB │ gzip:   1.06 kB
#26 216.0 web:build: build/client/assets/tcl-CZd0xW_V.js                                               4.42 kB │ gzip:   1.50 kB
#26 216.0 web:build: build/client/assets/settings-Lhhh3oHO.js                                          4.45 kB │ gzip:   1.80 kB
#26 216.0 web:build: build/client/assets/wiki-BxwEuEQ9.js                                              4.45 kB │ gzip:   1.72 kB
#26 216.0 web:build: build/client/assets/chunk-TLUHSLCS-DyFJ16FK.js                                    4.46 kB │ gzip:   1.86 kB
#26 216.0 web:build: build/client/assets/defaultLocale-CdYxKmhd.js                                     4.50 kB │ gzip:   2.06 kB
#26 216.0 web:build: build/client/assets/nextflow-Bbiyy34d.js                                          4.50 kB │ gzip:   1.16 kB
#26 216.0 web:build: build/client/assets/rosmsg-CAekHB0j.js                                            4.51 kB │ gzip:   1.05 kB
#26 216.0 web:build: build/client/assets/page-DOvph8MM2.js                                             4.58 kB │ gzip:   1.92 kB
#26 216.0 web:build: build/client/assets/dropdown-D9kbPCmW.js                                          4.58 kB │ gzip:   2.03 kB
#26 216.0 web:build: build/client/assets/entry.client-DvPHvj87.js                                      4.60 kB │ gzip:   1.81 kB
#26 216.0 web:build: build/client/assets/page-BPhy5ZLL.js                                              4.65 kB │ gzip:   2.03 kB
#26 216.0 web:build: build/client/assets/polar-C7UOKdEL.js                                             4.66 kB │ gzip:   1.12 kB
#26 216.0 web:build: build/client/assets/sdbl-bTVj8UrX.js                                              4.69 kB │ gzip:   2.00 kB
#26 216.0 web:build: build/client/assets/bar-chart-Cjo0dXJZ.js                                         4.75 kB │ gzip:   2.20 kB
#26 216.0 web:build: build/client/assets/fennel-DQxkIbk2.js                                            4.76 kB │ gzip:   1.53 kB
#26 216.0 web:build: build/client/assets/bibtex-Ci_nEsc7.js                                            4.78 kB │ gzip:   0.83 kB
#26 216.0 web:build: build/client/assets/switch-account-dropdown-D8PkFSGv.js                           4.82 kB │ gzip:   1.95 kB
#26 216.0 web:build: build/client/assets/root-VsdOPJet.js                                              4.85 kB │ gzip:   2.05 kB
#26 216.0 web:build: build/client/assets/modal-BHKf79HZ.js                                             4.86 kB │ gzip:   2.06 kB
#26 216.0 web:build: build/client/assets/wiki-ydKFokyx.js                                              4.94 kB │ gzip:   1.74 kB
#26 216.0 web:build: build/client/assets/page-BKizeIKC.js                                              4.97 kB │ gzip:   1.77 kB
#26 216.0 web:build: build/client/assets/linear-progress-Cu_fQ873.js                                   4.97 kB │ gzip:   1.77 kB
#26 216.0 web:build: build/client/assets/settings-DAeOb0ek.js                                          4.99 kB │ gzip:   1.85 kB
#26 216.0 web:build: build/client/assets/dropdown-Daay7EEM.js                                          4.99 kB │ gzip:   2.06 kB
#26 216.0 web:build: build/client/assets/llvm-Cm23YOpf.js                                              5.04 kB │ gzip:   2.01 kB
#26 216.0 web:build: build/client/assets/layout-BDpFRBJL2.js                                           5.07 kB │ gzip:   2.15 kB
#26 216.0 web:build: build/client/assets/workflow-isp9AKQy.js                                          5.10 kB │ gzip:   1.35 kB
#26 216.0 web:build: build/client/assets/wgsl-BsKzXJz4.js                                              5.13 kB │ gzip:   1.38 kB
#26 216.0 web:build: build/client/assets/member-header-column-BMx-EjvB.js                              5.17 kB │ gzip:   1.62 kB
#26 216.0 web:build: build/client/assets/page-CmWBZuqI.js                                              5.22 kB │ gzip:   1.85 kB
#26 216.0 web:build: build/client/assets/quick-actions-DPmALyE3.js                                     5.27 kB │ gzip:   2.22 kB
#26 216.0 web:build: build/client/assets/page-5a74jnz4.js                                              5.27 kB │ gzip:   2.13 kB
#26 216.0 web:build: build/client/assets/gdresource-C0sCabJj.js                                        5.28 kB │ gzip:   1.33 kB
#26 216.0 web:build: build/client/assets/archive-restore-modal-BPAfpq0W.js                             5.28 kB │ gzip:   1.95 kB
#26 216.0 web:build: build/client/assets/page-DqQBdPek.js                                              5.28 kB │ gzip:   2.33 kB
#26 216.0 web:build: build/client/assets/settings-CaxbHeg1.js                                          5.30 kB │ gzip:   1.90 kB
#26 216.0 web:build: build/client/assets/zig-CMLA9XwU.js                                               5.33 kB │ gzip:   1.55 kB
#26 216.0 web:build: build/client/assets/qml-CxQ9iuoM.js                                               5.33 kB │ gzip:   1.38 kB
#26 216.0 web:build: build/client/assets/dax-BkyTk9wS.js                                               5.35 kB │ gzip:   2.21 kB
#26 216.0 web:build: build/client/assets/bicep-CUHmPFLl.js                                             5.37 kB │ gzip:   1.14 kB
#26 216.0 web:build: build/client/assets/CompositeList-CTdZJ0xK.js                                     5.39 kB │ gzip:   2.27 kB
#26 216.0 web:build: build/client/assets/state_group-e8bCj2Yk.js                                       5.40 kB │ gzip:   1.84 kB
#26 216.0 web:build: build/client/assets/createBaseUIEventDetails-D4SNwoT7.js                          5.41 kB │ gzip:   2.35 kB
#26 216.0 web:build: build/client/assets/xml-CoLOUJxJ.js                                               5.43 kB │ gzip:   1.24 kB
#26 216.0 web:build: build/client/assets/awk-BWXHIvNe.js                                               5.45 kB │ gzip:   1.37 kB
#26 216.0 web:build: build/client/assets/use-issue-layout-store-BFVaMla7.js                            5.50 kB │ gzip:   2.52 kB
#26 216.0 web:build: build/client/assets/coq-BrsZFFmf.js                                               5.54 kB │ gzip:   1.91 kB
#26 216.0 web:build: build/client/assets/automation-Cqgil4Q3.js                                        5.57 kB │ gzip:   2.28 kB
#26 216.0 web:build: build/client/assets/automation-CnoWamTe.js                                        5.59 kB │ gzip:   2.28 kB
#26 216.0 web:build: build/client/assets/avatar-Bp14MpH8.js                                            5.62 kB │ gzip:   2.25 kB
#26 216.0 web:build: build/client/assets/jinja-CyOrcBWt.js                                             5.62 kB │ gzip:   1.36 kB
#26 216.0 web:build: build/client/assets/automation-8SQZg96F.js                                        5.74 kB │ gzip:   1.99 kB
#26 216.0 web:build: build/client/assets/automation-DIoarNQ4.js                                        5.74 kB │ gzip:   1.99 kB
#26 216.0 web:build: build/client/assets/linear-CmlfRLWM.js                                            5.75 kB │ gzip:   2.36 kB
#26 216.0 web:build: build/client/assets/lean-CewbzKMR.js                                              5.77 kB │ gzip:   1.91 kB
#26 216.0 web:build: build/client/assets/power-k-Cjghq2Mj.js                                           5.78 kB │ gzip:   1.95 kB
#26 216.0 web:build: build/client/assets/tour-C-JopYpk.js                                              5.81 kB │ gzip:   2.61 kB
#26 216.0 web:build: build/client/assets/wiki-Ds9YjdsV.js                                              5.81 kB │ gzip:   1.90 kB
#26 216.0 web:build: build/client/assets/chunk-PWAF6VOD-l-cfT7Xn.js                                    5.82 kB │ gzip:   2.67 kB
#26 216.0 web:build: build/client/assets/tour-BlaRjN6g.js                                              5.84 kB │ gzip:   2.61 kB
#26 216.0 web:build: build/client/assets/power-k-VDliYLql.js                                           5.89 kB │ gzip:   1.95 kB
#26 216.0 web:build: build/client/assets/moonbit-CaWjb8XO.js                                           5.89 kB │ gzip:   1.67 kB
#26 216.0 web:build: build/client/assets/layout-BMnrIS_p2.js                                           5.89 kB │ gzip:   2.28 kB
#26 216.0 web:build: build/client/assets/powerquery-DNMTfnFr.js                                        5.89 kB │ gzip:   1.51 kB
#26 216.0 web:build: build/client/assets/shaderlab-TOUzSsQk.js                                         5.91 kB │ gzip:   2.08 kB
#26 216.0 web:build: build/client/assets/modal-Dpq0Tjnk.js                                             5.92 kB │ gzip:   2.38 kB
#26 216.0 web:build: build/client/assets/verilog-CiiDBU1e.js                                           5.92 kB │ gzip:   1.89 kB
#26 216.0 web:build: build/client/assets/cypher-ClKdZ_lG.js                                            5.94 kB │ gzip:   1.71 kB
#26 216.0 web:build: build/client/assets/wiki--l6C5tTa.js                                              5.98 kB │ gzip:   1.94 kB
#26 216.0 web:build: build/client/assets/automation-BrVZtCjy.js                                        5.99 kB │ gzip:   2.11 kB
#26 216.0 web:build: build/client/assets/power-k-DdBbNJxd.js                                           6.02 kB │ gzip:   1.61 kB
#26 216.0 web:build: build/client/assets/power-k-hw266zFl.js                                           6.02 kB │ gzip:   1.61 kB
#26 216.0 web:build: build/client/assets/diagram-UQ7AKVKN-Ca1bQUDU.js                                  6.06 kB │ gzip:   2.56 kB
#26 216.0 web:build: build/client/assets/power-k-CrawIpZi.js                                           6.06 kB │ gzip:   1.76 kB
#26 216.0 web:build: build/client/assets/tour-Cv7qvrCB.js                                              6.06 kB │ gzip:   2.34 kB
#26 216.0 web:build: build/client/assets/tour-DLb1MQFK.js                                              6.06 kB │ gzip:   2.34 kB
#26 216.0 web:build: build/client/assets/vb-Djn5o6TS.js                                                6.08 kB │ gzip:   2.33 kB
#26 216.0 web:build: build/client/assets/security-Bqu3MYFh.js                                          6.15 kB │ gzip:   1.85 kB
#26 216.0 web:build: build/client/assets/lite-text-C-mE8agp.js                                         6.16 kB │ gzip:   2.47 kB
#26 216.0 web:build: build/client/assets/pieDiagram-E7YTZNPT-W56ePAJs.js                               6.16 kB │ gzip:   2.56 kB
#26 216.0 web:build: build/client/assets/page-BntMLVaK.js                                              6.17 kB │ gzip:   2.40 kB
#26 216.0 web:build: build/client/assets/automation-qs2RE9GK.js                                        6.25 kB │ gzip:   2.28 kB
#26 216.0 web:build: build/client/assets/red-CJ3rzSJv.js                                               6.25 kB │ gzip:   1.59 kB
#26 216.0 web:build: build/client/assets/min-dark-BSWPekZh.js                                          6.28 kB │ gzip:   1.70 kB
#26 216.0 web:build: build/client/assets/automation-Su53vjGS.js                                        6.29 kB │ gzip:   2.22 kB
#26 216.0 web:build: build/client/assets/automation-Cr8leGUZ.js                                        6.29 kB │ gzip:   2.39 kB
#26 216.0 web:build: build/client/assets/automation-BML3iZCR.js                                        6.31 kB │ gzip:   2.19 kB
#26 216.0 web:build: build/client/assets/gdshader-CBce3t8t.js                                          6.31 kB │ gzip:   1.72 kB
#26 216.0 web:build: build/client/assets/prisma-BsRQq5mF.js                                            6.32 kB │ gzip:   1.38 kB
#26 216.0 web:build: build/client/assets/issue.service-DsRAGjeA.js                                     6.33 kB │ gzip:   0.98 kB
#26 216.0 web:build: build/client/assets/ara-4CJ0cIlV.js                                               6.35 kB │ gzip:   1.80 kB
#26 216.0 web:build: build/client/assets/automation-B7jGNQ9x.js                                        6.40 kB │ gzip:   2.40 kB
#26 216.0 web:build: build/client/assets/clojure-DqKBuwfJ.js                                           6.40 kB │ gzip:   1.41 kB
#26 216.0 web:build: build/client/assets/postcss-BXeXVLqQ.js                                           6.41 kB │ gzip:   1.90 kB
#26 216.0 web:build: build/client/assets/toml-CcmNWLt0.js                                              6.41 kB │ gzip:   1.28 kB
#26 216.0 web:build: build/client/assets/graphlib-DYhEieJc.js                                          6.42 kB │ gzip:   2.06 kB
#26 216.0 web:build: build/client/assets/automation-CgmvKGKW.js                                        6.44 kB │ gzip:   2.35 kB
#26 216.0 web:build: build/client/assets/power-k-Dykc40lg.js                                           6.45 kB │ gzip:   1.93 kB
#26 216.0 web:build: build/client/assets/automation-ykXvm54U.js                                        6.46 kB │ gzip:   2.36 kB
#26 216.0 web:build: build/client/assets/solarized-light-DSh2HLQt.js                                   6.47 kB │ gzip:   1.71 kB
#26 216.0 web:build: build/client/assets/automation-B-LP4a9N.js                                        6.54 kB │ gzip:   2.30 kB
#26 216.0 web:build: build/client/assets/proto-DB4EqR-F.js                                             6.54 kB │ gzip:   1.41 kB
#26 216.0 web:build: build/client/assets/automation-BiStXLVF.js                                        6.57 kB │ gzip:   2.24 kB
#26 216.0 web:build: build/client/assets/smalltalk-B16xEiuN.js                                         6.58 kB │ gzip:   1.61 kB
#26 216.0 web:build: build/client/assets/r-B2LHEa5O.js                                                 6.59 kB │ gzip:   1.83 kB
#26 216.0 web:build: build/client/assets/page-BysQSZQC2.js                                             6.60 kB │ gzip:   2.59 kB
#26 216.0 web:build: build/client/assets/settings-DbTB1dwk.js                                          6.64 kB │ gzip:   1.80 kB
#26 216.0 web:build: build/client/assets/power-k-DnYW3Tvi.js                                           6.66 kB │ gzip:   1.88 kB
#26 216.0 web:build: build/client/assets/automation-UyenNHx7.js                                        6.73 kB │ gzip:   2.32 kB
#26 216.0 web:build: build/client/assets/talonscript-CohzipZa.js                                       6.75 kB │ gzip:   1.48 kB
#26 216.0 web:build: build/client/assets/power-k-pp0PtjOL.js                                           6.78 kB │ gzip:   1.99 kB
#26 216.0 web:build: build/client/assets/solarized-dark-DV17i1UV.js                                    6.84 kB │ gzip:   1.78 kB
#26 216.0 web:build: build/client/assets/automation-CfRuw0UX.js                                        6.85 kB │ gzip:   2.34 kB
#26 216.0 web:build: build/client/assets/tour-BZSJMeR8.js                                              6.85 kB │ gzip:   2.40 kB
#26 216.0 web:build: build/client/assets/attachment-BY8-SZ7Y.js                                        6.87 kB │ gzip:   2.40 kB
#26 216.0 web:build: build/client/assets/power-k-DFc1k4YO.js                                           6.89 kB │ gzip:   1.86 kB
#26 216.0 web:build: build/client/assets/riscv-Ckw8ddFX.js                                             6.90 kB │ gzip:   1.97 kB
#26 216.0 web:build: build/client/assets/soy-DHpNyqQh.js                                               6.92 kB │ gzip:   1.62 kB
#26 216.0 web:build: build/client/assets/power-k-CaUEryV9.js                                           6.93 kB │ gzip:   1.94 kB
#26 216.0 web:build: build/client/assets/automation-Cu-Uyt41.js                                        6.95 kB │ gzip:   2.47 kB
#26 216.0 web:build: build/client/assets/power-k-DS3gcd6C.js                                           6.95 kB │ gzip:   1.90 kB
#26 216.0 web:build: build/client/assets/power-k-CsyjsYIJ.js                                           6.96 kB │ gzip:   2.01 kB
#26 216.0 web:build: build/client/assets/min-light-DDpmG2fV.js                                         6.96 kB │ gzip:   1.88 kB
#26 216.0 web:build: build/client/assets/AppProgressBar-CYUYeYe7.js                                    6.97 kB │ gzip:   2.24 kB
#26 216.0 web:build: build/client/assets/power-k-DFl-x_w8.js                                           6.98 kB │ gzip:   2.06 kB
#26 216.0 web:build: build/client/assets/tour-DQlLS0HT.js                                              6.98 kB │ gzip:   2.84 kB
#26 216.0 web:build: build/client/assets/global-CJoAllwV.js                                            6.98 kB │ gzip:   2.41 kB
#26 216.0 web:build: build/client/assets/tour-zV_XMvta.js                                              7.02 kB │ gzip:   2.75 kB
#26 216.0 web:build: build/client/assets/power-k-CXNgMQZY.js                                           7.02 kB │ gzip:   2.02 kB
#26 216.0 web:build: build/client/assets/tour-CPGkLD2R.js                                              7.02 kB │ gzip:   2.61 kB
#26 216.0 web:build: build/client/assets/tour-C_kzjdpV.js                                              7.03 kB │ gzip:   2.73 kB
#26 216.0 web:build: build/client/assets/image-picker-popover-DJ51Nfe9.js                              7.05 kB │ gzip:   2.73 kB
#26 216.0 web:build: build/client/assets/power-k-CAwnqx3F.js                                           7.08 kB │ gzip:   1.91 kB
#26 216.0 web:build: build/client/assets/tour-7V7TeXnO.js                                              7.09 kB │ gzip:   2.60 kB
#26 216.0 web:build: build/client/assets/automation-BY4vN16S.js                                        7.10 kB │ gzip:   2.41 kB
#26 216.0 web:build: build/client/assets/layout-BgqeOVsE2.js                                           7.12 kB │ gzip:   2.60 kB
#26 216.0 web:build: build/client/assets/scheme-DQCgrYNe.js                                            7.16 kB │ gzip:   2.04 kB
#26 216.0 web:build: build/client/assets/tour-CFWnrfEI.js                                              7.19 kB │ gzip:   2.64 kB
#26 216.0 web:build: build/client/assets/hlsl-Cvrh5tZx.js                                              7.25 kB │ gzip:   2.18 kB
#26 216.0 web:build: build/client/assets/workspace-level-DEAKZ01p.js                                   7.25 kB │ gzip:   2.92 kB
#26 216.0 web:build: build/client/assets/tour-By-e1_e6.js                                              7.25 kB │ gzip:   2.71 kB
#26 216.0 web:build: build/client/assets/page-BXDYSDms2.js                                             7.27 kB │ gzip:   2.58 kB
#26 216.0 web:build: build/client/assets/power-k-BYPZkJ-X.js                                           7.41 kB │ gzip:   2.04 kB
#26 216.0 web:build: build/client/assets/tabs-CIqRqLJX.js                                              7.41 kB │ gzip:   3.06 kB
#26 216.0 web:build: build/client/assets/power-k-DAVHncb2.js                                           7.42 kB │ gzip:   1.96 kB
#26 216.0 web:build: build/client/assets/template-ClnJHnQs.js                                          7.43 kB │ gzip:   2.65 kB
#26 216.0 web:build: build/client/assets/template-CBVN_bcb.js                                          7.43 kB │ gzip:   2.63 kB
#26 216.0 web:build: build/client/assets/tour-BXI_mTDb.js                                              7.44 kB │ gzip:   2.69 kB
#26 216.0 web:build: build/client/assets/qss-Fe1Jh2GI.js                                               7.46 kB │ gzip:   2.57 kB
#26 216.0 web:build: build/client/assets/tour-BuXpo7Y4.js                                              7.48 kB │ gzip:   2.72 kB
#26 216.0 web:build: build/client/assets/tour-B61hdTbL.js                                              7.60 kB │ gzip:   2.80 kB
#26 216.0 web:build: build/client/assets/tour-pjzQmE1F.js                                              7.61 kB │ gzip:   2.75 kB
#26 216.0 web:build: build/client/assets/page-hlzLMwPD.js                                              7.67 kB │ gzip:   3.24 kB
#26 216.0 web:build: build/client/assets/useTypeahead-G2K4bRbB.js                                      7.76 kB │ gzip:   3.19 kB
#26 216.0 web:build: build/client/assets/power-k-Cld5dczR.js                                           7.77 kB │ gzip:   2.17 kB
#26 216.0 web:build: build/client/assets/dart-DkHntEIa.js                                              7.80 kB │ gzip:   1.91 kB
#26 216.0 web:build: build/client/assets/checkbox-B2LRvyXl.js                                          7.85 kB │ gzip:   3.31 kB
#26 216.0 web:build: build/client/assets/systemd-BxMlprV5.js                                           7.86 kB │ gzip:   2.54 kB
#26 216.0 web:build: build/client/assets/monokai-CdkpiU2Y.js                                           7.88 kB │ gzip:   1.90 kB
#26 216.0 web:build: build/client/assets/layout-ZCvruk61.js                                            7.89 kB │ gzip:   2.72 kB
#26 216.0 web:build: build/client/assets/page-BGYbDW8S.js                                              7.94 kB │ gzip:   3.14 kB
#26 216.0 web:build: build/client/assets/navigation-DL1cGKyI.js                                        7.98 kB │ gzip:   3.16 kB
#26 216.0 web:build: build/client/assets/regexp-tQfEh5Di.js                                            8.04 kB │ gzip:   1.46 kB
#26 216.0 web:build: build/client/assets/template-bMFqSxsA.js                                          8.07 kB │ gzip:   2.36 kB
#26 216.0 web:build: build/client/assets/template-bjtmnR9A.js                                          8.07 kB │ gzip:   2.36 kB
#26 216.0 web:build: build/client/assets/layout-lhM-XjMD2.js                                           8.18 kB │ gzip:   2.93 kB
#26 216.0 web:build: build/client/assets/diagram-S7CK7UJ4-Bp3Ttj1I.js                                  8.19 kB │ gzip:   3.65 kB
#26 216.0 web:build: build/client/assets/tour-rtTtH9IQ.js                                              8.22 kB │ gzip:   2.79 kB
#26 216.0 web:build: build/client/assets/layout-Cq9dfZBg2.js                                           8.23 kB │ gzip:   2.92 kB
#26 216.0 web:build: build/client/assets/tour-CTQwFT0K.js                                              8.27 kB │ gzip:   2.91 kB
#26 216.0 web:build: build/client/assets/haml-7mDlFw42.js                                              8.32 kB │ gzip:   1.85 kB
#26 216.0 web:build: build/client/assets/page-C_Awr7_n.js                                              8.35 kB │ gzip:   2.74 kB
#26 216.0 web:build: build/client/assets/typst-DI99ib-x.js                                             8.38 kB │ gzip:   1.66 kB
#26 216.0 web:build: build/client/assets/template-DB2CeHgD.js                                          8.46 kB │ gzip:   2.39 kB
#26 216.0 web:build: build/client/assets/vue-html-DptIHH0x.js                                          8.47 kB │ gzip:   1.68 kB
#26 216.0 web:build: build/client/assets/plsql-DGHpHOYJ.js                                             8.50 kB │ gzip:   2.99 kB
#26 216.0 web:build: build/client/assets/field-CjF5NRMs.js                                             8.57 kB │ gzip:   3.41 kB
#26 216.0 web:build: build/client/assets/dropdowns-Bmjm2pQS.js                                         8.65 kB │ gzip:   2.90 kB
#26 216.0 web:build: build/client/assets/authentication.helper-D79fHiaK.js                             8.67 kB │ gzip:   2.13 kB
#26 216.0 web:build: build/client/assets/template-B3q1v2mC.js                                          8.71 kB │ gzip:   2.76 kB
#26 216.0 web:build: build/client/assets/template-PH6OjQXR.js                                          8.74 kB │ gzip:   2.69 kB
#26 216.0 web:build: build/client/assets/automation-D5NE3cce.js                                        8.74 kB │ gzip:   2.67 kB
#26 216.0 web:build: build/client/assets/horizon-CE9ld1lL.js                                           8.77 kB │ gzip:   1.94 kB
#26 216.0 web:build: build/client/assets/kotlin-DhhofPvG.js                                            8.77 kB │ gzip:   2.12 kB
#26 216.0 web:build: build/client/assets/horizon-bright-Br1oVSNq.js                                    8.78 kB │ gzip:   1.96 kB
#26 216.0 web:build: build/client/assets/template-DL5Begcn.js                                          8.80 kB │ gzip:   2.83 kB
#26 216.0 web:build: build/client/assets/gantt-layout-loader-wvOA9u-q.js                               8.91 kB │ gzip:   3.23 kB
#26 216.0 web:build: build/client/assets/ts-tags-BHuAAlZ-.js                                           8.92 kB │ gzip:   1.20 kB
#26 216.0 web:build: build/client/assets/automation-C5hW8t_H.js                                        8.93 kB │ gzip:   2.71 kB
#26 216.0 web:build: build/client/assets/template-CSR3Xy3Z.js                                          8.94 kB │ gzip:   2.82 kB
#26 216.0 web:build: build/client/assets/make-Dixweg8N.js                                              8.95 kB │ gzip:   1.76 kB
#26 216.0 web:build: build/client/assets/template-DG9hcOdb.js                                          8.99 kB │ gzip:   2.80 kB
#26 216.0 web:build: build/client/assets/andromeeda-vGVdxbeo.js                                        9.01 kB │ gzip:   2.35 kB
#26 216.0 web:build: build/client/assets/auth-Cc1MPTlF.js                                              9.01 kB │ gzip:   2.91 kB
#26 216.0 web:build: build/client/assets/sas-Z7NrpXeD.js                                               9.06 kB │ gzip:   3.82 kB
#26 216.0 web:build: build/client/assets/template-URxNXPjP.js                                          9.09 kB │ gzip:   2.60 kB
#26 216.0 web:build: build/client/assets/dark-plus-Cs2F2srj.js                                         9.09 kB │ gzip:   2.10 kB
#26 216.0 web:build: build/client/assets/work-item-CnWu3TRU.js                                         9.10 kB │ gzip:   3.28 kB
#26 216.0 web:build: build/client/assets/slack-dark-DnToyrRv.js                                        9.11 kB │ gzip:   1.96 kB
#26 216.0 web:build: build/client/assets/layout-DMdgz1if.js                                            9.16 kB │ gzip:   3.27 kB
#26 216.0 web:build: build/client/assets/auth-CJFLF46-.js                                              9.22 kB │ gzip:   2.93 kB
#26 216.0 web:build: build/client/assets/sass-DXrisJhu.js                                              9.28 kB │ gzip:   2.48 kB
#26 216.0 web:build: build/client/assets/plastic-DQwYfKfQ.js                                           9.29 kB │ gzip:   1.96 kB
#26 216.0 web:build: build/client/assets/auth-Djr-NUSJ.js                                              9.33 kB │ gzip:   2.58 kB
#26 216.0 web:build: build/client/assets/template-BFQSqx5H.js                                          9.34 kB │ gzip:   2.78 kB
#26 216.0 web:build: build/client/assets/useId-5JKwIId7.js                                             9.36 kB │ gzip:   3.91 kB
#26 216.0 web:build: build/client/assets/template-C5ag49b1.js                                          9.39 kB │ gzip:   2.74 kB
#26 216.0 web:build: build/client/assets/empty-state-Bq3G7gyR.js                                       9.40 kB │ gzip:   3.56 kB
#26 216.0 web:build: build/client/assets/empty-state-DxPqV7qd.js                                       9.40 kB │ gzip:   3.53 kB
#26 216.0 web:build: build/client/assets/slack-ochin-B2OO5cIa.js                                       9.42 kB │ gzip:   2.08 kB
#26 216.0 web:build: build/client/assets/template-CseVeTmS.js                                          9.42 kB │ gzip:   2.71 kB
#26 216.0 web:build: build/client/assets/template-BJmBKP-P.js                                          9.48 kB │ gzip:   2.76 kB
#26 216.0 web:build: build/client/assets/work-item-DiNfWMa5.js                                         9.54 kB │ gzip:   3.38 kB
#26 216.0 web:build: build/client/assets/template-C_Kj7Apw.js                                          9.56 kB │ gzip:   2.78 kB
#26 216.0 web:build: build/client/assets/element-BbO07Ovt.js                                           9.57 kB │ gzip:   3.38 kB
#26 216.0 web:build: build/client/assets/sidebar-BFvdIUa5.js                                           9.57 kB │ gzip:   3.93 kB
#26 216.0 web:build: build/client/assets/tex-BzenyBdz.js                                               9.67 kB │ gzip:   3.06 kB
#26 216.0 web:build: build/client/assets/jison-BfOYwCix.js                                             9.69 kB │ gzip:   1.86 kB
#26 216.0 web:build: build/client/assets/chunk-L3NEJ4N5-iEGFVUl_.js                                    9.70 kB │ gzip:   2.97 kB
#26 216.0 web:build: build/client/assets/work-item-BcsNL1Fo.js                                         9.74 kB │ gzip:   2.97 kB
#26 216.0 web:build: build/client/assets/cmake-Bj61d0ZC.js                                             9.84 kB │ gzip:   3.37 kB
#26 216.0 web:build: build/client/assets/auth-C2Cxr9Zz.js                                              9.87 kB │ gzip:   2.69 kB
#26 216.0 web:build: build/client/assets/cynefinDiagram-5FMLGOSQ-D3jm5Mza.js                           9.90 kB │ gzip:   3.50 kB
#26 216.0 web:build: build/client/assets/light-plus-DVQuIRkW.js                                        9.93 kB │ gzip:   2.27 kB
#26 216.0 web:build: build/client/assets/project-C0o497tv.js                                           9.94 kB │ gzip:   3.51 kB
#26 216.0 web:build: build/client/assets/empty-state-BNt6sbyW.js                                       9.94 kB │ gzip:   3.21 kB
#26 216.0 web:build: build/client/assets/project-CnRyzmlr.js                                           9.95 kB │ gzip:   3.55 kB
#26 216.0 web:build: build/client/assets/page-RZ66p9Wq.js                                             10.02 kB │ gzip:   3.82 kB
#26 216.0 web:build: build/client/assets/project-C4kd0cHF.js                                          10.02 kB │ gzip:   3.55 kB
#26 216.0 web:build: build/client/assets/hcl-Dh228itO.js                                              10.04 kB │ gzip:   1.93 kB
#26 216.0 web:build: build/client/assets/power-k-CaWVjKt2.js                                          10.07 kB │ gzip:   2.39 kB
#26 216.0 web:build: build/client/assets/auth-C1-zi8fx.js                                             10.09 kB │ gzip:   2.80 kB
#26 216.0 web:build: build/client/assets/template-BvMilhBT.js                                         10.16 kB │ gzip:   2.88 kB
#26 216.0 web:build: build/client/assets/modal-C606drzh.js                                            10.16 kB │ gzip:   3.81 kB
#26 216.0 web:build: build/client/assets/index-BFzc1bXT.js                                            10.25 kB │ gzip:   4.72 kB
#26 216.0 web:build: build/client/assets/use-issues-actions-fU0ZFwED.js                               10.26 kB │ gzip:   1.33 kB
#26 216.0 web:build: build/client/assets/auth-CvAgSoOb.js                                             10.30 kB │ gzip:   3.07 kB
#26 216.0 web:build: build/client/assets/rst-Clv47vPL.js                                              10.31 kB │ gzip:   2.25 kB
#26 216.0 web:build: build/client/assets/power-k-D8VR1XlU.js                                          10.32 kB │ gzip:   2.43 kB
#26 216.0 web:build: build/client/assets/pkl-ot-7Btpt.js                                              10.36 kB │ gzip:   1.37 kB
#26 216.0 web:build: build/client/assets/beancount-D-usSTwE.js                                        10.36 kB │ gzip:   1.43 kB
#26 216.0 web:build: build/client/assets/auth-CgOTuNKv.js                                             10.38 kB │ gzip:   2.86 kB
#26 216.0 web:build: build/client/assets/work-item-C0FiMJsi.js                                        10.39 kB │ gzip:   3.07 kB
#26 216.0 web:build: build/client/assets/nextflow-groovy-Dc_ddanL.js                                  10.39 kB │ gzip:   2.12 kB
#26 216.0 web:build: build/client/assets/chunk-2E4U76K2-UziiSvlt.js                                   10.40 kB │ gzip:   4.16 kB
#26 216.0 web:build: build/client/assets/auth-D9KKDi2E.js                                             10.43 kB │ gzip:   3.09 kB
#26 216.0 web:build: build/client/assets/dream-maker-DW3nJb8Q.js                                      10.46 kB │ gzip:   2.25 kB
#26 216.0 web:build: build/client/assets/raku-B3gFvitq.js                                             10.46 kB │ gzip:   2.94 kB
#26 216.0 web:build: build/client/assets/project-D4WQNT9M.js                                          10.55 kB │ gzip:   3.46 kB
#26 216.0 web:build: build/client/assets/yaml-Cx9nXXjt.js                                             10.56 kB │ gzip:   2.31 kB
#26 216.0 web:build: build/client/assets/auth-B6cByhO0.js                                             10.57 kB │ gzip:   3.11 kB
#26 216.0 web:build: build/client/assets/work-item-type-ZX4MXiXf.js                                   10.60 kB │ gzip:   3.69 kB
#26 216.0 web:build: build/client/assets/stateDiagram-D77RDMKH-Drm33WYK.js                            10.63 kB │ gzip:   3.72 kB
#26 216.0 web:build: build/client/assets/diagram-VSXAHHWV-FdQyWP4z.js                                 10.66 kB │ gzip:   4.11 kB
#26 216.0 web:build: build/client/assets/workspace-DHYBynUW.js                                        10.69 kB │ gzip:   4.36 kB
#26 216.0 web:build: build/client/assets/just-BAXkPPyX.js                                             10.76 kB │ gzip:   2.60 kB
#26 216.0 web:build: build/client/assets/auth-C2pym3f3.js                                             10.78 kB │ gzip:   3.01 kB
#26 216.0 web:build: build/client/assets/work-item-CeDlM3C5.js                                        10.83 kB │ gzip:   3.32 kB
#26 216.0 web:build: build/client/assets/workspace-BXw5BU12.js                                        10.84 kB │ gzip:   4.41 kB
#26 216.0 web:build: build/client/assets/work-item-type-BIxIFyIv.js                                   10.89 kB │ gzip:   3.78 kB
#26 216.0 web:build: build/client/assets/auth-CzM4are9.js                                             10.94 kB │ gzip:   3.02 kB
#26 216.0 web:build: build/client/assets/elm-D5BIZDWc.js                                              10.94 kB │ gzip:   2.09 kB
#26 216.0 web:build: build/client/assets/dagre-GXQ25YYZ-cP14M4eM.js                                   10.95 kB │ gzip:   4.13 kB
#26 216.0 web:build: build/client/assets/tour-Np_cJqdr.js                                             10.96 kB │ gzip:   3.30 kB
#26 216.0 web:build: build/client/assets/auth-BbC7GZsQ.js                                             10.99 kB │ gzip:   2.96 kB
#26 216.0 web:build: build/client/assets/auth-BD92_Pj8.js                                             11.00 kB │ gzip:   2.90 kB
#26 216.0 web:build: build/client/assets/empty-state-aOlDk0BH.js                                      11.03 kB │ gzip:   3.29 kB
#26 216.0 web:build: build/client/assets/workspace-C0wgOcBZ.js                                        11.08 kB │ gzip:   3.86 kB
#26 216.0 web:build: build/client/assets/auth-CIl-H_9f.js                                             11.16 kB │ gzip:   3.10 kB
#26 216.0 web:build: build/client/assets/project-CnRajxhz.js                                          11.16 kB │ gzip:   4.17 kB
#26 216.0 web:build: build/client/assets/github-light-EUqPIrTm.js                                     11.18 kB │ gzip:   2.49 kB
#26 216.0 web:build: build/client/assets/work-item-BIs4_-ll.js                                        11.19 kB │ gzip:   3.49 kB
#26 216.0 web:build: build/client/assets/work-item-type-Aof6SdAr.js                                   11.29 kB │ gzip:   3.26 kB
#26 216.0 web:build: build/client/assets/work-item-type-CTPufGj2.js                                   11.29 kB │ gzip:   3.26 kB
#26 216.0 web:build: build/client/assets/api-tokens-zQ9DOdAW.js                                       11.30 kB │ gzip:   3.70 kB
#26 216.0 web:build: build/client/assets/prolog-iXnhIJG7.js                                           11.34 kB │ gzip:   3.84 kB
#26 216.0 web:build: build/client/assets/auth-CPRZs6tL.js                                             11.36 kB │ gzip:   3.04 kB
#26 216.0 web:build: build/client/assets/terraform-DswuEJGm.js                                        11.38 kB │ gzip:   2.51 kB
#26 216.0 web:build: build/client/assets/work-item-Rjf9yG_c.js                                        11.38 kB │ gzip:   3.40 kB
#26 216.0 web:build: build/client/assets/github-dark-C-LZuMrd.js                                      11.40 kB │ gzip:   2.53 kB
#26 216.0 web:build: build/client/assets/puppet-CDv2pdJW.js                                           11.43 kB │ gzip:   2.10 kB
#26 216.0 web:build: build/client/assets/project-BAIWpDRH.js                                          11.44 kB │ gzip:   4.32 kB
#26 216.0 web:build: build/client/assets/template-DP8X_DA4.js                                         11.48 kB │ gzip:   2.98 kB
#26 216.0 web:build: build/client/assets/laserwave-C_8bwKvT.js                                        11.49 kB │ gzip:   2.57 kB
#26 216.0 web:build: build/client/assets/work-item-C3gqMnSF.js                                        11.51 kB │ gzip:   3.57 kB
#26 216.0 web:build: build/client/assets/helper-CYaZOpZR.js                                           11.53 kB │ gzip:   4.64 kB
#26 216.0 web:build: build/client/assets/tour-CsNY5xTT.js                                             11.55 kB │ gzip:   3.40 kB
#26 216.0 web:build: build/client/assets/project-BM1JIObL.js                                          11.55 kB │ gzip:   3.75 kB
#26 216.0 web:build: build/client/assets/work-item-e3nX2803.js                                        11.56 kB │ gzip:   3.32 kB
#26 216.0 web:build: build/client/assets/empty-state-CT_StX9m.js                                      11.62 kB │ gzip:   3.52 kB
#26 216.0 web:build: build/client/assets/work-item-DaYfRq2P.js                                        11.66 kB │ gzip:   3.37 kB
#26 216.0 web:build: build/client/assets/empty-state-B99-siie.js                                      11.68 kB │ gzip:   3.67 kB
#26 216.0 web:build: build/client/assets/work-item-D8pvbnwt.js                                        11.68 kB │ gzip:   3.30 kB
#26 216.0 web:build: build/client/assets/scrollarea-FXnUTOZX.js                                       11.71 kB │ gzip:   4.07 kB
#26 216.0 web:build: build/client/assets/websandbox-BoUMuuTu.js                                       11.75 kB │ gzip:   3.41 kB
#26 216.0 web:build: build/client/assets/work-item-BB48tQEz.js                                        11.76 kB │ gzip:   3.52 kB
#26 216.0 web:build: build/client/assets/auth-D11eE3K-.js                                             11.79 kB │ gzip:   3.02 kB
#26 216.0 web:build: build/client/assets/empty-state-BjP8VPxP.js                                      11.79 kB │ gzip:   3.91 kB
#26 216.0 web:build: build/client/assets/workspace-QQffJ3pe.js                                        11.80 kB │ gzip:   4.32 kB
#26 216.0 web:build: build/client/assets/page-yQXqMwkq.js                                             11.82 kB │ gzip:   3.80 kB
#26 216.0 web:build: build/client/assets/workspace-Bhmlh9a5.js                                        11.84 kB │ gzip:   4.39 kB
#26 216.0 web:build: build/client/assets/issue-progress-Dc5YoFei.js                                   11.85 kB │ gzip:   3.72 kB
#26 216.0 web:build: build/client/assets/work-item-4Np-IS29.js                                        11.86 kB │ gzip:   3.46 kB
#26 216.0 web:build: build/client/assets/empty-state-C5ElAZuw.js                                      11.86 kB │ gzip:   3.64 kB
#26 216.0 web:build: build/client/assets/workspace-ClDSYYBb.js                                        11.87 kB │ gzip:   4.38 kB
#26 216.0 web:build: build/client/assets/gherkin-DExj1W_8.js                                          11.93 kB │ gzip:   5.04 kB
#26 216.0 web:build: build/client/assets/empty-state-CMl7SJFD.js                                      11.94 kB │ gzip:   3.63 kB
#26 216.0 web:build: build/client/assets/workspace-BvK9LU9q.js                                        11.96 kB │ gzip:   3.96 kB
#26 216.0 web:build: build/client/assets/TabsList-BtMYc-x4.js                                         11.97 kB │ gzip:   4.46 kB
#26 216.0 web:build: build/client/assets/wasm-ByWQv1Qj.js                                             12.00 kB │ gzip:   2.17 kB
#26 216.0 web:build: build/client/assets/work-item-type-DlspNmuX.js                                   12.03 kB │ gzip:   3.42 kB
#26 216.0 web:build: build/client/assets/hjson-CxZEssPk.js                                            12.04 kB │ gzip:   1.64 kB
#26 216.0 web:build: build/client/assets/empty-state-AI4fcd76.js                                      12.08 kB │ gzip:   3.87 kB
#26 216.0 web:build: build/client/assets/work-item-MxyKucbm.js                                        12.12 kB │ gzip:   3.47 kB
#26 216.0 web:build: build/client/assets/user.service-B-FT4djj.js                                     12.13 kB │ gzip:   4.26 kB
#26 216.0 web:build: build/client/assets/empty-state-BLuYoJ6v.js                                      12.14 kB │ gzip:   3.94 kB
#26 216.0 web:build: build/client/assets/handlebars-BFpkyR2i.js                                       12.16 kB │ gzip:   2.37 kB
#26 216.0 web:build: build/client/assets/auth-pZhIDssA.js                                             12.28 kB │ gzip:   3.18 kB
#26 216.0 web:build: build/client/assets/root-DsSKXbrK.js                                             12.29 kB │ gzip:   3.78 kB
#26 216.0 web:build: build/client/assets/page-ChNJeYHK.js                                             12.31 kB │ gzip:   4.28 kB
#26 216.0 web:build: build/client/assets/empty-state-DNIE8bOl.js                                      12.33 kB │ gzip:   3.72 kB
#26 216.0 web:build: build/client/assets/empty-state-CRUFpmQB.js                                      12.39 kB │ gzip:   3.87 kB
#26 216.0 web:build: build/client/assets/apache-U0d_L8uA.js                                           12.44 kB │ gzip:   3.71 kB
#26 216.0 web:build: build/client/assets/FloatingPortalLite-DWCCDThi.js                               12.47 kB │ gzip:   5.17 kB
#26 216.0 web:build: build/client/assets/select-CveoLI1L.js                                           12.48 kB │ gzip:   4.52 kB
#26 216.0 web:build: build/client/assets/auth-C_uMRudM.js                                             12.49 kB │ gzip:   3.07 kB
#26 216.0 web:build: build/client/assets/empty-state-DfNJCK4e.js                                      12.49 kB │ gzip:   3.72 kB
#26 216.0 web:build: build/client/assets/chunk-GMAD6QVW-DGHEgMGF.js                                   12.51 kB │ gzip:   5.00 kB
#26 216.0 web:build: build/client/assets/workspace-DecbUjX7.js                                        12.51 kB │ gzip:   4.30 kB
#26 216.0 web:build: build/client/assets/work-item-CFUpCP44.js                                        12.53 kB │ gzip:   3.58 kB
#26 216.0 web:build: build/client/assets/workspace-DvtNpwt0.js                                        12.56 kB │ gzip:   4.40 kB
#26 216.0 web:build: build/client/assets/work-item-B48iYDTX.js                                        12.58 kB │ gzip:   3.48 kB
#26 216.0 web:build: build/client/assets/header-D3npVRqK.js                                           12.64 kB │ gzip:   3.66 kB
#26 216.0 web:build: build/client/assets/page-CYcsgk_M.js                                             12.66 kB │ gzip:   4.36 kB
#26 216.0 web:build: build/client/assets/vesper-D5bVUKB1.js                                           12.68 kB │ gzip:   1.98 kB
#26 216.0 web:build: build/client/assets/work-item-HHwVbXT9.js                                        12.71 kB │ gzip:   3.49 kB
#26 216.0 web:build: build/client/assets/workspace-BYV0Z2GE.js                                        12.72 kB │ gzip:   4.25 kB
#26 216.0 web:build: build/client/assets/project-CzlWPj4o.js                                          12.80 kB │ gzip:   3.90 kB
#26 216.0 web:build: build/client/assets/page-Cvpf2u4R.js                                             12.83 kB │ gzip:   4.00 kB
#26 216.0 web:build: build/client/assets/workspace-DSTnec_G.js                                        12.86 kB │ gzip:   4.33 kB
#26 216.0 web:build: build/client/assets/workspace-DCZd2l6f.js                                        12.86 kB │ gzip:   4.37 kB
#26 216.0 web:build: build/client/assets/bat-Bo4NYOV-.js                                              12.88 kB │ gzip:   3.22 kB
#26 216.0 web:build: build/client/assets/layout-BwbbYMKo.js                                           12.91 kB │ gzip:   4.41 kB
#26 216.0 web:build: build/client/assets/workspace-CPB_be9k.js                                        12.97 kB │ gzip:   4.57 kB
#26 216.0 web:build: build/client/assets/fish-BJitypiv.js                                             13.03 kB │ gzip:   1.73 kB
#26 216.0 web:build: build/client/assets/empty-state-WFJ71lb_.js                                      13.03 kB │ gzip:   3.86 kB
#26 216.0 web:build: build/client/assets/project-BPzqf34c.js                                          13.03 kB │ gzip:   4.15 kB
#26 216.0 web:build: build/client/assets/workspace-D-sM0reN.js                                        13.09 kB │ gzip:   4.45 kB
#26 216.0 web:build: build/client/assets/v-DETTlOr0.js                                                13.20 kB │ gzip:   2.73 kB
#26 216.0 web:build: build/client/assets/radar-chart-C27NJ3OE.js                                      13.24 kB │ gzip:   4.35 kB
#26 216.0 web:build: build/client/assets/project-CkyvoVmT.js                                          13.30 kB │ gzip:   4.41 kB
#26 216.0 web:build: build/client/assets/work-item-type-BMrX5Ijz.js                                   13.30 kB │ gzip:   3.85 kB
#26 216.0 web:build: build/client/assets/project-BfDUdmny.js                                          13.36 kB │ gzip:   4.15 kB
#26 216.0 web:build: build/client/assets/work-item-type-DVT3_5N_.js                                   13.58 kB │ gzip:   3.82 kB
#26 216.0 web:build: build/client/assets/project-Aozhl21f.js                                          13.58 kB │ gzip:   4.31 kB
#26 216.0 web:build: build/client/assets/work-item-type-DsfupjLf.js                                   13.61 kB │ gzip:   4.12 kB
#26 216.0 web:build: build/client/assets/vitesse-light-VbXTXTou.js                                    13.61 kB │ gzip:   3.03 kB
#26 216.0 web:build: build/client/assets/workspace-BojPHmju.js                                        13.63 kB │ gzip:   4.52 kB
#26 216.0 web:build: build/client/assets/aurora-x-CDeNXAV0.js                                         13.65 kB │ gzip:   2.28 kB
#26 216.0 web:build: build/client/assets/project-DhvJfikU.js                                          13.65 kB │ gzip:   4.38 kB
#26 216.0 web:build: build/client/assets/general-BirHNAIJ.js                                          13.66 kB │ gzip:   4.13 kB
#26 216.0 web:build: build/client/assets/vitesse-black-fwtXNY1n.js                                    13.67 kB │ gzip:   3.05 kB
#26 216.0 web:build: build/client/assets/work-item-type-CVUqJQuC.js                                   13.72 kB │ gzip:   4.12 kB
#26 216.0 web:build: build/client/assets/vitesse-dark-BZCL-v6S.js                                     13.75 kB │ gzip:   3.06 kB
#26 216.0 web:build: build/client/assets/useOpenInteractionType-C8iISvt1.js                           13.78 kB │ gzip:   5.23 kB
#26 216.1 web:build: build/client/assets/work-item-type-St_Im-sM.js                                   13.80 kB │ gzip:   4.18 kB
#26 216.1 web:build: build/client/assets/work-item-type-CYalL6hu.js                                   13.81 kB │ gzip:   3.78 kB
#26 216.1 web:build: build/client/assets/project-2nRqqtWi.js                                          13.82 kB │ gzip:   4.35 kB
#26 216.1 web:build: build/client/assets/template-BnL_YN39.js                                         13.83 kB │ gzip:   3.36 kB
#26 216.1 web:build: build/client/assets/pug-DTOOCNJY.js                                              13.84 kB │ gzip:   2.58 kB
#26 216.1 web:build: build/client/assets/empty-state-D5QrzW2A.js                                      13.86 kB │ gzip:   3.88 kB
#26 216.1 web:build: build/client/assets/template--IvPQfFu.js                                         13.88 kB │ gzip:   3.40 kB
#26 216.1 web:build: build/client/assets/luau-CNKltnaQ.js                                             13.95 kB │ gzip:   3.16 kB
#26 216.1 web:build: build/client/assets/empty-state-_Fn1fnOd.js                                      13.97 kB │ gzip:   3.92 kB
#26 216.1 web:build: build/client/assets/project-yib9wCm4.js                                          14.00 kB │ gzip:   4.47 kB
#26 216.1 web:build: build/client/assets/synthwave-84-nFMaYfgc.js                                     14.03 kB │ gzip:   2.85 kB
#26 216.1 web:build: build/client/assets/work-item-type-CiNl8er5.js                                   14.05 kB │ gzip:   4.01 kB
#26 216.1 web:build: build/client/assets/page-DOTxt-nw.js                                             14.07 kB │ gzip:   4.49 kB
#26 216.1 web:build: build/client/assets/work-item-type-DS69mSwJ.js                                   14.08 kB │ gzip:   3.87 kB
#26 216.1 web:build: build/client/assets/project-settings-D3YZRosU.js                                 14.09 kB │ gzip:   4.91 kB
#26 216.1 web:build: build/client/assets/work-item-type-DXQdNtwV.js                                   14.09 kB │ gzip:   4.01 kB
#26 216.1 web:build: build/client/assets/github-light-default-BXViO-2h.js                             14.15 kB │ gzip:   3.02 kB
#26 216.1 web:build: build/client/assets/clarity-SemFz856.js                                          14.26 kB │ gzip:   2.46 kB
#26 216.1 web:build: build/client/assets/github-light-high-contrast-B68TUdTA.js                       14.27 kB │ gzip:   3.00 kB
#26 216.1 web:build: build/client/assets/layout-DI_Cmw4c2.js                                          14.29 kB │ gzip:   4.29 kB
#26 216.1 web:build: build/client/assets/project-settings-DP_Pxggz.js                                 14.34 kB │ gzip:   4.99 kB
#26 216.1 web:build: build/client/assets/PolarAngleAxis-BJ1t69CN.js                                   14.39 kB │ gzip:   3.95 kB
#26 216.1 web:build: build/client/assets/github-dark-dimmed-Bx1FflLF.js                               14.43 kB │ gzip:   3.11 kB
#26 216.1 web:build: build/client/assets/github-dark-default-DXG-b-1a.js                              14.43 kB │ gzip:   3.12 kB
#26 216.1 web:build: build/client/assets/workspace-BrAf2UNS.js                                        14.51 kB │ gzip:   4.47 kB
#26 216.1 web:build: build/client/assets/project-ChMwp71D.js                                          14.54 kB │ gzip:   4.26 kB
#26 216.1 web:build: build/client/assets/work-item-type-DsKHlb22.js                                   14.54 kB │ gzip:   4.01 kB
#26 216.1 web:build: build/client/assets/work-item-type-CtaP6hJR.js                                   14.56 kB │ gzip:   4.08 kB
#26 216.1 web:build: build/client/assets/github-dark-high-contrast-B_tTalzw.js                        14.59 kB │ gzip:   3.07 kB
#26 216.1 web:build: build/client/assets/gnuplot-7GGW24-e.js                                          14.77 kB │ gzip:   3.27 kB
#26 216.1 web:build: build/client/assets/work-item-type-BolDFBZn.js                                   14.86 kB │ gzip:   3.95 kB
#26 216.1 web:build: build/client/assets/time-Ck92M8Q7.js                                             14.92 kB │ gzip:   4.81 kB
#26 216.1 web:build: build/client/assets/transfer-issues-modal-wryEeGxB.js                            15.00 kB │ gzip:   5.19 kB
#26 216.1 web:build: build/client/assets/project-zgRPG_3c.js                                          15.02 kB │ gzip:   4.31 kB
#26 216.1 web:build: build/client/assets/rust-Cfkwpbl8.js                                             15.06 kB │ gzip:   2.71 kB
#26 216.1 web:build: build/client/assets/auth-DYjrefTo.js                                             15.08 kB │ gzip:   3.62 kB
#26 216.1 web:build: build/client/assets/page-DP_1z40g.js                                             15.14 kB │ gzip:   5.17 kB
#26 216.1 web:build: build/client/assets/kusto-BUv0MjJC.js                                            15.16 kB │ gzip:   3.93 kB
#26 216.1 web:build: build/client/assets/actionscript-3--17pq3dv.js                                   15.19 kB │ gzip:   2.67 kB
#26 216.1 web:build: build/client/assets/workspace-CyNSBSE4.js                                        15.20 kB │ gzip:   4.77 kB
#26 216.1 web:build: build/client/assets/auth-kKLdR1R0.js                                             15.25 kB │ gzip:   3.59 kB
#26 216.1 web:build: build/client/assets/project-settings-By3MFAUi.js                                 15.37 kB │ gzip:   4.49 kB
#26 216.1 web:build: build/client/assets/page-DEXNiL-P2.js                                            15.46 kB │ gzip:   5.45 kB
#26 216.1 web:build: build/client/assets/nix-IvuFDN5E.js                                              15.50 kB │ gzip:   2.47 kB
#26 216.1 web:build: build/client/assets/lua-Cjh6CzVx.js                                              15.58 kB │ gzip:   3.18 kB
#26 216.1 web:build: build/client/assets/work-item-type-CTODUd1R.js                                   15.63 kB │ gzip:   4.14 kB
#26 216.1 web:build: build/client/assets/chunk-SVP7TREG-CeAOFMh8.js                                   15.64 kB │ gzip:   4.36 kB
#26 216.1 web:build: build/client/assets/diagram-VX7I27RA-CErBuutH.js                                 15.73 kB │ gzip:   5.51 kB
#26 216.1 web:build: build/client/assets/integration-DowBhzuY.js                                      15.75 kB │ gzip:   4.93 kB
#26 216.1 web:build: build/client/assets/integration-Cp4OHnho.js                                      15.80 kB │ gzip:   4.97 kB
#26 216.1 web:build: build/client/assets/abap-CLvhMVsD.js                                             15.84 kB │ gzip:   5.93 kB
#26 216.1 web:build: build/client/assets/project-BePP7fe1.js                                          15.98 kB │ gzip:   4.62 kB
#26 216.1 web:build: build/client/assets/solidity-CKzVLygQ.js                                         16.06 kB │ gzip:   3.09 kB
#26 216.1 web:build: build/client/assets/matlab-D7qyCx1q.js                                           16.07 kB │ gzip:   3.06 kB
#26 216.1 web:build: build/client/assets/cue-CE9AQfxI.js                                              16.19 kB │ gzip:   2.04 kB
#26 216.1 web:build: build/client/assets/project-settings-5p9d_-li.js                                 16.22 kB │ gzip:   4.63 kB
#26 216.1 web:build: build/client/assets/elixir-BFJ5TWfm.js                                           16.26 kB │ gzip:   2.76 kB
#26 216.1 web:build: build/client/assets/spreadsheet-view-CNq1ezIp.js                                 16.36 kB │ gzip:   5.28 kB
#26 216.1 web:build: build/client/assets/odin-B1RWQWA5.js                                             16.50 kB │ gzip:   2.92 kB
#26 216.1 web:build: build/client/assets/isEmpty-B4XP56lu.js                                          16.52 kB │ gzip:   6.15 kB
#26 216.1 web:build: build/client/assets/activity-B1XvXMov.js                                         16.54 kB │ gzip:   2.94 kB
#26 216.1 web:build: build/client/assets/mermaid-parser.core-BCOGZFb-.js                              16.59 kB │ gzip:   3.93 kB
#26 216.1 web:build: build/client/assets/page-DwH9wkX0.js                                             16.65 kB │ gzip:   5.44 kB
#26 216.1 web:build: build/client/assets/work-item-Bjs_x5xm.js                                        16.73 kB │ gzip:   4.01 kB
#26 216.1 web:build: build/client/assets/integration-Dn0FksU7.js                                      16.76 kB │ gzip:   4.42 kB
#26 216.1 web:build: build/client/assets/integration-QxD-UH6q.js                                      16.76 kB │ gzip:   4.42 kB
#26 216.1 web:build: build/client/assets/work-item-CXTCZ__Z.js                                        16.79 kB │ gzip:   4.15 kB
#26 216.1 web:build: build/client/assets/project-settings-D6mA4kbQ.js                                 16.82 kB │ gzip:   5.23 kB
#26 216.1 web:build: build/client/assets/use-navigation-items-BiB0gAme.js                             16.84 kB │ gzip:   5.72 kB
#26 216.1 web:build: build/client/assets/project-settings-VS536DnH.js                                 16.91 kB │ gzip:   5.26 kB
#26 216.1 web:build: build/client/assets/bird2-C2hNVINV.js                                            16.96 kB │ gzip:   3.84 kB
#26 216.1 web:build: build/client/assets/project-settings-C3ltfbH9.js                                 17.03 kB │ gzip:   5.04 kB
#26 216.1 web:build: build/client/assets/project-settings-DaI3_wLh.js                                 17.03 kB │ gzip:   5.26 kB
#26 216.1 web:build: build/client/assets/kanagawa-wave-CTweb8Dz.js                                    17.12 kB │ gzip:   2.90 kB
#26 216.1 web:build: build/client/assets/kanagawa-lotus-BN08jTvb.js                                   17.12 kB │ gzip:   2.90 kB
#26 216.1 web:build: build/client/assets/kanagawa-dragon-CXtmUGW6.js                                  17.12 kB │ gzip:   2.92 kB
#26 216.1 web:build: build/client/assets/ishikawaDiagram-5VMMS53U-Da5O8aKq.js                         17.33 kB │ gzip:   6.53 kB
#26 216.1 web:build: build/client/assets/project-D9RotxtO.js                                          17.38 kB │ gzip:   4.66 kB
#26 216.1 web:build: build/client/assets/integration-DCzUQgDV.js                                      17.40 kB │ gzip:   4.70 kB
#26 216.1 web:build: build/client/assets/workspace-dveVzlXl.js                                        17.43 kB │ gzip:   5.05 kB
#26 216.1 web:build: build/client/assets/move-B1IS1UjX.js                                             17.49 kB │ gzip:   3.06 kB
#26 216.1 web:build: build/client/assets/project-settings-DZxCLxbg.js                                 17.53 kB │ gzip:   4.99 kB
#26 216.1 web:build: build/client/assets/project-settings-BZG8i75v.js                                 17.71 kB │ gzip:   5.12 kB
#26 216.1 web:build: build/client/assets/page-BjojTjCV.js                                             17.75 kB │ gzip:   5.27 kB
#26 216.1 web:build: build/client/assets/project-settings-CXjyoaV1.js                                 17.75 kB │ gzip:   5.21 kB
#26 216.1 web:build: build/client/assets/project-settings-C9iSmFtq.js                                 17.80 kB │ gzip:   5.00 kB
#26 216.1 web:build: build/client/assets/workspace-settings-C_fXs_WA.js                               17.95 kB │ gzip:   6.37 kB
#26 216.1 web:build: build/client/assets/work-item-CGSjTIng.js                                        17.99 kB │ gzip:   3.85 kB
#26 216.1 web:build: build/client/assets/page-BgtQ2_ty.js                                             18.02 kB │ gzip:   4.26 kB
#26 216.1 web:build: build/client/assets/graphql-rSMgrzOq.js                                          18.07 kB │ gzip:   2.53 kB
#26 216.1 web:build: build/client/assets/liquid-BDaup0TZ.js                                           18.10 kB │ gzip:   3.14 kB
#26 216.1 web:build: build/client/assets/web-hooks-B8rFMtN1.js                                        18.14 kB │ gzip:   6.10 kB
#26 216.1 web:build: build/client/assets/project-settings-DnxXekDD.js                                 18.20 kB │ gzip:   5.05 kB
#26 216.1 web:build: build/client/assets/adapter-uHmYm6ly.js                                          18.21 kB │ gzip:   5.52 kB
#26 216.1 web:build: build/client/assets/integration-DMCPP2Oc.js                                      18.22 kB │ gzip:   5.16 kB
#26 216.1 web:build: build/client/assets/empty-state-DCdbr8HR.js                                      18.22 kB │ gzip:   4.55 kB
#26 216.1 web:build: build/client/assets/svelte-VVDv9FMD.js                                           18.24 kB │ gzip:   3.14 kB
#26 216.1 web:build: build/client/assets/workspace-settings-CohLmsMh.js                               18.25 kB │ gzip:   6.44 kB
#26 216.5 web:build: build/client/assets/workspace-D3eKlO1U.js                                        18.25 kB │ gzip:   5.10 kB
#26 216.5 web:build: build/client/assets/integration-TS_Y5nCw.js                                      18.29 kB │ gzip:   4.99 kB
#26 216.5 web:build: build/client/assets/project-settings-F-dyIkNA.js                                 18.34 kB │ gzip:   5.13 kB
#26 216.5 web:build: build/client/assets/integration-CQo7pb3O.js                                      18.34 kB │ gzip:   5.10 kB
#26 216.5 web:build: build/client/assets/base-D1RFJgYg.js                                             18.45 kB │ gzip:   6.01 kB
#26 216.5 web:build: build/client/assets/page-BpQleKgw.js                                             18.53 kB │ gzip:   6.34 kB
#26 216.5 web:build: build/client/assets/integration-DfwCp6rJ.js                                      18.54 kB │ gzip:   5.18 kB
#26 216.5 web:build: build/client/assets/integration-C7r-YskA.js                                      18.55 kB │ gzip:   5.16 kB
#26 216.5 web:build: build/client/assets/integration-CRSfy-ms.js                                      18.56 kB │ gzip:   5.10 kB
#26 216.5 web:build: build/client/assets/material-theme-Bm3Qr25_.js                                   18.61 kB │ gzip:   3.10 kB
#26 216.5 web:build: build/client/assets/material-theme-darker-2IIEA8gg.js                            18.62 kB │ gzip:   3.10 kB
#26 216.5 web:build: build/client/assets/material-theme-ocean-CHQ94UKr.js                             18.62 kB │ gzip:   3.12 kB
#26 216.5 web:build: build/client/assets/material-theme-lighter-uhdI0v04.js                           18.63 kB │ gzip:   3.10 kB
#26 216.5 web:build: build/client/assets/material-theme-palenight-B5W6OYN7.js                         18.63 kB │ gzip:   3.11 kB
#26 216.5 web:build: build/client/assets/integration-uu99enR3.js                                      18.67 kB │ gzip:   5.00 kB
#26 216.5 web:build: build/client/assets/integration-DVqYDqcm.js                                      18.73 kB │ gzip:   5.26 kB
#26 216.5 web:build: build/client/assets/project-settings-D1Uzxkoh.js                                 18.78 kB │ gzip:   5.20 kB
#26 216.5 web:build: build/client/assets/empty-state-DONHOhK9.js                                      18.82 kB │ gzip:   4.63 kB
#26 216.5 web:build: build/client/assets/integration-BqgZXNXg.js                                      18.92 kB │ gzip:   5.12 kB
#26 216.5 web:build: build/client/assets/gdscript-Cp2uCuqX.js                                         18.98 kB │ gzip:   3.75 kB
#26 216.5 web:build: build/client/assets/workspace-settings-BcoE1c4x.js                               19.03 kB │ gzip:   5.77 kB
#26 216.5 web:build: build/client/assets/integration-Dhs0csJv.js                                      19.10 kB │ gzip:   5.12 kB
#26 216.5 web:build: build/client/assets/groovy-CacY0gHj.js                                           19.17 kB │ gzip:   3.59 kB
#26 216.5 web:build: build/client/assets/integration-CsBaywPD.js                                      19.19 kB │ gzip:   5.21 kB
#26 216.5 web:build: build/client/assets/mdc-Dn4nw8Bi.js                                              19.54 kB │ gzip:   6.66 kB
#26 216.5 web:build: build/client/assets/project-settings-DY7T431c.js                                 19.63 kB │ gzip:   5.12 kB
#26 216.5 web:build: build/client/assets/floating-ui.react-dom-C8w0JLnB.js                            19.71 kB │ gzip:   7.70 kB
#26 216.5 web:build: build/client/assets/toast-CPJAF7h0.js                                            19.83 kB │ gzip:   6.85 kB
#26 216.5 web:build: build/client/assets/string-CcpFXn6f.js                                           19.85 kB │ gzip:   6.65 kB
#26 216.5 web:build: build/client/assets/work-item-type-DfX5XewP.js                                   20.00 kB │ gzip:   4.69 kB
#26 216.5 web:build: build/client/assets/ayu-dark-DluEY0Gj.js                                         20.07 kB │ gzip:   3.93 kB
#26 216.5 web:build: build/client/assets/ayu-mirage-Bqwy1Gya.js                                       20.08 kB │ gzip:   3.91 kB
#26 216.5 web:build: build/client/assets/workspace-settings-EW6mpYJ0.js                               20.08 kB │ gzip:   5.99 kB
#26 216.5 web:build: build/client/assets/glimmer-js-DU0XCRN2.js                                       20.08 kB │ gzip:   2.94 kB
#26 216.5 web:build: build/client/assets/glimmer-ts-DJWNSNUP.js                                       20.08 kB │ gzip:   2.93 kB
#26 216.5 web:build: build/client/assets/integration-D0QGuTeY.js                                      20.11 kB │ gzip:   5.08 kB
#26 216.5 web:build: build/client/assets/powershell-DshXNtvi.js                                       20.14 kB │ gzip:   4.05 kB
#26 216.5 web:build: build/client/assets/ayu-light-C3h-C4tm.js                                        20.14 kB │ gzip:   3.89 kB
#26 216.5 web:build: build/client/assets/work-item-type-mRHoENmw.js                                   20.18 kB │ gzip:   4.68 kB
#26 216.5 web:build: build/client/assets/kanban-definition-UXKFOSKX-Crat6b1X.js                       20.35 kB │ gzip:   7.18 kB
#26 216.5 web:build: build/client/assets/viml-DvXPmvsu.js                                             20.35 kB │ gzip:   6.73 kB
#26 216.5 web:build: build/client/assets/nushell-DcLAeLz5.js                                          20.40 kB │ gzip:   5.21 kB
#26 216.5 web:build: build/client/assets/integration-CtXTFiaS.js                                      20.43 kB │ gzip:   5.37 kB
#26 216.5 web:build: build/client/assets/project-settings-BQ4x6UuQ.js                                 20.58 kB │ gzip:   5.33 kB
#26 216.5 web:build: build/client/assets/snazzy-light-4G7pJPwS.js                                     20.77 kB │ gzip:   3.80 kB
#26 216.5 web:build: build/client/assets/workspace-settings-D2UJmaKQ.js                               20.86 kB │ gzip:   6.68 kB
#26 216.5 web:build: build/client/assets/utils-DsKTM82P.js                                            20.87 kB │ gzip:   8.22 kB
#26 216.5 web:build: build/client/assets/twig-DW91jh5e.js                                             20.90 kB │ gzip:   3.66 kB
#26 216.5 web:build: build/client/assets/base-list-root-BLYBMSNv.js                                   20.96 kB │ gzip:   7.47 kB
#26 216.5 web:build: build/client/assets/workspace-settings-DZ_qqwPL.js                               20.96 kB │ gzip:   6.71 kB
#26 216.5 web:build: build/client/assets/dracula-BHWKrbxM.js                                          21.06 kB │ gzip:   3.99 kB
#26 216.5 web:build: build/client/assets/dracula-soft-5eyTD99u.js                                     21.07 kB │ gzip:   4.02 kB
#26 216.5 web:build: build/client/assets/workspace-settings-BcQaEoo6.js                               21.19 kB │ gzip:   6.79 kB
#26 216.5 web:build: build/client/assets/workspace-settings-CHqVv-rs.js                               21.32 kB │ gzip:   6.53 kB
#26 216.5 web:build: build/client/assets/workspace-settings-DzrxCRIa.js                               21.40 kB │ gzip:   6.52 kB
#26 216.5 web:build: build/client/assets/wit-DdvCle-K.js                                              21.46 kB │ gzip:   2.87 kB
#26 216.5 web:build: build/client/assets/workspace-settings-BCX7e3tH.js                               21.48 kB │ gzip:   6.60 kB
#26 216.5 web:build: build/client/assets/quick-add-DWZoY9o_.js                                        21.70 kB │ gzip:   5.50 kB
#26 216.5 web:build: build/client/assets/page-BuRJVEBg.js                                             21.71 kB │ gzip:   6.54 kB
#26 216.5 web:build: build/client/assets/rose-pine-BthvhNj6.js                                        21.74 kB │ gzip:   3.86 kB
#26 216.5 web:build: build/client/assets/rose-pine-moon-hon4tzzS.js                                   21.75 kB │ gzip:   3.87 kB
#26 216.5 web:build: build/client/assets/rose-pine-dawn-Dg85fqjY.js                                   21.75 kB │ gzip:   3.88 kB
#26 216.5 web:build: build/client/assets/page-C7YtBP4_.js                                             21.83 kB │ gzip:   6.85 kB
#26 216.5 web:build: build/client/assets/project-settings-CuFt3oGw.js                                 21.85 kB │ gzip:   5.49 kB
#26 216.5 web:build: build/client/assets/workspace-Bi2R3mYw.js                                        21.87 kB │ gzip:   5.01 kB
#26 216.5 web:build: build/client/assets/workspace-settings-Hm3IWNlt.js                               21.96 kB │ gzip:   6.57 kB
#26 216.5 web:build: build/client/assets/workspace-settings-BnStH7kI.js                               22.31 kB │ gzip:   6.64 kB
#26 216.5 web:build: build/client/assets/nim-CTtD0l1l.js                                              22.45 kB │ gzip:   3.15 kB
#26 216.5 web:build: build/client/assets/workspace-settings-C-hk2zLQ.js                               22.49 kB │ gzip:   6.71 kB
#26 216.5 web:build: build/client/assets/common-lisp-Cv5bFMCO.js                                      22.57 kB │ gzip:   6.07 kB
#26 216.5 web:build: build/client/assets/surrealql-DxbeTTnI.js                                        22.58 kB │ gzip:   4.31 kB
#26 216.5 web:build: build/client/assets/auth-base-86YRHbFa.js                                        22.62 kB │ gzip:   7.03 kB
#26 216.5 web:build: build/client/assets/gruvbox-dark-hard-C820rvS2.js                                22.63 kB │ gzip:   4.15 kB
#26 216.5 web:build: build/client/assets/gruvbox-dark-soft-MrdJrrXF.js                                22.63 kB │ gzip:   4.15 kB
#26 216.5 web:build: build/client/assets/gruvbox-light-hard-BC_s9l72.js                               22.63 kB │ gzip:   4.16 kB
#26 216.5 web:build: build/client/assets/gruvbox-light-soft-BSMLrYjP.js                               22.63 kB │ gzip:   4.16 kB
#26 216.5 web:build: build/client/assets/gruvbox-dark-medium-BPjhmG05.js                              22.63 kB │ gzip:   4.15 kB
#26 216.5 web:build: build/client/assets/gruvbox-light-medium-BAWPOn9u.js                             22.63 kB │ gzip:   4.16 kB
#26 216.5 web:build: build/client/assets/workspace-settings-CnJcBM-s.js                               22.75 kB │ gzip:   6.83 kB
#26 216.5 web:build: build/client/assets/mindmap-definition-YA3MSWOX-Cs7420Gw.js                      22.77 kB │ gzip:   7.64 kB
#26 216.5 web:build: build/client/assets/sankeyDiagram-P5KCCOFB-BGJlQGc0.js                           22.81 kB │ gzip:   8.26 kB
#26 216.5 web:build: build/client/assets/base-kanban-root-oALiEbHA.js                                 23.00 kB │ gzip:   7.36 kB
#26 216.5 web:build: build/client/assets/page-CPhe5a5b2.js                                            23.00 kB │ gzip:   7.71 kB
#26 216.5 web:build: build/client/assets/journeyDiagram-3NMN7TZE-DDy4dIcj.js                          23.20 kB │ gzip:   8.18 kB
#26 216.5 web:build: build/client/assets/chunk-75Z2AOVW-Cpsibjxm.js                                   23.21 kB │ gzip:   7.30 kB
#26 216.5 web:build: build/client/assets/workspace-settings-48i0zbEU.js                               23.31 kB │ gzip:   6.89 kB
#26 216.5 web:build: build/client/assets/sql-DJ9kaT5m.js                                              23.46 kB │ gzip:   7.48 kB
#26 216.5 web:build: build/client/assets/cadence-CQ2zXKGN.js                                          23.66 kB │ gzip:   3.65 kB
#26 216.5 web:build: build/client/assets/workspace-settings-zb5KNnIj.js                               23.70 kB │ gzip:   6.59 kB
#26 216.5 web:build: build/client/assets/project-settings-D0jFxKKx.js                                 23.87 kB │ gzip:   5.94 kB
#26 216.5 web:build: build/client/assets/typespec-B88KGewJ.js                                         24.01 kB │ gzip:   2.58 kB
#26 216.5 web:build: build/client/assets/astro-C7JVYOne.js                                            24.02 kB │ gzip:   7.60 kB
#26 216.5 web:build: build/client/assets/apl-D_0wHQUg.js                                              24.02 kB │ gzip:   4.16 kB
#26 216.5 web:build: build/client/assets/templ-BshgNo7X.js                                            24.06 kB │ gzip:   5.41 kB
#26 216.5 web:build: build/client/assets/properties-fon-yAgF.js                                       24.12 kB │ gzip:   7.15 kB
#26 216.5 web:build: build/client/assets/angular-html-DRv4WgpF.js                                     24.23 kB │ gzip:   3.98 kB
#26 216.5 web:build: build/client/assets/vhdl-BroJfC0k.js                                             24.25 kB │ gzip:   3.86 kB
#26 216.5 web:build: build/client/assets/vue-BsnNpAEl.js                                              24.48 kB │ gzip:   2.96 kB
#26 216.5 web:build: build/client/assets/purescript-9MfHhQsQ.js                                       24.67 kB │ gzip:   3.24 kB
#26 216.5 web:build: build/client/assets/project-wydIATxO.js                                          24.82 kB │ gzip:   5.04 kB
#26 216.5 web:build: build/client/assets/quick-action-dropdowns-CYRnSRSZ.js                           25.07 kB │ gzip:   4.78 kB
#26 216.5 web:build: build/client/assets/page-CgBPcwMe.js                                             25.18 kB │ gzip:   6.68 kB
#26 216.5 web:build: build/client/assets/wardleyDiagram-VM6X3IG4-CNmTeXE4.js                          25.22 kB │ gzip:   6.55 kB
#26 216.5 web:build: build/client/assets/one-light-D7Lr4KcI.js                                        25.29 kB │ gzip:   3.63 kB
#26 216.5 web:build: build/client/assets/fsharp-D13ZGOAj.js                                           25.30 kB │ gzip:   4.12 kB
#26 216.5 web:build: build/client/assets/integration-C7hHJHQL.js                                      25.30 kB │ gzip:   5.85 kB
#26 216.5 web:build: build/client/assets/workspace-settings-CmHhS92I.js                               25.31 kB │ gzip:   6.77 kB
#26 216.5 web:build: build/client/assets/marko-CHa0F7xg.js                                            25.48 kB │ gzip:   3.59 kB
#26 216.5 web:build: build/client/assets/workspace-settings-DR_U2Mj7.js                               25.55 kB │ gzip:   6.81 kB
#26 216.5 web:build: build/client/assets/c3-CnJL0r0V.js                                               25.62 kB │ gzip:   3.85 kB
#26 216.5 web:build: build/client/assets/integration-_rZMZw6W.js                                      25.86 kB │ gzip:   5.81 kB
#26 216.5 web:build: build/client/assets/night-owl-light-eJ-hLW7d.js                                  25.89 kB │ gzip:   4.23 kB
#26 216.5 web:build: build/client/assets/project-settings-BWGv4dZ5.js                                 25.94 kB │ gzip:   6.16 kB
#26 216.5 web:build: build/client/assets/layout-CBq8G0KL.js                                           26.01 kB │ gzip:   7.74 kB
#26 216.5 web:build: build/client/assets/bundle-mjs-BeY4Dw7-.js                                       26.09 kB │ gzip:   8.44 kB
#26 216.5 web:build: build/client/assets/system-verilog-DJ5XKQeo.js                                   26.19 kB │ gzip:   4.82 kB
#26 216.5 web:build: build/client/assets/empty-state-BWUUn9zP.js                                      26.26 kB │ gzip:   4.37 kB
#26 216.5 web:build: build/client/assets/nord-Cb4Vim4T.js                                             26.72 kB │ gzip:   4.35 kB
#26 216.5 web:build: build/client/assets/codeql-oeQT6MSM.js                                           26.87 kB │ gzip:   3.79 kB
#26 216.5 web:build: build/client/assets/rough.esm-CSKSodPl.js                                        27.10 kB │ gzip:   8.85 kB
#26 216.5 web:build: build/client/assets/scss-Bv9vhZCe.js                                             27.25 kB │ gzip:   4.22 kB
#26 216.5 web:build: build/client/assets/java-BvXLEmtK.js                                             27.27 kB │ gzip:   4.30 kB
#26 216.5 web:build: build/client/assets/coffee-BplaQ6IY.js                                           27.42 kB │ gzip:   6.35 kB
#26 216.5 web:build: build/client/assets/razor-CEfnZm5C.js                                            27.45 kB │ gzip:   3.54 kB
#26 216.5 web:build: build/client/assets/dagre-CRE5osQ4.js                                            27.85 kB │ gzip:   9.82 kB
#26 216.5 web:build: build/client/assets/list-CqCUPUHW.js                                             28.37 kB │ gzip:   8.13 kB
#26 216.5 web:build: build/client/assets/scala-DKOlJaKm.js                                            28.87 kB │ gzip:   3.92 kB
#26 216.5 web:build: build/client/assets/night-owl-DhmEMT88.js                                        28.91 kB │ gzip:   5.14 kB
#26 216.5 web:build: build/client/assets/page-BRvKxb-h.js                                             28.94 kB │ gzip:   8.22 kB
#26 216.5 web:build: build/client/assets/gitGraphDiagram-WWUBYQGX-CWD84jpR.js                         29.01 kB │ gzip:   8.54 kB
#26 216.5 web:build: build/client/assets/crystal-Dojg-BOQ.js                                          29.41 kB │ gzip:   4.44 kB
#26 216.5 web:build: build/client/assets/mermaid-Bk4SNUv9.js                                          29.50 kB │ gzip:   3.64 kB
#26 216.5 web:build: build/client/assets/applescript-CCn79oCD.js                                      29.56 kB │ gzip:   5.94 kB
#26 216.5 web:build: build/client/assets/page-DuXErTta.js                                             29.67 kB │ gzip:   6.83 kB
#26 216.5 web:build: build/client/assets/workspace-settings-naczeU6N.js                               30.21 kB │ gzip:   7.67 kB
#26 216.5 web:build: build/client/assets/timeline-definition-24CTP7MA-B1tjLavY.js                     30.43 kB │ gzip:   9.97 kB
#26 216.5 web:build: build/client/assets/workspace-settings-DuQAZ4Y1.js                               30.62 kB │ gzip:   7.67 kB
#26 216.5 web:build: build/client/assets/erDiagram-RLTQ6QDP-DvrwTrO5.js                               30.72 kB │ gzip:  10.56 kB
#26 216.5 web:build: build/client/assets/julia-Bjl0u5bi.js                                            30.99 kB │ gzip:   4.30 kB
#26 216.5 web:build: build/client/assets/requirementDiagram-BXWQKSXE-DS1Vg8d2.js                      31.03 kB │ gzip:   9.78 kB
#26 216.5 web:build: build/client/assets/stylus-B6D30XZt.js                                           31.06 kB │ gzip:   8.01 kB
#26 216.5 web:build: build/client/assets/base-spreadsheet-root-B6b5vitV.js                            31.86 kB │ gzip:   9.70 kB
#26 216.5 web:build: build/client/assets/workflow-CjWgIm1-.js                                         31.93 kB │ gzip:   7.54 kB
#26 216.5 web:build: build/client/assets/errorBoundaries-LAZu_PI2.js                                  32.20 kB │ gzip:  11.23 kB
#26 216.5 web:build: build/client/assets/combobox--CVOMx9A.js                                         33.00 kB │ gzip:  11.93 kB
#26 216.5 web:build: build/client/assets/page-BqjN7OTT.js                                             33.34 kB │ gzip:  10.04 kB
#26 216.5 web:build: build/client/assets/poimandres-DRFjx7u4.js                                       33.49 kB │ gzip:   5.49 kB
#26 216.5 web:build: build/client/assets/quadrantDiagram-AXDQQJYC-DEU1Zbcz.js                         33.55 kB │ gzip:   9.75 kB
#26 216.5 web:build: build/client/assets/one-dark-pro-CLwyXe_n.js                                     33.78 kB │ gzip:   5.50 kB
#26 216.5 web:build: build/client/assets/bsl-BkkzgIyY.js                                              33.86 kB │ gzip:   8.34 kB
#26 216.5 web:build: build/client/assets/content-DjS_Do3Z.js                                          34.09 kB │ gzip:   9.68 kB
#26 216.5 web:build: build/client/assets/page-BIr0lVc9.js                                             34.14 kB │ gzip:  10.01 kB
#26 216.5 web:build: build/client/assets/haxe-OTjmBuCE.js                                             35.15 kB │ gzip:   5.90 kB
#26 216.5 web:build: build/client/assets/nginx-D_PdP7KV.js                                            35.35 kB │ gzip:   4.45 kB
#26 216.5 web:build: build/client/assets/houston-CsvMBhTu.js                                          35.41 kB │ gzip:   5.76 kB
#26 216.5 web:build: build/client/assets/tokyo-night-oM2G3aXe.js                                      35.66 kB │ gzip:   6.22 kB
#26 216.5 web:build: build/client/assets/area-chart-BH-mIE2A.js                                       35.89 kB │ gzip:   8.98 kB
#26 216.5 web:build: build/client/assets/index.esm-BcoDhGo9.js                                        36.17 kB │ gzip:  12.69 kB
#26 216.5 web:build: build/client/assets/mermaid.core-BHOLiOWu.js                                     36.17 kB │ gzip:  12.21 kB
#26 216.5 web:build: build/client/assets/chunk-OSK3NFVY-Au8cUcwz.js                                   36.46 kB │ gzip:   7.91 kB
#26 216.5 web:build: build/client/assets/src-LkizuOSg.js                                              37.23 kB │ gzip:  12.43 kB
#26 216.5 web:build: build/client/assets/common-DWaarlRK.js                                           37.31 kB │ gzip:  14.21 kB
#26 216.5 web:build: build/client/assets/erlang-Cphh6RMH.js                                           37.47 kB │ gzip:   4.36 kB
#26 216.5 web:build: build/client/assets/common-BOAHUmO8.js                                           37.61 kB │ gzip:  14.25 kB
#26 216.5 web:build: build/client/assets/chunk-IMKFNOWR-Dd_tqV9M.js                                   37.71 kB │ gzip:  12.28 kB
#26 216.5 web:build: build/client/assets/common-C2yROvaR.js                                           38.17 kB │ gzip:  13.14 kB
#26 216.5 web:build: build/client/assets/cobol-By77_Eob.js                                            39.09 kB │ gzip:  10.89 kB
#26 216.5 web:build: build/client/assets/marked.esm-DLdcrU5H.js                                       39.30 kB │ gzip:  11.88 kB
#26 216.5 web:build: build/client/assets/common-B5VRy63N.js                                           39.69 kB │ gzip:  13.58 kB
#26 216.5 web:build: build/client/assets/modal-s927A9ik.js                                            40.11 kB │ gzip:  12.67 kB
#26 216.5 web:build: build/client/assets/common-Df-Ddg5r.js                                           40.56 kB │ gzip:  14.05 kB
#26 216.5 web:build: build/client/assets/asm-Cmm7eHzH.js                                              40.71 kB │ gzip:   8.16 kB
#26 216.5 web:build: build/client/assets/common-J3RRldPP.js                                           40.89 kB │ gzip:  14.51 kB
#26 216.5 web:build: build/client/assets/vennDiagram-4TSXK5OY-DFas2Ec7.js                             41.18 kB │ gzip:  15.10 kB
#26 216.5 web:build: build/client/assets/icons-DWzY_Ct4-CITOwqVy.js                                   41.23 kB │ gzip:  14.42 kB
#26 216.5 web:build: build/client/assets/common-DWGFA2ns.js                                           41.40 kB │ gzip:  14.60 kB
#26 216.5 web:build: build/client/assets/blockDiagram-I7D4REHJ-CXcMRxR2.js                            41.48 kB │ gzip:  13.35 kB
#26 216.5 web:build: build/client/assets/haskell-D8IpX4py.js                                          41.48 kB │ gzip:   6.41 kB
#26 216.5 web:build: build/client/assets/common-BVcL32Bq.js                                           41.52 kB │ gzip:  14.71 kB
#26 216.5 web:build: build/client/assets/shellscript-CeI57MxR.js                                      41.53 kB │ gzip:   6.12 kB
#26 216.5 web:build: build/client/assets/common-DpqmDHzM.js                                           41.55 kB │ gzip:  14.11 kB
#26 216.5 web:build: build/client/assets/date-DIUECn-E.js                                             41.70 kB │ gzip:  13.43 kB
#26 216.5 web:build: build/client/assets/common-BlSnB0Qw.js                                           41.83 kB │ gzip:  14.14 kB
#26 216.5 web:build: build/client/assets/common-Domnhawl.js                                           41.83 kB │ gzip:  14.18 kB
#26 216.5 web:build: build/client/assets/common-D8GvZII3.js                                           41.96 kB │ gzip:  14.42 kB
#26 216.5 web:build: build/client/assets/common-DaSd3YU9.js                                           42.34 kB │ gzip:  14.34 kB
#26 216.5 web:build: build/client/assets/common-GQlILOfU.js                                           42.52 kB │ gzip:  14.49 kB
#26 216.5 web:build: build/client/assets/xychartDiagram-S5SC5T6Z-CDv5kF5_.js                          42.92 kB │ gzip:  11.78 kB
#26 216.5 web:build: build/client/assets/common-Dw2Ft66N.js                                           42.92 kB │ gzip:  14.47 kB
#26 216.5 web:build: build/client/assets/perl-_aSBXkFd.js                                             43.14 kB │ gzip:   4.64 kB
#26 216.5 web:build: build/client/assets/d-qD-0Kul2.js                                                43.78 kB │ gzip:   8.43 kB
#26 216.5 web:build: build/client/assets/common-zZHPFWSL.js                                           44.64 kB │ gzip:  14.32 kB
#26 216.5 web:build: build/client/assets/api.service-f3XDMHwY.js                                      45.66 kB │ gzip:  17.30 kB
#26 216.5 web:build: build/client/assets/common-CGbmlRXa.js                                           45.67 kB │ gzip:  14.98 kB
#26 216.5 web:build: build/client/assets/ruby-pxBiZ5sO.js                                             45.83 kB │ gzip:   5.56 kB
#26 216.5 web:build: build/client/assets/chunk-LNGE3PJU-OosUmKKA.js                                   46.39 kB │ gzip:  15.54 kB
#26 216.5 web:build: build/client/assets/go-BJwz_mda.js                                               46.80 kB │ gzip:   5.15 kB
#26 216.5 web:build: build/client/assets/apex-CGTLDQj6.js                                             46.97 kB │ gzip:   6.72 kB
#26 216.5 web:build: build/client/assets/catppuccin-mocha-DYhrFGRu.js                                 47.25 kB │ gzip:   7.98 kB
#26 216.5 web:build: build/client/assets/catppuccin-latte-DwIHMF0Q.js                                 47.25 kB │ gzip:   7.98 kB
#26 216.5 web:build: build/client/assets/catppuccin-frappe-3VR1Za6u.js                                47.25 kB │ gzip:   7.99 kB
#26 216.5 web:build: build/client/assets/catppuccin-macchiato-DYnBP6_5.js                             47.26 kB │ gzip:   7.99 kB
#26 216.5 web:build: build/client/assets/ada-C5qYipkI.js                                              48.07 kB │ gzip:   5.96 kB
#26 216.5 web:build: build/client/assets/chunk-TICWLB2K-CWt4c7hK.js                                   48.85 kB │ gzip:  15.75 kB
#26 216.5 web:build: build/client/assets/css-CAy5-eU3.js                                              49.07 kB │ gzip:  11.94 kB
#26 216.5 web:build: build/client/assets/imba-DsUTQ-LC.js                                             49.92 kB │ gzip:   9.47 kB
#26 216.5 web:build: build/client/assets/page-C8bi6bpN.js                                             52.93 kB │ gzip:  16.09 kB
#26 216.5 web:build: build/client/assets/everforest-dark-sB-x3p7T.js                                  53.74 kB │ gzip:   8.37 kB
#26 216.5 web:build: build/client/assets/everforest-light-Df2xbC6M.js                                 53.74 kB │ gzip:   8.36 kB
#26 216.5 web:build: build/client/assets/common-DhSOIYSE.js                                           53.82 kB │ gzip:  16.02 kB
#26 216.5 web:build: build/client/assets/common-DfL65yPq.js                                           54.09 kB │ gzip:  16.20 kB
#26 216.5 web:build: build/client/assets/projects-app-provider-BC1K3Riy.js                            54.31 kB │ gzip:  14.84 kB
#26 216.5 web:build: build/client/assets/ganttDiagram-EL5Y4UJY-Cn7Z6uSP.js                            54.73 kB │ gzip:  18.37 kB
#26 216.5 web:build: build/client/assets/dist-icSs1q2t.js                                             55.50 kB │ gzip:  13.98 kB
#26 216.5 web:build: build/client/assets/wikitext-ClFFjSW2.js                                         55.87 kB │ gzip:   4.81 kB
#26 216.5 web:build: build/client/assets/stata-bJ7vQPBP.js                                            56.99 kB │ gzip:  12.39 kB
#26 216.5 web:build: build/client/assets/html-CuNUWIbi.js                                             57.31 kB │ gzip:  11.78 kB
#26 216.5 web:build: build/client/assets/ballerina-B7ZEbQpA.js                                        58.68 kB │ gzip:   8.10 kB
#26 216.5 web:build: build/client/assets/tooltip-CMhJZ9-A.js                                          58.81 kB │ gzip:  19.81 kB
#26 216.5 web:build: build/client/assets/markdown-BYOwaDjH.js                                         59.32 kB │ gzip:   5.66 kB
#26 216.5 web:build: build/client/assets/es-B--Qc4_L.js                                               59.37 kB │ gzip:  16.15 kB
#26 216.5 web:build: build/client/assets/filters-scFzc1qD.js                                          59.38 kB │ gzip:  14.44 kB
#26 216.5 web:build: build/client/assets/chunk-SHT3W25Y-4B0Eff8x.js                                   61.27 kB │ gzip:  19.86 kB
#26 216.5 web:build: build/client/assets/ocaml-O90oeIOV.js                                            62.44 kB │ gzip:   5.04 kB
#26 216.5 web:build: build/client/assets/mobxreact.esm-DDdy5_2j.js                                    63.14 kB │ gzip:  18.65 kB
#26 216.5 web:build: build/client/assets/components-CKy5sCfo.js                                       63.44 kB │ gzip:  20.46 kB
#26 216.5 web:build: build/client/assets/c4Diagram-7LVT6UL2-BTx_4lz1.js                               64.76 kB │ gzip:  18.55 kB
#26 216.5 web:build: build/client/assets/common-CI3orYVc.js                                           65.98 kB │ gzip:  15.79 kB
#26 216.5 web:build: build/client/assets/mojo-BgCJLMeH.js                                             69.79 kB │ gzip:   9.21 kB
#26 216.5 web:build: build/client/assets/python-gzcpVVnB.js                                           69.94 kB │ gzip:   9.09 kB
#26 216.5 web:build: build/client/assets/stickies-list-WMAeZxiO.js                                    70.02 kB │ gzip:  21.86 kB
#26 216.5 web:build: build/client/assets/label-IQJMDN4w.js                                            70.12 kB │ gzip:  18.41 kB
#26 216.5 web:build: build/client/assets/c-Dle3-GeH.js                                                72.16 kB │ gzip:  10.55 kB
#26 216.5 web:build: build/client/assets/latex-BZqz9r0T.js                                            72.61 kB │ gzip:   6.68 kB
#26 216.5 web:build: build/client/assets/layout-DKxKHmJz.js                                           73.63 kB │ gzip:  19.12 kB
#26 216.5 web:build: build/client/assets/vyper-CgoNMtux.js                                            74.64 kB │ gzip:  10.69 kB
#26 216.5 web:build: build/client/assets/workitems-insight-table-DUHIJ_SN.js                          76.18 kB │ gzip:  21.80 kB
#26 216.5 web:build: build/client/assets/footer-DxRuo2AP.js                                           78.12 kB │ gzip:  23.67 kB
#26 216.5 web:build: build/client/assets/hack-C5iFX-l3.js                                             80.18 kB │ gzip:  26.27 kB
#26 216.5 web:build: build/client/assets/cose-bilkent-JH36ORCC-BuMA21oE.js                            81.43 kB │ gzip:  21.59 kB
#26 216.5 web:build: build/client/assets/emoji-icon-picker-BXxYlidi.js                                83.96 kB │ gzip:  27.39 kB
#26 216.5 web:build: build/client/assets/swift-DonLKvLd.js                                            86.68 kB │ gzip:  14.69 kB
#26 216.5 web:build: build/client/assets/menu-BFPzLFYn.js                                             87.02 kB │ gzip:  29.09 kB
#26 216.5 web:build: build/client/assets/fortran-free-form-CYNrtFtB.js                                88.96 kB │ gzip:  11.18 kB
#26 216.5 web:build: build/client/assets/csharp-Ct8U2NOr.js                                           89.68 kB │ gzip:  10.64 kB
#26 216.5 web:build: build/client/assets/racket-DcIDlBhZ.js                                           92.38 kB │ gzip:  15.07 kB
#26 216.5 web:build: build/client/assets/peek-overview-D7iEAfeA.js                                    95.89 kB │ gzip:  22.79 kB
#26 216.5 web:build: build/client/assets/less-DVTAwKKz.js                                             97.62 kB │ gzip:  14.84 kB
#26 216.5 web:build: build/client/assets/chunk-4HAMMTFA-BI_ct1wp.js                                  104.85 kB │ gzip:  25.29 kB
#26 216.5 web:build: build/client/assets/blade-DNKlCNRR.js                                           104.97 kB │ gzip:  28.30 kB
#26 216.5 web:build: build/client/assets/objective-c-D1A_Heim.js                                     105.40 kB │ gzip:  23.63 kB
#26 216.5 web:build: build/client/assets/modules-CPt82Hnp.js                                         108.73 kB │ gzip:  27.16 kB
#26 216.5 web:build: build/client/assets/php-Co9J6dhd.js                                             111.05 kB │ gzip:  28.65 kB
#26 216.5 web:build: build/client/assets/swimlanes-42K2YHIH-dU9MAxka.js                              111.17 kB │ gzip:  38.02 kB
#26 216.5 web:build: build/client/assets/sequenceDiagram-WJ2MYXX4-DNWdfOgL.js                        115.86 kB │ gzip:  30.67 kB
#26 216.5 web:build: build/client/assets/asciidoc-DE70LPWp.js                                        131.52 kB │ gzip:   9.31 kB
#26 216.5 web:build: build/client/assets/mdx-DQZ5AkYe.js                                             136.10 kB │ gzip:  23.54 kB
#26 216.5 web:build: build/client/assets/dist-1H2OYvSA.js                                            144.22 kB │ gzip:  38.71 kB
#26 216.5 web:build: build/client/assets/architectureDiagram-5GKGNRK7-DinQtDTk.js                    149.33 kB │ gzip:  41.23 kB
#26 216.5 web:build: build/client/assets/tab-navigation-root-tIxqDEzk.js                             151.94 kB │ gzip:  50.35 kB
#26 216.5 web:build: build/client/assets/chunk-JAPRZBRM-BjVtJzzA.js                                  161.25 kB │ gzip:  49.71 kB
#26 216.5 web:build: build/client/assets/objective-cpp-BsSzOQcm.js                                   171.96 kB │ gzip:  30.98 kB
#26 216.5 web:build: build/client/assets/javascript-BZr2kJlW.js                                      174.88 kB │ gzip:  16.68 kB
#26 216.5 web:build: build/client/assets/tsx-BFuTmWX2.js                                             175.59 kB │ gzip:  16.67 kB
#26 216.5 web:build: build/client/assets/jsx-DxrMxadd.js                                             177.84 kB │ gzip:  16.76 kB
#26 216.5 web:build: build/client/assets/client-DbgwVzsP.js                                          178.88 kB │ gzip:  56.49 kB
#26 216.5 web:build: build/client/assets/typescript-BuZ3SX_C.js                                      181.13 kB │ gzip:  16.28 kB
#26 216.5 web:build: build/client/assets/angular-ts-C7d2UF80.js                                      183.73 kB │ gzip:  16.78 kB
#26 216.5 web:build: build/client/assets/vue-vine-D76y0ohV.js                                        190.05 kB │ gzip:  18.07 kB
#26 216.5 web:build: build/client/assets/code-block-IT6T5CEO-DhG0uuOe.js                             190.17 kB │ gzip:  61.53 kB
#26 216.5 web:build: build/client/assets/chunk-DU6HZSFF-08AqaBwq.js                                  235.76 kB │ gzip:  38.39 kB
#26 216.5 web:build: build/client/assets/katex-B_ypc1If.js                                           259.23 kB │ gzip:  77.47 kB
#26 216.5 web:build: build/client/assets/wolfram-DLL8P-h_.js                                         262.38 kB │ gzip:  77.63 kB
#26 216.5 web:build: build/client/assets/use-parse-editor-content-BiSS7rmf.js                        298.52 kB │ gzip: 101.00 kB
#26 216.5 web:build: build/client/assets/generateCategoricalChart-DKz3uB97.js                        304.61 kB │ gzip:  77.31 kB
#26 216.5 web:build: build/client/assets/dist-mmjcdp89.js                                            334.19 kB │ gzip:  93.52 kB
#26 216.5 web:build: build/client/assets/store-context-B6TcT5Fy.js                                   394.20 kB │ gzip:  83.73 kB
#26 216.5 web:build: build/client/assets/directive-Di1DB8iq.js                                       397.66 kB │ gzip: 103.57 kB
#26 216.5 web:build: build/client/assets/dist-uC3BmFfp2.js                                           407.99 kB │ gzip: 132.05 kB
#26 216.5 web:build: build/client/assets/cytoscape.esm-CnKOMcDN.js                                   435.57 kB │ gzip: 137.96 kB
#26 216.5 web:build: build/client/assets/layout-DJJCWgDs.js                                          468.97 kB │ gzip: 137.85 kB
#26 216.5 web:build: build/client/assets/wasm-BnjxR4X6.js                                            622.32 kB │ gzip: 232.09 kB
#26 216.5 web:build: build/client/assets/cpp-Xl0Fx6l0.js                                             626.12 kB │ gzip:  48.09 kB
#26 216.5 web:build: build/client/assets/empty-state-81CEKObt.js                                     641.15 kB │ gzip: 212.58 kB
#26 216.5 web:build: build/client/assets/chunk-FOHPRMQF-Crrb2Aik.js                                  662.67 kB │ gzip: 143.23 kB
#26 216.5 web:build: build/client/assets/emacs-lisp-C9PiwqqW.js                                      779.84 kB │ gzip: 197.53 kB
#26 216.5 web:build: build/client/assets/dist-k6-HGpK8.js                                            862.41 kB │ gzip: 194.39 kB
#26 216.5 web:build: build/client/assets/document-collaborative-events-NWWO-tl_-9ivDjEVo.js        1,343.03 kB │ gzip: 345.14 kB
#26 216.5 web:build: build/client/assets/toolbar-CLTNAU4u.js                                       1,821.84 kB │ gzip: 603.68 kB
#26 216.5 web:build: 
#26 216.5 web:build: ✓ built in 1m 23s
#26 216.5 web:build: vite v8.0.16 building ssr environment for production...
#26 222.7 web:build: [2Kweb:build: transforming...✓ 430 modules transformed.
#26 222.8 web:build: rendering chunks...
#26 222.9 web:build: 
#26 222.9 web:build: ✓ 34 assets cleaned from React Router server build.
#26 222.9 web:build: build/client/assets/globals-D5Kpn2XG.css
#26 222.9 web:build: build/client/assets/icon-180x180-ArenqHjH.png
#26 222.9 web:build: build/client/assets/icon-512x512-CyS1mcXS.png
#26 222.9 web:build: build/client/assets/og-image-DL-1GVBU.png
#26 222.9 web:build: build/client/assets/tanfold-rebrand-favicon-Bof-_oO5.png
#26 222.9 web:build: build/client/assets/tenfold-clipart-002-B42sTEsy.png
#26 222.9 web:build: build/client/assets/maintenance-mode-dark-DAfHd5vC.svg
#26 222.9 web:build: build/client/assets/maintenance-mode-light-Dqp39OMJ.svg
#26 222.9 web:build: build/client/assets/inter-latin-wght-normal-Dx4kXJAl.woff2
#26 222.9 web:build: build/client/assets/inter-cyrillic-ext-wght-normal-BOeWTOD4.woff2
#26 222.9 web:build: build/client/assets/inter-cyrillic-wght-normal-DqGufNeO.woff2
#26 222.9 web:build: build/client/assets/inter-greek-ext-wght-normal-DlzME5K_.woff2
#26 222.9 web:build: build/client/assets/inter-greek-wght-normal-CkhJZR-_.woff2
#26 222.9 web:build: build/client/assets/inter-vietnamese-wght-normal-CBcvBZtf.woff2
#26 222.9 web:build: build/client/assets/inter-latin-ext-wght-normal-DO1Apj_S.woff2
#26 222.9 web:build: build/client/assets/material-symbols-rounded-latin-100-normal-StOoOijZ.woff2
#26 222.9 web:build: build/client/assets/material-symbols-rounded-latin-100-normal-CyR9BGN8.woff
#26 222.9 web:build: build/client/assets/material-symbols-rounded-latin-200-normal-Dy_97ylg.woff2
#26 222.9 web:build: build/client/assets/material-symbols-rounded-latin-200-normal-B9_93z2O.woff
#26 222.9 web:build: build/client/assets/material-symbols-rounded-latin-300-normal-CGYRw1-j.woff2
#26 222.9 web:build: build/client/assets/material-symbols-rounded-latin-300-normal-CexQLkYr.woff
#26 222.9 web:build: build/client/assets/material-symbols-rounded-latin-400-normal-BVRwnNJJ.woff2
#26 222.9 web:build: build/client/assets/material-symbols-rounded-latin-400-normal-3TtrvaAx.woff
#26 222.9 web:build: build/client/assets/ibm-plex-mono-cyrillic-ext-400-normal-xuaO2J-f.woff2
#26 222.9 web:build: build/client/assets/ibm-plex-mono-cyrillic-ext-400-normal-DMdlQ8Kv.woff
#26 222.9 web:build: build/client/assets/ibm-plex-mono-cyrillic-400-normal-BSMlKf0J.woff2
#26 222.9 web:build: build/client/assets/ibm-plex-mono-cyrillic-400-normal-CEL4l2ZJ.woff
#26 222.9 web:build: build/client/assets/ibm-plex-mono-vietnamese-400-normal-BulugwFq.woff2
#26 222.9 web:build: build/client/assets/ibm-plex-mono-vietnamese-400-normal-DDuiU_S-.woff
#26 222.9 web:build: build/client/assets/ibm-plex-mono-latin-ext-400-normal-BmRBH3aV.woff2
#26 222.9 web:build: build/client/assets/ibm-plex-mono-latin-ext-400-normal-D3D2R8hC.woff
#26 222.9 web:build: build/client/assets/ibm-plex-mono-latin-400-normal-DMJ8VG8y.woff2
#26 222.9 web:build: build/client/assets/ibm-plex-mono-latin-400-normal-CvHOgSBP.woff
#26 222.9 web:build: build/server/assets/server-build-CzK3JmXp.css
#26 222.9 web:build: 
#26 222.9 web:build: computing gzip size...
#26 223.0 web:build: build/server/assets/icon-180x180-ArenqHjH.png                                   2.70 kB
#26 223.0 web:build: build/server/assets/tanfold-rebrand-favicon-Bof-_oO5.png                        5.31 kB
#26 223.0 web:build: build/server/assets/ibm-plex-mono-vietnamese-400-normal-DDuiU_S-.woff           5.62 kB
#26 223.0 web:build: build/server/assets/ibm-plex-mono-cyrillic-ext-400-normal-DMdlQ8Kv.woff         5.82 kB
#26 223.0 web:build: build/server/assets/ibm-plex-mono-vietnamese-400-normal-BulugwFq.woff2          5.86 kB
#26 223.0 web:build: build/server/assets/ibm-plex-mono-cyrillic-ext-400-normal-xuaO2J-f.woff2        6.91 kB
#26 223.0 web:build: build/server/assets/ibm-plex-mono-cyrillic-400-normal-CEL4l2ZJ.woff             7.20 kB
#26 223.0 web:build: build/server/assets/ibm-plex-mono-cyrillic-400-normal-BSMlKf0J.woff2            8.35 kB
#26 223.0 web:build: build/server/assets/icon-512x512-CyS1mcXS.png                                   8.70 kB
#26 223.0 web:build: build/server/assets/inter-vietnamese-wght-normal-CBcvBZtf.woff2                10.25 kB
#26 223.0 web:build: build/server/assets/inter-greek-ext-wght-normal-DlzME5K_.woff2                 11.23 kB
#26 223.0 web:build: build/server/assets/ibm-plex-mono-latin-ext-400-normal-D3D2R8hC.woff           11.76 kB
#26 223.0 web:build: build/server/assets/ibm-plex-mono-latin-400-normal-CvHOgSBP.woff               13.14 kB
#26 223.0 web:build: build/server/assets/ibm-plex-mono-latin-ext-400-normal-BmRBH3aV.woff2          13.34 kB
#26 223.0 web:build: build/server/.vite/manifest.json                                               13.44 kB │ gzip:  1.21 kB
#26 223.0 web:build: build/server/assets/ibm-plex-mono-latin-400-normal-DMJ8VG8y.woff2              14.70 kB
#26 223.0 web:build: build/server/assets/inter-cyrillic-wght-normal-DqGufNeO.woff2                  18.74 kB
#26 223.0 web:build: build/server/assets/inter-greek-wght-normal-CkhJZR-_.woff2                     18.99 kB
#26 223.0 web:build: build/server/assets/inter-cyrillic-ext-wght-normal-BOeWTOD4.woff2              25.96 kB
#26 223.0 web:build: build/server/assets/maintenance-mode-light-Dqp39OMJ.svg                        31.93 kB │ gzip: 10.16 kB
#26 223.0 web:build: build/server/assets/maintenance-mode-dark-DAfHd5vC.svg                         32.01 kB │ gzip: 10.16 kB
#26 223.0 web:build: build/server/assets/inter-latin-wght-normal-Dx4kXJAl.woff2                     48.25 kB
#26 223.0 web:build: build/server/assets/og-image-DL-1GVBU.png                                      71.42 kB
#26 223.0 web:build: build/server/assets/inter-latin-ext-wght-normal-DO1Apj_S.woff2                 85.06 kB
#26 223.0 web:build: build/server/assets/tenfold-clipart-002-B42sTEsy.png                          319.01 kB
#26 223.0 web:build: build/server/assets/material-symbols-rounded-latin-400-normal-BVRwnNJJ.woff2  348.77 kB
#26 223.0 web:build: build/server/assets/material-symbols-rounded-latin-100-normal-StOoOijZ.woff2  363.56 kB
#26 223.0 web:build: build/server/assets/material-symbols-rounded-latin-300-normal-CGYRw1-j.woff2  388.05 kB
#26 223.0 web:build: build/server/assets/material-symbols-rounded-latin-200-normal-Dy_97ylg.woff2  389.09 kB
#26 223.0 web:build: build/server/assets/material-symbols-rounded-latin-400-normal-3TtrvaAx.woff   454.56 kB
#26 223.0 web:build: build/server/assets/material-symbols-rounded-latin-100-normal-CyR9BGN8.woff   485.69 kB
#26 223.0 web:build: build/server/assets/material-symbols-rounded-latin-300-normal-CexQLkYr.woff   506.70 kB
#26 223.0 web:build: build/server/assets/material-symbols-rounded-latin-200-normal-B9_93z2O.woff   507.90 kB
#26 223.0 web:build: build/server/assets/server-build-CzK3JmXp.css                                   4.86 kB │ gzip:  0.92 kB
#26 223.0 web:build: build/server/assets/globals-D5Kpn2XG.css                                      422.32 kB │ gzip: 61.98 kB
#26 223.0 web:build: build/server/index.js                                                         771.16 kB │ gzip: 88.85 kB
#26 223.0 web:build: 
#26 223.0 web:build: [33m[PLUGIN_TIMINGS] [0mYour build spent significant time in plugins. Here is a breakdown:
#26 223.0 web:build:   - react-router:virtual-modules (60%)
#26 223.0 web:build:   - vite-tsconfig-paths (8%)
#26 223.0 web:build:   - react-router:inject-hmr-runtime (6%)
#26 223.0 web:build:   - react-router:react-refresh-babel (5%)
#26 223.0 web:build:   - react-router:hmr-runtime (4%)
#26 223.0 web:build: See https://rolldown.rs/options/checks#plugintimings for more details.
#26 223.0 web:build: 
#26 223.0 web:build: ✓ built in 6.92s
#26 223.8 web:build: SPA Mode: Generated build/client/index.html
#26 224.7 
#26 224.7  Tasks:    11 successful, 11 total
#26 224.7 Cached:    0 cached, 11 total
#26 224.7   Time:    3m35.182s 
#26 224.7 
#26 DONE 226.6s

#27 [production 2/4] RUN apk update && apk upgrade --no-cache && apk add --no-cache curl && rm -rf /var/cache/apk/*
#27 CACHED

#28 [production 3/4] COPY apps/web/caddy/Caddyfile /etc/caddy/Caddyfile
#28 CACHED

#29 [production 4/4] COPY --from=installer /app/apps/web/build/client /usr/share/caddy/html
#29 DONE 0.9s

#30 exporting to image
#30 exporting layers
#30 exporting layers 3.6s done
#30 exporting manifest sha256:bafb310771989cf3ccd302cf353ba1632f5e37634e7e0c639c9edd14ba9d3339 0.0s done
#30 exporting config sha256:e47db5e8b526e169443df9e1f4b56284c8e94bc5b2ce7e0bea1f3e95f80109cf 0.0s done
#30 exporting attestation manifest sha256:170f114056a0e45fb96add32c4349ca34933046e1ab40e115cc6f16aca189dc3 0.0s done
#30 exporting manifest list sha256:0f0f5c75ebd8dc4009b2550545410a852ba01fa8c0d78435507bf0d428b0d180 0.0s done
#30 naming to docker.io/library/ten-fold-plane-web:latest
#30 naming to docker.io/library/ten-fold-plane-web:latest done
#30 unpacking to docker.io/library/ten-fold-plane-web:latest
#30 unpacking to docker.io/library/ten-fold-plane-web:latest 1.0s done
#30 DONE 4.8s

#31 resolving provenance for metadata file
#31 DONE 0.4s
 Image ten-fold-plane-web Built 
 Image ten-fold-plane-space Building 
#1 [internal] load local bake definitions
#1 reading from stdin 1.72kB done
#1 DONE 0.0s

#2 [internal] load build definition from Dockerfile.space
#2 transferring dockerfile: 3.43kB done
#2 DONE 0.1s

#3 [internal] load metadata for docker.io/library/node:22-alpine
#3 DONE 1.3s

#4 [internal] load .dockerignore
#4 transferring context: 882B done
#4 DONE 0.0s

#5 [internal] load build context
#5 DONE 0.0s

#6 [base 1/3] FROM docker.io/library/node:22-alpine@sha256:b6f26b36c8ff49624cfdac716b8ea1138d606df02586a77d364bb5536a634f85
#6 resolve docker.io/library/node:22-alpine@sha256:b6f26b36c8ff49624cfdac716b8ea1138d606df02586a77d364bb5536a634f85 0.1s done
#6 DONE 0.1s

#5 [internal] load build context
#5 transferring context: 576.78kB 1.5s done
#5 DONE 1.6s

#7 [base 2/3] WORKDIR /app
#7 CACHED

#8 [base 3/3] RUN corepack enable pnpm
#8 CACHED

#9 [builder 1/3] RUN pnpm add -g turbo@2.9.18
#9 CACHED

#10 [builder 2/3] COPY . .
#10 CACHED

#11 [builder 3/3] RUN turbo prune --scope=space --docker
#11 0.754  WARNING  --scope is deprecated and will be removed in a future major version. Use positional arguments instead (e.g. `turbo prune web`)
#11 1.212 Generating pruned monorepo for space in /app/out
#11 1.268  - Added @plane/constants
#11 1.677  - Added @plane/editor
#11 1.703  - Added @plane/hooks
#11 2.140  - Added @plane/i18n
#11 2.499  - Added @plane/propel
#11 2.563  - Added @plane/services
#11 2.578  - Added @plane/tailwind-config
#11 2.719  - Added @plane/types
#11 2.724  - Added @plane/typescript-config
#11 2.852  - Added @plane/ui
#11 2.967  - Added @plane/utils
#11 3.305  - Added space
#11 DONE 3.9s

#8 [base 3/3] RUN corepack enable pnpm
#8 CACHED

#12 [installer 1/8] COPY .gitignore .gitignore
#12 DONE 0.1s

#13 [installer 2/8] COPY --from=builder /app/out/json/ .
#13 DONE 0.1s

#14 [installer 3/8] COPY --from=builder /app/out/pnpm-lock.yaml ./pnpm-lock.yaml
#14 DONE 0.1s

#15 [installer 4/8] COPY --from=builder /app/out/full/ .
#15 DONE 0.7s

#16 [installer 5/8] COPY turbo.json turbo.json
#16 DONE 0.2s

#17 [installer 6/8] RUN --mount=type=cache,id=pnpm-store,target=/pnpm/store pnpm fetch --store-dir=/pnpm/store
#17 0.560 ! Corepack is about to download https://registry.npmjs.org/pnpm/-/pnpm-11.10.0.tgz
#17 4.376 ? Verifying lockfile against supply-chain policies (1322 entries)...
#17 4.403 Importing packages to virtual store
#17 5.161 Already up to date
#17 5.305 Progress: resolved 1, reused 0, downloaded 0, added 0
#17 6.381 Progress: resolved 1107, reused 0, downloaded 0, added 0
#17 7.439 Progress: resolved 1107, reused 36, downloaded 0, added 0
#17 8.451 Progress: resolved 1107, reused 62, downloaded 0, added 0
#17 9.452 Progress: resolved 1107, reused 91, downloaded 0, added 0
#17 10.47 Progress: resolved 1107, reused 125, downloaded 0, added 0
#17 11.48 Progress: resolved 1107, reused 157, downloaded 0, added 0
#17 12.51 Progress: resolved 1107, reused 203, downloaded 0, added 0
#17 13.51 Progress: resolved 1107, reused 242, downloaded 0, added 0
#17 14.59 Progress: resolved 1107, reused 265, downloaded 0, added 0
#17 15.63 Progress: resolved 1107, reused 282, downloaded 0, added 0
#17 16.64 Progress: resolved 1107, reused 302, downloaded 0, added 0
#17 17.65 Progress: resolved 1107, reused 328, downloaded 0, added 0
#17 18.67 Progress: resolved 1107, reused 393, downloaded 0, added 0
#17 19.68 Progress: resolved 1107, reused 418, downloaded 0, added 0
#17 20.70 Progress: resolved 1107, reused 442, downloaded 0, added 0
#17 21.70 Progress: resolved 1107, reused 477, downloaded 0, added 0
#17 22.73 [WARN] Request took 12425ms: https://registry.npmjs.org/@storybook%2Faddon-links
#17 22.77 Progress: resolved 1107, reused 516, downloaded 0, added 0
#17 23.49 [WARN] Request took 13122ms: https://registry.npmjs.org/@storybook%2Fbuilder-webpack5
#17 23.86 Progress: resolved 1107, reused 567, downloaded 0, added 0
#17 24.87 Progress: resolved 1107, reused 644, downloaded 0, added 0
#17 25.03 [WARN] Request took 11034ms: https://registry.npmjs.org/@typescript-eslint%2Ftypes
#17 25.87 Progress: resolved 1107, reused 713, downloaded 0, added 0
#17 26.89 Progress: resolved 1107, reused 788, downloaded 0, added 0
#17 27.60 [WARN] Request took 12187ms: https://registry.npmjs.org/chromatic
#17 28.29 Progress: resolved 1107, reused 831, downloaded 0, added 0
#17 28.69 ✓ Lockfile passes supply-chain policies (1322 entries in 24.3s)
#17 29.29 Progress: resolved 1107, reused 1101, downloaded 0, added 5
#17 30.29 Progress: resolved 1107, reused 1101, downloaded 0, added 50
#17 31.29 Progress: resolved 1107, reused 1101, downloaded 0, added 66
#17 32.29 Progress: resolved 1107, reused 1101, downloaded 0, added 71
#17 33.29 Progress: resolved 1107, reused 1101, downloaded 0, added 83
#17 34.29 Progress: resolved 1107, reused 1101, downloaded 0, added 134
#17 35.29 Progress: resolved 1107, reused 1101, downloaded 0, added 169
#17 36.29 Progress: resolved 1107, reused 1101, downloaded 0, added 240
#17 37.29 Progress: resolved 1107, reused 1101, downloaded 0, added 263
#17 38.29 Progress: resolved 1107, reused 1101, downloaded 0, added 264
#17 40.12 Progress: resolved 1107, reused 1101, downloaded 0, added 265
#17 41.12 Progress: resolved 1107, reused 1101, downloaded 0, added 276
#17 42.82 Progress: resolved 1107, reused 1101, downloaded 0, added 277
#17 43.99 Progress: resolved 1107, reused 1101, downloaded 0, added 278
#17 45.13 Progress: resolved 1107, reused 1101, downloaded 0, added 279
#17 46.13 Progress: resolved 1107, reused 1101, downloaded 0, added 286
#17 48.07 Progress: resolved 1107, reused 1101, downloaded 0, added 287
#17 49.07 Progress: resolved 1107, reused 1101, downloaded 0, added 288
#17 50.07 Progress: resolved 1107, reused 1101, downloaded 0, added 289
#17 51.07 Progress: resolved 1107, reused 1101, downloaded 0, added 392
#17 52.08 Progress: resolved 1107, reused 1101, downloaded 0, added 393
#17 53.08 Progress: resolved 1107, reused 1101, downloaded 0, added 396
#17 54.08 Progress: resolved 1107, reused 1101, downloaded 0, added 449
#17 55.08 Progress: resolved 1107, reused 1101, downloaded 0, added 496
#17 56.08 Progress: resolved 1107, reused 1101, downloaded 0, added 544
#17 57.08 Progress: resolved 1107, reused 1101, downloaded 0, added 545
#17 58.19 Progress: resolved 1107, reused 1101, downloaded 0, added 546
#17 59.19 Progress: resolved 1107, reused 1101, downloaded 0, added 588
#17 60.20 Progress: resolved 1107, reused 1101, downloaded 0, added 628
#17 61.20 Progress: resolved 1107, reused 1101, downloaded 0, added 655
#17 62.20 Progress: resolved 1107, reused 1101, downloaded 0, added 684
#17 63.20 Progress: resolved 1107, reused 1101, downloaded 0, added 689
#17 64.20 Progress: resolved 1107, reused 1101, downloaded 0, added 690
#17 65.20 Progress: resolved 1107, reused 1101, downloaded 0, added 729
#17 66.20 Progress: resolved 1107, reused 1101, downloaded 0, added 780
#17 67.20 Progress: resolved 1107, reused 1101, downloaded 0, added 823
#17 68.20 Progress: resolved 1107, reused 1101, downloaded 0, added 875
#17 70.06 Progress: resolved 1107, reused 1101, downloaded 0, added 876
#17 71.06 Progress: resolved 1107, reused 1101, downloaded 0, added 949
#17 72.06 Progress: resolved 1107, reused 1101, downloaded 0, added 1072
#17 72.37 Progress: resolved 1107, reused 1101, downloaded 0, added 1107, done
#17 72.41 .../node_modules/@swc/core postinstall$ node postinstall.js
#17 72.56 .../node_modules/@swc/core postinstall: Done
#17 72.90 
#17 DONE 73.3s

#18 [installer 7/8] RUN --mount=type=cache,id=pnpm-store,target=/pnpm/store CI=true pnpm install --offline --frozen-lockfile --store-dir=/pnpm/store --prod=false
#18 3.583 Scope: all 13 workspace projects
#18 3.934 ✓ Lockfile passes supply-chain policies (verified 48s ago)
#18 3.955 Lockfile is up to date, resolution step is skipped
#18 4.456 Already up to date
#18 8.770 
#18 8.770 devDependencies:
#18 8.770 + husky 9.1.7
#18 8.770 + lint-staged 16.2.7
#18 8.770 + oxfmt 0.35.0
#18 8.770 + oxlint 1.51.0
#18 8.770 + react-doctor 0.4.2
#18 8.770 + turbo 2.10.11
#18 8.770 
#18 8.789 . prepare$ husky
#18 8.907 . prepare: .git can't be found
#18 8.909 . prepare: Done
#18 9.288 Done in 7s using pnpm v11.10.0
#18 DONE 9.5s

#19 [installer 8/8] RUN pnpm turbo run build --filter=space
#19 2.169 
#19 2.170    • Packages in scope: space
#19 2.170    • Running build in 1 packages
#19 2.170    • Remote caching disabled
#19 2.170 
#19 2.632 @plane/types:build: cache miss, executing 16c61a7421a75478
#19 2.633 @plane/hooks:build: cache miss, executing d0aef673d47062f7
#19 2.639 @plane/i18n:build: cache miss, executing 5dbd7ff96bc08b5a
#19 6.302 @plane/hooks:build: $ tsdown
#19 6.742 @plane/types:build: $ tsdown
#19 6.992 @plane/i18n:build: $ pnpm run generate:types && tsdown
#19 7.169 @plane/hooks:build: [34mℹ[39m tsdown [2mv0.16.0[22m powered by rolldown [2mv1.0.0-beta.46[22m
#19 7.535 @plane/types:build: [34mℹ[39m tsdown [2mv0.16.0[22m powered by rolldown [2mv1.0.0-beta.46[22m
#19 7.961 @plane/hooks:build: [34mℹ[39m Using tsdown config: [4m/app/packages/hooks/tsdown.config.ts[24m
#19 8.004 @plane/hooks:build: [34mℹ[39m entry: [34msrc/index.ts[39m
#19 8.006 @plane/hooks:build: [34mℹ[39m tsconfig: [34mtsconfig.json[39m
#19 8.008 @plane/hooks:build: [34mℹ[39m Build start
#19 8.019 @plane/types:build: [34mℹ[39m Using tsdown config: [4m/app/packages/types/tsdown.config.ts[24m
#19 8.037 @plane/types:build: [34mℹ[39m entry: [34msrc/index.ts[39m
#19 8.041 @plane/types:build: [34mℹ[39m tsconfig: [34mtsconfig.json[39m
#19 8.042 @plane/types:build: [34mℹ[39m Build start
#19 9.838 @plane/i18n:build: $ tsx scripts/generate-types.ts
#19 12.32 @plane/i18n:build: Generated 3838 keys from 28 namespace files
#19 13.21 @plane/i18n:build: [34mℹ[39m tsdown [2mv0.16.0[22m powered by rolldown [2mv1.0.0-beta.46[22m
#19 13.95 @plane/i18n:build: [34mℹ[39m Using tsdown config: [4m/app/packages/i18n/tsdown.config.ts[24m
#19 14.06 @plane/i18n:build: [34mℹ[39m entry: [34msrc/index.ts[39m
#19 14.06 @plane/i18n:build: [34mℹ[39m tsconfig: [34mtsconfig.json[39m
#19 14.07 @plane/i18n:build: [34mℹ[39m Build start
#19 21.71 @plane/hooks:build: [34mℹ[39m [2mdist/[22m[1mindex.js[22m        [2m 5.82 kB[22m [2m│ gzip: 1.93 kB[22m
#19 21.71 @plane/hooks:build: [34mℹ[39m [2mdist/[22mindex.js.map    [2m11.13 kB[22m [2m│ gzip: 3.57 kB[22m
#19 21.72 @plane/hooks:build: [34mℹ[39m [2mdist/[22mindex.d.ts.map  [2m 0.66 kB[22m [2m│ gzip: 0.39 kB[22m
#19 21.72 @plane/hooks:build: [34mℹ[39m [2mdist/[22m[32m[1mindex.d.ts[22m[39m      [2m 2.00 kB[22m [2m│ gzip: 0.80 kB[22m
#19 21.72 @plane/hooks:build: [34mℹ[39m 4 files, total: 19.61 kB
#19 21.74 @plane/hooks:build: [32m✔[39m Build complete in [32m13725ms[39m
#19 23.14 @plane/types:build: [34mℹ[39m [2mdist/[22m[1mindex.mjs[22m        [2m 16.84 kB[22m [2m│ gzip:  3.67 kB[22m
#19 23.15 @plane/types:build: [34mℹ[39m [2mdist/[22mindex.d.mts.map  [2m 89.23 kB[22m [2m│ gzip: 29.36 kB[22m
#19 23.15 @plane/types:build: [34mℹ[39m [2mdist/[22mindex.mjs.map    [2m 65.53 kB[22m [2m│ gzip: 13.53 kB[22m
#19 23.15 @plane/types:build: [34mℹ[39m [2mdist/[22m[32m[1mindex.d.mts[22m[39m      [2m146.98 kB[22m [2m│ gzip: 28.71 kB[22m
#19 23.15 @plane/types:build: [34mℹ[39m 4 files, total: 318.56 kB
#19 23.22 @plane/types:build: [32m✔[39m Build complete in [32m15171ms[39m
#19 23.39 @plane/constants:build: cache miss, executing 4a521265da9d6995
#19 25.51 @plane/constants:build: $ tsdown
#19 25.78 @plane/constants:build: [34mℹ[39m tsdown [2mv0.16.0[22m powered by rolldown [2mv1.0.0-beta.46[22m
#19 26.03 @plane/constants:build: [34mℹ[39m Using tsdown config: [4m/app/packages/constants/tsdown.config.ts[24m
#19 26.06 @plane/constants:build: [34mℹ[39m entry: [34msrc/index.ts[39m
#19 26.06 @plane/constants:build: [34mℹ[39m tsconfig: [34mtsconfig.json[39m
#19 26.06 @plane/constants:build: [34mℹ[39m Build start
#19 27.42 @plane/i18n:build: [34mℹ[39m [2mdist/[22m[1mindex.js[22m        [2m  5.66 kB[22m [2m│ gzip:  2.15 kB[22m
#19 27.42 @plane/i18n:build: [34mℹ[39m [2mdist/[22mindex.d.ts.map  [2m 43.17 kB[22m [2m│ gzip:  5.39 kB[22m
#19 27.42 @plane/i18n:build: [34mℹ[39m [2mdist/[22mindex.js.map    [2m 12.36 kB[22m [2m│ gzip:  4.16 kB[22m
#19 27.42 @plane/i18n:build: [34mℹ[39m [2mdist/[22m[32m[1mindex.d.ts[22m[39m      [2m176.39 kB[22m [2m│ gzip: 23.79 kB[22m
#19 27.42 @plane/i18n:build: [34mℹ[39m 4 files, total: 237.59 kB
#19 27.44 @plane/i18n:build: [32m✔[39m Build complete in [32m13358ms[39m
#19 32.03 @plane/constants:build: [34mℹ[39m [2mdist/[22m[1mindex.mjs[22m        [2m108.95 kB[22m [2m│ gzip: 21.94 kB[22m
#19 32.03 @plane/constants:build: [34mℹ[39m [2mdist/[22mindex.mjs.map    [2m176.20 kB[22m [2m│ gzip: 30.67 kB[22m
#19 32.03 @plane/constants:build: [34mℹ[39m [2mdist/[22mindex.d.mts.map  [2m 24.27 kB[22m [2m│ gzip:  8.83 kB[22m
#19 32.03 @plane/constants:build: [34mℹ[39m [2mdist/[22m[32m[1mindex.d.mts[22m[39m      [2m 52.02 kB[22m [2m│ gzip: 11.44 kB[22m
#19 32.03 @plane/constants:build: [34mℹ[39m 4 files, total: 361.43 kB
#19 32.03 @plane/constants:build: [32m✔[39m Build complete in [32m5971ms[39m
#19 32.14 @plane/services:build: cache miss, executing 8cd608cd5ab2cfbc
#19 32.14 @plane/utils:build: cache miss, executing d1a5a6b465eac32f
#19 33.96 @plane/services:build: $ tsdown
#19 33.97 @plane/utils:build: $ tsdown
#19 34.23 @plane/services:build: [34mℹ[39m tsdown [2mv0.16.0[22m powered by rolldown [2mv1.0.0-beta.46[22m
#19 34.24 @plane/utils:build: [34mℹ[39m tsdown [2mv0.16.0[22m powered by rolldown [2mv1.0.0-beta.46[22m
#19 34.55 @plane/utils:build: [34mℹ[39m Using tsdown config: [4m/app/packages/utils/tsdown.config.ts[24m
#19 34.56 @plane/services:build: [34mℹ[39m Using tsdown config: [4m/app/packages/services/tsdown.config.ts[24m
#19 34.58 @plane/services:build: [34mℹ[39m entry: [34msrc/index.ts[39m
#19 34.58 @plane/services:build: [34mℹ[39m tsconfig: [34mtsconfig.json[39m
#19 34.58 @plane/services:build: [34mℹ[39m Build start
#19 34.58 @plane/utils:build: [34mℹ[39m entry: [34msrc/index.ts[39m
#19 34.58 @plane/utils:build: [34mℹ[39m tsconfig: [34mtsconfig.json[39m
#19 34.59 @plane/utils:build: [34mℹ[39m Build start
#19 42.97 @plane/services:build: [34mℹ[39m [2mdist/[22m[1mindex.js[22m        [2m 97.92 kB[22m [2m│ gzip: 11.24 kB[22m
#19 42.97 @plane/services:build: [34mℹ[39m [2mdist/[22mindex.js.map    [2m154.04 kB[22m [2m│ gzip: 17.93 kB[22m
#19 42.98 @plane/services:build: [34mℹ[39m [2mdist/[22mindex.d.ts.map  [2m 21.01 kB[22m [2m│ gzip:  5.70 kB[22m
#19 42.98 @plane/services:build: [34mℹ[39m [2mdist/[22m[32m[1mindex.d.ts[22m[39m      [2m 70.26 kB[22m [2m│ gzip:  9.05 kB[22m
#19 42.98 @plane/services:build: [34mℹ[39m 4 files, total: 343.23 kB
#19 42.98 @plane/services:build: [32m✔[39m Build complete in [32m8394ms[39m
#19 48.13 @plane/utils:build: [34mℹ[39m [2mdist/[22m[1mindex.js[22m        [2m220.02 kB[22m [2m│ gzip: 55.20 kB[22m
#19 48.13 @plane/utils:build: [34mℹ[39m [2mdist/[22mindex.js.map    [2m400.12 kB[22m [2m│ gzip: 88.79 kB[22m
#19 48.13 @plane/utils:build: [34mℹ[39m [2mdist/[22mindex.d.ts.map  [2m 43.35 kB[22m [2m│ gzip: 14.47 kB[22m
#19 48.13 @plane/utils:build: [34mℹ[39m [2mdist/[22m[32m[1mindex.d.ts[22m[39m      [2m117.11 kB[22m [2m│ gzip: 27.19 kB[22m
#19 48.13 @plane/utils:build: [34mℹ[39m 4 files, total: 780.60 kB
#19 48.14 @plane/utils:build: [32m✔[39m Build complete in [32m13548ms[39m
#19 48.26 @plane/propel:build: cache miss, executing 24c32274c198712c
#19 49.82 @plane/propel:build: $ tsdown
#19 50.04 @plane/propel:build: [34mℹ[39m tsdown [2mv0.16.0[22m powered by rolldown [2mv1.0.0-beta.46[22m
#19 50.26 @plane/propel:build: [34mℹ[39m Using tsdown config: [4m/app/packages/propel/tsdown.config.ts[24m
#19 50.33 @plane/propel:build: [34mℹ[39m entry: [34msrc/accordion/index.ts, src/animated-counter/index.ts, src/avatar/index.ts, src/badge/index.ts, src/button/index.ts, src/calendar/index.ts, src/collapsible/index.ts, src/combobox/index.ts, src/card/index.ts, src/banner/index.ts, src/emoji-icon-picker/index.ts, src/emoji-reaction/index.ts, src/empty-state/index.ts, src/context-menu/index.ts, src/icons/index.ts, src/input/index.ts, src/command/index.ts, src/pill/index.ts, src/popover/index.ts, src/dialog/index.ts, src/scrollarea/index.ts, src/icon-button/index.ts, src/skeleton/index.ts, src/portal/index.ts, src/switch/index.ts, src/spinners/index.ts, src/menu/index.ts, src/tab-navigation/index.ts, src/table/index.ts, src/toast/index.ts, src/tabs/index.ts, src/toolbar/index.ts, src/utils/index.ts, src/tooltip/index.ts, src/charts/area-chart/index.ts, src/charts/bar-chart/index.ts, src/charts/line-chart/index.ts, src/charts/pie-chart/index.ts, src/charts/radar-chart/index.ts, src/charts/scatter-chart/index.ts, src/charts/tree-map/index.ts[39m
#19 50.33 @plane/propel:build: [34mℹ[39m tsconfig: [34mtsconfig.json[39m
#19 50.33 @plane/propel:build: [34mℹ[39m Build start
#19 64.52 @plane/propel:build: [34mℹ[39m [2mdist/[22m[1mempty-state/index.js[22m                  [2m749.12 kB[22m [2m│ gzip: 213.69 kB[22m
#19 64.52 @plane/propel:build: [34mℹ[39m [2mdist/[22m[1mcharts/bar-chart/index.js[22m             [2m  9.75 kB[22m [2m│ gzip:   3.19 kB[22m
#19 64.52 @plane/propel:build: [34mℹ[39m [2mdist/[22m[1mcharts/tree-map/index.js[22m              [2m  9.39 kB[22m [2m│ gzip:   2.77 kB[22m
#19 64.52 @plane/propel:build: [34mℹ[39m [2mdist/[22m[1mtoast/index.js[22m                        [2m  9.08 kB[22m [2m│ gzip:   2.30 kB[22m
#19 64.52 @plane/propel:build: [34mℹ[39m [2mdist/[22m[1mportal/index.js[22m                       [2m  6.41 kB[22m [2m│ gzip:   2.15 kB[22m
#19 64.52 @plane/propel:build: [34mℹ[39m [2mdist/[22m[1mcharts/pie-chart/index.js[22m             [2m  6.25 kB[22m [2m│ gzip:   2.03 kB[22m
#19 64.52 @plane/propel:build: [34mℹ[39m [2mdist/[22m[1micons/index.js[22m                        [2m  6.18 kB[22m [2m│ gzip:   1.86 kB[22m
#19 64.52 @plane/propel:build: [34mℹ[39m [2mdist/[22m[1mmenu/index.js[22m                         [2m  5.60 kB[22m [2m│ gzip:   1.87 kB[22m
#19 64.52 @plane/propel:build: [34mℹ[39m [2mdist/[22m[1memoji-reaction/index.js[22m               [2m  5.57 kB[22m [2m│ gzip:   1.93 kB[22m
#19 64.52 @plane/propel:build: [34mℹ[39m [2mdist/[22m[1mcharts/area-chart/index.js[22m            [2m  5.21 kB[22m [2m│ gzip:   1.92 kB[22m
#19 64.52 @plane/propel:build: [34mℹ[39m [2mdist/[22m[1mcombobox/index.js[22m                     [2m  4.83 kB[22m [2m│ gzip:   1.74 kB[22m
#19 64.52 @plane/propel:build: [34mℹ[39m [2mdist/[22m[1mcharts/line-chart/index.js[22m            [2m  4.50 kB[22m [2m│ gzip:   1.69 kB[22m
#19 64.52 @plane/propel:build: [34mℹ[39m [2mdist/[22m[1mcharts/scatter-chart/index.js[22m         [2m  4.24 kB[22m [2m│ gzip:   1.56 kB[22m
#19 64.52 @plane/propel:build: [34mℹ[39m [2mdist/[22m[1mtoolbar/index.js[22m                      [2m  4.05 kB[22m [2m│ gzip:   1.43 kB[22m
#19 64.52 @plane/propel:build: [34mℹ[39m [2mdist/[22m[1mcontext-menu/index.js[22m                 [2m  3.68 kB[22m [2m│ gzip:   1.14 kB[22m
#19 64.52 @plane/propel:build: [34mℹ[39m [2mdist/[22m[1mbanner/index.js[22m                       [2m  3.43 kB[22m [2m│ gzip:   1.34 kB[22m
#19 64.52 @plane/propel:build: [34mℹ[39m [2mdist/[22m[1mdialog/index.js[22m                       [2m  3.33 kB[22m [2m│ gzip:   1.13 kB[22m
#19 64.52 @plane/propel:build: [34mℹ[39m [2mdist/[22m[1mscrollarea/index.js[22m                   [2m  2.96 kB[22m [2m│ gzip:   1.08 kB[22m
#19 64.52 @plane/propel:build: [34mℹ[39m [2mdist/[22m[1mtabs/index.js[22m                         [2m  2.87 kB[22m [2m│ gzip:   1.13 kB[22m
#19 64.52 @plane/propel:build: [34mℹ[39m [2mdist/[22m[1mcharts/radar-chart/index.js[22m           [2m  2.83 kB[22m [2m│ gzip:   1.19 kB[22m
#19 64.52 @plane/propel:build: [34mℹ[39m [2mdist/[22m[1mtable/index.js[22m                        [2m  2.72 kB[22m [2m│ gzip:   0.84 kB[22m
#19 64.52 @plane/propel:build: [34mℹ[39m [2mdist/[22m[1mavatar/index.js[22m                       [2m  2.69 kB[22m [2m│ gzip:   1.02 kB[22m
#19 64.52 @plane/propel:build: [34mℹ[39m [2mdist/[22m[1mpill/index.js[22m                         [2m  2.37 kB[22m [2m│ gzip:   1.02 kB[22m
#19 64.52 @plane/propel:build: [34mℹ[39m [2mdist/[22m[1mcollapsible/index.js[22m                  [2m  2.17 kB[22m [2m│ gzip:   0.91 kB[22m
#19 64.52 @plane/propel:build: [34mℹ[39m [2mdist/[22m[1mbadge/index.js[22m                        [2m  2.12 kB[22m [2m│ gzip:   0.97 kB[22m
#19 64.52 @plane/propel:build: [34mℹ[39m [2mdist/[22m[1maccordion/index.js[22m                    [2m  1.96 kB[22m [2m│ gzip:   0.74 kB[22m
#19 64.52 @plane/propel:build: [34mℹ[39m [2mdist/[22m[1mtab-navigation/index.js[22m               [2m  1.90 kB[22m [2m│ gzip:   0.80 kB[22m
#19 64.52 @plane/propel:build: [34mℹ[39m [2mdist/[22m[1mspinners/index.js[22m                     [2m  1.89 kB[22m [2m│ gzip:   1.00 kB[22m
#19 64.52 @plane/propel:build: [34mℹ[39m [2mdist/[22m[1mcommand/index.js[22m                      [2m  1.48 kB[22m [2m│ gzip:   0.58 kB[22m
#19 64.52 @plane/propel:build: [34mℹ[39m [2mdist/[22m[1mswitch/index.js[22m                       [2m  1.46 kB[22m [2m│ gzip:   0.71 kB[22m
#19 64.53 @plane/propel:build: [34mℹ[39m [2mdist/[22m[1minput/index.js[22m                        [2m  1.42 kB[22m [2m│ gzip:   0.77 kB[22m
#19 64.53 @plane/propel:build: [34mℹ[39m [2mdist/[22m[1mcalendar/index.js[22m                     [2m  1.16 kB[22m [2m│ gzip:   0.59 kB[22m
#19 64.53 @plane/propel:build: [34mℹ[39m [2mdist/[22m[1mskeleton/index.js[22m                     [2m  0.92 kB[22m [2m│ gzip:   0.46 kB[22m
#19 64.53 @plane/propel:build: [34mℹ[39m [2mdist/[22m[1memoji-icon-picker/index.js[22m            [2m  0.71 kB[22m [2m│ gzip:   0.35 kB[22m
#19 64.53 @plane/propel:build: [34mℹ[39m [2mdist/[22m[1mutils/index.js[22m                        [2m  0.25 kB[22m [2m│ gzip:   0.17 kB[22m
#19 64.53 @plane/propel:build: [34mℹ[39m [2mdist/[22m[1micon-button/index.js[22m                  [2m  0.23 kB[22m [2m│ gzip:   0.17 kB[22m
#19 64.53 @plane/propel:build: [34mℹ[39m [2mdist/[22m[1mbutton/index.js[22m                       [2m  0.21 kB[22m [2m│ gzip:   0.16 kB[22m
#19 64.53 @plane/propel:build: [34mℹ[39m [2mdist/[22m[1mcard/index.js[22m                         [2m  0.20 kB[22m [2m│ gzip:   0.15 kB[22m
#19 64.53 @plane/propel:build: [34mℹ[39m [2mdist/[22m[1manimated-counter/index.js[22m             [2m  0.20 kB[22m [2m│ gzip:   0.15 kB[22m
#19 64.53 @plane/propel:build: [34mℹ[39m [2mdist/[22m[1mtooltip/index.js[22m                      [2m  0.18 kB[22m [2m│ gzip:   0.14 kB[22m
#19 64.53 @plane/propel:build: [34mℹ[39m [2mdist/[22m[1mpopover/index.js[22m                      [2m  0.11 kB[22m [2m│ gzip:   0.10 kB[22m
#19 64.53 @plane/propel:build: [34mℹ[39m [2mdist/[22mempty-state/index.js.map              [2m859.86 kB[22m [2m│ gzip: 218.29 kB[22m
#19 64.53 @plane/propel:build: [34mℹ[39m [2mdist/[22micons-DWzY_Ct4.js.map                 [2m391.68 kB[22m [2m│ gzip: 100.97 kB[22m
#19 64.53 @plane/propel:build: [34mℹ[39m [2mdist/[22micons-DWzY_Ct4.js                     [2m309.50 kB[22m [2m│ gzip:  94.69 kB[22m
#19 64.53 @plane/propel:build: [34mℹ[39m [2mdist/[22memoji-icon-picker-C-QxDRjq.js.map     [2m 58.16 kB[22m [2m│ gzip:  13.25 kB[22m
#19 64.53 @plane/propel:build: [34mℹ[39m [2mdist/[22memoji-icon-picker-C-QxDRjq.js         [2m 32.67 kB[22m [2m│ gzip:   8.54 kB[22m
#19 64.53 @plane/propel:build: [34mℹ[39m [2mdist/[22mcharts/bar-chart/index.js.map         [2m 18.54 kB[22m [2m│ gzip:   5.83 kB[22m
#19 64.53 @plane/propel:build: [34mℹ[39m [2mdist/[22mindex-BUyOAoiw.d.ts.map               [2m 17.31 kB[22m [2m│ gzip:   3.08 kB[22m
#19 64.53 @plane/propel:build: [34mℹ[39m [2mdist/[22mcharts/tree-map/index.js.map          [2m 16.84 kB[22m [2m│ gzip:   4.95 kB[22m
#19 64.53 @plane/propel:build: [34mℹ[39m [2mdist/[22mtoast/index.js.map                    [2m 14.78 kB[22m [2m│ gzip:   4.07 kB[22m
#19 64.53 @plane/propel:build: [34mℹ[39m [2mdist/[22mcharts/pie-chart/index.js.map         [2m 10.95 kB[22m [2m│ gzip:   3.47 kB[22m
#19 64.53 @plane/propel:build: [34mℹ[39m [2mdist/[22mcombobox/index.js.map                 [2m  9.95 kB[22m [2m│ gzip:   3.34 kB[22m
#19 64.53 @plane/propel:build: [34mℹ[39m [2mdist/[22mcharts/area-chart/index.js.map        [2m  9.79 kB[22m [2m│ gzip:   3.31 kB[22m
#19 64.53 @plane/propel:build: [34mℹ[39m [2mdist/[22memoji-reaction/index.js.map           [2m  9.74 kB[22m [2m│ gzip:   3.24 kB[22m
#19 64.53 @plane/propel:build: [34mℹ[39m [2mdist/[22mempty-state/index.d.ts.map            [2m  9.61 kB[22m [2m│ gzip:   2.39 kB[22m
#19 64.53 @plane/propel:build: [34mℹ[39m [2mdist/[22mportal/index.js.map                   [2m  9.54 kB[22m [2m│ gzip:   3.32 kB[22m
#19 64.53 @plane/propel:build: [34mℹ[39m [2mdist/[22mmenu/index.js.map                     [2m  9.53 kB[22m [2m│ gzip:   3.20 kB[22m
#19 64.53 @plane/propel:build: [34mℹ[39m [2mdist/[22mcharts/line-chart/index.js.map        [2m  8.10 kB[22m [2m│ gzip:   2.75 kB[22m
#19 64.53 @plane/propel:build: [34mℹ[39m [2mdist/[22mcharts/scatter-chart/index.js.map     [2m  7.53 kB[22m [2m│ gzip:   2.53 kB[22m
#19 64.53 @plane/propel:build: [34mℹ[39m [2mdist/[22mtoolbar/index.js.map                  [2m  7.21 kB[22m [2m│ gzip:   2.34 kB[22m
#19 64.53 @plane/propel:build: [34mℹ[39m [2mdist/[22mcontext-menu/index.js.map             [2m  7.16 kB[22m [2m│ gzip:   1.94 kB[22m
#19 64.53 @plane/propel:build: [34mℹ[39m [2mdist/[22mbanner/index.js.map                   [2m  6.96 kB[22m [2m│ gzip:   2.58 kB[22m
#19 64.53 @plane/propel:build: [34mℹ[39m [2mdist/[22mtabs/index.js.map                     [2m  6.21 kB[22m [2m│ gzip:   1.86 kB[22m
#19 64.53 @plane/propel:build: [34mℹ[39m [2mdist/[22mtooltip-2hD27cLV.js.map               [2m  5.98 kB[22m [2m│ gzip:   2.15 kB[22m
#19 64.53 @plane/propel:build: [34mℹ[39m [2mdist/[22mdialog/index.js.map                   [2m  5.75 kB[22m [2m│ gzip:   1.97 kB[22m
#19 64.53 @plane/propel:build: [34mℹ[39m [2mdist/[22mbutton-CjcOirFK.js.map                [2m  5.70 kB[22m [2m│ gzip:   1.99 kB[22m
#19 64.53 @plane/propel:build: [34mℹ[39m [2mdist/[22mavatar/index.js.map                   [2m  5.14 kB[22m [2m│ gzip:   1.78 kB[22m
#19 64.53 @plane/propel:build: [34mℹ[39m [2mdist/[22mcharts/radar-chart/index.js.map       [2m  4.91 kB[22m [2m│ gzip:   1.89 kB[22m
#19 64.53 @plane/propel:build: [34mℹ[39m [2mdist/[22mscrollarea/index.js.map               [2m  4.86 kB[22m [2m│ gzip:   1.64 kB[22m
#19 64.53 @plane/propel:build: [34mℹ[39m [2mdist/[22micon-button-2BUssuti.js.map           [2m  4.86 kB[22m [2m│ gzip:   1.66 kB[22m
#19 64.53 @plane/propel:build: [34mℹ[39m [2mdist/[22mtable/index.js.map                    [2m  4.83 kB[22m [2m│ gzip:   1.32 kB[22m
#19 64.53 @plane/propel:build: [34mℹ[39m [2mdist/[22mpopover-CrZ8wRJs.js.map               [2m  4.12 kB[22m [2m│ gzip:   1.50 kB[22m
#19 64.53 @plane/propel:build: [34mℹ[39m [2mdist/[22mbadge/index.js.map                    [2m  4.08 kB[22m [2m│ gzip:   1.63 kB[22m
#19 64.53 @plane/propel:build: [34mℹ[39m [2mdist/[22manimated-counter-CqtqTlrG.js.map      [2m  3.95 kB[22m [2m│ gzip:   1.52 kB[22m
#19 64.53 @plane/propel:build: [34mℹ[39m [2mdist/[22mcollapsible/index.js.map              [2m  3.95 kB[22m [2m│ gzip:   1.53 kB[22m
#19 64.53 @plane/propel:build: [34mℹ[39m [2mdist/[22mtooltip-CLEkTCyg.js.map               [2m  3.83 kB[22m [2m│ gzip:   1.57 kB[22m
#19 64.53 @plane/propel:build: [34mℹ[39m [2mdist/[22mlegend-HUzGLN3O.js.map                [2m  3.79 kB[22m [2m│ gzip:   1.65 kB[22m
#19 64.53 @plane/propel:build: [34mℹ[39m [2mdist/[22mtooltip-2hD27cLV.js                   [2m  3.75 kB[22m [2m│ gzip:   1.29 kB[22m
#19 64.53 @plane/propel:build: [34mℹ[39m [2mdist/[22maccordion/index.js.map                [2m  3.72 kB[22m [2m│ gzip:   1.34 kB[22m
#19 64.53 @plane/propel:build: [34mℹ[39m [2mdist/[22mpill/index.js.map                     [2m  3.46 kB[22m [2m│ gzip:   1.38 kB[22m
#19 64.53 @plane/propel:build: [34mℹ[39m [2mdist/[22mcard-BJ9a4xMU.js.map                  [2m  3.43 kB[22m [2m│ gzip:   1.35 kB[22m
#19 64.53 @plane/propel:build: [34mℹ[39m [2mdist/[22mbutton-CjcOirFK.js                    [2m  3.31 kB[22m [2m│ gzip:   1.22 kB[22m
#19 64.53 @plane/propel:build: [34mℹ[39m [2mdist/[22mclassname-BokbBhj4.js.map             [2m  3.14 kB[22m [2m│ gzip:   1.30 kB[22m
#19 64.53 @plane/propel:build: [34mℹ[39m [2mdist/[22micon-button-2BUssuti.js               [2m  2.93 kB[22m [2m│ gzip:   1.08 kB[22m
#19 64.53 @plane/propel:build: [34mℹ[39m [2mdist/[22mcircular-bar-spinner-Cp6QEb9r.js.map  [2m  2.86 kB[22m [2m│ gzip:   0.97 kB[22m
#19 64.53 @plane/propel:build: [34mℹ[39m [2mdist/[22mplacement-Db9Qu3XD.js.map             [2m  2.73 kB[22m [2m│ gzip:   0.82 kB[22m
#19 64.53 @plane/propel:build: [34mℹ[39m [2mdist/[22mswitch/index.js.map                   [2m  2.71 kB[22m [2m│ gzip:   1.19 kB[22m
#19 64.53 @plane/propel:build: [34mℹ[39m [2mdist/[22mtab-navigation/index.js.map           [2m  2.65 kB[22m [2m│ gzip:   1.04 kB[22m
#19 64.53 @plane/propel:build: [34mℹ[39m [2mdist/[22mcommand/index.js.map                  [2m  2.48 kB[22m [2m│ gzip:   0.95 kB[22m
#19 64.53 @plane/propel:build: [34mℹ[39m [2mdist/[22mspinners/index.js.map                 [2m  2.42 kB[22m [2m│ gzip:   1.33 kB[22m
#19 64.53 @plane/propel:build: [34mℹ[39m [2mdist/[22minput/index.js.map                    [2m  2.34 kB[22m [2m│ gzip:   1.11 kB[22m
#19 64.53 @plane/propel:build: [34mℹ[39m [2mdist/[22mpopover-CrZ8wRJs.js                   [2m  2.30 kB[22m [2m│ gzip:   0.85 kB[22m
#19 64.53 @plane/propel:build: [34mℹ[39m [2mdist/[22manimated-counter-CqtqTlrG.js          [2m  2.27 kB[22m [2m│ gzip:   0.93 kB[22m
#19 64.53 @plane/propel:build: [34mℹ[39m [2mdist/[22mcard-BJ9a4xMU.js                      [2m  2.13 kB[22m [2m│ gzip:   0.90 kB[22m
#19 64.53 @plane/propel:build: [34mℹ[39m [2mdist/[22mlegend-HUzGLN3O.js                    [2m  2.08 kB[22m [2m│ gzip:   1.03 kB[22m
#19 64.53 @plane/propel:build: [34mℹ[39m [2mdist/[22mcircular-bar-spinner-Cp6QEb9r.js      [2m  2.08 kB[22m [2m│ gzip:   0.60 kB[22m
#19 64.53 @plane/propel:build: [34mℹ[39m [2mdist/[22mtooltip-CLEkTCyg.js                   [2m  2.05 kB[22m [2m│ gzip:   0.96 kB[22m
#19 64.53 @plane/propel:build: [34mℹ[39m [2mdist/[22mcombobox/index.d.ts.map               [2m  1.95 kB[22m [2m│ gzip:   0.65 kB[22m
#19 64.53 @plane/propel:build: [34mℹ[39m [2mdist/[22mcalendar/index.js.map                 [2m  1.94 kB[22m [2m│ gzip:   0.92 kB[22m
#19 64.53 @plane/propel:build: [34mℹ[39m [2mdist/[22memoji-icon-picker/index.d.ts.map      [2m  1.79 kB[22m [2m│ gzip:   0.77 kB[22m
#19 64.53 @plane/propel:build: [34mℹ[39m [2mdist/[22memoji-reaction/index.d.ts.map         [2m  1.71 kB[22m [2m│ gzip:   0.62 kB[22m
#19 64.53 @plane/propel:build: [34mℹ[39m [2mdist/[22mskeleton/index.js.map                 [2m  1.66 kB[22m [2m│ gzip:   0.82 kB[22m
#19 64.53 @plane/propel:build: [34mℹ[39m [2mdist/[22mtable/index.d.ts.map                  [2m  1.61 kB[22m [2m│ gzip:   0.46 kB[22m
#19 64.53 @plane/propel:build: [34mℹ[39m [2mdist/[22mportal/index.d.ts.map                 [2m  1.57 kB[22m [2m│ gzip:   0.64 kB[22m
#19 64.53 @plane/propel:build: [34mℹ[39m [2mdist/[22mclassname-BokbBhj4.js                 [2m  1.47 kB[22m [2m│ gzip:   0.74 kB[22m
#19 64.53 @plane/propel:build: [34mℹ[39m [2mdist/[22mtoast/index.d.ts.map                  [2m  1.46 kB[22m [2m│ gzip:   0.68 kB[22m
#19 64.53 @plane/propel:build: [34mℹ[39m [2mdist/[22mtabs/index.d.ts.map                   [2m  1.42 kB[22m [2m│ gzip:   0.47 kB[22m
#19 64.53 @plane/propel:build: [34mℹ[39m [2mdist/[22maccordion/index.d.ts.map              [2m  1.28 kB[22m [2m│ gzip:   0.49 kB[22m
#19 64.53 @plane/propel:build: [34mℹ[39m [2mdist/[22mplacement-Db9Qu3XD.js                 [2m  1.13 kB[22m [2m│ gzip:   0.36 kB[22m
#19 64.53 @plane/propel:build: [34mℹ[39m [2mdist/[22mbadge/index.d.ts.map                  [2m  1.12 kB[22m [2m│ gzip:   0.42 kB[22m
#19 64.53 @plane/propel:build: [34mℹ[39m [2mdist/[22mdialog/index.d.ts.map                 [2m  1.09 kB[22m [2m│ gzip:   0.50 kB[22m
#19 64.53 @plane/propel:build: [34mℹ[39m [2mdist/[22mmenu/index.d.ts.map                   [2m  1.09 kB[22m [2m│ gzip:   0.47 kB[22m
#19 64.53 @plane/propel:build: [34mℹ[39m [2mdist/[22mtoolbar/index.d.ts.map                [2m  1.00 kB[22m [2m│ gzip:   0.45 kB[22m
#19 64.53 @plane/propel:build: [34mℹ[39m [2mdist/[22mpill/index.d.ts.map                   [2m  0.99 kB[22m [2m│ gzip:   0.45 kB[22m
#19 64.53 @plane/propel:build: [34mℹ[39m [2mdist/[22micon-button/index.d.ts.map            [2m  0.96 kB[22m [2m│ gzip:   0.44 kB[22m
#19 64.53 @plane/propel:build: [34mℹ[39m [2mdist/[22mcollapsible/index.d.ts.map            [2m  0.95 kB[22m [2m│ gzip:   0.44 kB[22m
#19 64.53 @plane/propel:build: [34mℹ[39m [2mdist/[22mcontext-menu/index.d.ts.map           [2m  0.94 kB[22m [2m│ gzip:   0.40 kB[22m
#19 64.53 @plane/propel:build: [34mℹ[39m [2mdist/[22mcommand/index.d.ts.map                [2m  0.93 kB[22m [2m│ gzip:   0.39 kB[22m
#19 64.53 @plane/propel:build: [34mℹ[39m [2mdist/[22mhelper-Cw7yZUTd.d.ts.map              [2m  0.76 kB[22m [2m│ gzip:   0.37 kB[22m
#19 64.53 @plane/propel:build: [34mℹ[39m [2mdist/[22mcard/index.d.ts.map                   [2m  0.69 kB[22m [2m│ gzip:   0.38 kB[22m
#19 64.53 @plane/propel:build: [34mℹ[39m [2mdist/[22mskeleton/index.d.ts.map               [2m  0.63 kB[22m [2m│ gzip:   0.31 kB[22m
#19 64.53 @plane/propel:build: [34mℹ[39m [2mdist/[22mscrollarea/index.d.ts.map             [2m  0.60 kB[22m [2m│ gzip:   0.33 kB[22m
#19 64.53 @plane/propel:build: [34mℹ[39m [2mdist/[22mbanner/index.d.ts.map                 [2m  0.59 kB[22m [2m│ gzip:   0.31 kB[22m
#19 64.53 @plane/propel:build: [34mℹ[39m [2mdist/[22mpopover/index.d.ts.map                [2m  0.58 kB[22m [2m│ gzip:   0.32 kB[22m
#19 64.53 @plane/propel:build: [34mℹ[39m [2mdist/[22mspinners/index.d.ts.map               [2m  0.57 kB[22m [2m│ gzip:   0.28 kB[22m
#19 64.53 @plane/propel:build: [34mℹ[39m [2mdist/[22mbutton/index.d.ts.map                 [2m  0.52 kB[22m [2m│ gzip:   0.24 kB[22m
#19 64.53 @plane/propel:build: [34mℹ[39m [2mdist/[22mtab-navigation/index.d.ts.map         [2m  0.52 kB[22m [2m│ gzip:   0.28 kB[22m
#19 64.53 @plane/propel:build: [34mℹ[39m [2mdist/[22mplacement-qJjmdCXt.d.ts.map           [2m  0.49 kB[22m [2m│ gzip:   0.26 kB[22m
#19 64.53 @plane/propel:build: [34mℹ[39m [2mdist/[22mswitch/index.d.ts.map                 [2m  0.48 kB[22m [2m│ gzip:   0.25 kB[22m
#19 64.53 @plane/propel:build: [34mℹ[39m [2mdist/[22mtooltip/index.d.ts.map                [2m  0.40 kB[22m [2m│ gzip:   0.26 kB[22m
#19 64.53 @plane/propel:build: [34mℹ[39m [2mdist/[22manimated-counter/index.d.ts.map       [2m  0.38 kB[22m [2m│ gzip:   0.22 kB[22m
#19 64.53 @plane/propel:build: [34mℹ[39m [2mdist/[22minput/index.d.ts.map                  [2m  0.35 kB[22m [2m│ gzip:   0.21 kB[22m
#19 64.53 @plane/propel:build: [34mℹ[39m [2mdist/[22mavatar/index.d.ts.map                 [2m  0.34 kB[22m [2m│ gzip:   0.22 kB[22m
#19 64.53 @plane/propel:build: [34mℹ[39m [2mdist/[22mcharts/scatter-chart/index.d.ts.map   [2m  0.32 kB[22m [2m│ gzip:   0.20 kB[22m
#19 64.53 @plane/propel:build: [34mℹ[39m [2mdist/[22mcharts/bar-chart/index.d.ts.map       [2m  0.32 kB[22m [2m│ gzip:   0.20 kB[22m
#19 64.53 @plane/propel:build: [34mℹ[39m [2mdist/[22mcharts/pie-chart/index.d.ts.map       [2m  0.32 kB[22m [2m│ gzip:   0.20 kB[22m
#19 64.53 @plane/propel:build: [34mℹ[39m [2mdist/[22mcharts/area-chart/index.d.ts.map      [2m  0.31 kB[22m [2m│ gzip:   0.20 kB[22m
#19 64.53 @plane/propel:build: [34mℹ[39m [2mdist/[22mcharts/line-chart/index.d.ts.map      [2m  0.31 kB[22m [2m│ gzip:   0.20 kB[22m
#19 64.53 @plane/propel:build: [34mℹ[39m [2mdist/[22mcalendar/index.d.ts.map               [2m  0.29 kB[22m [2m│ gzip:   0.21 kB[22m
#19 64.53 @plane/propel:build: [34mℹ[39m [2mdist/[22mcharts/radar-chart/index.d.ts.map     [2m  0.27 kB[22m [2m│ gzip:   0.18 kB[22m
#19 64.53 @plane/propel:build: [34mℹ[39m [2mdist/[22mcharts/tree-map/index.d.ts.map        [2m  0.16 kB[22m [2m│ gzip:   0.14 kB[22m
#19 64.53 @plane/propel:build: [34mℹ[39m [2mdist/[22mutils/index.d.ts.map                  [2m  0.14 kB[22m [2m│ gzip:   0.13 kB[22m
#19 64.53 @plane/propel:build: [34mℹ[39m [2mdist/[22mutils-MPqvUdqq.js                     [2m  0.00 kB[22m [2m│ gzip:   0.02 kB[22m
#19 64.53 @plane/propel:build: [34mℹ[39m [2mdist/[22m[32m[1mempty-state/index.d.ts[22m[39m                [2m 14.64 kB[22m [2m│ gzip:   2.17 kB[22m
#19 64.53 @plane/propel:build: [34mℹ[39m [2mdist/[22m[32m[1micons/index.d.ts[22m[39m                      [2m  6.31 kB[22m [2m│ gzip:   1.89 kB[22m
#19 64.53 @plane/propel:build: [34mℹ[39m [2mdist/[22m[32m[1memoji-icon-picker/index.d.ts[22m[39m          [2m  4.14 kB[22m [2m│ gzip:   1.41 kB[22m
#19 64.53 @plane/propel:build: [34mℹ[39m [2mdist/[22m[32m[1mportal/index.d.ts[22m[39m                     [2m  3.97 kB[22m [2m│ gzip:   1.42 kB[22m
#19 64.53 @plane/propel:build: [34mℹ[39m [2mdist/[22m[32m[1mcombobox/index.d.ts[22m[39m                   [2m  2.23 kB[22m [2m│ gzip:   0.74 kB[22m
#19 64.53 @plane/propel:build: [34mℹ[39m [2mdist/[22m[32m[1memoji-reaction/index.d.ts[22m[39m             [2m  2.20 kB[22m [2m│ gzip:   0.67 kB[22m
#19 64.53 @plane/propel:build: [34mℹ[39m [2mdist/[22m[32m[1mtabs/index.d.ts[22m[39m                       [2m  2.03 kB[22m [2m│ gzip:   0.45 kB[22m
#19 64.53 @plane/propel:build: [34mℹ[39m [2mdist/[22m[32m[1mtable/index.d.ts[22m[39m                      [2m  1.95 kB[22m [2m│ gzip:   0.37 kB[22m
#19 64.53 @plane/propel:build: [34mℹ[39m [2mdist/[22m[32m[1mcontext-menu/index.d.ts[22m[39m               [2m  1.95 kB[22m [2m│ gzip:   0.53 kB[22m
#19 64.53 @plane/propel:build: [34mℹ[39m [2mdist/[22m[32m[1mmenu/index.d.ts[22m[39m                       [2m  1.83 kB[22m [2m│ gzip:   0.74 kB[22m
#19 64.53 @plane/propel:build: [34mℹ[39m [2mdist/[22m[32m[1mtoolbar/index.d.ts[22m[39m                    [2m  1.80 kB[22m [2m│ gzip:   0.54 kB[22m
#19 64.53 @plane/propel:build: [34mℹ[39m [2mdist/[22m[32m[1mtoast/index.d.ts[22m[39m                      [2m  1.79 kB[22m [2m│ gzip:   0.62 kB[22m
#19 64.53 @plane/propel:build: [34mℹ[39m [2mdist/[22m[32m[1mbadge/index.d.ts[22m[39m                      [2m  1.61 kB[22m [2m│ gzip:   0.55 kB[22m
#19 64.53 @plane/propel:build: [34mℹ[39m [2mdist/[22m[32m[1maccordion/index.d.ts[22m[39m                  [2m  1.48 kB[22m [2m│ gzip:   0.45 kB[22m
#19 64.53 @plane/propel:build: [34mℹ[39m [2mdist/[22m[32m[1mdialog/index.d.ts[22m[39m                     [2m  1.38 kB[22m [2m│ gzip:   0.52 kB[22m
#19 64.53 @plane/propel:build: [34mℹ[39m [2mdist/[22m[32m[1mtab-navigation/index.d.ts[22m[39m             [2m  1.27 kB[22m [2m│ gzip:   0.47 kB[22m
#19 64.53 @plane/propel:build: [34mℹ[39m [2mdist/[22m[32m[1micon-button/index.d.ts[22m[39m                [2m  1.26 kB[22m [2m│ gzip:   0.55 kB[22m
#19 64.53 @plane/propel:build: [34mℹ[39m [2mdist/[22m[32m[1mbanner/index.d.ts[22m[39m                     [2m  1.22 kB[22m [2m│ gzip:   0.61 kB[22m
#19 64.53 @plane/propel:build: [34mℹ[39m [2mdist/[22m[32m[1mavatar/index.d.ts[22m[39m                     [2m  1.21 kB[22m [2m│ gzip:   0.53 kB[22m
#19 64.53 @plane/propel:build: [34mℹ[39m [2mdist/[22m[32m[1mcard/index.d.ts[22m[39m                       [2m  1.11 kB[22m [2m│ gzip:   0.56 kB[22m
#19 64.53 @plane/propel:build: [34mℹ[39m [2mdist/[22m[32m[1mpill/index.d.ts[22m[39m                       [2m  1.05 kB[22m [2m│ gzip:   0.52 kB[22m
#19 64.53 @plane/propel:build: [34mℹ[39m [2mdist/[22m[32m[1mbutton/index.d.ts[22m[39m                     [2m  1.05 kB[22m [2m│ gzip:   0.49 kB[22m
#19 64.53 @plane/propel:build: [34mℹ[39m [2mdist/[22m[32m[1mcollapsible/index.d.ts[22m[39m                [2m  0.96 kB[22m [2m│ gzip:   0.39 kB[22m
#19 64.53 @plane/propel:build: [34mℹ[39m [2mdist/[22m[32m[1mcommand/index.d.ts[22m[39m                    [2m  0.95 kB[22m [2m│ gzip:   0.31 kB[22m
#19 64.53 @plane/propel:build: [34mℹ[39m [2mdist/[22m[32m[1mscrollarea/index.d.ts[22m[39m                 [2m  0.90 kB[22m [2m│ gzip:   0.41 kB[22m
#19 64.53 @plane/propel:build: [34mℹ[39m [2mdist/[22m[32m[1mpopover/index.d.ts[22m[39m                    [2m  0.84 kB[22m [2m│ gzip:   0.44 kB[22m
#19 64.53 @plane/propel:build: [34mℹ[39m [2mdist/[22m[32m[1mspinners/index.d.ts[22m[39m                   [2m  0.75 kB[22m [2m│ gzip:   0.30 kB[22m
#19 64.53 @plane/propel:build: [34mℹ[39m [2mdist/[22m[32m[1mskeleton/index.d.ts[22m[39m                   [2m  0.75 kB[22m [2m│ gzip:   0.32 kB[22m
#19 64.53 @plane/propel:build: [34mℹ[39m [2mdist/[22m[32m[1mtooltip/index.d.ts[22m[39m                    [2m  0.68 kB[22m [2m│ gzip:   0.39 kB[22m
#19 64.53 @plane/propel:build: [34mℹ[39m [2mdist/[22m[32m[1manimated-counter/index.d.ts[22m[39m           [2m  0.56 kB[22m [2m│ gzip:   0.36 kB[22m
#19 64.53 @plane/propel:build: [34mℹ[39m [2mdist/[22m[32m[1mswitch/index.d.ts[22m[39m                     [2m  0.52 kB[22m [2m│ gzip:   0.31 kB[22m
#19 64.53 @plane/propel:build: [34mℹ[39m [2mdist/[22m[32m[1mutils/index.d.ts[22m[39m                      [2m  0.45 kB[22m [2m│ gzip:   0.28 kB[22m
#19 64.53 @plane/propel:build: [34mℹ[39m [2mdist/[22m[32m[1minput/index.d.ts[22m[39m                      [2m  0.45 kB[22m [2m│ gzip:   0.29 kB[22m
#19 64.53 @plane/propel:build: [34mℹ[39m [2mdist/[22m[32m[1mcalendar/index.d.ts[22m[39m                   [2m  0.42 kB[22m [2m│ gzip:   0.28 kB[22m
#19 64.53 @plane/propel:build: [34mℹ[39m [2mdist/[22m[32m[1mcharts/scatter-chart/index.d.ts[22m[39m       [2m  0.35 kB[22m [2m│ gzip:   0.24 kB[22m
#19 64.53 @plane/propel:build: [34mℹ[39m [2mdist/[22m[32m[1mcharts/area-chart/index.d.ts[22m[39m          [2m  0.33 kB[22m [2m│ gzip:   0.24 kB[22m
#19 64.53 @plane/propel:build: [34mℹ[39m [2mdist/[22m[32m[1mcharts/line-chart/index.d.ts[22m[39m          [2m  0.33 kB[22m [2m│ gzip:   0.24 kB[22m
#19 64.53 @plane/propel:build: [34mℹ[39m [2mdist/[22m[32m[1mcharts/bar-chart/index.d.ts[22m[39m           [2m  0.33 kB[22m [2m│ gzip:   0.24 kB[22m
#19 64.53 @plane/propel:build: [34mℹ[39m [2mdist/[22m[32m[1mcharts/pie-chart/index.d.ts[22m[39m           [2m  0.33 kB[22m [2m│ gzip:   0.23 kB[22m
#19 64.53 @plane/propel:build: [34mℹ[39m [2mdist/[22m[32m[1mcharts/radar-chart/index.d.ts[22m[39m         [2m  0.31 kB[22m [2m│ gzip:   0.23 kB[22m
#19 64.53 @plane/propel:build: [34mℹ[39m [2mdist/[22m[32m[1mcharts/tree-map/index.d.ts[22m[39m            [2m  0.27 kB[22m [2m│ gzip:   0.19 kB[22m
#19 64.53 @plane/propel:build: [34mℹ[39m [2mdist/[22m[32mindex-BUyOAoiw.d.ts[39m                   [2m 35.59 kB[22m [2m│ gzip:   5.29 kB[22m
#19 64.53 @plane/propel:build: [34mℹ[39m [2mdist/[22m[32mhelper-Cw7yZUTd.d.ts[39m                  [2m  1.03 kB[22m [2m│ gzip:   0.50 kB[22m
#19 64.53 @plane/propel:build: [34mℹ[39m [2mdist/[22m[32mplacement-qJjmdCXt.d.ts[39m               [2m  0.75 kB[22m [2m│ gzip:   0.40 kB[22m
#19 64.53 @plane/propel:build: [34mℹ[39m 187 files, total: 2971.60 kB
#19 64.96 @plane/propel:build: [32m✔[39m Build complete in [32m14621ms[39m
#19 65.08 @plane/ui:build: cache miss, executing 57c6edbc99db0a80
#19 66.47 @plane/ui:build: $ tsdown
#19 66.67 @plane/ui:build: [34mℹ[39m tsdown [2mv0.16.0[22m powered by rolldown [2mv1.0.0-beta.46[22m
#19 66.85 @plane/ui:build: [34mℹ[39m Using tsdown config: [4m/app/packages/ui/tsdown.config.ts[24m
#19 66.87 @plane/ui:build: [34mℹ[39m entry: [34msrc/index.ts[39m
#19 66.87 @plane/ui:build: [34mℹ[39m tsconfig: [34mtsconfig.json[39m
#19 66.87 @plane/ui:build: [34mℹ[39m Build start
#19 75.25 @plane/ui:build: [34mℹ[39m [2mdist/[22m[1mindex.js[22m        [2m111.57 kB[22m [2m│ gzip: 22.13 kB[22m
#19 75.25 @plane/ui:build: [34mℹ[39m [2mdist/[22mindex.js.map    [2m206.03 kB[22m [2m│ gzip: 43.89 kB[22m
#19 75.25 @plane/ui:build: [34mℹ[39m [2mdist/[22mindex.d.ts.map  [2m 17.64 kB[22m [2m│ gzip:  6.10 kB[22m
#19 75.25 @plane/ui:build: [34mℹ[39m [2mdist/[22m[32m[1mindex.d.ts[22m[39m      [2m 25.39 kB[22m [2m│ gzip:  5.51 kB[22m
#19 75.25 @plane/ui:build: [34mℹ[39m 4 files, total: 360.64 kB
#19 75.26 @plane/ui:build: [32m✔[39m Build complete in [32m8388ms[39m
#19 75.36 @plane/editor:build: cache miss, executing 32de383b176d9dfd
#19 76.56 @plane/editor:build: $ tsc && tsdown
#19 101.6 @plane/editor:build: [34mℹ[39m tsdown [2mv0.16.0[22m powered by rolldown [2mv1.0.0-beta.46[22m
#19 101.9 @plane/editor:build: [34mℹ[39m Using tsdown config: [4m/app/packages/editor/tsdown.config.ts[24m
#19 101.9 @plane/editor:build: [34mℹ[39m entry: [34msrc/index.ts, src/lib.ts[39m
#19 101.9 @plane/editor:build: [34mℹ[39m tsconfig: [34mtsconfig.json[39m
#19 101.9 @plane/editor:build: [34mℹ[39m Build start
#19 117.5 @plane/editor:build: [34mℹ[39m [2mdist/[22m[1mindex.js[22m                                       [2m203.73 kB[22m [2m│ gzip: 44.71 kB[22m
#19 117.5 @plane/editor:build: [34mℹ[39m [2mdist/[22m[1mlib.js[22m                                         [2m  2.66 kB[22m [2m│ gzip:  0.84 kB[22m
#19 117.5 @plane/editor:build: [34mℹ[39m [2mdist/[22mdocument-collaborative-events-NWWO-tl_.js.map  [2m446.63 kB[22m [2m│ gzip: 93.63 kB[22m
#19 117.5 @plane/editor:build: [34mℹ[39m [2mdist/[22mindex.js.map                                   [2m427.84 kB[22m [2m│ gzip: 94.00 kB[22m
#19 117.5 @plane/editor:build: [34mℹ[39m [2mdist/[22mdocument-collaborative-events-NWWO-tl_.js      [2m212.28 kB[22m [2m│ gzip: 45.98 kB[22m
#19 117.5 @plane/editor:build: [34mℹ[39m [2mdist/[22myjs-utils-X9TG3ouQ.d.ts.map                    [2m 13.68 kB[22m [2m│ gzip:  5.06 kB[22m
#19 117.5 @plane/editor:build: [34mℹ[39m [2mdist/[22mlib.js.map                                     [2m  4.80 kB[22m [2m│ gzip:  1.32 kB[22m
#19 117.5 @plane/editor:build: [34mℹ[39m [2mdist/[22mindex.d.ts.map                                 [2m  1.66 kB[22m [2m│ gzip:  0.74 kB[22m
#19 117.5 @plane/editor:build: [34mℹ[39m [2mdist/[22mlib.d.ts.map                                   [2m  0.16 kB[22m [2m│ gzip:  0.14 kB[22m
#19 117.5 @plane/editor:build: [34mℹ[39m [2mdist/[22m[32m[1mindex.d.ts[22m[39m                                     [2m  9.15 kB[22m [2m│ gzip:  2.62 kB[22m
#19 117.5 @plane/editor:build: [34mℹ[39m [2mdist/[22m[32m[1mlib.d.ts[22m[39m                                       [2m  2.43 kB[22m [2m│ gzip:  0.79 kB[22m
#19 117.5 @plane/editor:build: [34mℹ[39m [2mdist/[22m[32myjs-utils-X9TG3ouQ.d.ts[39m                        [2m 32.21 kB[22m [2m│ gzip:  7.99 kB[22m
#19 117.5 @plane/editor:build: [34mℹ[39m 12 files, total: 1357.22 kB
#19 117.7 @plane/editor:build: [32m✔[39m Build complete in [32m15838ms[39m
#19 118.1 space:build: cache miss, executing cd44af90223e262a
#19 119.8 space:build: $ react-router build
#19 129.6 space:build: [33mThe plugin "vite-tsconfig-paths" is detected. Vite now supports tsconfig paths resolution natively via the [1mresolve.tsconfigPaths[22m option. You can remove the plugin and set [1mresolve.tsconfigPaths: true[22m in your Vite config instead.[39m
#19 129.6 space:build: [33mThe plugin "vite-tsconfig-paths" is detected. Vite now supports tsconfig paths resolution natively via the [1mresolve.tsconfigPaths[22m option. You can remove the plugin and set [1mresolve.tsconfigPaths: true[22m in your Vite config instead.[39m
#19 130.0 space:build: (node:632) [MODULE_TYPELESS_PACKAGE_JSON] Warning: Module type of file:///app/packages/tailwind-config/postcss.config.js is not specified and it doesn't parse as CommonJS.
#19 130.0 space:build: Reparsing as ES module because module syntax was detected. This incurs a performance overhead.
#19 130.0 space:build: To eliminate this warning, add "type": "module" to /app/packages/tailwind-config/package.json.
#19 130.0 space:build: (Use `node --trace-warnings ...` to show where the warning was created)
#19 130.1 space:build: Using Vite Environment API
#19 130.1 space:build: [36mvite v8.0.16 [32mbuilding client environment for production...[36m[39m
#19 151.5 space:build: [2Kspace:build: transforming...✓ 6857 modules transformed.
#19 152.7 space:build: rendering chunks...
#19 154.8 space:build: computing gzip size...
#19 154.9 space:build: build/client/assets/google-logo-r0ky5Kfn.svg                                      0.74 kB │ gzip:   0.43 kB
#19 154.9 space:build: build/client/assets/gitlab-logo-BL2xQyij.svg                                      1.06 kB │ gzip:   0.47 kB
#19 154.9 space:build: build/client/assets/github-dark-DlyHSwTQ.svg                                      1.45 kB │ gzip:   0.68 kB
#19 154.9 space:build: build/client/assets/gitea-logo-BAYfzmEl.svg                                       2.13 kB │ gzip:   1.04 kB
#19 154.9 space:build: build/client/assets/user-logged-in-BukBPDLP.svg                                   2.32 kB │ gzip:   1.04 kB
#19 154.9 space:build: build/client/assets/something-went-wrong-CL3KAzG8.svg                             2.60 kB │ gzip:   1.23 kB
#19 154.9 space:build: build/client/assets/instance-failure-C1aRKNan.svg                                 4.10 kB │ gzip:   1.27 kB
#19 154.9 space:build: build/client/assets/instance-failure-dark-DE7I22mw.svg                            4.10 kB │ gzip:   1.27 kB
#19 154.9 space:build: build/client/assets/tenfold-logo-square-rebrand-loader-v4-BGe6lAJP.png            5.21 kB
#19 154.9 space:build: build/client/assets/404-DWCFZzXK.svg                                              5.42 kB │ gzip:   1.58 kB
#19 154.9 space:build: build/client/assets/ibm-plex-mono-vietnamese-400-normal-DDuiU_S-.woff             5.62 kB
#19 154.9 space:build: build/client/assets/ibm-plex-mono-cyrillic-ext-400-normal-DMdlQ8Kv.woff           5.82 kB
#19 154.9 space:build: build/client/assets/ibm-plex-mono-vietnamese-400-normal-BulugwFq.woff2            5.86 kB
#19 154.9 space:build: build/client/assets/background-pattern-dark-CmVIYUu1.svg                          6.18 kB │ gzip:   0.90 kB
#19 154.9 space:build: build/client/assets/background-pattern-DUvEFmph.svg                               6.22 kB │ gzip:   0.88 kB
#19 154.9 space:build: build/client/assets/ibm-plex-mono-cyrillic-ext-400-normal-xuaO2J-f.woff2          6.91 kB
#19 154.9 space:build: build/client/assets/ibm-plex-mono-cyrillic-400-normal-CEL4l2ZJ.woff               7.20 kB
#19 154.9 space:build: build/client/assets/ibm-plex-mono-cyrillic-400-normal-BSMlKf0J.woff2              8.35 kB
#19 154.9 space:build: build/client/assets/inter-vietnamese-wght-normal-CBcvBZtf.woff2                  10.25 kB
#19 154.9 space:build: build/client/assets/inter-greek-ext-wght-normal-DlzME5K_.woff2                   11.23 kB
#19 154.9 space:build: build/client/assets/ibm-plex-mono-latin-ext-400-normal-D3D2R8hC.woff             11.76 kB
#19 154.9 space:build: build/client/assets/ibm-plex-mono-latin-400-normal-CvHOgSBP.woff                 13.14 kB
#19 154.9 space:build: build/client/assets/ibm-plex-mono-latin-ext-400-normal-BmRBH3aV.woff2            13.34 kB
#19 154.9 space:build: build/client/assets/github-black-DmZ70PA_.png                                    14.03 kB
#19 154.9 space:build: build/client/assets/ibm-plex-mono-latin-400-normal-DMJ8VG8y.woff2                14.70 kB
#19 154.9 space:build: build/client/assets/inter-cyrillic-wght-normal-DqGufNeO.woff2                    18.74 kB
#19 154.9 space:build: build/client/assets/inter-greek-wght-normal-CkhJZR-_.woff2                       18.99 kB
#19 154.9 space:build: build/client/assets/inter-cyrillic-ext-wght-normal-BOeWTOD4.woff2                25.96 kB
#19 154.9 space:build: build/client/assets/inter-latin-wght-normal-Dx4kXJAl.woff2                       48.25 kB
#19 154.9 space:build: build/client/assets/inter-latin-ext-wght-normal-DO1Apj_S.woff2                   85.06 kB
#19 154.9 space:build: build/client/.vite/manifest.json                                                178.10 kB │ gzip:  14.25 kB
#19 154.9 space:build: build/client/assets/material-symbols-rounded-latin-400-normal-BVRwnNJJ.woff2    348.77 kB
#19 154.9 space:build: build/client/assets/material-symbols-rounded-latin-100-normal-StOoOijZ.woff2    363.56 kB
#19 154.9 space:build: build/client/assets/material-symbols-rounded-latin-300-normal-CGYRw1-j.woff2    388.05 kB
#19 154.9 space:build: build/client/assets/material-symbols-rounded-latin-200-normal-Dy_97ylg.woff2    389.09 kB
#19 154.9 space:build: build/client/assets/material-symbols-rounded-latin-400-normal-3TtrvaAx.woff     454.56 kB
#19 154.9 space:build: build/client/assets/material-symbols-rounded-latin-100-normal-CyR9BGN8.woff     485.69 kB
#19 154.9 space:build: build/client/assets/material-symbols-rounded-latin-300-normal-CexQLkYr.woff     506.70 kB
#19 154.9 space:build: build/client/assets/material-symbols-rounded-latin-200-normal-B9_93z2O.woff     507.90 kB
#19 154.9 space:build: build/client/assets/root-cFtSsau3.css                                             7.38 kB │ gzip:   1.56 kB
#19 154.9 space:build: build/client/assets/globals-CpnR1L98.css                                        257.72 kB │ gzip:  37.60 kB
#19 154.9 space:build: build/client/assets/something-went-wrong-CIH9Z423.js                              0.07 kB │ gzip:   0.09 kB
#19 154.9 space:build: build/client/assets/module-CBmDK-r8.js                                            0.15 kB │ gzip:   0.14 kB
#19 154.9 space:build: build/client/assets/module-CqkBiNVo.js                                            0.15 kB │ gzip:   0.12 kB
#19 154.9 space:build: build/client/assets/module-DHnxYUVF.js                                            0.15 kB │ gzip:   0.14 kB
#19 154.9 space:build: build/client/assets/module-CvIFK8hH.js                                            0.15 kB │ gzip:   0.13 kB
#19 154.9 space:build: build/client/assets/module-B-SuAtWZ.js                                            0.15 kB │ gzip:   0.13 kB
#19 154.9 space:build: build/client/assets/module-Cch3xccA.js                                            0.15 kB │ gzip:   0.13 kB
#19 154.9 space:build: build/client/assets/module-BB6BeQ68.js                                            0.15 kB │ gzip:   0.14 kB
#19 154.9 space:build: build/client/assets/module-CuXx-xao.js                                            0.15 kB │ gzip:   0.13 kB
#19 154.9 space:build: build/client/assets/module-BNvGDGhS.js                                            0.16 kB │ gzip:   0.14 kB
#19 154.9 space:build: build/client/assets/module-cHoMoKfV.js                                            0.16 kB │ gzip:   0.13 kB
#19 154.9 space:build: build/client/assets/module-B18kWWd5.js                                            0.16 kB │ gzip:   0.14 kB
#19 154.9 space:build: build/client/assets/module-Bcix-__k.js                                            0.16 kB │ gzip:   0.14 kB
#19 154.9 space:build: build/client/assets/module-DdInhj06.js                                            0.17 kB │ gzip:   0.14 kB
#19 154.9 space:build: build/client/assets/module-ZoQofTpt.js                                            0.17 kB │ gzip:   0.14 kB
#19 154.9 space:build: build/client/assets/module-CLBRp3xt.js                                            0.17 kB │ gzip:   0.15 kB
#19 154.9 space:build: build/client/assets/module-DwXKbgcy.js                                            0.17 kB │ gzip:   0.15 kB
#19 154.9 space:build: build/client/assets/module-CUaw4_9p.js                                            0.19 kB │ gzip:   0.16 kB
#19 154.9 space:build: build/client/assets/module-CSM4Xl7u.js                                            0.19 kB │ gzip:   0.15 kB
#19 154.9 space:build: build/client/assets/module-D3Tjczhe.js                                            0.20 kB │ gzip:   0.16 kB
#19 154.9 space:build: build/client/assets/module-CRES8QCi.js                                            0.21 kB │ gzip:   0.17 kB
#19 154.9 space:build: build/client/assets/page-main-Ds7xfAt8.js                                         0.31 kB │ gzip:   0.24 kB
#19 154.9 space:build: build/client/assets/logo-spinner-BDgEH-75.js                                      0.51 kB │ gzip:   0.34 kB
#19 154.9 space:build: build/client/assets/navigation-DsEcaPnM.js                                        0.57 kB │ gzip:   0.44 kB
#19 154.9 space:build: build/client/assets/string.helper-m0RWj4v7.js                                     0.57 kB │ gzip:   0.37 kB
#19 154.9 space:build: build/client/assets/page-client-loader-BezvYkCI.js                                0.57 kB │ gzip:   0.38 kB
#19 154.9 space:build: build/client/assets/navigation-ClIMaUBq.js                                        0.58 kB │ gzip:   0.36 kB
#19 154.9 space:build: build/client/assets/navigation-s6a8rjUD.js                                        0.58 kB │ gzip:   0.45 kB
#19 154.9 space:build: build/client/assets/navigation-DUAfbkEx.js                                        0.59 kB │ gzip:   0.35 kB
#19 154.9 space:build: build/client/assets/navigation-DT5O4Z06.js                                        0.60 kB │ gzip:   0.40 kB
#19 154.9 space:build: build/client/assets/navigation-DtYXdE2H.js                                        0.61 kB │ gzip:   0.38 kB
#19 154.9 space:build: build/client/assets/navigation-BZYqrf-W.js                                        0.62 kB │ gzip:   0.42 kB
#19 154.9 space:build: build/client/assets/navigation-Du-1i_qK.js                                        0.62 kB │ gzip:   0.43 kB
#19 154.9 space:build: build/client/assets/navigation-DWVC0oVz.js                                        0.62 kB │ gzip:   0.39 kB
#19 154.9 space:build: build/client/assets/navigation-C7YqBTdQ.js                                        0.63 kB │ gzip:   0.43 kB
#19 154.9 space:build: build/client/assets/navigation-DfwLdwcN.js                                        0.63 kB │ gzip:   0.43 kB
#19 154.9 space:build: build/client/assets/navigation-B8IM1-1L.js                                        0.64 kB │ gzip:   0.42 kB
#19 154.9 space:build: build/client/assets/navigation-D2aoAdRE.js                                        0.64 kB │ gzip:   0.39 kB
#19 154.9 space:build: build/client/assets/navigation-BSXINBHD.js                                        0.64 kB │ gzip:   0.47 kB
#19 154.9 space:build: build/client/assets/navigation-lWodteL8.js                                        0.64 kB │ gzip:   0.41 kB
#19 154.9 space:build: build/client/assets/navigation-q8E9nnQX.js                                        0.70 kB │ gzip:   0.49 kB
#19 154.9 space:build: build/client/assets/navigation-97ZehB03.js                                        0.74 kB │ gzip:   0.52 kB
#19 154.9 space:build: build/client/assets/navigation-Dx9tK-qf.js                                        0.79 kB │ gzip:   0.51 kB
#19 154.9 space:build: build/client/assets/navigation-CQ5CgCod.js                                        0.83 kB │ gzip:   0.52 kB
#19 155.0 space:build: build/client/assets/not-found-CF3DHjQ3.js                                         0.84 kB │ gzip:   0.45 kB
#19 155.0 space:build: build/client/assets/cycle-DeWIh6z9.js                                             0.94 kB │ gzip:   0.39 kB
#19 155.0 space:build: build/client/assets/cycle-B5PS1b5t.js                                             0.97 kB │ gzip:   0.33 kB
#19 155.0 space:build: build/client/assets/navigation-BOup1Hr4.js                                        0.98 kB │ gzip:   0.50 kB
#19 155.0 space:build: build/client/assets/cycle-dvriEX0g.js                                             0.99 kB │ gzip:   0.48 kB
#19 155.0 space:build: build/client/assets/cycle-DxkYXGor.js                                             1.01 kB │ gzip:   0.44 kB
#19 155.0 space:build: build/client/assets/cycle-D5t8Y-7W.js                                             1.02 kB │ gzip:   0.46 kB
#19 155.0 space:build: build/client/assets/cycle-CfQe845I.js                                             1.02 kB │ gzip:   0.46 kB
#19 155.0 space:build: build/client/assets/accessibility-D4EXqEnb.js                                     1.07 kB │ gzip:   0.43 kB
#19 155.0 space:build: build/client/assets/accessibility-BQcIZjYx.js                                     1.09 kB │ gzip:   0.47 kB
#19 155.0 space:build: build/client/assets/cycle-CyvzUTW7.js                                             1.10 kB │ gzip:   0.41 kB
#19 155.0 space:build: build/client/assets/accessibility-B8UHxxw1.js                                     1.10 kB │ gzip:   0.57 kB
#19 155.0 space:build: build/client/assets/accessibility-BLUhcc8y.js                                     1.11 kB │ gzip:   0.58 kB
#19 155.0 space:build: build/client/assets/cycle-DiwsS6oM.js                                             1.11 kB │ gzip:   0.39 kB
#19 155.0 space:build: build/client/assets/cycle-DF493Btw.js                                             1.12 kB │ gzip:   0.49 kB
#19 155.0 space:build: build/client/assets/update-C8w1XOVM.js                                            1.13 kB │ gzip:   0.48 kB
#19 155.0 space:build: build/client/assets/cycle-D7vs53Oo.js                                             1.13 kB │ gzip:   0.42 kB
#19 155.0 space:build: build/client/assets/update-CjAZ4z4G.js                                            1.13 kB │ gzip:   0.48 kB
#19 155.0 space:build: build/client/assets/cycle-DrVqS3NR.js                                             1.14 kB │ gzip:   0.37 kB
#19 155.0 space:build: build/client/assets/cycle-BLCWoNiO.js                                             1.15 kB │ gzip:   0.37 kB
#19 155.0 space:build: build/client/assets/cycle-B2ZyR9pF.js                                             1.16 kB │ gzip:   0.41 kB
#19 155.0 space:build: build/client/assets/accessibility-NhUQVmjG.js                                     1.17 kB │ gzip:   0.50 kB
#19 155.0 space:build: build/client/assets/cycle-LxEDU9lI.js                                             1.17 kB │ gzip:   0.46 kB
#19 155.0 space:build: build/client/assets/notification-B9m_tc1v.js                                      1.19 kB │ gzip:   0.59 kB
#19 155.0 space:build: build/client/assets/accessibility-DgBZYeJ0.js                                     1.19 kB │ gzip:   0.51 kB
#19 155.0 space:build: build/client/assets/notification-C7-pa3Tg.js                                      1.19 kB │ gzip:   0.49 kB
#19 155.0 space:build: build/client/assets/accessibility-ipHRSZbw.js                                     1.21 kB │ gzip:   0.54 kB
#19 155.0 space:build: build/client/assets/notification-B7BA7R9W.js                                      1.21 kB │ gzip:   0.59 kB
#19 155.0 space:build: build/client/assets/notification-jgmydpsu.js                                      1.22 kB │ gzip:   0.61 kB
#19 155.0 space:build: build/client/assets/accessibility-D-Mt4Scb.js                                     1.22 kB │ gzip:   0.59 kB
#19 155.0 space:build: build/client/assets/accessibility-CnzUlPkz.js                                     1.23 kB │ gzip:   0.59 kB
#19 155.0 space:build: build/client/assets/cycle-d_QSGM59.js                                             1.23 kB │ gzip:   0.43 kB
#19 155.0 space:build: build/client/assets/notification-CBArI57Q.js                                      1.23 kB │ gzip:   0.59 kB
#19 155.0 space:build: build/client/assets/accessibility-Cr2PD2yM.js                                     1.24 kB │ gzip:   0.52 kB
#19 155.0 space:build: build/client/assets/cycle-CMLNxEac.js                                             1.25 kB │ gzip:   0.48 kB
#19 155.0 space:build: build/client/assets/accessibility-BQmUWERD.js                                     1.25 kB │ gzip:   0.53 kB
#19 155.0 space:build: build/client/assets/accessibility-CzmFrBCk.js                                     1.26 kB │ gzip:   0.56 kB
#19 155.0 space:build: build/client/assets/notification-Dxoprgql.js                                      1.26 kB │ gzip:   0.57 kB
#19 155.0 space:build: build/client/assets/notification-CxnFVmWu.js                                      1.27 kB │ gzip:   0.63 kB
#19 155.0 space:build: build/client/assets/accessibility-CR_KmoJP.js                                     1.28 kB │ gzip:   0.54 kB
#19 155.0 space:build: build/client/assets/accessibility-CNFqTqc1.js                                     1.28 kB │ gzip:   0.56 kB
#19 155.0 space:build: build/client/assets/accessibility-DCWBpQfM.js                                     1.28 kB │ gzip:   0.57 kB
#19 155.0 space:build: build/client/assets/cycle-Br4_kFbg.js                                             1.30 kB │ gzip:   0.49 kB
#19 155.0 space:build: build/client/assets/update-Bs0CYcQG.js                                            1.31 kB │ gzip:   0.42 kB
#19 155.0 space:build: build/client/assets/update-CSsa5wh_.js                                            1.31 kB │ gzip:   0.42 kB
#19 155.0 space:build: build/client/assets/accessibility-DrP5yOuM.js                                     1.32 kB │ gzip:   0.55 kB
#19 155.0 space:build: build/client/assets/notification-Cf_dwYO-.js                                      1.32 kB │ gzip:   0.56 kB
#19 155.0 space:build: build/client/assets/update-iA32HFHc.js                                            1.34 kB │ gzip:   0.42 kB
#19 155.0 space:build: build/client/assets/notification-Cc0LF_0s.js                                      1.36 kB │ gzip:   0.59 kB
#19 155.0 space:build: build/client/assets/editor-C8d3c6f1.js                                            1.36 kB │ gzip:   0.88 kB
#19 155.0 space:build: build/client/assets/stickies-ClHcN2yG.js                                          1.36 kB │ gzip:   0.61 kB
#19 155.0 space:build: build/client/assets/notification-D-HP9dIZ.js                                      1.37 kB │ gzip:   0.60 kB
#19 155.0 space:build: build/client/assets/editor-Dz__fgJl.js                                            1.37 kB │ gzip:   0.88 kB
#19 155.0 space:build: build/client/assets/notification-DV3pkMeg.js                                      1.38 kB │ gzip:   0.58 kB
#19 155.0 space:build: build/client/assets/stickies-BOopgToa.js                                          1.40 kB │ gzip:   0.64 kB
#19 155.0 space:build: build/client/assets/notification-C2NymONr.js                                      1.40 kB │ gzip:   0.54 kB
#19 155.0 space:build: build/client/assets/stickies-BD412TOZ.js                                          1.40 kB │ gzip:   0.62 kB
#19 155.0 space:build: build/client/assets/editor-CjJvmzeg.js                                            1.41 kB │ gzip:   0.71 kB
#19 155.0 space:build: build/client/assets/editor-D55xgWbP.js                                            1.41 kB │ gzip:   0.71 kB
#19 155.0 space:build: build/client/assets/update-CnPj348P.js                                            1.42 kB │ gzip:   0.49 kB
#19 155.0 space:build: build/client/assets/notification-B_rPo2wZ.js                                      1.43 kB │ gzip:   0.58 kB
#19 155.0 space:build: build/client/assets/stickies-DLZST_b8.js                                          1.43 kB │ gzip:   0.75 kB
#19 155.0 space:build: build/client/assets/update-Dd9QvDnX.js                                            1.44 kB │ gzip:   0.49 kB
#19 155.0 space:build: build/client/assets/update-LhyR9QJh.js                                            1.44 kB │ gzip:   0.47 kB
#19 155.0 space:build: build/client/assets/update-BfrENPvc.js                                            1.44 kB │ gzip:   0.47 kB
#19 155.0 space:build: build/client/assets/update-C6IA3k25.js                                            1.45 kB │ gzip:   0.47 kB
#19 155.0 space:build: build/client/assets/stickies-EYuu1GDb.js                                          1.45 kB │ gzip:   0.74 kB
#19 155.0 space:build: build/client/assets/cycle-DR2rymXL.js                                             1.45 kB │ gzip:   0.59 kB
#19 155.0 space:build: build/client/assets/stickies-DHGGcv1S.js                                          1.45 kB │ gzip:   0.61 kB
#19 155.0 space:build: build/client/assets/notification-SbuGAHCn.js                                      1.46 kB │ gzip:   0.61 kB
#19 155.0 space:build: build/client/assets/update-DmPqVTRS.js                                            1.47 kB │ gzip:   0.49 kB
#19 155.0 space:build: build/client/assets/notification-BFc03mUq.js                                      1.48 kB │ gzip:   0.66 kB
#19 155.0 space:build: build/client/assets/accessibility-yEraC9NC.js                                     1.49 kB │ gzip:   0.64 kB
#19 155.0 space:build: build/client/assets/update-CCLJ_fJo.js                                            1.50 kB │ gzip:   0.48 kB
#19 155.0 space:build: build/client/assets/editor-CLwEiGz0.js                                            1.50 kB │ gzip:   0.78 kB
#19 155.0 space:build: build/client/assets/notification-6Oqa1k0M.js                                      1.52 kB │ gzip:   0.67 kB
#19 155.0 space:build: build/client/assets/editor-CeIv_70r.js                                            1.53 kB │ gzip:   0.80 kB
#19 155.0 space:build: build/client/assets/editor-Bh_GAXPM.js                                            1.53 kB │ gzip:   0.78 kB
#19 155.0 space:build: build/client/assets/editor-DJ2FH1dc.js                                            1.53 kB │ gzip:   0.87 kB
#19 155.0 space:build: build/client/assets/update-ChLrr9fs.js                                            1.54 kB │ gzip:   0.48 kB
#19 155.0 space:build: build/client/assets/editor-CsclI_l7.js                                            1.55 kB │ gzip:   0.84 kB
#19 155.0 space:build: build/client/assets/update-C3Jt3B0_.js                                            1.55 kB │ gzip:   0.51 kB
#19 155.0 space:build: build/client/assets/stickies-BAsQSArt.js                                          1.56 kB │ gzip:   0.63 kB
#19 155.0 space:build: build/client/assets/update-BUEafTml.js                                            1.56 kB │ gzip:   0.50 kB
#19 155.0 space:build: build/client/assets/editor-1TMSTfmz.js                                            1.56 kB │ gzip:   0.86 kB
#19 155.0 space:build: build/client/assets/editor-Dls9mXQz.js                                            1.57 kB │ gzip:   0.81 kB
#19 155.0 space:build: build/client/assets/editor-De5TxNi3.js                                            1.59 kB │ gzip:   0.87 kB
#19 155.0 space:build: build/client/assets/editor-CYBhW5_V.js                                            1.60 kB │ gzip:   0.87 kB
#19 155.0 space:build: build/client/assets/editor-B02bGHct.js                                            1.63 kB │ gzip:   0.86 kB
#19 155.0 space:build: build/client/assets/stickies-4F7kLiLw.js                                          1.63 kB │ gzip:   0.68 kB
#19 155.0 space:build: build/client/assets/notification-BgWacxht.js                                      1.64 kB │ gzip:   0.66 kB
#19 155.0 space:build: build/client/assets/cycle-BmdOrFeq.js                                             1.64 kB │ gzip:   0.59 kB
#19 155.0 space:build: build/client/assets/editor-CsyWhYw0.js                                            1.64 kB │ gzip:   0.85 kB
#19 155.0 space:build: build/client/assets/editor-K-zlyR8a.js                                            1.65 kB │ gzip:   0.96 kB
#19 155.0 space:build: build/client/assets/update-BptTTuGs.js                                            1.65 kB │ gzip:   0.55 kB
#19 155.0 space:build: build/client/assets/update-BIZQAU3t.js                                            1.66 kB │ gzip:   0.53 kB
#19 155.0 space:build: build/client/assets/update-B1F3qxUG.js                                            1.67 kB │ gzip:   0.54 kB
#19 155.0 space:build: build/client/assets/stickies-Cd_MpKOS.js                                          1.69 kB │ gzip:   0.71 kB
#19 155.0 space:build: build/client/assets/inbox-CyXjmfio.js                                             1.69 kB │ gzip:   0.68 kB
#19 155.0 space:build: build/client/assets/editor-xMRfWQKg.js                                            1.72 kB │ gzip:   0.95 kB
#19 155.0 space:build: build/client/assets/accessibility-BuaoyyHR.js                                     1.73 kB │ gzip:   0.67 kB
#19 155.0 space:build: build/client/assets/inbox-BGoYM5RD.js                                             1.73 kB │ gzip:   0.83 kB
#19 155.0 space:build: build/client/assets/stickies-DXkko7pj.js                                          1.75 kB │ gzip:   0.73 kB
#19 155.0 space:build: build/client/assets/accessibility-S0A2pM7w.js                                     1.75 kB │ gzip:   0.68 kB
#19 155.0 space:build: build/client/assets/stickies-xezFSRlG.js                                          1.76 kB │ gzip:   0.69 kB
#19 155.0 space:build: build/client/assets/notification-0D78fylh.js                                      1.77 kB │ gzip:   0.73 kB
#19 155.0 space:build: build/client/assets/inbox-BdSBIQGa.js                                             1.79 kB │ gzip:   0.84 kB
#19 155.0 space:build: build/client/assets/cycle-_hsDpoFZ.js                                             1.81 kB │ gzip:   0.56 kB
#19 155.0 space:build: build/client/assets/stickies-BWp1zEGf.js                                          1.81 kB │ gzip:   0.69 kB
#19 155.0 space:build: build/client/assets/stickies-zxCdHD6X.js                                          1.81 kB │ gzip:   0.66 kB
#19 155.0 space:build: build/client/assets/inbox-CzSbXCuf.js                                             1.83 kB │ gzip:   0.73 kB
#19 155.0 space:build: build/client/assets/stickies-_TRS2pEo.js                                          1.86 kB │ gzip:   0.72 kB
#19 155.0 space:build: build/client/assets/stickies-CXZ7apo0.js                                          1.87 kB │ gzip:   0.79 kB
#19 155.0 space:build: build/client/assets/editor-8uPv90T0.js                                            1.88 kB │ gzip:   1.01 kB
#19 155.0 space:build: build/client/assets/update-CbRXisSh.js                                            1.89 kB │ gzip:   0.57 kB
#19 155.0 space:build: build/client/assets/inbox-Cbnl-aS7.js                                             1.91 kB │ gzip:   0.80 kB
#19 155.0 space:build: build/client/assets/stickies-D2nrXJGB.js                                          1.92 kB │ gzip:   0.82 kB
#19 155.0 space:build: build/client/assets/stickies-Bg8J5S7L.js                                          1.94 kB │ gzip:   0.74 kB
#19 155.0 space:build: build/client/assets/inbox-ComAIQ3F.js                                             1.95 kB │ gzip:   0.82 kB
#19 155.0 space:build: build/client/assets/stickies-COKdzQ12.js                                          1.96 kB │ gzip:   0.80 kB
#19 155.0 space:build: build/client/assets/inbox-BKRXQltC.js                                             1.97 kB │ gzip:   0.86 kB
#19 155.0 space:build: build/client/assets/home-CbmHN0It.js                                              1.98 kB │ gzip:   1.16 kB
#19 155.0 space:build: build/client/assets/inbox-B34C7Je0.js                                             1.98 kB │ gzip:   0.79 kB
#19 155.0 space:build: build/client/assets/home-DznqmMiT.js                                              1.99 kB │ gzip:   0.94 kB
#19 155.0 space:build: build/client/assets/inbox-D4dXh12P.js                                             2.01 kB │ gzip:   0.77 kB
#19 155.0 space:build: build/client/assets/publish-DGI-1XX1.js                                           2.01 kB │ gzip:   0.87 kB
#19 155.0 space:build: build/client/assets/inbox-B7NrK4yx.js                                             2.02 kB │ gzip:   0.83 kB
#19 155.0 space:build: build/client/assets/inbox-1vO_HSZF.js                                             2.02 kB │ gzip:   0.84 kB
#19 155.0 space:build: build/client/assets/notification-B1iKTLvc.js                                      2.02 kB │ gzip:   0.77 kB
#19 155.0 space:build: build/client/assets/home-DrP0GoER.js                                              2.04 kB │ gzip:   1.18 kB
#19 155.0 space:build: build/client/assets/inbox-CXVoxsYS.js                                             2.05 kB │ gzip:   0.89 kB
#19 155.0 space:build: build/client/assets/home-C9Lgq3pX.js                                              2.10 kB │ gzip:   0.98 kB
#19 155.0 space:build: build/client/assets/inbox-B_YbFchw.js                                             2.12 kB │ gzip:   0.77 kB
#19 155.0 space:build: build/client/assets/inbox-CwZXCT-7.js                                             2.12 kB │ gzip:   0.79 kB
#19 155.0 space:build: build/client/assets/home-TJ8b8-e-.js                                              2.17 kB │ gzip:   1.03 kB
#19 155.0 space:build: build/client/assets/inbox-BWlEr0sU.js                                             2.19 kB │ gzip:   0.83 kB
#19 155.0 space:build: build/client/assets/home-Cv3rrnsh.js                                              2.19 kB │ gzip:   1.15 kB
#19 155.0 space:build: build/client/assets/editor-M5eH8WNJ.js                                            2.20 kB │ gzip:   1.07 kB
#19 155.0 space:build: build/client/assets/home-fJdaOPRY.js                                              2.21 kB │ gzip:   1.14 kB
#19 155.0 space:build: build/client/assets/home-CmlRYo28.js                                              2.21 kB │ gzip:   1.16 kB
#19 155.0 space:build: build/client/assets/inbox-Cz_NVkRG.js                                             2.21 kB │ gzip:   0.90 kB
#19 155.0 space:build: build/client/assets/home-BhjFvhuS.js                                              2.21 kB │ gzip:   1.05 kB
#19 155.0 space:build: build/client/assets/home-CD58KrrL.js                                              2.21 kB │ gzip:   1.06 kB
#19 155.0 space:build: build/client/assets/editor-sGPtM-Uv.js                                            2.22 kB │ gzip:   1.09 kB
#19 155.0 space:build: build/client/assets/home-Btoy6BFS.js                                              2.23 kB │ gzip:   1.15 kB
#19 155.0 space:build: build/client/assets/home-ByA440WL.js                                              2.26 kB │ gzip:   1.12 kB
#19 155.0 space:build: build/client/assets/update-iyaPkiRF.js                                            2.28 kB │ gzip:   0.65 kB
#19 155.0 space:build: build/client/assets/stickies-DD4JejTI.js                                          2.29 kB │ gzip:   0.86 kB
#19 155.0 space:build: build/client/assets/home-Dy8bBDEt.js                                              2.31 kB │ gzip:   1.10 kB
#19 155.0 space:build: build/client/assets/inbox-Cwge4mjU.js                                             2.35 kB │ gzip:   0.91 kB
#19 155.0 space:build: build/client/assets/page-BSBmCdaC.js                                              2.35 kB │ gzip:   1.12 kB
#19 155.0 space:build: build/client/assets/page-Iq87XgFL.js                                              2.37 kB │ gzip:   1.12 kB
#19 155.0 space:build: build/client/assets/home-19ejGelt.js                                              2.42 kB │ gzip:   1.13 kB
#19 155.0 space:build: build/client/assets/accessibility-BLs6FtkI.js                                     2.43 kB │ gzip:   0.68 kB
#19 155.0 space:build: build/client/assets/home-CWzZvCqh.js                                              2.45 kB │ gzip:   1.18 kB
#19 155.0 space:build: build/client/assets/workflow-Dh9iyg3x.js                                          2.51 kB │ gzip:   1.00 kB
#19 155.0 space:build: build/client/assets/page-B-qqsVU5.js                                              2.51 kB │ gzip:   0.96 kB
#19 155.0 space:build: build/client/assets/page-BzMZlBLz.js                                              2.54 kB │ gzip:   0.92 kB
#19 155.0 space:build: build/client/assets/page-C2Z-01cy.js                                              2.63 kB │ gzip:   1.02 kB
#19 155.0 space:build: build/client/assets/workflow-Dwi8rDk3.js                                          2.65 kB │ gzip:   1.04 kB
#19 155.0 space:build: build/client/assets/workflow-BatDgCt6.js                                          2.66 kB │ gzip:   0.89 kB
#19 155.0 space:build: build/client/assets/workflow-Ew7VFxDI.js                                          2.66 kB │ gzip:   0.89 kB
#19 155.0 space:build: build/client/assets/home-DiUaQetM.js                                              2.69 kB │ gzip:   1.26 kB
#19 155.0 space:build: build/client/assets/page-CVUaxNls.js                                              2.70 kB │ gzip:   1.05 kB
#19 155.0 space:build: build/client/assets/page-BJgS1H5Z.js                                              2.71 kB │ gzip:   1.08 kB
#19 155.0 space:build: build/client/assets/page-EbCyRKDJ.js                                              2.71 kB │ gzip:   1.09 kB
#19 155.0 space:build: build/client/assets/page-B1dFOgm5.js                                              2.72 kB │ gzip:   1.10 kB
#19 155.0 space:build: build/client/assets/page-Cyd7YAwP.js                                              2.74 kB │ gzip:   1.06 kB
#19 155.0 space:build: build/client/assets/notification-BwqraDHd.js                                      2.77 kB │ gzip:   0.71 kB
#19 155.0 space:build: build/client/assets/page-CoFQ8F40.js                                              2.77 kB │ gzip:   1.07 kB
#19 155.0 space:build: build/client/assets/page-DNnhT77q.js                                              2.78 kB │ gzip:   1.07 kB
#19 155.0 space:build: build/client/assets/home-CnQzXAVR.js                                              2.79 kB │ gzip:   1.33 kB
#19 155.0 space:build: build/client/assets/page-mXzuG_Al.js                                              2.82 kB │ gzip:   1.08 kB
#19 155.0 space:build: build/client/assets/page-CKScVs8i.js                                              2.83 kB │ gzip:   1.08 kB
#19 155.0 space:build: build/client/assets/inbox-XAeVgV7H.js                                             2.84 kB │ gzip:   1.00 kB
#19 155.0 space:build: build/client/assets/page-Dwt4QfuJ.js                                              2.93 kB │ gzip:   1.16 kB
#19 155.0 space:build: build/client/assets/inbox--pqPOLiJ.js                                             2.94 kB │ gzip:   1.02 kB
#19 155.0 space:build: build/client/assets/workflow-BUoU7ZzI.js                                          2.95 kB │ gzip:   0.94 kB
#19 155.0 space:build: build/client/assets/workflow-Nc8SC44r.js                                          2.98 kB │ gzip:   1.11 kB
#19 155.0 space:build: build/client/assets/page-DwSpmwtd.js                                              2.99 kB │ gzip:   1.18 kB
#19 155.0 space:build: build/client/assets/stickies-DqwqRMj9.js                                          3.00 kB │ gzip:   0.88 kB
#19 155.0 space:build: build/client/assets/workflow-DgOrxPAk.js                                          3.01 kB │ gzip:   1.12 kB
#19 155.0 space:build: build/client/assets/workflow-BDLDWeRA.js                                          3.04 kB │ gzip:   1.12 kB
#19 155.0 space:build: build/client/assets/workflow-5cWTcX7m.js                                          3.07 kB │ gzip:   0.99 kB
#19 155.0 space:build: build/client/assets/home-CzGisFD7.js                                              3.13 kB │ gzip:   1.36 kB
#19 155.0 space:build: build/client/assets/page-DtN48SQ2.js                                              3.16 kB │ gzip:   1.12 kB
#19 155.0 space:build: build/client/assets/workflow-T9Kc1C_5.js                                          3.17 kB │ gzip:   1.06 kB
#19 155.0 space:build: build/client/assets/workflow-DmuJhhx0.js                                          3.19 kB │ gzip:   1.03 kB
#19 155.0 space:build: build/client/assets/workflow-DTNuaXNE.js                                          3.20 kB │ gzip:   1.04 kB
#19 155.0 space:build: build/client/assets/workflow-BxPw5C6C.js                                          3.23 kB │ gzip:   1.08 kB
#19 155.0 space:build: build/client/assets/page-Dbf4dlpo.js                                              3.25 kB │ gzip:   1.22 kB
#19 155.0 space:build: build/client/assets/workflow-CmwGjn7f.js                                          3.25 kB │ gzip:   1.09 kB
#19 155.0 space:build: build/client/assets/home-CBNeUG-X.js                                              3.30 kB │ gzip:   1.43 kB
#19 155.0 space:build: build/client/assets/settings-1oTnovtB.js                                          3.30 kB │ gzip:   1.62 kB
#19 155.0 space:build: build/client/assets/workflow-DnHLfcbb.js                                          3.32 kB │ gzip:   1.09 kB
#19 155.0 space:build: build/client/assets/settings-CpN4wDSl.js                                          3.37 kB │ gzip:   1.35 kB
#19 155.0 space:build: build/client/assets/wiki-B62tfS1b.js                                              3.39 kB │ gzip:   1.63 kB
#19 155.0 space:build: build/client/assets/wiki-CUA5sqe5.js                                              3.39 kB │ gzip:   1.62 kB
#19 155.0 space:build: build/client/assets/workflow-0IV0hzcb.js                                          3.40 kB │ gzip:   1.11 kB
#19 155.0 space:build: build/client/assets/settings-3SdCSnK-.js                                          3.42 kB │ gzip:   1.62 kB
#19 155.0 space:build: build/client/assets/settings-C2kGG8X2.js                                          3.43 kB │ gzip:   1.54 kB
#19 155.0 space:build: build/client/assets/settings-HVDTV7pp.js                                          3.44 kB │ gzip:   1.53 kB
#19 155.0 space:build: build/client/assets/use-instance-BQeBdSy0.js                                      3.45 kB │ gzip:   1.55 kB
#19 155.0 space:build: build/client/assets/settings-D9dTfhuc.js                                          3.47 kB │ gzip:   1.54 kB
#19 155.0 space:build: build/client/assets/settings-D_4k_c4W.js                                          3.53 kB │ gzip:   1.43 kB
#19 155.0 space:build: build/client/assets/workflow-CIebLVFx.js                                          3.54 kB │ gzip:   1.13 kB
#19 155.0 space:build: build/client/assets/settings-DoR5xAWj.js                                          3.62 kB │ gzip:   1.47 kB
#19 155.0 space:build: build/client/assets/workflow-B37GdfAM.js                                          3.64 kB │ gzip:   1.10 kB
#19 155.0 space:build: build/client/assets/page-CWf2co6G.js                                              3.67 kB │ gzip:   1.28 kB
#19 155.0 space:build: build/client/assets/wiki-CzI7ECRU.js                                              3.67 kB │ gzip:   1.37 kB
#19 155.0 space:build: build/client/assets/wiki-DbR-_bo4.js                                              3.67 kB │ gzip:   1.37 kB
#19 155.0 space:build: build/client/assets/settings-BSQU3AbO.js                                          3.72 kB │ gzip:   1.59 kB
#19 155.0 space:build: build/client/assets/settings-B29muPrg.js                                          3.74 kB │ gzip:   1.52 kB
#19 155.0 space:build: build/client/assets/page-B8Xuys5w.js                                              3.78 kB │ gzip:   1.33 kB
#19 155.0 space:build: build/client/assets/wiki-_JxSmtAp.js                                              3.78 kB │ gzip:   1.43 kB
#19 155.0 space:build: build/client/assets/settings-DIt6VNfz.js                                          3.80 kB │ gzip:   1.55 kB
#19 155.0 space:build: build/client/assets/settings-acryoDrC.js                                          3.82 kB │ gzip:   1.59 kB
#19 155.0 space:build: build/client/assets/settings-D1fguWwl.js                                          3.83 kB │ gzip:   1.68 kB
#19 155.0 space:build: build/client/assets/wiki-C9Mu0g3G.js                                              3.88 kB │ gzip:   1.58 kB
#19 155.0 space:build: build/client/assets/home-CBNMPMHB.js                                              3.88 kB │ gzip:   1.31 kB
#19 155.0 space:build: build/client/assets/wiki-BkEmvvq-.js                                              3.92 kB │ gzip:   1.59 kB
#19 155.0 space:build: build/client/assets/inbox-B0omNI6L.js                                             3.92 kB │ gzip:   0.95 kB
#19 155.0 space:build: build/client/assets/wiki-f5tbGH3h.js                                              3.92 kB │ gzip:   1.53 kB
#19 155.0 space:build: build/client/assets/settings-lfbqN20j.js                                          4.01 kB │ gzip:   1.56 kB
#19 155.0 space:build: build/client/assets/wiki-Bu6Q1DFZ.js                                              4.02 kB │ gzip:   1.65 kB
#19 155.0 space:build: build/client/assets/settings-BFqQwKkC.js                                          4.04 kB │ gzip:   1.61 kB
#19 155.0 space:build: build/client/assets/wiki-JrQctgBN.js                                              4.07 kB │ gzip:   1.54 kB
#19 155.0 space:build: build/client/assets/wiki-balVREkt.js                                              4.11 kB │ gzip:   1.54 kB
#19 155.0 space:build: build/client/assets/wiki-BexTJmb1.js                                              4.11 kB │ gzip:   1.64 kB
#19 155.0 space:build: build/client/assets/wiki-B7aijnzf.js                                              4.17 kB │ gzip:   1.63 kB
#19 155.0 space:build: build/client/assets/settings-DCJ68NZ5.js                                          4.20 kB │ gzip:   1.71 kB
#19 155.0 space:build: build/client/assets/wiki-d_1LHuly.js                                              4.24 kB │ gzip:   1.65 kB
#19 155.0 space:build: build/client/assets/wiki-CQIqaPDw.js                                              4.31 kB │ gzip:   1.69 kB
#19 155.0 space:build: build/client/assets/wiki-Bu5QPjq8.js                                              4.35 kB │ gzip:   1.63 kB
#19 155.0 space:build: build/client/assets/workflow-D7vW2Wkx.js                                          4.37 kB │ gzip:   1.30 kB
#19 155.0 space:build: build/client/assets/settings-Lhhh3oHO.js                                          4.45 kB │ gzip:   1.80 kB
#19 155.0 space:build: build/client/assets/wiki-BxwEuEQ9.js                                              4.45 kB │ gzip:   1.72 kB
#19 155.0 space:build: build/client/assets/wiki-ydKFokyx.js                                              4.94 kB │ gzip:   1.74 kB
#19 155.0 space:build: build/client/assets/settings-DAeOb0ek.js                                          4.99 kB │ gzip:   1.85 kB
#19 155.0 space:build: build/client/assets/workflow-isp9AKQy.js                                          5.10 kB │ gzip:   1.35 kB
#19 155.0 space:build: build/client/assets/settings-CaxbHeg1.js                                          5.30 kB │ gzip:   1.90 kB
#19 155.0 space:build: build/client/assets/automation-Cqgil4Q3.js                                        5.57 kB │ gzip:   2.28 kB
#19 155.0 space:build: build/client/assets/automation-CnoWamTe.js                                        5.59 kB │ gzip:   2.28 kB
#19 155.0 space:build: build/client/assets/automation-8SQZg96F.js                                        5.74 kB │ gzip:   1.99 kB
#19 155.0 space:build: build/client/assets/automation-DIoarNQ4.js                                        5.74 kB │ gzip:   1.99 kB
#19 155.0 space:build: build/client/assets/power-k-Cjghq2Mj.js                                           5.78 kB │ gzip:   1.95 kB
#19 155.0 space:build: build/client/assets/tour-C-JopYpk.js                                              5.81 kB │ gzip:   2.61 kB
#19 155.0 space:build: build/client/assets/wiki-Ds9YjdsV.js                                              5.81 kB │ gzip:   1.90 kB
#19 155.0 space:build: build/client/assets/tour-BlaRjN6g.js                                              5.84 kB │ gzip:   2.61 kB
#19 155.0 space:build: build/client/assets/power-k-VDliYLql.js                                           5.89 kB │ gzip:   1.95 kB
#19 155.0 space:build: build/client/assets/wiki--l6C5tTa.js                                              5.98 kB │ gzip:   1.94 kB
#19 155.0 space:build: build/client/assets/automation-BrVZtCjy.js                                        5.99 kB │ gzip:   2.11 kB
#19 155.0 space:build: build/client/assets/power-k-DdBbNJxd.js                                           6.02 kB │ gzip:   1.61 kB
#19 155.0 space:build: build/client/assets/power-k-hw266zFl.js                                           6.02 kB │ gzip:   1.61 kB
#19 155.0 space:build: build/client/assets/power-k-CrawIpZi.js                                           6.06 kB │ gzip:   1.76 kB
#19 155.0 space:build: build/client/assets/tour-Cv7qvrCB.js                                              6.06 kB │ gzip:   2.34 kB
#19 155.0 space:build: build/client/assets/tour-DLb1MQFK.js                                              6.06 kB │ gzip:   2.34 kB
#19 155.0 space:build: build/client/assets/automation-qs2RE9GK.js                                        6.25 kB │ gzip:   2.28 kB
#19 155.0 space:build: build/client/assets/automation-Su53vjGS.js                                        6.29 kB │ gzip:   2.22 kB
#19 155.0 space:build: build/client/assets/automation-Cr8leGUZ.js                                        6.29 kB │ gzip:   2.39 kB
#19 155.0 space:build: build/client/assets/automation-BML3iZCR.js                                        6.31 kB │ gzip:   2.19 kB
#19 155.0 space:build: build/client/assets/automation-B7jGNQ9x.js                                        6.40 kB │ gzip:   2.40 kB
#19 155.0 space:build: build/client/assets/automation-CgmvKGKW.js                                        6.44 kB │ gzip:   2.35 kB
#19 155.0 space:build: build/client/assets/power-k-Dykc40lg.js                                           6.45 kB │ gzip:   1.93 kB
#19 155.0 space:build: build/client/assets/automation-ykXvm54U.js                                        6.46 kB │ gzip:   2.36 kB
#19 155.0 space:build: build/client/assets/automation-B-LP4a9N.js                                        6.54 kB │ gzip:   2.30 kB
#19 155.0 space:build: build/client/assets/automation-BiStXLVF.js                                        6.57 kB │ gzip:   2.24 kB
#19 155.0 space:build: build/client/assets/settings-DbTB1dwk.js                                          6.64 kB │ gzip:   1.80 kB
#19 155.0 space:build: build/client/assets/power-k-DnYW3Tvi.js                                           6.66 kB │ gzip:   1.88 kB
#19 155.0 space:build: build/client/assets/automation-UyenNHx7.js                                        6.73 kB │ gzip:   2.32 kB
#19 155.0 space:build: build/client/assets/power-k-pp0PtjOL.js                                           6.78 kB │ gzip:   1.99 kB
#19 155.0 space:build: build/client/assets/automation-CfRuw0UX.js                                        6.85 kB │ gzip:   2.34 kB
#19 155.0 space:build: build/client/assets/tour-BZSJMeR8.js                                              6.85 kB │ gzip:   2.40 kB
#19 155.0 space:build: build/client/assets/power-k-DFc1k4YO.js                                           6.89 kB │ gzip:   1.86 kB
#19 155.0 space:build: build/client/assets/power-k-CaUEryV9.js                                           6.93 kB │ gzip:   1.94 kB
#19 155.0 space:build: build/client/assets/automation-Cu-Uyt41.js                                        6.95 kB │ gzip:   2.47 kB
#19 155.0 space:build: build/client/assets/power-k-DS3gcd6C.js                                           6.95 kB │ gzip:   1.90 kB
#19 155.0 space:build: build/client/assets/power-k-CsyjsYIJ.js                                           6.96 kB │ gzip:   2.01 kB
#19 155.0 space:build: build/client/assets/power-k-DFl-x_w8.js                                           6.98 kB │ gzip:   2.06 kB
#19 155.0 space:build: build/client/assets/tour-DQlLS0HT.js                                              6.98 kB │ gzip:   2.84 kB
#19 155.0 space:build: build/client/assets/tour-zV_XMvta.js                                              7.02 kB │ gzip:   2.75 kB
#19 155.0 space:build: build/client/assets/power-k-CXNgMQZY.js                                           7.02 kB │ gzip:   2.02 kB
#19 155.0 space:build: build/client/assets/tour-CPGkLD2R.js                                              7.02 kB │ gzip:   2.61 kB
#19 155.0 space:build: build/client/assets/tour-C_kzjdpV.js                                              7.03 kB │ gzip:   2.73 kB
#19 155.0 space:build: build/client/assets/power-k-CAwnqx3F.js                                           7.08 kB │ gzip:   1.91 kB
#19 155.0 space:build: build/client/assets/tour-7V7TeXnO.js                                              7.09 kB │ gzip:   2.60 kB
#19 155.0 space:build: build/client/assets/automation-BY4vN16S.js                                        7.10 kB │ gzip:   2.41 kB
#19 155.0 space:build: build/client/assets/tour-CFWnrfEI.js                                              7.19 kB │ gzip:   2.64 kB
#19 155.0 space:build: build/client/assets/tour-By-e1_e6.js                                              7.25 kB │ gzip:   2.71 kB
#19 155.0 space:build: build/client/assets/power-k-BYPZkJ-X.js                                           7.41 kB │ gzip:   2.04 kB
#19 155.0 space:build: build/client/assets/power-k-DAVHncb2.js                                           7.42 kB │ gzip:   1.96 kB
#19 155.0 space:build: build/client/assets/template-ClnJHnQs.js                                          7.43 kB │ gzip:   2.65 kB
#19 155.0 space:build: build/client/assets/template-CBVN_bcb.js                                          7.43 kB │ gzip:   2.63 kB
#19 155.0 space:build: build/client/assets/tour-BXI_mTDb.js                                              7.44 kB │ gzip:   2.69 kB
#19 155.0 space:build: build/client/assets/tour-BuXpo7Y4.js                                              7.48 kB │ gzip:   2.72 kB
#19 155.0 space:build: build/client/assets/tour-B61hdTbL.js                                              7.60 kB │ gzip:   2.80 kB
#19 155.0 space:build: build/client/assets/tour-pjzQmE1F.js                                              7.61 kB │ gzip:   2.75 kB
#19 155.0 space:build: build/client/assets/power-k-Cld5dczR.js                                           7.77 kB │ gzip:   2.17 kB
#19 155.0 space:build: build/client/assets/template-bMFqSxsA.js                                          8.07 kB │ gzip:   2.36 kB
#19 155.0 space:build: build/client/assets/template-bjtmnR9A.js                                          8.07 kB │ gzip:   2.36 kB
#19 155.0 space:build: build/client/assets/tour-rtTtH9IQ.js                                              8.22 kB │ gzip:   2.79 kB
#19 155.0 space:build: build/client/assets/tour-CTQwFT0K.js                                              8.27 kB │ gzip:   2.91 kB
#19 155.0 space:build: build/client/assets/template-DB2CeHgD.js                                          8.46 kB │ gzip:   2.39 kB
#19 155.0 space:build: build/client/assets/template-B3q1v2mC.js                                          8.71 kB │ gzip:   2.76 kB
#19 155.0 space:build: build/client/assets/template-PH6OjQXR.js                                          8.74 kB │ gzip:   2.69 kB
#19 155.0 space:build: build/client/assets/automation-D5NE3cce.js                                        8.74 kB │ gzip:   2.67 kB
#19 155.0 space:build: build/client/assets/template-DL5Begcn.js                                          8.80 kB │ gzip:   2.83 kB
#19 155.0 space:build: build/client/assets/automation-C5hW8t_H.js                                        8.93 kB │ gzip:   2.71 kB
#19 155.0 space:build: build/client/assets/template-CSR3Xy3Z.js                                          8.94 kB │ gzip:   2.82 kB
#19 155.0 space:build: build/client/assets/template-DG9hcOdb.js                                          8.99 kB │ gzip:   2.80 kB
#19 155.0 space:build: build/client/assets/auth-Cc1MPTlF.js                                              9.01 kB │ gzip:   2.91 kB
#19 155.0 space:build: build/client/assets/template-URxNXPjP.js                                          9.09 kB │ gzip:   2.60 kB
#19 155.0 space:build: build/client/assets/work-item-CnWu3TRU.js                                         9.10 kB │ gzip:   3.28 kB
#19 155.0 space:build: build/client/assets/auth-CJFLF46-.js                                              9.22 kB │ gzip:   2.93 kB
#19 155.0 space:build: build/client/assets/auth-Djr-NUSJ.js                                              9.33 kB │ gzip:   2.58 kB
#19 155.0 space:build: build/client/assets/template-BFQSqx5H.js                                          9.34 kB │ gzip:   2.78 kB
#19 155.0 space:build: build/client/assets/template-C5ag49b1.js                                          9.39 kB │ gzip:   2.74 kB
#19 155.0 space:build: build/client/assets/empty-state-Bq3G7gyR.js                                       9.40 kB │ gzip:   3.56 kB
#19 155.0 space:build: build/client/assets/empty-state-DxPqV7qd.js                                       9.40 kB │ gzip:   3.53 kB
#19 155.0 space:build: build/client/assets/template-CseVeTmS.js                                          9.42 kB │ gzip:   2.71 kB
#19 155.0 space:build: build/client/assets/template-BJmBKP-P.js                                          9.48 kB │ gzip:   2.76 kB
#19 155.0 space:build: build/client/assets/work-item-DiNfWMa5.js                                         9.54 kB │ gzip:   3.38 kB
#19 155.0 space:build: build/client/assets/template-C_Kj7Apw.js                                          9.56 kB │ gzip:   2.78 kB
#19 155.0 space:build: build/client/assets/work-item-BcsNL1Fo.js                                         9.74 kB │ gzip:   2.97 kB
#19 155.0 space:build: build/client/assets/auth-C2Cxr9Zz.js                                              9.87 kB │ gzip:   2.69 kB
#19 155.0 space:build: build/client/assets/project-C0o497tv.js                                           9.94 kB │ gzip:   3.51 kB
#19 155.0 space:build: build/client/assets/empty-state-BNt6sbyW.js                                       9.94 kB │ gzip:   3.21 kB
#19 155.0 space:build: build/client/assets/project-CnRyzmlr.js                                           9.95 kB │ gzip:   3.55 kB
#19 155.0 space:build: build/client/assets/project-C4kd0cHF.js                                          10.02 kB │ gzip:   3.55 kB
#19 155.0 space:build: build/client/assets/power-k-CaWVjKt2.js                                          10.07 kB │ gzip:   2.39 kB
#19 155.0 space:build: build/client/assets/auth-C1-zi8fx.js                                             10.09 kB │ gzip:   2.80 kB
#19 155.0 space:build: build/client/assets/template-BvMilhBT.js                                         10.16 kB │ gzip:   2.88 kB
#19 155.0 space:build: build/client/assets/auth-CvAgSoOb.js                                             10.30 kB │ gzip:   3.07 kB
#19 155.0 space:build: build/client/assets/power-k-D8VR1XlU.js                                          10.32 kB │ gzip:   2.43 kB
#19 155.0 space:build: build/client/assets/auth-CgOTuNKv.js                                             10.38 kB │ gzip:   2.86 kB
#19 155.0 space:build: build/client/assets/work-item-C0FiMJsi.js                                        10.39 kB │ gzip:   3.07 kB
#19 155.0 space:build: build/client/assets/auth-D9KKDi2E.js                                             10.43 kB │ gzip:   3.09 kB
#19 155.0 space:build: build/client/assets/project-D4WQNT9M.js                                          10.55 kB │ gzip:   3.46 kB
#19 155.0 space:build: build/client/assets/auth-B6cByhO0.js                                             10.57 kB │ gzip:   3.11 kB
#19 155.0 space:build: build/client/assets/work-item-type-ZX4MXiXf.js                                   10.60 kB │ gzip:   3.69 kB
#19 155.0 space:build: build/client/assets/workspace-DHYBynUW.js                                        10.69 kB │ gzip:   4.36 kB
#19 155.0 space:build: build/client/assets/auth-C2pym3f3.js                                             10.78 kB │ gzip:   3.01 kB
#19 155.0 space:build: build/client/assets/work-item-CeDlM3C5.js                                        10.83 kB │ gzip:   3.32 kB
#19 155.0 space:build: build/client/assets/workspace-BXw5BU12.js                                        10.84 kB │ gzip:   4.41 kB
#19 155.0 space:build: build/client/assets/work-item-type-BIxIFyIv.js                                   10.89 kB │ gzip:   3.78 kB
#19 155.0 space:build: build/client/assets/auth-CzM4are9.js                                             10.94 kB │ gzip:   3.02 kB
#19 155.0 space:build: build/client/assets/tour-Np_cJqdr.js                                             10.96 kB │ gzip:   3.30 kB
#19 155.0 space:build: build/client/assets/auth-BbC7GZsQ.js                                             10.99 kB │ gzip:   2.96 kB
#19 155.0 space:build: build/client/assets/auth-BD92_Pj8.js                                             11.00 kB │ gzip:   2.90 kB
#19 155.0 space:build: build/client/assets/empty-state-aOlDk0BH.js                                      11.03 kB │ gzip:   3.29 kB
#19 155.0 space:build: build/client/assets/workspace-C0wgOcBZ.js                                        11.08 kB │ gzip:   3.86 kB
#19 155.0 space:build: build/client/assets/auth-CIl-H_9f.js                                             11.16 kB │ gzip:   3.10 kB
#19 155.0 space:build: build/client/assets/project-CnRajxhz.js                                          11.16 kB │ gzip:   4.17 kB
#19 155.0 space:build: build/client/assets/work-item-BIs4_-ll.js                                        11.19 kB │ gzip:   3.49 kB
#19 155.0 space:build: build/client/assets/work-item-type-Aof6SdAr.js                                   11.29 kB │ gzip:   3.26 kB
#19 155.0 space:build: build/client/assets/work-item-type-CTPufGj2.js                                   11.29 kB │ gzip:   3.26 kB
#19 155.0 space:build: build/client/assets/auth-CPRZs6tL.js                                             11.36 kB │ gzip:   3.04 kB
#19 155.0 space:build: build/client/assets/work-item-Rjf9yG_c.js                                        11.38 kB │ gzip:   3.40 kB
#19 155.0 space:build: build/client/assets/project-BAIWpDRH.js                                          11.44 kB │ gzip:   4.32 kB
#19 155.0 space:build: build/client/assets/template-DP8X_DA4.js                                         11.48 kB │ gzip:   2.98 kB
#19 155.0 space:build: build/client/assets/work-item-C3gqMnSF.js                                        11.51 kB │ gzip:   3.57 kB
#19 155.0 space:build: build/client/assets/tour-CsNY5xTT.js                                             11.55 kB │ gzip:   3.40 kB
#19 155.0 space:build: build/client/assets/project-BM1JIObL.js                                          11.55 kB │ gzip:   3.75 kB
#19 155.0 space:build: build/client/assets/work-item-e3nX2803.js                                        11.56 kB │ gzip:   3.32 kB
#19 155.0 space:build: build/client/assets/empty-state-CT_StX9m.js                                      11.62 kB │ gzip:   3.52 kB
#19 155.0 space:build: build/client/assets/work-item-DaYfRq2P.js                                        11.66 kB │ gzip:   3.37 kB
#19 155.0 space:build: build/client/assets/empty-state-B99-siie.js                                      11.68 kB │ gzip:   3.67 kB
#19 155.0 space:build: build/client/assets/work-item-D8pvbnwt.js                                        11.68 kB │ gzip:   3.30 kB
#19 155.0 space:build: build/client/assets/work-item-BB48tQEz.js                                        11.76 kB │ gzip:   3.52 kB
#19 155.0 space:build: build/client/assets/auth-D11eE3K-.js                                             11.79 kB │ gzip:   3.02 kB
#19 155.0 space:build: build/client/assets/empty-state-BjP8VPxP.js                                      11.79 kB │ gzip:   3.91 kB
#19 155.0 space:build: build/client/assets/workspace-QQffJ3pe.js                                        11.80 kB │ gzip:   4.32 kB
#19 155.0 space:build: build/client/assets/workspace-Bhmlh9a5.js                                        11.84 kB │ gzip:   4.39 kB
#19 155.0 space:build: build/client/assets/work-item-4Np-IS29.js                                        11.86 kB │ gzip:   3.46 kB
#19 155.0 space:build: build/client/assets/empty-state-C5ElAZuw.js                                      11.86 kB │ gzip:   3.64 kB
#19 155.0 space:build: build/client/assets/workspace-ClDSYYBb.js                                        11.87 kB │ gzip:   4.38 kB
#19 155.0 space:build: build/client/assets/empty-state-CMl7SJFD.js                                      11.94 kB │ gzip:   3.63 kB
#19 155.0 space:build: build/client/assets/workspace-BvK9LU9q.js                                        11.96 kB │ gzip:   3.96 kB
#19 155.0 space:build: build/client/assets/work-item-type-DlspNmuX.js                                   12.03 kB │ gzip:   3.42 kB
#19 155.0 space:build: build/client/assets/empty-state-AI4fcd76.js                                      12.08 kB │ gzip:   3.87 kB
#19 155.0 space:build: build/client/assets/work-item-MxyKucbm.js                                        12.12 kB │ gzip:   3.47 kB
#19 155.0 space:build: build/client/assets/empty-state-BLuYoJ6v.js                                      12.14 kB │ gzip:   3.94 kB
#19 155.0 space:build: build/client/assets/auth-pZhIDssA.js                                             12.28 kB │ gzip:   3.18 kB
#19 155.0 space:build: build/client/assets/empty-state-DNIE8bOl.js                                      12.33 kB │ gzip:   3.72 kB
#19 155.0 space:build: build/client/assets/root-gT7n5h9R.js                                             12.38 kB │ gzip:   4.24 kB
#19 155.0 space:build: build/client/assets/empty-state-CRUFpmQB.js                                      12.39 kB │ gzip:   3.87 kB
#19 155.0 space:build: build/client/assets/auth-C_uMRudM.js                                             12.49 kB │ gzip:   3.07 kB
#19 155.0 space:build: build/client/assets/empty-state-DfNJCK4e.js                                      12.49 kB │ gzip:   3.72 kB
#19 155.0 space:build: build/client/assets/workspace-DecbUjX7.js                                        12.51 kB │ gzip:   4.30 kB
#19 155.0 space:build: build/client/assets/work-item-CFUpCP44.js                                        12.53 kB │ gzip:   3.58 kB
#19 155.0 space:build: build/client/assets/workspace-DvtNpwt0.js                                        12.56 kB │ gzip:   4.40 kB
#19 155.0 space:build: build/client/assets/work-item-B48iYDTX.js                                        12.58 kB │ gzip:   3.48 kB
#19 155.0 space:build: build/client/assets/work-item-HHwVbXT9.js                                        12.71 kB │ gzip:   3.49 kB
#19 155.0 space:build: build/client/assets/workspace-BYV0Z2GE.js                                        12.72 kB │ gzip:   4.25 kB
#19 155.0 space:build: build/client/assets/project-CzlWPj4o.js                                          12.80 kB │ gzip:   3.90 kB
#19 155.0 space:build: build/client/assets/workspace-DSTnec_G.js                                        12.86 kB │ gzip:   4.33 kB
#19 155.0 space:build: build/client/assets/workspace-DCZd2l6f.js                                        12.86 kB │ gzip:   4.37 kB
#19 155.0 space:build: build/client/assets/workspace-CPB_be9k.js                                        12.97 kB │ gzip:   4.57 kB
#19 155.0 space:build: build/client/assets/empty-state-WFJ71lb_.js                                      13.03 kB │ gzip:   3.86 kB
#19 155.0 space:build: build/client/assets/project-BPzqf34c.js                                          13.03 kB │ gzip:   4.15 kB
#19 155.0 space:build: build/client/assets/workspace-D-sM0reN.js                                        13.09 kB │ gzip:   4.45 kB
#19 155.0 space:build: build/client/assets/project-CkyvoVmT.js                                          13.30 kB │ gzip:   4.41 kB
#19 155.0 space:build: build/client/assets/work-item-type-BMrX5Ijz.js                                   13.30 kB │ gzip:   3.85 kB
#19 155.0 space:build: build/client/assets/project-BfDUdmny.js                                          13.36 kB │ gzip:   4.15 kB
#19 155.0 space:build: build/client/assets/work-item-type-DVT3_5N_.js                                   13.58 kB │ gzip:   3.82 kB
#19 155.0 space:build: build/client/assets/project-Aozhl21f.js                                          13.58 kB │ gzip:   4.31 kB
#19 155.0 space:build: build/client/assets/work-item-type-DsfupjLf.js                                   13.61 kB │ gzip:   4.12 kB
#19 155.0 space:build: build/client/assets/workspace-BojPHmju.js                                        13.63 kB │ gzip:   4.52 kB
#19 155.0 space:build: build/client/assets/project-DhvJfikU.js                                          13.65 kB │ gzip:   4.38 kB
#19 155.0 space:build: build/client/assets/work-item-type-CVUqJQuC.js                                   13.72 kB │ gzip:   4.12 kB
#19 155.0 space:build: build/client/assets/work-item-type-St_Im-sM.js                                   13.80 kB │ gzip:   4.18 kB
#19 155.0 space:build: build/client/assets/work-item-type-CYalL6hu.js                                   13.81 kB │ gzip:   3.78 kB
#19 155.0 space:build: build/client/assets/project-2nRqqtWi.js                                          13.82 kB │ gzip:   4.35 kB
#19 155.0 space:build: build/client/assets/template-BnL_YN39.js                                         13.83 kB │ gzip:   3.36 kB
#19 155.0 space:build: build/client/assets/empty-state-D5QrzW2A.js                                      13.86 kB │ gzip:   3.88 kB
#19 155.0 space:build: build/client/assets/template--IvPQfFu.js                                         13.88 kB │ gzip:   3.40 kB
#19 155.0 space:build: build/client/assets/empty-state-_Fn1fnOd.js                                      13.97 kB │ gzip:   3.92 kB
#19 155.0 space:build: build/client/assets/project-yib9wCm4.js                                          14.00 kB │ gzip:   4.47 kB
#19 155.0 space:build: build/client/assets/work-item-type-CiNl8er5.js                                   14.05 kB │ gzip:   4.01 kB
#19 155.0 space:build: build/client/assets/work-item-type-DS69mSwJ.js                                   14.08 kB │ gzip:   3.87 kB
#19 155.0 space:build: build/client/assets/project-settings-D3YZRosU.js                                 14.09 kB │ gzip:   4.91 kB
#19 155.0 space:build: build/client/assets/work-item-type-DXQdNtwV.js                                   14.09 kB │ gzip:   4.01 kB
#19 155.0 space:build: build/client/assets/project-settings-DP_Pxggz.js                                 14.34 kB │ gzip:   4.99 kB
#19 155.0 space:build: build/client/assets/workspace-BrAf2UNS.js                                        14.51 kB │ gzip:   4.47 kB
#19 155.0 space:build: build/client/assets/project-ChMwp71D.js                                          14.54 kB │ gzip:   4.26 kB
#19 155.0 space:build: build/client/assets/work-item-type-DsKHlb22.js                                   14.54 kB │ gzip:   4.01 kB
#19 155.0 space:build: build/client/assets/work-item-type-CtaP6hJR.js                                   14.56 kB │ gzip:   4.08 kB
#19 155.0 space:build: build/client/assets/work-item-type-BolDFBZn.js                                   14.86 kB │ gzip:   3.95 kB
#19 155.0 space:build: build/client/assets/project-zgRPG_3c.js                                          15.02 kB │ gzip:   4.31 kB
#19 155.0 space:build: build/client/assets/auth-DYjrefTo.js                                             15.08 kB │ gzip:   3.62 kB
#19 155.0 space:build: build/client/assets/workspace-CyNSBSE4.js                                        15.20 kB │ gzip:   4.77 kB
#19 155.0 space:build: build/client/assets/auth-kKLdR1R0.js                                             15.25 kB │ gzip:   3.59 kB
#19 155.0 space:build: build/client/assets/project-settings-By3MFAUi.js                                 15.37 kB │ gzip:   4.49 kB
#19 155.0 space:build: build/client/assets/work-item-type-CTODUd1R.js                                   15.63 kB │ gzip:   4.14 kB
#19 155.0 space:build: build/client/assets/integration-DowBhzuY.js                                      15.75 kB │ gzip:   4.93 kB
#19 155.0 space:build: build/client/assets/user-avatar-DtrASYpZ.js                                      15.77 kB │ gzip:   6.03 kB
#19 155.0 space:build: build/client/assets/integration-Cp4OHnho.js                                      15.80 kB │ gzip:   4.97 kB
#19 155.0 space:build: build/client/assets/project-BePP7fe1.js                                          15.98 kB │ gzip:   4.62 kB
#19 155.0 space:build: build/client/assets/layout-DdE3QLXU.js                                           16.19 kB │ gzip:   5.32 kB
#19 155.0 space:build: build/client/assets/project-settings-5p9d_-li.js                                 16.22 kB │ gzip:   4.63 kB
#19 155.0 space:build: build/client/assets/work-item-Bjs_x5xm.js                                        16.73 kB │ gzip:   4.01 kB
#19 155.0 space:build: build/client/assets/integration-Dn0FksU7.js                                      16.76 kB │ gzip:   4.42 kB
#19 155.0 space:build: build/client/assets/integration-QxD-UH6q.js                                      16.76 kB │ gzip:   4.42 kB
#19 155.0 space:build: build/client/assets/work-item-CXTCZ__Z.js                                        16.79 kB │ gzip:   4.15 kB
#19 155.0 space:build: build/client/assets/project-settings-D6mA4kbQ.js                                 16.82 kB │ gzip:   5.23 kB
#19 155.0 space:build: build/client/assets/project-settings-VS536DnH.js                                 16.91 kB │ gzip:   5.26 kB
#19 155.0 space:build: build/client/assets/project-settings-C3ltfbH9.js                                 17.03 kB │ gzip:   5.04 kB
#19 155.0 space:build: build/client/assets/project-settings-DaI3_wLh.js                                 17.03 kB │ gzip:   5.26 kB
#19 155.0 space:build: build/client/assets/project-D9RotxtO.js                                          17.38 kB │ gzip:   4.66 kB
#19 155.0 space:build: build/client/assets/integration-DCzUQgDV.js                                      17.40 kB │ gzip:   4.70 kB
#19 155.0 space:build: build/client/assets/workspace-dveVzlXl.js                                        17.43 kB │ gzip:   5.05 kB
#19 155.0 space:build: build/client/assets/project-settings-DZxCLxbg.js                                 17.53 kB │ gzip:   4.99 kB
#19 155.0 space:build: build/client/assets/project-settings-BZG8i75v.js                                 17.71 kB │ gzip:   5.12 kB
#19 155.0 space:build: build/client/assets/project-settings-CXjyoaV1.js                                 17.75 kB │ gzip:   5.21 kB
#19 155.0 space:build: build/client/assets/project-settings-C9iSmFtq.js                                 17.80 kB │ gzip:   5.00 kB
#19 155.0 space:build: build/client/assets/workspace-settings-C_fXs_WA.js                               17.95 kB │ gzip:   6.37 kB
#19 155.0 space:build: build/client/assets/work-item-CGSjTIng.js                                        17.99 kB │ gzip:   3.85 kB
#19 155.0 space:build: build/client/assets/project-settings-DnxXekDD.js                                 18.20 kB │ gzip:   5.05 kB
#19 155.0 space:build: build/client/assets/integration-DMCPP2Oc.js                                      18.22 kB │ gzip:   5.16 kB
#19 155.0 space:build: build/client/assets/empty-state-DCdbr8HR.js                                      18.22 kB │ gzip:   4.55 kB
#19 155.0 space:build: build/client/assets/workspace-settings-CohLmsMh.js                               18.25 kB │ gzip:   6.44 kB
#19 155.0 space:build: build/client/assets/workspace-D3eKlO1U.js                                        18.25 kB │ gzip:   5.10 kB
#19 155.0 space:build: build/client/assets/integration-TS_Y5nCw.js                                      18.29 kB │ gzip:   4.99 kB
#19 155.0 space:build: build/client/assets/project-settings-F-dyIkNA.js                                 18.34 kB │ gzip:   5.13 kB
#19 155.0 space:build: build/client/assets/integration-CQo7pb3O.js                                      18.34 kB │ gzip:   5.10 kB
#19 155.0 space:build: build/client/assets/integration-DfwCp6rJ.js                                      18.54 kB │ gzip:   5.18 kB
#19 155.0 space:build: build/client/assets/integration-C7r-YskA.js                                      18.55 kB │ gzip:   5.16 kB
#19 155.0 space:build: build/client/assets/integration-CRSfy-ms.js                                      18.56 kB │ gzip:   5.10 kB
#19 155.0 space:build: build/client/assets/integration-uu99enR3.js                                      18.67 kB │ gzip:   5.00 kB
#19 155.0 space:build: build/client/assets/integration-DVqYDqcm.js                                      18.73 kB │ gzip:   5.26 kB
#19 155.0 space:build: build/client/assets/project-settings-D1Uzxkoh.js                                 18.78 kB │ gzip:   5.20 kB
#19 155.0 space:build: build/client/assets/empty-state-DONHOhK9.js                                      18.82 kB │ gzip:   4.63 kB
#19 155.0 space:build: build/client/assets/integration-BqgZXNXg.js                                      18.92 kB │ gzip:   5.12 kB
#19 155.0 space:build: build/client/assets/workspace-settings-BcoE1c4x.js                               19.03 kB │ gzip:   5.77 kB
#19 155.0 space:build: build/client/assets/integration-Dhs0csJv.js                                      19.10 kB │ gzip:   5.12 kB
#19 155.0 space:build: build/client/assets/integration-CsBaywPD.js                                      19.19 kB │ gzip:   5.21 kB
#19 155.0 space:build: build/client/assets/project-settings-DY7T431c.js                                 19.63 kB │ gzip:   5.12 kB
#19 155.0 space:build: build/client/assets/work-item-type-DfX5XewP.js                                   20.00 kB │ gzip:   4.69 kB
#19 155.0 space:build: build/client/assets/workspace-settings-EW6mpYJ0.js                               20.08 kB │ gzip:   5.99 kB
#19 155.0 space:build: build/client/assets/integration-D0QGuTeY.js                                      20.11 kB │ gzip:   5.08 kB
#19 155.0 space:build: build/client/assets/work-item-type-mRHoENmw.js                                   20.18 kB │ gzip:   4.68 kB
#19 155.0 space:build: build/client/assets/integration-CtXTFiaS.js                                      20.43 kB │ gzip:   5.37 kB
#19 155.0 space:build: build/client/assets/project-settings-BQ4x6UuQ.js                                 20.58 kB │ gzip:   5.33 kB
#19 155.0 space:build: build/client/assets/workspace-settings-D2UJmaKQ.js                               20.86 kB │ gzip:   6.68 kB
#19 155.0 space:build: build/client/assets/utils-DsKTM82P.js                                            20.87 kB │ gzip:   8.22 kB
#19 155.0 space:build: build/client/assets/workspace-settings-DZ_qqwPL.js                               20.96 kB │ gzip:   6.71 kB
#19 155.0 space:build: build/client/assets/workspace-settings-BcQaEoo6.js                               21.19 kB │ gzip:   6.79 kB
#19 155.0 space:build: build/client/assets/workspace-settings-CHqVv-rs.js                               21.32 kB │ gzip:   6.53 kB
#19 155.0 space:build: build/client/assets/workspace-settings-DzrxCRIa.js                               21.40 kB │ gzip:   6.52 kB
#19 155.0 space:build: build/client/assets/workspace-settings-BCX7e3tH.js                               21.48 kB │ gzip:   6.60 kB
#19 155.0 space:build: build/client/assets/project-settings-CuFt3oGw.js                                 21.85 kB │ gzip:   5.49 kB
#19 155.0 space:build: build/client/assets/workspace-Bi2R3mYw.js                                        21.87 kB │ gzip:   5.01 kB
#19 155.0 space:build: build/client/assets/workspace-settings-Hm3IWNlt.js                               21.96 kB │ gzip:   6.57 kB
#19 155.0 space:build: build/client/assets/workspace-settings-BnStH7kI.js                               22.31 kB │ gzip:   6.64 kB
#19 155.0 space:build: build/client/assets/workspace-settings-C-hk2zLQ.js                               22.49 kB │ gzip:   6.71 kB
#19 155.0 space:build: build/client/assets/workspace-settings-CnJcBM-s.js                               22.75 kB │ gzip:   6.83 kB
#19 155.0 space:build: build/client/assets/toast-CTCKYyt0.js                                            22.84 kB │ gzip:   8.04 kB
#19 155.0 space:build: build/client/assets/workspace-settings-48i0zbEU.js                               23.31 kB │ gzip:   6.89 kB
#19 155.0 space:build: build/client/assets/icons-wpPxkrDQ.js                                            23.59 kB │ gzip:   9.74 kB
#19 155.0 space:build: build/client/assets/workspace-settings-zb5KNnIj.js                               23.70 kB │ gzip:   6.59 kB
#19 155.0 space:build: build/client/assets/project-settings-D0jFxKKx.js                                 23.87 kB │ gzip:   5.94 kB
#19 155.0 space:build: build/client/assets/project-wydIATxO.js                                          24.82 kB │ gzip:   5.04 kB
#19 155.0 space:build: build/client/assets/integration-C7hHJHQL.js                                      25.30 kB │ gzip:   5.85 kB
#19 155.0 space:build: build/client/assets/workspace-settings-CmHhS92I.js                               25.31 kB │ gzip:   6.77 kB
#19 155.0 space:build: build/client/assets/workspace-settings-DR_U2Mj7.js                               25.55 kB │ gzip:   6.81 kB
#19 155.0 space:build: build/client/assets/integration-_rZMZw6W.js                                      25.86 kB │ gzip:   5.81 kB
#19 155.0 space:build: build/client/assets/project-settings-BWGv4dZ5.js                                 25.94 kB │ gzip:   6.16 kB
#19 155.0 space:build: build/client/assets/empty-state-BWUUn9zP.js                                      26.26 kB │ gzip:   4.37 kB
#19 155.0 space:build: build/client/assets/workspace-settings-naczeU6N.js                               30.21 kB │ gzip:   7.67 kB
#19 155.0 space:build: build/client/assets/page-CLHL-vb_.js                                             30.31 kB │ gzip:   8.28 kB
#19 155.0 space:build: build/client/assets/workspace-settings-DuQAZ4Y1.js                               30.62 kB │ gzip:   7.67 kB
#19 155.0 space:build: build/client/assets/common-DWaarlRK.js                                           37.31 kB │ gzip:  14.21 kB
#19 155.0 space:build: build/client/assets/common-BOAHUmO8.js                                           37.61 kB │ gzip:  14.25 kB
#19 155.0 space:build: build/client/assets/errorBoundaries--WnkX_Fd.js                                  37.61 kB │ gzip:  13.06 kB
#19 155.0 space:build: build/client/assets/common-C2yROvaR.js                                           38.17 kB │ gzip:  13.14 kB
#19 155.0 space:build: build/client/assets/common-B5VRy63N.js                                           39.69 kB │ gzip:  13.58 kB
#19 155.0 space:build: build/client/assets/common-Df-Ddg5r.js                                           40.56 kB │ gzip:  14.05 kB
#19 155.0 space:build: build/client/assets/common-J3RRldPP.js                                           40.89 kB │ gzip:  14.51 kB
#19 155.0 space:build: build/client/assets/common-DWGFA2ns.js                                           41.40 kB │ gzip:  14.60 kB
#19 155.0 space:build: build/client/assets/common-BVcL32Bq.js                                           41.52 kB │ gzip:  14.71 kB
#19 155.0 space:build: build/client/assets/common-DpqmDHzM.js                                           41.55 kB │ gzip:  14.11 kB
#19 155.0 space:build: build/client/assets/common-BlSnB0Qw.js                                           41.83 kB │ gzip:  14.14 kB
#19 155.0 space:build: build/client/assets/common-Domnhawl.js                                           41.83 kB │ gzip:  14.18 kB
#19 155.0 space:build: build/client/assets/common-D8GvZII3.js                                           41.96 kB │ gzip:  14.42 kB
#19 155.0 space:build: build/client/assets/common-DaSd3YU9.js                                           42.34 kB │ gzip:  14.34 kB
#19 155.0 space:build: build/client/assets/common-GQlILOfU.js                                           42.52 kB │ gzip:  14.49 kB
#19 155.0 space:build: build/client/assets/common-Dw2Ft66N.js                                           42.92 kB │ gzip:  14.47 kB
#19 155.0 space:build: build/client/assets/common-zZHPFWSL.js                                           44.64 kB │ gzip:  14.32 kB
#19 155.0 space:build: build/client/assets/common-CGbmlRXa.js                                           45.67 kB │ gzip:  14.98 kB
#19 155.0 space:build: build/client/assets/common-DhSOIYSE.js                                           53.82 kB │ gzip:  16.02 kB
#19 155.0 space:build: build/client/assets/common-DfL65yPq.js                                           54.09 kB │ gzip:  16.20 kB
#19 155.0 space:build: build/client/assets/components-Ckd1zakt.js                                       63.83 kB │ gzip:  20.64 kB
#19 155.0 space:build: build/client/assets/common-CI3orYVc.js                                           65.98 kB │ gzip:  15.79 kB
#19 155.0 space:build: build/client/assets/dist-4mH0cp8V.js                                            138.49 kB │ gzip:  41.71 kB
#19 155.0 space:build: build/client/assets/dist-BWsDQ7HO.js                                            140.36 kB │ gzip:  37.35 kB
#19 155.0 space:build: build/client/assets/entry.client-DLDOk5y2.js                                    182.53 kB │ gzip:  57.82 kB
#19 155.0 space:build: build/client/assets/query-param-generator-DHvqN6st.js                           384.26 kB │ gzip: 113.64 kB
#19 155.0 space:build: build/client/assets/dist-BwYYYlx3.js                                            508.88 kB │ gzip: 160.57 kB
#19 155.0 space:build: build/client/assets/page-B_1Na8X6.js                                          1,911.68 kB │ gzip: 525.65 kB
#19 155.0 space:build: 
#19 155.0 space:build: [33m[33m[PLUGIN_TIMINGS] [0mYour build spent significant time in plugins. Here is a breakdown:
#19 155.0 space:build:   - react-router:virtual-modules (35%)
#19 155.0 space:build:   - react-router:dot-server (35%)
#19 155.0 space:build:   - react-router:inject-hmr-runtime (16%)
#19 155.0 space:build:   - react-router:hmr-runtime (3%)
#19 155.0 space:build:   - vite-tsconfig-paths (3%)
#19 155.0 space:build: See https://rolldown.rs/options/checks#plugintimings for more details.
#19 155.0 space:build: [39m
#19 155.0 space:build: [33m[plugin builtin:vite-reporter] 
#19 155.0 space:build: (!) Some chunks are larger than 500 kB after minification. Consider:
#19 155.0 space:build: - Using dynamic import() to code-split the application
#19 155.0 space:build: - Use build.rolldownOptions.output.codeSplitting to improve chunking: https://rolldown.rs/reference/OutputOptions.codeSplitting
#19 155.0 space:build: - Adjust chunk size limit for this warning via build.chunkSizeWarningLimit.[39m
#19 155.0 space:build: [32m✓ built in 24.84s[39m
#19 155.0 space:build: [36mvite v8.0.16 [32mbuilding ssr environment for production...[36m[39m
#19 163.5 space:build: [2Kspace:build: transforming...✓ 2460 modules transformed.
#19 164.4 space:build: rendering chunks...
#19 166.0 space:build: 
#19 166.0 space:build: [32m✓[39m 40 assets cleaned from React Router server build.
#19 166.0 space:build: [2mbuild/client/assets/globals-CpnR1L98.css[22m
#19 166.0 space:build: [2mbuild/client/assets/tenfold-logo-square-rebrand-loader-v4-BGe6lAJP.png[22m
#19 166.0 space:build: [2mbuild/client/assets/background-pattern-dark-CmVIYUu1.svg[22m
#19 166.0 space:build: [2mbuild/client/assets/background-pattern-DUvEFmph.svg[22m
#19 166.0 space:build: [2mbuild/client/assets/instance-failure-dark-DE7I22mw.svg[22m
#19 166.0 space:build: [2mbuild/client/assets/instance-failure-C1aRKNan.svg[22m
#19 166.0 space:build: [2mbuild/client/assets/inter-latin-wght-normal-Dx4kXJAl.woff2[22m
#19 166.0 space:build: [2mbuild/client/assets/user-logged-in-BukBPDLP.svg[22m
#19 166.0 space:build: [2mbuild/client/assets/gitea-logo-BAYfzmEl.svg[22m
#19 166.0 space:build: [2mbuild/client/assets/github-black-DmZ70PA_.png[22m
#19 166.0 space:build: [2mbuild/client/assets/github-dark-DlyHSwTQ.svg[22m
#19 166.0 space:build: [2mbuild/client/assets/gitlab-logo-BL2xQyij.svg[22m
#19 166.0 space:build: [2mbuild/client/assets/google-logo-r0ky5Kfn.svg[22m
#19 166.0 space:build: [2mbuild/client/assets/something-went-wrong-CL3KAzG8.svg[22m
#19 166.0 space:build: [2mbuild/client/assets/404-DWCFZzXK.svg[22m
#19 166.0 space:build: [2mbuild/client/assets/inter-cyrillic-ext-wght-normal-BOeWTOD4.woff2[22m
#19 166.0 space:build: [2mbuild/client/assets/inter-cyrillic-wght-normal-DqGufNeO.woff2[22m
#19 166.0 space:build: [2mbuild/client/assets/inter-greek-ext-wght-normal-DlzME5K_.woff2[22m
#19 166.0 space:build: [2mbuild/client/assets/inter-greek-wght-normal-CkhJZR-_.woff2[22m
#19 166.0 space:build: [2mbuild/client/assets/inter-vietnamese-wght-normal-CBcvBZtf.woff2[22m
#19 166.0 space:build: [2mbuild/client/assets/inter-latin-ext-wght-normal-DO1Apj_S.woff2[22m
#19 166.0 space:build: [2mbuild/client/assets/material-symbols-rounded-latin-100-normal-StOoOijZ.woff2[22m
#19 166.0 space:build: [2mbuild/client/assets/material-symbols-rounded-latin-100-normal-CyR9BGN8.woff[22m
#19 166.0 space:build: [2mbuild/client/assets/material-symbols-rounded-latin-200-normal-Dy_97ylg.woff2[22m
#19 166.0 space:build: [2mbuild/client/assets/material-symbols-rounded-latin-200-normal-B9_93z2O.woff[22m
#19 166.0 space:build: [2mbuild/client/assets/material-symbols-rounded-latin-300-normal-CGYRw1-j.woff2[22m
#19 166.0 space:build: [2mbuild/client/assets/material-symbols-rounded-latin-300-normal-CexQLkYr.woff[22m
#19 166.0 space:build: [2mbuild/client/assets/material-symbols-rounded-latin-400-normal-BVRwnNJJ.woff2[22m
#19 166.0 space:build: [2mbuild/client/assets/material-symbols-rounded-latin-400-normal-3TtrvaAx.woff[22m
#19 166.0 space:build: [2mbuild/client/assets/ibm-plex-mono-cyrillic-ext-400-normal-xuaO2J-f.woff2[22m
#19 166.0 space:build: [2mbuild/client/assets/ibm-plex-mono-cyrillic-ext-400-normal-DMdlQ8Kv.woff[22m
#19 166.0 space:build: [2mbuild/client/assets/ibm-plex-mono-cyrillic-400-normal-BSMlKf0J.woff2[22m
#19 166.0 space:build: [2mbuild/client/assets/ibm-plex-mono-cyrillic-400-normal-CEL4l2ZJ.woff[22m
#19 166.0 space:build: [2mbuild/client/assets/ibm-plex-mono-vietnamese-400-normal-BulugwFq.woff2[22m
#19 166.0 space:build: [2mbuild/client/assets/ibm-plex-mono-vietnamese-400-normal-DDuiU_S-.woff[22m
#19 166.0 space:build: [2mbuild/client/assets/ibm-plex-mono-latin-ext-400-normal-BmRBH3aV.woff2[22m
#19 166.0 space:build: [2mbuild/client/assets/ibm-plex-mono-latin-ext-400-normal-D3D2R8hC.woff[22m
#19 166.0 space:build: [2mbuild/client/assets/ibm-plex-mono-latin-400-normal-DMJ8VG8y.woff2[22m
#19 166.0 space:build: [2mbuild/client/assets/ibm-plex-mono-latin-400-normal-CvHOgSBP.woff[22m
#19 166.0 space:build: [2mbuild/server/assets/server-build-cFtSsau3.css[22m
#19 166.0 space:build: 
#19 166.0 space:build: computing gzip size...
#19 166.1 space:build: build/server/assets/google-logo-r0ky5Kfn.svg                                      0.74 kB │ gzip:     0.43 kB
#19 166.1 space:build: build/server/assets/gitlab-logo-BL2xQyij.svg                                      1.06 kB │ gzip:     0.47 kB
#19 166.1 space:build: build/server/assets/github-dark-DlyHSwTQ.svg                                      1.45 kB │ gzip:     0.68 kB
#19 166.1 space:build: build/server/assets/gitea-logo-BAYfzmEl.svg                                       2.13 kB │ gzip:     1.04 kB
#19 166.1 space:build: build/server/assets/user-logged-in-BukBPDLP.svg                                   2.32 kB │ gzip:     1.04 kB
#19 166.1 space:build: build/server/assets/something-went-wrong-CL3KAzG8.svg                             2.60 kB │ gzip:     1.23 kB
#19 166.1 space:build: build/server/assets/instance-failure-C1aRKNan.svg                                 4.10 kB │ gzip:     1.27 kB
#19 166.1 space:build: build/server/assets/instance-failure-dark-DE7I22mw.svg                            4.10 kB │ gzip:     1.27 kB
#19 166.1 space:build: build/server/assets/tenfold-logo-square-rebrand-loader-v4-BGe6lAJP.png            5.21 kB
#19 166.1 space:build: build/server/assets/404-DWCFZzXK.svg                                              5.42 kB │ gzip:     1.58 kB
#19 166.1 space:build: build/server/assets/ibm-plex-mono-vietnamese-400-normal-DDuiU_S-.woff             5.62 kB
#19 166.1 space:build: build/server/assets/ibm-plex-mono-cyrillic-ext-400-normal-DMdlQ8Kv.woff           5.82 kB
#19 166.1 space:build: build/server/assets/ibm-plex-mono-vietnamese-400-normal-BulugwFq.woff2            5.86 kB
#19 166.1 space:build: build/server/assets/background-pattern-dark-CmVIYUu1.svg                          6.18 kB │ gzip:     0.90 kB
#19 166.1 space:build: build/server/assets/background-pattern-DUvEFmph.svg                               6.22 kB │ gzip:     0.88 kB
#19 166.1 space:build: build/server/assets/ibm-plex-mono-cyrillic-ext-400-normal-xuaO2J-f.woff2          6.91 kB
#19 166.1 space:build: build/server/assets/ibm-plex-mono-cyrillic-400-normal-CEL4l2ZJ.woff               7.20 kB
#19 166.1 space:build: build/server/assets/ibm-plex-mono-cyrillic-400-normal-BSMlKf0J.woff2              8.35 kB
#19 166.1 space:build: build/server/assets/inter-vietnamese-wght-normal-CBcvBZtf.woff2                  10.25 kB
#19 166.1 space:build: build/server/assets/inter-greek-ext-wght-normal-DlzME5K_.woff2                   11.23 kB
#19 166.1 space:build: build/server/assets/ibm-plex-mono-latin-ext-400-normal-D3D2R8hC.woff             11.76 kB
#19 166.1 space:build: build/server/assets/ibm-plex-mono-latin-400-normal-CvHOgSBP.woff                 13.14 kB
#19 166.1 space:build: build/server/assets/ibm-plex-mono-latin-ext-400-normal-BmRBH3aV.woff2            13.34 kB
#19 166.1 space:build: build/server/assets/github-black-DmZ70PA_.png                                    14.03 kB
#19 166.1 space:build: build/server/assets/ibm-plex-mono-latin-400-normal-DMJ8VG8y.woff2                14.70 kB
#19 166.1 space:build: build/server/assets/inter-cyrillic-wght-normal-DqGufNeO.woff2                    18.74 kB
#19 166.1 space:build: build/server/assets/inter-greek-wght-normal-CkhJZR-_.woff2                       18.99 kB
#19 166.1 space:build: build/server/assets/inter-cyrillic-ext-wght-normal-BOeWTOD4.woff2                25.96 kB
#19 166.1 space:build: build/server/assets/inter-latin-wght-normal-Dx4kXJAl.woff2                       48.25 kB
#19 166.1 space:build: build/server/assets/inter-latin-ext-wght-normal-DO1Apj_S.woff2                   85.06 kB
#19 166.1 space:build: build/server/.vite/manifest.json                                                171.57 kB │ gzip:    13.53 kB
#19 166.1 space:build: build/server/assets/material-symbols-rounded-latin-400-normal-BVRwnNJJ.woff2    348.77 kB
#19 166.1 space:build: build/server/assets/material-symbols-rounded-latin-100-normal-StOoOijZ.woff2    363.56 kB
#19 166.1 space:build: build/server/assets/material-symbols-rounded-latin-300-normal-CGYRw1-j.woff2    388.05 kB
#19 166.1 space:build: build/server/assets/material-symbols-rounded-latin-200-normal-Dy_97ylg.woff2    389.09 kB
#19 166.1 space:build: build/server/assets/material-symbols-rounded-latin-400-normal-3TtrvaAx.woff     454.56 kB
#19 166.1 space:build: build/server/assets/material-symbols-rounded-latin-100-normal-CyR9BGN8.woff     485.69 kB
#19 166.1 space:build: build/server/assets/material-symbols-rounded-latin-300-normal-CexQLkYr.woff     506.70 kB
#19 166.1 space:build: build/server/assets/material-symbols-rounded-latin-200-normal-B9_93z2O.woff     507.90 kB
#19 166.1 space:build: build/server/assets/server-build-cFtSsau3.css                                     7.38 kB │ gzip:     1.56 kB
#19 166.1 space:build: build/server/assets/globals-CpnR1L98.css                                        257.72 kB │ gzip:    37.60 kB
#19 166.1 space:build: build/server/assets/module-zTpJLQrU.js                                            0.27 kB │ gzip:     0.19 kB
#19 166.1 space:build: build/server/assets/module-BIgqrIXB.js                                            0.28 kB │ gzip:     0.21 kB
#19 166.1 space:build: build/server/assets/module-CrvJdRWb.js                                            0.28 kB │ gzip:     0.21 kB
#19 166.1 space:build: build/server/assets/module-D1VxeT_r.js                                            0.28 kB │ gzip:     0.19 kB
#19 166.1 space:build: build/server/assets/module-Dk04omY0.js                                            0.28 kB │ gzip:     0.20 kB
#19 166.1 space:build: build/server/assets/module-sMCpN_Qe.js                                            0.28 kB │ gzip:     0.21 kB
#19 166.1 space:build: build/server/assets/module-qpkdg-1R.js                                            0.28 kB │ gzip:     0.20 kB
#19 166.1 space:build: build/server/assets/module-DNh_m4hv.js                                            0.28 kB │ gzip:     0.20 kB
#19 166.1 space:build: build/server/assets/module-gD3pJkQh.js                                            0.28 kB │ gzip:     0.20 kB
#19 166.1 space:build: build/server/assets/module-p9OTOVFS.js                                            0.29 kB │ gzip:     0.20 kB
#19 166.1 space:build: build/server/assets/module-Bwztg0rt.js                                            0.29 kB │ gzip:     0.21 kB
#19 166.1 space:build: build/server/assets/module-61CJqzrP.js                                            0.29 kB │ gzip:     0.21 kB
#19 166.1 space:build: build/server/assets/module-DXx8ePBA.js                                            0.29 kB │ gzip:     0.21 kB
#19 166.1 space:build: build/server/assets/module-Dly8VRW9.js                                            0.29 kB │ gzip:     0.20 kB
#19 166.1 space:build: build/server/assets/module-CXodhs9J.js                                            0.29 kB │ gzip:     0.22 kB
#19 166.1 space:build: build/server/assets/module-CjxlkJp7.js                                            0.29 kB │ gzip:     0.21 kB
#19 166.1 space:build: build/server/assets/module-DMJ6ay1k.js                                            0.31 kB │ gzip:     0.23 kB
#19 166.1 space:build: build/server/assets/module-Bt-tSRFR.js                                            0.32 kB │ gzip:     0.22 kB
#19 166.1 space:build: build/server/assets/module-BC0uVdH0.js                                            0.33 kB │ gzip:     0.24 kB
#19 166.1 space:build: build/server/assets/module-ChdIJLZJ.js                                            0.33 kB │ gzip:     0.23 kB
#19 166.1 space:build: build/server/assets/navigation-B4gciI6P.js                                        0.84 kB │ gzip:     0.54 kB
#19 166.1 space:build: build/server/assets/navigation-BCG0-izG.js                                        0.85 kB │ gzip:     0.45 kB
#19 166.1 space:build: build/server/assets/navigation-Dsi0mNVO.js                                        0.85 kB │ gzip:     0.54 kB
#19 166.1 space:build: build/server/assets/navigation-azjolGlQ.js                                        0.86 kB │ gzip:     0.44 kB
#19 166.1 space:build: build/server/assets/navigation-PbcDrE1V.js                                        0.87 kB │ gzip:     0.48 kB
#19 166.1 space:build: build/server/assets/navigation-C0RKmGke.js                                        0.88 kB │ gzip:     0.47 kB
#19 166.1 space:build: build/server/assets/navigation-vQiXCtEa.js                                        0.89 kB │ gzip:     0.50 kB
#19 166.1 space:build: build/server/assets/navigation-AFl7CwkE.js                                        0.89 kB │ gzip:     0.51 kB
#19 166.1 space:build: build/server/assets/navigation-5xHrNlzH.js                                        0.89 kB │ gzip:     0.47 kB
#19 166.1 space:build: build/server/assets/navigation-iFLL6iAO.js                                        0.90 kB │ gzip:     0.51 kB
#19 166.1 space:build: build/server/assets/navigation-DSdA4ccI.js                                        0.90 kB │ gzip:     0.52 kB
#19 166.1 space:build: build/server/assets/navigation-D8WgjEqd.js                                        0.90 kB │ gzip:     0.50 kB
#19 166.1 space:build: build/server/assets/navigation-DoIxycBF.js                                        0.90 kB │ gzip:     0.47 kB
#19 166.1 space:build: build/server/assets/navigation-CKRTpHUG.js                                        0.91 kB │ gzip:     0.56 kB
#19 166.1 space:build: build/server/assets/navigation-D3P4r6ey.js                                        0.91 kB │ gzip:     0.49 kB
#19 166.1 space:build: build/server/assets/navigation-DAhAIoOx.js                                        0.97 kB │ gzip:     0.58 kB
#19 166.1 space:build: build/server/assets/navigation-BkGSMAa6.js                                        1.00 kB │ gzip:     0.61 kB
#19 166.1 space:build: build/server/assets/navigation-CTC4VAoy.js                                        1.06 kB │ gzip:     0.60 kB
#19 166.1 space:build: build/server/assets/navigation-f_ZKbRhi.js                                        1.09 kB │ gzip:     0.61 kB
#19 166.1 space:build: build/server/assets/cycle-B2IBAmUr.js                                             1.21 kB │ gzip:     0.48 kB
#19 166.1 space:build: build/server/assets/cycle-BzANpYvS.js                                             1.23 kB │ gzip:     0.40 kB
#19 166.1 space:build: build/server/assets/navigation-4tkNMKWA.js                                        1.25 kB │ gzip:     0.59 kB
#19 166.1 space:build: build/server/assets/cycle-2_Oij7ux.js                                             1.26 kB │ gzip:     0.58 kB
#19 166.1 space:build: build/server/assets/cycle-DC6x2gbI.js                                             1.27 kB │ gzip:     0.52 kB
#19 166.1 space:build: build/server/assets/cycle-CBNCLuOe.js                                             1.28 kB │ gzip:     0.54 kB
#19 166.1 space:build: build/server/assets/cycle-DTTnLkPb.js                                             1.28 kB │ gzip:     0.53 kB
#19 166.1 space:build: build/server/assets/cycle-CupA_8gH.js                                             1.36 kB │ gzip:     0.49 kB
#19 166.1 space:build: build/server/assets/cycle-BuUQh5ZX.js                                             1.37 kB │ gzip:     0.46 kB
#19 166.1 space:build: build/server/assets/accessibility-llE_ywKJ.js                                     1.38 kB │ gzip:     0.52 kB
#19 166.1 space:build: build/server/assets/cycle-7BCTKccf.js                                             1.39 kB │ gzip:     0.57 kB
#19 166.1 space:build: build/server/assets/cycle-CabKBR6G.js                                             1.39 kB │ gzip:     0.50 kB
#19 166.1 space:build: build/server/assets/accessibility-C9dZBFml.js                                     1.40 kB │ gzip:     0.56 kB
#19 166.1 space:build: build/server/assets/cycle-Dmxcbdnk.js                                             1.41 kB │ gzip:     0.44 kB
#19 166.1 space:build: build/server/assets/accessibility-2MtE0Zr0.js                                     1.41 kB │ gzip:     0.67 kB
#19 166.1 space:build: build/server/assets/accessibility-BQKwyIJx.js                                     1.42 kB │ gzip:     0.68 kB
#19 166.1 space:build: build/server/assets/cycle-BJIw9qNT.js                                             1.42 kB │ gzip:     0.45 kB
#19 166.1 space:build: build/server/assets/cycle-CTSG042q.js                                             1.43 kB │ gzip:     0.49 kB
#19 166.1 space:build: build/server/assets/cycle-BpVHj3FH.js                                             1.43 kB │ gzip:     0.54 kB
#19 166.1 space:build: build/server/assets/accessibility-BjNuHqi_.js                                     1.47 kB │ gzip:     0.59 kB
#19 166.1 space:build: build/server/assets/cycle-CYND05yb.js                                             1.50 kB │ gzip:     0.50 kB
#19 166.1 space:build: build/server/assets/accessibility-CnFkB7ds.js                                     1.50 kB │ gzip:     0.60 kB
#19 166.1 space:build: build/server/assets/cycle-zGD3cSGy.js                                             1.51 kB │ gzip:     0.56 kB
#19 166.1 space:build: build/server/assets/accessibility-DJQ49Hk7.js                                     1.51 kB │ gzip:     0.63 kB
#19 166.1 space:build: build/server/assets/accessibility-BKexjY5i.js                                     1.53 kB │ gzip:     0.68 kB
#19 166.1 space:build: build/server/assets/accessibility-BlOgEuY0.js                                     1.53 kB │ gzip:     0.69 kB
#19 166.1 space:build: build/server/assets/accessibility-Cw83ZDSg.js                                     1.54 kB │ gzip:     0.61 kB
#19 166.1 space:build: build/server/assets/accessibility-Bxftf1_W.js                                     1.56 kB │ gzip:     0.62 kB
#19 166.1 space:build: build/server/assets/cycle-BbSHsbZP.js                                             1.56 kB │ gzip:     0.57 kB
#19 166.1 space:build: build/server/assets/accessibility-D0LrsMm9.js                                     1.57 kB │ gzip:     0.66 kB
#19 166.1 space:build: build/server/assets/accessibility-DgY2jY61.js                                     1.58 kB │ gzip:     0.63 kB
#19 166.1 space:build: build/server/assets/accessibility-C5iP0odF.js                                     1.59 kB │ gzip:     0.65 kB
#19 166.1 space:build: build/server/assets/accessibility-C9Yy76Wx.js                                     1.59 kB │ gzip:     0.66 kB
#19 166.1 space:build: build/server/assets/notification-CxfsGjg0.js                                      1.60 kB │ gzip:     0.70 kB
#19 166.1 space:build: build/server/assets/update-Dl1-YZwx.js                                            1.60 kB │ gzip:     0.61 kB
#19 166.1 space:build: build/server/assets/notification-CUUjwQqV.js                                      1.60 kB │ gzip:     0.58 kB
#19 166.1 space:build: build/server/assets/update-CsbffVtU.js                                            1.60 kB │ gzip:     0.61 kB
#19 166.1 space:build: build/server/assets/notification-B_n9pSMn.js                                      1.61 kB │ gzip:     0.68 kB
#19 166.1 space:build: build/server/assets/notification-BS5xU6p5.js                                      1.63 kB │ gzip:     0.72 kB
#19 166.1 space:build: build/server/assets/accessibility-D9BRJkpC.js                                     1.63 kB │ gzip:     0.65 kB
#19 166.1 space:build: build/server/assets/notification-CtZXUYOa.js                                      1.64 kB │ gzip:     0.69 kB
#19 166.1 space:build: build/server/assets/notification-BAcNMAvT.js                                      1.67 kB │ gzip:     0.67 kB
#19 166.1 space:build: build/server/assets/notification-D7ym4KDs.js                                      1.68 kB │ gzip:     0.73 kB
#19 166.1 space:build: build/server/assets/cycle-BZRc5OqZ.js                                             1.72 kB │ gzip:     0.68 kB
#19 166.1 space:build: build/server/assets/notification-2DaTFl-y.js                                      1.73 kB │ gzip:     0.65 kB
#19 166.1 space:build: build/server/assets/notification-DBhMkyPc.js                                      1.77 kB │ gzip:     0.70 kB
#19 166.1 space:build: build/server/assets/stickies-CFprS1BY.js                                          1.77 kB │ gzip:     0.70 kB
#19 166.1 space:build: build/server/assets/update-Ce3vSgQm.js                                            1.78 kB │ gzip:     0.53 kB
#19 166.1 space:build: build/server/assets/notification-BvkoPTI5.js                                      1.78 kB │ gzip:     0.69 kB
#19 166.1 space:build: build/server/assets/update-BKv1rYY2.js                                            1.78 kB │ gzip:     0.53 kB
#19 166.1 space:build: build/server/assets/editor-DPaz5qMj.js                                            1.80 kB │ gzip:     1.01 kB
#19 166.1 space:build: build/server/assets/notification-B4sp_3kn.js                                      1.80 kB │ gzip:     0.69 kB
#19 166.1 space:build: build/server/assets/accessibility-Djkvyjg6.js                                     1.80 kB │ gzip:     0.74 kB
#19 166.1 space:build: build/server/assets/stickies-WTm51ade.js                                          1.81 kB │ gzip:     0.74 kB
#19 166.1 space:build: build/server/assets/editor-B3GInfxA.js                                            1.81 kB │ gzip:     1.01 kB
#19 166.1 space:build: build/server/assets/notification-CKSMdxW5.js                                      1.81 kB │ gzip:     0.64 kB
#19 166.1 space:build: build/server/assets/stickies-CrdE83Qm.js                                          1.81 kB │ gzip:     0.71 kB
#19 166.1 space:build: build/server/assets/update-nurqvLtV.js                                            1.82 kB │ gzip:     0.54 kB
#19 166.1 space:build: build/server/assets/notification-BWZi65U5.js                                      1.84 kB │ gzip:     0.68 kB
#19 166.1 space:build: build/server/assets/editor-BKNAQ0er.js                                            1.84 kB │ gzip:     0.82 kB
#19 166.1 space:build: build/server/assets/editor-Cz7bFciL.js                                            1.84 kB │ gzip:     0.83 kB
#19 166.1 space:build: build/server/assets/stickies-COHR5cE_.js                                          1.84 kB │ gzip:     0.86 kB
#19 166.1 space:build: build/server/assets/stickies-CZv2B9Z3.js                                          1.86 kB │ gzip:     0.70 kB
#19 166.1 space:build: build/server/assets/stickies-DW-T-NYy.js                                          1.86 kB │ gzip:     0.85 kB
#19 166.1 space:build: build/server/assets/notification-Cj-nhchM.js                                      1.87 kB │ gzip:     0.70 kB
#19 166.1 space:build: build/server/assets/notification-DLyXtFmS.js                                      1.89 kB │ gzip:     0.76 kB
#19 166.1 space:build: build/server/assets/update-K3U_6Zj4.js                                            1.89 kB │ gzip:     0.60 kB
#19 166.1 space:build: build/server/assets/cycle-D6QOxI-u.js                                             1.90 kB │ gzip:     0.68 kB
#19 166.1 space:build: build/server/assets/update-DtNjd3-u.js                                            1.91 kB │ gzip:     0.59 kB
#19 166.1 space:build: build/server/assets/update-B47bOaSt.js                                            1.91 kB │ gzip:     0.58 kB
#19 166.1 space:build: build/server/assets/update-ZEAd6hYB.js                                            1.91 kB │ gzip:     0.57 kB
#19 166.1 space:build: build/server/assets/update-B7FXRUdh.js                                            1.92 kB │ gzip:     0.58 kB
#19 166.1 space:build: build/server/assets/notification-Cd0hbPg5.js                                      1.93 kB │ gzip:     0.76 kB
#19 166.1 space:build: build/server/assets/editor-DLGzBePV.js                                            1.94 kB │ gzip:     0.89 kB
#19 166.1 space:build: build/server/assets/update-OoXtsJpE.js                                            1.95 kB │ gzip:     0.61 kB
#19 166.1 space:build: build/server/assets/stickies-Bq2uBgP1.js                                          1.97 kB │ gzip:     0.72 kB
#19 166.1 space:build: build/server/assets/editor-DCrMOPYf.js                                            1.97 kB │ gzip:     0.90 kB
#19 166.1 space:build: build/server/assets/editor-MZ-uWjAw.js                                            1.97 kB │ gzip:     0.92 kB
#19 166.1 space:build: build/server/assets/update-DRJnchO_.js                                            1.97 kB │ gzip:     0.60 kB
#19 166.1 space:build: build/server/assets/editor--H6jGdim.js                                            1.97 kB │ gzip:     0.98 kB
#19 166.1 space:build: build/server/assets/editor-C699j1Y0.js                                            1.98 kB │ gzip:     0.96 kB
#19 166.1 space:build: build/server/assets/editor-tpCrfjec.js                                            1.99 kB │ gzip:     0.98 kB
#19 166.1 space:build: build/server/assets/editor-BsyEezcg.js                                            2.00 kB │ gzip:     0.93 kB
#19 166.1 space:build: build/server/assets/update-BO1qxQnU.js                                            2.01 kB │ gzip:     0.59 kB
#19 166.1 space:build: build/server/assets/update-BnWsOhFs.js                                            2.02 kB │ gzip:     0.62 kB
#19 166.1 space:build: build/server/assets/editor-CJQa36Pq.js                                            2.03 kB │ gzip:     0.99 kB
#19 166.1 space:build: build/server/assets/update-CENSC_2A.js                                            2.03 kB │ gzip:     0.62 kB
#19 166.1 space:build: build/server/assets/accessibility-B7xzPcfm.js                                     2.03 kB │ gzip:     0.76 kB
#19 166.1 space:build: build/server/assets/editor-r063jnoO.js                                            2.04 kB │ gzip:     0.98 kB
#19 166.1 space:build: build/server/assets/stickies-CJf6qaru.js                                          2.04 kB │ gzip:     0.78 kB
#19 166.1 space:build: build/server/assets/notification-J-Zw0Xwy.js                                      2.05 kB │ gzip:     0.76 kB
#19 166.1 space:build: build/server/assets/accessibility-BAmVarKF.js                                     2.06 kB │ gzip:     0.78 kB
#19 166.1 space:build: build/server/assets/editor-BwEMUWGn.js                                            2.06 kB │ gzip:     0.97 kB
#19 166.1 space:build: build/server/assets/editor-DCRdiOxO.js                                            2.08 kB │ gzip:     0.96 kB
#19 166.1 space:build: build/server/assets/cycle-CxYCEsNv.js                                             2.08 kB │ gzip:     0.65 kB
#19 166.1 space:build: build/server/assets/editor-UZw09i_X.js                                            2.08 kB │ gzip:     1.09 kB
#19 166.1 space:build: build/server/assets/stickies-BJpmVjC_.js                                          2.10 kB │ gzip:     0.80 kB
#19 166.1 space:build: build/server/assets/update-CRkmymmx.js                                            2.12 kB │ gzip:     0.67 kB
#19 166.1 space:build: build/server/assets/update-BsN6Dws_.js                                            2.13 kB │ gzip:     0.66 kB
#19 166.1 space:build: build/server/assets/update-CInWVAwL.js                                            2.14 kB │ gzip:     0.66 kB
#19 166.1 space:build: build/server/assets/editor-qDYYQwPV.js                                            2.15 kB │ gzip:     1.07 kB
#19 166.1 space:build: build/server/assets/stickies-B4ay-L07.js                                          2.16 kB │ gzip:     0.83 kB
#19 166.1 space:build: build/server/assets/stickies-k1rNsMNs.js                                          2.17 kB │ gzip:     0.79 kB
#19 166.1 space:build: build/server/assets/notification-B2IiN70u.js                                      2.18 kB │ gzip:     0.83 kB
#19 166.1 space:build: build/server/assets/stickies-DmNuK_Cs.js                                          2.22 kB │ gzip:     0.79 kB
#19 166.1 space:build: build/server/assets/stickies-DxpjHn_I.js                                          2.22 kB │ gzip:     0.75 kB
#19 166.1 space:build: build/server/assets/inbox-CE_7GPju.js                                             2.24 kB │ gzip:     0.78 kB
#19 166.1 space:build: build/server/assets/stickies-DC_gA8kp.js                                          2.27 kB │ gzip:     0.82 kB
#19 166.1 space:build: build/server/assets/inbox-CUxy3rXE.js                                             2.27 kB │ gzip:     0.95 kB
#19 166.1 space:build: build/server/assets/stickies-rT2WF-u9.js                                          2.28 kB │ gzip:     0.89 kB
#19 166.1 space:build: build/server/assets/editor-BvROherI.js                                            2.32 kB │ gzip:     1.14 kB
#19 166.1 space:build: build/server/assets/inbox-D6o9XrBW.js                                             2.33 kB │ gzip:     0.96 kB
#19 166.1 space:build: build/server/assets/stickies-DOu0qYV1.js                                          2.33 kB │ gzip:     0.92 kB
#19 166.1 space:build: build/server/assets/stickies-CcO2ZgZj.js                                          2.35 kB │ gzip:     0.83 kB
#19 166.1 space:build: build/server/assets/update-D56Gx_eO.js                                            2.36 kB │ gzip:     0.69 kB
#19 166.1 space:build: build/server/assets/stickies-BlYD4T5D.js                                          2.37 kB │ gzip:     0.91 kB
#19 166.1 space:build: build/server/assets/inbox-Bdm6oFGD.js                                             2.37 kB │ gzip:     0.83 kB
#19 166.1 space:build: build/server/assets/notification-Dw_t25np.js                                      2.43 kB │ gzip:     0.87 kB
#19 166.1 space:build: build/server/assets/inbox-DFoMmxlO.js                                             2.45 kB │ gzip:     0.90 kB
#19 166.1 space:build: build/server/assets/home-B573ddEy.js                                              2.48 kB │ gzip:     1.29 kB
#19 166.1 space:build: build/server/assets/home-DSsN2_pK.js                                              2.48 kB │ gzip:     1.06 kB
#19 166.1 space:build: build/server/assets/inbox-YlPlCsWr.js                                             2.50 kB │ gzip:     0.93 kB
#19 166.1 space:build: build/server/assets/inbox-C6_X9RTS.js                                             2.51 kB │ gzip:     0.96 kB
#19 166.1 space:build: build/server/assets/inbox-DzFZlNEG.js                                             2.52 kB │ gzip:     0.89 kB
#19 166.1 space:build: build/server/assets/home-8IMws1Zi.js                                              2.53 kB │ gzip:     1.31 kB
#19 166.1 space:build: build/server/assets/inbox-BALMwboi.js                                             2.56 kB │ gzip:     0.88 kB
#19 166.1 space:build: build/server/assets/inbox-MXp8SPQm.js                                             2.56 kB │ gzip:     0.94 kB
#19 166.1 space:build: build/server/assets/inbox-DXE_5lB4.js                                             2.56 kB │ gzip:     0.94 kB
#19 166.1 space:build: build/server/assets/inbox-CXV2dTn2.js                                             2.59 kB │ gzip:     0.99 kB
#19 166.1 space:build: build/server/assets/home-ibh9YG2J.js                                              2.60 kB │ gzip:     1.09 kB
#19 166.1 space:build: build/server/assets/editor-Vz9wEJqr.js                                            2.64 kB │ gzip:     1.19 kB
#19 166.1 space:build: build/server/assets/editor-dPf5IWN4.js                                            2.66 kB │ gzip:     1.21 kB
#19 166.1 space:build: build/server/assets/inbox-xkSCuZcT.js                                             2.66 kB │ gzip:     0.87 kB
#19 166.1 space:build: build/server/assets/inbox-Cqi3mAkw.js                                             2.66 kB │ gzip:     0.90 kB
#19 166.1 space:build: build/server/assets/home-DT2YcPj2.js                                              2.67 kB │ gzip:     1.14 kB
#19 166.1 space:build: build/server/assets/home-CRuHDoIe.js                                              2.68 kB │ gzip:     1.26 kB
#19 166.1 space:build: build/server/assets/stickies-D2cCrg-9.js                                          2.70 kB │ gzip:     0.97 kB
#19 166.1 space:build: build/server/assets/home-fO-b0Yar.js                                              2.70 kB │ gzip:     1.26 kB
#19 166.1 space:build: build/server/assets/home-fXCn-LQg.js                                              2.70 kB │ gzip:     1.27 kB
#19 166.1 space:build: build/server/assets/home-_G7cHZiE.js                                              2.71 kB │ gzip:     1.17 kB
#19 166.1 space:build: build/server/assets/home-15-k4d53.js                                              2.71 kB │ gzip:     1.16 kB
#19 166.1 space:build: build/server/assets/home-DEzvCjKT.js                                              2.73 kB │ gzip:     1.27 kB
#19 166.1 space:build: build/server/assets/inbox-BUY1-n3Y.js                                             2.73 kB │ gzip:     0.94 kB
#19 166.1 space:build: build/server/assets/accessibility-D4QWKrtA.js                                     2.74 kB │ gzip:     0.78 kB
#19 166.1 space:build: build/server/assets/inbox-DyZsahcm.js                                             2.75 kB │ gzip:     1.01 kB
#19 166.1 space:build: build/server/assets/update-CFluHFfA.js                                            2.75 kB │ gzip:     0.77 kB
#19 166.1 space:build: build/server/assets/home-B7EvIa8v.js                                              2.75 kB │ gzip:     1.24 kB
#19 166.1 space:build: build/server/assets/home-CwEZBeq6.js                                              2.80 kB │ gzip:     1.22 kB
#19 166.1 space:build: build/server/assets/inbox-OFeeG7X-.js                                             2.89 kB │ gzip:     1.02 kB
#19 166.1 space:build: build/server/assets/home-C-9s_J8X.js                                              2.92 kB │ gzip:     1.25 kB
#19 166.1 space:build: build/server/assets/home-CDr_U9en.js                                              2.94 kB │ gzip:     1.29 kB
#19 166.1 space:build: build/server/assets/workflow-kUQVpFEI.js                                          3.13 kB │ gzip:     1.15 kB
#19 166.1 space:build: build/server/assets/page-DRW0_ccG.js                                              3.14 kB │ gzip:     1.27 kB
#19 166.1 space:build: build/server/assets/page-eLyZI6uK.js                                              3.16 kB │ gzip:     1.27 kB
#19 166.1 space:build: build/server/assets/notification-CmeVTqsP.js                                      3.18 kB │ gzip:     0.81 kB
#19 166.1 space:build: build/server/assets/home-Da9Oij1g.js                                              3.18 kB │ gzip:     1.38 kB
#19 166.1 space:build: build/server/assets/workflow-s3GKxAKN.js                                          3.28 kB │ gzip:     1.19 kB
#19 166.1 space:build: build/server/assets/home-DtFK-sjV.js                                              3.28 kB │ gzip:     1.45 kB
#19 166.1 space:build: build/server/assets/workflow-COV97CyY.js                                          3.28 kB │ gzip:     1.01 kB
#19 166.1 space:build: build/server/assets/workflow-i5K3JNZ4.js                                          3.29 kB │ gzip:     1.02 kB
#19 166.1 space:build: build/server/assets/page-CRZyluNp.js                                              3.30 kB │ gzip:     1.09 kB
#19 166.1 space:build: build/server/assets/page-CEQrwBEJ.js                                              3.33 kB │ gzip:     1.05 kB
#19 166.1 space:build: build/server/assets/inbox-CK48FtLS.js                                             3.38 kB │ gzip:     1.12 kB
#19 166.1 space:build: build/server/assets/page-DsMBZ6su.js                                              3.41 kB │ gzip:     1.16 kB
#19 166.1 space:build: build/server/assets/stickies-BHQ9uUw1.js                                          3.41 kB │ gzip:     0.97 kB
#19 166.1 space:build: build/server/assets/inbox-ogzBWf3I.js                                             3.49 kB │ gzip:     1.13 kB
#19 166.1 space:build: build/server/assets/page-FpkPVwNO.js                                              3.49 kB │ gzip:     1.19 kB
#19 166.1 space:build: build/server/assets/page-D_2yW7ad.js                                              3.49 kB │ gzip:     1.21 kB
#19 166.1 space:build: build/server/assets/page-BmAJXbD3.js                                              3.50 kB │ gzip:     1.23 kB
#19 166.1 space:build: build/server/assets/page-CG4FCibT.js                                              3.51 kB │ gzip:     1.24 kB
#19 166.1 space:build: build/server/assets/page-C0ciMenP.js                                              3.52 kB │ gzip:     1.19 kB
#19 166.1 space:build: build/server/assets/page-LDI2Mxx4.js                                              3.56 kB │ gzip:     1.20 kB
#19 166.1 space:build: build/server/assets/page-Cd0Wj-N3.js                                              3.57 kB │ gzip:     1.21 kB
#19 166.1 space:build: build/server/assets/workflow-s0-WeXbL.js                                          3.57 kB │ gzip:     1.07 kB
#19 166.1 space:build: build/server/assets/workflow-DKhBKiJA.js                                          3.60 kB │ gzip:     1.24 kB
#19 166.1 space:build: build/server/assets/page-BCP6ZJTS.js                                              3.61 kB │ gzip:     1.21 kB
#19 166.1 space:build: build/server/assets/page-BYxWhLoj.js                                              3.62 kB │ gzip:     1.21 kB
#19 166.1 space:build: build/server/assets/home-CAZJFgAs.js                                              3.62 kB │ gzip:     1.48 kB
#19 166.1 space:build: build/server/assets/workflow-HrL21ahp.js                                          3.64 kB │ gzip:     1.25 kB
#19 166.1 space:build: build/server/assets/workflow-BilhYWUn.js                                          3.66 kB │ gzip:     1.25 kB
#19 166.1 space:build: build/server/assets/workflow-D3towaRc.js                                          3.70 kB │ gzip:     1.12 kB
#19 166.1 space:build: build/server/assets/page-C9fIQDI1.js                                              3.72 kB │ gzip:     1.29 kB
#19 166.1 space:build: build/server/assets/page-ldz3aj9X.js                                              3.77 kB │ gzip:     1.32 kB
#19 166.1 space:build: build/server/assets/home-C5zDjODA.js                                              3.79 kB │ gzip:     1.54 kB
#19 166.1 space:build: build/server/assets/workflow-CnBlbikB.js                                          3.80 kB │ gzip:     1.20 kB
#19 166.1 space:build: build/server/assets/workflow-dLeYgqv7.js                                          3.81 kB │ gzip:     1.16 kB
#19 166.1 space:build: build/server/assets/workflow-DhhakcJ0.js                                          3.83 kB │ gzip:     1.16 kB
#19 166.1 space:build: build/server/assets/workflow-DT6zTE-V.js                                          3.85 kB │ gzip:     1.21 kB
#19 166.1 space:build: build/server/assets/workflow-H-VbzkBp.js                                          3.87 kB │ gzip:     1.22 kB
#19 166.1 space:build: build/server/assets/workflow-BQL7lc-y.js                                          3.95 kB │ gzip:     1.23 kB
#19 166.1 space:build: build/server/assets/page-CrCg4RfS.js                                              3.95 kB │ gzip:     1.26 kB
#19 166.1 space:build: build/server/assets/workflow-DdcZkYUQ.js                                          4.03 kB │ gzip:     1.24 kB
#19 166.1 space:build: build/server/assets/page-CWAejK1r.js                                              4.03 kB │ gzip:     1.36 kB
#19 166.1 space:build: build/server/assets/wiki-BKYzJsW2.js                                              4.08 kB │ gzip:     1.77 kB
#19 166.1 space:build: build/server/assets/wiki-CYyBhvtE.js                                              4.08 kB │ gzip:     1.78 kB
#19 166.1 space:build: build/server/assets/workflow-CW8pcvVn.js                                          4.16 kB │ gzip:     1.27 kB
#19 166.1 space:build: build/server/assets/settings-uHw511JF.js                                          4.22 kB │ gzip:     1.82 kB
#19 166.1 space:build: build/server/assets/workflow-BLskinch.js                                          4.27 kB │ gzip:     1.23 kB
#19 166.1 space:build: build/server/assets/settings-w7-cMHmy.js                                          4.29 kB │ gzip:     1.51 kB
#19 166.1 space:build: build/server/assets/settings-DF2L6bq4.js                                          4.34 kB │ gzip:     1.81 kB
#19 166.1 space:build: build/server/assets/settings-Cpi-9UMe.js                                          4.35 kB │ gzip:     1.72 kB
#19 166.1 space:build: build/server/assets/wiki-Cnf5v5G9.js                                              4.35 kB │ gzip:     1.49 kB
#19 166.1 space:build: build/server/assets/settings-BTrSo3rc.js                                          4.36 kB │ gzip:     1.71 kB
#19 166.1 space:build: build/server/assets/wiki-DIbPqawI.js                                              4.36 kB │ gzip:     1.50 kB
#19 166.1 space:build: build/server/assets/home-CQL9fnop.js                                              4.38 kB │ gzip:     1.42 kB
#19 166.1 space:build: build/server/assets/settings-bWfslvdh.js                                          4.38 kB │ gzip:     1.72 kB
#19 166.1 space:build: build/server/assets/page-Ct6NVOs_.js                                              4.45 kB │ gzip:     1.42 kB
#19 166.1 space:build: build/server/assets/settings-DWSm102M.js                                          4.45 kB │ gzip:     1.62 kB
#19 166.1 space:build: build/server/assets/inbox-BYPDP780.js                                             4.47 kB │ gzip:     1.06 kB
#19 166.1 space:build: build/server/assets/wiki-MJIyW2SN.js                                              4.47 kB │ gzip:     1.57 kB
#19 166.1 space:build: build/server/assets/settings-dP-W9tue.js                                          4.54 kB │ gzip:     1.65 kB
#19 166.1 space:build: build/server/assets/wiki-CGXsftTi.js                                              4.56 kB │ gzip:     1.71 kB
#19 166.1 space:build: build/server/assets/page-DT-1h3ZY.js                                              4.57 kB │ gzip:     1.47 kB
#19 166.1 space:build: build/server/assets/wiki-Bqsd1Pk_.js                                              4.60 kB │ gzip:     1.72 kB
#19 166.1 space:build: build/server/assets/wiki-Dfg8G3bU.js                                              4.61 kB │ gzip:     1.66 kB
#19 166.1 space:build: build/server/assets/settings-Cz5pNT1o.js                                          4.64 kB │ gzip:     1.77 kB
#19 166.1 space:build: build/server/assets/settings-DsB2wTBf.js                                          4.66 kB │ gzip:     1.69 kB
#19 166.1 space:build: build/server/assets/wiki-B3kLM7L2.js                                              4.71 kB │ gzip:     1.77 kB
#19 166.1 space:build: build/server/assets/settings-TE_I9_5C.js                                          4.72 kB │ gzip:     1.73 kB
#19 166.1 space:build: build/server/assets/settings-BVD4vMzw.js                                          4.74 kB │ gzip:     1.76 kB
#19 166.1 space:build: build/server/assets/settings-Djq6vrgp.js                                          4.75 kB │ gzip:     1.86 kB
#19 166.1 space:build: build/server/assets/wiki-2puM1AKI.js                                              4.76 kB │ gzip:     1.69 kB
#19 166.1 space:build: build/server/assets/wiki-C245U_cz.js                                              4.79 kB │ gzip:     1.67 kB
#19 166.1 space:build: build/server/assets/wiki-CT864Xgr.js                                              4.79 kB │ gzip:     1.77 kB
#19 166.1 space:build: build/server/assets/wiki-BGgTHcXp.js                                              4.85 kB │ gzip:     1.76 kB
#19 166.1 space:build: build/server/assets/wiki-CBgR07wj.js                                              4.92 kB │ gzip:     1.79 kB
#19 166.1 space:build: build/server/assets/settings-DIpvnMcm.js                                          4.92 kB │ gzip:     1.73 kB
#19 166.1 space:build: build/server/assets/settings-vusxPeEa.js                                          4.96 kB │ gzip:     1.77 kB
#19 166.1 space:build: build/server/assets/workflow-CD_FOnzA.js                                          4.99 kB │ gzip:     1.43 kB
#19 166.1 space:build: build/server/assets/wiki-D3WbVeKn.js                                              5.00 kB │ gzip:     1.83 kB
#19 166.1 space:build: build/server/assets/wiki-qBO6bGHO.js                                              5.03 kB │ gzip:     1.76 kB
#19 166.1 space:build: build/server/assets/settings-mUhxAdIL.js                                          5.12 kB │ gzip:     1.89 kB
#19 166.1 space:build: build/server/assets/wiki-CESQsIJ5.js                                              5.14 kB │ gzip:     1.85 kB
#19 166.1 space:build: build/server/assets/settings-D-NJG3J4.js                                          5.36 kB │ gzip:     1.98 kB
#19 166.1 space:build: build/server/assets/wiki-Wdk-K8jt.js                                              5.62 kB │ gzip:     1.88 kB
#19 166.1 space:build: build/server/assets/workflow-D-Ty5CGd.js                                          5.73 kB │ gzip:     1.49 kB
#19 166.1 space:build: build/server/assets/settings-CA0R2pww.js                                          5.91 kB │ gzip:     2.03 kB
#19 166.1 space:build: build/server/assets/settings-wNDuD6C9.js                                          6.22 kB │ gzip:     2.08 kB
#19 166.1 space:build: build/server/assets/wiki-by6ePYg2.js                                              6.50 kB │ gzip:     2.04 kB
#19 166.1 space:build: build/server/assets/wiki-BOrzrrpR.js                                              6.67 kB │ gzip:     2.08 kB
#19 166.1 space:build: build/server/assets/tour-BdkvDjDC.js                                              6.95 kB │ gzip:     2.78 kB
#19 166.1 space:build: build/server/assets/tour-BNFUOBnA.js                                              6.97 kB │ gzip:     2.77 kB
#19 166.1 space:build: build/server/assets/power-k-F7swHhcp.js                                           7.01 kB │ gzip:     2.10 kB
#19 166.1 space:build: build/server/assets/power-k-CJSIMYSD.js                                           7.11 kB │ gzip:     2.11 kB
#19 166.1 space:build: build/server/assets/tour-B0bRx_72.js                                              7.19 kB │ gzip:     2.49 kB
#19 166.1 space:build: build/server/assets/tour-BA9o8f5_.js                                              7.19 kB │ gzip:     2.49 kB
#19 166.1 space:build: build/server/assets/automation-DPwFkt2B.js                                        7.23 kB │ gzip:     2.51 kB
#19 166.1 space:build: build/server/assets/automation-DkKSvqJT.js                                        7.24 kB │ gzip:     2.51 kB
#19 166.1 space:build: build/server/assets/power-k-Of8j1-S0.js                                           7.25 kB │ gzip:     1.75 kB
#19 166.1 space:build: build/server/assets/power-k-DSa0DlNs.js                                           7.25 kB │ gzip:     1.75 kB
#19 166.1 space:build: build/server/assets/power-k-CE_Q3bQM.js                                           7.28 kB │ gzip:     1.90 kB
#19 166.1 space:build: build/server/assets/automation-DuaSSwdz.js                                        7.40 kB │ gzip:     2.22 kB
#19 166.1 space:build: build/server/assets/automation-Cz_fU_6x.js                                        7.40 kB │ gzip:     2.22 kB
#19 166.1 space:build: build/server/assets/settings-DZwQesxN.js                                          7.56 kB │ gzip:     1.96 kB
#19 166.1 space:build: build/server/assets/automation-zbzXm5VT.js                                        7.64 kB │ gzip:     2.35 kB
#19 166.1 space:build: build/server/assets/power-k-D1VpoJAT.js                                           7.68 kB │ gzip:     2.08 kB
#19 166.1 space:build: build/server/assets/power-k-Cgi6D2bX.js                                           7.88 kB │ gzip:     2.01 kB
#19 166.1 space:build: build/server/assets/automation-DJiDZx3q.js                                        7.91 kB │ gzip:     2.53 kB
#19 166.1 space:build: build/server/assets/automation-QgZxigs2.js                                        7.94 kB │ gzip:     2.46 kB
#19 166.1 space:build: build/server/assets/automation-BsZRcNMM.js                                        7.94 kB │ gzip:     2.62 kB
#19 166.1 space:build: build/server/assets/automation-CSQQpAQN.js                                        7.96 kB │ gzip:     2.43 kB
#19 166.1 space:build: build/server/assets/tour-BEbgzs3H.js                                              7.98 kB │ gzip:     2.56 kB
#19 166.1 space:build: build/server/assets/power-k-0851raBT.js                                           8.00 kB │ gzip:     2.13 kB
#19 166.1 space:build: build/server/assets/automation-DsACaqJx.js                                        8.05 kB │ gzip:     2.63 kB
#19 166.1 space:build: build/server/assets/automation-BEqDNq_O.js                                        8.09 kB │ gzip:     2.59 kB
#19 166.1 space:build: build/server/assets/automation-CxRMpfSs.js                                        8.11 kB │ gzip:     2.58 kB
#19 166.1 space:build: build/server/assets/power-k-q6Fg78Vo.js                                           8.11 kB │ gzip:     1.99 kB
#19 166.1 space:build: build/server/assets/tour-DuC_IiIx.js                                              8.11 kB │ gzip:     2.99 kB
#19 166.1 space:build: build/server/assets/power-k-NemcRTRr.js                                           8.15 kB │ gzip:     2.08 kB
#19 166.1 space:build: build/server/assets/tour-DaoHy0qY.js                                              8.15 kB │ gzip:     2.91 kB
#19 166.1 space:build: build/server/assets/tour-CaI3dNzK.js                                              8.16 kB │ gzip:     2.77 kB
#19 166.1 space:build: build/server/assets/tour-BypcSQ4G.js                                              8.17 kB │ gzip:     2.89 kB
#19 166.1 space:build: build/server/assets/power-k-Bg6jsxo_.js                                           8.18 kB │ gzip:     2.03 kB
#19 166.1 space:build: build/server/assets/power-k-BN6S5doQ.js                                           8.18 kB │ gzip:     2.15 kB
#19 166.1 space:build: build/server/assets/automation-By0Phwo1.js                                        8.19 kB │ gzip:     2.54 kB
#19 166.1 space:build: build/server/assets/power-k-CqrepJAd.js                                           8.20 kB │ gzip:     2.20 kB
#19 166.1 space:build: build/server/assets/automation-xmFRa47W.js                                        8.22 kB │ gzip:     2.47 kB
#19 166.1 space:build: build/server/assets/tour-BhvRMDdq.js                                              8.23 kB │ gzip:     2.75 kB
#19 166.1 space:build: build/server/assets/power-k-BIj4ZQmi.js                                           8.24 kB │ gzip:     2.17 kB
#19 166.1 space:build: build/server/assets/power-k-DQm0rWpa.js                                           8.31 kB │ gzip:     2.05 kB
#19 166.1 space:build: build/server/assets/tour-CPsoj93y.js                                              8.32 kB │ gzip:     2.79 kB
#19 166.1 space:build: build/server/assets/automation-DC50E5av.js                                        8.38 kB │ gzip:     2.55 kB
#19 166.1 space:build: build/server/assets/tour-BTNxNJp4.js                                              8.39 kB │ gzip:     2.88 kB
#19 166.1 space:build: build/server/assets/automation-COeyJ-OO.js                                        8.50 kB │ gzip:     2.57 kB
#19 166.1 space:build: build/server/assets/tour-Cc8SkKFQ.js                                              8.58 kB │ gzip:     2.85 kB
#19 166.1 space:build: build/server/assets/automation-BcX3iqjj.js                                        8.60 kB │ gzip:     2.71 kB
#19 166.1 space:build: build/server/assets/tour-DNfc1pk6.js                                              8.61 kB │ gzip:     2.89 kB
#19 166.1 space:build: build/server/assets/power-k-DOcVRI8m.js                                           8.63 kB │ gzip:     2.19 kB
#19 166.1 space:build: build/server/assets/power-k-CkJSJ-rJ.js                                           8.64 kB │ gzip:     2.10 kB
#19 166.1 space:build: build/server/assets/tour-BYkLoqIs.js                                              8.73 kB │ gzip:     2.96 kB
#19 166.1 space:build: build/server/assets/tour-CedB26ui.js                                              8.75 kB │ gzip:     2.91 kB
#19 166.1 space:build: build/server/assets/automation-BVLUC3GP.js                                        8.75 kB │ gzip:     2.65 kB
#19 166.1 space:build: build/server/assets/power-k-Bx59CWAP.js                                           8.99 kB │ gzip:     2.31 kB
#19 166.1 space:build: build/server/assets/tour-DOtKDDZl.js                                              9.35 kB │ gzip:     2.96 kB
#19 166.1 space:build: build/server/assets/tour-BnF0nNcs.js                                              9.39 kB │ gzip:     3.08 kB
#19 166.1 space:build: build/server/assets/template-DQSEoLot.js                                          9.67 kB │ gzip:     2.92 kB
#19 166.1 space:build: build/server/assets/template-oLDpebDk.js                                          9.67 kB │ gzip:     2.90 kB
#19 166.1 space:build: build/server/assets/template-Dk3FzMFp.js                                         10.31 kB │ gzip:     2.62 kB
#19 166.1 space:build: build/server/assets/template-BEOOLyvN.js                                         10.31 kB │ gzip:     2.62 kB
#19 166.1 space:build: build/server/assets/automation-CaUfPV5f.js                                       10.39 kB │ gzip:     2.91 kB
#19 166.1 space:build: build/server/assets/automation-CTEVBx8n.js                                       10.58 kB │ gzip:     2.94 kB
#19 166.1 space:build: build/server/assets/template-BXavbfeO.js                                         10.70 kB │ gzip:     2.64 kB
#19 166.1 space:build: build/server/assets/power-k-DISQf45X.js                                          10.83 kB │ gzip:     2.51 kB
#19 166.1 space:build: build/server/assets/empty-state-CUgyC-oN.js                                      10.84 kB │ gzip:     3.75 kB
#19 166.1 space:build: build/server/assets/empty-state-7u4HiEaf.js                                      10.84 kB │ gzip:     3.72 kB
#19 166.1 space:build: build/server/assets/template-DH4rp0tg.js                                         10.95 kB │ gzip:     3.01 kB
#19 166.1 space:build: build/server/assets/template-CCD-X5iQ.js                                         10.98 kB │ gzip:     2.96 kB
#19 166.1 space:build: build/server/assets/template-jlmFbtDj.js                                         11.03 kB │ gzip:     2.99 kB
#19 166.1 space:build: build/server/assets/template-DGP9osb0.js                                         11.04 kB │ gzip:     3.11 kB
#19 166.1 space:build: build/server/assets/power-k-BWeNbfm5.js                                          11.08 kB │ gzip:     2.54 kB
#19 166.1 space:build: build/server/assets/template-B2CIVIVs.js                                         11.18 kB │ gzip:     3.09 kB
#19 166.1 space:build: build/server/assets/template-BkjNeZ2I.js                                         11.22 kB │ gzip:     3.07 kB
#19 166.1 space:build: build/server/assets/template-0qy05iS9.js                                         11.33 kB │ gzip:     2.86 kB
#19 166.1 space:build: build/server/assets/empty-state-D2JFSscD.js                                      11.38 kB │ gzip:     3.38 kB
#19 166.1 space:build: build/server/assets/work-item-CS54asFZ.js                                        11.43 kB │ gzip:     3.62 kB
#19 166.1 space:build: build/server/assets/auth-CUVyb9m5.js                                             11.55 kB │ gzip:     3.25 kB
#19 166.1 space:build: build/server/assets/template-DS-VzZdL.js                                         11.58 kB │ gzip:     3.04 kB
#19 166.1 space:build: build/server/assets/template-DC9fj4kB.js                                         11.63 kB │ gzip:     3.00 kB
#19 166.1 space:build: build/server/assets/template-DhhTc5n-.js                                         11.66 kB │ gzip:     2.98 kB
#19 166.1 space:build: build/server/assets/template-Ce2va_sG.js                                         11.72 kB │ gzip:     3.03 kB
#19 166.1 space:build: build/server/assets/auth-BEDNXygv.js                                             11.76 kB │ gzip:     3.27 kB
#19 166.1 space:build: build/server/assets/template-CLSIpKC_.js                                         11.80 kB │ gzip:     3.05 kB
#19 166.1 space:build: build/server/assets/auth-CrhigKol.js                                             11.86 kB │ gzip:     2.90 kB
#19 166.1 space:build: build/server/assets/work-item-D6D6gP1O.js                                        11.87 kB │ gzip:     3.72 kB
#19 166.1 space:build: build/server/assets/work-item-C8mDq7UK.js                                        12.06 kB │ gzip:     3.28 kB
#19 166.1 space:build: build/server/assets/tour-BbOZ5C4V.js                                             12.09 kB │ gzip:     3.46 kB
#19 166.1 space:build: build/server/assets/tour-DcxSty13.js                                             12.24 kB │ gzip:     3.55 kB
#19 166.1 space:build: build/server/assets/project-C-OTgqCr.js                                          12.24 kB │ gzip:     3.82 kB
#19 166.1 space:build: build/server/assets/project-C1G63YwZ.js                                          12.25 kB │ gzip:     3.86 kB
#19 166.1 space:build: build/server/assets/project-x31sIfMR.js                                          12.33 kB │ gzip:     3.86 kB
#19 166.1 space:build: build/server/assets/template-NzLsnr5I.js                                         12.36 kB │ gzip:     3.10 kB
#19 166.1 space:build: build/server/assets/auth-D4pOUoWs.js                                             12.40 kB │ gzip:     3.02 kB
#19 166.1 space:build: build/server/assets/empty-state-DZrHuvcz.js                                      12.47 kB │ gzip:     3.46 kB
#19 166.1 space:build: build/server/assets/auth-dh-20Hiz.js                                             12.63 kB │ gzip:     3.14 kB
#19 166.1 space:build: build/server/assets/work-item-CbiTLtNN.js                                        12.72 kB │ gzip:     3.39 kB
#19 166.1 space:build: build/server/assets/workspace-B1RIfjrl.js                                        12.82 kB │ gzip:     4.64 kB
#19 166.1 space:build: build/server/assets/auth-D50OYBQD.js                                             12.84 kB │ gzip:     3.42 kB
#19 166.1 space:build: build/server/assets/project-DvxNU3Oz.js                                          12.86 kB │ gzip:     3.77 kB
#19 166.1 space:build: build/server/assets/auth-DkL8p_TF.js                                             12.92 kB │ gzip:     3.20 kB
#19 166.1 space:build: build/server/assets/workspace-Ctr1RLGf.js                                        12.97 kB │ gzip:     4.69 kB
#19 166.1 space:build: build/server/assets/auth-CM7lyPu7.js                                             12.97 kB │ gzip:     3.43 kB
#19 166.1 space:build: build/server/assets/empty-state-DJ2XnElk.js                                      13.06 kB │ gzip:     3.68 kB
#19 166.1 space:build: build/server/assets/auth-BBPAZzpR.js                                             13.11 kB │ gzip:     3.45 kB
#19 166.1 space:build: build/server/assets/empty-state-CT2vAsHI.js                                      13.12 kB │ gzip:     3.84 kB
#19 166.1 space:build: build/server/assets/work-item-DJXbhqYj.js                                        13.16 kB │ gzip:     3.66 kB
#19 166.1 space:build: build/server/assets/workspace-Dltyd-Es.js                                        13.20 kB │ gzip:     4.13 kB
#19 166.1 space:build: build/server/assets/empty-state-CVKCFdYT.js                                      13.23 kB │ gzip:     4.07 kB
#19 166.1 space:build: build/server/assets/empty-state-m-Tqxv1a.js                                      13.30 kB │ gzip:     3.81 kB
#19 166.1 space:build: build/server/assets/auth-AC8nrMOB.js                                             13.32 kB │ gzip:     3.36 kB
#19 166.1 space:build: build/server/assets/empty-state-CcOK39gX.js                                      13.38 kB │ gzip:     3.79 kB
#19 166.1 space:build: build/server/assets/project-BiITtfpE.js                                          13.47 kB │ gzip:     4.49 kB
#19 166.1 space:build: build/server/assets/auth-CH05A7wB.js                                             13.48 kB │ gzip:     3.38 kB
#19 166.1 space:build: build/server/assets/work-item-BSoL1PNF.js                                        13.51 kB │ gzip:     3.84 kB
#19 166.1 space:build: build/server/assets/empty-state-BKY8gWMU.js                                      13.52 kB │ gzip:     4.04 kB
#19 166.1 space:build: build/server/assets/auth-V7JEupCU.js                                             13.53 kB │ gzip:     3.29 kB
#19 166.1 space:build: build/server/assets/auth-Bh5uCWzt.js                                             13.53 kB │ gzip:     3.22 kB
#19 166.1 space:build: build/server/assets/empty-state-Ccr6A-JF.js                                      13.58 kB │ gzip:     4.10 kB
#19 166.1 space:build: build/server/assets/auth-SLScaSKb.js                                             13.70 kB │ gzip:     3.44 kB
#19 166.1 space:build: build/server/assets/work-item-DS4zsaK_.js                                        13.71 kB │ gzip:     3.74 kB
#19 166.1 space:build: build/server/assets/work-item-type-DGSCeIkH.js                                   13.74 kB │ gzip:     4.14 kB
#19 166.1 space:build: build/server/assets/project-Zpf0ONiy.js                                          13.74 kB │ gzip:     4.66 kB
#19 166.1 space:build: build/server/assets/empty-state-CIa0pFsW.js                                      13.77 kB │ gzip:     3.88 kB
#19 166.1 space:build: build/server/assets/empty-state-5bP5580Q.js                                      13.83 kB │ gzip:     4.03 kB
#19 166.1 space:build: build/server/assets/work-item-CekM8dPR.js                                        13.84 kB │ gzip:     3.90 kB
#19 166.1 space:build: build/server/assets/project-DbySMbyT.js                                          13.85 kB │ gzip:     4.05 kB
#19 166.1 space:build: build/server/assets/work-item-CliWzbMd.js                                        13.89 kB │ gzip:     3.66 kB
#19 166.1 space:build: build/server/assets/auth-DJZLbexo.js                                             13.89 kB │ gzip:     3.37 kB
#19 166.1 space:build: build/server/assets/workspace-DkCZaNrz.js                                        13.93 kB │ gzip:     4.61 kB
#19 166.1 space:build: build/server/assets/empty-state-CFfxuVYN.js                                      13.93 kB │ gzip:     3.89 kB
#19 166.1 space:build: build/server/assets/workspace-qfXbQg_U.js                                        13.96 kB │ gzip:     4.68 kB
#19 166.1 space:build: build/server/assets/work-item-Crezduj3.js                                        13.99 kB │ gzip:     3.70 kB
#19 166.1 space:build: build/server/assets/workspace-DbyqMUlT.js                                        13.99 kB │ gzip:     4.66 kB
#19 166.1 space:build: build/server/assets/work-item-BH58O-ze.js                                        14.01 kB │ gzip:     3.63 kB
#19 166.1 space:build: build/server/assets/work-item-type-BCVw0C_r.js                                   14.03 kB │ gzip:     4.23 kB
#19 166.1 space:build: build/server/assets/workspace-CcXm8wbJ.js                                        14.08 kB │ gzip:     4.23 kB
#19 166.1 space:build: build/server/assets/work-item-ThljCvMB.js                                        14.09 kB │ gzip:     3.84 kB
#19 166.1 space:build: build/server/assets/work-item-D9rKK_5I.js                                        14.18 kB │ gzip:     3.79 kB
#19 166.1 space:build: build/server/assets/auth-BxVX_3I7.js                                             14.33 kB │ gzip:     3.35 kB
#19 166.1 space:build: build/server/assets/work-item-type-DrMCDj4b.js                                   14.43 kB │ gzip:     3.69 kB
#19 166.1 space:build: build/server/assets/work-item-type-D8SXCkNr.js                                   14.43 kB │ gzip:     3.69 kB
#19 166.1 space:build: build/server/assets/work-item-BIoA_HI9.js                                        14.44 kB │ gzip:     3.80 kB
#19 166.1 space:build: build/server/assets/empty-state-UQNhTTBC.js                                      14.47 kB │ gzip:     4.01 kB
#19 166.1 space:build: build/server/assets/workspace-CNBY-sGv.js                                        14.64 kB │ gzip:     4.57 kB
#19 166.1 space:build: build/server/assets/workspace-BHvhFlgN.js                                        14.68 kB │ gzip:     4.67 kB
#19 166.1 space:build: build/server/assets/template-DmYKj0_i.js                                         14.71 kB │ gzip:     3.47 kB
#19 166.1 space:build: build/server/assets/template-BIl6THME.js                                         14.75 kB │ gzip:     3.51 kB
#19 166.1 space:build: build/server/assets/auth-zZlj1QYZ.js                                             14.81 kB │ gzip:     3.52 kB
#19 166.1 space:build: build/server/assets/workspace-DgQKNX3u.js                                        14.85 kB │ gzip:     4.52 kB
#19 166.1 space:build: build/server/assets/work-item-type-JPt5wvwM.js                                   14.85 kB │ gzip:     4.05 kB
#19 166.1 space:build: build/server/assets/work-item-VM-fj9uR.js                                        14.86 kB │ gzip:     3.91 kB
#19 166.1 space:build: build/server/assets/work-item-CvadYhUr.js                                        14.91 kB │ gzip:     3.82 kB
#19 166.1 space:build: build/server/assets/workspace-Bi3IvRKP.js                                        14.98 kB │ gzip:     4.59 kB
#19 166.1 space:build: build/server/assets/workspace-Dhs9GD7Q.js                                        14.99 kB │ gzip:     4.64 kB
#19 166.1 space:build: build/server/assets/auth-0-4E97CJ.js                                             15.03 kB │ gzip:     3.41 kB
#19 166.1 space:build: build/server/assets/work-item-BY8Sb154.js                                        15.04 kB │ gzip:     3.83 kB
#19 166.1 space:build: build/server/assets/workspace-DPaUScgk.js                                        15.10 kB │ gzip:     4.84 kB
#19 166.1 space:build: build/server/assets/project--X_6DPM8.js                                          15.10 kB │ gzip:     4.23 kB
#19 166.1 space:build: build/server/assets/work-item-type-D66Pywpj.js                                   15.12 kB │ gzip:     4.01 kB
#19 166.1 space:build: build/server/assets/work-item-type-uSFQV-S6.js                                   15.15 kB │ gzip:     4.31 kB
#19 166.1 space:build: build/server/assets/work-item-type-C8bkDj1p.js                                   15.17 kB │ gzip:     3.86 kB
#19 166.1 space:build: build/server/assets/workspace-kzdbEelb.js                                        15.21 kB │ gzip:     4.71 kB
#19 166.1 space:build: build/server/assets/work-item-type-CUrvAK7o.js                                   15.26 kB │ gzip:     4.32 kB
#19 166.1 space:build: build/server/assets/empty-state-DNHpv-5Q.js                                      15.31 kB │ gzip:     4.04 kB
#19 166.1 space:build: build/server/assets/project-Dq4K_9YZ.js                                          15.34 kB │ gzip:     4.49 kB
#19 166.1 space:build: build/server/assets/work-item-type-BnLnCGeb.js                                   15.35 kB │ gzip:     4.38 kB
#19 166.1 space:build: build/server/assets/work-item-type-2kmXyGGt.js                                   15.35 kB │ gzip:     3.97 kB
#19 166.1 space:build: build/server/assets/empty-state-DfGOYFcZ.js                                      15.41 kB │ gzip:     4.09 kB
#19 166.1 space:build: build/server/assets/work-item-type-rHzABL3r.js                                   15.60 kB │ gzip:     4.20 kB
#19 166.1 space:build: build/server/assets/project-BEzxna_k.js                                          15.61 kB │ gzip:     4.72 kB
#19 166.1 space:build: build/server/assets/work-item-type-6A4oTA4p.js                                   15.63 kB │ gzip:     4.06 kB
#19 166.1 space:build: build/server/assets/work-item-type-DvYSeREs.js                                   15.64 kB │ gzip:     4.20 kB
#19 166.1 space:build: build/server/assets/project-settings-DbzgaBSO.js                                 15.64 kB │ gzip:     5.06 kB
#19 166.1 space:build: build/server/assets/project-DLySZDIj.js                                          15.67 kB │ gzip:     4.48 kB
#19 166.1 space:build: build/server/assets/workspace-C1xdY07M.js                                        15.76 kB │ gzip:     4.80 kB
#19 166.1 space:build: build/server/assets/project-RodJYXhk.js                                          15.89 kB │ gzip:     4.62 kB
#19 166.1 space:build: build/server/assets/project-settings-Cxk_sz3z.js                                 15.89 kB │ gzip:     5.14 kB
#19 166.1 space:build: build/server/assets/project-BmvBbAaT.js                                          15.96 kB │ gzip:     4.69 kB
#19 166.1 space:build: build/server/assets/work-item-type-DdhCFDEO.js                                   16.08 kB │ gzip:     4.21 kB
#19 166.1 space:build: build/server/assets/work-item-type-BR1zVLFe.js                                   16.11 kB │ gzip:     4.29 kB
#19 166.1 space:build: build/server/assets/project-DZso-424.js                                          16.12 kB │ gzip:     4.63 kB
#19 166.1 space:build: build/server/assets/project-BVpb7dO3.js                                          16.31 kB │ gzip:     4.79 kB
#19 166.1 space:build: build/server/assets/work-item-type-CrAJXKcl.js                                   16.41 kB │ gzip:     4.14 kB
#19 166.1 space:build: build/server/assets/workspace-BPMKFbm2.js                                        16.64 kB │ gzip:     4.76 kB
#19 166.1 space:build: build/server/assets/auth-BuesAqsB.js                                             16.83 kB │ gzip:     3.85 kB
#19 166.1 space:build: build/server/assets/project-UIDpBLjH.js                                          16.84 kB │ gzip:     4.57 kB
#19 166.1 space:build: build/server/assets/project-settings-B1DEWXnX.js                                 16.92 kB │ gzip:     4.63 kB
#19 166.1 space:build: build/server/assets/work-item-type-CSC8Qf3S.js                                   17.17 kB │ gzip:     4.34 kB
#19 166.1 space:build: build/server/assets/project-BXGw-35B.js                                          17.33 kB │ gzip:     4.63 kB
#19 166.1 space:build: build/server/assets/workspace-BVaLFA0F.js                                        17.33 kB │ gzip:     5.04 kB
#19 166.1 space:build: build/server/assets/auth-DA8ZRBfx.js                                             17.61 kB │ gzip:     3.96 kB
#19 166.1 space:build: build/server/assets/integration-68pR-x6t.js                                      17.75 kB │ gzip:     5.09 kB
#19 166.1 space:build: build/server/assets/project-settings-B05AZmc7.js                                 17.77 kB │ gzip:     4.79 kB
#19 166.1 space:build: build/server/assets/integration-s-QSzbE1.js                                      17.80 kB │ gzip:     5.14 kB
#19 166.1 space:build: build/server/assets/project-D8T4lda8.js                                          18.29 kB │ gzip:     4.94 kB
#19 166.1 space:build: build/server/assets/project-settings-kL-FsR0G.js                                 18.37 kB │ gzip:     5.38 kB
#19 166.1 space:build: build/server/assets/work-item-B-lAV9mH.js                                        18.41 kB │ gzip:     4.38 kB
#19 166.1 space:build: build/server/assets/project-settings-CLD1Zw-M.js                                 18.46 kB │ gzip:     5.40 kB
#19 166.1 space:build: build/server/assets/project-settings-CUgip9tU.js                                 18.58 kB │ gzip:     5.41 kB
#19 166.1 space:build: build/server/assets/project-settings-DN4Rykn7.js                                 18.58 kB │ gzip:     5.19 kB
#19 166.1 space:build: build/server/assets/integration-F7nKCyUC.js                                      18.75 kB │ gzip:     4.59 kB
#19 166.1 space:build: build/server/assets/integration-Diw7nZtL.js                                      18.75 kB │ gzip:     4.60 kB
#19 166.1 space:build: build/server/assets/work-item-DDFy_tCF.js                                        19.06 kB │ gzip:     4.34 kB
#19 166.1 space:build: build/server/assets/project-settings-5vnkvTuD.js                                 19.08 kB │ gzip:     5.13 kB
#19 166.1 space:build: build/server/assets/project-settings-DswecyCC.js                                 19.26 kB │ gzip:     5.27 kB
#19 166.1 space:build: build/server/assets/project-settings-CPlvxaTj.js                                 19.31 kB │ gzip:     5.36 kB
#19 166.1 space:build: build/server/assets/project-settings-LWEoAxiu.js                                 19.35 kB │ gzip:     5.16 kB
#19 166.1 space:build: build/server/assets/integration-1TtojpQM.js                                      19.39 kB │ gzip:     4.87 kB
#19 166.1 space:build: build/server/assets/workspace-uoep2I01.js                                        19.55 kB │ gzip:     5.32 kB
#19 166.1 space:build: build/server/assets/work-item-JeC7pBU3.js                                        19.60 kB │ gzip:     4.08 kB
#19 166.1 space:build: build/server/assets/empty-state-DuFpvVzT.js                                      19.66 kB │ gzip:     4.72 kB
#19 166.1 space:build: build/server/assets/project-C5IxpEuy.js                                          19.68 kB │ gzip:     4.98 kB
#19 166.1 space:build: build/server/assets/workspace-settings-CXBukUwB.js                               19.69 kB │ gzip:     6.54 kB
#19 166.1 space:build: build/server/assets/project-settings-DI_Nj8zt.js                                 19.75 kB │ gzip:     5.20 kB
#19 166.1 space:build: build/server/assets/project-settings-09H6Dz_G.js                                 19.89 kB │ gzip:     5.28 kB
#19 166.1 space:build: build/server/assets/workspace-settings-CvO9nkgV.js                               19.99 kB │ gzip:     6.61 kB
#19 166.1 space:build: build/server/assets/integration-BoyxvDI2.js                                      20.21 kB │ gzip:     5.33 kB
#19 166.1 space:build: build/server/assets/empty-state-CC0e8dAO.js                                      20.26 kB │ gzip:     4.81 kB
#19 166.1 space:build: build/server/assets/integration-CQS39d9Z.js                                      20.28 kB │ gzip:     5.17 kB
#19 166.1 space:build: build/server/assets/project-settings-DbX6FQPI.js                                 20.33 kB │ gzip:     5.34 kB
#19 166.1 space:build: build/server/assets/integration-D3-rt9s_.js                                      20.34 kB │ gzip:     5.28 kB
#19 166.1 space:build: build/server/assets/workspace-DItYzKyn.js                                        20.38 kB │ gzip:     5.39 kB
#19 166.1 space:build: build/server/assets/integration-ZPhRVCBY.js                                      20.54 kB │ gzip:     5.35 kB
#19 166.1 space:build: build/server/assets/integration--Cdqf7Jn.js                                      20.54 kB │ gzip:     5.33 kB
#19 166.1 space:build: build/server/assets/integration-tz0a5gCL.js                                      20.56 kB │ gzip:     5.28 kB
#19 166.1 space:build: build/server/assets/integration-BmIFaUKF.js                                      20.66 kB │ gzip:     5.18 kB
#19 166.1 space:build: build/server/assets/integration-CNpto24r.js                                      20.72 kB │ gzip:     5.44 kB
#19 166.1 space:build: build/server/assets/workspace-settings-DZcK8acJ.js                               20.76 kB │ gzip:     5.93 kB
#19 166.1 space:build: build/server/assets/integration-mFKtxytM.js                                      20.91 kB │ gzip:     5.29 kB
#19 166.1 space:build: build/server/assets/integration-BMHNdv5I.js                                      21.09 kB │ gzip:     5.30 kB
#19 166.1 space:build: build/server/assets/project-settings-BdEAjPIX.js                                 21.18 kB │ gzip:     5.27 kB
#19 166.1 space:build: build/server/assets/integration-maVnbHVK.js                                      21.19 kB │ gzip:     5.36 kB
#19 166.1 space:build: build/server/assets/work-item-type-BHboKFsY.js                                   21.54 kB │ gzip:     4.89 kB
#19 166.1 space:build: build/server/assets/work-item-type-ccKDlLn8.js                                   21.73 kB │ gzip:     4.87 kB
#19 166.1 space:build: build/server/assets/workspace-settings-CBCZ6ku8.js                               21.81 kB │ gzip:     6.16 kB
#19 166.1 space:build: build/server/assets/integration-Zo3hr9-O.js                                      22.11 kB │ gzip:     5.25 kB
#19 166.1 space:build: build/server/assets/project-settings-BxiT5Iwt.js                                 22.13 kB │ gzip:     5.47 kB
#19 166.1 space:build: build/server/assets/integration-DHZS4q6f.js                                      22.42 kB │ gzip:     5.53 kB
#19 166.1 space:build: build/server/assets/workspace-settings-CxZHqYfb.js                               22.60 kB │ gzip:     6.84 kB
#19 166.1 space:build: build/server/assets/workspace-settings-BxokoWm0.js                               22.69 kB │ gzip:     6.87 kB
#19 166.1 space:build: build/server/assets/workspace-settings-Dstm0FIY.js                               22.93 kB │ gzip:     6.95 kB
#19 166.1 space:build: build/server/assets/workspace-settings-BZXu-PV2.js                               23.06 kB │ gzip:     6.69 kB
#19 166.1 space:build: build/server/assets/workspace-settings-CZ2LVX0S.js                               23.13 kB │ gzip:     6.67 kB
#19 166.1 space:build: build/server/assets/workspace-settings-b1zo6QVy.js                               23.22 kB │ gzip:     6.76 kB
#19 166.1 space:build: build/server/assets/project-settings-BozU1kPC.js                                 23.40 kB │ gzip:     5.64 kB
#19 166.1 space:build: build/server/assets/workspace-settings-DNkv6xqY.js                               23.70 kB │ gzip:     6.74 kB
#19 166.1 space:build: build/server/assets/workspace-DnmUnbVR.js                                        24.00 kB │ gzip:     5.26 kB
#19 166.1 space:build: build/server/assets/workspace-settings-aU9UTfbp.js                               24.04 kB │ gzip:     6.79 kB
#19 166.1 space:build: build/server/assets/workspace-settings-CboqrJ7M.js                               24.23 kB │ gzip:     6.86 kB
#19 166.1 space:build: build/server/assets/workspace-settings-BEN6-WAf.js                               24.48 kB │ gzip:     6.99 kB
#19 166.1 space:build: build/server/assets/workspace-settings-cgyI0je-.js                               25.04 kB │ gzip:     7.05 kB
#19 166.1 space:build: build/server/assets/project-settings-Bu5tUlTK.js                                 25.42 kB │ gzip:     6.09 kB
#19 166.1 space:build: build/server/assets/workspace-settings-B48mCutJ.js                               25.43 kB │ gzip:     6.74 kB
#19 166.1 space:build: build/server/assets/workspace-settings-BjEcZoEO.js                               27.04 kB │ gzip:     6.92 kB
#19 166.1 space:build: build/server/assets/project-8TZucmnA.js                                          27.12 kB │ gzip:     5.32 kB
#19 166.1 space:build: build/server/assets/workspace-settings-C38DdpO9.js                               27.29 kB │ gzip:     6.96 kB
#19 166.1 space:build: build/server/assets/integration-JjujIVyC.js                                      27.29 kB │ gzip:     6.03 kB
#19 166.1 space:build: build/server/assets/project-settings-Bi_EeX8g.js                                 27.49 kB │ gzip:     6.30 kB
#19 166.1 space:build: build/server/assets/empty-state-G4ZhXokc.js                                      27.71 kB │ gzip:     4.53 kB
#19 166.1 space:build: build/server/assets/integration-D9ZvsFYP.js                                      27.86 kB │ gzip:     5.99 kB
#19 166.1 space:build: build/server/assets/workspace-settings-v4YRUC88.js                               31.94 kB │ gzip:     7.81 kB
#19 166.1 space:build: build/server/assets/workspace-settings-CpeOqMtG.js                               32.35 kB │ gzip:     7.80 kB
#19 166.1 space:build: build/server/assets/common-BJZIH-bv.js                                           45.83 kB │ gzip:    14.03 kB
#19 166.1 space:build: build/server/assets/common-rkmuZHqG.js                                           46.12 kB │ gzip:    14.06 kB
#19 166.1 space:build: build/server/assets/common-B2ooqp7q.js                                           46.68 kB │ gzip:    12.70 kB
#19 166.1 space:build: build/server/assets/common-CPNTQyVP.js                                           48.18 kB │ gzip:    13.39 kB
#19 166.1 space:build: build/server/assets/common-_awYHJns.js                                           49.08 kB │ gzip:    13.92 kB
#19 166.1 space:build: build/server/assets/common-BPc7cfvV.js                                           49.39 kB │ gzip:    14.45 kB
#19 166.1 space:build: build/server/assets/common-DQlvHAnu.js                                           49.90 kB │ gzip:    14.56 kB
#19 166.1 space:build: build/server/assets/common-Cwpmi62J.js                                           50.02 kB │ gzip:    14.69 kB
#19 166.1 space:build: build/server/assets/common-DWn4sREa.js                                           50.04 kB │ gzip:    14.04 kB
#19 166.1 space:build: build/server/assets/common-CuM9Lo3W.js                                           50.33 kB │ gzip:    14.06 kB
#19 166.1 space:build: build/server/assets/common-BPT-7a6R.js                                           50.33 kB │ gzip:    14.10 kB
#19 166.1 space:build: build/server/assets/common-gkG7Ny8Y.js                                           50.47 kB │ gzip:    14.37 kB
#19 166.1 space:build: build/server/assets/common-CAeaBaKZ.js                                           50.84 kB │ gzip:    14.34 kB
#19 166.1 space:build: build/server/assets/common-BE1io0eJ.js                                           51.02 kB │ gzip:    14.42 kB
#19 166.1 space:build: build/server/assets/common-C_5u9Foa.js                                           51.43 kB │ gzip:    14.47 kB
#19 166.1 space:build: build/server/assets/common-T6WgFoE9.js                                           53.14 kB │ gzip:    14.46 kB
#19 166.1 space:build: build/server/assets/common-DFyPLH2d.js                                           54.17 kB │ gzip:    15.03 kB
#19 166.1 space:build: build/server/assets/common-C_UWggTD.js                                           61.93 kB │ gzip:    16.18 kB
#19 166.1 space:build: build/server/assets/common-1WFzjqzG.js                                           62.20 kB │ gzip:    16.36 kB
#19 166.1 space:build: build/server/assets/common-BCd9ay6x.js                                           74.09 kB │ gzip:    15.92 kB
#19 166.1 space:build: build/server/index.js                                                         5,429.04 kB │ gzip: 1,193.93 kB
#19 166.1 space:build: 
#19 166.2 space:build: [32m✓ built in 11.12s[39m
#19 166.3 
#19 166.3  Tasks:    10 successful, 10 total
#19 166.3 Cached:    0 cached, 10 total
#19 166.3   Time:    2m44.302s 
#19 166.3 
#19 DONE 167.0s

#20 [runner 1/8] RUN apk del go 2>/dev/null || true
#20 CACHED

#21 [runner 2/8] RUN rm -rf /usr/local/lib/node_modules/npm/node_modules/picomatch
#21 CACHED

#22 [runner 3/8] COPY --from=installer /app/apps/space/build ./apps/space/build
#22 DONE 0.4s

#23 [runner 4/8] COPY --from=installer /app/apps/space/node_modules ./apps/space/node_modules
#23 DONE 0.1s

#24 [runner 5/8] COPY --from=installer /app/node_modules ./node_modules
#24 DONE 51.3s

#25 [runner 6/8] RUN find /app/node_modules ( -name 'esbuild' -o -name 'tsgolint' ) -type f -delete 2>/dev/null || true
#25 DONE 4.8s

#26 [runner 7/8] WORKDIR /app/apps/space
#26 DONE 0.1s

#27 [runner 8/8] RUN apk add --no-cache curl
#27 1.229 (1/9) Installing brotli-libs (1.2.0-r1)
#27 1.248 (2/9) Installing c-ares (1.34.8-r0)
#27 1.256 (3/9) Installing libunistring (1.4.2-r0)
#27 1.283 (4/9) Installing libidn2 (2.3.8-r0)
#27 1.288 (5/9) Installing nghttp2-libs (1.69.0-r0)
#27 1.293 (6/9) Installing libpsl (0.21.5-r3)
#27 1.299 (7/9) Installing zstd-libs (1.5.7-r2)
#27 1.315 (8/9) Installing libcurl (8.22.0-r0)
#27 1.332 (9/9) Installing curl (8.22.0-r0)
#27 1.339 Executing busybox-1.37.0-r31.trigger
#27 1.368 OK: 15.9 MiB in 27 packages
#27 DONE 1.5s

#28 exporting to image
#28 exporting layers
#28 exporting layers 86.8s done
#28 exporting manifest sha256:c39f1078b27f5aaeb747677946ba3084ddecb2f63f88b1d00af08a7ed68fadd3 0.0s done
#28 exporting config sha256:84ca8244c4b0a8f9efbef25d4c729375f47b80adce74137be4d591e1e32ecfc2 0.0s done
#28 exporting attestation manifest sha256:cc5880fc80b5b2868bc6d50a8fc9a3373f23707eb1a0a0491bec6aebfefbcd4c 0.0s done
#28 exporting manifest list sha256:9db16d2c87481d93004a0e5bde3ba99357ecca100e67863a0ff9b46ad436dee6 0.0s done
#28 naming to docker.io/library/ten-fold-plane-space:latest done
#28 unpacking to docker.io/library/ten-fold-plane-space:latest
#28 unpacking to docker.io/library/ten-fold-plane-space:latest 39.9s done
#28 DONE 126.8s

#29 resolving provenance for metadata file
#29 DONE 0.3s
 Image ten-fold-plane-space Built 
 Image ten-fold-plane-live Building 
#1 [internal] load local bake definitions
#1 reading from stdin 587B done
#1 DONE 0.0s

#2 [internal] load build definition from Dockerfile.live
#2 transferring dockerfile: 3.05kB 0.0s done
#2 DONE 0.1s

#3 resolve image config for docker-image://docker.io/docker/dockerfile:1.7
#3 DONE 1.6s

#4 docker-image://docker.io/docker/dockerfile:1.7@sha256:a57df69d0ea827fb7266491f2813635de6f17269be881f696fbfdf2d83dda33e
#4 resolve docker.io/docker/dockerfile:1.7@sha256:a57df69d0ea827fb7266491f2813635de6f17269be881f696fbfdf2d83dda33e 0.1s done
#4 CACHED

#5 [internal] load metadata for docker.io/library/node:22-alpine
#5 DONE 1.1s

#6 [internal] load .dockerignore
#6 transferring context: 882B done
#6 DONE 0.0s

#7 [base 1/2] FROM docker.io/library/node:22-alpine@sha256:b6f26b36c8ff49624cfdac716b8ea1138d606df02586a77d364bb5536a634f85
#7 resolve docker.io/library/node:22-alpine@sha256:b6f26b36c8ff49624cfdac716b8ea1138d606df02586a77d364bb5536a634f85 0.0s done
#7 DONE 0.1s

#8 [internal] load build context
#8 transferring context: 576.78kB 1.4s done
#8 DONE 1.5s

#9 [base 2/2] RUN corepack enable
#9 CACHED

#10 [installer  1/12] RUN apk update
#10 CACHED

#11 [installer  2/12] RUN apk add --no-cache libc6-compat
#11 CACHED

#12 [installer  3/12] WORKDIR /app
#12 CACHED

#13 [builder 4/6] RUN corepack enable pnpm && pnpm add -g turbo@2.9.18
#13 CACHED

#14 [builder 5/6] COPY . .
#14 DONE 6.9s

#15 [builder 6/6] RUN turbo prune --scope=live --docker
#15 0.782  WARNING  --scope is deprecated and will be removed in a future major version. Use positional arguments instead (e.g. `turbo prune web`)
#15 0.785 
#15 0.785 Attention:
#15 0.785 Turborepo now collects completely anonymous telemetry regarding usage.
#15 0.785 This information is used to shape the Turborepo roadmap and prioritize features.
#15 0.785 You can learn more, including how to opt-out if you'd not like to participate in this anonymous program, by visiting the following URL:
#15 0.785 https://turborepo.dev/docs/telemetry
#15 0.785 
#15 0.789 • turbo 2.9.18
#15 1.062 Generating pruned monorepo for live in /app/out
#15 1.085  - Added @plane/constants
#15 1.092  - Added @plane/decorators
#15 1.137  - Added @plane/editor
#15 1.145  - Added @plane/hooks
#15 1.152  - Added @plane/logger
#15 1.213  - Added @plane/propel
#15 1.219  - Added @plane/tailwind-config
#15 1.242  - Added @plane/types
#15 1.248  - Added @plane/typescript-config
#15 1.289  - Added @plane/ui
#15 1.318  - Added @plane/utils
#15 1.334  - Added live
#15 DONE 1.6s

#12 [installer  3/12] WORKDIR /app
#12 CACHED

#16 [installer  4/12] COPY .gitignore .gitignore
#16 DONE 0.1s

#17 [installer  5/12] COPY --from=builder /app/out/json/ .
#17 DONE 0.1s

#18 [installer  6/12] COPY --from=builder /app/out/pnpm-lock.yaml ./pnpm-lock.yaml
#18 DONE 0.1s

#19 [installer  7/12] RUN corepack enable pnpm
#19 DONE 0.7s

#20 [installer  8/12] COPY --from=builder /app/out/full/ .
#20 DONE 0.9s

#21 [installer  9/12] COPY turbo.json turbo.json
#21 DONE 0.2s

#22 [installer 10/12] RUN --mount=type=cache,id=pnpm-store,target=/pnpm/store pnpm fetch --store-dir=/pnpm/store
#22 0.879 ! Corepack is about to download https://registry.npmjs.org/pnpm/-/pnpm-11.10.0.tgz
#22 4.593 ? Verifying lockfile against supply-chain policies (1446 entries)...
#22 4.637 Importing packages to virtual store
#22 5.724 Already up to date
#22 5.994 Progress: resolved 1, reused 0, downloaded 0, added 0
#22 7.140 Progress: resolved 1188, reused 3, downloaded 0, added 0
#22 8.147 Progress: resolved 1188, reused 27, downloaded 0, added 0
#22 9.204 Progress: resolved 1188, reused 45, downloaded 0, added 0
#22 10.24 Progress: resolved 1188, reused 50, downloaded 0, added 0
#22 11.28 Progress: resolved 1188, reused 58, downloaded 0, added 0
#22 12.29 Progress: resolved 1188, reused 71, downloaded 0, added 0
#22 13.31 Progress: resolved 1188, reused 83, downloaded 0, added 0
#22 14.32 Progress: resolved 1188, reused 94, downloaded 0, added 0
#22 15.33 Progress: resolved 1188, reused 127, downloaded 0, added 0
#22 16.36 Progress: resolved 1188, reused 152, downloaded 0, added 0
#22 17.36 Progress: resolved 1188, reused 174, downloaded 0, added 0
#22 18.39 Progress: resolved 1188, reused 203, downloaded 0, added 0
#22 19.40 Progress: resolved 1188, reused 229, downloaded 0, added 0
#22 20.41 Progress: resolved 1188, reused 249, downloaded 0, added 0
#22 21.41 Progress: resolved 1188, reused 264, downloaded 0, added 0
#22 22.42 Progress: resolved 1188, reused 291, downloaded 0, added 0
#22 23.50 Progress: resolved 1188, reused 325, downloaded 0, added 0
#22 24.53 Progress: resolved 1188, reused 356, downloaded 0, added 0
#22 24.88 [WARN] Request took 12917ms: https://registry.npmjs.org/@storybook%2Faddon-links
#22 25.47 [WARN] Request took 13481ms: https://registry.npmjs.org/@storybook%2Fbuilder-webpack5
#22 25.53 Progress: resolved 1188, reused 401, downloaded 0, added 0
#22 26.13 [WARN] Request took 10178ms: https://registry.npmjs.org/@react-types%2Fshared
#22 26.59 Progress: resolved 1188, reused 449, downloaded 0, added 0
#22 27.12 [WARN] Request took 10980ms: https://registry.npmjs.org/@typescript-eslint%2Ftypes
#22 27.59 Progress: resolved 1188, reused 548, downloaded 0, added 0
#22 28.62 Progress: resolved 1188, reused 603, downloaded 0, added 0
#22 28.93 [WARN] Request took 11438ms: https://registry.npmjs.org/chromatic
#22 29.66 Progress: resolved 1188, reused 624, downloaded 0, added 0
#22 30.67 ✓ Lockfile passes supply-chain policies (1446 entries in 26s)
#22 30.72 Progress: resolved 1188, reused 639, downloaded 0, added 0
#22 31.69 Progress: resolved 1188, reused 760, downloaded 0, added 0
#22 32.70 Progress: resolved 1188, reused 1180, downloaded 0, added 0
#22 33.70 Progress: resolved 1188, reused 1180, downloaded 0, added 47
#22 34.70 Progress: resolved 1188, reused 1180, downloaded 0, added 50
#22 35.70 Progress: resolved 1188, reused 1180, downloaded 0, added 66
#22 36.70 Progress: resolved 1188, reused 1180, downloaded 0, added 78
#22 37.70 Progress: resolved 1188, reused 1180, downloaded 0, added 83
#22 38.70 Progress: resolved 1188, reused 1180, downloaded 0, added 134
#22 39.70 Progress: resolved 1188, reused 1180, downloaded 0, added 156
#22 40.70 Progress: resolved 1188, reused 1180, downloaded 0, added 223
#22 41.70 Progress: resolved 1188, reused 1180, downloaded 0, added 248
#22 42.70 Progress: resolved 1188, reused 1180, downloaded 0, added 249
#22 43.91 Progress: resolved 1188, reused 1180, downloaded 0, added 250
#22 44.91 Progress: resolved 1188, reused 1180, downloaded 0, added 256
#22 45.92 Progress: resolved 1188, reused 1180, downloaded 0, added 277
#22 46.92 Progress: resolved 1188, reused 1180, downloaded 0, added 295
#22 47.92 Progress: resolved 1188, reused 1180, downloaded 0, added 353
#22 48.92 Progress: resolved 1188, reused 1180, downloaded 0, added 379
#22 49.92 Progress: resolved 1188, reused 1180, downloaded 0, added 455
#22 50.92 Progress: resolved 1188, reused 1180, downloaded 0, added 559
#22 51.92 Progress: resolved 1188, reused 1180, downloaded 0, added 586
#22 52.92 Progress: resolved 1188, reused 1180, downloaded 0, added 626
#22 56.23 Progress: resolved 1188, reused 1180, downloaded 0, added 627
#22 57.23 Progress: resolved 1188, reused 1180, downloaded 0, added 640
#22 59.65 Progress: resolved 1188, reused 1180, downloaded 0, added 641
#22 60.65 Progress: resolved 1188, reused 1180, downloaded 0, added 642
#22 61.83 Progress: resolved 1188, reused 1180, downloaded 0, added 643
#22 62.83 Progress: resolved 1188, reused 1180, downloaded 0, added 647
#22 64.26 Progress: resolved 1188, reused 1180, downloaded 0, added 648
#22 65.26 Progress: resolved 1188, reused 1180, downloaded 0, added 649
#22 66.29 Progress: resolved 1188, reused 1180, downloaded 0, added 650
#22 67.29 Progress: resolved 1188, reused 1180, downloaded 0, added 651
#22 68.29 Progress: resolved 1188, reused 1180, downloaded 0, added 655
#22 69.29 Progress: resolved 1188, reused 1180, downloaded 0, added 675
#22 70.29 Progress: resolved 1188, reused 1180, downloaded 0, added 684
#22 71.80 Progress: resolved 1188, reused 1180, downloaded 0, added 685
#22 72.80 Progress: resolved 1188, reused 1180, downloaded 0, added 705
#22 73.80 Progress: resolved 1188, reused 1180, downloaded 0, added 733
#22 74.80 Progress: resolved 1188, reused 1180, downloaded 0, added 764
#22 75.80 Progress: resolved 1188, reused 1180, downloaded 0, added 801
#22 76.81 Progress: resolved 1188, reused 1180, downloaded 0, added 853
#22 77.81 Progress: resolved 1188, reused 1180, downloaded 0, added 897
#22 78.81 Progress: resolved 1188, reused 1180, downloaded 0, added 953
#22 80.72 Progress: resolved 1188, reused 1180, downloaded 0, added 954
#22 81.72 Progress: resolved 1188, reused 1180, downloaded 0, added 1022
#22 82.72 Progress: resolved 1188, reused 1180, downloaded 0, added 1143
#22 83.07 Progress: resolved 1188, reused 1180, downloaded 0, added 1188, done
#22 83.11 .../node_modules/@swc/core postinstall$ node postinstall.js
#22 83.12 .../node_modules/@parcel/watcher install$ node scripts/build-from-source.js
#22 83.27 .../node_modules/@parcel/watcher install: Done
#22 83.30 .../node_modules/@swc/core postinstall: Done
#22 83.63 
#22 DONE 84.2s

#23 [installer 11/12] RUN --mount=type=cache,id=pnpm-store,target=/pnpm/store CI=true pnpm install --offline --frozen-lockfile --store-dir=/pnpm/store
#23 4.197 Scope: all 13 workspace projects
#23 4.672 ✓ Lockfile passes supply-chain policies (verified 58s ago)
#23 4.712 Lockfile is up to date, resolution step is skipped
#23 5.462 Already up to date
#23 9.953 
#23 9.953 devDependencies:
#23 9.953 + husky 9.1.7
#23 9.953 + lint-staged 16.2.7
#23 9.953 + oxfmt 0.35.0
#23 9.953 + oxlint 1.51.0
#23 9.953 + react-doctor 0.4.2
#23 9.953 + turbo 2.10.11
#23 9.953 
#23 9.973 . prepare$ husky
#23 10.10 . prepare: .git can't be found
#23 10.10 . prepare: Done
#23 10.45 Done in 7.6s using pnpm v11.10.0
#23 DONE 10.6s

#24 [installer 12/12] RUN pnpm turbo run build --filter=live
#24 2.947 Scope: all 13 workspace projects
#24 3.685 ✓ Lockfile passes supply-chain policies (verified 1m ago)
#24 3.738 Lockfile is up to date, resolution step is skipped
#24 4.308 Already up to date
#24 4.435 
#24 4.435    ╭──────────────────────────────────────────────╮
#24 4.435    │                                              │
#24 4.435    │     Update available! 11.10.0 → 12.6.0.      │
#24 4.435    │     Changelog: https://pnpm.io/v/12.6.0      │
#24 4.435    │   To update, run: corepack use pnpm@12.6.0   │
#24 4.435    │                                              │
#24 4.435    ╰──────────────────────────────────────────────╯
#24 4.435 
#24 7.708 
#24 7.731 . prepare$ husky
#24 7.871 . prepare: .git can't be found
#24 7.873 . prepare: Done
#24 8.236 Done in 6.4s using pnpm v11.10.0
#24 8.594 • turbo 2.10.11
#24 8.674 
#24 8.674    • Packages in scope: live
#24 8.674    • Running build in 1 packages
#24 8.674    • Remote caching disabled
#24 8.674 
#24 9.055 @plane/decorators:build: cache miss, executing ee0d07a833633b3d
#24 9.056 @plane/logger:build: cache miss, executing 09376fcd1266fb8a
#24 9.059 @plane/types:build: cache miss, executing ab12b3008103ed48
#24 9.061 @plane/hooks:build: cache miss, executing 03765f147810d758
#24 12.01 @plane/hooks:build: $ tsdown
#24 12.04 @plane/decorators:build: $ tsdown
#24 12.48 @plane/types:build: $ tsdown
#24 12.51 @plane/logger:build: $ tsdown
#24 12.70 @plane/decorators:build: ℹ tsdown v0.16.0 powered by rolldown v1.0.0-beta.46
#24 12.70 @plane/hooks:build: ℹ tsdown v0.16.0 powered by rolldown v1.0.0-beta.46
#24 12.89 @plane/logger:build: ℹ tsdown v0.16.0 powered by rolldown v1.0.0-beta.46
#24 13.11 @plane/types:build: ℹ tsdown v0.16.0 powered by rolldown v1.0.0-beta.46
#24 13.33 @plane/hooks:build: ℹ Using tsdown config: /app/packages/hooks/tsdown.config.ts
#24 13.38 @plane/hooks:build: ℹ entry: src/index.ts
#24 13.38 @plane/hooks:build: ℹ tsconfig: tsconfig.json
#24 13.38 @plane/hooks:build: ℹ Build start
#24 13.44 @plane/decorators:build: ℹ Using tsdown config: /app/packages/decorators/tsdown.config.ts
#24 13.52 @plane/decorators:build: ℹ entry: src/index.ts
#24 13.53 @plane/decorators:build: ℹ tsconfig: tsconfig.json
#24 13.53 @plane/decorators:build: ℹ Build start
#24 13.57 @plane/logger:build: ℹ Using tsdown config: /app/packages/logger/tsdown.config.ts
#24 13.64 @plane/logger:build: ℹ entry: src/index.ts
#24 13.65 @plane/logger:build: ℹ tsconfig: tsconfig.json
#24 13.65 @plane/logger:build: ℹ Build start
#24 13.79 @plane/types:build: ℹ Using tsdown config: /app/packages/types/tsdown.config.ts
#24 13.85 @plane/types:build: ℹ entry: src/index.ts
#24 13.86 @plane/types:build: ℹ tsconfig: tsconfig.json
#24 13.86 @plane/types:build: ℹ Build start
#24 27.60 @plane/decorators:build: ℹ dist/index.mjs        49.41 kB │ gzip:  8.71 kB
#24 27.60 @plane/decorators:build: ℹ dist/index.mjs.map    93.65 kB │ gzip: 16.16 kB
#24 27.60 @plane/decorators:build: ℹ dist/index.d.mts.map   0.86 kB │ gzip:  0.47 kB
#24 27.60 @plane/decorators:build: ℹ dist/index.d.mts       1.39 kB │ gzip:  0.51 kB
#24 27.60 @plane/decorators:build: ℹ 4 files, total: 145.32 kB
#24 27.61 @plane/decorators:build: ✔ Build complete in 14083ms
#24 28.41 @plane/logger:build: ℹ dist/index.mjs        0.73 kB │ gzip: 0.39 kB
#24 28.41 @plane/logger:build: ℹ dist/index.mjs.map    1.68 kB │ gzip: 0.74 kB
#24 28.42 @plane/logger:build: ℹ dist/index.d.mts.map  0.22 kB │ gzip: 0.18 kB
#24 28.42 @plane/logger:build: ℹ dist/index.d.mts      0.42 kB │ gzip: 0.22 kB
#24 28.42 @plane/logger:build: ℹ 4 files, total: 3.05 kB
#24 28.43 @plane/logger:build: ✔ Build complete in 14767ms
#24 30.63 @plane/hooks:build: ℹ dist/index.js         5.82 kB │ gzip: 1.93 kB
#24 30.63 @plane/hooks:build: ℹ dist/index.js.map    11.13 kB │ gzip: 3.57 kB
#24 30.63 @plane/hooks:build: ℹ dist/index.d.ts.map   0.66 kB │ gzip: 0.39 kB
#24 30.63 @plane/hooks:build: ℹ dist/index.d.ts       2.00 kB │ gzip: 0.80 kB
#24 30.63 @plane/hooks:build: ℹ 4 files, total: 19.61 kB
#24 30.64 @plane/hooks:build: ✔ Build complete in 17243ms
#24 31.76 @plane/types:build: ℹ dist/index.mjs         16.84 kB │ gzip:  3.67 kB
#24 31.77 @plane/types:build: ℹ dist/index.d.mts.map   89.23 kB │ gzip: 29.36 kB
#24 31.77 @plane/types:build: ℹ dist/index.mjs.map     65.53 kB │ gzip: 13.53 kB
#24 31.77 @plane/types:build: ℹ dist/index.d.mts      146.98 kB │ gzip: 28.71 kB
#24 31.77 @plane/types:build: ℹ 4 files, total: 318.56 kB
#24 31.80 @plane/types:build: ✔ Build complete in 17937ms
#24 31.95 @plane/constants:build: cache miss, executing d17c0306730c36d1
#24 33.33 @plane/constants:build: $ tsdown
#24 33.56 @plane/constants:build: ℹ tsdown v0.16.0 powered by rolldown v1.0.0-beta.46
#24 33.74 @plane/constants:build: ℹ Using tsdown config: /app/packages/constants/tsdown.config.ts
#24 33.76 @plane/constants:build: ℹ entry: src/index.ts
#24 33.76 @plane/constants:build: ℹ tsconfig: tsconfig.json
#24 33.76 @plane/constants:build: ℹ Build start
#24 39.38 @plane/constants:build: ℹ dist/index.mjs        108.95 kB │ gzip: 21.94 kB
#24 39.38 @plane/constants:build: ℹ dist/index.mjs.map    176.20 kB │ gzip: 30.67 kB
#24 39.38 @plane/constants:build: ℹ dist/index.d.mts.map   24.27 kB │ gzip:  8.82 kB
#24 39.38 @plane/constants:build: ℹ dist/index.d.mts       52.02 kB │ gzip: 11.44 kB
#24 39.38 @plane/constants:build: ℹ 4 files, total: 361.43 kB
#24 39.39 @plane/constants:build: ✔ Build complete in 5621ms
#24 39.48 @plane/utils:build: cache miss, executing 16c9df2d1ce39aff
#24 40.83 @plane/utils:build: $ tsdown
#24 41.04 @plane/utils:build: ℹ tsdown v0.16.0 powered by rolldown v1.0.0-beta.46
#24 41.22 @plane/utils:build: ℹ Using tsdown config: /app/packages/utils/tsdown.config.ts
#24 41.23 @plane/utils:build: ℹ entry: src/index.ts
#24 41.23 @plane/utils:build: ℹ tsconfig: tsconfig.json
#24 41.23 @plane/utils:build: ℹ Build start
#24 52.23 @plane/utils:build: ℹ dist/index.js        220.02 kB │ gzip: 55.20 kB
#24 52.23 @plane/utils:build: ℹ dist/index.js.map    400.12 kB │ gzip: 88.79 kB
#24 52.23 @plane/utils:build: ℹ dist/index.d.ts.map   43.35 kB │ gzip: 14.47 kB
#24 52.23 @plane/utils:build: ℹ dist/index.d.ts      117.11 kB │ gzip: 27.19 kB
#24 52.23 @plane/utils:build: ℹ 4 files, total: 780.60 kB
#24 52.24 @plane/utils:build: ✔ Build complete in 11001ms
#24 52.36 @plane/propel:build: cache miss, executing 28c114aa3d19248d
#24 53.71 @plane/propel:build: $ tsdown
#24 53.98 @plane/propel:build: ℹ tsdown v0.16.0 powered by rolldown v1.0.0-beta.46
#24 54.22 @plane/propel:build: ℹ Using tsdown config: /app/packages/propel/tsdown.config.ts
#24 54.30 @plane/propel:build: ℹ entry: src/accordion/index.ts, src/animated-counter/index.ts, src/avatar/index.ts, src/badge/index.ts, src/banner/index.ts, src/button/index.ts, src/calendar/index.ts, src/card/index.ts, src/collapsible/index.ts, src/combobox/index.ts, src/command/index.ts, src/context-menu/index.ts, src/dialog/index.ts, src/emoji-icon-picker/index.ts, src/emoji-reaction/index.ts, src/empty-state/index.ts, src/icon-button/index.ts, src/icons/index.ts, src/input/index.ts, src/menu/index.ts, src/pill/index.ts, src/popover/index.ts, src/portal/index.ts, src/scrollarea/index.ts, src/skeleton/index.ts, src/spinners/index.ts, src/switch/index.ts, src/tab-navigation/index.ts, src/table/index.ts, src/tabs/index.ts, src/toast/index.ts, src/toolbar/index.ts, src/tooltip/index.ts, src/utils/index.ts, src/charts/area-chart/index.ts, src/charts/bar-chart/index.ts, src/charts/line-chart/index.ts, src/charts/pie-chart/index.ts, src/charts/radar-chart/index.ts, src/charts/scatter-chart/index.ts, src/charts/tree-map/index.ts
#24 54.30 @plane/propel:build: ℹ tsconfig: tsconfig.json
#24 54.30 @plane/propel:build: ℹ Build start
#24 72.40 @plane/propel:build: ℹ dist/empty-state/index.js                  749.12 kB │ gzip: 213.69 kB
#24 72.40 @plane/propel:build: ℹ dist/charts/bar-chart/index.js               9.75 kB │ gzip:   3.19 kB
#24 72.40 @plane/propel:build: ℹ dist/charts/tree-map/index.js                9.39 kB │ gzip:   2.77 kB
#24 72.40 @plane/propel:build: ℹ dist/toast/index.js                          9.08 kB │ gzip:   2.30 kB
#24 72.40 @plane/propel:build: ℹ dist/portal/index.js                         6.41 kB │ gzip:   2.15 kB
#24 72.40 @plane/propel:build: ℹ dist/charts/pie-chart/index.js               6.25 kB │ gzip:   2.03 kB
#24 72.40 @plane/propel:build: ℹ dist/icons/index.js                          6.18 kB │ gzip:   1.86 kB
#24 72.40 @plane/propel:build: ℹ dist/menu/index.js                           5.60 kB │ gzip:   1.87 kB
#24 72.40 @plane/propel:build: ℹ dist/emoji-reaction/index.js                 5.57 kB │ gzip:   1.93 kB
#24 72.40 @plane/propel:build: ℹ dist/charts/area-chart/index.js              5.21 kB │ gzip:   1.92 kB
#24 72.40 @plane/propel:build: ℹ dist/combobox/index.js                       4.83 kB │ gzip:   1.74 kB
#24 72.40 @plane/propel:build: ℹ dist/charts/line-chart/index.js              4.50 kB │ gzip:   1.69 kB
#24 72.40 @plane/propel:build: ℹ dist/charts/scatter-chart/index.js           4.24 kB │ gzip:   1.56 kB
#24 72.40 @plane/propel:build: ℹ dist/toolbar/index.js                        4.05 kB │ gzip:   1.43 kB
#24 72.40 @plane/propel:build: ℹ dist/context-menu/index.js                   3.68 kB │ gzip:   1.14 kB
#24 72.40 @plane/propel:build: ℹ dist/banner/index.js                         3.43 kB │ gzip:   1.34 kB
#24 72.40 @plane/propel:build: ℹ dist/dialog/index.js                         3.33 kB │ gzip:   1.13 kB
#24 72.40 @plane/propel:build: ℹ dist/scrollarea/index.js                     2.96 kB │ gzip:   1.08 kB
#24 72.40 @plane/propel:build: ℹ dist/tabs/index.js                           2.87 kB │ gzip:   1.13 kB
#24 72.40 @plane/propel:build: ℹ dist/charts/radar-chart/index.js             2.83 kB │ gzip:   1.19 kB
#24 72.40 @plane/propel:build: ℹ dist/table/index.js                          2.72 kB │ gzip:   0.84 kB
#24 72.40 @plane/propel:build: ℹ dist/avatar/index.js                         2.69 kB │ gzip:   1.02 kB
#24 72.40 @plane/propel:build: ℹ dist/pill/index.js                           2.37 kB │ gzip:   1.02 kB
#24 72.40 @plane/propel:build: ℹ dist/collapsible/index.js                    2.17 kB │ gzip:   0.91 kB
#24 72.40 @plane/propel:build: ℹ dist/badge/index.js                          2.12 kB │ gzip:   0.97 kB
#24 72.40 @plane/propel:build: ℹ dist/accordion/index.js                      1.96 kB │ gzip:   0.74 kB
#24 72.40 @plane/propel:build: ℹ dist/tab-navigation/index.js                 1.90 kB │ gzip:   0.80 kB
#24 72.40 @plane/propel:build: ℹ dist/spinners/index.js                       1.89 kB │ gzip:   1.00 kB
#24 72.40 @plane/propel:build: ℹ dist/command/index.js                        1.48 kB │ gzip:   0.58 kB
#24 72.40 @plane/propel:build: ℹ dist/switch/index.js                         1.46 kB │ gzip:   0.71 kB
#24 72.40 @plane/propel:build: ℹ dist/input/index.js                          1.42 kB │ gzip:   0.77 kB
#24 72.40 @plane/propel:build: ℹ dist/calendar/index.js                       1.16 kB │ gzip:   0.59 kB
#24 72.40 @plane/propel:build: ℹ dist/skeleton/index.js                       0.92 kB │ gzip:   0.46 kB
#24 72.40 @plane/propel:build: ℹ dist/emoji-icon-picker/index.js              0.71 kB │ gzip:   0.35 kB
#24 72.40 @plane/propel:build: ℹ dist/utils/index.js                          0.25 kB │ gzip:   0.17 kB
#24 72.40 @plane/propel:build: ℹ dist/icon-button/index.js                    0.23 kB │ gzip:   0.17 kB
#24 72.40 @plane/propel:build: ℹ dist/button/index.js                         0.21 kB │ gzip:   0.16 kB
#24 72.40 @plane/propel:build: ℹ dist/card/index.js                           0.20 kB │ gzip:   0.15 kB
#24 72.40 @plane/propel:build: ℹ dist/animated-counter/index.js               0.20 kB │ gzip:   0.15 kB
#24 72.40 @plane/propel:build: ℹ dist/tooltip/index.js                        0.18 kB │ gzip:   0.14 kB
#24 72.40 @plane/propel:build: ℹ dist/popover/index.js                        0.11 kB │ gzip:   0.10 kB
#24 72.40 @plane/propel:build: ℹ dist/empty-state/index.js.map              859.86 kB │ gzip: 218.29 kB
#24 72.40 @plane/propel:build: ℹ dist/icons-DWzY_Ct4.js.map                 391.68 kB │ gzip: 100.97 kB
#24 72.40 @plane/propel:build: ℹ dist/icons-DWzY_Ct4.js                     309.50 kB │ gzip:  94.69 kB
#24 72.40 @plane/propel:build: ℹ dist/emoji-icon-picker-C-QxDRjq.js.map      58.16 kB │ gzip:  13.25 kB
#24 72.40 @plane/propel:build: ℹ dist/emoji-icon-picker-C-QxDRjq.js          32.67 kB │ gzip:   8.54 kB
#24 72.40 @plane/propel:build: ℹ dist/charts/bar-chart/index.js.map          18.54 kB │ gzip:   5.83 kB
#24 72.40 @plane/propel:build: ℹ dist/index-BUyOAoiw.d.ts.map                17.31 kB │ gzip:   3.08 kB
#24 72.40 @plane/propel:build: ℹ dist/charts/tree-map/index.js.map           16.84 kB │ gzip:   4.95 kB
#24 72.40 @plane/propel:build: ℹ dist/toast/index.js.map                     14.78 kB │ gzip:   4.07 kB
#24 72.40 @plane/propel:build: ℹ dist/charts/pie-chart/index.js.map          10.95 kB │ gzip:   3.47 kB
#24 72.40 @plane/propel:build: ℹ dist/combobox/index.js.map                   9.95 kB │ gzip:   3.34 kB
#24 72.40 @plane/propel:build: ℹ dist/charts/area-chart/index.js.map          9.79 kB │ gzip:   3.31 kB
#24 72.40 @plane/propel:build: ℹ dist/emoji-reaction/index.js.map             9.74 kB │ gzip:   3.24 kB
#24 72.40 @plane/propel:build: ℹ dist/empty-state/index.d.ts.map              9.61 kB │ gzip:   2.39 kB
#24 72.40 @plane/propel:build: ℹ dist/portal/index.js.map                     9.54 kB │ gzip:   3.32 kB
#24 72.40 @plane/propel:build: ℹ dist/menu/index.js.map                       9.53 kB │ gzip:   3.20 kB
#24 72.40 @plane/propel:build: ℹ dist/charts/line-chart/index.js.map          8.10 kB │ gzip:   2.75 kB
#24 72.40 @plane/propel:build: ℹ dist/charts/scatter-chart/index.js.map       7.53 kB │ gzip:   2.53 kB
#24 72.40 @plane/propel:build: ℹ dist/toolbar/index.js.map                    7.21 kB │ gzip:   2.34 kB
#24 72.40 @plane/propel:build: ℹ dist/context-menu/index.js.map               7.16 kB │ gzip:   1.94 kB
#24 72.40 @plane/propel:build: ℹ dist/banner/index.js.map                     6.96 kB │ gzip:   2.58 kB
#24 72.40 @plane/propel:build: ℹ dist/tabs/index.js.map                       6.21 kB │ gzip:   1.86 kB
#24 72.40 @plane/propel:build: ℹ dist/tooltip-2hD27cLV.js.map                 5.98 kB │ gzip:   2.15 kB
#24 72.40 @plane/propel:build: ℹ dist/dialog/index.js.map                     5.75 kB │ gzip:   1.97 kB
#24 72.40 @plane/propel:build: ℹ dist/button-CjcOirFK.js.map                  5.70 kB │ gzip:   1.99 kB
#24 72.40 @plane/propel:build: ℹ dist/avatar/index.js.map                     5.14 kB │ gzip:   1.78 kB
#24 72.40 @plane/propel:build: ℹ dist/charts/radar-chart/index.js.map         4.91 kB │ gzip:   1.89 kB
#24 72.40 @plane/propel:build: ℹ dist/scrollarea/index.js.map                 4.86 kB │ gzip:   1.64 kB
#24 72.40 @plane/propel:build: ℹ dist/icon-button-2BUssuti.js.map             4.86 kB │ gzip:   1.66 kB
#24 72.40 @plane/propel:build: ℹ dist/table/index.js.map                      4.83 kB │ gzip:   1.32 kB
#24 72.40 @plane/propel:build: ℹ dist/popover-CrZ8wRJs.js.map                 4.12 kB │ gzip:   1.50 kB
#24 72.40 @plane/propel:build: ℹ dist/badge/index.js.map                      4.08 kB │ gzip:   1.63 kB
#24 72.40 @plane/propel:build: ℹ dist/animated-counter-CqtqTlrG.js.map        3.95 kB │ gzip:   1.52 kB
#24 72.40 @plane/propel:build: ℹ dist/collapsible/index.js.map                3.95 kB │ gzip:   1.53 kB
#24 72.40 @plane/propel:build: ℹ dist/tooltip-CLEkTCyg.js.map                 3.83 kB │ gzip:   1.57 kB
#24 72.40 @plane/propel:build: ℹ dist/legend-HUzGLN3O.js.map                  3.79 kB │ gzip:   1.65 kB
#24 72.40 @plane/propel:build: ℹ dist/tooltip-2hD27cLV.js                     3.75 kB │ gzip:   1.29 kB
#24 72.40 @plane/propel:build: ℹ dist/accordion/index.js.map                  3.72 kB │ gzip:   1.34 kB
#24 72.40 @plane/propel:build: ℹ dist/pill/index.js.map                       3.46 kB │ gzip:   1.38 kB
#24 72.40 @plane/propel:build: ℹ dist/card-BJ9a4xMU.js.map                    3.43 kB │ gzip:   1.35 kB
#24 72.40 @plane/propel:build: ℹ dist/button-CjcOirFK.js                      3.31 kB │ gzip:   1.22 kB
#24 72.40 @plane/propel:build: ℹ dist/classname-BokbBhj4.js.map               3.14 kB │ gzip:   1.30 kB
#24 72.40 @plane/propel:build: ℹ dist/icon-button-2BUssuti.js                 2.93 kB │ gzip:   1.08 kB
#24 72.40 @plane/propel:build: ℹ dist/circular-bar-spinner-Cp6QEb9r.js.map    2.86 kB │ gzip:   0.97 kB
#24 72.40 @plane/propel:build: ℹ dist/placement-Db9Qu3XD.js.map               2.73 kB │ gzip:   0.82 kB
#24 72.40 @plane/propel:build: ℹ dist/switch/index.js.map                     2.71 kB │ gzip:   1.19 kB
#24 72.40 @plane/propel:build: ℹ dist/tab-navigation/index.js.map             2.65 kB │ gzip:   1.04 kB
#24 72.40 @plane/propel:build: ℹ dist/command/index.js.map                    2.48 kB │ gzip:   0.95 kB
#24 72.41 @plane/propel:build: ℹ dist/spinners/index.js.map                   2.42 kB │ gzip:   1.33 kB
#24 72.41 @plane/propel:build: ℹ dist/input/index.js.map                      2.34 kB │ gzip:   1.11 kB
#24 72.41 @plane/propel:build: ℹ dist/popover-CrZ8wRJs.js                     2.30 kB │ gzip:   0.85 kB
#24 72.41 @plane/propel:build: ℹ dist/animated-counter-CqtqTlrG.js            2.27 kB │ gzip:   0.93 kB
#24 72.41 @plane/propel:build: ℹ dist/card-BJ9a4xMU.js                        2.13 kB │ gzip:   0.90 kB
#24 72.41 @plane/propel:build: ℹ dist/legend-HUzGLN3O.js                      2.08 kB │ gzip:   1.03 kB
#24 72.41 @plane/propel:build: ℹ dist/circular-bar-spinner-Cp6QEb9r.js        2.08 kB │ gzip:   0.60 kB
#24 72.41 @plane/propel:build: ℹ dist/tooltip-CLEkTCyg.js                     2.05 kB │ gzip:   0.96 kB
#24 72.41 @plane/propel:build: ℹ dist/combobox/index.d.ts.map                 1.95 kB │ gzip:   0.65 kB
#24 72.41 @plane/propel:build: ℹ dist/calendar/index.js.map                   1.94 kB │ gzip:   0.92 kB
#24 72.41 @plane/propel:build: ℹ dist/emoji-icon-picker/index.d.ts.map        1.79 kB │ gzip:   0.77 kB
#24 72.41 @plane/propel:build: ℹ dist/emoji-reaction/index.d.ts.map           1.71 kB │ gzip:   0.62 kB
#24 72.41 @plane/propel:build: ℹ dist/skeleton/index.js.map                   1.66 kB │ gzip:   0.82 kB
#24 72.41 @plane/propel:build: ℹ dist/table/index.d.ts.map                    1.61 kB │ gzip:   0.46 kB
#24 72.41 @plane/propel:build: ℹ dist/portal/index.d.ts.map                   1.57 kB │ gzip:   0.64 kB
#24 72.41 @plane/propel:build: ℹ dist/classname-BokbBhj4.js                   1.47 kB │ gzip:   0.74 kB
#24 72.41 @plane/propel:build: ℹ dist/toast/index.d.ts.map                    1.46 kB │ gzip:   0.68 kB
#24 72.41 @plane/propel:build: ℹ dist/tabs/index.d.ts.map                     1.42 kB │ gzip:   0.47 kB
#24 72.41 @plane/propel:build: ℹ dist/accordion/index.d.ts.map                1.28 kB │ gzip:   0.49 kB
#24 72.41 @plane/propel:build: ℹ dist/placement-Db9Qu3XD.js                   1.13 kB │ gzip:   0.36 kB
#24 72.41 @plane/propel:build: ℹ dist/badge/index.d.ts.map                    1.12 kB │ gzip:   0.43 kB
#24 72.41 @plane/propel:build: ℹ dist/dialog/index.d.ts.map                   1.09 kB │ gzip:   0.50 kB
#24 72.41 @plane/propel:build: ℹ dist/menu/index.d.ts.map                     1.09 kB │ gzip:   0.47 kB
#24 72.41 @plane/propel:build: ℹ dist/toolbar/index.d.ts.map                  1.00 kB │ gzip:   0.45 kB
#24 72.41 @plane/propel:build: ℹ dist/pill/index.d.ts.map                     0.99 kB │ gzip:   0.45 kB
#24 72.41 @plane/propel:build: ℹ dist/icon-button/index.d.ts.map              0.96 kB │ gzip:   0.44 kB
#24 72.41 @plane/propel:build: ℹ dist/collapsible/index.d.ts.map              0.95 kB │ gzip:   0.44 kB
#24 72.41 @plane/propel:build: ℹ dist/context-menu/index.d.ts.map             0.94 kB │ gzip:   0.40 kB
#24 72.41 @plane/propel:build: ℹ dist/command/index.d.ts.map                  0.93 kB │ gzip:   0.39 kB
#24 72.41 @plane/propel:build: ℹ dist/helper-Bad4ZNO1.d.ts.map                0.76 kB │ gzip:   0.37 kB
#24 72.41 @plane/propel:build: ℹ dist/card/index.d.ts.map                     0.69 kB │ gzip:   0.38 kB
#24 72.41 @plane/propel:build: ℹ dist/skeleton/index.d.ts.map                 0.63 kB │ gzip:   0.31 kB
#24 72.41 @plane/propel:build: ℹ dist/scrollarea/index.d.ts.map               0.60 kB │ gzip:   0.33 kB
#24 72.41 @plane/propel:build: ℹ dist/banner/index.d.ts.map                   0.59 kB │ gzip:   0.31 kB
#24 72.41 @plane/propel:build: ℹ dist/popover/index.d.ts.map                  0.58 kB │ gzip:   0.32 kB
#24 72.41 @plane/propel:build: ℹ dist/spinners/index.d.ts.map                 0.57 kB │ gzip:   0.28 kB
#24 72.41 @plane/propel:build: ℹ dist/button/index.d.ts.map                   0.52 kB │ gzip:   0.24 kB
#24 72.41 @plane/propel:build: ℹ dist/tab-navigation/index.d.ts.map           0.52 kB │ gzip:   0.28 kB
#24 72.41 @plane/propel:build: ℹ dist/placement-qJjmdCXt.d.ts.map             0.49 kB │ gzip:   0.26 kB
#24 72.41 @plane/propel:build: ℹ dist/switch/index.d.ts.map                   0.48 kB │ gzip:   0.25 kB
#24 72.41 @plane/propel:build: ℹ dist/tooltip/index.d.ts.map                  0.40 kB │ gzip:   0.26 kB
#24 72.41 @plane/propel:build: ℹ dist/animated-counter/index.d.ts.map         0.38 kB │ gzip:   0.22 kB
#24 72.41 @plane/propel:build: ℹ dist/input/index.d.ts.map                    0.35 kB │ gzip:   0.21 kB
#24 72.41 @plane/propel:build: ℹ dist/avatar/index.d.ts.map                   0.34 kB │ gzip:   0.22 kB
#24 72.41 @plane/propel:build: ℹ dist/charts/scatter-chart/index.d.ts.map     0.32 kB │ gzip:   0.20 kB
#24 72.41 @plane/propel:build: ℹ dist/charts/bar-chart/index.d.ts.map         0.32 kB │ gzip:   0.20 kB
#24 72.41 @plane/propel:build: ℹ dist/charts/pie-chart/index.d.ts.map         0.32 kB │ gzip:   0.20 kB
#24 72.41 @plane/propel:build: ℹ dist/charts/area-chart/index.d.ts.map        0.31 kB │ gzip:   0.20 kB
#24 72.41 @plane/propel:build: ℹ dist/charts/line-chart/index.d.ts.map        0.31 kB │ gzip:   0.20 kB
#24 72.41 @plane/propel:build: ℹ dist/calendar/index.d.ts.map                 0.29 kB │ gzip:   0.21 kB
#24 72.41 @plane/propel:build: ℹ dist/charts/radar-chart/index.d.ts.map       0.27 kB │ gzip:   0.18 kB
#24 72.41 @plane/propel:build: ℹ dist/charts/tree-map/index.d.ts.map          0.16 kB │ gzip:   0.14 kB
#24 72.41 @plane/propel:build: ℹ dist/utils/index.d.ts.map                    0.14 kB │ gzip:   0.13 kB
#24 72.41 @plane/propel:build: ℹ dist/utils-MPqvUdqq.js                       0.00 kB │ gzip:   0.02 kB
#24 72.41 @plane/propel:build: ℹ dist/empty-state/index.d.ts                 14.64 kB │ gzip:   2.17 kB
#24 72.41 @plane/propel:build: ℹ dist/icons/index.d.ts                        6.31 kB │ gzip:   1.89 kB
#24 72.41 @plane/propel:build: ℹ dist/emoji-icon-picker/index.d.ts            4.14 kB │ gzip:   1.41 kB
#24 72.41 @plane/propel:build: ℹ dist/portal/index.d.ts                       3.97 kB │ gzip:   1.42 kB
#24 72.41 @plane/propel:build: ℹ dist/combobox/index.d.ts                     2.23 kB │ gzip:   0.74 kB
#24 72.41 @plane/propel:build: ℹ dist/emoji-reaction/index.d.ts               2.20 kB │ gzip:   0.67 kB
#24 72.41 @plane/propel:build: ℹ dist/tabs/index.d.ts                         2.03 kB │ gzip:   0.45 kB
#24 72.41 @plane/propel:build: ℹ dist/table/index.d.ts                        1.95 kB │ gzip:   0.37 kB
#24 72.41 @plane/propel:build: ℹ dist/context-menu/index.d.ts                 1.95 kB │ gzip:   0.53 kB
#24 72.41 @plane/propel:build: ℹ dist/menu/index.d.ts                         1.83 kB │ gzip:   0.74 kB
#24 72.41 @plane/propel:build: ℹ dist/toolbar/index.d.ts                      1.80 kB │ gzip:   0.54 kB
#24 72.41 @plane/propel:build: ℹ dist/toast/index.d.ts                        1.79 kB │ gzip:   0.62 kB
#24 72.41 @plane/propel:build: ℹ dist/badge/index.d.ts                        1.61 kB │ gzip:   0.55 kB
#24 72.41 @plane/propel:build: ℹ dist/accordion/index.d.ts                    1.48 kB │ gzip:   0.45 kB
#24 72.41 @plane/propel:build: ℹ dist/dialog/index.d.ts                       1.38 kB │ gzip:   0.52 kB
#24 72.41 @plane/propel:build: ℹ dist/tab-navigation/index.d.ts               1.27 kB │ gzip:   0.47 kB
#24 72.41 @plane/propel:build: ℹ dist/icon-button/index.d.ts                  1.26 kB │ gzip:   0.55 kB
#24 72.41 @plane/propel:build: ℹ dist/banner/index.d.ts                       1.22 kB │ gzip:   0.61 kB
#24 72.41 @plane/propel:build: ℹ dist/avatar/index.d.ts                       1.21 kB │ gzip:   0.53 kB
#24 72.41 @plane/propel:build: ℹ dist/card/index.d.ts                         1.11 kB │ gzip:   0.56 kB
#24 72.41 @plane/propel:build: ℹ dist/pill/index.d.ts                         1.05 kB │ gzip:   0.52 kB
#24 72.41 @plane/propel:build: ℹ dist/button/index.d.ts                       1.05 kB │ gzip:   0.49 kB
#24 72.41 @plane/propel:build: ℹ dist/collapsible/index.d.ts                  0.96 kB │ gzip:   0.39 kB
#24 72.41 @plane/propel:build: ℹ dist/command/index.d.ts                      0.95 kB │ gzip:   0.31 kB
#24 72.41 @plane/propel:build: ℹ dist/scrollarea/index.d.ts                   0.90 kB │ gzip:   0.41 kB
#24 72.41 @plane/propel:build: ℹ dist/popover/index.d.ts                      0.84 kB │ gzip:   0.44 kB
#24 72.41 @plane/propel:build: ℹ dist/spinners/index.d.ts                     0.75 kB │ gzip:   0.30 kB
#24 72.41 @plane/propel:build: ℹ dist/skeleton/index.d.ts                     0.75 kB │ gzip:   0.32 kB
#24 72.41 @plane/propel:build: ℹ dist/tooltip/index.d.ts                      0.68 kB │ gzip:   0.39 kB
#24 72.41 @plane/propel:build: ℹ dist/animated-counter/index.d.ts             0.56 kB │ gzip:   0.36 kB
#24 72.41 @plane/propel:build: ℹ dist/switch/index.d.ts                       0.52 kB │ gzip:   0.31 kB
#24 72.41 @plane/propel:build: ℹ dist/utils/index.d.ts                        0.45 kB │ gzip:   0.28 kB
#24 72.41 @plane/propel:build: ℹ dist/input/index.d.ts                        0.45 kB │ gzip:   0.29 kB
#24 72.41 @plane/propel:build: ℹ dist/calendar/index.d.ts                     0.42 kB │ gzip:   0.28 kB
#24 72.41 @plane/propel:build: ℹ dist/charts/scatter-chart/index.d.ts         0.35 kB │ gzip:   0.24 kB
#24 72.41 @plane/propel:build: ℹ dist/charts/area-chart/index.d.ts            0.33 kB │ gzip:   0.24 kB
#24 72.41 @plane/propel:build: ℹ dist/charts/line-chart/index.d.ts            0.33 kB │ gzip:   0.24 kB
#24 72.41 @plane/propel:build: ℹ dist/charts/bar-chart/index.d.ts             0.33 kB │ gzip:   0.24 kB
#24 72.41 @plane/propel:build: ℹ dist/charts/pie-chart/index.d.ts             0.33 kB │ gzip:   0.23 kB
#24 72.41 @plane/propel:build: ℹ dist/charts/radar-chart/index.d.ts           0.32 kB │ gzip:   0.23 kB
#24 72.41 @plane/propel:build: ℹ dist/charts/tree-map/index.d.ts              0.27 kB │ gzip:   0.19 kB
#24 72.41 @plane/propel:build: ℹ dist/index-BUyOAoiw.d.ts                    35.59 kB │ gzip:   5.29 kB
#24 72.41 @plane/propel:build: ℹ dist/helper-Bad4ZNO1.d.ts                    1.03 kB │ gzip:   0.50 kB
#24 72.41 @plane/propel:build: ℹ dist/placement-qJjmdCXt.d.ts                 0.75 kB │ gzip:   0.40 kB
#24 72.41 @plane/propel:build: ℹ 187 files, total: 2971.60 kB
#24 73.06 @plane/propel:build: ✔ Build complete in 18753ms
#24 73.20 @plane/ui:build: cache miss, executing e1bb55d817399fd9
#24 74.74 @plane/ui:build: $ tsdown
#24 75.00 @plane/ui:build: ℹ tsdown v0.16.0 powered by rolldown v1.0.0-beta.46
#24 75.19 @plane/ui:build: ℹ Using tsdown config: /app/packages/ui/tsdown.config.ts
#24 75.22 @plane/ui:build: ℹ entry: src/index.ts
#24 75.22 @plane/ui:build: ℹ tsconfig: tsconfig.json
#24 75.22 @plane/ui:build: ℹ Build start
#24 83.69 @plane/ui:build: ℹ dist/index.js        111.57 kB │ gzip: 22.13 kB
#24 83.69 @plane/ui:build: ℹ dist/index.js.map    206.03 kB │ gzip: 43.89 kB
#24 83.69 @plane/ui:build: ℹ dist/index.d.ts.map   17.64 kB │ gzip:  6.10 kB
#24 83.69 @plane/ui:build: ℹ dist/index.d.ts       25.39 kB │ gzip:  5.51 kB
#24 83.70 @plane/ui:build: ℹ 4 files, total: 360.64 kB
#24 83.70 @plane/ui:build: ✔ Build complete in 8475ms
#24 83.83 @plane/editor:build: cache miss, executing 9f457ed44eae53d6
#24 85.24 @plane/editor:build: $ tsc && tsdown
#24 107.0 @plane/editor:build: ℹ tsdown v0.16.0 powered by rolldown v1.0.0-beta.46
#24 107.3 @plane/editor:build: ℹ Using tsdown config: /app/packages/editor/tsdown.config.ts
#24 107.3 @plane/editor:build: ℹ entry: src/index.ts, src/lib.ts
#24 107.3 @plane/editor:build: ℹ tsconfig: tsconfig.json
#24 107.3 @plane/editor:build: ℹ Build start
#24 123.0 @plane/editor:build: ℹ dist/index.js                                       203.73 kB │ gzip: 44.71 kB
#24 123.0 @plane/editor:build: ℹ dist/lib.js                                           2.66 kB │ gzip:  0.84 kB
#24 123.0 @plane/editor:build: ℹ dist/document-collaborative-events-NWWO-tl_.js.map  446.63 kB │ gzip: 93.63 kB
#24 123.0 @plane/editor:build: ℹ dist/index.js.map                                   427.84 kB │ gzip: 94.00 kB
#24 123.0 @plane/editor:build: ℹ dist/document-collaborative-events-NWWO-tl_.js      212.28 kB │ gzip: 45.98 kB
#24 123.0 @plane/editor:build: ℹ dist/yjs-utils-X9TG3ouQ.d.ts.map                     13.68 kB │ gzip:  5.06 kB
#24 123.0 @plane/editor:build: ℹ dist/lib.js.map                                       4.80 kB │ gzip:  1.32 kB
#24 123.0 @plane/editor:build: ℹ dist/index.d.ts.map                                   1.66 kB │ gzip:  0.74 kB
#24 123.0 @plane/editor:build: ℹ dist/lib.d.ts.map                                     0.16 kB │ gzip:  0.14 kB
#24 123.0 @plane/editor:build: ℹ dist/index.d.ts                                       9.15 kB │ gzip:  2.62 kB
#24 123.0 @plane/editor:build: ℹ dist/lib.d.ts                                         2.43 kB │ gzip:  0.79 kB
#24 123.0 @plane/editor:build: ℹ dist/yjs-utils-X9TG3ouQ.d.ts                         32.21 kB │ gzip:  7.99 kB
#24 123.0 @plane/editor:build: ℹ 12 files, total: 1357.22 kB
#24 123.3 @plane/editor:build: ✔ Build complete in 15946ms
#24 123.6 live:build: cache miss, executing 563b1dc908d51a81
#24 125.2 live:build: $ tsc --noEmit && tsdown
#24 140.6 live:build: ℹ tsdown v0.16.0 powered by rolldown v1.0.0-beta.46
#24 140.8 live:build: ℹ Using tsdown config: /app/apps/live/tsdown.config.ts
#24 140.8 live:build: ℹ entry: src/start.ts
#24 140.8 live:build: ℹ tsconfig: tsconfig.json
#24 140.9 live:build: ℹ Build start
#24 140.9 live:build: ℹ dist/start.mjs  100.17 kB │ gzip: 24.24 kB
#24 140.9 live:build: ℹ 1 files, total: 100.17 kB
#24 141.0 live:build: ✔ Build complete in 112ms
#24 141.0 
#24 141.0  Tasks:    10 successful, 10 total
#24 141.0 Cached:    0 cached, 10 total
#24 141.0   Time:    2m12.422s 
#24 141.0 
#24 DONE 141.3s

#25 [runner 2/9] RUN apk del go 2>/dev/null || true
#25 CACHED

#26 [runner 1/9] WORKDIR /app
#26 CACHED

#27 [runner 3/9] RUN rm -rf /usr/local/lib/node_modules/npm/node_modules/picomatch
#27 CACHED

#28 [runner 4/9] COPY --from=installer /app/packages ./packages
#28 DONE 0.5s

#29 [runner 5/9] COPY --from=installer /app/apps/live/dist ./apps/live/dist
#29 DONE 0.1s

#30 [runner 6/9] COPY --from=installer /app/apps/live/node_modules ./apps/live/node_modules
#30 DONE 0.2s

#31 [runner 7/9] COPY --from=installer /app/node_modules ./node_modules
#31 DONE 65.9s

#32 [runner 8/9] COPY --from=installer /app/apps/live/package.json ./apps/live/package.json
#32 DONE 1.9s

#33 [runner 9/9] RUN find /app/node_modules ( -name 'esbuild' -o -name 'tsgolint' ) -type f -delete 2>/dev/null || true
#33 DONE 3.2s

#34 exporting to image
#34 exporting layers
#34 exporting layers 106.2s done
#34 exporting manifest sha256:be0e09639774ec9669bfa6b09480ce8efe8ecfb8c9f33f523a1e60cd90c2c5f8 0.0s done
#34 exporting config sha256:fc778bb1c8ca64c24710a6010a732570b1527113c831947d6877113ad386f8e2 0.0s done
#34 exporting attestation manifest sha256:1edf5e5118014ec00239284ac00cc37cb1984f59fb5b13feac42ccf3da61ef89 0.0s done
#34 exporting manifest list sha256:6f9b56dbb1a6779c1de7580ae0537b6fe9cedf421c812c40cc0f142383e2c2fd 0.0s done
#34 naming to docker.io/library/ten-fold-plane-live:latest done
#34 unpacking to docker.io/library/ten-fold-plane-live:latest
#34 unpacking to docker.io/library/ten-fold-plane-live:latest 42.9s done
#34 DONE 149.2s

#35 resolving provenance for metadata file
#35 DONE 0.3s
 Image ten-fold-plane-live Built 
 Image ten-fold-plane-copilot Building 
#1 [internal] load local bake definitions
#1 reading from stdin 1.03kB done
#1 DONE 0.0s

#2 [internal] load build definition from Dockerfile
#2 transferring dockerfile: 1.07kB done
#2 DONE 0.0s

#3 resolve image config for docker-image://docker.io/docker/dockerfile:1.7
#3 DONE 1.2s

#4 docker-image://docker.io/docker/dockerfile:1.7@sha256:a57df69d0ea827fb7266491f2813635de6f17269be881f696fbfdf2d83dda33e
#4 resolve docker.io/docker/dockerfile:1.7@sha256:a57df69d0ea827fb7266491f2813635de6f17269be881f696fbfdf2d83dda33e 0.1s done
#4 CACHED

#5 [internal] load metadata for docker.io/library/node:22-alpine
#5 DONE 1.1s

#6 [internal] load .dockerignore
#6 transferring context: 882B done
#6 DONE 0.0s

#7 [internal] load build context
#7 DONE 0.0s

#8 [builder 1/5] FROM docker.io/library/node:22-alpine@sha256:b6f26b36c8ff49624cfdac716b8ea1138d606df02586a77d364bb5536a634f85
#8 resolve docker.io/library/node:22-alpine@sha256:b6f26b36c8ff49624cfdac716b8ea1138d606df02586a77d364bb5536a634f85
#8 resolve docker.io/library/node:22-alpine@sha256:b6f26b36c8ff49624cfdac716b8ea1138d606df02586a77d364bb5536a634f85 0.2s done
#8 DONE 0.2s

#7 [internal] load build context
#7 transferring context: 576.78kB 2.3s done
#7 DONE 2.4s

#9 [builder 2/5] WORKDIR /app
#9 CACHED

#10 [builder 3/5] RUN corepack enable && pnpm add -g turbo@2.9.18
#10 CACHED

#11 [builder 4/5] COPY . .
#11 DONE 5.7s

#12 [builder 5/5] RUN turbo prune --scope=@plane/copilot --docker
#12 0.688  WARNING  --scope is deprecated and will be removed in a future major version. Use positional arguments instead (e.g. `turbo prune web`)
#12 0.690 
#12 0.690 Attention:
#12 0.690 Turborepo now collects completely anonymous telemetry regarding usage.
#12 0.690 This information is used to shape the Turborepo roadmap and prioritize features.
#12 0.690 You can learn more, including how to opt-out if you'd not like to participate in this anonymous program, by visiting the following URL:
#12 0.690 https://turborepo.dev/docs/telemetry
#12 0.690 
#12 0.693 • turbo 2.9.18
#12 0.957 Generating pruned monorepo for @plane/copilot in /app/out
#12 0.970  - Added @plane/copilot
#12 0.977  - Added @plane/typescript-config
#12 DONE 1.1s

#13 [stage-1 4/8] COPY --from=builder /app/out/json/ .
#13 CACHED

#14 [stage-1 5/8] COPY --from=builder /app/out/pnpm-lock.yaml ./pnpm-lock.yaml
#14 CACHED

#15 [stage-1 6/8] COPY --from=builder /app/out/full/ .
#15 CACHED

#16 [stage-1 7/8] RUN --mount=type=cache,id=pnpm-store,target=/pnpm/store pnpm fetch --store-dir=/pnpm/store
#16 CACHED

#17 [stage-1 3/8] RUN apk add --no-cache libc6-compat && corepack enable
#17 CACHED

#18 [stage-1 8/8] RUN --mount=type=cache,id=pnpm-store,target=/pnpm/store CI=true pnpm install --offline --frozen-lockfile --store-dir=/pnpm/store
#18 CACHED

#19 exporting to image
#19 exporting layers 0.0s done
#19 exporting manifest sha256:4e7013336130f7353b06eed89129e62013e41d55ea82c47225d30352a11df957 done
#19 exporting config sha256:6ac8ec8a937daa143e5a4166f4565dceff3bfdd605a677a09006a274c110e52e done
#19 exporting attestation manifest sha256:b3ed79739b09544aa3ec2f86e0f7812e6d27715fd567b86f81dd8bbfeff785b8 0.0s done
#19 exporting manifest list sha256:789d15e6370742a7c96794e2fa1fcbe1a9a08e5d8e7eff3849dd0f90c9184598 0.0s done
#19 naming to docker.io/library/ten-fold-plane-copilot:latest
#19 naming to docker.io/library/ten-fold-plane-copilot:latest done
#19 unpacking to docker.io/library/ten-fold-plane-copilot:latest 0.0s done
#19 DONE 0.2s

#20 resolving provenance for metadata file
#20 DONE 0.0s
 Image ten-fold-plane-copilot Built 
 Image ten-fold-plane-api Building 
#1 [internal] load local bake definitions
#1 reading from stdin 590B done
#1 DONE 0.0s

#2 [internal] load build definition from Dockerfile.api
#2 transferring dockerfile: 1.30kB 0.0s done
#2 DONE 0.0s

#3 [internal] load metadata for docker.io/library/python:3.12.10-alpine
#3 DONE 1.4s

#4 [internal] load .dockerignore
#4 transferring context: 2B done
#4 DONE 0.0s

#5 [internal] load build context
#5 DONE 0.0s

#6 [ 1/17] FROM docker.io/library/python:3.12.10-alpine@sha256:4bbf5ef9ce4b273299d394de268ad6018e10a9375d7efc7c2ce9501a6eb6b86c
#6 resolve docker.io/library/python:3.12.10-alpine@sha256:4bbf5ef9ce4b273299d394de268ad6018e10a9375d7efc7c2ce9501a6eb6b86c 0.0s done
#6 DONE 0.0s

#5 [internal] load build context
#5 transferring context: 100.81kB 0.2s done
#5 DONE 0.2s

#7 [16/17] RUN chmod +x ./bin/*
#7 CACHED

#8 [11/17] COPY templates templates/
#8 CACHED

#9 [ 6/17] COPY requirements ./requirements
#9 CACHED

#10 [ 4/17] RUN apk add --no-cache --upgrade     "libpq"     "libxslt"     "xmlsec"     "ca-certificates"     "openssl"
#10 CACHED

#11 [14/17] COPY ./bin ./bin/
#11 CACHED

#12 [12/17] COPY package.json package.json
#12 CACHED

#13 [13/17] RUN apk --no-cache add "bash~=5.2"
#13 CACHED

#14 [10/17] COPY plane plane/
#14 CACHED

#15 [ 8/17] RUN apk add --no-cache --virtual .build-deps     "bash~=5.2"     "g++"     "gcc"     "cargo"     "git"     "make"     "postgresql-dev"     "libc-dev"     "linux-headers"     &&     pip install -r requirements.txt --compile --no-cache-dir     &&     apk del .build-deps     &&     rm -rf /var/cache/apk/*
#15 CACHED

#16 [15/17] RUN mkdir -p /code/plane/logs
#16 CACHED

#17 [ 2/17] RUN apk update && apk upgrade
#17 CACHED

#18 [ 5/17] COPY requirements.txt ./
#18 CACHED

#19 [ 9/17] COPY manage.py manage.py
#19 CACHED

#20 [ 3/17] WORKDIR /code
#20 CACHED

#21 [ 7/17] RUN apk add --no-cache libffi-dev
#21 CACHED

#22 [17/17] RUN chmod -R 777 /code
#22 CACHED

#23 exporting to image
#23 exporting layers 0.0s done
#23 exporting manifest sha256:ffc56a045644223ec1840e34a8234c163ea58a4c8f05a353f5433279c2a9ba20 done
#23 exporting config sha256:8060dbc5f55d9d8fff476b0091af87eeca16340d3e4ec2420a9d879d8b34605e done
#23 exporting attestation manifest sha256:f2b7877c06b04fbcbd09c234f058bdfb611a3e6c3d1f4c58f8710bdb4bd6860b 0.0s done
#23 exporting manifest list sha256:f7c4d8cd231a4056ec85642d7c3118558f526d257df1ebd18b45a76dc6587d6d
#23 exporting manifest list sha256:f7c4d8cd231a4056ec85642d7c3118558f526d257df1ebd18b45a76dc6587d6d 0.0s done
#23 naming to docker.io/library/ten-fold-plane-api:latest done
#23 unpacking to docker.io/library/ten-fold-plane-api:latest 0.1s done
#23 DONE 0.3s

#24 resolving provenance for metadata file
#24 DONE 0.0s
 Image ten-fold-plane-api Built 
 Image ten-fold-plane-worker Building 
#1 [internal] load local bake definitions
#1 reading from stdin 1.09kB done
#1 DONE 0.0s

#2 [internal] load build definition from Dockerfile.api
#2 transferring dockerfile: 1.30kB done
#2 DONE 0.0s

#3 [internal] load metadata for docker.io/library/python:3.12.10-alpine
#3 DONE 0.4s

#4 [internal] load .dockerignore
#4 transferring context: 2B done
#4 DONE 0.0s

#5 [internal] load build context
#5 DONE 0.0s

#6 [ 1/17] FROM docker.io/library/python:3.12.10-alpine@sha256:4bbf5ef9ce4b273299d394de268ad6018e10a9375d7efc7c2ce9501a6eb6b86c
#6 resolve docker.io/library/python:3.12.10-alpine@sha256:4bbf5ef9ce4b273299d394de268ad6018e10a9375d7efc7c2ce9501a6eb6b86c 0.0s done
#6 DONE 0.0s

#5 [internal] load build context
#5 transferring context: 100.81kB 0.1s done
#5 DONE 0.1s

#7 [ 8/17] RUN apk add --no-cache --virtual .build-deps     "bash~=5.2"     "g++"     "gcc"     "cargo"     "git"     "make"     "postgresql-dev"     "libc-dev"     "linux-headers"     &&     pip install -r requirements.txt --compile --no-cache-dir     &&     apk del .build-deps     &&     rm -rf /var/cache/apk/*
#7 CACHED

#8 [ 4/17] RUN apk add --no-cache --upgrade     "libpq"     "libxslt"     "xmlsec"     "ca-certificates"     "openssl"
#8 CACHED

#9 [ 3/17] WORKDIR /code
#9 CACHED

#10 [13/17] RUN apk --no-cache add "bash~=5.2"
#10 CACHED

#11 [14/17] COPY ./bin ./bin/
#11 CACHED

#12 [ 9/17] COPY manage.py manage.py
#12 CACHED

#13 [11/17] COPY templates templates/
#13 CACHED

#14 [ 6/17] COPY requirements ./requirements
#14 CACHED

#15 [10/17] COPY plane plane/
#15 CACHED

#16 [12/17] COPY package.json package.json
#16 CACHED

#17 [16/17] RUN chmod +x ./bin/*
#17 CACHED

#18 [ 2/17] RUN apk update && apk upgrade
#18 CACHED

#19 [ 5/17] COPY requirements.txt ./
#19 CACHED

#20 [ 7/17] RUN apk add --no-cache libffi-dev
#20 CACHED

#21 [15/17] RUN mkdir -p /code/plane/logs
#21 CACHED

#22 [17/17] RUN chmod -R 777 /code
#22 CACHED

#23 exporting to image
#23 exporting layers 0.0s done
#23 exporting manifest sha256:c930f610d107b5fb56f41dd68f496f0767c7b0bbbd43cc66fe0a06931ff238e6 done
#23 exporting config sha256:83478e75bc02c7fd089423959b5e655c4dc2c6b81d117d4bcc1bc78b56b07f6a done
#23 exporting attestation manifest sha256:ae08ee553cbbb627bede69ebb855fdf247760a730395265a040b2a97d4436626
#23 exporting attestation manifest sha256:ae08ee553cbbb627bede69ebb855fdf247760a730395265a040b2a97d4436626 0.0s done
#23 exporting manifest list sha256:90c7af116708f7b3f84fb79e60471fa4b4031aac9deb10505fd3b4fed4225263 0.0s done
#23 naming to docker.io/library/ten-fold-plane-worker:latest done
#23 unpacking to docker.io/library/ten-fold-plane-worker:latest 0.0s done
#23 DONE 0.3s

#24 resolving provenance for metadata file
#24 DONE 0.0s
 Image ten-fold-plane-worker Built 
 Image ten-fold-plane-beat-worker Building 
#1 [internal] load local bake definitions
#1 reading from stdin 1.11kB done
#1 DONE 0.0s

#2 [internal] load build definition from Dockerfile.api
#2 transferring dockerfile: 1.30kB done
#2 DONE 0.0s

#3 [internal] load metadata for docker.io/library/python:3.12.10-alpine
#3 DONE 0.3s

#4 [internal] load .dockerignore
#4 transferring context: 2B done
#4 DONE 0.0s

#5 [internal] load build context
#5 DONE 0.0s

#6 [ 1/17] FROM docker.io/library/python:3.12.10-alpine@sha256:4bbf5ef9ce4b273299d394de268ad6018e10a9375d7efc7c2ce9501a6eb6b86c
#6 resolve docker.io/library/python:3.12.10-alpine@sha256:4bbf5ef9ce4b273299d394de268ad6018e10a9375d7efc7c2ce9501a6eb6b86c 0.1s done
#6 DONE 0.1s

#5 [internal] load build context
#5 transferring context: 100.81kB 0.1s done
#5 DONE 0.1s

#7 [ 3/17] WORKDIR /code
#7 CACHED

#8 [ 9/17] COPY manage.py manage.py
#8 CACHED

#9 [15/17] RUN mkdir -p /code/plane/logs
#9 CACHED

#10 [ 7/17] RUN apk add --no-cache libffi-dev
#10 CACHED

#11 [12/17] COPY package.json package.json
#11 CACHED

#12 [13/17] RUN apk --no-cache add "bash~=5.2"
#12 CACHED

#13 [ 8/17] RUN apk add --no-cache --virtual .build-deps     "bash~=5.2"     "g++"     "gcc"     "cargo"     "git"     "make"     "postgresql-dev"     "libc-dev"     "linux-headers"     &&     pip install -r requirements.txt --compile --no-cache-dir     &&     apk del .build-deps     &&     rm -rf /var/cache/apk/*
#13 CACHED

#14 [16/17] RUN chmod +x ./bin/*
#14 CACHED

#15 [ 4/17] RUN apk add --no-cache --upgrade     "libpq"     "libxslt"     "xmlsec"     "ca-certificates"     "openssl"
#15 CACHED

#16 [11/17] COPY templates templates/
#16 CACHED

#17 [14/17] COPY ./bin ./bin/
#17 CACHED

#18 [ 2/17] RUN apk update && apk upgrade
#18 CACHED

#19 [ 6/17] COPY requirements ./requirements
#19 CACHED

#20 [10/17] COPY plane plane/
#20 CACHED

#21 [ 5/17] COPY requirements.txt ./
#21 CACHED

#22 [17/17] RUN chmod -R 777 /code
#22 CACHED

#23 exporting to image
#23 exporting layers 0.0s done
#23 exporting manifest sha256:fbca6e965d693b7427b0ab96bd79049f8c83e6da46c4fc8ea8bf2fc73f22341e done
#23 exporting config sha256:1f242c9ef52bdc7a15c1ed71bce7bb696db50e07662fff588e90b368d35e575a done
#23 exporting attestation manifest sha256:691050af0ef7d9cece2d11debfdd95bc0555f369b7d33a5313c98ada106940db
#23 exporting attestation manifest sha256:691050af0ef7d9cece2d11debfdd95bc0555f369b7d33a5313c98ada106940db 0.0s done
#23 exporting manifest list sha256:14967e92dfbae087972dbc4f85585683dc2d9e603e92023a9a5654f130fdba99 0.0s done
#23 naming to docker.io/library/ten-fold-plane-beat-worker:latest done
#23 unpacking to docker.io/library/ten-fold-plane-beat-worker:latest 0.0s done
#23 DONE 0.3s

#24 resolving provenance for metadata file
#24 DONE 0.0s
 Image ten-fold-plane-beat-worker Built 
 Image ten-fold-plane-proxy Building 
#1 [internal] load local bake definitions
#1 reading from stdin 3.08kB done
#1 DONE 0.0s

#2 [internal] load build definition from Dockerfile.ce
#2 transferring dockerfile: 1.15kB done
#2 DONE 0.0s

#3 [internal] load metadata for docker.io/library/caddy:2.11.3-builder-alpine
#3 ...

#4 [internal] load metadata for docker.io/library/caddy:2.11.3-alpine
#4 DONE 1.4s

#3 [internal] load metadata for docker.io/library/caddy:2.11.3-builder-alpine
#3 DONE 2.3s

#5 [internal] load .dockerignore
#5 transferring context: 2B done
#5 DONE 0.0s

#6 [internal] load build context
#6 DONE 0.0s

#7 [caddy-builder 1/2] FROM docker.io/library/caddy:2.11.3-builder-alpine@sha256:3eae6b351ecdb05da6d16e341261a457692d344a435764c5ece7a60cf03a23f3
#7 resolve docker.io/library/caddy:2.11.3-builder-alpine@sha256:3eae6b351ecdb05da6d16e341261a457692d344a435764c5ece7a60cf03a23f3 0.1s done
#7 DONE 0.1s

#8 [stage-1 1/5] FROM docker.io/library/caddy:2.11.3-alpine@sha256:86deaf5e3d3408a6ccec08fbb79989783dd26e206ae10bcf78a801dc8c9ab794
#8 resolve docker.io/library/caddy:2.11.3-alpine@sha256:86deaf5e3d3408a6ccec08fbb79989783dd26e206ae10bcf78a801dc8c9ab794 0.1s done
#8 DONE 0.1s

#6 [internal] load build context
#6 transferring context: 34B done
#6 DONE 0.0s

#9 [caddy-builder 2/2] RUN xcaddy build         --with github.com/caddy-dns/cloudflare@v0.2.1         --with github.com/caddy-dns/digitalocean@04bde2867106aa1b44c2f9da41a285fa02e629c5         --with github.com/mholt/caddy-l4@6faae83b167fda94e62b686be5cbeb9b3f8fe002         --with github.com/go-jose/go-jose/v3@v3.0.5         --with github.com/go-jose/go-jose/v4@v4.1.4         --with google.golang.org/grpc@v1.80.0         --with go.opentelemetry.io/otel@v1.43.0         --with go.opentelemetry.io/otel/sdk@v1.43.0
#9 CACHED

#10 [stage-1 3/5] COPY --from=caddy-builder /usr/bin/caddy /usr/bin/caddy
#10 CACHED

#11 [stage-1 4/5] COPY Caddyfile.ce /etc/caddy/Caddyfile
#11 CACHED

#12 [stage-1 2/5] RUN apk update && apk upgrade --no-cache && apk add --no-cache nss-tools bash curl
#12 CACHED

#13 [stage-1 5/5] RUN SITE_ADDRESS=https://localhost FILE_SIZE_LIMIT=5242880 BUCKET_NAME=uploads     CADDY_TLS_CERT_FILE=/etc/caddy/tls/origin.pem CADDY_TLS_KEY_FILE=/etc/caddy/tls/origin.key     caddy adapt --config /etc/caddy/Caddyfile --adapter caddyfile > /dev/null
#13 CACHED

#14 exporting to image
#14 exporting layers 0.0s done
#14 exporting manifest sha256:14b5d52b9415da9b536ccb253968b6b6834b45a5551841fb6de71e0129b62ff0 done
#14 exporting config sha256:bba437ffaa8be25d9563f8821016cb197d30a9863154884dbed092c971c9f307 done
#14 exporting attestation manifest sha256:1f2fc432c9c5b2c5da1f624159345cda921c96ac35491850d2e4c483f37d4956
#14 exporting attestation manifest sha256:1f2fc432c9c5b2c5da1f624159345cda921c96ac35491850d2e4c483f37d4956 0.0s done
#14 exporting manifest list sha256:10952067226c5d56327adc8269c9952e3932bc330fbf00cf1b74ed1cfedbd2c9 0.0s done
#14 naming to docker.io/library/ten-fold-plane-proxy:latest done
#14 unpacking to docker.io/library/ten-fold-plane-proxy:latest 0.0s done
#14 DONE 0.3s

#15 resolving provenance for metadata file
#15 DONE 0.0s
 Image ten-fold-plane-proxy Built 
 Container plane-db Running 
 Container admin Running 
 Container ten-fold-plane-grist-1 Running 
 Container beatworker Running 
 Container copilot Running 
 Container proxy Running 
 Container api Running 
 Container bgworker Running 
 Container plane-redis Running 
 Container plane-live Recreate 
 Container web Recreate 
 Container plane-live Recreated 
 Container web Recreated 
 Container space Recreate 
 Container space Recreated 
 Container plane-live Starting 
 Container web Starting 
 Container plane-live Started 
 Container web Started 
 Container space Starting 
 Container space Started 
 Container plane-db Waiting 
 Container plane-live Waiting 
 Container bgworker Waiting 
 Container ten-fold-plane-grist-1 Waiting 
 Container proxy Waiting 
 Container api Waiting 
 Container admin Waiting 
 Container space Waiting 
 Container copilot Waiting 
 Container plane-redis Waiting 
 Container beatworker Waiting 
 Container web Waiting 
 Container copilot Healthy 
 Container proxy Healthy 
 Container beatworker Healthy 
 Container plane-redis Healthy 
 Container plane-db Healthy 
 Container plane-live Healthy 
 Container bgworker Healthy 
 Container api Healthy 
 Container ten-fold-plane-grist-1 Healthy 
 Container admin Healthy 
 Container web Healthy 
 Container space Healthy 
Verified public frontend: manifest-767300b5.js
Verified public form stylesheet: 168c5b6044592caf4e24af9d3e1ba43a987f5826a3f4e31a5f4c8c5cd84db999
Verified deployed source: fb03443989240dfce42ddc149b7de710c5749dc933d4b1790611a2bc425a32d1
Deployment complete: https://ten-fold.co (elapsed: 1616s)
	Command being timed: "./deploy-production.sh"
	User time (seconds): 4.60
	System time (seconds): 1.65
	Percent of CPU this job got: 0%
	Elapsed (wall clock) time (h:mm:ss or m:ss): 26:56.58
	Average shared text size (kbytes): 0
	Average unshared data size (kbytes): 0
	Average stack size (kbytes): 0
	Average total size (kbytes): 0
	Maximum resident set size (kbytes): 9548
	Average resident set size (kbytes): 0
	Major (requiring I/O) page faults: 107
	Minor (reclaiming a frame) page faults: 1402886
	Voluntary context switches: 25592
	Involuntary context switches: 224
	Swaps: 0
	File system inputs: 133200
	File system outputs: 1240
	Socket messages sent: 0
	Socket messages received: 0
	Signals delivered: 0
	Page size (bytes): 4096
	Exit status: 0

=== Production deploy finished: 2026-09-24T02:16:02+08:00 (exit=0, elapsed=26m 56s) ===
Log: deploy-20260924-014906.log
