Deploying checkout: /home/rahimin_amin/ten-fold-plane/ten-fold-plane
Checkout commit: 4eab94496c
Source fingerprint: 2be5525c3e86bd21807abb413904ad5e37d31eddaed61d1bfdacf350353ac08e
Uploading Ten-Fold to root@178.128.104.112:/opt/plane/app/ten-fold-plane...
Uploaded source matches local checkout.
Rebuilding and migrating Plane on the Droplet...
 Image gristlabs/grist:1.7.16 Pulling 
 Image gristlabs/grist:1.7.16 Pulled 
 Container ten-fold-plane-grist-1 Recreate 
 Container ten-fold-plane-grist-1 Recreated 
 Container ten-fold-plane-grist-1 Starting 
 Container ten-fold-plane-grist-1 Started 
 Container ten-fold-plane-grist-1 Waiting 
 Container ten-fold-plane-grist-1 Healthy 
 Container plane-redis Running 
 Container plane-db Running 
 Image ten-fold-plane-migrator Building 
#1 [internal] load local bake definitions
#1 reading from stdin 610B done
#1 DONE 0.0s

#2 [internal] load build definition from Dockerfile.api
#2 transferring dockerfile: 1.30kB 0.0s done
#2 DONE 0.1s

#3 [internal] load metadata for docker.io/library/python:3.12.10-alpine
#3 DONE 1.7s

#4 [internal] load .dockerignore
#4 transferring context: 2B done
#4 DONE 0.0s

#5 [internal] load build context
#5 DONE 0.0s

#6 [ 1/17] FROM docker.io/library/python:3.12.10-alpine@sha256:4bbf5ef9ce4b273299d394de268ad6018e10a9375d7efc7c2ce9501a6eb6b86c
#6 resolve docker.io/library/python:3.12.10-alpine@sha256:4bbf5ef9ce4b273299d394de268ad6018e10a9375d7efc7c2ce9501a6eb6b86c 0.0s done
#6 DONE 0.1s

#5 [internal] load build context
#5 transferring context: 100.40kB 0.1s done
#5 DONE 0.2s

#7 [16/17] RUN chmod +x ./bin/*
#7 CACHED

#8 [ 2/17] RUN apk update && apk upgrade
#8 CACHED

#9 [15/17] RUN mkdir -p /code/plane/logs
#9 CACHED

#10 [ 5/17] COPY requirements.txt ./
#10 CACHED

#11 [13/17] RUN apk --no-cache add "bash~=5.2"
#11 CACHED

#12 [ 7/17] RUN apk add --no-cache libffi-dev
#12 CACHED

#13 [ 3/17] WORKDIR /code
#13 CACHED

#14 [ 6/17] COPY requirements ./requirements
#14 CACHED

#15 [ 8/17] RUN apk add --no-cache --virtual .build-deps     "bash~=5.2"     "g++"     "gcc"     "cargo"     "git"     "make"     "postgresql-dev"     "libc-dev"     "linux-headers"     &&     pip install -r requirements.txt --compile --no-cache-dir     &&     apk del .build-deps     &&     rm -rf /var/cache/apk/*
#15 CACHED

#16 [10/17] COPY plane plane/
#16 CACHED

#17 [ 9/17] COPY manage.py manage.py
#17 CACHED

#18 [11/17] COPY templates templates/
#18 CACHED

#19 [ 4/17] RUN apk add --no-cache --upgrade     "libpq"     "libxslt"     "xmlsec"     "ca-certificates"     "openssl"
#19 CACHED

#20 [12/17] COPY package.json package.json
#20 CACHED

#21 [14/17] COPY ./bin ./bin/
#21 CACHED

#22 [17/17] RUN chmod -R 777 /code
#22 CACHED

#23 exporting to image
#23 exporting layers 0.0s done
#23 exporting manifest sha256:0d23eba9c0fef8afebb6dca8bc7601190af917087983e656610470a4d8af1858 done
#23 exporting config sha256:d918b0cc36f0aaf08d914c803382adda8ead710ea189e4fc7623e6e0ae1e6246 done
#23 exporting attestation manifest sha256:d1173f324659b512371ab7462318a66fec5b2362a8bcdc3a3240086896b472ca 0.0s done
#23 exporting manifest list sha256:5b1b64fb0bc058dc6ee3d6ac84ecd38abac6a676fdc6d6cbc3eef3d9a0418693 0.0s done
#23 naming to docker.io/library/ten-fold-plane-migrator:latest
#23 naming to docker.io/library/ten-fold-plane-migrator:latest done
#23 unpacking to docker.io/library/ten-fold-plane-migrator:latest 0.0s done
#23 DONE 0.2s

#24 resolving provenance for metadata file
#24 DONE 0.0s
 Image ten-fold-plane-migrator Built 
 Container ten-fold-plane-migrator-run-a408f235cc02 Creating 
 Container ten-fold-plane-migrator-run-a408f235cc02 Created 
Waiting for database...
Database available!
Operations to perform:
  Apply all migrations: auth, contenttypes, db, django_celery_beat, license, sessions
Running migrations:
  No migrations to apply.
  Your models in app(s): 'db' have changes that are not yet reflected in a migration, and so won't be applied.
  Run 'manage.py makemigrations' to make new migrations, and then re-run 'manage.py migrate' to apply them.
 Image ten-fold-plane-api Building 
 Image ten-fold-plane-proxy Building 
 Image ten-fold-plane-admin Building 
 Image ten-fold-plane-live Building 
 Image ten-fold-plane-worker Building 
 Image ten-fold-plane-web Building 
 Image ten-fold-plane-copilot Building 
 Image ten-fold-plane-beat-worker Building 
 Image ten-fold-plane-space Building 
#1 [internal] load local bake definitions
#1 reading from stdin 4.71kB done
#1 DONE 0.0s

#2 [worker internal] load build definition from Dockerfile.api
#2 transferring dockerfile: 1.30kB 0.0s done
#2 DONE 0.3s

#3 [space internal] load build definition from Dockerfile.space
#3 transferring dockerfile: 3.43kB done
#3 DONE 0.3s

#4 [copilot internal] load build definition from Dockerfile
#4 transferring dockerfile: 1.07kB done
#4 DONE 0.3s

#5 [web internal] load build definition from Dockerfile.web
#5 transferring dockerfile: 3.61kB done
#5 DONE 0.3s

#6 [proxy internal] load build definition from Dockerfile.ce
#6 transferring dockerfile: 1.15kB 0.0s done
#6 DONE 0.4s

#7 [space internal] load metadata for docker.io/library/node:22-alpine
#7 ...

#8 [admin internal] load build definition from Dockerfile.admin
#8 transferring dockerfile: 3.20kB 0.0s done
#8 DONE 0.4s

#9 [live internal] load build definition from Dockerfile.live
#9 transferring dockerfile: 3.05kB done
#9 DONE 0.4s

#7 [admin internal] load metadata for docker.io/library/node:22-alpine
#7 ...

#10 [worker internal] load metadata for docker.io/library/python:3.12.10-alpine
#10 DONE 0.4s

#11 [worker internal] load .dockerignore
#11 transferring context: 2B done
#11 DONE 0.0s

#12 [worker internal] load build context
#12 DONE 0.0s

#13 [api  1/17] FROM docker.io/library/python:3.12.10-alpine@sha256:4bbf5ef9ce4b273299d394de268ad6018e10a9375d7efc7c2ce9501a6eb6b86c
#13 resolve docker.io/library/python:3.12.10-alpine@sha256:4bbf5ef9ce4b273299d394de268ad6018e10a9375d7efc7c2ce9501a6eb6b86c 0.0s done
#13 DONE 0.1s

#12 [beat-worker internal] load build context
#12 transferring context: 100.40kB 0.1s done
#12 DONE 0.2s

#14 [worker 14/17] COPY ./bin ./bin/
#14 CACHED

#15 [worker  3/17] WORKDIR /code
#15 CACHED

#16 [worker 15/17] RUN mkdir -p /code/plane/logs
#16 CACHED

#17 [worker 16/17] RUN chmod +x ./bin/*
#17 CACHED

#18 [worker  5/17] COPY requirements.txt ./
#18 CACHED

#19 [worker 11/17] COPY templates templates/
#19 CACHED

#20 [worker  4/17] RUN apk add --no-cache --upgrade     "libpq"     "libxslt"     "xmlsec"     "ca-certificates"     "openssl"
#20 CACHED

#21 [worker 12/17] COPY package.json package.json
#21 CACHED

#22 [worker  2/17] RUN apk update && apk upgrade
#22 CACHED

#23 [worker  7/17] RUN apk add --no-cache libffi-dev
#23 CACHED

#24 [worker  9/17] COPY manage.py manage.py
#24 CACHED

#25 [worker 10/17] COPY plane plane/
#25 CACHED

#26 [worker  8/17] RUN apk add --no-cache --virtual .build-deps     "bash~=5.2"     "g++"     "gcc"     "cargo"     "git"     "make"     "postgresql-dev"     "libc-dev"     "linux-headers"     &&     pip install -r requirements.txt --compile --no-cache-dir     &&     apk del .build-deps     &&     rm -rf /var/cache/apk/*
#26 CACHED

#27 [worker  6/17] COPY requirements ./requirements
#27 CACHED

#28 [worker 13/17] RUN apk --no-cache add "bash~=5.2"
#28 CACHED

#29 [worker 17/17] RUN chmod -R 777 /code
#29 CACHED

#30 [live] resolve image config for docker-image://docker.io/docker/dockerfile:1.7
#30 ...

#24 [beat-worker  9/17] COPY manage.py manage.py
#24 CACHED

#17 [beat-worker 16/17] RUN chmod +x ./bin/*
#17 CACHED

#23 [beat-worker  7/17] RUN apk add --no-cache libffi-dev
#23 CACHED

#26 [beat-worker  8/17] RUN apk add --no-cache --virtual .build-deps     "bash~=5.2"     "g++"     "gcc"     "cargo"     "git"     "make"     "postgresql-dev"     "libc-dev"     "linux-headers"     &&     pip install -r requirements.txt --compile --no-cache-dir     &&     apk del .build-deps     &&     rm -rf /var/cache/apk/*
#26 CACHED

#20 [beat-worker  4/17] RUN apk add --no-cache --upgrade     "libpq"     "libxslt"     "xmlsec"     "ca-certificates"     "openssl"
#20 CACHED

#18 [beat-worker  5/17] COPY requirements.txt ./
#18 CACHED

#16 [beat-worker 15/17] RUN mkdir -p /code/plane/logs
#16 CACHED

#25 [beat-worker 10/17] COPY plane plane/
#25 CACHED

#15 [beat-worker  3/17] WORKDIR /code
#15 CACHED

#21 [beat-worker 12/17] COPY package.json package.json
#21 CACHED

#22 [beat-worker  2/17] RUN apk update && apk upgrade
#22 CACHED

#14 [beat-worker 14/17] COPY ./bin ./bin/
#14 CACHED

#19 [beat-worker 11/17] COPY templates templates/
#19 CACHED

#27 [beat-worker  6/17] COPY requirements ./requirements
#27 CACHED

#28 [beat-worker 13/17] RUN apk --no-cache add "bash~=5.2"
#28 CACHED

#29 [beat-worker 17/17] RUN chmod -R 777 /code
#29 CACHED

#31 [worker] exporting to image
#31 exporting layers 0.0s done
#31 exporting manifest sha256:8596be5b7a771d3370401f702b12e12a071e40e79d5ccf1d994476397d63027e done
#31 exporting config sha256:4816479f5025af10848aa69a85086eac57e69714cd51c8ebdc32149fa1e5559f done
#31 exporting attestation manifest sha256:fd36d54215dbb62e4d2e1638b37832580dc0abdd407a6368481909c0d389e658 0.0s done
#31 exporting manifest list sha256:0e2e62abf5b357162d6bdc41798e151305cd33e0ad085957ad44d07847ec8092 0.0s done
#31 naming to docker.io/library/ten-fold-plane-worker:latest 0.0s done
#31 unpacking to docker.io/library/ten-fold-plane-worker:latest 0.1s done
#31 ...

#32 [api] exporting to image
#32 exporting layers 0.0s done
#32 exporting manifest sha256:cb128adba9de7e869ef4527b68baeb23dfd4b4d39c3f62d4f01ae17edfdfc338 done
#32 exporting config sha256:07087b3d881abe8428dcd75e91e3654a983910cf58bb9ecf7f53b1556efebb36 done
#32 exporting attestation manifest sha256:539a4849ec4ad961c2f325020a8fa1477a263a2f8275f309317f92ac95e44342 0.1s done
#32 exporting manifest list sha256:ff81a2b89f2fdd829abf870fd20f2663b18938c470703a5b261d6a9c835614bd 0.0s done
#32 naming to docker.io/library/ten-fold-plane-api:latest 0.0s done
#32 unpacking to docker.io/library/ten-fold-plane-api:latest 0.1s done
#32 DONE 0.4s

#31 [worker] exporting to image
#31 DONE 0.4s

#33 [beat-worker] exporting to image
#33 exporting layers 0.0s done
#33 exporting manifest sha256:ef51f63000f6ccf76cb6b47942343ca22e0fc7962555b10cb01ddd0b8edf7f6e done
#33 exporting config sha256:d4332c5f67b1b0b349d96342f6c1f6d07829d4197af8183e7b64046359ab68c6 done
#33 exporting attestation manifest sha256:0d01746dbd72ee68e8dac26ee15b0714e819bf58e75b589ccf46c1a5c52f811f 0.0s done
#33 exporting manifest list sha256:6d0ed5d535afc5301149b7e2882f3d80626cf43f3157cb887128150413906c2d 0.1s done
#33 naming to docker.io/library/ten-fold-plane-beat-worker:latest 0.0s done
#33 unpacking to docker.io/library/ten-fold-plane-beat-worker:latest 0.1s done
#33 DONE 0.4s

#34 [admin internal] load metadata for docker.io/library/caddy:2.11-builder-alpine
#34 ...

#30 [live] resolve image config for docker-image://docker.io/docker/dockerfile:1.7
#30 DONE 1.7s

#35 [proxy internal] load metadata for docker.io/library/caddy:2.11.3-alpine
#35 DONE 1.6s

#36 [copilot] docker-image://docker.io/docker/dockerfile:1.7@sha256:a57df69d0ea827fb7266491f2813635de6f17269be881f696fbfdf2d83dda33e
#36 resolve docker.io/docker/dockerfile:1.7@sha256:a57df69d0ea827fb7266491f2813635de6f17269be881f696fbfdf2d83dda33e 0.1s done
#36 CACHED

#37 [api] resolving provenance for metadata file
#37 DONE 0.2s

#38 [worker] resolving provenance for metadata file
#38 DONE 0.2s

#39 [beat-worker] resolving provenance for metadata file
#39 DONE 0.1s

#40 [admin internal] load metadata for docker.io/library/caddy:2.11-alpine
#40 DONE 2.0s

#41 [proxy internal] load metadata for docker.io/library/caddy:2.11.3-builder-alpine
#41 ...

#34 [admin internal] load metadata for docker.io/library/caddy:2.11-builder-alpine
#34 DONE 2.2s

#7 [web internal] load metadata for docker.io/library/node:22-alpine
#7 ...

#40 [web internal] load metadata for docker.io/library/caddy:2.11-alpine
#40 DONE 2.4s

#41 [proxy internal] load metadata for docker.io/library/caddy:2.11.3-builder-alpine
#41 ...

#42 [space internal] load .dockerignore
#42 transferring context: 882B done
#42 DONE 0.0s

#43 [admin base 1/3] FROM docker.io/library/node:22-alpine@sha256:b6f26b36c8ff49624cfdac716b8ea1138d606df02586a77d364bb5536a634f85
#43 resolve docker.io/library/node:22-alpine@sha256:b6f26b36c8ff49624cfdac716b8ea1138d606df02586a77d364bb5536a634f85 0.1s done
#43 DONE 0.1s

#44 [admin production 1/5] FROM docker.io/library/caddy:2.11-alpine@sha256:de23def33b17fb5d1290b0f6c2add1d70780e52341896c00a4c8a2a2fe9d355e
#44 resolve docker.io/library/caddy:2.11-alpine@sha256:de23def33b17fb5d1290b0f6c2add1d70780e52341896c00a4c8a2a2fe9d355e 0.1s done
#44 DONE 0.1s

#45 [space base 3/3] RUN corepack enable pnpm
#45 CACHED

#46 [space base 2/3] WORKDIR /app
#46 CACHED

#47 [space runner 1/8] RUN apk del go 2>/dev/null || true
#47 CACHED

#48 [space runner 2/8] RUN rm -rf /usr/local/lib/node_modules/npm/node_modules/picomatch
#48 CACHED

#49 [admin caddy-builder 1/2] FROM docker.io/library/caddy:2.11-builder-alpine@sha256:2b9f32cbba6045e79212bb253f595588d20be8f7d1edf61582c519e124e0d2d8
#49 resolve docker.io/library/caddy:2.11-builder-alpine@sha256:2b9f32cbba6045e79212bb253f595588d20be8f7d1edf61582c519e124e0d2d8 0.1s done
#49 CACHED

#50 [admin production 2/5] RUN apk update && apk upgrade --no-cache && apk add --no-cache curl && rm -rf /var/cache/apk/*
#50 CACHED

#51 [admin internal] load build context
#51 ...

#41 [proxy internal] load metadata for docker.io/library/caddy:2.11.3-builder-alpine
#41 DONE 3.6s

#51 [admin internal] load build context
#51 ...

#7 [copilot internal] load metadata for docker.io/library/node:22-alpine
#7 DONE 3.7s

#52 [copilot internal] load .dockerignore
#52 DONE 0.0s

#53 [proxy internal] load .dockerignore
#53 transferring context: 2B done
#53 DONE 0.1s

#54 [live internal] load .dockerignore
#54 DONE 0.0s

#51 [admin internal] load build context
#51 ...

#55 [proxy internal] load build context
#55 DONE 0.0s

#52 [copilot internal] load .dockerignore
#52 transferring context: 882B 0.0s done
#52 DONE 0.1s

#51 [admin internal] load build context
#51 ...

#54 [live internal] load .dockerignore
#54 transferring context: 882B 0.0s done
#54 DONE 0.1s

#56 [web internal] load .dockerignore
#56 transferring context: 882B 0.0s done
#56 DONE 0.2s

#51 [admin internal] load build context
#51 ...

#43 [copilot base 1/3] FROM docker.io/library/node:22-alpine@sha256:b6f26b36c8ff49624cfdac716b8ea1138d606df02586a77d364bb5536a634f85
#43 resolve docker.io/library/node:22-alpine@sha256:b6f26b36c8ff49624cfdac716b8ea1138d606df02586a77d364bb5536a634f85 0.1s done
#43 DONE 0.1s

#57 [proxy stage-1 1/5] FROM docker.io/library/caddy:2.11.3-alpine@sha256:86deaf5e3d3408a6ccec08fbb79989783dd26e206ae10bcf78a801dc8c9ab794
#57 resolve docker.io/library/caddy:2.11.3-alpine@sha256:86deaf5e3d3408a6ccec08fbb79989783dd26e206ae10bcf78a801dc8c9ab794 0.4s done
#57 DONE 0.4s

#58 [proxy caddy-builder 1/2] FROM docker.io/library/caddy:2.11.3-builder-alpine@sha256:3eae6b351ecdb05da6d16e341261a457692d344a435764c5ece7a60cf03a23f3
#58 resolve docker.io/library/caddy:2.11.3-builder-alpine@sha256:3eae6b351ecdb05da6d16e341261a457692d344a435764c5ece7a60cf03a23f3 0.4s done
#58 DONE 0.4s

#51 [admin internal] load build context
#51 ...

#43 [live base 1/3] FROM docker.io/library/node:22-alpine@sha256:b6f26b36c8ff49624cfdac716b8ea1138d606df02586a77d364bb5536a634f85
#43 resolve docker.io/library/node:22-alpine@sha256:b6f26b36c8ff49624cfdac716b8ea1138d606df02586a77d364bb5536a634f85 0.1s done
#43 DONE 0.1s

#51 [admin internal] load build context
#51 ...

#59 [live internal] load build context
#59 DONE 0.0s

#51 [admin internal] load build context
#51 ...

#43 [web base 1/3] FROM docker.io/library/node:22-alpine@sha256:b6f26b36c8ff49624cfdac716b8ea1138d606df02586a77d364bb5536a634f85
#43 resolve docker.io/library/node:22-alpine@sha256:b6f26b36c8ff49624cfdac716b8ea1138d606df02586a77d364bb5536a634f85 0.1s done
#43 DONE 0.1s

#44 [web production 1/5] FROM docker.io/library/caddy:2.11-alpine@sha256:de23def33b17fb5d1290b0f6c2add1d70780e52341896c00a4c8a2a2fe9d355e
#44 resolve docker.io/library/caddy:2.11-alpine@sha256:de23def33b17fb5d1290b0f6c2add1d70780e52341896c00a4c8a2a2fe9d355e 0.1s done
#44 DONE 0.1s

#50 [web production 2/5] RUN apk update && apk upgrade --no-cache && apk add --no-cache curl && rm -rf /var/cache/apk/*
#50 CACHED

#60 [live runner 1/9] WORKDIR /app
#60 CACHED

#61 [live base 2/2] RUN corepack enable
#61 CACHED

#62 [live runner 2/9] RUN apk del go 2>/dev/null || true
#62 CACHED

#63 [web internal] load build context
#63 DONE 0.0s

#64 [live runner 3/9] RUN rm -rf /usr/local/lib/node_modules/npm/node_modules/picomatch
#64 CACHED

#51 [admin internal] load build context
#51 ...

#55 [proxy internal] load build context
#55 transferring context: 34B 0.2s done
#55 DONE 0.5s

#51 [admin internal] load build context
#51 ...

#65 [proxy stage-1 4/5] COPY Caddyfile.ce /etc/caddy/Caddyfile
#65 CACHED

#66 [proxy stage-1 3/5] COPY --from=caddy-builder /usr/bin/caddy /usr/bin/caddy
#66 CACHED

#67 [proxy stage-1 2/5] RUN apk update && apk upgrade --no-cache && apk add --no-cache nss-tools bash curl
#67 CACHED

#68 [proxy caddy-builder 2/2] RUN xcaddy build         --with github.com/caddy-dns/cloudflare@v0.2.1         --with github.com/caddy-dns/digitalocean@04bde2867106aa1b44c2f9da41a285fa02e629c5         --with github.com/mholt/caddy-l4@6faae83b167fda94e62b686be5cbeb9b3f8fe002         --with github.com/go-jose/go-jose/v3@v3.0.5         --with github.com/go-jose/go-jose/v4@v4.1.4         --with google.golang.org/grpc@v1.80.0         --with go.opentelemetry.io/otel@v1.43.0         --with go.opentelemetry.io/otel/sdk@v1.43.0
#68 CACHED

#69 [proxy stage-1 5/5] RUN SITE_ADDRESS=https://localhost FILE_SIZE_LIMIT=5242880 BUCKET_NAME=uploads     CADDY_TLS_CERT_FILE=/etc/caddy/tls/origin.pem CADDY_TLS_KEY_FILE=/etc/caddy/tls/origin.key     caddy adapt --config /etc/caddy/Caddyfile --adapter caddyfile > /dev/null
#69 CACHED

#51 [admin internal] load build context
#51 ...

#70 [proxy] exporting to image
#70 exporting layers 0.3s done
#70 exporting manifest sha256:14b5d52b9415da9b536ccb253968b6b6834b45a5551841fb6de71e0129b62ff0 0.0s done
#70 exporting config sha256:bba437ffaa8be25d9563f8821016cb197d30a9863154884dbed092c971c9f307 0.0s done
#70 exporting attestation manifest sha256:969a5d9628a2862e3f0f73fa315ba9c5af445386f3afcfa68e8e3f7a951fa8b2 0.1s done
#70 exporting manifest list sha256:24b7d495a08be434e3c5413cde19cae516e6f1b67f7d0a6d55e5147b72906bcc 0.1s done
#70 naming to docker.io/library/ten-fold-plane-proxy:latest 0.0s done
#70 unpacking to docker.io/library/ten-fold-plane-proxy:latest 0.2s done
#70 DONE 1.4s

#51 [admin internal] load build context
#51 transferring context: 567.58kB 3.9s done
#51 DONE 4.0s

#63 [web internal] load build context
#63 ...

#45 [admin base 3/3] RUN corepack enable pnpm
#45 CACHED

#46 [admin base 2/3] WORKDIR /app
#46 CACHED

#71 [admin builder 1/3] RUN pnpm add -g turbo@2.9.18
#71 CACHED

#63 [web internal] load build context
#63 ...

#72 [proxy] resolving provenance for metadata file
#72 DONE 0.7s

#63 [web internal] load build context
#63 ...

#73 [copilot internal] load build context
#73 transferring context: 567.58kB 3.8s done
#73 DONE 4.5s

#63 [web internal] load build context
#63 ...

#46 [copilot base 2/3] WORKDIR /app
#46 CACHED

#74 [copilot builder 3/5] RUN corepack enable && pnpm add -g turbo@2.9.18
#74 CACHED

#63 [web internal] load build context
#63 transferring context: 567.58kB 3.5s done
#63 DONE 4.0s

#75 [web installer  1/12] RUN apk add --no-cache libc6-compat
#75 CACHED

#76 [web installer  2/12] WORKDIR /app
#76 CACHED

#61 [web base 2/2] RUN corepack enable
#61 CACHED

#77 [web builder 3/5] RUN corepack enable pnpm && pnpm add -g turbo@2.9.18
#77 CACHED

#78 [web production 3/4] COPY apps/web/caddy/Caddyfile /etc/caddy/Caddyfile
#78 CACHED

#79 [web builder 4/5] COPY . .
#79 ...

#59 [live internal] load build context
#59 transferring context: 567.58kB 3.6s done
#59 DONE 4.2s

#80 [live installer  2/12] RUN apk add --no-cache libc6-compat
#80 CACHED

#81 [live installer  3/12] WORKDIR /app
#81 CACHED

#82 [live installer  1/12] RUN apk update
#82 CACHED

#83 [live builder 4/6] RUN corepack enable pnpm && pnpm add -g turbo@2.9.18
#83 CACHED

#84 [live builder 5/6] COPY . .
#84 ...

#85 [admin caddy-builder 2/2] RUN xcaddy build     --with github.com/mholt/caddy-ratelimit
#85 1.255 2026/09/18 14:02:30 [INFO] absolute output file path: /usr/bin/caddy
#85 1.255 2026/09/18 14:02:30 [INFO] Temporary folder: /tmp/buildenv_2026-09-18-1402.1260954509
#85 1.255 2026/09/18 14:02:30 [INFO] Writing main module: /tmp/buildenv_2026-09-18-1402.1260954509/main.go
#85 1.255 package main
#85 1.255 
#85 1.255 import (
#85 1.255 	caddycmd "github.com/caddyserver/caddy/v2/cmd"
#85 1.255 
#85 1.255 	// plug in Caddy modules here
#85 1.255 	_ "github.com/caddyserver/caddy/v2/modules/standard"
#85 1.255 	_ "github.com/mholt/caddy-ratelimit"
#85 1.255 )
#85 1.255 
#85 1.255 func main() {
#85 1.255 	caddycmd.Main()
#85 1.255 }
#85 1.255 2026/09/18 14:02:30 [INFO] Initializing Go module
#85 1.255 2026/09/18 14:02:30 [INFO] exec (timeout=0s): /usr/local/go/bin/go mod init caddy 
#85 1.369 go: creating new go.mod: module caddy
#85 1.369 go: to add module requirements and sums:
#85 1.369 	go mod tidy
#85 1.369 2026/09/18 14:02:30 [INFO] Pinning versions
#85 1.369 2026/09/18 14:02:30 [INFO] exec (timeout=0s): /usr/local/go/bin/go get -v github.com/caddyserver/caddy/v2@v2.11.4 
#85 1.565 go: downloading github.com/caddyserver/caddy/v2 v2.11.4
#85 3.794 go: downloading github.com/caddyserver/certmagic v0.25.3
#85 3.815 go: downloading github.com/cespare/xxhash/v2 v2.3.0
#85 4.237 go: downloading github.com/cespare/xxhash v1.1.0
#85 4.313 go: downloading github.com/google/uuid v1.6.0
#85 4.607 go: downloading github.com/prometheus/client_golang v1.23.2
#85 4.946 go: downloading github.com/quic-go/quic-go v0.59.1
#85 5.450 go: downloading go.uber.org/zap v1.28.0
#85 5.450 go: downloading go.uber.org/zap/exp v0.3.0
#85 5.761 go: downloading golang.org/x/sys v0.45.0
#85 7.700 go: downloading golang.org/x/term v0.43.0
#85 7.700 go: downloading golang.org/x/time v0.15.0
#85 8.710 go: downloading github.com/caddyserver/zerossl v0.1.5
#85 8.710 go: downloading github.com/klauspost/cpuid/v2 v2.3.0
#85 8.852 go: downloading github.com/libdns/libdns v1.1.1
#85 8.867 go: downloading github.com/mholt/acmez/v3 v3.1.6
#85 9.302 go: downloading github.com/miekg/dns v1.1.72
#85 9.302 go: downloading github.com/zeebo/blake3 v0.2.4
#85 9.577 go: downloading golang.org/x/crypto v0.52.0
#85 9.769 go: downloading golang.org/x/net v0.55.0
#85 10.93 go: downloading github.com/beorn7/perks v1.0.1
#85 10.99 go: downloading github.com/prometheus/client_model v0.6.2
#85 11.02 go: downloading github.com/prometheus/common v0.67.5
#85 11.70 go: downloading google.golang.org/protobuf v1.36.11
#85 11.70 go: downloading github.com/prometheus/procfs v0.20.1
#85 12.86 go: downloading github.com/quic-go/qpack v0.6.0
#85 12.95 go: downloading go.uber.org/multierr v1.11.0
#85 13.44 go: downloading golang.org/x/tools v0.44.0
#85 13.46 go: downloading golang.org/x/text v0.37.0
#85 ...

#86 [admin builder 2/3] COPY . .
#86 ...

#87 [copilot builder 4/5] COPY . .
#87 ...

#85 [admin caddy-builder 2/2] RUN xcaddy build     --with github.com/mholt/caddy-ratelimit
#85 15.83 go: downloading github.com/munnerz/goautoneg v0.0.0-20191010083416-a7dc8b61c822
#85 15.83 go: downloading go.yaml.in/yaml/v2 v2.4.4
#85 16.02 go: downloading golang.org/x/sync v0.20.0
#85 16.15 go: downloading golang.org/x/mod v0.35.0
#85 ...

#84 [live builder 5/6] COPY . .
#84 DONE 11.7s

#86 [space builder 2/3] COPY . .
#86 DONE 13.1s

#87 [copilot builder 4/5] COPY . .
#87 DONE 12.0s

#79 [web builder 4/5] COPY . .
#79 DONE 11.8s

#88 [copilot builder 5/5] RUN turbo prune --scope=@plane/copilot --docker
#88 2.634  WARNING  --scope is deprecated and will be removed in a future major version. Use positional arguments instead (e.g. `turbo prune web`)
#88 2.643 
#88 2.643 Attention:
#88 2.643 Turborepo now collects completely anonymous telemetry regarding usage.
#88 2.643 This information is used to shape the Turborepo roadmap and prioritize features.
#88 2.643 You can learn more, including how to opt-out if you'd not like to participate in this anonymous program, by visiting the following URL:
#88 2.643 https://turborepo.dev/docs/telemetry
#88 2.643 
#88 2.651 • turbo 2.9.18
#88 ...

#89 [admin builder 3/3] RUN turbo prune --scope=admin --docker
#89 1.742  WARNING  --scope is deprecated and will be removed in a future major version. Use positional arguments instead (e.g. `turbo prune web`)
#89 2.243 Generating pruned monorepo for admin in /app/out
#89 2.289  - Added @plane/constants
#89 2.305  - Added @plane/hooks
#89 2.348  - Added @plane/services
#89 2.369  - Added @plane/tailwind-config
#89 2.430  - Added @plane/types
#89 2.460  - Added @plane/typescript-config
#89 2.523  - Added @plane/utils
#89 2.646  - Added admin
#89 DONE 3.1s

#85 [admin caddy-builder 2/2] RUN xcaddy build     --with github.com/mholt/caddy-ratelimit
#85 19.98 go: added github.com/beorn7/perks v1.0.1
#85 19.98 go: added github.com/caddyserver/caddy/v2 v2.11.4
#85 19.98 go: added github.com/caddyserver/certmagic v0.25.3
#85 19.98 go: added github.com/caddyserver/zerossl v0.1.5
#85 19.98 go: added github.com/cespare/xxhash/v2 v2.3.0
#85 19.98 go: added github.com/google/uuid v1.6.0
#85 19.98 go: added github.com/klauspost/cpuid/v2 v2.3.0
#85 19.98 go: added github.com/libdns/libdns v1.1.1
#85 19.98 go: added github.com/mholt/acmez/v3 v3.1.6
#85 19.98 go: added github.com/miekg/dns v1.1.72
#85 19.98 go: added github.com/munnerz/goautoneg v0.0.0-20191010083416-a7dc8b61c822
#85 19.99 go: added github.com/prometheus/client_golang v1.23.2
#85 19.99 go: added github.com/prometheus/client_model v0.6.2
#85 19.99 go: added github.com/prometheus/common v0.67.5
#85 19.99 go: added github.com/prometheus/procfs v0.20.1
#85 19.99 go: added github.com/quic-go/qpack v0.6.0
#85 19.99 go: added github.com/quic-go/quic-go v0.59.1
#85 19.99 go: added github.com/zeebo/blake3 v0.2.4
#85 19.99 go: added go.uber.org/multierr v1.11.0
#85 19.99 go: added go.uber.org/zap v1.28.0
#85 19.99 go: added go.uber.org/zap/exp v0.3.0
#85 19.99 go: added go.yaml.in/yaml/v2 v2.4.4
#85 19.99 go: added golang.org/x/crypto v0.52.0
#85 19.99 go: added golang.org/x/mod v0.35.0
#85 19.99 go: added golang.org/x/net v0.55.0
#85 19.99 go: added golang.org/x/sync v0.20.0
#85 19.99 go: added golang.org/x/sys v0.45.0
#85 19.99 go: added golang.org/x/term v0.43.0
#85 19.99 go: added golang.org/x/text v0.37.0
#85 19.99 go: added golang.org/x/time v0.15.0
#85 19.99 go: added golang.org/x/tools v0.44.0
#85 19.99 go: added google.golang.org/protobuf v1.36.11
#85 20.00 2026/09/18 14:02:48 [INFO] exec (timeout=0s): /usr/local/go/bin/go get -v github.com/mholt/caddy-ratelimit github.com/caddyserver/caddy/v2@v2.11.4 
#85 ...

#90 [live builder 6/6] RUN turbo prune --scope=live --docker
#90 1.601  WARNING  --scope is deprecated and will be removed in a future major version. Use positional arguments instead (e.g. `turbo prune web`)
#90 1.601 
#90 1.601 Attention:
#90 1.601 Turborepo now collects completely anonymous telemetry regarding usage.
#90 1.601 This information is used to shape the Turborepo roadmap and prioritize features.
#90 1.601 You can learn more, including how to opt-out if you'd not like to participate in this anonymous program, by visiting the following URL:
#90 1.601 https://turborepo.dev/docs/telemetry
#90 1.601 
#90 1.605 • turbo 2.9.18
#90 2.349 Generating pruned monorepo for live in /app/out
#90 2.437  - Added @plane/constants
#90 2.455  - Added @plane/decorators
#90 2.562  - Added @plane/editor
#90 2.577  - Added @plane/hooks
#90 2.589  - Added @plane/logger
#90 2.839  - Added @plane/propel
#90 2.863  - Added @plane/tailwind-config
#90 2.995  - Added @plane/types
#90 3.035  - Added @plane/typescript-config
#90 3.188  - Added @plane/ui
#90 3.260  - Added @plane/utils
#90 3.288  - Added live
#90 DONE 3.7s

#85 [admin caddy-builder 2/2] RUN xcaddy build     --with github.com/mholt/caddy-ratelimit
#85 20.99 go: downloading github.com/mholt/caddy-ratelimit v0.1.0
#85 ...

#88 [copilot builder 5/5] RUN turbo prune --scope=@plane/copilot --docker
#88 3.599 Generating pruned monorepo for @plane/copilot in /app/out
#88 3.649  - Added @plane/copilot
#88 3.671  - Added @plane/typescript-config
#88 DONE 3.9s

#91 [space builder 3/3] RUN turbo prune --scope=space --docker
#91 1.833  WARNING  --scope is deprecated and will be removed in a future major version. Use positional arguments instead (e.g. `turbo prune web`)
#91 2.547 Generating pruned monorepo for space in /app/out
#91 2.638  - Added @plane/constants
#91 2.800  - Added @plane/editor
#91 2.826  - Added @plane/hooks
#91 3.165  - Added @plane/i18n
#91 3.339  - Added @plane/propel
#91 3.375  - Added @plane/services
#91 3.389  - Added @plane/tailwind-config
#91 3.458  - Added @plane/types
#91 3.472  - Added @plane/typescript-config
#91 3.536  - Added @plane/ui
#91 3.589  - Added @plane/utils
#91 3.747  - Added space
#91 DONE 4.3s

#92 [copilot stage-1 3/8] RUN apk add --no-cache libc6-compat && corepack enable
#92 CACHED

#93 [copilot stage-1 6/8] COPY --from=builder /app/out/full/ .
#93 CACHED

#94 [copilot stage-1 4/8] COPY --from=builder /app/out/json/ .
#94 CACHED

#95 [copilot stage-1 5/8] COPY --from=builder /app/out/pnpm-lock.yaml ./pnpm-lock.yaml
#95 CACHED

#96 [copilot stage-1 7/8] RUN --mount=type=cache,id=pnpm-store,target=/pnpm/store pnpm fetch --store-dir=/pnpm/store
#96 CACHED

#97 [copilot stage-1 8/8] RUN --mount=type=cache,id=pnpm-store,target=/pnpm/store CI=true pnpm install --offline --frozen-lockfile --store-dir=/pnpm/store
#97 CACHED

#98 [admin installer 1/8] COPY .gitignore .gitignore
#98 CACHED

#99 [admin installer 2/8] COPY --from=builder /app/out/json/ .
#99 CACHED

#100 [admin installer 3/8] COPY --from=builder /app/out/pnpm-lock.yaml ./pnpm-lock.yaml
#100 CACHED

#101 [admin installer 4/8] COPY --from=builder /app/out/full/ .
#101 ...

#102 [live installer  8/12] COPY --from=builder /app/out/full/ .
#102 CACHED

#103 [live installer  9/12] COPY turbo.json turbo.json
#103 CACHED

#104 [live installer  6/12] COPY --from=builder /app/out/pnpm-lock.yaml ./pnpm-lock.yaml
#104 CACHED

#105 [live installer 10/12] RUN --mount=type=cache,id=pnpm-store,target=/pnpm/store pnpm fetch --store-dir=/pnpm/store
#105 CACHED

#106 [live installer  4/12] COPY .gitignore .gitignore
#106 CACHED

#107 [live installer  5/12] COPY --from=builder /app/out/json/ .
#107 CACHED

#108 [live installer  7/12] RUN corepack enable pnpm
#108 CACHED

#109 [live installer 11/12] RUN --mount=type=cache,id=pnpm-store,target=/pnpm/store CI=true pnpm install --offline --frozen-lockfile --store-dir=/pnpm/store
#109 CACHED

#110 [copilot] exporting to image
#110 exporting layers 0.4s done
#110 exporting manifest sha256:a5cdb3dd9159b122858c9e44ff81a3455969b76f868a871f5bb79d9c27e570d8 0.0s done
#110 exporting config sha256:5136fea4989c34f9c7fa4426cb7d404be104edf799a288f92f8ef0dbbd35ed34 0.1s done
#110 exporting attestation manifest sha256:51d843792ecb6815a7a29a0f2fd13899ff73421c4109e4aac83e1952b5a26890 0.1s done
#110 exporting manifest list sha256:711850d3e9c42748e4dfe8fe824359ba8c8f29f43af6dc0b6fc80cdda1b93d5e 0.1s done
#110 naming to docker.io/library/ten-fold-plane-copilot:latest 0.0s done
#110 unpacking to docker.io/library/ten-fold-plane-copilot:latest 0.2s done
#110 DONE 1.7s

#85 [admin caddy-builder 2/2] RUN xcaddy build     --with github.com/mholt/caddy-ratelimit
#85 21.67 go: downloading github.com/google/cel-go v0.28.1
#85 21.67 go: downloading github.com/dustin/go-humanize v1.0.1
#85 22.24 go: downloading github.com/spf13/cobra v1.10.2
#85 22.24 go: downloading go.opentelemetry.io/contrib/bridges/prometheus v0.68.0
#85 22.28 go: downloading go.opentelemetry.io/contrib/exporters/autoexport v0.68.0
#85 22.30 go: downloading go.opentelemetry.io/otel/sdk/metric v1.43.0
#85 22.50 go: downloading go.opentelemetry.io/otel/sdk v1.43.0
#85 22.74 go: downloading go.opentelemetry.io/otel v1.43.0
#85 ...

#111 [web builder 5/5] RUN turbo prune --scope=web --docker
#111 2.751  WARNING  --scope is deprecated and will be removed in a future major version. Use positional arguments instead (e.g. `turbo prune web`)
#111 2.757 
#111 2.762 Attention:
#111 2.762 Turborepo now collects completely anonymous telemetry regarding usage.
#111 2.762 This information is used to shape the Turborepo roadmap and prioritize features.
#111 2.762 You can learn more, including how to opt-out if you'd not like to participate in this anonymous program, by visiting the following URL:
#111 2.762 https://turborepo.dev/docs/telemetry
#111 2.762 
#111 2.775 • turbo 2.9.18
#111 3.677 Generating pruned monorepo for web in /app/out
#111 3.736  - Added @plane/constants
#111 3.800  - Added @plane/editor
#111 3.808  - Added @plane/hooks
#111 4.021  - Added @plane/i18n
#111 4.147  - Added @plane/propel
#111 4.158  - Added @plane/services
#111 4.198  - Added @plane/shared-state
#111 4.231  - Added @plane/tailwind-config
#111 4.275  - Added @plane/types
#111 4.285  - Added @plane/typescript-config
#111 4.345  - Added @plane/ui
#111 4.355  - Added @plane/utils
#111 5.519  - Added web
#111 DONE 6.2s

#101 [admin installer 4/8] COPY --from=builder /app/out/full/ .
#101 DONE 1.8s

#112 [admin installer 5/8] COPY turbo.json turbo.json
#112 DONE 0.2s

#113 [live installer 12/12] RUN pnpm turbo run build --filter=live
#113 ...

#114 [copilot] resolving provenance for metadata file
#114 DONE 1.0s

#85 [admin caddy-builder 2/2] RUN xcaddy build     --with github.com/mholt/caddy-ratelimit
#85 24.34 go: downloading github.com/smallstep/certificates v0.30.2
#85 24.93 go: downloading github.com/smallstep/truststore v0.13.0
#85 24.93 go: downloading go.step.sm/crypto v0.81.0
#85 25.54 go: downloading github.com/cloudflare/circl v1.6.3
#85 ...

#98 [space installer 1/8] COPY .gitignore .gitignore
#98 CACHED

#115 [space installer 4/8] COPY --from=builder /app/out/full/ .
#115 CACHED

#116 [space installer 6/8] RUN --mount=type=cache,id=pnpm-store,target=/pnpm/store pnpm fetch --store-dir=/pnpm/store
#116 CACHED

#117 [space installer 2/8] COPY --from=builder /app/out/json/ .
#117 CACHED

#118 [space installer 3/8] COPY --from=builder /app/out/pnpm-lock.yaml ./pnpm-lock.yaml
#118 CACHED

#119 [space installer 5/8] COPY turbo.json turbo.json
#119 CACHED

#120 [space installer 7/8] RUN --mount=type=cache,id=pnpm-store,target=/pnpm/store CI=true pnpm install --offline --frozen-lockfile --store-dir=/pnpm/store --prod=false
#120 CACHED

#121 [space installer 8/8] RUN pnpm turbo run build --filter=space
#121 ...

#113 [live installer 12/12] RUN pnpm turbo run build --filter=live
#113 9.931 Scope: all 13 workspace projects
#113 ...

#122 [admin installer 6/8] RUN --mount=type=cache,id=pnpm-store,target=/pnpm/store pnpm fetch --store-dir=/pnpm/store
#122 1.498 ! Corepack is about to download https://registry.npmjs.org/pnpm/-/pnpm-11.10.0.tgz
#122 ...

#85 [admin caddy-builder 2/2] RUN xcaddy build     --with github.com/mholt/caddy-ratelimit
#85 33.26 go: downloading github.com/tailscale/tscert v0.0.0-20251216020129-aea342f6d747
#85 33.28 go: downloading github.com/KimMachineGun/automemlimit v0.7.5
#85 33.32 go: downloading github.com/aryann/difflib v0.0.0-20210328193216-ff5ff6dc229b
#85 33.40 go: downloading github.com/spf13/pflag v1.0.10
#85 33.52 go: downloading go.uber.org/automaxprocs v1.6.0
#85 33.69 go: downloading golang.org/x/crypto/x509roots/fallback v0.0.0-20260213171211-a408498e5541
#85 33.75 go: downloading cel.dev/expr v0.25.1
#85 33.98 go: downloading google.golang.org/genproto/googleapis/api v0.0.0-20260406210006-6f92a3bedf2d
#85 34.15 go: downloading github.com/antlr4-go/antlr/v4 v4.13.1
#85 34.30 go: downloading go.opentelemetry.io/otel/exporters/otlp/otlplog/otlploggrpc v0.19.0
#85 34.45 go: downloading go.opentelemetry.io/otel/exporters/otlp/otlplog/otlploghttp v0.19.0
#85 34.62 go: downloading go.opentelemetry.io/otel/exporters/otlp/otlpmetric/otlpmetricgrpc v1.43.0
#85 34.62 go: downloading go.opentelemetry.io/otel/exporters/otlp/otlpmetric/otlpmetrichttp v1.43.0
#85 34.78 go: downloading go.opentelemetry.io/otel/exporters/otlp/otlptrace/otlptracegrpc v1.43.0
#85 34.83 go: downloading go.opentelemetry.io/otel/exporters/otlp/otlptrace/otlptracehttp v1.43.0
#85 34.98 go: downloading go.opentelemetry.io/otel/exporters/otlp/otlptrace v1.43.0
#85 35.10 go: downloading go.opentelemetry.io/otel/exporters/prometheus v0.65.0
#85 35.11 go: downloading go.opentelemetry.io/otel/exporters/stdout/stdoutlog v0.19.0
#85 35.25 go: downloading go.opentelemetry.io/otel/exporters/stdout/stdoutmetric v1.43.0
#85 35.33 go: downloading go.opentelemetry.io/otel/exporters/stdout/stdouttrace v1.43.0
#85 35.40 go: downloading go.opentelemetry.io/otel/sdk/log v0.19.0
#85 35.49 go: downloading github.com/inconshreveable/mousetrap v1.1.0
#85 35.60 go: downloading go.opentelemetry.io/otel/metric v1.43.0
#85 35.76 go: downloading github.com/pkg/errors v0.9.1
#85 35.85 go: downloading github.com/smallstep/cli-utils v0.12.2
#85 36.10 go: downloading github.com/smallstep/nosql v0.8.0
#85 36.10 go: downloading github.com/smallstep/linkedca v0.25.0
#85 36.37 go: downloading google.golang.org/grpc v1.81.0
#85 ...

#123 [web installer  5/12] COPY --from=builder /app/out/pnpm-lock.yaml ./pnpm-lock.yaml
#123 CACHED

#124 [web installer  6/12] RUN corepack enable pnpm
#124 CACHED

#125 [web installer  7/12] COPY --from=builder /app/out/full/ .
#125 CACHED

#126 [web installer  4/12] COPY --from=builder /app/out/json/ .
#126 CACHED

#127 [web installer  8/12] COPY --from=builder /app/apps/proxy/grist-custom.css ./apps/proxy/grist-custom.css
#127 CACHED

#128 [web installer 10/12] RUN --mount=type=cache,id=pnpm-store,target=/pnpm/store pnpm fetch --store-dir=/pnpm/store
#128 CACHED

#129 [web installer  3/12] COPY .gitignore .gitignore
#129 CACHED

#130 [web installer  9/12] COPY turbo.json turbo.json
#130 CACHED

#131 [web installer 11/12] RUN --mount=type=cache,id=pnpm-store,target=/pnpm/store CI=true pnpm install --offline --frozen-lockfile --store-dir=/pnpm/store
#131 CACHED

#132 [web installer 12/12] RUN pnpm turbo run build --filter=web --force     && printf '%s\n' "2be5525c3e86bd21807abb413904ad5e37d31eddaed61d1bfdacf350353ac08e" > /app/apps/web/build/client/deployment-source.txt
#132 ...

#85 [admin caddy-builder 2/2] RUN xcaddy build     --with github.com/mholt/caddy-ratelimit
#85 40.22 go: downloading howett.net/plist v1.0.0
#85 40.23 go: downloading github.com/slackhq/nebula v1.10.3
#85 40.65 go: downloading github.com/cpuguy83/go-md2man/v2 v2.0.7
#85 40.96 go: downloading go.yaml.in/yaml/v3 v3.0.4
#85 41.31 go: downloading github.com/pbnjay/memory v0.0.0-20210728143218-7b4eea64cf58
#85 41.43 go: downloading google.golang.org/genproto/googleapis/rpc v0.0.0-20260427160629-7cedc36a6bc4
#85 41.55 go: downloading github.com/go-logr/logr v1.4.3
#85 41.99 go: downloading go.opentelemetry.io/otel/trace v1.43.0
#85 42.22 go: downloading go.opentelemetry.io/proto/otlp v1.10.0
#85 42.32 go: downloading golang.org/x/exp v0.0.0-20251023183803-a4bb9ffd2546
#85 42.34 go: downloading go.opentelemetry.io/otel/log v0.19.0
#85 42.75 go: downloading github.com/prometheus/otlptranslator v1.0.0
#85 42.97 go: downloading github.com/go-logr/stdr v1.2.2
#85 43.03 go: downloading go.opentelemetry.io/auto/sdk v1.2.1
#85 43.43 go: downloading github.com/smallstep/pkcs7 v0.2.1
#85 43.71 go: downloading github.com/smallstep/scep v0.0.0-20250318231241-a25cabb69492
#85 44.11 go: downloading github.com/Masterminds/sprig/v3 v3.3.0
#85 44.21 go: downloading github.com/ccoveille/go-safecast/v2 v2.0.0
#85 44.36 go: downloading github.com/urfave/cli v1.22.17
#85 44.36 go: downloading github.com/chzyer/readline v1.5.1
#85 44.47 go: downloading github.com/manifoldco/promptui v0.9.0
#85 44.60 go: downloading github.com/go-jose/go-jose/v3 v3.0.5
#85 44.84 go: downloading google.golang.org/grpc/cmd/protoc-gen-go-grpc v1.5.1
#85 44.85 go: downloading filippo.io/edwards25519 v1.2.0
#85 45.10 go: downloading google.golang.org/api v0.277.0
#85 45.10 go: downloading github.com/coreos/go-oidc/v3 v3.17.0
#85 45.24 go: downloading github.com/rs/xid v1.6.0
#85 45.27 go: downloading github.com/mitchellh/go-ps v1.0.0
#85 45.37 go: downloading github.com/tailscale/go-winio v0.0.0-20231025203758-c4f33415bf55
#85 45.64 go: downloading github.com/russross/blackfriday/v2 v2.1.0
#85 45.75 go: downloading github.com/cenkalti/backoff/v5 v5.0.3
#85 ...

#121 [space installer 8/8] RUN pnpm turbo run build --filter=space
#121 8.920 
#121 8.920    • Packages in scope: space
#121 8.920    • Running build in 1 packages
#121 8.920    • Remote caching disabled
#121 8.920 
#121 10.61 @plane/hooks:build: cache miss, executing d0aef673d47062f7
#121 10.61 @plane/types:build: cache miss, executing 388d4d0f142f4549
#121 10.64 @plane/i18n:build: cache miss, executing 5dbd7ff96bc08b5a
#121 ...

#85 [admin caddy-builder 2/2] RUN xcaddy build     --with github.com/mholt/caddy-ratelimit
#85 45.78 go: downloading github.com/grpc-ecosystem/grpc-gateway/v2 v2.28.0
#85 ...

#113 [live installer 12/12] RUN pnpm turbo run build --filter=live
#113 14.29 ✓ Lockfile passes supply-chain policies (verified 8h ago)
#113 14.69 Lockfile is up to date, resolution step is skipped
#113 19.58 Already up to date
#113 21.13 [WARN] Request took 10784ms: https://registry.npmjs.org/pnpm
#113 21.20 
#113 21.20    ╭──────────────────────────────────────────────╮
#113 21.20    │                                              │
#113 21.20    │     Update available! 11.10.0 → 12.4.2.      │
#113 21.20    │     Changelog: https://pnpm.io/v/12.4.2      │
#113 21.20    │   To update, run: corepack use pnpm@12.4.2   │
#113 21.20    │                                              │
#113 21.20    ╰──────────────────────────────────────────────╯
#113 21.20 
#113 ...

#122 [admin installer 6/8] RUN --mount=type=cache,id=pnpm-store,target=/pnpm/store pnpm fetch --store-dir=/pnpm/store
#122 14.36 ? Verifying lockfile against supply-chain policies (869 entries)...
#122 14.57 Importing packages to virtual store
#122 17.46 Already up to date
#122 18.10 Progress: resolved 1, reused 0, downloaded 0, added 0
#122 21.70 Progress: resolved 680, reused 0, downloaded 0, added 0
#122 22.87 Progress: resolved 680, reused 4, downloaded 0, added 0
#122 ...

#85 [admin caddy-builder 2/2] RUN xcaddy build     --with github.com/mholt/caddy-ratelimit
#85 47.67 go: downloading dario.cat/mergo v1.0.2
#85 47.99 go: downloading github.com/Masterminds/goutils v1.1.1
#85 48.15 go: downloading github.com/Masterminds/semver/v3 v3.4.0
#85 48.40 go: downloading github.com/huandu/xstrings v1.5.0
#85 48.60 go: downloading github.com/mitchellh/copystructure v1.2.0
#85 48.81 go: downloading github.com/shopspring/decimal v1.4.0
#85 49.01 go: downloading github.com/spf13/cast v1.7.0
#85 49.97 go: downloading github.com/dgraph-io/badger v1.6.2
#85 50.30 go: downloading github.com/dgraph-io/badger/v2 v2.2007.4
#85 51.37 go: downloading go.etcd.io/bbolt v1.4.3
#85 51.79 go: downloading github.com/go-sql-driver/mysql v1.9.3
#85 52.17 go: downloading github.com/jackc/pgx/v5 v5.9.2
#85 ...

#132 [web installer 12/12] RUN pnpm turbo run build --filter=web --force     && printf '%s\n' "2be5525c3e86bd21807abb413904ad5e37d31eddaed61d1bfdacf350353ac08e" > /app/apps/web/build/client/deployment-source.txt
#132 15.47 Scope: all 14 workspace projects
#132 ...

#122 [admin installer 6/8] RUN --mount=type=cache,id=pnpm-store,target=/pnpm/store pnpm fetch --store-dir=/pnpm/store
#122 24.08 Progress: resolved 680, reused 7, downloaded 0, added 0
#122 25.10 Progress: resolved 680, reused 18, downloaded 0, added 0
#122 25.39 [WARN] Request took 10277ms: https://registry.npmjs.org/@babel%2Fhelper-skip-transparent-expression-wrappers
#122 25.39 [WARN] Request took 10209ms: https://registry.npmjs.org/@babel%2Fhelper-validator-option
#122 25.57 [WARN] Request took 10026ms: https://registry.npmjs.org/@emnapi%2Fcore
#122 25.58 [WARN] Request took 10015ms: https://registry.npmjs.org/@emnapi%2Fruntime
#122 25.85 [WARN] Request took 10071ms: https://registry.npmjs.org/@esbuild%2Flinux-s390x
#122 25.86 [WARN] Request took 10091ms: https://registry.npmjs.org/@esbuild%2Fnetbsd-x64
#122 25.88 [WARN] Request took 10105ms: https://registry.npmjs.org/@esbuild%2Fsunos-x64
#122 25.89 [WARN] Request took 10130ms: https://registry.npmjs.org/@esbuild%2Flinux-riscv64
#122 25.91 [WARN] Request took 10146ms: https://registry.npmjs.org/@esbuild%2Flinux-ppc64
#122 26.15 Progress: resolved 680, reused 25, downloaded 0, added 0
#122 26.17 [WARN] Request took 10402ms: https://registry.npmjs.org/@esbuild%2Fopenbsd-x64
#122 26.22 [WARN] Request took 11046ms: https://registry.npmjs.org/@babel%2Fhelper-validator-identifier
#122 27.33 Progress: resolved 680, reused 28, downloaded 0, added 0
#122 27.80 [WARN] Request took 12038ms: https://registry.npmjs.org/@esbuild%2Flinux-mips64el
#122 27.84 [WARN] Request took 12073ms: https://registry.npmjs.org/@esbuild%2Fwin32-arm64
#122 28.02 [WARN] Request took 12252ms: https://registry.npmjs.org/@esbuild%2Flinux-x64
#122 28.22 [WARN] Request took 13422ms: https://registry.npmjs.org/@babel%2Fhelper-annotate-as-pure
#122 28.23 [WARN] Request took 13179ms: https://registry.npmjs.org/@babel%2Fhelper-plugin-utils
#122 28.50 Progress: resolved 680, reused 35, downloaded 0, added 0
#122 28.65 [WARN] Request took 13610ms: https://registry.npmjs.org/@babel%2Fhelper-optimise-call-expression
#122 29.00 [WARN] Request took 14320ms: https://registry.npmjs.org/@babel%2Fcode-frame
#122 29.02 [WARN] Request took 13800ms: https://registry.npmjs.org/@babel%2Fplugin-syntax-jsx
#122 29.64 [WARN] Request took 14629ms: https://registry.npmjs.org/@babel%2Fhelper-module-imports
#122 29.94 Progress: resolved 680, reused 36, downloaded 0, added 0
#122 30.18 [WARN] Request took 14953ms: https://registry.npmjs.org/@babel%2Fplugin-syntax-typescript
#122 30.32 [WARN] Request took 14706ms: https://registry.npmjs.org/@esbuild%2Fandroid-arm64
#122 30.50 [WARN] Request took 14739ms: https://registry.npmjs.org/@esbuild%2Flinux-arm
#122 30.55 [WARN] Request took 14867ms: https://registry.npmjs.org/@esbuild%2Fdarwin-x64
#122 30.66 [WARN] Request took 14994ms: https://registry.npmjs.org/@esbuild%2Fdarwin-arm64
#122 30.67 [WARN] Request took 15036ms: https://registry.npmjs.org/@esbuild%2Fandroid-x64
#122 30.72 [WARN] Request took 14965ms: https://registry.npmjs.org/@esbuild%2Flinux-ia32
#122 30.80 [WARN] Request took 15465ms: https://registry.npmjs.org/@babel%2Ftemplate
#122 30.93 [WARN] Request took 15220ms: https://registry.npmjs.org/@esbuild%2Ffreebsd-arm64
#122 30.95 [WARN] Request took 15230ms: https://registry.npmjs.org/@esbuild%2Ffreebsd-x64
#122 30.99 [WARN] Request took 15251ms: https://registry.npmjs.org/@esbuild%2Flinux-arm64
#122 31.19 Progress: resolved 680, reused 43, downloaded 0, added 0
#122 31.43 [WARN] Request took 16609ms: https://registry.npmjs.org/@babel%2Fhelper-compilation-targets
#122 31.56 [WARN] Request took 16595ms: https://registry.npmjs.org/@babel%2Fhelper-member-expression-to-functions
#122 32.23 [WARN] Request took 16605ms: https://registry.npmjs.org/@esbuild%2Fandroid-arm
#122 32.25 [WARN] Request took 16964ms: https://registry.npmjs.org/@babel%2Fpreset-typescript
#122 32.44 Progress: resolved 680, reused 47, downloaded 0, added 0
#122 32.59 [WARN] Request took 17516ms: https://registry.npmjs.org/@babel%2Fhelper-replace-supers
#122 33.06 [WARN] Request took 18365ms: https://registry.npmjs.org/@babel%2Fcompat-data
#122 33.45 [WARN] Request took 17697ms: https://registry.npmjs.org/@esbuild%2Flinux-loong64
#122 34.02 Progress: resolved 680, reused 50, downloaded 0, added 0
#122 34.09 [WARN] Request took 18844ms: https://registry.npmjs.org/@babel%2Fplugin-transform-modules-commonjs
#122 ...

#132 [web installer 12/12] RUN pnpm turbo run build --filter=web --force     && printf '%s\n' "2be5525c3e86bd21807abb413904ad5e37d31eddaed61d1bfdacf350353ac08e" > /app/apps/web/build/client/deployment-source.txt
#132 21.07 ✓ Lockfile passes supply-chain policies (verified 8h ago)
#132 21.40 Lockfile is up to date, resolution step is skipped
#132 ...

#121 [space installer 8/8] RUN pnpm turbo run build --filter=space
#121 26.47 @plane/hooks:build: $ tsdown
#121 27.29 @plane/types:build: $ tsdown
#121 28.81 @plane/i18n:build: $ pnpm run generate:types && tsdown
#121 29.65 @plane/hooks:build: [34mℹ[39m tsdown [2mv0.16.0[22m powered by rolldown [2mv1.0.0-beta.46[22m
#121 29.89 @plane/types:build: [34mℹ[39m tsdown [2mv0.16.0[22m powered by rolldown [2mv1.0.0-beta.46[22m
#121 31.01 @plane/hooks:build: [34mℹ[39m Using tsdown config: [4m/app/packages/hooks/tsdown.config.ts[24m
#121 31.11 @plane/hooks:build: [34mℹ[39m entry: [34msrc/index.ts[39m
#121 31.11 @plane/hooks:build: [34mℹ[39m tsconfig: [34mtsconfig.json[39m
#121 31.11 @plane/hooks:build: [34mℹ[39m Build start
#121 32.84 @plane/types:build: [34mℹ[39m Using tsdown config: [4m/app/packages/types/tsdown.config.ts[24m
#121 33.31 @plane/types:build: [34mℹ[39m entry: [34msrc/index.ts[39m
#121 33.32 @plane/types:build: [34mℹ[39m tsconfig: [34mtsconfig.json[39m
#121 33.33 @plane/types:build: [34mℹ[39m Build start
#121 ...

#122 [admin installer 6/8] RUN --mount=type=cache,id=pnpm-store,target=/pnpm/store pnpm fetch --store-dir=/pnpm/store
#122 35.34 [WARN] Request took 20338ms: https://registry.npmjs.org/@babel%2Fhelper-module-transforms
#122 35.93 [WARN] Request took 21071ms: https://registry.npmjs.org/@babel%2Fhelper-create-class-features-plugin
#122 36.81 [WARN] Request took 21611ms: https://registry.npmjs.org/@babel%2Fhelpers
#122 36.85 [WARN] Request took 21578ms: https://registry.npmjs.org/@babel%2Fplugin-transform-typescript
#122 37.00 Progress: resolved 680, reused 51, downloaded 0, added 0
#122 37.32 [WARN] Request took 22018ms: https://registry.npmjs.org/@babel%2Fruntime
#122 38.22 Progress: resolved 680, reused 54, downloaded 0, added 0
#122 38.54 [WARN] Request took 23162ms: https://registry.npmjs.org/@babel%2Ftypes
#122 39.07 [WARN] Request took 23712ms: https://registry.npmjs.org/@babel%2Ftraverse
#122 39.25 [WARN] Request took 24489ms: https://registry.npmjs.org/@babel%2Fgenerator
#122 39.36 Progress: resolved 680, reused 61, downloaded 0, added 0
#122 ...

#85 [admin caddy-builder 2/2] RUN xcaddy build     --with github.com/mholt/caddy-ratelimit
#85 53.78 go: downloading github.com/go-jose/go-jose/v4 v4.1.4
#85 53.91 go: downloading golang.org/x/oauth2 v0.36.0
#85 54.69 go: downloading filippo.io/bigmod v0.1.0
#85 54.86 go: downloading github.com/mitchellh/reflectwalk v1.0.2
#85 54.96 go: downloading github.com/dgraph-io/ristretto v0.2.0
#85 55.55 go: downloading github.com/golang/protobuf v1.5.4
#85 56.10 go: downloading github.com/dgryski/go-farm v0.0.0-20200201041132-a6ae2369ad13
#85 56.26 go: downloading github.com/mgutz/ansi v0.0.0-20200706080929-d51e80ef957d
#85 56.37 go: downloading github.com/AndreasBriese/bbloom v0.0.0-20190825152654-46b345b51c96
#85 56.47 go: downloading github.com/golang/snappy v0.0.4
#85 56.71 go: downloading github.com/klauspost/compress v1.18.6
#85 ...

#113 [live installer 12/12] RUN pnpm turbo run build --filter=live
#113 41.07 
#113 41.28 . prepare$ husky
#113 42.03 . prepare: .git can't be found
#113 42.04 . prepare: Done
#113 44.74 Done in 40.2s using pnpm v11.10.0
#113 46.13 • turbo 2.10.11
#113 46.33 
#113 46.33    • Packages in scope: live
#113 46.33    • Running build in 1 packages
#113 46.33    • Remote caching disabled
#113 46.33 
#113 ...

#85 [admin caddy-builder 2/2] RUN xcaddy build     --with github.com/mholt/caddy-ratelimit
#85 69.83 go: downloading github.com/jackc/pgpassfile v1.0.0
#85 69.92 go: downloading github.com/jackc/pgservicefile v0.0.0-20240606120523-5a60cdf6a761
#85 69.96 go: downloading github.com/jackc/puddle/v2 v2.2.2
#85 70.02 go: downloading github.com/mattn/go-colorable v0.1.14
#85 70.11 go: downloading github.com/shurcooL/sanitized_anchor_name v1.0.0
#85 70.20 go: downloading github.com/mattn/go-isatty v0.0.20
#85 ...

#122 [admin installer 6/8] RUN --mount=type=cache,id=pnpm-store,target=/pnpm/store pnpm fetch --store-dir=/pnpm/store
#122 40.19 [WARN] Request took 24967ms: https://registry.npmjs.org/@babel%2Fparser
#122 40.40 [WARN] Request took 12353ms: https://registry.npmjs.org/@opentelemetry%2Fcore
#122 40.43 Progress: resolved 680, reused 66, downloaded 0, added 0
#122 40.70 [WARN] Request took 25965ms: https://registry.npmjs.org/@babel%2Fcore
#122 40.79 [WARN] Request took 25265ms: https://registry.npmjs.org/@effect%2Fplatform-node-shared
#122 41.77 Progress: resolved 680, reused 68, downloaded 0, added 0
#122 41.90 [WARN] Request took 15895ms: https://registry.npmjs.org/@internationalized%2Fstring
#122 42.87 Progress: resolved 680, reused 82, downloaded 0, added 0
#122 44.28 Progress: resolved 680, reused 84, downloaded 0, added 0
#122 45.01 [WARN] Request took 19748ms: https://registry.npmjs.org/@headlessui%2Freact
#122 45.29 Progress: resolved 680, reused 91, downloaded 0, added 0
#122 46.38 Progress: resolved 680, reused 101, downloaded 0, added 0
#122 46.87 [WARN] Request took 21139ms: https://registry.npmjs.org/@internationalized%2Fdate
#122 47.44 Progress: resolved 680, reused 109, downloaded 0, added 0
#122 47.66 [WARN] Request took 10685ms: https://registry.npmjs.org/@rolldown%2Fbinding-linux-x64-gnu
#122 48.52 [WARN] Request took 22395ms: https://registry.npmjs.org/@internationalized%2Fnumber
#122 48.66 Progress: resolved 680, reused 114, downloaded 0, added 0
#122 48.74 [WARN] Request took 11366ms: https://registry.npmjs.org/@tailwindcss%2Fnode
#122 49.15 [WARN] Request took 13041ms: https://registry.npmjs.org/@react-router%2Fnode
#122 49.26 [WARN] Request took 10268ms: https://registry.npmjs.org/@tailwindcss%2Foxide-win32-arm64-msvc
#122 49.38 [WARN] Request took 13288ms: https://registry.npmjs.org/@react-router%2Fexpress
#122 49.73 Progress: resolved 680, reused 125, downloaded 0, added 0
#122 49.86 [WARN] Request took 12479ms: https://registry.npmjs.org/@tailwindcss%2Foxide-android-arm64
#122 49.90 [WARN] Request took 13789ms: https://registry.npmjs.org/@react-router%2Fserve
#122 50.76 Progress: resolved 680, reused 130, downloaded 0, added 0
#122 51.98 Progress: resolved 680, reused 136, downloaded 0, added 0
#122 ...

#132 [web installer 12/12] RUN pnpm turbo run build --filter=web --force     && printf '%s\n' "2be5525c3e86bd21807abb413904ad5e37d31eddaed61d1bfdacf350353ac08e" > /app/apps/web/build/client/deployment-source.txt
#132 28.33 Already up to date
#132 29.46 [WARN] Request took 13801ms: https://registry.npmjs.org/pnpm
#132 29.73 
#132 29.73    ╭──────────────────────────────────────────────╮
#132 29.73    │                                              │
#132 29.73    │     Update available! 11.10.0 → 12.4.2.      │
#132 29.73    │     Changelog: https://pnpm.io/v/12.4.2      │
#132 29.73    │   To update, run: corepack use pnpm@12.4.2   │
#132 29.73    │                                              │
#132 29.73    ╰──────────────────────────────────────────────╯
#132 29.73 
#132 ...

#113 [live installer 12/12] RUN pnpm turbo run build --filter=live
#113 47.53 @plane/hooks:build: cache miss, executing 03765f147810d758
#113 47.53 @plane/types:build: cache miss, executing 500db04b6ca0f300
#113 47.54 @plane/logger:build: cache miss, executing 09376fcd1266fb8a
#113 47.54 @plane/decorators:build: cache miss, executing ee0d07a833633b3d
#113 ...

#122 [admin installer 6/8] RUN --mount=type=cache,id=pnpm-store,target=/pnpm/store pnpm fetch --store-dir=/pnpm/store
#122 52.47 [WARN] Request took 14394ms: https://registry.npmjs.org/@tailwindcss%2Foxide-darwin-x64
#122 52.49 [WARN] Request took 15260ms: https://registry.npmjs.org/@sentry%2Fcore
#122 52.55 [WARN] Request took 14472ms: https://registry.npmjs.org/@tailwindcss%2Foxide-freebsd-x64
#122 52.80 [WARN] Request took 10263ms: https://registry.npmjs.org/@types%2Freact
#122 53.01 [WARN] Request took 14653ms: https://registry.npmjs.org/@tailwindcss%2Foxide-linux-arm64-gnu
#122 53.11 Progress: resolved 680, reused 143, downloaded 0, added 0
#122 53.19 [WARN] Request took 15118ms: https://registry.npmjs.org/@tailwindcss%2Foxide-darwin-arm64
#122 53.67 [WARN] Request took 15062ms: https://registry.npmjs.org/@tailwindcss%2Foxide-linux-arm64-musl
#122 53.75 [WARN] Request took 14944ms: https://registry.npmjs.org/@tailwindcss%2Foxide-linux-x64-musl
#122 53.81 [WARN] Request took 15577ms: https://registry.npmjs.org/@tailwindcss%2Foxide-linux-arm-gnueabihf
#122 53.90 [WARN] Request took 15112ms: https://registry.npmjs.org/@tailwindcss%2Foxide-linux-x64-gnu
#122 54.49 Progress: resolved 680, reused 146, downloaded 0, added 0
#122 55.42 [WARN] Request took 16305ms: https://registry.npmjs.org/@tailwindcss%2Fpostcss
#122 55.52 Progress: resolved 680, reused 151, downloaded 0, added 0
#122 56.61 Progress: resolved 680, reused 156, downloaded 0, added 0
#122 57.10 [WARN] Request took 21053ms: https://registry.npmjs.org/@react-aria%2Finteractions
#122 57.67 Progress: resolved 680, reused 164, downloaded 0, added 0
#122 57.82 [WARN] Request took 20557ms: https://registry.npmjs.org/@sentry%2Fnode
#122 57.88 [WARN] Request took 21802ms: https://registry.npmjs.org/@react-router%2Fdev
#122 ...

#121 [space installer 8/8] RUN pnpm turbo run build --filter=space
#121 44.97 @plane/i18n:build: $ tsx scripts/generate-types.ts
#121 ...

#85 [admin caddy-builder 2/2] RUN xcaddy build     --with github.com/mholt/caddy-ratelimit
#85 81.66 go: downloading github.com/googleapis/gax-go/v2 v2.22.0
#85 81.66 go: downloading cloud.google.com/go/auth v0.20.0
#85 82.28 go: downloading cloud.google.com/go/compute/metadata v0.9.0
#85 82.28 go: downloading cloud.google.com/go/auth/oauth2adapt v0.2.8
#85 82.39 go: downloading github.com/google/s2a-go v0.1.9
#85 82.42 go: downloading go.opentelemetry.io/contrib/instrumentation/net/http/otelhttp v0.68.0
#85 82.68 go: downloading github.com/googleapis/enterprise-certificate-proxy v0.3.15
#85 82.98 go: downloading github.com/felixge/httpsnoop v1.0.4
#85 ...

#113 [live installer 12/12] RUN pnpm turbo run build --filter=live
#113 64.63 @plane/hooks:build: $ tsdown
#113 65.86 @plane/logger:build: $ tsdown
#113 66.57 @plane/types:build: $ tsdown
#113 66.88 @plane/decorators:build: $ tsdown
#113 68.20 @plane/logger:build: ℹ tsdown v0.16.0 powered by rolldown v1.0.0-beta.46
#113 68.43 @plane/hooks:build: ℹ tsdown v0.16.0 powered by rolldown v1.0.0-beta.46
#113 69.03 @plane/decorators:build: ℹ tsdown v0.16.0 powered by rolldown v1.0.0-beta.46
#113 69.43 @plane/types:build: ℹ tsdown v0.16.0 powered by rolldown v1.0.0-beta.46
#113 ...

#122 [admin installer 6/8] RUN --mount=type=cache,id=pnpm-store,target=/pnpm/store pnpm fetch --store-dir=/pnpm/store
#122 58.55 [WARN] Request took 22508ms: https://registry.npmjs.org/@react-aria%2Ffocus
#122 58.90 Progress: resolved 680, reused 172, downloaded 0, added 0
#122 59.17 [WARN] Request took 20076ms: https://registry.npmjs.org/@tailwindcss%2Foxide-win32-x64-msvc
#122 60.19 Progress: resolved 680, reused 179, downloaded 0, added 0
#122 61.05 [WARN] Request took 11749ms: https://registry.npmjs.org/esbuild
#122 61.29 Progress: resolved 680, reused 189, downloaded 0, added 0
#122 61.59 [WARN] Request took 25479ms: https://registry.npmjs.org/@react-types%2Fshared
#122 61.64 [WARN] Request took 16210ms: https://registry.npmjs.org/caniuse-lite
#122 62.30 Progress: resolved 680, reused 197, downloaded 0, added 0
#122 63.18 [WARN] Request took 13647ms: https://registry.npmjs.org/eslint
#122 63.34 [WARN] Request took 21322ms: https://registry.npmjs.org/@internationalized%2Fstring
#122 63.55 Progress: resolved 680, reused 206, downloaded 0, added 0
#122 64.56 Progress: resolved 680, reused 221, downloaded 0, added 0
#122 65.61 [WARN] Request took 26509ms: https://registry.npmjs.org/@tailwindcss%2Foxide
#122 65.68 Progress: resolved 680, reused 233, downloaded 0, added 0
#122 66.79 Progress: resolved 680, reused 253, downloaded 0, added 0
#122 67.23 [WARN] Request took 19704ms: https://registry.npmjs.org/@internationalized%2Fdate
#122 67.84 Progress: resolved 680, reused 264, downloaded 0, added 0
#122 68.67 [WARN] Request took 19708ms: https://registry.npmjs.org/@internationalized%2Fnumber
#122 69.37 [WARN] Request took 27296ms: https://registry.npmjs.org/@types%2Fnode
#122 69.46 Progress: resolved 680, reused 265, downloaded 0, added 0
#122 69.82 [WARN] Request took 20922ms: https://registry.npmjs.org/electron-to-chromium
#122 ...

#121 [space installer 8/8] RUN pnpm turbo run build --filter=space
#121 57.36 @plane/i18n:build: Generated 3838 keys from 28 namespace files
#121 61.32 @plane/i18n:build: [34mℹ[39m tsdown [2mv0.16.0[22m powered by rolldown [2mv1.0.0-beta.46[22m
#121 64.81 @plane/i18n:build: [34mℹ[39m Using tsdown config: [4m/app/packages/i18n/tsdown.config.ts[24m
#121 65.19 @plane/i18n:build: [34mℹ[39m entry: [34msrc/index.ts[39m
#121 65.21 @plane/i18n:build: [34mℹ[39m tsconfig: [34mtsconfig.json[39m
#121 65.22 @plane/i18n:build: [34mℹ[39m Build start
#121 ...

#113 [live installer 12/12] RUN pnpm turbo run build --filter=live
#113 71.27 @plane/logger:build: ℹ Using tsdown config: /app/packages/logger/tsdown.config.ts
#113 71.47 @plane/hooks:build: ℹ Using tsdown config: /app/packages/hooks/tsdown.config.ts
#113 71.54 @plane/logger:build: ℹ entry: src/index.ts
#113 71.59 @plane/logger:build: ℹ tsconfig: tsconfig.json
#113 71.61 @plane/logger:build: ℹ Build start
#113 71.73 @plane/decorators:build: ℹ Using tsdown config: /app/packages/decorators/tsdown.config.ts
#113 71.76 @plane/hooks:build: ℹ entry: src/index.ts
#113 71.80 @plane/hooks:build: ℹ tsconfig: tsconfig.json
#113 71.81 @plane/hooks:build: ℹ Build start
#113 72.21 @plane/decorators:build: ℹ entry: src/index.ts
#113 72.22 @plane/decorators:build: ℹ tsconfig: tsconfig.json
#113 72.22 @plane/decorators:build: ℹ Build start
#113 72.53 @plane/types:build: ℹ Using tsdown config: /app/packages/types/tsdown.config.ts
#113 ...

#132 [web installer 12/12] RUN pnpm turbo run build --filter=web --force     && printf '%s\n' "2be5525c3e86bd21807abb413904ad5e37d31eddaed61d1bfdacf350353ac08e" > /app/apps/web/build/client/deployment-source.txt
#132 48.21 
#132 48.29 . prepare$ husky
#132 48.75 . prepare: .git can't be found
#132 48.76 . prepare: Done
#132 50.56 Done in 41s using pnpm v11.10.0
#132 52.04 • turbo 2.10.11
#132 52.68 
#132 52.68    • Packages in scope: web
#132 52.68    • Running build in 1 packages
#132 52.68    • Remote caching disabled
#132 52.68 
#132 56.72 @plane/i18n:build: cache bypass, force executing edd8dbbe1c3771c1
#132 56.72 @plane/types:build: cache bypass, force executing 73de4b48de61b180
#132 56.73 @plane/hooks:build: cache bypass, force executing 7cfc83de1dc854c6
#132 ...

#113 [live installer 12/12] RUN pnpm turbo run build --filter=live
#113 73.03 @plane/types:build: ℹ entry: src/index.ts
#113 73.11 @plane/types:build: ℹ tsconfig: tsconfig.json
#113 73.13 @plane/types:build: ℹ Build start
#113 ...

#122 [admin installer 6/8] RUN --mount=type=cache,id=pnpm-store,target=/pnpm/store pnpm fetch --store-dir=/pnpm/store
#122 70.83 Progress: resolved 680, reused 276, downloaded 0, added 0
#122 72.09 Progress: resolved 680, reused 277, downloaded 0, added 0
#122 72.55 [WARN] Request took 13965ms: https://registry.npmjs.org/react-hook-form
#122 72.81 [WARN] Request took 14075ms: https://registry.npmjs.org/react-stately
#122 73.09 [WARN] Request took 10944ms: https://registry.npmjs.org/@react-types%2Fshared
#122 73.10 Progress: resolved 680, reused 281, downloaded 0, added 0
#122 73.15 [WARN] Request took 10217ms: https://registry.npmjs.org/use-sync-external-store
#122 73.62 [WARN] Request took 15845ms: https://registry.npmjs.org/@react-aria%2Finteractions
#122 74.18 [WARN] Request took 15240ms: https://registry.npmjs.org/react
#122 74.29 Progress: resolved 680, reused 285, downloaded 0, added 0
#122 74.46 [WARN] Request took 15760ms: https://registry.npmjs.org/react-refresh
#122 74.69 [WARN] Request took 14225ms: https://registry.npmjs.org/scheduler
#122 75.00 [WARN] Request took 15727ms: https://registry.npmjs.org/@react-aria%2Ffocus
#122 75.30 Progress: resolved 680, reused 287, downloaded 0, added 0
#122 76.31 [WARN] Request took 17745ms: https://registry.npmjs.org/react-dom
#122 76.39 Progress: resolved 680, reused 290, downloaded 0, added 0
#122 76.61 [WARN] Request took 18180ms: https://registry.npmjs.org/react-aria
#122 77.07 [WARN] Request took 27565ms: https://registry.npmjs.org/eslint-plugin-react-hooks
#122 77.39 Progress: resolved 680, reused 296, downloaded 0, added 0
#122 77.77 [WARN] Request took 34802ms: https://registry.npmjs.org/@typescript-eslint%2Ftypes
#122 78.09 [WARN] Request took 16693ms: https://registry.npmjs.org/tailwindcss
#122 78.41 Progress: resolved 680, reused 307, downloaded 0, added 0
#122 79.76 Progress: resolved 680, reused 371, downloaded 0, added 0
#122 80.77 Progress: resolved 680, reused 393, downloaded 0, added 0
#122 81.62 [WARN] Request took 19406ms: https://registry.npmjs.org/typescript
#122 81.77 Progress: resolved 680, reused 398, downloaded 0, added 0
#122 ...

#85 [admin caddy-builder 2/2] RUN xcaddy build     --with github.com/mholt/caddy-ratelimit
#85 97.06 go: added github.com/mholt/caddy-ratelimit v0.1.0
#85 97.17 2026/09/18 14:04:06 [INFO] exec (timeout=0s): /usr/local/go/bin/go get -v  
#85 97.70 go: downloading github.com/go-chi/chi/v5 v5.2.5
#85 97.87 go: downloading github.com/DeRuina/timberjack v1.4.2
#85 99.19 go: downloading github.com/pires/go-proxyproto v0.12.0
#85 99.21 go: downloading github.com/BurntSushi/toml v1.6.0
#85 99.81 go: downloading github.com/alecthomas/chroma/v2 v2.24.1
#85 100.1 go: downloading github.com/yuin/goldmark v1.8.2
#85 100.8 go: downloading github.com/yuin/goldmark-highlighting/v2 v2.0.0-20230729083705-37449abec8cc
#85 101.7 go: downloading gopkg.in/yaml.v3 v3.0.1
#85 101.9 go: downloading go.opentelemetry.io/contrib/propagators/autoprop v0.68.0
#85 102.5 go: downloading github.com/fxamacker/cbor/v2 v2.9.0
#85 102.8 go: downloading github.com/google/go-tpm v0.9.8
#85 103.1 go: downloading github.com/smallstep/go-attestation v0.4.4-0.20241119153605-2306d5b464ca
#85 103.9 go: downloading go.opentelemetry.io/contrib/propagators/aws v1.43.0
#85 104.4 go: downloading go.opentelemetry.io/contrib/propagators/b3 v1.43.0
#85 104.7 go: downloading go.opentelemetry.io/contrib/propagators/jaeger v1.43.0
#85 105.2 go: downloading go.opentelemetry.io/contrib/propagators/ot v1.43.0
#85 105.5 go: downloading github.com/x448/float16 v0.8.4
#85 105.6 go: downloading github.com/sirupsen/logrus v1.9.4
#85 105.9 go: downloading github.com/dlclark/regexp2 v1.12.0
#85 106.1 go: downloading github.com/google/go-tspi v0.3.0
#85 106.7 go: downloading github.com/google/certificate-transparency-go v1.1.8-0.20240110162603-74a5dd331745
#85 ...

#122 [admin installer 6/8] RUN --mount=type=cache,id=pnpm-store,target=/pnpm/store pnpm fetch --store-dir=/pnpm/store
#122 83.64 [WARN] Request took 14029ms: https://registry.npmjs.org/@types%2Fnode
#122 83.65 Progress: resolved 680, reused 425, downloaded 0, added 0
#122 84.65 Progress: resolved 680, reused 504, downloaded 0, added 0
#122 85.65 Progress: resolved 680, reused 602, downloaded 0, added 0
#122 89.60 ✓ Lockfile passes supply-chain policies (869 entries in 1m 15.2s)
#122 89.61 Progress: resolved 680, reused 678, downloaded 0, added 0
#122 90.61 Progress: resolved 680, reused 678, downloaded 0, added 38
#122 ...

#132 [web installer 12/12] RUN pnpm turbo run build --filter=web --force     && printf '%s\n' "2be5525c3e86bd21807abb413904ad5e37d31eddaed61d1bfdacf350353ac08e" > /app/apps/web/build/client/deployment-source.txt
#132 71.98 @plane/types:build: $ tsdown
#132 72.07 @plane/hooks:build: $ tsdown
#132 72.39 @plane/i18n:build: $ pnpm run generate:types && tsdown
#132 74.50 @plane/types:build: ℹ tsdown v0.16.0 powered by rolldown v1.0.0-beta.46
#132 74.63 @plane/hooks:build: ℹ tsdown v0.16.0 powered by rolldown v1.0.0-beta.46
#132 76.72 @plane/hooks:build: ℹ Using tsdown config: /app/packages/hooks/tsdown.config.ts
#132 76.79 @plane/types:build: ℹ Using tsdown config: /app/packages/types/tsdown.config.ts
#132 76.88 @plane/hooks:build: ℹ entry: src/index.ts
#132 76.89 @plane/hooks:build: ℹ tsconfig: tsconfig.json
#132 76.89 @plane/hooks:build: ℹ Build start
#132 76.93 @plane/types:build: ℹ entry: src/index.ts
#132 76.94 @plane/types:build: ℹ tsconfig: tsconfig.json
#132 76.95 @plane/types:build: ℹ Build start
#132 ...

#122 [admin installer 6/8] RUN --mount=type=cache,id=pnpm-store,target=/pnpm/store pnpm fetch --store-dir=/pnpm/store
#122 91.62 Progress: resolved 680, reused 678, downloaded 0, added 50
#122 93.99 Progress: resolved 680, reused 678, downloaded 0, added 51
#122 94.99 Progress: resolved 680, reused 678, downloaded 0, added 66
#122 96.00 Progress: resolved 680, reused 678, downloaded 0, added 67
#122 97.01 Progress: resolved 680, reused 678, downloaded 0, added 70
#122 98.01 Progress: resolved 680, reused 678, downloaded 0, added 83
#122 ...

#85 [admin caddy-builder 2/2] RUN xcaddy build     --with github.com/mholt/caddy-ratelimit
#85 119.4 2026/09/18 14:04:28 [INFO] Build environment ready
#85 119.4 2026/09/18 14:04:28 [INFO] Building Caddy
#85 119.4 2026/09/18 14:04:28 [INFO] exec (timeout=0s): /usr/local/go/bin/go mod tidy -e 
#85 120.3 go: downloading github.com/stretchr/testify v1.11.1
#85 121.2 go: downloading go.uber.org/goleak v1.3.0
#85 122.0 go: downloading github.com/google/go-cmp v0.7.0
#85 122.0 go: downloading go.uber.org/mock v0.6.0
#85 122.4 go: downloading gopkg.in/check.v1 v1.0.0-20201130134442-10cb98267c6c
#85 122.8 go: downloading code.pfad.fr/check v1.1.0
#85 122.8 go: downloading github.com/letsencrypt/pebble/v2 v2.10.0
#85 123.5 go: downloading github.com/zeebo/assert v1.1.0
#85 123.5 go: downloading github.com/prashantv/gostub v1.1.0
#85 123.6 go: downloading github.com/davecgh/go-spew v1.1.1
#85 123.7 go: downloading github.com/pmezard/go-difflib v1.0.0
#85 123.9 go: downloading github.com/smallstep/assert v0.0.0-20200723003110-82e2b9b3b262
#85 124.0 go: downloading github.com/fortytw2/leaktest v1.3.0
#85 124.1 go: downloading github.com/kylelemons/godebug v1.1.0
#85 124.3 go: downloading github.com/kr/pretty v0.3.1
#85 124.4 go: downloading github.com/letsencrypt/challtestsrv v1.4.2
#85 124.6 go: downloading github.com/alecthomas/assert/v2 v2.11.0
#85 124.6 go: downloading github.com/google/go-tpm-tools v0.4.8
#85 124.9 go: downloading github.com/peterbourgon/diskv/v3 v3.0.1
#85 125.3 go: downloading github.com/schollz/jsonstore v1.1.0
#85 125.8 go: downloading go.opentelemetry.io/otel/sdk/log/logtest v0.19.0
#85 126.3 go: downloading github.com/frankban/quicktest v1.14.6
#85 126.4 go: downloading github.com/kr/text v0.2.0
#85 ...

#132 [web installer 12/12] RUN pnpm turbo run build --filter=web --force     && printf '%s\n' "2be5525c3e86bd21807abb413904ad5e37d31eddaed61d1bfdacf350353ac08e" > /app/apps/web/build/client/deployment-source.txt
#132 88.94 @plane/i18n:build: $ tsx scripts/generate-types.ts
#132 ...

#85 [admin caddy-builder 2/2] RUN xcaddy build     --with github.com/mholt/caddy-ratelimit
#85 127.0 go: downloading github.com/rogpeppe/go-internal v1.14.1
#85 128.2 go: downloading github.com/alecthomas/repr v0.5.2
#85 128.3 go: downloading github.com/chzyer/test v1.0.0
#85 128.5 go: downloading github.com/aws/aws-sdk-go-v2/config v1.32.17
#85 128.6 go: downloading github.com/aws/aws-sdk-go-v2/service/kms v1.51.1
#85 129.0 go: downloading github.com/aws/aws-sdk-go-v2 v1.41.7
#85 129.6 go: downloading cloud.google.com/go/kms v1.31.0
#85 129.9 go: downloading cloud.google.com/go v0.123.0
#85 130.3 go: downloading github.com/hexops/gotextdiff v1.0.3
#85 130.4 go: downloading github.com/google/btree v1.1.2
#85 130.4 go: downloading github.com/zeebo/pcg v1.0.1
#85 130.7 go: downloading github.com/chzyer/logex v1.2.1
#85 131.0 go: downloading github.com/aws/aws-sdk-go-v2/internal/configsources v1.4.23
#85 131.0 go: downloading github.com/aws/smithy-go v1.25.1
#85 131.4 go: downloading github.com/aws/aws-sdk-go-v2/credentials v1.19.16
#85 131.6 go: downloading github.com/aws/aws-sdk-go-v2/feature/ec2/imds v1.18.23
#85 131.6 go: downloading github.com/aws/aws-sdk-go-v2/service/signin v1.0.11
#85 131.9 go: downloading github.com/aws/aws-sdk-go-v2/service/sso v1.30.17
#85 132.0 go: downloading github.com/aws/aws-sdk-go-v2/service/ssooidc v1.35.21
#85 132.1 go: downloading github.com/aws/aws-sdk-go-v2/service/sts v1.42.1
#85 132.5 go: downloading cloud.google.com/go/longrunning v0.9.0
#85 132.6 go: downloading cloud.google.com/go/iam v1.7.0
#85 133.0 go: downloading google.golang.org/genproto v0.0.0-20260319201613-d00831a3d3e7
#85 133.1 go: downloading github.com/aws/aws-sdk-go-v2/internal/endpoints/v2 v2.7.23
#85 ...

#122 [admin installer 6/8] RUN --mount=type=cache,id=pnpm-store,target=/pnpm/store pnpm fetch --store-dir=/pnpm/store
#122 99.34 Progress: resolved 680, reused 678, downloaded 0, added 84
#122 100.3 Progress: resolved 680, reused 678, downloaded 0, added 93
#122 101.3 Progress: resolved 680, reused 678, downloaded 0, added 134
#122 102.4 Progress: resolved 680, reused 678, downloaded 0, added 141
#122 103.4 Progress: resolved 680, reused 678, downloaded 0, added 151
#122 104.5 Progress: resolved 680, reused 678, downloaded 0, added 152
#122 105.5 Progress: resolved 680, reused 678, downloaded 0, added 169
#122 106.5 Progress: resolved 680, reused 678, downloaded 0, added 220
#122 107.5 Progress: resolved 680, reused 678, downloaded 0, added 240
#122 108.5 Progress: resolved 680, reused 678, downloaded 0, added 250
#122 109.6 Progress: resolved 680, reused 678, downloaded 0, added 259
#122 ...

#85 [admin caddy-builder 2/2] RUN xcaddy build     --with github.com/mholt/caddy-ratelimit
#85 133.6 go: downloading github.com/aws/aws-sdk-go-v2/internal/v4a v1.4.24
#85 133.9 go: downloading github.com/aws/aws-sdk-go-v2/service/internal/accept-encoding v1.13.9
#85 134.0 go: downloading github.com/aws/aws-sdk-go-v2/service/internal/presigned-url v1.13.23
#85 139.7 go: downloading gonum.org/v1/gonum v0.17.0
#85 139.7 go: downloading go.opentelemetry.io/contrib/instrumentation/google.golang.org/grpc/otelgrpc v0.67.0
#85 139.7 go: downloading github.com/OneOfOne/xxhash v1.2.2
#85 140.0 go: downloading github.com/spaolacci/murmur3 v1.1.0
#85 ...

#132 [web installer 12/12] RUN pnpm turbo run build --filter=web --force     && printf '%s\n' "2be5525c3e86bd21807abb413904ad5e37d31eddaed61d1bfdacf350353ac08e" > /app/apps/web/build/client/deployment-source.txt
#132 104.2 @plane/i18n:build: Generated 3838 keys from 28 namespace files
#132 ...

#122 [admin installer 6/8] RUN --mount=type=cache,id=pnpm-store,target=/pnpm/store pnpm fetch --store-dir=/pnpm/store
#122 110.6 Progress: resolved 680, reused 678, downloaded 0, added 264
#122 118.2 Progress: resolved 680, reused 678, downloaded 0, added 265
#122 119.2 Progress: resolved 680, reused 678, downloaded 0, added 271
#122 120.2 Progress: resolved 680, reused 678, downloaded 0, added 276
#122 ...

#121 [space installer 8/8] RUN pnpm turbo run build --filter=space
#121 111.1 @plane/hooks:build: [34mℹ[39m [2mdist/[22m[1mindex.js[22m        [2m 5.82 kB[22m [2m│ gzip: 1.93 kB[22m
#121 111.1 @plane/hooks:build: [34mℹ[39m [2mdist/[22mindex.js.map    [2m11.13 kB[22m [2m│ gzip: 3.57 kB[22m
#121 111.1 @plane/hooks:build: [34mℹ[39m [2mdist/[22mindex.d.ts.map  [2m 0.66 kB[22m [2m│ gzip: 0.39 kB[22m
#121 111.1 @plane/hooks:build: [34mℹ[39m [2mdist/[22m[32m[1mindex.d.ts[22m[39m      [2m 2.00 kB[22m [2m│ gzip: 0.80 kB[22m
#121 111.1 @plane/hooks:build: [34mℹ[39m 4 files, total: 19.61 kB
#121 111.1 @plane/hooks:build: [32m✔[39m Build complete in [32m80011ms[39m
#121 ...

#85 [admin caddy-builder 2/2] RUN xcaddy build     --with github.com/mholt/caddy-ratelimit
#85 145.4 2026/09/18 14:04:54 [INFO] exec (timeout=0s): /usr/local/go/bin/go build -o /usr/bin/caddy -ldflags -w -s -trimpath -tags nobadger,nomysql,nopgx 
#85 ...

#121 [space installer 8/8] RUN pnpm turbo run build --filter=space
#121 121.2 @plane/types:build: [34mℹ[39m [2mdist/[22m[1mindex.mjs[22m        [2m 16.83 kB[22m [2m│ gzip:  3.68 kB[22m
#121 121.2 @plane/types:build: [34mℹ[39m [2mdist/[22mindex.d.mts.map  [2m 89.23 kB[22m [2m│ gzip: 29.36 kB[22m
#121 121.2 @plane/types:build: [34mℹ[39m [2mdist/[22mindex.mjs.map    [2m 65.52 kB[22m [2m│ gzip: 13.53 kB[22m
#121 121.2 @plane/types:build: [34mℹ[39m [2mdist/[22m[32m[1mindex.d.mts[22m[39m      [2m146.98 kB[22m [2m│ gzip: 28.71 kB[22m
#121 121.2 @plane/types:build: [34mℹ[39m 4 files, total: 318.56 kB
#121 121.3 @plane/types:build: [32m✔[39m Build complete in [32m87958ms[39m
#121 124.1 @plane/constants:build: cache miss, executing b2ebb20385299ae6
#121 ...

#132 [web installer 12/12] RUN pnpm turbo run build --filter=web --force     && printf '%s\n' "2be5525c3e86bd21807abb413904ad5e37d31eddaed61d1bfdacf350353ac08e" > /app/apps/web/build/client/deployment-source.txt
#132 109.9 @plane/i18n:build: ℹ tsdown v0.16.0 powered by rolldown v1.0.0-beta.46
#132 114.5 @plane/i18n:build: ℹ Using tsdown config: /app/packages/i18n/tsdown.config.ts
#132 115.2 @plane/i18n:build: ℹ entry: src/index.ts
#132 115.3 @plane/i18n:build: ℹ tsconfig: tsconfig.json
#132 115.4 @plane/i18n:build: ℹ Build start
#132 ...

#122 [admin installer 6/8] RUN --mount=type=cache,id=pnpm-store,target=/pnpm/store pnpm fetch --store-dir=/pnpm/store
#122 124.7 Progress: resolved 680, reused 678, downloaded 0, added 277
#122 129.2 Progress: resolved 680, reused 678, downloaded 0, added 278
#122 135.7 Progress: resolved 680, reused 678, downloaded 0, added 279
#122 138.9 Progress: resolved 680, reused 678, downloaded 0, added 280
#122 139.9 Progress: resolved 680, reused 678, downloaded 0, added 286
#122 ...

#113 [live installer 12/12] RUN pnpm turbo run build --filter=live
#113 148.9 @plane/logger:build: ℹ dist/index.mjs        0.73 kB │ gzip: 0.39 kB
#113 148.9 @plane/logger:build: ℹ dist/index.mjs.map    1.68 kB │ gzip: 0.74 kB
#113 148.9 @plane/logger:build: ℹ dist/index.d.mts.map  0.22 kB │ gzip: 0.18 kB
#113 148.9 @plane/logger:build: ℹ dist/index.d.mts      0.42 kB │ gzip: 0.22 kB
#113 148.9 @plane/logger:build: ℹ 4 files, total: 3.05 kB
#113 149.0 @plane/logger:build: ✔ Build complete in 77269ms
#113 150.3 @plane/decorators:build: ℹ dist/index.mjs        49.41 kB │ gzip:  8.71 kB
#113 150.3 @plane/decorators:build: ℹ dist/index.mjs.map    93.65 kB │ gzip: 16.16 kB
#113 150.3 @plane/decorators:build: ℹ dist/index.d.mts.map   0.86 kB │ gzip:  0.47 kB
#113 150.3 @plane/decorators:build: ℹ dist/index.d.mts       1.39 kB │ gzip:  0.51 kB
#113 150.3 @plane/decorators:build: ℹ 4 files, total: 145.32 kB
#113 150.6 @plane/decorators:build: ✔ Build complete in 78256ms
#113 ...

#121 [space installer 8/8] RUN pnpm turbo run build --filter=space
#121 146.2 @plane/constants:build: $ tsdown
#121 147.1 @plane/i18n:build: [34mℹ[39m [2mdist/[22m[1mindex.js[22m        [2m  5.66 kB[22m [2m│ gzip:  2.15 kB[22m
#121 147.1 @plane/i18n:build: [34mℹ[39m [2mdist/[22mindex.d.ts.map  [2m 43.17 kB[22m [2m│ gzip:  5.39 kB[22m
#121 147.1 @plane/i18n:build: [34mℹ[39m [2mdist/[22mindex.js.map    [2m 12.36 kB[22m [2m│ gzip:  4.16 kB[22m
#121 147.1 @plane/i18n:build: [34mℹ[39m [2mdist/[22m[32m[1mindex.d.ts[22m[39m      [2m176.39 kB[22m [2m│ gzip: 23.79 kB[22m
#121 147.1 @plane/i18n:build: [34mℹ[39m 4 files, total: 237.59 kB
#121 147.1 @plane/i18n:build: [32m✔[39m Build complete in [32m81844ms[39m
#121 148.4 @plane/constants:build: [34mℹ[39m tsdown [2mv0.16.0[22m powered by rolldown [2mv1.0.0-beta.46[22m
#121 149.2 @plane/constants:build: [34mℹ[39m Using tsdown config: [4m/app/packages/constants/tsdown.config.ts[24m
#121 149.3 @plane/constants:build: [34mℹ[39m entry: [34msrc/index.ts[39m
#121 149.3 @plane/constants:build: [34mℹ[39m tsconfig: [34mtsconfig.json[39m
#121 149.3 @plane/constants:build: [34mℹ[39m Build start
#121 ...

#122 [admin installer 6/8] RUN --mount=type=cache,id=pnpm-store,target=/pnpm/store pnpm fetch --store-dir=/pnpm/store
#122 149.3 Progress: resolved 680, reused 678, downloaded 0, added 287
#122 150.3 Progress: resolved 680, reused 678, downloaded 0, added 288
#122 155.6 Progress: resolved 680, reused 678, downloaded 0, added 289
#122 156.6 Progress: resolved 680, reused 678, downloaded 0, added 290
#122 160.6 Progress: resolved 680, reused 678, downloaded 0, added 291
#122 161.6 Progress: resolved 680, reused 678, downloaded 0, added 298
#122 166.6 Progress: resolved 680, reused 678, downloaded 0, added 299
#122 ...

#113 [live installer 12/12] RUN pnpm turbo run build --filter=live
#113 168.4 @plane/hooks:build: ℹ dist/index.js         5.82 kB │ gzip: 1.93 kB
#113 168.4 @plane/hooks:build: ℹ dist/index.js.map    11.13 kB │ gzip: 3.57 kB
#113 168.4 @plane/hooks:build: ℹ dist/index.d.ts.map   0.66 kB │ gzip: 0.39 kB
#113 168.4 @plane/hooks:build: ℹ dist/index.d.ts       2.00 kB │ gzip: 0.80 kB
#113 168.4 @plane/hooks:build: ℹ 4 files, total: 19.61 kB
#113 168.5 @plane/hooks:build: ✔ Build complete in 96561ms
#113 175.3 @plane/types:build: ℹ dist/index.mjs         16.83 kB │ gzip:  3.68 kB
#113 175.3 @plane/types:build: ℹ dist/index.d.mts.map   89.23 kB │ gzip: 29.36 kB
#113 175.3 @plane/types:build: ℹ dist/index.mjs.map     65.52 kB │ gzip: 13.53 kB
#113 175.3 @plane/types:build: ℹ dist/index.d.mts      146.98 kB │ gzip: 28.71 kB
#113 175.3 @plane/types:build: ℹ 4 files, total: 318.56 kB
#113 175.4 @plane/types:build: ✔ Build complete in 102197ms
#113 176.1 @plane/constants:build: cache miss, executing 0c16c4218c9b9276
#113 ...

#122 [admin installer 6/8] RUN --mount=type=cache,id=pnpm-store,target=/pnpm/store pnpm fetch --store-dir=/pnpm/store
#122 167.6 Progress: resolved 680, reused 678, downloaded 0, added 322
#122 168.6 Progress: resolved 680, reused 678, downloaded 0, added 373
#122 169.6 Progress: resolved 680, reused 678, downloaded 0, added 397
#122 170.6 Progress: resolved 680, reused 678, downloaded 0, added 412
#122 171.6 Progress: resolved 680, reused 678, downloaded 0, added 450
#122 172.6 Progress: resolved 680, reused 678, downloaded 0, added 509
#122 173.6 Progress: resolved 680, reused 678, downloaded 0, added 521
#122 174.6 Progress: resolved 680, reused 678, downloaded 0, added 553
#122 175.6 Progress: resolved 680, reused 678, downloaded 0, added 584
#122 176.6 Progress: resolved 680, reused 678, downloaded 0, added 619
#122 177.6 Progress: resolved 680, reused 678, downloaded 0, added 644
#122 ...

#132 [web installer 12/12] RUN pnpm turbo run build --filter=web --force     && printf '%s\n' "2be5525c3e86bd21807abb413904ad5e37d31eddaed61d1bfdacf350353ac08e" > /app/apps/web/build/client/deployment-source.txt
#132 164.1 @plane/hooks:build: ℹ dist/index.js         5.82 kB │ gzip: 1.93 kB
#132 164.1 @plane/hooks:build: ℹ dist/index.js.map    11.13 kB │ gzip: 3.57 kB
#132 164.1 @plane/hooks:build: ℹ dist/index.d.ts.map   0.66 kB │ gzip: 0.39 kB
#132 164.1 @plane/hooks:build: ℹ dist/index.d.ts       2.00 kB │ gzip: 0.80 kB
#132 164.1 @plane/hooks:build: ℹ 4 files, total: 19.61 kB
#132 164.2 @plane/hooks:build: ✔ Build complete in 87244ms
#132 ...

#122 [admin installer 6/8] RUN --mount=type=cache,id=pnpm-store,target=/pnpm/store pnpm fetch --store-dir=/pnpm/store
#122 178.6 Progress: resolved 680, reused 678, downloaded 0, added 669
#122 179.0 Progress: resolved 680, reused 678, downloaded 0, added 680, done
#122 180.5 
#122 DONE 181.5s

#133 [admin installer 7/8] RUN --mount=type=cache,id=pnpm-store,target=/pnpm/store CI=true pnpm install --offline --frozen-lockfile --store-dir=/pnpm/store --prod=false
#133 ...

#121 [space installer 8/8] RUN pnpm turbo run build --filter=space
#121 180.0 @plane/constants:build: [34mℹ[39m [2mdist/[22m[1mindex.mjs[22m        [2m108.95 kB[22m [2m│ gzip: 21.94 kB[22m
#121 180.0 @plane/constants:build: [34mℹ[39m [2mdist/[22mindex.mjs.map    [2m176.20 kB[22m [2m│ gzip: 30.67 kB[22m
#121 180.0 @plane/constants:build: [34mℹ[39m [2mdist/[22mindex.d.mts.map  [2m 24.27 kB[22m [2m│ gzip:  8.83 kB[22m
#121 180.0 @plane/constants:build: [34mℹ[39m [2mdist/[22m[32m[1mindex.d.mts[22m[39m      [2m 52.02 kB[22m [2m│ gzip: 11.44 kB[22m
#121 180.0 @plane/constants:build: [34mℹ[39m 4 files, total: 361.43 kB
#121 180.0 @plane/constants:build: [32m✔[39m Build complete in [32m30704ms[39m
#121 180.4 @plane/services:build: cache miss, executing 0f57649255d0e28a
#121 180.4 @plane/utils:build: cache miss, executing 48c3c319ab8982dc
#121 ...

#113 [live installer 12/12] RUN pnpm turbo run build --filter=live
#113 181.7 @plane/constants:build: $ tsdown
#113 182.7 @plane/constants:build: ℹ tsdown v0.16.0 powered by rolldown v1.0.0-beta.46
#113 183.6 @plane/constants:build: ℹ Using tsdown config: /app/packages/constants/tsdown.config.ts
#113 183.6 @plane/constants:build: ℹ entry: src/index.ts
#113 183.6 @plane/constants:build: ℹ tsconfig: tsconfig.json
#113 183.6 @plane/constants:build: ℹ Build start
#113 ...

#132 [web installer 12/12] RUN pnpm turbo run build --filter=web --force     && printf '%s\n' "2be5525c3e86bd21807abb413904ad5e37d31eddaed61d1bfdacf350353ac08e" > /app/apps/web/build/client/deployment-source.txt
#132 168.2 @plane/types:build: ℹ dist/index.mjs         16.83 kB │ gzip:  3.68 kB
#132 168.2 @plane/types:build: ℹ dist/index.d.mts.map   89.23 kB │ gzip: 29.36 kB
#132 168.2 @plane/types:build: ℹ dist/index.mjs.map     65.52 kB │ gzip: 13.53 kB
#132 168.2 @plane/types:build: ℹ dist/index.d.mts      146.98 kB │ gzip: 28.71 kB
#132 168.2 @plane/types:build: ℹ 4 files, total: 318.56 kB
#132 168.3 @plane/types:build: ✔ Build complete in 91285ms
#132 169.8 @plane/constants:build: cache bypass, force executing ba9052764f123943
#132 ...

#133 [admin installer 7/8] RUN --mount=type=cache,id=pnpm-store,target=/pnpm/store CI=true pnpm install --offline --frozen-lockfile --store-dir=/pnpm/store --prod=false
#133 10.37 Scope: all 9 workspace projects
#133 11.42 ✓ Lockfile passes supply-chain policies (verified 1m ago)
#133 11.46 Lockfile is up to date, resolution step is skipped
#133 13.20 Already up to date
#133 ...

#121 [space installer 8/8] RUN pnpm turbo run build --filter=space
#121 190.1 @plane/services:build: $ tsdown
#121 190.8 @plane/utils:build: $ tsdown
#121 191.7 @plane/services:build: [34mℹ[39m tsdown [2mv0.16.0[22m powered by rolldown [2mv1.0.0-beta.46[22m
#121 192.6 @plane/utils:build: [34mℹ[39m tsdown [2mv0.16.0[22m powered by rolldown [2mv1.0.0-beta.46[22m
#121 193.4 @plane/services:build: [34mℹ[39m Using tsdown config: [4m/app/packages/services/tsdown.config.ts[24m
#121 193.7 @plane/services:build: [34mℹ[39m entry: [34msrc/index.ts[39m
#121 193.7 @plane/services:build: [34mℹ[39m tsconfig: [34mtsconfig.json[39m
#121 193.7 @plane/services:build: [34mℹ[39m Build start
#121 194.5 @plane/utils:build: [34mℹ[39m Using tsdown config: [4m/app/packages/utils/tsdown.config.ts[24m
#121 194.8 @plane/utils:build: [34mℹ[39m entry: [34msrc/index.ts[39m
#121 194.8 @plane/utils:build: [34mℹ[39m tsconfig: [34mtsconfig.json[39m
#121 194.8 @plane/utils:build: [34mℹ[39m Build start
#121 ...

#133 [admin installer 7/8] RUN --mount=type=cache,id=pnpm-store,target=/pnpm/store CI=true pnpm install --offline --frozen-lockfile --store-dir=/pnpm/store --prod=false
#133 22.01 
#133 22.01 devDependencies:
#133 22.01 + husky 9.1.7
#133 22.01 + lint-staged 16.2.7
#133 22.01 + oxfmt 0.35.0
#133 22.01 + oxlint 1.51.0
#133 22.01 + react-doctor 0.4.2
#133 22.01 + turbo 2.10.11
#133 22.01 
#133 22.13 . prepare$ husky
#133 22.64 . prepare: .git can't be found
#133 22.65 . prepare: Done
#133 23.59 Done in 17.9s using pnpm v11.10.0
#133 DONE 24.0s

#132 [web installer 12/12] RUN pnpm turbo run build --filter=web --force     && printf '%s\n' "2be5525c3e86bd21807abb413904ad5e37d31eddaed61d1bfdacf350353ac08e" > /app/apps/web/build/client/deployment-source.txt
#132 182.8 @plane/constants:build: $ tsdown
#132 184.6 @plane/constants:build: ℹ tsdown v0.16.0 powered by rolldown v1.0.0-beta.46
#132 186.5 @plane/constants:build: ℹ Using tsdown config: /app/packages/constants/tsdown.config.ts
#132 186.7 @plane/constants:build: ℹ entry: src/index.ts
#132 186.7 @plane/constants:build: ℹ tsconfig: tsconfig.json
#132 186.8 @plane/constants:build: ℹ Build start
#132 190.9 @plane/i18n:build: ℹ dist/index.js          5.66 kB │ gzip:  2.15 kB
#132 190.9 @plane/i18n:build: ℹ dist/index.d.ts.map   43.17 kB │ gzip:  5.39 kB
#132 190.9 @plane/i18n:build: ℹ dist/index.js.map     12.36 kB │ gzip:  4.16 kB
#132 190.9 @plane/i18n:build: ℹ dist/index.d.ts      176.39 kB │ gzip: 23.79 kB
#132 190.9 @plane/i18n:build: ℹ 4 files, total: 237.59 kB
#132 190.9 @plane/i18n:build: ✔ Build complete in 75418ms
#132 ...

#134 [admin installer 8/8] RUN pnpm turbo run build --filter=admin
#134 8.349 
#134 8.349    • Packages in scope: admin
#134 8.349    • Running build in 1 packages
#134 8.349    • Remote caching disabled
#134 8.349 
#134 8.864 @plane/types:build: cache miss, executing 388d4d0f142f4549
#134 8.865 @plane/hooks:build: cache miss, executing d0aef673d47062f7
#134 ...

#113 [live installer 12/12] RUN pnpm turbo run build --filter=live
#113 216.7 @plane/constants:build: ℹ dist/index.mjs        108.95 kB │ gzip: 21.94 kB
#113 216.7 @plane/constants:build: ℹ dist/index.mjs.map    176.20 kB │ gzip: 30.67 kB
#113 216.7 @plane/constants:build: ℹ dist/index.d.mts.map   24.27 kB │ gzip:  8.83 kB
#113 216.7 @plane/constants:build: ℹ dist/index.d.mts       52.02 kB │ gzip: 11.44 kB
#113 216.7 @plane/constants:build: ℹ 4 files, total: 361.43 kB
#113 216.7 @plane/constants:build: ✔ Build complete in 33039ms
#113 217.0 @plane/utils:build: cache miss, executing 28aeb2e06d35887d
#113 221.4 @plane/utils:build: $ tsdown
#113 222.2 @plane/utils:build: ℹ tsdown v0.16.0 powered by rolldown v1.0.0-beta.46
#113 223.0 @plane/utils:build: ℹ Using tsdown config: /app/packages/utils/tsdown.config.ts
#113 223.0 @plane/utils:build: ℹ entry: src/index.ts
#113 223.0 @plane/utils:build: ℹ tsconfig: tsconfig.json
#113 223.0 @plane/utils:build: ℹ Build start
#113 ...

#134 [admin installer 8/8] RUN pnpm turbo run build --filter=admin
#134 17.87 @plane/hooks:build: $ tsdown
#134 17.97 @plane/types:build: $ tsdown
#134 19.39 @plane/hooks:build: [34mℹ[39m tsdown [2mv0.16.0[22m powered by rolldown [2mv1.0.0-beta.46[22m
#134 19.40 @plane/types:build: [34mℹ[39m tsdown [2mv0.16.0[22m powered by rolldown [2mv1.0.0-beta.46[22m
#134 21.09 @plane/types:build: [34mℹ[39m Using tsdown config: [4m/app/packages/types/tsdown.config.ts[24m
#134 21.09 @plane/hooks:build: [34mℹ[39m Using tsdown config: [4m/app/packages/hooks/tsdown.config.ts[24m
#134 21.18 @plane/types:build: [34mℹ[39m entry: [34msrc/index.ts[39m
#134 21.18 @plane/types:build: [34mℹ[39m tsconfig: [34mtsconfig.json[39m
#134 21.18 @plane/types:build: [34mℹ[39m Build start
#134 21.19 @plane/hooks:build: [34mℹ[39m entry: [34msrc/index.ts[39m
#134 21.19 @plane/hooks:build: [34mℹ[39m tsconfig: [34mtsconfig.json[39m
#134 21.19 @plane/hooks:build: [34mℹ[39m Build start
#134 ...

#132 [web installer 12/12] RUN pnpm turbo run build --filter=web --force     && printf '%s\n' "2be5525c3e86bd21807abb413904ad5e37d31eddaed61d1bfdacf350353ac08e" > /app/apps/web/build/client/deployment-source.txt
#132 218.9 @plane/constants:build: ℹ dist/index.mjs        108.95 kB │ gzip: 21.94 kB
#132 218.9 @plane/constants:build: ℹ dist/index.mjs.map    176.20 kB │ gzip: 30.67 kB
#132 218.9 @plane/constants:build: ℹ dist/index.d.mts.map   24.27 kB │ gzip:  8.83 kB
#132 218.9 @plane/constants:build: ℹ dist/index.d.mts       52.02 kB │ gzip: 11.44 kB
#132 218.9 @plane/constants:build: ℹ 4 files, total: 361.43 kB
#132 218.9 @plane/constants:build: ✔ Build complete in 32152ms
#132 219.2 @plane/utils:build: cache bypass, force executing d4486b48b50498f5
#132 219.2 @plane/services:build: cache bypass, force executing a860ddc49c6fe574
#132 ...

#121 [space installer 8/8] RUN pnpm turbo run build --filter=space
#121 238.3 @plane/services:build: [34mℹ[39m [2mdist/[22m[1mindex.js[22m        [2m 97.92 kB[22m [2m│ gzip: 11.24 kB[22m
#121 238.3 @plane/services:build: [34mℹ[39m [2mdist/[22mindex.js.map    [2m154.04 kB[22m [2m│ gzip: 17.93 kB[22m
#121 238.3 @plane/services:build: [34mℹ[39m [2mdist/[22mindex.d.ts.map  [2m 21.01 kB[22m [2m│ gzip:  5.70 kB[22m
#121 238.3 @plane/services:build: [34mℹ[39m [2mdist/[22m[32m[1mindex.d.ts[22m[39m      [2m 70.26 kB[22m [2m│ gzip:  9.05 kB[22m
#121 238.3 @plane/services:build: [34mℹ[39m 4 files, total: 343.23 kB
#121 238.4 @plane/services:build: [32m✔[39m Build complete in [32m44636ms[39m
#121 ...

#132 [web installer 12/12] RUN pnpm turbo run build --filter=web --force     && printf '%s\n' "2be5525c3e86bd21807abb413904ad5e37d31eddaed61d1bfdacf350353ac08e" > /app/apps/web/build/client/deployment-source.txt
#132 228.9 @plane/services:build: $ tsdown
#132 228.9 @plane/utils:build: $ tsdown
#132 230.2 @plane/services:build: ℹ tsdown v0.16.0 powered by rolldown v1.0.0-beta.46
#132 230.3 @plane/utils:build: ℹ tsdown v0.16.0 powered by rolldown v1.0.0-beta.46
#132 231.6 @plane/utils:build: ℹ Using tsdown config: /app/packages/utils/tsdown.config.ts
#132 231.7 @plane/services:build: ℹ Using tsdown config: /app/packages/services/tsdown.config.ts
#132 231.7 @plane/utils:build: ℹ entry: src/index.ts
#132 231.7 @plane/utils:build: ℹ tsconfig: tsconfig.json
#132 231.7 @plane/utils:build: ℹ Build start
#132 231.8 @plane/services:build: ℹ entry: src/index.ts
#132 231.8 @plane/services:build: ℹ tsconfig: tsconfig.json
#132 231.8 @plane/services:build: ℹ Build start
#132 ...

#121 [space installer 8/8] RUN pnpm turbo run build --filter=space
#121 274.9 @plane/utils:build: [34mℹ[39m [2mdist/[22m[1mindex.js[22m        [2m219.53 kB[22m [2m│ gzip: 55.06 kB[22m
#121 274.9 @plane/utils:build: [34mℹ[39m [2mdist/[22mindex.js.map    [2m398.93 kB[22m [2m│ gzip: 88.53 kB[22m
#121 274.9 @plane/utils:build: [34mℹ[39m [2mdist/[22mindex.d.ts.map  [2m 43.34 kB[22m [2m│ gzip: 14.46 kB[22m
#121 274.9 @plane/utils:build: [34mℹ[39m [2mdist/[22m[32m[1mindex.d.ts[22m[39m      [2m117.11 kB[22m [2m│ gzip: 27.19 kB[22m
#121 274.9 @plane/utils:build: [34mℹ[39m 4 files, total: 778.91 kB
#121 274.9 @plane/utils:build: [32m✔[39m Build complete in [32m80021ms[39m
#121 275.3 @plane/propel:build: cache miss, executing cbbcb1c0cb6ad25c
#121 280.3 @plane/propel:build: $ tsdown
#121 ...

#113 [live installer 12/12] RUN pnpm turbo run build --filter=live
#113 284.7 @plane/utils:build: ℹ dist/index.js        219.53 kB │ gzip: 55.06 kB
#113 284.7 @plane/utils:build: ℹ dist/index.js.map    398.93 kB │ gzip: 88.53 kB
#113 284.7 @plane/utils:build: ℹ dist/index.d.ts.map   43.34 kB │ gzip: 14.46 kB
#113 284.7 @plane/utils:build: ℹ dist/index.d.ts      117.11 kB │ gzip: 27.19 kB
#113 284.7 @plane/utils:build: ℹ 4 files, total: 778.91 kB
#113 284.8 @plane/utils:build: ✔ Build complete in 61721ms
#113 285.2 @plane/propel:build: cache miss, executing c53ccdc103c8c2a3
#113 ...

#134 [admin installer 8/8] RUN pnpm turbo run build --filter=admin
#134 72.27 @plane/hooks:build: [34mℹ[39m [2mdist/[22m[1mindex.js[22m        [2m 5.82 kB[22m [2m│ gzip: 1.93 kB[22m
#134 72.27 @plane/hooks:build: [34mℹ[39m [2mdist/[22mindex.js.map    [2m11.13 kB[22m [2m│ gzip: 3.57 kB[22m
#134 72.27 @plane/hooks:build: [34mℹ[39m [2mdist/[22mindex.d.ts.map  [2m 0.66 kB[22m [2m│ gzip: 0.39 kB[22m
#134 72.27 @plane/hooks:build: [34mℹ[39m [2mdist/[22m[32m[1mindex.d.ts[22m[39m      [2m 2.00 kB[22m [2m│ gzip: 0.80 kB[22m
#134 72.28 @plane/hooks:build: [34mℹ[39m 4 files, total: 19.61 kB
#134 72.28 @plane/hooks:build: [32m✔[39m Build complete in [32m51071ms[39m
#134 78.98 @plane/types:build: [34mℹ[39m [2mdist/[22m[1mindex.mjs[22m        [2m 16.83 kB[22m [2m│ gzip:  3.68 kB[22m
#134 78.98 @plane/types:build: [34mℹ[39m [2mdist/[22mindex.d.mts.map  [2m 89.23 kB[22m [2m│ gzip: 29.36 kB[22m
#134 78.98 @plane/types:build: [34mℹ[39m [2mdist/[22mindex.mjs.map    [2m 65.52 kB[22m [2m│ gzip: 13.53 kB[22m
#134 78.98 @plane/types:build: [34mℹ[39m [2mdist/[22m[32m[1mindex.d.mts[22m[39m      [2m146.98 kB[22m [2m│ gzip: 28.71 kB[22m
#134 78.98 @plane/types:build: [34mℹ[39m 4 files, total: 318.56 kB
#134 79.02 @plane/types:build: [32m✔[39m Build complete in [32m57820ms[39m
#134 79.47 @plane/constants:build: cache miss, executing b2ebb20385299ae6
#134 ...

#121 [space installer 8/8] RUN pnpm turbo run build --filter=space
#121 281.1 @plane/propel:build: [34mℹ[39m tsdown [2mv0.16.0[22m powered by rolldown [2mv1.0.0-beta.46[22m
#121 281.9 @plane/propel:build: [34mℹ[39m Using tsdown config: [4m/app/packages/propel/tsdown.config.ts[24m
#121 282.2 @plane/propel:build: [34mℹ[39m entry: [34msrc/animated-counter/index.ts, src/avatar/index.ts, src/badge/index.ts, src/accordion/index.ts, src/banner/index.ts, src/button/index.ts, src/calendar/index.ts, src/card/index.ts, src/collapsible/index.ts, src/combobox/index.ts, src/context-menu/index.ts, src/command/index.ts, src/dialog/index.ts, src/emoji-icon-picker/index.ts, src/emoji-reaction/index.ts, src/empty-state/index.ts, src/icon-button/index.ts, src/icons/index.ts, src/menu/index.ts, src/input/index.ts, src/pill/index.ts, src/portal/index.ts, src/popover/index.ts, src/scrollarea/index.ts, src/skeleton/index.ts, src/spinners/index.ts, src/switch/index.ts, src/table/index.ts, src/tab-navigation/index.ts, src/tabs/index.ts, src/toast/index.ts, src/toolbar/index.ts, src/utils/index.ts, src/tooltip/index.ts, src/charts/area-chart/index.ts, src/charts/bar-chart/index.ts, src/charts/line-chart/index.ts, src/charts/pie-chart/index.ts, src/charts/radar-chart/index.ts, src/charts/scatter-chart/index.ts, src/charts/tree-map/index.ts[39m
#121 282.2 @plane/propel:build: [34mℹ[39m tsconfig: [34mtsconfig.json[39m
#121 282.2 @plane/propel:build: [34mℹ[39m Build start
#121 ...

#134 [admin installer 8/8] RUN pnpm turbo run build --filter=admin
#134 84.36 @plane/constants:build: $ tsdown
#134 85.31 @plane/constants:build: [34mℹ[39m tsdown [2mv0.16.0[22m powered by rolldown [2mv1.0.0-beta.46[22m
#134 86.38 @plane/constants:build: [34mℹ[39m Using tsdown config: [4m/app/packages/constants/tsdown.config.ts[24m
#134 86.46 @plane/constants:build: [34mℹ[39m entry: [34msrc/index.ts[39m
#134 86.46 @plane/constants:build: [34mℹ[39m tsconfig: [34mtsconfig.json[39m
#134 86.46 @plane/constants:build: [34mℹ[39m Build start
#134 ...

#113 [live installer 12/12] RUN pnpm turbo run build --filter=live
#113 289.6 @plane/propel:build: $ tsdown
#113 290.6 @plane/propel:build: ℹ tsdown v0.16.0 powered by rolldown v1.0.0-beta.46
#113 291.6 @plane/propel:build: ℹ Using tsdown config: /app/packages/propel/tsdown.config.ts
#113 291.9 @plane/propel:build: ℹ entry: src/avatar/index.ts, src/animated-counter/index.ts, src/accordion/index.ts, src/badge/index.ts, src/banner/index.ts, src/button/index.ts, src/calendar/index.ts, src/card/index.ts, src/collapsible/index.ts, src/combobox/index.ts, src/command/index.ts, src/context-menu/index.ts, src/dialog/index.ts, src/emoji-icon-picker/index.ts, src/emoji-reaction/index.ts, src/empty-state/index.ts, src/icon-button/index.ts, src/icons/index.ts, src/input/index.ts, src/menu/index.ts, src/pill/index.ts, src/popover/index.ts, src/portal/index.ts, src/scrollarea/index.ts, src/skeleton/index.ts, src/switch/index.ts, src/tab-navigation/index.ts, src/table/index.ts, src/tabs/index.ts, src/toast/index.ts, src/utils/index.ts, src/tooltip/index.ts, src/toolbar/index.ts, src/spinners/index.ts, src/charts/area-chart/index.ts, src/charts/bar-chart/index.ts, src/charts/line-chart/index.ts, src/charts/radar-chart/index.ts, src/charts/pie-chart/index.ts, src/charts/scatter-chart/index.ts, src/charts/tree-map/index.ts
#113 291.9 @plane/propel:build: ℹ tsconfig: tsconfig.json
#113 291.9 @plane/propel:build: ℹ Build start
#113 ...

#132 [web installer 12/12] RUN pnpm turbo run build --filter=web --force     && printf '%s\n' "2be5525c3e86bd21807abb413904ad5e37d31eddaed61d1bfdacf350353ac08e" > /app/apps/web/build/client/deployment-source.txt
#132 277.9 @plane/services:build: ℹ dist/index.js         97.92 kB │ gzip: 11.24 kB
#132 277.9 @plane/services:build: ℹ dist/index.js.map    154.04 kB │ gzip: 17.93 kB
#132 277.9 @plane/services:build: ℹ dist/index.d.ts.map   21.01 kB │ gzip:  5.70 kB
#132 277.9 @plane/services:build: ℹ dist/index.d.ts       70.26 kB │ gzip:  9.05 kB
#132 277.9 @plane/services:build: ℹ 4 files, total: 343.23 kB
#132 277.9 @plane/services:build: ✔ Build complete in 46071ms
#132 ...

#134 [admin installer 8/8] RUN pnpm turbo run build --filter=admin
#134 114.9 @plane/constants:build: [34mℹ[39m [2mdist/[22m[1mindex.mjs[22m        [2m108.95 kB[22m [2m│ gzip: 21.94 kB[22m
#134 114.9 @plane/constants:build: [34mℹ[39m [2mdist/[22mindex.mjs.map    [2m176.20 kB[22m [2m│ gzip: 30.67 kB[22m
#134 114.9 @plane/constants:build: [34mℹ[39m [2mdist/[22mindex.d.mts.map  [2m 24.27 kB[22m [2m│ gzip:  8.83 kB[22m
#134 114.9 @plane/constants:build: [34mℹ[39m [2mdist/[22m[32m[1mindex.d.mts[22m[39m      [2m 52.02 kB[22m [2m│ gzip: 11.44 kB[22m
#134 114.9 @plane/constants:build: [34mℹ[39m 4 files, total: 361.43 kB
#134 115.0 @plane/constants:build: [32m✔[39m Build complete in [32m28469ms[39m
#134 115.3 @plane/utils:build: cache miss, executing 48c3c319ab8982dc
#134 115.3 @plane/services:build: cache miss, executing 0f57649255d0e28a
#134 ...

#132 [web installer 12/12] RUN pnpm turbo run build --filter=web --force     && printf '%s\n' "2be5525c3e86bd21807abb413904ad5e37d31eddaed61d1bfdacf350353ac08e" > /app/apps/web/build/client/deployment-source.txt
#132 315.9 @plane/utils:build: ℹ dist/index.js        219.53 kB │ gzip: 55.06 kB
#132 315.9 @plane/utils:build: ℹ dist/index.js.map    398.93 kB │ gzip: 88.53 kB
#132 315.9 @plane/utils:build: ℹ dist/index.d.ts.map   43.34 kB │ gzip: 14.46 kB
#132 315.9 @plane/utils:build: ℹ dist/index.d.ts      117.11 kB │ gzip: 27.19 kB
#132 315.9 @plane/utils:build: ℹ 4 files, total: 778.91 kB
#132 316.0 @plane/utils:build: ✔ Build complete in 84208ms
#132 316.5 @plane/propel:build: cache bypass, force executing efc39d1daaa95f11
#132 316.5 @plane/shared-state:build: cache bypass, force executing 12c632447996797b
#132 ...

#134 [admin installer 8/8] RUN pnpm turbo run build --filter=admin
#134 124.5 @plane/utils:build: $ tsdown
#134 126.0 @plane/services:build: $ tsdown
#134 126.3 @plane/utils:build: [34mℹ[39m tsdown [2mv0.16.0[22m powered by rolldown [2mv1.0.0-beta.46[22m
#134 127.3 @plane/services:build: [34mℹ[39m tsdown [2mv0.16.0[22m powered by rolldown [2mv1.0.0-beta.46[22m
#134 127.9 @plane/utils:build: [34mℹ[39m Using tsdown config: [4m/app/packages/utils/tsdown.config.ts[24m
#134 128.0 @plane/utils:build: [34mℹ[39m entry: [34msrc/index.ts[39m
#134 128.0 @plane/utils:build: [34mℹ[39m tsconfig: [34mtsconfig.json[39m
#134 128.0 @plane/utils:build: [34mℹ[39m Build start
#134 128.8 @plane/services:build: [34mℹ[39m Using tsdown config: [4m/app/packages/services/tsdown.config.ts[24m
#134 129.0 @plane/services:build: [34mℹ[39m entry: [34msrc/index.ts[39m
#134 129.1 @plane/services:build: [34mℹ[39m tsconfig: [34mtsconfig.json[39m
#134 129.1 @plane/services:build: [34mℹ[39m Build start
#134 ...

#132 [web installer 12/12] RUN pnpm turbo run build --filter=web --force     && printf '%s\n' "2be5525c3e86bd21807abb413904ad5e37d31eddaed61d1bfdacf350353ac08e" > /app/apps/web/build/client/deployment-source.txt
#132 325.5 @plane/propel:build: $ tsdown
#132 326.0 @plane/shared-state:build: $ tsdown
#132 327.1 @plane/propel:build: ℹ tsdown v0.16.0 powered by rolldown v1.0.0-beta.46
#132 327.4 @plane/shared-state:build: ℹ tsdown v0.16.0 powered by rolldown v1.0.0-beta.46
#132 329.0 @plane/propel:build: ℹ Using tsdown config: /app/packages/propel/tsdown.config.ts
#132 329.0 @plane/shared-state:build: ℹ Using tsdown config: /app/packages/shared-state/tsdown.config.ts
#132 329.1 @plane/shared-state:build: ℹ entry: src/index.ts
#132 329.1 @plane/shared-state:build: ℹ tsconfig: tsconfig.json
#132 329.1 @plane/shared-state:build: ℹ Build start
#132 329.5 @plane/propel:build: ℹ entry: src/accordion/index.ts, src/animated-counter/index.ts, src/badge/index.ts, src/avatar/index.ts, src/button/index.ts, src/banner/index.ts, src/calendar/index.ts, src/card/index.ts, src/collapsible/index.ts, src/combobox/index.ts, src/command/index.ts, src/context-menu/index.ts, src/dialog/index.ts, src/emoji-icon-picker/index.ts, src/emoji-reaction/index.ts, src/empty-state/index.ts, src/icon-button/index.ts, src/icons/index.ts, src/input/index.ts, src/menu/index.ts, src/pill/index.ts, src/popover/index.ts, src/scrollarea/index.ts, src/skeleton/index.ts, src/portal/index.ts, src/spinners/index.ts, src/table/index.ts, src/tab-navigation/index.ts, src/toast/index.ts, src/toolbar/index.ts, src/tooltip/index.ts, src/utils/index.ts, src/switch/index.ts, src/tabs/index.ts, src/charts/area-chart/index.ts, src/charts/bar-chart/index.ts, src/charts/line-chart/index.ts, src/charts/pie-chart/index.ts, src/charts/scatter-chart/index.ts, src/charts/radar-chart/index.ts, src/charts/tree-map/index.ts
#132 329.5 @plane/propel:build: ℹ tsconfig: tsconfig.json
#132 329.5 @plane/propel:build: ℹ Build start
#132 ...

#121 [space installer 8/8] RUN pnpm turbo run build --filter=space
#121 361.3 @plane/propel:build: [34mℹ[39m [2mdist/[22m[1mempty-state/index.js[22m                  [2m749.12 kB[22m [2m│ gzip: 213.69 kB[22m
#121 361.3 @plane/propel:build: [34mℹ[39m [2mdist/[22m[1mcharts/bar-chart/index.js[22m             [2m  9.75 kB[22m [2m│ gzip:   3.19 kB[22m
#121 361.3 @plane/propel:build: [34mℹ[39m [2mdist/[22m[1mcharts/tree-map/index.js[22m              [2m  9.39 kB[22m [2m│ gzip:   2.77 kB[22m
#121 361.3 @plane/propel:build: [34mℹ[39m [2mdist/[22m[1mtoast/index.js[22m                        [2m  9.08 kB[22m [2m│ gzip:   2.30 kB[22m
#121 361.3 @plane/propel:build: [34mℹ[39m [2mdist/[22m[1mportal/index.js[22m                       [2m  6.41 kB[22m [2m│ gzip:   2.15 kB[22m
#121 361.3 @plane/propel:build: [34mℹ[39m [2mdist/[22m[1mcharts/pie-chart/index.js[22m             [2m  6.25 kB[22m [2m│ gzip:   2.03 kB[22m
#121 361.3 @plane/propel:build: [34mℹ[39m [2mdist/[22m[1micons/index.js[22m                        [2m  6.18 kB[22m [2m│ gzip:   1.86 kB[22m
#121 361.3 @plane/propel:build: [34mℹ[39m [2mdist/[22m[1mmenu/index.js[22m                         [2m  5.60 kB[22m [2m│ gzip:   1.87 kB[22m
#121 361.3 @plane/propel:build: [34mℹ[39m [2mdist/[22m[1memoji-reaction/index.js[22m               [2m  5.57 kB[22m [2m│ gzip:   1.94 kB[22m
#121 361.3 @plane/propel:build: [34mℹ[39m [2mdist/[22m[1mcharts/area-chart/index.js[22m            [2m  5.21 kB[22m [2m│ gzip:   1.92 kB[22m
#121 361.3 @plane/propel:build: [34mℹ[39m [2mdist/[22m[1mcombobox/index.js[22m                     [2m  4.83 kB[22m [2m│ gzip:   1.74 kB[22m
#121 361.3 @plane/propel:build: [34mℹ[39m [2mdist/[22m[1mcharts/line-chart/index.js[22m            [2m  4.50 kB[22m [2m│ gzip:   1.69 kB[22m
#121 361.3 @plane/propel:build: [34mℹ[39m [2mdist/[22m[1mcharts/scatter-chart/index.js[22m         [2m  4.24 kB[22m [2m│ gzip:   1.56 kB[22m
#121 361.3 @plane/propel:build: [34mℹ[39m [2mdist/[22m[1mtoolbar/index.js[22m                      [2m  4.05 kB[22m [2m│ gzip:   1.43 kB[22m
#121 361.3 @plane/propel:build: [34mℹ[39m [2mdist/[22m[1mcontext-menu/index.js[22m                 [2m  3.68 kB[22m [2m│ gzip:   1.14 kB[22m
#121 361.3 @plane/propel:build: [34mℹ[39m [2mdist/[22m[1mbanner/index.js[22m                       [2m  3.43 kB[22m [2m│ gzip:   1.34 kB[22m
#121 361.3 @plane/propel:build: [34mℹ[39m [2mdist/[22m[1mdialog/index.js[22m                       [2m  3.33 kB[22m [2m│ gzip:   1.12 kB[22m
#121 361.3 @plane/propel:build: [34mℹ[39m [2mdist/[22m[1mscrollarea/index.js[22m                   [2m  2.96 kB[22m [2m│ gzip:   1.08 kB[22m
#121 361.3 @plane/propel:build: [34mℹ[39m [2mdist/[22m[1mtabs/index.js[22m                         [2m  2.87 kB[22m [2m│ gzip:   1.13 kB[22m
#121 361.3 @plane/propel:build: [34mℹ[39m [2mdist/[22m[1mcharts/radar-chart/index.js[22m           [2m  2.83 kB[22m [2m│ gzip:   1.19 kB[22m
#121 361.3 @plane/propel:build: [34mℹ[39m [2mdist/[22m[1mtable/index.js[22m                        [2m  2.72 kB[22m [2m│ gzip:   0.84 kB[22m
#121 361.3 @plane/propel:build: [34mℹ[39m [2mdist/[22m[1mavatar/index.js[22m                       [2m  2.69 kB[22m [2m│ gzip:   1.02 kB[22m
#121 361.3 @plane/propel:build: [34mℹ[39m [2mdist/[22m[1mpill/index.js[22m                         [2m  2.37 kB[22m [2m│ gzip:   1.02 kB[22m
#121 361.3 @plane/propel:build: [34mℹ[39m [2mdist/[22m[1mcollapsible/index.js[22m                  [2m  2.17 kB[22m [2m│ gzip:   0.91 kB[22m
#121 361.3 @plane/propel:build: [34mℹ[39m [2mdist/[22m[1mbadge/index.js[22m                        [2m  2.12 kB[22m [2m│ gzip:   0.97 kB[22m
#121 361.3 @plane/propel:build: [34mℹ[39m [2mdist/[22m[1maccordion/index.js[22m                    [2m  1.96 kB[22m [2m│ gzip:   0.74 kB[22m
#121 361.3 @plane/propel:build: [34mℹ[39m [2mdist/[22m[1mtab-navigation/index.js[22m               [2m  1.90 kB[22m [2m│ gzip:   0.80 kB[22m
#121 361.3 @plane/propel:build: [34mℹ[39m [2mdist/[22m[1mspinners/index.js[22m                     [2m  1.89 kB[22m [2m│ gzip:   1.00 kB[22m
#121 361.3 @plane/propel:build: [34mℹ[39m [2mdist/[22m[1mcommand/index.js[22m                      [2m  1.48 kB[22m [2m│ gzip:   0.58 kB[22m
#121 361.3 @plane/propel:build: [34mℹ[39m [2mdist/[22m[1mswitch/index.js[22m                       [2m  1.46 kB[22m [2m│ gzip:   0.71 kB[22m
#121 361.3 @plane/propel:build: [34mℹ[39m [2mdist/[22m[1minput/index.js[22m                        [2m  1.42 kB[22m [2m│ gzip:   0.77 kB[22m
#121 361.3 @plane/propel:build: [34mℹ[39m [2mdist/[22m[1mcalendar/index.js[22m                     [2m  1.16 kB[22m [2m│ gzip:   0.59 kB[22m
#121 361.3 @plane/propel:build: [34mℹ[39m [2mdist/[22m[1mskeleton/index.js[22m                     [2m  0.92 kB[22m [2m│ gzip:   0.46 kB[22m
#121 361.3 @plane/propel:build: [34mℹ[39m [2mdist/[22m[1memoji-icon-picker/index.js[22m            [2m  0.71 kB[22m [2m│ gzip:   0.35 kB[22m
#121 361.3 @plane/propel:build: [34mℹ[39m [2mdist/[22m[1mutils/index.js[22m                        [2m  0.25 kB[22m [2m│ gzip:   0.17 kB[22m
#121 361.3 @plane/propel:build: [34mℹ[39m [2mdist/[22m[1micon-button/index.js[22m                  [2m  0.23 kB[22m [2m│ gzip:   0.17 kB[22m
#121 361.3 @plane/propel:build: [34mℹ[39m [2mdist/[22m[1mbutton/index.js[22m                       [2m  0.21 kB[22m [2m│ gzip:   0.16 kB[22m
#121 361.3 @plane/propel:build: [34mℹ[39m [2mdist/[22m[1mcard/index.js[22m                         [2m  0.20 kB[22m [2m│ gzip:   0.15 kB[22m
#121 361.3 @plane/propel:build: [34mℹ[39m [2mdist/[22m[1manimated-counter/index.js[22m             [2m  0.20 kB[22m [2m│ gzip:   0.15 kB[22m
#121 361.3 @plane/propel:build: [34mℹ[39m [2mdist/[22m[1mtooltip/index.js[22m                      [2m  0.18 kB[22m [2m│ gzip:   0.14 kB[22m
#121 361.3 @plane/propel:build: [34mℹ[39m [2mdist/[22m[1mpopover/index.js[22m                      [2m  0.11 kB[22m [2m│ gzip:   0.10 kB[22m
#121 361.3 @plane/propel:build: [34mℹ[39m [2mdist/[22mempty-state/index.js.map              [2m859.86 kB[22m [2m│ gzip: 218.29 kB[22m
#121 361.3 @plane/propel:build: [34mℹ[39m [2mdist/[22micons-DWzY_Ct4.js.map                 [2m391.68 kB[22m [2m│ gzip: 100.97 kB[22m
#121 361.3 @plane/propel:build: [34mℹ[39m [2mdist/[22micons-DWzY_Ct4.js                     [2m309.50 kB[22m [2m│ gzip:  94.69 kB[22m
#121 361.3 @plane/propel:build: [34mℹ[39m [2mdist/[22memoji-icon-picker-CbLNblhQ.js.map     [2m 58.16 kB[22m [2m│ gzip:  13.24 kB[22m
#121 361.3 @plane/propel:build: [34mℹ[39m [2mdist/[22memoji-icon-picker-CbLNblhQ.js         [2m 32.67 kB[22m [2m│ gzip:   8.54 kB[22m
#121 361.3 @plane/propel:build: [34mℹ[39m [2mdist/[22mcharts/bar-chart/index.js.map         [2m 18.54 kB[22m [2m│ gzip:   5.83 kB[22m
#121 361.3 @plane/propel:build: [34mℹ[39m [2mdist/[22mindex--wH_uQnm.d.ts.map               [2m 17.31 kB[22m [2m│ gzip:   3.08 kB[22m
#121 361.3 @plane/propel:build: [34mℹ[39m [2mdist/[22mcharts/tree-map/index.js.map          [2m 16.84 kB[22m [2m│ gzip:   4.95 kB[22m
#121 361.3 @plane/propel:build: [34mℹ[39m [2mdist/[22mtoast/index.js.map                    [2m 14.78 kB[22m [2m│ gzip:   4.07 kB[22m
#121 361.3 @plane/propel:build: [34mℹ[39m [2mdist/[22mcharts/pie-chart/index.js.map         [2m 10.95 kB[22m [2m│ gzip:   3.47 kB[22m
#121 361.3 @plane/propel:build: [34mℹ[39m [2mdist/[22mcombobox/index.js.map                 [2m  9.95 kB[22m [2m│ gzip:   3.34 kB[22m
#121 361.3 @plane/propel:build: [34mℹ[39m [2mdist/[22mcharts/area-chart/index.js.map        [2m  9.79 kB[22m [2m│ gzip:   3.31 kB[22m
#121 361.3 @plane/propel:build: [34mℹ[39m [2mdist/[22memoji-reaction/index.js.map           [2m  9.74 kB[22m [2m│ gzip:   3.24 kB[22m
#121 361.3 @plane/propel:build: [34mℹ[39m [2mdist/[22mempty-state/index.d.ts.map            [2m  9.61 kB[22m [2m│ gzip:   2.39 kB[22m
#121 361.3 @plane/propel:build: [34mℹ[39m [2mdist/[22mportal/index.js.map                   [2m  9.54 kB[22m [2m│ gzip:   3.32 kB[22m
#121 361.3 @plane/propel:build: [34mℹ[39m [2mdist/[22mmenu/index.js.map                     [2m  9.53 kB[22m [2m│ gzip:   3.20 kB[22m
#121 361.3 @plane/propel:build: [34mℹ[39m [2mdist/[22mcharts/line-chart/index.js.map        [2m  8.10 kB[22m [2m│ gzip:   2.75 kB[22m
#121 361.3 @plane/propel:build: [34mℹ[39m [2mdist/[22mcharts/scatter-chart/index.js.map     [2m  7.53 kB[22m [2m│ gzip:   2.53 kB[22m
#121 361.3 @plane/propel:build: [34mℹ[39m [2mdist/[22mtoolbar/index.js.map                  [2m  7.21 kB[22m [2m│ gzip:   2.34 kB[22m
#121 361.3 @plane/propel:build: [34mℹ[39m [2mdist/[22mcontext-menu/index.js.map             [2m  7.16 kB[22m [2m│ gzip:   1.94 kB[22m
#121 361.3 @plane/propel:build: [34mℹ[39m [2mdist/[22mbanner/index.js.map                   [2m  6.96 kB[22m [2m│ gzip:   2.58 kB[22m
#121 361.3 @plane/propel:build: [34mℹ[39m [2mdist/[22mtabs/index.js.map                     [2m  6.21 kB[22m [2m│ gzip:   1.86 kB[22m
#121 361.3 @plane/propel:build: [34mℹ[39m [2mdist/[22mtooltip-2hD27cLV.js.map               [2m  5.98 kB[22m [2m│ gzip:   2.15 kB[22m
#121 361.3 @plane/propel:build: [34mℹ[39m [2mdist/[22mdialog/index.js.map                   [2m  5.75 kB[22m [2m│ gzip:   1.97 kB[22m
#121 361.3 @plane/propel:build: [34mℹ[39m [2mdist/[22mbutton-CjcOirFK.js.map                [2m  5.70 kB[22m [2m│ gzip:   1.99 kB[22m
#121 361.3 @plane/propel:build: [34mℹ[39m [2mdist/[22mavatar/index.js.map                   [2m  5.14 kB[22m [2m│ gzip:   1.78 kB[22m
#121 361.3 @plane/propel:build: [34mℹ[39m [2mdist/[22mcharts/radar-chart/index.js.map       [2m  4.91 kB[22m [2m│ gzip:   1.89 kB[22m
#121 361.3 @plane/propel:build: [34mℹ[39m [2mdist/[22mscrollarea/index.js.map               [2m  4.86 kB[22m [2m│ gzip:   1.64 kB[22m
#121 361.3 @plane/propel:build: [34mℹ[39m [2mdist/[22micon-button-2BUssuti.js.map           [2m  4.86 kB[22m [2m│ gzip:   1.66 kB[22m
#121 361.3 @plane/propel:build: [34mℹ[39m [2mdist/[22mtable/index.js.map                    [2m  4.83 kB[22m [2m│ gzip:   1.32 kB[22m
#121 361.3 @plane/propel:build: [34mℹ[39m [2mdist/[22mpopover-CrZ8wRJs.js.map               [2m  4.12 kB[22m [2m│ gzip:   1.50 kB[22m
#121 361.3 @plane/propel:build: [34mℹ[39m [2mdist/[22mbadge/index.js.map                    [2m  4.08 kB[22m [2m│ gzip:   1.63 kB[22m
#121 361.3 @plane/propel:build: [34mℹ[39m [2mdist/[22manimated-counter-CqtqTlrG.js.map      [2m  3.95 kB[22m [2m│ gzip:   1.52 kB[22m
#121 361.3 @plane/propel:build: [34mℹ[39m [2mdist/[22mcollapsible/index.js.map              [2m  3.95 kB[22m [2m│ gzip:   1.53 kB[22m
#121 361.3 @plane/propel:build: [34mℹ[39m [2mdist/[22mtooltip-CLEkTCyg.js.map               [2m  3.83 kB[22m [2m│ gzip:   1.57 kB[22m
#121 361.3 @plane/propel:build: [34mℹ[39m [2mdist/[22mlegend-HUzGLN3O.js.map                [2m  3.79 kB[22m [2m│ gzip:   1.65 kB[22m
#121 361.3 @plane/propel:build: [34mℹ[39m [2mdist/[22mtooltip-2hD27cLV.js                   [2m  3.75 kB[22m [2m│ gzip:   1.29 kB[22m
#121 361.3 @plane/propel:build: [34mℹ[39m [2mdist/[22maccordion/index.js.map                [2m  3.72 kB[22m [2m│ gzip:   1.34 kB[22m
#121 361.3 @plane/propel:build: [34mℹ[39m [2mdist/[22mpill/index.js.map                     [2m  3.46 kB[22m [2m│ gzip:   1.38 kB[22m
#121 361.3 @plane/propel:build: [34mℹ[39m [2mdist/[22mcard-BJ9a4xMU.js.map                  [2m  3.43 kB[22m [2m│ gzip:   1.35 kB[22m
#121 361.3 @plane/propel:build: [34mℹ[39m [2mdist/[22mbutton-CjcOirFK.js                    [2m  3.31 kB[22m [2m│ gzip:   1.22 kB[22m
#121 361.3 @plane/propel:build: [34mℹ[39m [2mdist/[22mclassname-BokbBhj4.js.map             [2m  3.14 kB[22m [2m│ gzip:   1.30 kB[22m
#121 361.3 @plane/propel:build: [34mℹ[39m [2mdist/[22micon-button-2BUssuti.js               [2m  2.93 kB[22m [2m│ gzip:   1.08 kB[22m
#121 361.3 @plane/propel:build: [34mℹ[39m [2mdist/[22mcircular-bar-spinner-Cp6QEb9r.js.map  [2m  2.86 kB[22m [2m│ gzip:   0.97 kB[22m
#121 361.3 @plane/propel:build: [34mℹ[39m [2mdist/[22mplacement-Db9Qu3XD.js.map             [2m  2.73 kB[22m [2m│ gzip:   0.82 kB[22m
#121 361.3 @plane/propel:build: [34mℹ[39m [2mdist/[22mswitch/index.js.map                   [2m  2.71 kB[22m [2m│ gzip:   1.19 kB[22m
#121 361.3 @plane/propel:build: [34mℹ[39m [2mdist/[22mtab-navigation/index.js.map           [2m  2.65 kB[22m [2m│ gzip:   1.04 kB[22m
#121 361.3 @plane/propel:build: [34mℹ[39m [2mdist/[22mcommand/index.js.map                  [2m  2.48 kB[22m [2m│ gzip:   0.95 kB[22m
#121 361.3 @plane/propel:build: [34mℹ[39m [2mdist/[22mspinners/index.js.map                 [2m  2.42 kB[22m [2m│ gzip:   1.33 kB[22m
#121 361.4 @plane/propel:build: [34mℹ[39m [2mdist/[22minput/index.js.map                    [2m  2.34 kB[22m [2m│ gzip:   1.11 kB[22m
#121 361.4 @plane/propel:build: [34mℹ[39m [2mdist/[22mpopover-CrZ8wRJs.js                   [2m  2.30 kB[22m [2m│ gzip:   0.85 kB[22m
#121 361.4 @plane/propel:build: [34mℹ[39m [2mdist/[22manimated-counter-CqtqTlrG.js          [2m  2.27 kB[22m [2m│ gzip:   0.93 kB[22m
#121 361.4 @plane/propel:build: [34mℹ[39m [2mdist/[22mcard-BJ9a4xMU.js                      [2m  2.13 kB[22m [2m│ gzip:   0.90 kB[22m
#121 361.4 @plane/propel:build: [34mℹ[39m [2mdist/[22mlegend-HUzGLN3O.js                    [2m  2.08 kB[22m [2m│ gzip:   1.03 kB[22m
#121 361.4 @plane/propel:build: [34mℹ[39m [2mdist/[22mcircular-bar-spinner-Cp6QEb9r.js      [2m  2.08 kB[22m [2m│ gzip:   0.60 kB[22m
#121 361.4 @plane/propel:build: [34mℹ[39m [2mdist/[22mtooltip-CLEkTCyg.js                   [2m  2.05 kB[22m [2m│ gzip:   0.96 kB[22m
#121 361.4 @plane/propel:build: [34mℹ[39m [2mdist/[22mcombobox/index.d.ts.map               [2m  1.95 kB[22m [2m│ gzip:   0.65 kB[22m
#121 361.4 @plane/propel:build: [34mℹ[39m [2mdist/[22mcalendar/index.js.map                 [2m  1.94 kB[22m [2m│ gzip:   0.92 kB[22m
#121 361.4 @plane/propel:build: [34mℹ[39m [2mdist/[22memoji-icon-picker/index.d.ts.map      [2m  1.79 kB[22m [2m│ gzip:   0.77 kB[22m
#121 361.4 @plane/propel:build: [34mℹ[39m [2mdist/[22memoji-reaction/index.d.ts.map         [2m  1.71 kB[22m [2m│ gzip:   0.62 kB[22m
#121 361.4 @plane/propel:build: [34mℹ[39m [2mdist/[22mskeleton/index.js.map                 [2m  1.66 kB[22m [2m│ gzip:   0.82 kB[22m
#121 361.4 @plane/propel:build: [34mℹ[39m [2mdist/[22mtable/index.d.ts.map                  [2m  1.61 kB[22m [2m│ gzip:   0.46 kB[22m
#121 361.4 @plane/propel:build: [34mℹ[39m [2mdist/[22mportal/index.d.ts.map                 [2m  1.57 kB[22m [2m│ gzip:   0.64 kB[22m
#121 361.4 @plane/propel:build: [34mℹ[39m [2mdist/[22mclassname-BokbBhj4.js                 [2m  1.47 kB[22m [2m│ gzip:   0.74 kB[22m
#121 361.4 @plane/propel:build: [34mℹ[39m [2mdist/[22mtoast/index.d.ts.map                  [2m  1.46 kB[22m [2m│ gzip:   0.68 kB[22m
#121 361.4 @plane/propel:build: [34mℹ[39m [2mdist/[22mtabs/index.d.ts.map                   [2m  1.42 kB[22m [2m│ gzip:   0.47 kB[22m
#121 361.4 @plane/propel:build: [34mℹ[39m [2mdist/[22maccordion/index.d.ts.map              [2m  1.28 kB[22m [2m│ gzip:   0.49 kB[22m
#121 361.4 @plane/propel:build: [34mℹ[39m [2mdist/[22mplacement-Db9Qu3XD.js                 [2m  1.13 kB[22m [2m│ gzip:   0.36 kB[22m
#121 361.4 @plane/propel:build: [34mℹ[39m [2mdist/[22mbadge/index.d.ts.map                  [2m  1.12 kB[22m [2m│ gzip:   0.43 kB[22m
#121 361.4 @plane/propel:build: [34mℹ[39m [2mdist/[22mdialog/index.d.ts.map                 [2m  1.09 kB[22m [2m│ gzip:   0.50 kB[22m
#121 361.4 @plane/propel:build: [34mℹ[39m [2mdist/[22mmenu/index.d.ts.map                   [2m  1.09 kB[22m [2m│ gzip:   0.47 kB[22m
#121 361.4 @plane/propel:build: [34mℹ[39m [2mdist/[22mtoolbar/index.d.ts.map                [2m  1.00 kB[22m [2m│ gzip:   0.45 kB[22m
#121 361.4 @plane/propel:build: [34mℹ[39m [2mdist/[22mpill/index.d.ts.map                   [2m  0.99 kB[22m [2m│ gzip:   0.45 kB[22m
#121 361.4 @plane/propel:build: [34mℹ[39m [2mdist/[22micon-button/index.d.ts.map            [2m  0.96 kB[22m [2m│ gzip:   0.44 kB[22m
#121 361.4 @plane/propel:build: [34mℹ[39m [2mdist/[22mcollapsible/index.d.ts.map            [2m  0.95 kB[22m [2m│ gzip:   0.44 kB[22m
#121 361.4 @plane/propel:build: [34mℹ[39m [2mdist/[22mcontext-menu/index.d.ts.map           [2m  0.94 kB[22m [2m│ gzip:   0.40 kB[22m
#121 361.4 @plane/propel:build: [34mℹ[39m [2mdist/[22mcommand/index.d.ts.map                [2m  0.93 kB[22m [2m│ gzip:   0.39 kB[22m
#121 361.4 @plane/propel:build: [34mℹ[39m [2mdist/[22mhelper-DDe4Ghnj.d.ts.map              [2m  0.76 kB[22m [2m│ gzip:   0.38 kB[22m
#121 361.4 @plane/propel:build: [34mℹ[39m [2mdist/[22mcard/index.d.ts.map                   [2m  0.69 kB[22m [2m│ gzip:   0.38 kB[22m
#121 361.4 @plane/propel:build: [34mℹ[39m [2mdist/[22mskeleton/index.d.ts.map               [2m  0.63 kB[22m [2m│ gzip:   0.31 kB[22m
#121 361.4 @plane/propel:build: [34mℹ[39m [2mdist/[22mscrollarea/index.d.ts.map             [2m  0.60 kB[22m [2m│ gzip:   0.33 kB[22m
#121 361.4 @plane/propel:build: [34mℹ[39m [2mdist/[22mbanner/index.d.ts.map                 [2m  0.59 kB[22m [2m│ gzip:   0.31 kB[22m
#121 361.4 @plane/propel:build: [34mℹ[39m [2mdist/[22mpopover/index.d.ts.map                [2m  0.58 kB[22m [2m│ gzip:   0.31 kB[22m
#121 361.4 @plane/propel:build: [34mℹ[39m [2mdist/[22mspinners/index.d.ts.map               [2m  0.57 kB[22m [2m│ gzip:   0.28 kB[22m
#121 361.4 @plane/propel:build: [34mℹ[39m [2mdist/[22mbutton/index.d.ts.map                 [2m  0.52 kB[22m [2m│ gzip:   0.24 kB[22m
#121 361.4 @plane/propel:build: [34mℹ[39m [2mdist/[22mtab-navigation/index.d.ts.map         [2m  0.52 kB[22m [2m│ gzip:   0.28 kB[22m
#121 361.4 @plane/propel:build: [34mℹ[39m [2mdist/[22mplacement-qJjmdCXt.d.ts.map           [2m  0.49 kB[22m [2m│ gzip:   0.26 kB[22m
#121 361.4 @plane/propel:build: [34mℹ[39m [2mdist/[22mswitch/index.d.ts.map                 [2m  0.48 kB[22m [2m│ gzip:   0.25 kB[22m
#121 361.4 @plane/propel:build: [34mℹ[39m [2mdist/[22mtooltip/index.d.ts.map                [2m  0.40 kB[22m [2m│ gzip:   0.26 kB[22m
#121 361.4 @plane/propel:build: [34mℹ[39m [2mdist/[22manimated-counter/index.d.ts.map       [2m  0.38 kB[22m [2m│ gzip:   0.22 kB[22m
#121 361.4 @plane/propel:build: [34mℹ[39m [2mdist/[22minput/index.d.ts.map                  [2m  0.35 kB[22m [2m│ gzip:   0.21 kB[22m
#121 361.4 @plane/propel:build: [34mℹ[39m [2mdist/[22mavatar/index.d.ts.map                 [2m  0.34 kB[22m [2m│ gzip:   0.22 kB[22m
#121 361.4 @plane/propel:build: [34mℹ[39m [2mdist/[22mcharts/scatter-chart/index.d.ts.map   [2m  0.32 kB[22m [2m│ gzip:   0.20 kB[22m
#121 361.4 @plane/propel:build: [34mℹ[39m [2mdist/[22mcharts/bar-chart/index.d.ts.map       [2m  0.32 kB[22m [2m│ gzip:   0.20 kB[22m
#121 361.4 @plane/propel:build: [34mℹ[39m [2mdist/[22mcharts/pie-chart/index.d.ts.map       [2m  0.32 kB[22m [2m│ gzip:   0.20 kB[22m
#121 361.4 @plane/propel:build: [34mℹ[39m [2mdist/[22mcharts/area-chart/index.d.ts.map      [2m  0.31 kB[22m [2m│ gzip:   0.20 kB[22m
#121 361.4 @plane/propel:build: [34mℹ[39m [2mdist/[22mcharts/line-chart/index.d.ts.map      [2m  0.31 kB[22m [2m│ gzip:   0.20 kB[22m
#121 361.4 @plane/propel:build: [34mℹ[39m [2mdist/[22mcalendar/index.d.ts.map               [2m  0.29 kB[22m [2m│ gzip:   0.21 kB[22m
#121 361.4 @plane/propel:build: [34mℹ[39m [2mdist/[22mcharts/radar-chart/index.d.ts.map     [2m  0.27 kB[22m [2m│ gzip:   0.18 kB[22m
#121 361.4 @plane/propel:build: [34mℹ[39m [2mdist/[22mcharts/tree-map/index.d.ts.map        [2m  0.16 kB[22m [2m│ gzip:   0.14 kB[22m
#121 361.4 @plane/propel:build: [34mℹ[39m [2mdist/[22mutils/index.d.ts.map                  [2m  0.14 kB[22m [2m│ gzip:   0.13 kB[22m
#121 361.4 @plane/propel:build: [34mℹ[39m [2mdist/[22mutils-MPqvUdqq.js                     [2m  0.00 kB[22m [2m│ gzip:   0.02 kB[22m
#121 361.4 @plane/propel:build: [34mℹ[39m [2mdist/[22m[32m[1mempty-state/index.d.ts[22m[39m                [2m 14.64 kB[22m [2m│ gzip:   2.17 kB[22m
#121 361.4 @plane/propel:build: [34mℹ[39m [2mdist/[22m[32m[1micons/index.d.ts[22m[39m                      [2m  6.31 kB[22m [2m│ gzip:   1.89 kB[22m
#121 361.4 @plane/propel:build: [34mℹ[39m [2mdist/[22m[32m[1memoji-icon-picker/index.d.ts[22m[39m          [2m  4.15 kB[22m [2m│ gzip:   1.41 kB[22m
#121 361.4 @plane/propel:build: [34mℹ[39m [2mdist/[22m[32m[1mportal/index.d.ts[22m[39m                     [2m  3.97 kB[22m [2m│ gzip:   1.42 kB[22m
#121 361.4 @plane/propel:build: [34mℹ[39m [2mdist/[22m[32m[1mcombobox/index.d.ts[22m[39m                   [2m  2.23 kB[22m [2m│ gzip:   0.74 kB[22m
#121 361.4 @plane/propel:build: [34mℹ[39m [2mdist/[22m[32m[1memoji-reaction/index.d.ts[22m[39m             [2m  2.20 kB[22m [2m│ gzip:   0.67 kB[22m
#121 361.4 @plane/propel:build: [34mℹ[39m [2mdist/[22m[32m[1mtabs/index.d.ts[22m[39m                       [2m  2.03 kB[22m [2m│ gzip:   0.45 kB[22m
#121 361.4 @plane/propel:build: [34mℹ[39m [2mdist/[22m[32m[1mtable/index.d.ts[22m[39m                      [2m  1.95 kB[22m [2m│ gzip:   0.37 kB[22m
#121 361.4 @plane/propel:build: [34mℹ[39m [2mdist/[22m[32m[1mcontext-menu/index.d.ts[22m[39m               [2m  1.95 kB[22m [2m│ gzip:   0.53 kB[22m
#121 361.4 @plane/propel:build: [34mℹ[39m [2mdist/[22m[32m[1mmenu/index.d.ts[22m[39m                       [2m  1.83 kB[22m [2m│ gzip:   0.74 kB[22m
#121 361.4 @plane/propel:build: [34mℹ[39m [2mdist/[22m[32m[1mtoolbar/index.d.ts[22m[39m                    [2m  1.80 kB[22m [2m│ gzip:   0.54 kB[22m
#121 361.4 @plane/propel:build: [34mℹ[39m [2mdist/[22m[32m[1mtoast/index.d.ts[22m[39m                      [2m  1.79 kB[22m [2m│ gzip:   0.62 kB[22m
#121 361.4 @plane/propel:build: [34mℹ[39m [2mdist/[22m[32m[1mbadge/index.d.ts[22m[39m                      [2m  1.61 kB[22m [2m│ gzip:   0.55 kB[22m
#121 361.4 @plane/propel:build: [34mℹ[39m [2mdist/[22m[32m[1maccordion/index.d.ts[22m[39m                  [2m  1.48 kB[22m [2m│ gzip:   0.45 kB[22m
#121 361.4 @plane/propel:build: [34mℹ[39m [2mdist/[22m[32m[1mdialog/index.d.ts[22m[39m                     [2m  1.39 kB[22m [2m│ gzip:   0.52 kB[22m
#121 361.4 @plane/propel:build: [34mℹ[39m [2mdist/[22m[32m[1mtab-navigation/index.d.ts[22m[39m             [2m  1.27 kB[22m [2m│ gzip:   0.47 kB[22m
#121 361.4 @plane/propel:build: [34mℹ[39m [2mdist/[22m[32m[1micon-button/index.d.ts[22m[39m                [2m  1.26 kB[22m [2m│ gzip:   0.55 kB[22m
#121 361.4 @plane/propel:build: [34mℹ[39m [2mdist/[22m[32m[1mbanner/index.d.ts[22m[39m                     [2m  1.22 kB[22m [2m│ gzip:   0.61 kB[22m
#121 361.4 @plane/propel:build: [34mℹ[39m [2mdist/[22m[32m[1mavatar/index.d.ts[22m[39m                     [2m  1.21 kB[22m [2m│ gzip:   0.53 kB[22m
#121 361.4 @plane/propel:build: [34mℹ[39m [2mdist/[22m[32m[1mcard/index.d.ts[22m[39m                       [2m  1.11 kB[22m [2m│ gzip:   0.56 kB[22m
#121 361.4 @plane/propel:build: [34mℹ[39m [2mdist/[22m[32m[1mpill/index.d.ts[22m[39m                       [2m  1.05 kB[22m [2m│ gzip:   0.52 kB[22m
#121 361.4 @plane/propel:build: [34mℹ[39m [2mdist/[22m[32m[1mbutton/index.d.ts[22m[39m                     [2m  1.05 kB[22m [2m│ gzip:   0.49 kB[22m
#121 361.4 @plane/propel:build: [34mℹ[39m [2mdist/[22m[32m[1mcollapsible/index.d.ts[22m[39m                [2m  0.96 kB[22m [2m│ gzip:   0.39 kB[22m
#121 361.4 @plane/propel:build: [34mℹ[39m [2mdist/[22m[32m[1mcommand/index.d.ts[22m[39m                    [2m  0.95 kB[22m [2m│ gzip:   0.31 kB[22m
#121 361.4 @plane/propel:build: [34mℹ[39m [2mdist/[22m[32m[1mscrollarea/index.d.ts[22m[39m                 [2m  0.90 kB[22m [2m│ gzip:   0.41 kB[22m
#121 361.4 @plane/propel:build: [34mℹ[39m [2mdist/[22m[32m[1mpopover/index.d.ts[22m[39m                    [2m  0.84 kB[22m [2m│ gzip:   0.44 kB[22m
#121 361.4 @plane/propel:build: [34mℹ[39m [2mdist/[22m[32m[1mspinners/index.d.ts[22m[39m                   [2m  0.75 kB[22m [2m│ gzip:   0.30 kB[22m
#121 361.4 @plane/propel:build: [34mℹ[39m [2mdist/[22m[32m[1mskeleton/index.d.ts[22m[39m                   [2m  0.75 kB[22m [2m│ gzip:   0.32 kB[22m
#121 361.4 @plane/propel:build: [34mℹ[39m [2mdist/[22m[32m[1mtooltip/index.d.ts[22m[39m                    [2m  0.68 kB[22m [2m│ gzip:   0.39 kB[22m
#121 361.4 @plane/propel:build: [34mℹ[39m [2mdist/[22m[32m[1manimated-counter/index.d.ts[22m[39m           [2m  0.56 kB[22m [2m│ gzip:   0.36 kB[22m
#121 361.4 @plane/propel:build: [34mℹ[39m [2mdist/[22m[32m[1mswitch/index.d.ts[22m[39m                     [2m  0.52 kB[22m [2m│ gzip:   0.31 kB[22m
#121 361.4 @plane/propel:build: [34mℹ[39m [2mdist/[22m[32m[1mutils/index.d.ts[22m[39m                      [2m  0.45 kB[22m [2m│ gzip:   0.28 kB[22m
#121 361.4 @plane/propel:build: [34mℹ[39m [2mdist/[22m[32m[1minput/index.d.ts[22m[39m                      [2m  0.45 kB[22m [2m│ gzip:   0.29 kB[22m
#121 361.4 @plane/propel:build: [34mℹ[39m [2mdist/[22m[32m[1mcalendar/index.d.ts[22m[39m                   [2m  0.42 kB[22m [2m│ gzip:   0.28 kB[22m
#121 361.4 @plane/propel:build: [34mℹ[39m [2mdist/[22m[32m[1mcharts/scatter-chart/index.d.ts[22m[39m       [2m  0.35 kB[22m [2m│ gzip:   0.24 kB[22m
#121 361.4 @plane/propel:build: [34mℹ[39m [2mdist/[22m[32m[1mcharts/area-chart/index.d.ts[22m[39m          [2m  0.33 kB[22m [2m│ gzip:   0.24 kB[22m
#121 361.4 @plane/propel:build: [34mℹ[39m [2mdist/[22m[32m[1mcharts/line-chart/index.d.ts[22m[39m          [2m  0.33 kB[22m [2m│ gzip:   0.24 kB[22m
#121 361.4 @plane/propel:build: [34mℹ[39m [2mdist/[22m[32m[1mcharts/bar-chart/index.d.ts[22m[39m           [2m  0.33 kB[22m [2m│ gzip:   0.24 kB[22m
#121 361.4 @plane/propel:build: [34mℹ[39m [2mdist/[22m[32m[1mcharts/pie-chart/index.d.ts[22m[39m           [2m  0.33 kB[22m [2m│ gzip:   0.23 kB[22m
#121 361.4 @plane/propel:build: [34mℹ[39m [2mdist/[22m[32m[1mcharts/radar-chart/index.d.ts[22m[39m         [2m  0.32 kB[22m [2m│ gzip:   0.23 kB[22m
#121 361.4 @plane/propel:build: [34mℹ[39m [2mdist/[22m[32m[1mcharts/tree-map/index.d.ts[22m[39m            [2m  0.27 kB[22m [2m│ gzip:   0.19 kB[22m
#121 361.4 @plane/propel:build: [34mℹ[39m [2mdist/[22m[32mindex--wH_uQnm.d.ts[39m                   [2m 35.59 kB[22m [2m│ gzip:   5.29 kB[22m
#121 361.4 @plane/propel:build: [34mℹ[39m [2mdist/[22m[32mhelper-DDe4Ghnj.d.ts[39m                  [2m  1.03 kB[22m [2m│ gzip:   0.50 kB[22m
#121 361.4 @plane/propel:build: [34mℹ[39m [2mdist/[22m[32mplacement-qJjmdCXt.d.ts[39m               [2m  0.75 kB[22m [2m│ gzip:   0.40 kB[22m
#121 361.4 @plane/propel:build: [34mℹ[39m 187 files, total: 2971.62 kB
#121 363.9 @plane/propel:build: [32m✔[39m Build complete in [32m81664ms[39m
#121 364.4 @plane/ui:build: cache miss, executing dd707f6971172f2d
#121 ...

#113 [live installer 12/12] RUN pnpm turbo run build --filter=live
#113 368.6 @plane/propel:build: ℹ dist/empty-state/index.js                  749.12 kB │ gzip: 213.69 kB
#113 368.6 @plane/propel:build: ℹ dist/charts/bar-chart/index.js               9.75 kB │ gzip:   3.19 kB
#113 368.6 @plane/propel:build: ℹ dist/charts/tree-map/index.js                9.39 kB │ gzip:   2.77 kB
#113 368.6 @plane/propel:build: ℹ dist/toast/index.js                          9.08 kB │ gzip:   2.30 kB
#113 368.6 @plane/propel:build: ℹ dist/portal/index.js                         6.41 kB │ gzip:   2.15 kB
#113 368.6 @plane/propel:build: ℹ dist/charts/pie-chart/index.js               6.25 kB │ gzip:   2.03 kB
#113 368.6 @plane/propel:build: ℹ dist/icons/index.js                          6.18 kB │ gzip:   1.86 kB
#113 368.6 @plane/propel:build: ℹ dist/menu/index.js                           5.60 kB │ gzip:   1.87 kB
#113 368.6 @plane/propel:build: ℹ dist/emoji-reaction/index.js                 5.57 kB │ gzip:   1.94 kB
#113 368.6 @plane/propel:build: ℹ dist/charts/area-chart/index.js              5.21 kB │ gzip:   1.92 kB
#113 368.6 @plane/propel:build: ℹ dist/combobox/index.js                       4.83 kB │ gzip:   1.74 kB
#113 368.6 @plane/propel:build: ℹ dist/charts/line-chart/index.js              4.50 kB │ gzip:   1.69 kB
#113 368.6 @plane/propel:build: ℹ dist/charts/scatter-chart/index.js           4.24 kB │ gzip:   1.56 kB
#113 368.6 @plane/propel:build: ℹ dist/toolbar/index.js                        4.05 kB │ gzip:   1.43 kB
#113 368.6 @plane/propel:build: ℹ dist/context-menu/index.js                   3.68 kB │ gzip:   1.14 kB
#113 368.6 @plane/propel:build: ℹ dist/banner/index.js                         3.43 kB │ gzip:   1.34 kB
#113 368.6 @plane/propel:build: ℹ dist/dialog/index.js                         3.33 kB │ gzip:   1.12 kB
#113 368.6 @plane/propel:build: ℹ dist/scrollarea/index.js                     2.96 kB │ gzip:   1.08 kB
#113 368.6 @plane/propel:build: ℹ dist/tabs/index.js                           2.87 kB │ gzip:   1.13 kB
#113 368.6 @plane/propel:build: ℹ dist/charts/radar-chart/index.js             2.83 kB │ gzip:   1.19 kB
#113 368.6 @plane/propel:build: ℹ dist/table/index.js                          2.72 kB │ gzip:   0.84 kB
#113 368.6 @plane/propel:build: ℹ dist/avatar/index.js                         2.69 kB │ gzip:   1.02 kB
#113 368.6 @plane/propel:build: ℹ dist/pill/index.js                           2.37 kB │ gzip:   1.02 kB
#113 368.6 @plane/propel:build: ℹ dist/collapsible/index.js                    2.17 kB │ gzip:   0.91 kB
#113 368.6 @plane/propel:build: ℹ dist/badge/index.js                          2.12 kB │ gzip:   0.97 kB
#113 368.6 @plane/propel:build: ℹ dist/accordion/index.js                      1.96 kB │ gzip:   0.74 kB
#113 368.6 @plane/propel:build: ℹ dist/tab-navigation/index.js                 1.90 kB │ gzip:   0.80 kB
#113 368.6 @plane/propel:build: ℹ dist/spinners/index.js                       1.89 kB │ gzip:   1.00 kB
#113 368.6 @plane/propel:build: ℹ dist/command/index.js                        1.48 kB │ gzip:   0.58 kB
#113 368.6 @plane/propel:build: ℹ dist/switch/index.js                         1.46 kB │ gzip:   0.71 kB
#113 368.6 @plane/propel:build: ℹ dist/input/index.js                          1.42 kB │ gzip:   0.77 kB
#113 368.6 @plane/propel:build: ℹ dist/calendar/index.js                       1.16 kB │ gzip:   0.59 kB
#113 368.6 @plane/propel:build: ℹ dist/skeleton/index.js                       0.92 kB │ gzip:   0.46 kB
#113 368.6 @plane/propel:build: ℹ dist/emoji-icon-picker/index.js              0.71 kB │ gzip:   0.35 kB
#113 368.6 @plane/propel:build: ℹ dist/utils/index.js                          0.25 kB │ gzip:   0.17 kB
#113 368.6 @plane/propel:build: ℹ dist/icon-button/index.js                    0.23 kB │ gzip:   0.17 kB
#113 368.6 @plane/propel:build: ℹ dist/button/index.js                         0.21 kB │ gzip:   0.16 kB
#113 368.6 @plane/propel:build: ℹ dist/card/index.js                           0.20 kB │ gzip:   0.15 kB
#113 368.6 @plane/propel:build: ℹ dist/animated-counter/index.js               0.20 kB │ gzip:   0.15 kB
#113 368.6 @plane/propel:build: ℹ dist/tooltip/index.js                        0.18 kB │ gzip:   0.14 kB
#113 368.6 @plane/propel:build: ℹ dist/popover/index.js                        0.11 kB │ gzip:   0.10 kB
#113 368.6 @plane/propel:build: ℹ dist/empty-state/index.js.map              859.86 kB │ gzip: 218.29 kB
#113 368.6 @plane/propel:build: ℹ dist/icons-DWzY_Ct4.js.map                 391.68 kB │ gzip: 100.97 kB
#113 368.6 @plane/propel:build: ℹ dist/icons-DWzY_Ct4.js                     309.50 kB │ gzip:  94.69 kB
#113 368.6 @plane/propel:build: ℹ dist/emoji-icon-picker-CbLNblhQ.js.map      58.16 kB │ gzip:  13.24 kB
#113 368.6 @plane/propel:build: ℹ dist/emoji-icon-picker-CbLNblhQ.js          32.67 kB │ gzip:   8.54 kB
#113 368.6 @plane/propel:build: ℹ dist/charts/bar-chart/index.js.map          18.54 kB │ gzip:   5.83 kB
#113 368.6 @plane/propel:build: ℹ dist/index-BUyOAoiw.d.ts.map                17.31 kB │ gzip:   3.08 kB
#113 368.6 @plane/propel:build: ℹ dist/charts/tree-map/index.js.map           16.84 kB │ gzip:   4.95 kB
#113 368.6 @plane/propel:build: ℹ dist/toast/index.js.map                     14.78 kB │ gzip:   4.07 kB
#113 368.6 @plane/propel:build: ℹ dist/charts/pie-chart/index.js.map          10.95 kB │ gzip:   3.47 kB
#113 368.6 @plane/propel:build: ℹ dist/combobox/index.js.map                   9.95 kB │ gzip:   3.34 kB
#113 368.6 @plane/propel:build: ℹ dist/charts/area-chart/index.js.map          9.79 kB │ gzip:   3.31 kB
#113 368.6 @plane/propel:build: ℹ dist/emoji-reaction/index.js.map             9.74 kB │ gzip:   3.24 kB
#113 368.6 @plane/propel:build: ℹ dist/empty-state/index.d.ts.map              9.61 kB │ gzip:   2.39 kB
#113 368.6 @plane/propel:build: ℹ dist/portal/index.js.map                     9.54 kB │ gzip:   3.32 kB
#113 368.6 @plane/propel:build: ℹ dist/menu/index.js.map                       9.53 kB │ gzip:   3.20 kB
#113 368.6 @plane/propel:build: ℹ dist/charts/line-chart/index.js.map          8.10 kB │ gzip:   2.75 kB
#113 368.6 @plane/propel:build: ℹ dist/charts/scatter-chart/index.js.map       7.53 kB │ gzip:   2.53 kB
#113 368.6 @plane/propel:build: ℹ dist/toolbar/index.js.map                    7.21 kB │ gzip:   2.34 kB
#113 368.6 @plane/propel:build: ℹ dist/context-menu/index.js.map               7.16 kB │ gzip:   1.94 kB
#113 368.6 @plane/propel:build: ℹ dist/banner/index.js.map                     6.96 kB │ gzip:   2.58 kB
#113 368.6 @plane/propel:build: ℹ dist/tabs/index.js.map                       6.21 kB │ gzip:   1.86 kB
#113 368.6 @plane/propel:build: ℹ dist/tooltip-2hD27cLV.js.map                 5.98 kB │ gzip:   2.15 kB
#113 368.6 @plane/propel:build: ℹ dist/dialog/index.js.map                     5.75 kB │ gzip:   1.97 kB
#113 368.6 @plane/propel:build: ℹ dist/button-CjcOirFK.js.map                  5.70 kB │ gzip:   1.99 kB
#113 368.6 @plane/propel:build: ℹ dist/avatar/index.js.map                     5.14 kB │ gzip:   1.78 kB
#113 368.6 @plane/propel:build: ℹ dist/charts/radar-chart/index.js.map         4.91 kB │ gzip:   1.89 kB
#113 368.6 @plane/propel:build: ℹ dist/scrollarea/index.js.map                 4.86 kB │ gzip:   1.64 kB
#113 368.6 @plane/propel:build: ℹ dist/icon-button-2BUssuti.js.map             4.86 kB │ gzip:   1.66 kB
#113 368.6 @plane/propel:build: ℹ dist/table/index.js.map                      4.83 kB │ gzip:   1.32 kB
#113 368.6 @plane/propel:build: ℹ dist/popover-CrZ8wRJs.js.map                 4.12 kB │ gzip:   1.50 kB
#113 368.6 @plane/propel:build: ℹ dist/badge/index.js.map                      4.08 kB │ gzip:   1.63 kB
#113 368.6 @plane/propel:build: ℹ dist/animated-counter-CqtqTlrG.js.map        3.95 kB │ gzip:   1.52 kB
#113 368.6 @plane/propel:build: ℹ dist/collapsible/index.js.map                3.95 kB │ gzip:   1.53 kB
#113 368.6 @plane/propel:build: ℹ dist/tooltip-CLEkTCyg.js.map                 3.83 kB │ gzip:   1.57 kB
#113 368.6 @plane/propel:build: ℹ dist/legend-HUzGLN3O.js.map                  3.79 kB │ gzip:   1.65 kB
#113 368.6 @plane/propel:build: ℹ dist/tooltip-2hD27cLV.js                     3.75 kB │ gzip:   1.29 kB
#113 368.6 @plane/propel:build: ℹ dist/accordion/index.js.map                  3.72 kB │ gzip:   1.34 kB
#113 368.6 @plane/propel:build: ℹ dist/pill/index.js.map                       3.46 kB │ gzip:   1.38 kB
#113 368.6 @plane/propel:build: ℹ dist/card-BJ9a4xMU.js.map                    3.43 kB │ gzip:   1.35 kB
#113 368.6 @plane/propel:build: ℹ dist/button-CjcOirFK.js                      3.31 kB │ gzip:   1.22 kB
#113 368.6 @plane/propel:build: ℹ dist/classname-BokbBhj4.js.map               3.14 kB │ gzip:   1.30 kB
#113 368.6 @plane/propel:build: ℹ dist/icon-button-2BUssuti.js                 2.93 kB │ gzip:   1.08 kB
#113 368.6 @plane/propel:build: ℹ dist/circular-bar-spinner-Cp6QEb9r.js.map    2.86 kB │ gzip:   0.97 kB
#113 368.6 @plane/propel:build: ℹ dist/placement-Db9Qu3XD.js.map               2.73 kB │ gzip:   0.82 kB
#113 368.6 @plane/propel:build: ℹ dist/switch/index.js.map                     2.71 kB │ gzip:   1.19 kB
#113 368.6 @plane/propel:build: ℹ dist/tab-navigation/index.js.map             2.65 kB │ gzip:   1.04 kB
#113 368.6 @plane/propel:build: ℹ dist/command/index.js.map                    2.48 kB │ gzip:   0.95 kB
#113 368.6 @plane/propel:build: ℹ dist/spinners/index.js.map                   2.42 kB │ gzip:   1.33 kB
#113 368.6 @plane/propel:build: ℹ dist/input/index.js.map                      2.34 kB │ gzip:   1.11 kB
#113 368.6 @plane/propel:build: ℹ dist/popover-CrZ8wRJs.js                     2.30 kB │ gzip:   0.85 kB
#113 368.6 @plane/propel:build: ℹ dist/animated-counter-CqtqTlrG.js            2.27 kB │ gzip:   0.93 kB
#113 368.6 @plane/propel:build: ℹ dist/card-BJ9a4xMU.js                        2.13 kB │ gzip:   0.90 kB
#113 368.6 @plane/propel:build: ℹ dist/legend-HUzGLN3O.js                      2.08 kB │ gzip:   1.03 kB
#113 368.6 @plane/propel:build: ℹ dist/circular-bar-spinner-Cp6QEb9r.js        2.08 kB │ gzip:   0.60 kB
#113 368.6 @plane/propel:build: ℹ dist/tooltip-CLEkTCyg.js                     2.05 kB │ gzip:   0.96 kB
#113 368.6 @plane/propel:build: ℹ dist/combobox/index.d.ts.map                 1.95 kB │ gzip:   0.65 kB
#113 368.7 @plane/propel:build: ℹ dist/calendar/index.js.map                   1.94 kB │ gzip:   0.92 kB
#113 368.7 @plane/propel:build: ℹ dist/emoji-icon-picker/index.d.ts.map        1.79 kB │ gzip:   0.77 kB
#113 368.7 @plane/propel:build: ℹ dist/emoji-reaction/index.d.ts.map           1.71 kB │ gzip:   0.62 kB
#113 368.7 @plane/propel:build: ℹ dist/skeleton/index.js.map                   1.66 kB │ gzip:   0.82 kB
#113 368.7 @plane/propel:build: ℹ dist/table/index.d.ts.map                    1.61 kB │ gzip:   0.46 kB
#113 368.7 @plane/propel:build: ℹ dist/portal/index.d.ts.map                   1.57 kB │ gzip:   0.64 kB
#113 368.7 @plane/propel:build: ℹ dist/classname-BokbBhj4.js                   1.47 kB │ gzip:   0.74 kB
#113 368.7 @plane/propel:build: ℹ dist/toast/index.d.ts.map                    1.46 kB │ gzip:   0.68 kB
#113 368.7 @plane/propel:build: ℹ dist/tabs/index.d.ts.map                     1.42 kB │ gzip:   0.47 kB
#113 368.7 @plane/propel:build: ℹ dist/accordion/index.d.ts.map                1.28 kB │ gzip:   0.49 kB
#113 368.7 @plane/propel:build: ℹ dist/placement-Db9Qu3XD.js                   1.13 kB │ gzip:   0.36 kB
#113 368.7 @plane/propel:build: ℹ dist/badge/index.d.ts.map                    1.12 kB │ gzip:   0.42 kB
#113 368.7 @plane/propel:build: ℹ dist/dialog/index.d.ts.map                   1.09 kB │ gzip:   0.50 kB
#113 368.7 @plane/propel:build: ℹ dist/menu/index.d.ts.map                     1.09 kB │ gzip:   0.47 kB
#113 368.7 @plane/propel:build: ℹ dist/toolbar/index.d.ts.map                  1.00 kB │ gzip:   0.45 kB
#113 368.7 @plane/propel:build: ℹ dist/pill/index.d.ts.map                     0.99 kB │ gzip:   0.45 kB
#113 368.7 @plane/propel:build: ℹ dist/icon-button/index.d.ts.map              0.96 kB │ gzip:   0.44 kB
#113 368.7 @plane/propel:build: ℹ dist/collapsible/index.d.ts.map              0.95 kB │ gzip:   0.44 kB
#113 368.7 @plane/propel:build: ℹ dist/context-menu/index.d.ts.map             0.94 kB │ gzip:   0.40 kB
#113 368.7 @plane/propel:build: ℹ dist/command/index.d.ts.map                  0.93 kB │ gzip:   0.39 kB
#113 368.7 @plane/propel:build: ℹ dist/helper-BdRkBv61.d.ts.map                0.76 kB │ gzip:   0.38 kB
#113 368.7 @plane/propel:build: ℹ dist/card/index.d.ts.map                     0.69 kB │ gzip:   0.38 kB
#113 368.7 @plane/propel:build: ℹ dist/skeleton/index.d.ts.map                 0.63 kB │ gzip:   0.31 kB
#113 368.7 @plane/propel:build: ℹ dist/scrollarea/index.d.ts.map               0.60 kB │ gzip:   0.33 kB
#113 368.7 @plane/propel:build: ℹ dist/banner/index.d.ts.map                   0.59 kB │ gzip:   0.31 kB
#113 368.7 @plane/propel:build: ℹ dist/popover/index.d.ts.map                  0.58 kB │ gzip:   0.32 kB
#113 368.7 @plane/propel:build: ℹ dist/spinners/index.d.ts.map                 0.57 kB │ gzip:   0.28 kB
#113 368.7 @plane/propel:build: ℹ dist/button/index.d.ts.map                   0.52 kB │ gzip:   0.24 kB
#113 368.7 @plane/propel:build: ℹ dist/tab-navigation/index.d.ts.map           0.52 kB │ gzip:   0.28 kB
#113 368.7 @plane/propel:build: ℹ dist/placement-qJjmdCXt.d.ts.map             0.49 kB │ gzip:   0.26 kB
#113 368.7 @plane/propel:build: ℹ dist/switch/index.d.ts.map                   0.48 kB │ gzip:   0.25 kB
#113 368.7 @plane/propel:build: ℹ dist/tooltip/index.d.ts.map                  0.40 kB │ gzip:   0.26 kB
#113 368.7 @plane/propel:build: ℹ dist/animated-counter/index.d.ts.map         0.38 kB │ gzip:   0.22 kB
#113 368.7 @plane/propel:build: ℹ dist/input/index.d.ts.map                    0.35 kB │ gzip:   0.21 kB
#113 368.7 @plane/propel:build: ℹ dist/avatar/index.d.ts.map                   0.34 kB │ gzip:   0.22 kB
#113 368.7 @plane/propel:build: ℹ dist/charts/scatter-chart/index.d.ts.map     0.32 kB │ gzip:   0.20 kB
#113 368.7 @plane/propel:build: ℹ dist/charts/bar-chart/index.d.ts.map         0.32 kB │ gzip:   0.20 kB
#113 368.7 @plane/propel:build: ℹ dist/charts/pie-chart/index.d.ts.map         0.32 kB │ gzip:   0.20 kB
#113 368.7 @plane/propel:build: ℹ dist/charts/area-chart/index.d.ts.map        0.31 kB │ gzip:   0.20 kB
#113 368.7 @plane/propel:build: ℹ dist/charts/line-chart/index.d.ts.map        0.31 kB │ gzip:   0.20 kB
#113 368.7 @plane/propel:build: ℹ dist/calendar/index.d.ts.map                 0.29 kB │ gzip:   0.21 kB
#113 368.7 @plane/propel:build: ℹ dist/charts/radar-chart/index.d.ts.map       0.27 kB │ gzip:   0.18 kB
#113 368.7 @plane/propel:build: ℹ dist/charts/tree-map/index.d.ts.map          0.16 kB │ gzip:   0.14 kB
#113 368.7 @plane/propel:build: ℹ dist/utils/index.d.ts.map                    0.14 kB │ gzip:   0.13 kB
#113 368.7 @plane/propel:build: ℹ dist/utils-MPqvUdqq.js                       0.00 kB │ gzip:   0.02 kB
#113 368.7 @plane/propel:build: ℹ dist/empty-state/index.d.ts                 14.64 kB │ gzip:   2.17 kB
#113 368.7 @plane/propel:build: ℹ dist/icons/index.d.ts                        6.31 kB │ gzip:   1.89 kB
#113 368.7 @plane/propel:build: ℹ dist/emoji-icon-picker/index.d.ts            4.14 kB │ gzip:   1.41 kB
#113 368.7 @plane/propel:build: ℹ dist/portal/index.d.ts                       3.97 kB │ gzip:   1.42 kB
#113 368.7 @plane/propel:build: ℹ dist/combobox/index.d.ts                     2.23 kB │ gzip:   0.74 kB
#113 368.7 @plane/propel:build: ℹ dist/emoji-reaction/index.d.ts               2.20 kB │ gzip:   0.67 kB
#113 368.7 @plane/propel:build: ℹ dist/tabs/index.d.ts                         2.03 kB │ gzip:   0.45 kB
#113 368.7 @plane/propel:build: ℹ dist/table/index.d.ts                        1.95 kB │ gzip:   0.37 kB
#113 368.7 @plane/propel:build: ℹ dist/context-menu/index.d.ts                 1.95 kB │ gzip:   0.53 kB
#113 368.7 @plane/propel:build: ℹ dist/menu/index.d.ts                         1.83 kB │ gzip:   0.74 kB
#113 368.7 @plane/propel:build: ℹ dist/toolbar/index.d.ts                      1.80 kB │ gzip:   0.54 kB
#113 368.7 @plane/propel:build: ℹ dist/toast/index.d.ts                        1.79 kB │ gzip:   0.62 kB
#113 368.7 @plane/propel:build: ℹ dist/badge/index.d.ts                        1.61 kB │ gzip:   0.55 kB
#113 368.7 @plane/propel:build: ℹ dist/accordion/index.d.ts                    1.48 kB │ gzip:   0.45 kB
#113 368.7 @plane/propel:build: ℹ dist/dialog/index.d.ts                       1.38 kB │ gzip:   0.52 kB
#113 368.7 @plane/propel:build: ℹ dist/tab-navigation/index.d.ts               1.27 kB │ gzip:   0.47 kB
#113 368.7 @plane/propel:build: ℹ dist/icon-button/index.d.ts                  1.26 kB │ gzip:   0.55 kB
#113 368.7 @plane/propel:build: ℹ dist/banner/index.d.ts                       1.22 kB │ gzip:   0.61 kB
#113 368.7 @plane/propel:build: ℹ dist/avatar/index.d.ts                       1.21 kB │ gzip:   0.53 kB
#113 368.7 @plane/propel:build: ℹ dist/card/index.d.ts                         1.11 kB │ gzip:   0.56 kB
#113 368.7 @plane/propel:build: ℹ dist/pill/index.d.ts                         1.05 kB │ gzip:   0.52 kB
#113 368.7 @plane/propel:build: ℹ dist/button/index.d.ts                       1.05 kB │ gzip:   0.49 kB
#113 368.7 @plane/propel:build: ℹ dist/collapsible/index.d.ts                  0.96 kB │ gzip:   0.39 kB
#113 368.7 @plane/propel:build: ℹ dist/command/index.d.ts                      0.95 kB │ gzip:   0.31 kB
#113 368.7 @plane/propel:build: ℹ dist/scrollarea/index.d.ts                   0.90 kB │ gzip:   0.41 kB
#113 368.7 @plane/propel:build: ℹ dist/popover/index.d.ts                      0.84 kB │ gzip:   0.44 kB
#113 368.7 @plane/propel:build: ℹ dist/spinners/index.d.ts                     0.75 kB │ gzip:   0.30 kB
#113 368.7 @plane/propel:build: ℹ dist/skeleton/index.d.ts                     0.75 kB │ gzip:   0.32 kB
#113 368.7 @plane/propel:build: ℹ dist/tooltip/index.d.ts                      0.68 kB │ gzip:   0.39 kB
#113 368.7 @plane/propel:build: ℹ dist/animated-counter/index.d.ts             0.56 kB │ gzip:   0.35 kB
#113 368.7 @plane/propel:build: ℹ dist/switch/index.d.ts                       0.52 kB │ gzip:   0.31 kB
#113 368.7 @plane/propel:build: ℹ dist/utils/index.d.ts                        0.45 kB │ gzip:   0.28 kB
#113 368.7 @plane/propel:build: ℹ dist/input/index.d.ts                        0.45 kB │ gzip:   0.29 kB
#113 368.7 @plane/propel:build: ℹ dist/calendar/index.d.ts                     0.42 kB │ gzip:   0.28 kB
#113 368.7 @plane/propel:build: ℹ dist/charts/scatter-chart/index.d.ts         0.35 kB │ gzip:   0.24 kB
#113 368.7 @plane/propel:build: ℹ dist/charts/area-chart/index.d.ts            0.33 kB │ gzip:   0.24 kB
#113 368.7 @plane/propel:build: ℹ dist/charts/line-chart/index.d.ts            0.33 kB │ gzip:   0.24 kB
#113 368.7 @plane/propel:build: ℹ dist/charts/bar-chart/index.d.ts             0.33 kB │ gzip:   0.24 kB
#113 368.7 @plane/propel:build: ℹ dist/charts/pie-chart/index.d.ts             0.33 kB │ gzip:   0.23 kB
#113 368.7 @plane/propel:build: ℹ dist/charts/radar-chart/index.d.ts           0.32 kB │ gzip:   0.23 kB
#113 368.7 @plane/propel:build: ℹ dist/charts/tree-map/index.d.ts              0.27 kB │ gzip:   0.19 kB
#113 368.7 @plane/propel:build: ℹ dist/index-BUyOAoiw.d.ts                    35.59 kB │ gzip:   5.29 kB
#113 368.7 @plane/propel:build: ℹ dist/helper-BdRkBv61.d.ts                    1.03 kB │ gzip:   0.50 kB
#113 368.7 @plane/propel:build: ℹ dist/placement-qJjmdCXt.d.ts                 0.75 kB │ gzip:   0.40 kB
#113 368.7 @plane/propel:build: ℹ 187 files, total: 2971.60 kB
#113 371.7 @plane/propel:build: ✔ Build complete in 79806ms
#113 372.4 @plane/ui:build: cache miss, executing 118192097a23f98f
#113 ...

#121 [space installer 8/8] RUN pnpm turbo run build --filter=space
#121 372.6 @plane/ui:build: $ tsdown
#121 373.4 @plane/ui:build: [34mℹ[39m tsdown [2mv0.16.0[22m powered by rolldown [2mv1.0.0-beta.46[22m
#121 374.4 @plane/ui:build: [34mℹ[39m Using tsdown config: [4m/app/packages/ui/tsdown.config.ts[24m
#121 374.5 @plane/ui:build: [34mℹ[39m entry: [34msrc/index.ts[39m
#121 374.5 @plane/ui:build: [34mℹ[39m tsconfig: [34mtsconfig.json[39m
#121 374.5 @plane/ui:build: [34mℹ[39m Build start
#121 ...

#113 [live installer 12/12] RUN pnpm turbo run build --filter=live
#113 378.5 @plane/ui:build: $ tsdown
#113 379.4 @plane/ui:build: ℹ tsdown v0.16.0 powered by rolldown v1.0.0-beta.46
#113 380.4 @plane/ui:build: ℹ Using tsdown config: /app/packages/ui/tsdown.config.ts
#113 380.5 @plane/ui:build: ℹ entry: src/index.ts
#113 380.5 @plane/ui:build: ℹ tsconfig: tsconfig.json
#113 380.5 @plane/ui:build: ℹ Build start
#113 ...

#134 [admin installer 8/8] RUN pnpm turbo run build --filter=admin
#134 178.1 @plane/services:build: [34mℹ[39m [2mdist/[22m[1mindex.js[22m        [2m 97.92 kB[22m [2m│ gzip: 11.24 kB[22m
#134 178.1 @plane/services:build: [34mℹ[39m [2mdist/[22mindex.js.map    [2m154.04 kB[22m [2m│ gzip: 17.93 kB[22m
#134 178.1 @plane/services:build: [34mℹ[39m [2mdist/[22mindex.d.ts.map  [2m 21.01 kB[22m [2m│ gzip:  5.70 kB[22m
#134 178.1 @plane/services:build: [34mℹ[39m [2mdist/[22m[32m[1mindex.d.ts[22m[39m      [2m 70.26 kB[22m [2m│ gzip:  9.05 kB[22m
#134 178.1 @plane/services:build: [34mℹ[39m 4 files, total: 343.23 kB
#134 178.2 @plane/services:build: [32m✔[39m Build complete in [32m49070ms[39m
#134 ...

#132 [web installer 12/12] RUN pnpm turbo run build --filter=web --force     && printf '%s\n' "2be5525c3e86bd21807abb413904ad5e37d31eddaed61d1bfdacf350353ac08e" > /app/apps/web/build/client/deployment-source.txt
#132 394.9 @plane/shared-state:build: ℹ dist/index.js        39.80 kB │ gzip:  8.31 kB
#132 394.9 @plane/shared-state:build: ℹ dist/index.js.map    82.77 kB │ gzip: 17.20 kB
#132 395.0 @plane/shared-state:build: ℹ dist/index.d.ts.map   9.10 kB │ gzip:  3.48 kB
#132 395.0 @plane/shared-state:build: ℹ dist/index.d.ts      21.30 kB │ gzip:  4.29 kB
#132 395.0 @plane/shared-state:build: ℹ 4 files, total: 152.97 kB
#132 395.0 @plane/shared-state:build: ✔ Build complete in 65900ms
#132 ...

#134 [admin installer 8/8] RUN pnpm turbo run build --filter=admin
#134 211.2 @plane/utils:build: [34mℹ[39m [2mdist/[22m[1mindex.js[22m        [2m219.53 kB[22m [2m│ gzip: 55.06 kB[22m
#134 211.2 @plane/utils:build: [34mℹ[39m [2mdist/[22mindex.js.map    [2m398.93 kB[22m [2m│ gzip: 88.53 kB[22m
#134 211.2 @plane/utils:build: [34mℹ[39m [2mdist/[22mindex.d.ts.map  [2m 43.34 kB[22m [2m│ gzip: 14.46 kB[22m
#134 211.2 @plane/utils:build: [34mℹ[39m [2mdist/[22m[32m[1mindex.d.ts[22m[39m      [2m117.11 kB[22m [2m│ gzip: 27.19 kB[22m
#134 211.2 @plane/utils:build: [34mℹ[39m 4 files, total: 778.91 kB
#134 211.2 @plane/utils:build: [32m✔[39m Build complete in [32m83145ms[39m
#134 211.8 admin:build: cache miss, executing ec20b7d0b33ee791
#134 217.0 admin:build: $ react-router build
#134 ...

#121 [space installer 8/8] RUN pnpm turbo run build --filter=space
#121 421.1 @plane/ui:build: [34mℹ[39m [2mdist/[22m[1mindex.js[22m        [2m110.86 kB[22m [2m│ gzip: 21.98 kB[22m
#121 421.1 @plane/ui:build: [34mℹ[39m [2mdist/[22mindex.js.map    [2m204.58 kB[22m [2m│ gzip: 43.54 kB[22m
#121 421.1 @plane/ui:build: [34mℹ[39m [2mdist/[22mindex.d.ts.map  [2m 17.64 kB[22m [2m│ gzip:  6.10 kB[22m
#121 421.1 @plane/ui:build: [34mℹ[39m [2mdist/[22m[32m[1mindex.d.ts[22m[39m      [2m 25.40 kB[22m [2m│ gzip:  5.51 kB[22m
#121 421.1 @plane/ui:build: [34mℹ[39m 4 files, total: 358.47 kB
#121 421.2 @plane/ui:build: [32m✔[39m Build complete in [32m46644ms[39m
#121 421.5 @plane/editor:build: cache miss, executing 0635bd251dc83506
#121 425.8 @plane/editor:build: $ tsc && tsdown
#121 ...

#113 [live installer 12/12] RUN pnpm turbo run build --filter=live
#113 426.8 @plane/ui:build: ℹ dist/index.js        110.86 kB │ gzip: 21.98 kB
#113 426.8 @plane/ui:build: ℹ dist/index.js.map    204.58 kB │ gzip: 43.54 kB
#113 426.8 @plane/ui:build: ℹ dist/index.d.ts.map   17.64 kB │ gzip:  6.10 kB
#113 426.8 @plane/ui:build: ℹ dist/index.d.ts       25.40 kB │ gzip:  5.51 kB
#113 426.8 @plane/ui:build: ℹ 4 files, total: 358.47 kB
#113 426.8 @plane/ui:build: ✔ Build complete in 46292ms
#113 427.1 @plane/editor:build: cache miss, executing d0f313d48b08c131
#113 433.3 @plane/editor:build: $ tsc && tsdown
#113 ...

#132 [web installer 12/12] RUN pnpm turbo run build --filter=web --force     && printf '%s\n' "2be5525c3e86bd21807abb413904ad5e37d31eddaed61d1bfdacf350353ac08e" > /app/apps/web/build/client/deployment-source.txt
#132 443.6 @plane/propel:build: ℹ dist/empty-state/index.js                  749.12 kB │ gzip: 213.69 kB
#132 443.6 @plane/propel:build: ℹ dist/charts/bar-chart/index.js               9.75 kB │ gzip:   3.19 kB
#132 443.6 @plane/propel:build: ℹ dist/charts/tree-map/index.js                9.39 kB │ gzip:   2.77 kB
#132 443.6 @plane/propel:build: ℹ dist/toast/index.js                          9.08 kB │ gzip:   2.30 kB
#132 443.6 @plane/propel:build: ℹ dist/portal/index.js                         6.41 kB │ gzip:   2.15 kB
#132 443.6 @plane/propel:build: ℹ dist/charts/pie-chart/index.js               6.25 kB │ gzip:   2.03 kB
#132 443.6 @plane/propel:build: ℹ dist/icons/index.js                          6.18 kB │ gzip:   1.86 kB
#132 443.6 @plane/propel:build: ℹ dist/menu/index.js                           5.60 kB │ gzip:   1.87 kB
#132 443.6 @plane/propel:build: ℹ dist/emoji-reaction/index.js                 5.57 kB │ gzip:   1.93 kB
#132 443.6 @plane/propel:build: ℹ dist/charts/area-chart/index.js              5.21 kB │ gzip:   1.92 kB
#132 443.6 @plane/propel:build: ℹ dist/combobox/index.js                       4.83 kB │ gzip:   1.74 kB
#132 443.6 @plane/propel:build: ℹ dist/charts/line-chart/index.js              4.50 kB │ gzip:   1.69 kB
#132 443.6 @plane/propel:build: ℹ dist/charts/scatter-chart/index.js           4.24 kB │ gzip:   1.56 kB
#132 443.6 @plane/propel:build: ℹ dist/toolbar/index.js                        4.05 kB │ gzip:   1.43 kB
#132 443.6 @plane/propel:build: ℹ dist/context-menu/index.js                   3.68 kB │ gzip:   1.14 kB
#132 443.6 @plane/propel:build: ℹ dist/banner/index.js                         3.43 kB │ gzip:   1.34 kB
#132 443.6 @plane/propel:build: ℹ dist/dialog/index.js                         3.33 kB │ gzip:   1.13 kB
#132 443.6 @plane/propel:build: ℹ dist/scrollarea/index.js                     2.96 kB │ gzip:   1.08 kB
#132 443.6 @plane/propel:build: ℹ dist/tabs/index.js                           2.87 kB │ gzip:   1.13 kB
#132 443.6 @plane/propel:build: ℹ dist/charts/radar-chart/index.js             2.83 kB │ gzip:   1.19 kB
#132 443.6 @plane/propel:build: ℹ dist/table/index.js                          2.72 kB │ gzip:   0.84 kB
#132 443.6 @plane/propel:build: ℹ dist/avatar/index.js                         2.69 kB │ gzip:   1.02 kB
#132 443.6 @plane/propel:build: ℹ dist/pill/index.js                           2.37 kB │ gzip:   1.02 kB
#132 443.6 @plane/propel:build: ℹ dist/collapsible/index.js                    2.17 kB │ gzip:   0.91 kB
#132 443.6 @plane/propel:build: ℹ dist/badge/index.js                          2.12 kB │ gzip:   0.97 kB
#132 443.6 @plane/propel:build: ℹ dist/accordion/index.js                      1.96 kB │ gzip:   0.74 kB
#132 443.6 @plane/propel:build: ℹ dist/tab-navigation/index.js                 1.90 kB │ gzip:   0.80 kB
#132 443.6 @plane/propel:build: ℹ dist/spinners/index.js                       1.89 kB │ gzip:   1.00 kB
#132 443.6 @plane/propel:build: ℹ dist/command/index.js                        1.48 kB │ gzip:   0.58 kB
#132 443.6 @plane/propel:build: ℹ dist/switch/index.js                         1.46 kB │ gzip:   0.71 kB
#132 443.6 @plane/propel:build: ℹ dist/input/index.js                          1.42 kB │ gzip:   0.77 kB
#132 443.6 @plane/propel:build: ℹ dist/calendar/index.js                       1.16 kB │ gzip:   0.59 kB
#132 443.6 @plane/propel:build: ℹ dist/skeleton/index.js                       0.92 kB │ gzip:   0.46 kB
#132 443.6 @plane/propel:build: ℹ dist/emoji-icon-picker/index.js              0.71 kB │ gzip:   0.35 kB
#132 443.6 @plane/propel:build: ℹ dist/utils/index.js                          0.25 kB │ gzip:   0.17 kB
#132 443.6 @plane/propel:build: ℹ dist/icon-button/index.js                    0.23 kB │ gzip:   0.17 kB
#132 443.6 @plane/propel:build: ℹ dist/button/index.js                         0.21 kB │ gzip:   0.16 kB
#132 443.6 @plane/propel:build: ℹ dist/card/index.js                           0.20 kB │ gzip:   0.15 kB
#132 443.6 @plane/propel:build: ℹ dist/animated-counter/index.js               0.20 kB │ gzip:   0.15 kB
#132 443.6 @plane/propel:build: ℹ dist/tooltip/index.js                        0.18 kB │ gzip:   0.14 kB
#132 443.6 @plane/propel:build: ℹ dist/popover/index.js                        0.11 kB │ gzip:   0.10 kB
#132 443.6 @plane/propel:build: ℹ dist/empty-state/index.js.map              859.86 kB │ gzip: 218.29 kB
#132 443.6 @plane/propel:build: ℹ dist/icons-DWzY_Ct4.js.map                 391.68 kB │ gzip: 100.97 kB
#132 443.6 @plane/propel:build: ℹ dist/icons-DWzY_Ct4.js                     309.50 kB │ gzip:  94.69 kB
#132 443.6 @plane/propel:build: ℹ dist/emoji-icon-picker-C-QxDRjq.js.map      58.16 kB │ gzip:  13.25 kB
#132 443.6 @plane/propel:build: ℹ dist/emoji-icon-picker-C-QxDRjq.js          32.67 kB │ gzip:   8.54 kB
#132 443.6 @plane/propel:build: ℹ dist/charts/bar-chart/index.js.map          18.54 kB │ gzip:   5.83 kB
#132 443.6 @plane/propel:build: ℹ dist/index-BUyOAoiw.d.ts.map                17.31 kB │ gzip:   3.08 kB
#132 443.6 @plane/propel:build: ℹ dist/charts/tree-map/index.js.map           16.84 kB │ gzip:   4.95 kB
#132 443.6 @plane/propel:build: ℹ dist/toast/index.js.map                     14.78 kB │ gzip:   4.07 kB
#132 443.6 @plane/propel:build: ℹ dist/charts/pie-chart/index.js.map          10.95 kB │ gzip:   3.47 kB
#132 443.6 @plane/propel:build: ℹ dist/combobox/index.js.map                   9.95 kB │ gzip:   3.34 kB
#132 443.6 @plane/propel:build: ℹ dist/charts/area-chart/index.js.map          9.79 kB │ gzip:   3.31 kB
#132 443.6 @plane/propel:build: ℹ dist/emoji-reaction/index.js.map             9.74 kB │ gzip:   3.24 kB
#132 443.6 @plane/propel:build: ℹ dist/empty-state/index.d.ts.map              9.61 kB │ gzip:   2.39 kB
#132 443.6 @plane/propel:build: ℹ dist/portal/index.js.map                     9.54 kB │ gzip:   3.32 kB
#132 443.6 @plane/propel:build: ℹ dist/menu/index.js.map                       9.53 kB │ gzip:   3.20 kB
#132 443.6 @plane/propel:build: ℹ dist/charts/line-chart/index.js.map          8.10 kB │ gzip:   2.75 kB
#132 443.6 @plane/propel:build: ℹ dist/charts/scatter-chart/index.js.map       7.53 kB │ gzip:   2.53 kB
#132 443.6 @plane/propel:build: ℹ dist/toolbar/index.js.map                    7.21 kB │ gzip:   2.34 kB
#132 443.6 @plane/propel:build: ℹ dist/context-menu/index.js.map               7.16 kB │ gzip:   1.94 kB
#132 443.6 @plane/propel:build: ℹ dist/banner/index.js.map                     6.96 kB │ gzip:   2.58 kB
#132 443.6 @plane/propel:build: ℹ dist/tabs/index.js.map                       6.21 kB │ gzip:   1.86 kB
#132 443.6 @plane/propel:build: ℹ dist/tooltip-2hD27cLV.js.map                 5.98 kB │ gzip:   2.15 kB
#132 443.6 @plane/propel:build: ℹ dist/dialog/index.js.map                     5.75 kB │ gzip:   1.97 kB
#132 443.6 @plane/propel:build: ℹ dist/button-CjcOirFK.js.map                  5.70 kB │ gzip:   1.99 kB
#132 443.6 @plane/propel:build: ℹ dist/avatar/index.js.map                     5.14 kB │ gzip:   1.78 kB
#132 443.6 @plane/propel:build: ℹ dist/charts/radar-chart/index.js.map         4.91 kB │ gzip:   1.89 kB
#132 443.6 @plane/propel:build: ℹ dist/scrollarea/index.js.map                 4.86 kB │ gzip:   1.64 kB
#132 443.6 @plane/propel:build: ℹ dist/icon-button-2BUssuti.js.map             4.86 kB │ gzip:   1.66 kB
#132 443.6 @plane/propel:build: ℹ dist/table/index.js.map                      4.83 kB │ gzip:   1.32 kB
#132 443.6 @plane/propel:build: ℹ dist/popover-CrZ8wRJs.js.map                 4.12 kB │ gzip:   1.50 kB
#132 443.6 @plane/propel:build: ℹ dist/badge/index.js.map                      4.08 kB │ gzip:   1.63 kB
#132 443.6 @plane/propel:build: ℹ dist/animated-counter-CqtqTlrG.js.map        3.95 kB │ gzip:   1.52 kB
#132 443.6 @plane/propel:build: ℹ dist/collapsible/index.js.map                3.95 kB │ gzip:   1.53 kB
#132 443.6 @plane/propel:build: ℹ dist/tooltip-CLEkTCyg.js.map                 3.83 kB │ gzip:   1.57 kB
#132 443.6 @plane/propel:build: ℹ dist/legend-HUzGLN3O.js.map                  3.79 kB │ gzip:   1.65 kB
#132 443.6 @plane/propel:build: ℹ dist/tooltip-2hD27cLV.js                     3.75 kB │ gzip:   1.29 kB
#132 443.6 @plane/propel:build: ℹ dist/accordion/index.js.map                  3.72 kB │ gzip:   1.34 kB
#132 443.6 @plane/propel:build: ℹ dist/pill/index.js.map                       3.46 kB │ gzip:   1.38 kB
#132 443.6 @plane/propel:build: ℹ dist/card-BJ9a4xMU.js.map                    3.43 kB │ gzip:   1.35 kB
#132 443.6 @plane/propel:build: ℹ dist/button-CjcOirFK.js                      3.31 kB │ gzip:   1.22 kB
#132 443.6 @plane/propel:build: ℹ dist/classname-BokbBhj4.js.map               3.14 kB │ gzip:   1.30 kB
#132 443.6 @plane/propel:build: ℹ dist/icon-button-2BUssuti.js                 2.93 kB │ gzip:   1.08 kB
#132 443.6 @plane/propel:build: ℹ dist/circular-bar-spinner-Cp6QEb9r.js.map    2.86 kB │ gzip:   0.97 kB
#132 443.6 @plane/propel:build: ℹ dist/placement-Db9Qu3XD.js.map               2.73 kB │ gzip:   0.82 kB
#132 443.6 @plane/propel:build: ℹ dist/switch/index.js.map                     2.71 kB │ gzip:   1.19 kB
#132 443.6 @plane/propel:build: ℹ dist/tab-navigation/index.js.map             2.65 kB │ gzip:   1.04 kB
#132 443.6 @plane/propel:build: ℹ dist/command/index.js.map                    2.48 kB │ gzip:   0.95 kB
#132 443.6 @plane/propel:build: ℹ dist/spinners/index.js.map                   2.42 kB │ gzip:   1.33 kB
#132 443.6 @plane/propel:build: ℹ dist/input/index.js.map                      2.34 kB │ gzip:   1.11 kB
#132 443.6 @plane/propel:build: ℹ dist/popover-CrZ8wRJs.js                     2.30 kB │ gzip:   0.85 kB
#132 443.6 @plane/propel:build: ℹ dist/animated-counter-CqtqTlrG.js            2.27 kB │ gzip:   0.93 kB
#132 443.6 @plane/propel:build: ℹ dist/card-BJ9a4xMU.js                        2.13 kB │ gzip:   0.90 kB
#132 443.6 @plane/propel:build: ℹ dist/legend-HUzGLN3O.js                      2.08 kB │ gzip:   1.03 kB
#132 443.6 @plane/propel:build: ℹ dist/circular-bar-spinner-Cp6QEb9r.js        2.08 kB │ gzip:   0.60 kB
#132 443.6 @plane/propel:build: ℹ dist/tooltip-CLEkTCyg.js                     2.05 kB │ gzip:   0.96 kB
#132 443.6 @plane/propel:build: ℹ dist/combobox/index.d.ts.map                 1.95 kB │ gzip:   0.65 kB
#132 443.6 @plane/propel:build: ℹ dist/calendar/index.js.map                   1.94 kB │ gzip:   0.92 kB
#132 443.6 @plane/propel:build: ℹ dist/emoji-icon-picker/index.d.ts.map        1.79 kB │ gzip:   0.77 kB
#132 443.6 @plane/propel:build: ℹ dist/emoji-reaction/index.d.ts.map           1.71 kB │ gzip:   0.62 kB
#132 443.6 @plane/propel:build: ℹ dist/skeleton/index.js.map                   1.66 kB │ gzip:   0.82 kB
#132 443.6 @plane/propel:build: ℹ dist/table/index.d.ts.map                    1.61 kB │ gzip:   0.46 kB
#132 443.6 @plane/propel:build: ℹ dist/portal/index.d.ts.map                   1.57 kB │ gzip:   0.64 kB
#132 443.6 @plane/propel:build: ℹ dist/classname-BokbBhj4.js                   1.47 kB │ gzip:   0.74 kB
#132 443.6 @plane/propel:build: ℹ dist/toast/index.d.ts.map                    1.46 kB │ gzip:   0.68 kB
#132 443.6 @plane/propel:build: ℹ dist/tabs/index.d.ts.map                     1.42 kB │ gzip:   0.47 kB
#132 443.6 @plane/propel:build: ℹ dist/accordion/index.d.ts.map                1.28 kB │ gzip:   0.49 kB
#132 443.6 @plane/propel:build: ℹ dist/placement-Db9Qu3XD.js                   1.13 kB │ gzip:   0.36 kB
#132 443.6 @plane/propel:build: ℹ dist/badge/index.d.ts.map                    1.12 kB │ gzip:   0.42 kB
#132 443.6 @plane/propel:build: ℹ dist/dialog/index.d.ts.map                   1.09 kB │ gzip:   0.50 kB
#132 443.6 @plane/propel:build: ℹ dist/menu/index.d.ts.map                     1.09 kB │ gzip:   0.47 kB
#132 443.6 @plane/propel:build: ℹ dist/toolbar/index.d.ts.map                  1.00 kB │ gzip:   0.45 kB
#132 443.6 @plane/propel:build: ℹ dist/pill/index.d.ts.map                     0.99 kB │ gzip:   0.45 kB
#132 443.6 @plane/propel:build: ℹ dist/icon-button/index.d.ts.map              0.96 kB │ gzip:   0.44 kB
#132 443.6 @plane/propel:build: ℹ dist/collapsible/index.d.ts.map              0.95 kB │ gzip:   0.44 kB
#132 443.6 @plane/propel:build: ℹ dist/context-menu/index.d.ts.map             0.94 kB │ gzip:   0.40 kB
#132 443.6 @plane/propel:build: ℹ dist/command/index.d.ts.map                  0.93 kB │ gzip:   0.39 kB
#132 443.6 @plane/propel:build: ℹ dist/helper-CUL9FYX-.d.ts.map                0.76 kB │ gzip:   0.37 kB
#132 443.6 @plane/propel:build: ℹ dist/card/index.d.ts.map                     0.69 kB │ gzip:   0.38 kB
#132 443.6 @plane/propel:build: ℹ dist/skeleton/index.d.ts.map                 0.63 kB │ gzip:   0.31 kB
#132 443.6 @plane/propel:build: ℹ dist/scrollarea/index.d.ts.map               0.60 kB │ gzip:   0.33 kB
#132 443.6 @plane/propel:build: ℹ dist/banner/index.d.ts.map                   0.59 kB │ gzip:   0.31 kB
#132 443.6 @plane/propel:build: ℹ dist/popover/index.d.ts.map                  0.58 kB │ gzip:   0.32 kB
#132 443.6 @plane/propel:build: ℹ dist/spinners/index.d.ts.map                 0.57 kB │ gzip:   0.28 kB
#132 443.6 @plane/propel:build: ℹ dist/button/index.d.ts.map                   0.52 kB │ gzip:   0.24 kB
#132 443.6 @plane/propel:build: ℹ dist/tab-navigation/index.d.ts.map           0.52 kB │ gzip:   0.28 kB
#132 443.6 @plane/propel:build: ℹ dist/placement-qJjmdCXt.d.ts.map             0.49 kB │ gzip:   0.26 kB
#132 443.6 @plane/propel:build: ℹ dist/switch/index.d.ts.map                   0.48 kB │ gzip:   0.25 kB
#132 443.7 @plane/propel:build: ℹ dist/tooltip/index.d.ts.map                  0.40 kB │ gzip:   0.26 kB
#132 443.7 @plane/propel:build: ℹ dist/animated-counter/index.d.ts.map         0.38 kB │ gzip:   0.22 kB
#132 443.7 @plane/propel:build: ℹ dist/input/index.d.ts.map                    0.35 kB │ gzip:   0.21 kB
#132 443.7 @plane/propel:build: ℹ dist/avatar/index.d.ts.map                   0.34 kB │ gzip:   0.22 kB
#132 443.7 @plane/propel:build: ℹ dist/charts/scatter-chart/index.d.ts.map     0.32 kB │ gzip:   0.20 kB
#132 443.7 @plane/propel:build: ℹ dist/charts/bar-chart/index.d.ts.map         0.32 kB │ gzip:   0.20 kB
#132 443.7 @plane/propel:build: ℹ dist/charts/pie-chart/index.d.ts.map         0.32 kB │ gzip:   0.20 kB
#132 443.7 @plane/propel:build: ℹ dist/charts/area-chart/index.d.ts.map        0.31 kB │ gzip:   0.20 kB
#132 443.7 @plane/propel:build: ℹ dist/charts/line-chart/index.d.ts.map        0.31 kB │ gzip:   0.20 kB
#132 443.7 @plane/propel:build: ℹ dist/calendar/index.d.ts.map                 0.29 kB │ gzip:   0.21 kB
#132 443.7 @plane/propel:build: ℹ dist/charts/radar-chart/index.d.ts.map       0.27 kB │ gzip:   0.18 kB
#132 443.7 @plane/propel:build: ℹ dist/charts/tree-map/index.d.ts.map          0.16 kB │ gzip:   0.14 kB
#132 443.7 @plane/propel:build: ℹ dist/utils/index.d.ts.map                    0.14 kB │ gzip:   0.13 kB
#132 443.7 @plane/propel:build: ℹ dist/utils-MPqvUdqq.js                       0.00 kB │ gzip:   0.02 kB
#132 443.7 @plane/propel:build: ℹ dist/empty-state/index.d.ts                 14.64 kB │ gzip:   2.17 kB
#132 443.7 @plane/propel:build: ℹ dist/icons/index.d.ts                        6.31 kB │ gzip:   1.89 kB
#132 443.7 @plane/propel:build: ℹ dist/emoji-icon-picker/index.d.ts            4.15 kB │ gzip:   1.41 kB
#132 443.7 @plane/propel:build: ℹ dist/portal/index.d.ts                       3.97 kB │ gzip:   1.42 kB
#132 443.7 @plane/propel:build: ℹ dist/combobox/index.d.ts                     2.23 kB │ gzip:   0.74 kB
#132 443.7 @plane/propel:build: ℹ dist/emoji-reaction/index.d.ts               2.20 kB │ gzip:   0.67 kB
#132 443.7 @plane/propel:build: ℹ dist/tabs/index.d.ts                         2.03 kB │ gzip:   0.45 kB
#132 443.7 @plane/propel:build: ℹ dist/table/index.d.ts                        1.95 kB │ gzip:   0.37 kB
#132 443.7 @plane/propel:build: ℹ dist/context-menu/index.d.ts                 1.95 kB │ gzip:   0.53 kB
#132 443.7 @plane/propel:build: ℹ dist/menu/index.d.ts                         1.83 kB │ gzip:   0.74 kB
#132 443.7 @plane/propel:build: ℹ dist/toolbar/index.d.ts                      1.80 kB │ gzip:   0.54 kB
#132 443.7 @plane/propel:build: ℹ dist/toast/index.d.ts                        1.79 kB │ gzip:   0.62 kB
#132 443.7 @plane/propel:build: ℹ dist/badge/index.d.ts                        1.61 kB │ gzip:   0.55 kB
#132 443.7 @plane/propel:build: ℹ dist/accordion/index.d.ts                    1.48 kB │ gzip:   0.45 kB
#132 443.7 @plane/propel:build: ℹ dist/dialog/index.d.ts                       1.38 kB │ gzip:   0.52 kB
#132 443.7 @plane/propel:build: ℹ dist/tab-navigation/index.d.ts               1.27 kB │ gzip:   0.47 kB
#132 443.7 @plane/propel:build: ℹ dist/icon-button/index.d.ts                  1.26 kB │ gzip:   0.55 kB
#132 443.7 @plane/propel:build: ℹ dist/banner/index.d.ts                       1.22 kB │ gzip:   0.61 kB
#132 443.7 @plane/propel:build: ℹ dist/avatar/index.d.ts                       1.21 kB │ gzip:   0.53 kB
#132 443.7 @plane/propel:build: ℹ dist/card/index.d.ts                         1.11 kB │ gzip:   0.56 kB
#132 443.7 @plane/propel:build: ℹ dist/pill/index.d.ts                         1.05 kB │ gzip:   0.52 kB
#132 443.7 @plane/propel:build: ℹ dist/button/index.d.ts                       1.05 kB │ gzip:   0.49 kB
#132 443.7 @plane/propel:build: ℹ dist/collapsible/index.d.ts                  0.96 kB │ gzip:   0.39 kB
#132 443.7 @plane/propel:build: ℹ dist/command/index.d.ts                      0.95 kB │ gzip:   0.31 kB
#132 443.7 @plane/propel:build: ℹ dist/scrollarea/index.d.ts                   0.90 kB │ gzip:   0.41 kB
#132 443.7 @plane/propel:build: ℹ dist/popover/index.d.ts                      0.84 kB │ gzip:   0.44 kB
#132 443.7 @plane/propel:build: ℹ dist/spinners/index.d.ts                     0.75 kB │ gzip:   0.30 kB
#132 443.7 @plane/propel:build: ℹ dist/skeleton/index.d.ts                     0.75 kB │ gzip:   0.32 kB
#132 443.7 @plane/propel:build: ℹ dist/tooltip/index.d.ts                      0.68 kB │ gzip:   0.39 kB
#132 443.7 @plane/propel:build: ℹ dist/animated-counter/index.d.ts             0.56 kB │ gzip:   0.36 kB
#132 443.7 @plane/propel:build: ℹ dist/switch/index.d.ts                       0.52 kB │ gzip:   0.31 kB
#132 443.7 @plane/propel:build: ℹ dist/utils/index.d.ts                        0.45 kB │ gzip:   0.28 kB
#132 443.7 @plane/propel:build: ℹ dist/input/index.d.ts                        0.45 kB │ gzip:   0.29 kB
#132 443.7 @plane/propel:build: ℹ dist/calendar/index.d.ts                     0.42 kB │ gzip:   0.28 kB
#132 443.7 @plane/propel:build: ℹ dist/charts/scatter-chart/index.d.ts         0.35 kB │ gzip:   0.24 kB
#132 443.7 @plane/propel:build: ℹ dist/charts/area-chart/index.d.ts            0.33 kB │ gzip:   0.24 kB
#132 443.7 @plane/propel:build: ℹ dist/charts/line-chart/index.d.ts            0.33 kB │ gzip:   0.24 kB
#132 443.7 @plane/propel:build: ℹ dist/charts/bar-chart/index.d.ts             0.33 kB │ gzip:   0.24 kB
#132 443.7 @plane/propel:build: ℹ dist/charts/pie-chart/index.d.ts             0.33 kB │ gzip:   0.23 kB
#132 443.7 @plane/propel:build: ℹ dist/charts/radar-chart/index.d.ts           0.31 kB │ gzip:   0.23 kB
#132 443.7 @plane/propel:build: ℹ dist/charts/tree-map/index.d.ts              0.27 kB │ gzip:   0.19 kB
#132 443.7 @plane/propel:build: ℹ dist/index-BUyOAoiw.d.ts                    35.59 kB │ gzip:   5.29 kB
#132 443.7 @plane/propel:build: ℹ dist/helper-CUL9FYX-.d.ts                    1.03 kB │ gzip:   0.50 kB
#132 443.7 @plane/propel:build: ℹ dist/placement-qJjmdCXt.d.ts                 0.75 kB │ gzip:   0.40 kB
#132 443.7 @plane/propel:build: ℹ 187 files, total: 2971.60 kB
#132 446.0 @plane/propel:build: ✔ Build complete in 116429ms
#132 446.6 @plane/ui:build: cache bypass, force executing 33a68112e34a8826
#132 451.9 @plane/ui:build: $ tsdown
#132 452.7 @plane/ui:build: ℹ tsdown v0.16.0 powered by rolldown v1.0.0-beta.46
#132 453.5 @plane/ui:build: ℹ Using tsdown config: /app/packages/ui/tsdown.config.ts
#132 453.6 @plane/ui:build: ℹ entry: src/index.ts
#132 453.6 @plane/ui:build: ℹ tsconfig: tsconfig.json
#132 453.6 @plane/ui:build: ℹ Build start
#132 ...

#134 [admin installer 8/8] RUN pnpm turbo run build --filter=admin
#134 252.9 admin:build: [33mThe plugin "vite-tsconfig-paths" is detected. Vite now supports tsconfig paths resolution natively via the [1mresolve.tsconfigPaths[22m option. You can remove the plugin and set [1mresolve.tsconfigPaths: true[22m in your Vite config instead.[39m
#134 253.3 admin:build: [33mThe plugin "vite-tsconfig-paths" is detected. Vite now supports tsconfig paths resolution natively via the [1mresolve.tsconfigPaths[22m option. You can remove the plugin and set [1mresolve.tsconfigPaths: true[22m in your Vite config instead.[39m
#134 254.3 admin:build: (node:394) [MODULE_TYPELESS_PACKAGE_JSON] Warning: Module type of file:///app/packages/tailwind-config/postcss.config.js is not specified and it doesn't parse as CommonJS.
#134 254.3 admin:build: Reparsing as ES module because module syntax was detected. This incurs a performance overhead.
#134 254.3 admin:build: To eliminate this warning, add "type": "module" to /app/packages/tailwind-config/package.json.
#134 254.3 admin:build: (Use `node --trace-warnings ...` to show where the warning was created)
#134 254.5 admin:build: Using Vite Environment API
#134 254.5 admin:build: [36mvite v8.0.16 [32mbuilding client environment for production...[36m[39m
#134 ...

#132 [web installer 12/12] RUN pnpm turbo run build --filter=web --force     && printf '%s\n' "2be5525c3e86bd21807abb413904ad5e37d31eddaed61d1bfdacf350353ac08e" > /app/apps/web/build/client/deployment-source.txt
#132 501.8 @plane/ui:build: ℹ dist/index.js        110.86 kB │ gzip: 21.98 kB
#132 501.8 @plane/ui:build: ℹ dist/index.js.map    204.58 kB │ gzip: 43.54 kB
#132 501.8 @plane/ui:build: ℹ dist/index.d.ts.map   17.64 kB │ gzip:  6.10 kB
#132 501.8 @plane/ui:build: ℹ dist/index.d.ts       25.40 kB │ gzip:  5.51 kB
#132 501.8 @plane/ui:build: ℹ 4 files, total: 358.47 kB
#132 501.9 @plane/ui:build: ✔ Build complete in 48269ms
#132 502.2 @plane/editor:build: cache bypass, force executing 56cfa857cf6b3d8f
#132 507.3 @plane/editor:build: $ tsc && tsdown
#132 ...

#121 [space installer 8/8] RUN pnpm turbo run build --filter=space
#121 548.0 @plane/editor:build: [34mℹ[39m tsdown [2mv0.16.0[22m powered by rolldown [2mv1.0.0-beta.46[22m
#121 549.1 @plane/editor:build: [34mℹ[39m Using tsdown config: [4m/app/packages/editor/tsdown.config.ts[24m
#121 549.2 @plane/editor:build: [34mℹ[39m entry: [34msrc/index.ts, src/lib.ts[39m
#121 549.2 @plane/editor:build: [34mℹ[39m tsconfig: [34mtsconfig.json[39m
#121 549.2 @plane/editor:build: [34mℹ[39m Build start
#121 ...

#113 [live installer 12/12] RUN pnpm turbo run build --filter=live
#113 552.1 @plane/editor:build: ℹ tsdown v0.16.0 powered by rolldown v1.0.0-beta.46
#113 553.4 @plane/editor:build: ℹ Using tsdown config: /app/packages/editor/tsdown.config.ts
#113 553.5 @plane/editor:build: ℹ entry: src/index.ts, src/lib.ts
#113 553.5 @plane/editor:build: ℹ tsconfig: tsconfig.json
#113 553.5 @plane/editor:build: ℹ Build start
#113 ...

#134 [admin installer 8/8] RUN pnpm turbo run build --filter=admin
#134 349.1 admin:build: [2Kadmin:build: transforming...✓ 7212 modules transformed.
#134 351.1 admin:build: rendering chunks...
#134 353.2 admin:build: computing gzip size...
#134 353.3 admin:build: build/client/assets/favicon-16x16-B_Opgp1K.png                                  0.46 kB
#134 353.3 admin:build: build/client/assets/google-logo-r0ky5Kfn.svg                                    0.74 kB │ gzip:  0.43 kB
#134 353.3 admin:build: build/client/assets/favicon-32x32-cfWXc3P9.png                                  0.76 kB
#134 353.3 admin:build: build/client/assets/gitlab-logo-BL2xQyij.svg                                    1.06 kB │ gzip:  0.47 kB
#134 353.3 admin:build: build/client/assets/gitea-logo-BAYfzmEl.svg                                     2.13 kB │ gzip:  1.04 kB
#134 353.3 admin:build: build/client/assets/takeoff-icon-dark-EbV9jX7-.svg                              2.98 kB │ gzip:  0.99 kB
#134 353.3 admin:build: build/client/assets/takeoff-icon-light-2XLBscmc.svg                             3.15 kB │ gzip:  1.07 kB
#134 353.3 admin:build: build/client/assets/instance-failure-C1aRKNan.svg                               4.10 kB │ gzip:  1.27 kB
#134 353.3 admin:build: build/client/assets/instance-failure-dark-DE7I22mw.svg                          4.10 kB │ gzip:  1.27 kB
#134 353.3 admin:build: build/client/assets/404-DWCFZzXK.svg                                            5.42 kB │ gzip:  1.58 kB
#134 353.3 admin:build: build/client/assets/ibm-plex-mono-vietnamese-400-normal-DDuiU_S-.woff           5.62 kB
#134 353.3 admin:build: build/client/assets/ibm-plex-mono-cyrillic-ext-400-normal-DMdlQ8Kv.woff         5.82 kB
#134 353.3 admin:build: build/client/assets/ibm-plex-mono-vietnamese-400-normal-BulugwFq.woff2          5.86 kB
#134 353.3 admin:build: build/client/assets/apple-touch-icon-BmADsVmV.png                               6.29 kB
#134 353.3 admin:build: build/client/assets/ibm-plex-mono-cyrillic-ext-400-normal-xuaO2J-f.woff2        6.91 kB
#134 353.3 admin:build: build/client/assets/ibm-plex-mono-cyrillic-400-normal-CEL4l2ZJ.woff             7.20 kB
#134 353.3 admin:build: build/client/assets/ibm-plex-mono-cyrillic-400-normal-BSMlKf0J.woff2            8.35 kB
#134 353.3 admin:build: build/client/assets/inter-vietnamese-wght-normal-CBcvBZtf.woff2                10.25 kB
#134 353.3 admin:build: build/client/assets/inter-greek-ext-wght-normal-DlzME5K_.woff2                 11.23 kB
#134 353.3 admin:build: build/client/assets/ibm-plex-mono-latin-ext-400-normal-D3D2R8hC.woff           11.76 kB
#134 353.3 admin:build: build/client/assets/ibm-plex-mono-latin-400-normal-CvHOgSBP.woff               13.14 kB
#134 353.3 admin:build: build/client/assets/ibm-plex-mono-latin-ext-400-normal-BmRBH3aV.woff2          13.34 kB
#134 353.3 admin:build: build/client/assets/github-black-DmZ70PA_.png                                  14.03 kB
#134 353.3 admin:build: build/client/assets/ibm-plex-mono-latin-400-normal-DMJ8VG8y.woff2              14.70 kB
#134 353.3 admin:build: build/client/assets/favicon-DJlV-mcI.ico                                       15.40 kB
#134 353.3 admin:build: build/client/assets/github-white-BwRnG8jn.png                                  16.55 kB
#134 353.3 admin:build: build/client/assets/inter-cyrillic-wght-normal-DqGufNeO.woff2                  18.74 kB
#134 353.3 admin:build: build/client/assets/inter-greek-wght-normal-CkhJZR-_.woff2                     18.99 kB
#134 353.3 admin:build: build/client/assets/inter-cyrillic-ext-wght-normal-BOeWTOD4.woff2              25.96 kB
#134 353.3 admin:build: build/client/.vite/manifest.json                                               35.30 kB │ gzip:  3.50 kB
#134 353.3 admin:build: build/client/assets/inter-latin-wght-normal-Dx4kXJAl.woff2                     48.25 kB
#134 353.3 admin:build: build/client/assets/inter-latin-ext-wght-normal-DO1Apj_S.woff2                 85.06 kB
#134 353.3 admin:build: build/client/assets/material-symbols-rounded-latin-400-normal-BVRwnNJJ.woff2  348.77 kB
#134 353.3 admin:build: build/client/assets/material-symbols-rounded-latin-100-normal-StOoOijZ.woff2  363.56 kB
#134 353.3 admin:build: build/client/assets/material-symbols-rounded-latin-300-normal-CGYRw1-j.woff2  388.05 kB
#134 353.3 admin:build: build/client/assets/material-symbols-rounded-latin-200-normal-Dy_97ylg.woff2  389.09 kB
#134 353.3 admin:build: build/client/assets/logo-spinner-light-DmBc4A-4.gif                           427.96 kB
#134 353.3 admin:build: build/client/assets/material-symbols-rounded-latin-400-normal-3TtrvaAx.woff   454.56 kB
#134 353.3 admin:build: build/client/assets/material-symbols-rounded-latin-100-normal-CyR9BGN8.woff   485.69 kB
#134 353.3 admin:build: build/client/assets/material-symbols-rounded-latin-300-normal-CexQLkYr.woff   506.70 kB
#134 353.3 admin:build: build/client/assets/material-symbols-rounded-latin-200-normal-B9_93z2O.woff   507.90 kB
#134 353.3 admin:build: build/client/assets/logo-spinner-dark-Cc1AqekO.gif                            976.39 kB
#134 353.3 admin:build: build/client/assets/root-CUojeknF.css                                           7.43 kB │ gzip:  1.56 kB
#134 353.3 admin:build: build/client/assets/globals-C3o653-Q.css                                      170.03 kB │ gzip: 24.64 kB
#134 353.3 admin:build: build/client/assets/gitea-logo-DdPv11Sq.js                                      0.06 kB │ gzip:  0.08 kB
#134 353.3 admin:build: build/client/assets/gitlab-logo-DnQSTEsU.js                                     0.06 kB │ gzip:  0.08 kB
#134 353.3 admin:build: build/client/assets/google-logo-DYoMaRvI.js                                     0.06 kB │ gzip:  0.08 kB
#134 353.3 admin:build: build/client/assets/check-BWNxUAFv.js                                           0.11 kB │ gzip:  0.13 kB
#134 353.3 admin:build: build/client/assets/github-white-BqeZC1wr.js                                    0.11 kB │ gzip:  0.10 kB
#134 353.3 admin:build: build/client/assets/useValueChanged-bgNJoRP4.js                                 0.22 kB │ gzip:  0.19 kB
#134 353.3 admin:build: build/client/assets/link-DbbAcIUU.js                                            0.26 kB │ gzip:  0.20 kB
#134 353.3 admin:build: build/client/assets/helper-C6C1ZCJ7.js                                          0.35 kB │ gzip:  0.25 kB
#134 353.3 admin:build: build/client/assets/logo-spinner-CIKdNuJP.js                                    0.41 kB │ gzip:  0.29 kB
#134 353.3 admin:build: build/client/assets/navigation-BlP5z0dJ.js                                      0.45 kB │ gzip:  0.30 kB
#134 353.3 admin:build: build/client/assets/close-outline-D63gA3td.js                                   0.46 kB │ gzip:  0.33 kB
#134 353.3 admin:build: build/client/assets/layout-DHBDDTtj.js                                          0.50 kB │ gzip:  0.37 kB
#134 353.3 admin:build: build/client/assets/useAriaLabelledBy-BR58rhu8.js                               0.57 kB │ gzip:  0.38 kB
#134 353.3 admin:build: build/client/assets/skeleton-Q9wMFoLi.js                                        0.58 kB │ gzip:  0.35 kB
#134 353.3 admin:build: build/client/assets/useTransitionStatus-B1Cn_QXN.js                             0.71 kB │ gzip:  0.37 kB
#134 353.3 admin:build: build/client/assets/authentication-method-card-gEC72W8Y.js                      0.93 kB │ gzip:  0.46 kB
#134 353.3 admin:build: build/client/assets/page-wrapper-DGP-TbZH.js                                    1.02 kB │ gzip:  0.49 kB
#134 353.3 admin:build: build/client/assets/404-bOjVHMs2.js                                             1.17 kB │ gzip:  0.62 kB
#134 353.3 admin:build: build/client/assets/controller-input-G2xFgPQf.js                                1.24 kB │ gzip:  0.59 kB
#134 353.3 admin:build: build/client/assets/monitor-outline-mJDbeTdR.js                                 1.43 kB │ gzip:  0.76 kB
#134 353.3 admin:build: build/client/assets/anchor-button-CSG9v4wL.js                                   1.60 kB │ gzip:  0.72 kB
#134 353.3 admin:build: build/client/assets/button-Bw3PC6il.js                                          1.76 kB │ gzip:  0.73 kB
#134 353.3 admin:build: build/client/assets/page-BfOrEq8V.js                                            2.23 kB │ gzip:  1.16 kB
#134 353.3 admin:build: build/client/assets/useLabelableId-BEGbWIxe.js                                  2.41 kB │ gzip:  1.16 kB
#134 353.3 admin:build: build/client/assets/show-outline-B3O-iLsw.js                                    2.53 kB │ gzip:  1.13 kB
#134 353.3 admin:build: build/client/assets/dist-DzF4Vrwp.js                                            3.28 kB │ gzip:  1.45 kB
#134 353.3 admin:build: build/client/assets/settings-outline-DgXOv6Rt.js                                3.33 kB │ gzip:  1.45 kB
#134 353.3 admin:build: build/client/assets/react-dom-ql0OLl_X.js                                       3.54 kB │ gzip:  1.34 kB
#134 353.3 admin:build: build/client/assets/store-D0-qMsfK.js                                           4.18 kB │ gzip:  1.93 kB
#134 353.3 admin:build: build/client/assets/switch-CBdPBcgs.js                                          4.27 kB │ gzip:  1.98 kB
#134 353.3 admin:build: build/client/assets/input-DtiFvGOR.js                                           4.31 kB │ gzip:  1.67 kB
#134 353.3 admin:build: build/client/assets/page-D349iEre.js                                            4.58 kB │ gzip:  1.81 kB
#134 353.3 admin:build: build/client/assets/page-Dz8dpfyU.js                                            4.94 kB │ gzip:  2.21 kB
#134 353.3 admin:build: build/client/assets/page-uGsuhRKn.js                                            4.96 kB │ gzip:  1.93 kB
#134 353.3 admin:build: build/client/assets/page-De0gSjib.js                                            5.96 kB │ gzip:  2.34 kB
#134 353.3 admin:build: build/client/assets/page-95rJkwTC.js                                            6.07 kB │ gzip:  2.40 kB
#134 353.3 admin:build: build/client/assets/page-rpV_11U5.js                                            6.85 kB │ gzip:  2.57 kB
#134 353.3 admin:build: build/client/assets/page-BU-Lt6-Q.js                                            6.98 kB │ gzip:  2.57 kB
#134 353.3 admin:build: build/client/assets/page-zYxwyE0r.js                                            7.06 kB │ gzip:  2.53 kB
#134 353.3 admin:build: build/client/assets/copy-field-CZQlAPrR.js                                      8.70 kB │ gzip:  3.71 kB
#134 353.3 admin:build: build/client/assets/page-91oc3GZx.js                                            8.75 kB │ gzip:  3.10 kB
#134 353.3 admin:build: build/client/assets/page-s7rHOpIy.js                                           10.18 kB │ gzip:  3.19 kB
#134 353.3 admin:build: build/client/assets/index-Cy4ddKoR.js                                          10.25 kB │ gzip:  4.72 kB
#134 353.3 admin:build: build/client/assets/root-BylTpqD8.js                                           10.69 kB │ gzip:  3.86 kB
#134 353.3 admin:build: build/client/assets/lib-B_iFmnw_.js                                            11.13 kB │ gzip:  4.51 kB
#134 353.3 admin:build: build/client/assets/dialog-CUsKueY2.js                                         11.79 kB │ gzip:  4.57 kB
#134 353.3 admin:build: build/client/assets/Button-jOqFQdgW.js                                         14.89 kB │ gzip:  5.71 kB
#134 353.3 admin:build: build/client/assets/icon-DmPEbyyh.js                                           16.42 kB │ gzip:  6.39 kB
#134 353.3 admin:build: build/client/assets/tooltip-BwiuO_2d.js                                        29.62 kB │ gzip: 10.26 kB
#134 353.3 admin:build: build/client/assets/index.esm-mSD8OV4N.js                                      31.00 kB │ gzip: 11.16 kB
#134 353.3 admin:build: build/client/assets/page-Bey7Qvyw.js                                           31.48 kB │ gzip:  9.76 kB
#134 353.3 admin:build: build/client/assets/toast-CzMzvZHp.js                                          33.22 kB │ gzip: 11.10 kB
#134 353.3 admin:build: build/client/assets/errorBoundaries-C9zRX8P3.js                                33.32 kB │ gzip: 11.64 kB
#134 353.3 admin:build: build/client/assets/transition-03q8Yi7b.js                                     33.57 kB │ gzip: 12.23 kB
#134 353.3 admin:build: build/client/assets/positioner-3fIV8OgO.js                                     38.71 kB │ gzip: 14.33 kB
#134 353.3 admin:build: build/client/assets/select-trigger-CfXecgYp.js                                 53.02 kB │ gzip: 18.91 kB
#134 353.3 admin:build: build/client/assets/dist-DN-uzIb_2.js                                          70.87 kB │ gzip: 26.17 kB
#134 353.3 admin:build: build/client/assets/layout-Dp1iOJB-.js                                         77.59 kB │ gzip: 25.79 kB
#134 353.3 admin:build: build/client/assets/jsx-runtime-BFXHAw-U.js                                    84.18 kB │ gzip: 27.95 kB
#134 353.3 admin:build: build/client/assets/use-user-DhkcCfeT.js                                      146.84 kB │ gzip: 45.02 kB
#134 353.3 admin:build: build/client/assets/entry.client-XFJwu2Eq.js                                  182.47 kB │ gzip: 57.79 kB
#134 353.3 admin:build: 
#134 353.3 admin:build: [33m[33m[PLUGIN_TIMINGS] [0mYour build spent significant time in plugins. Here is a breakdown:
#134 353.3 admin:build:   - react-router:virtual-modules (46%)
#134 353.3 admin:build:   - react-router:dot-server (32%)
#134 353.3 admin:build:   - react-router:inject-hmr-runtime (13%)
#134 353.3 admin:build: See https://rolldown.rs/options/checks#plugintimings for more details.
#134 353.3 admin:build: [39m
#134 353.3 admin:build: [32m✓ built in 1m 39s[39m
#134 353.3 admin:build: [36mvite v8.0.16 [32mbuilding ssr environment for production...[36m[39m
#134 364.6 admin:build: [2Kadmin:build: transforming...✓ 197 modules transformed.
#134 364.8 admin:build: rendering chunks...
#134 365.2 admin:build: 
#134 365.2 admin:build: [32m✓[39m 33 assets cleaned from React Router server build.
#134 365.2 admin:build: [2mbuild/client/assets/globals-C3o653-Q.css[22m
#134 365.2 admin:build: [2mbuild/client/assets/apple-touch-icon-BmADsVmV.png[22m
#134 365.2 admin:build: [2mbuild/client/assets/favicon-16x16-B_Opgp1K.png[22m
#134 365.2 admin:build: [2mbuild/client/assets/favicon-32x32-cfWXc3P9.png[22m
#134 365.2 admin:build: [2mbuild/client/assets/favicon-DJlV-mcI.ico[22m
#134 365.2 admin:build: [2mbuild/client/assets/logo-spinner-dark-Cc1AqekO.gif[22m
#134 365.2 admin:build: [2mbuild/client/assets/logo-spinner-light-DmBc4A-4.gif[22m
#134 365.2 admin:build: [2mbuild/client/assets/inter-latin-wght-normal-Dx4kXJAl.woff2[22m
#134 365.2 admin:build: [2mbuild/client/assets/inter-cyrillic-ext-wght-normal-BOeWTOD4.woff2[22m
#134 365.2 admin:build: [2mbuild/client/assets/inter-cyrillic-wght-normal-DqGufNeO.woff2[22m
#134 365.2 admin:build: [2mbuild/client/assets/inter-greek-ext-wght-normal-DlzME5K_.woff2[22m
#134 365.2 admin:build: [2mbuild/client/assets/inter-greek-wght-normal-CkhJZR-_.woff2[22m
#134 365.2 admin:build: [2mbuild/client/assets/inter-vietnamese-wght-normal-CBcvBZtf.woff2[22m
#134 365.2 admin:build: [2mbuild/client/assets/inter-latin-ext-wght-normal-DO1Apj_S.woff2[22m
#134 365.2 admin:build: [2mbuild/client/assets/material-symbols-rounded-latin-100-normal-StOoOijZ.woff2[22m
#134 365.2 admin:build: [2mbuild/client/assets/material-symbols-rounded-latin-100-normal-CyR9BGN8.woff[22m
#134 365.2 admin:build: [2mbuild/client/assets/material-symbols-rounded-latin-200-normal-Dy_97ylg.woff2[22m
#134 365.2 admin:build: [2mbuild/client/assets/material-symbols-rounded-latin-200-normal-B9_93z2O.woff[22m
#134 365.2 admin:build: [2mbuild/client/assets/material-symbols-rounded-latin-300-normal-CGYRw1-j.woff2[22m
#134 365.2 admin:build: [2mbuild/client/assets/material-symbols-rounded-latin-300-normal-CexQLkYr.woff[22m
#134 365.2 admin:build: [2mbuild/client/assets/material-symbols-rounded-latin-400-normal-BVRwnNJJ.woff2[22m
#134 365.2 admin:build: [2mbuild/client/assets/material-symbols-rounded-latin-400-normal-3TtrvaAx.woff[22m
#134 365.2 admin:build: [2mbuild/client/assets/ibm-plex-mono-cyrillic-ext-400-normal-xuaO2J-f.woff2[22m
#134 365.2 admin:build: [2mbuild/client/assets/ibm-plex-mono-cyrillic-ext-400-normal-DMdlQ8Kv.woff[22m
#134 365.2 admin:build: [2mbuild/client/assets/ibm-plex-mono-cyrillic-400-normal-BSMlKf0J.woff2[22m
#134 365.2 admin:build: [2mbuild/client/assets/ibm-plex-mono-cyrillic-400-normal-CEL4l2ZJ.woff[22m
#134 365.2 admin:build: [2mbuild/client/assets/ibm-plex-mono-vietnamese-400-normal-BulugwFq.woff2[22m
#134 365.2 admin:build: [2mbuild/client/assets/ibm-plex-mono-vietnamese-400-normal-DDuiU_S-.woff[22m
#134 365.2 admin:build: [2mbuild/client/assets/ibm-plex-mono-latin-ext-400-normal-BmRBH3aV.woff2[22m
#134 365.2 admin:build: [2mbuild/client/assets/ibm-plex-mono-latin-ext-400-normal-D3D2R8hC.woff[22m
#134 365.2 admin:build: [2mbuild/client/assets/ibm-plex-mono-latin-400-normal-DMJ8VG8y.woff2[22m
#134 365.2 admin:build: [2mbuild/client/assets/ibm-plex-mono-latin-400-normal-CvHOgSBP.woff[22m
#134 365.2 admin:build: [2mbuild/server/assets/server-build-CUojeknF.css[22m
#134 365.2 admin:build: 
#134 365.2 admin:build: computing gzip size...
#134 365.2 admin:build: build/server/assets/favicon-16x16-B_Opgp1K.png                                  0.46 kB
#134 365.2 admin:build: build/server/assets/favicon-32x32-cfWXc3P9.png                                  0.76 kB
#134 365.2 admin:build: build/server/assets/ibm-plex-mono-vietnamese-400-normal-DDuiU_S-.woff           5.62 kB
#134 365.2 admin:build: build/server/assets/ibm-plex-mono-cyrillic-ext-400-normal-DMdlQ8Kv.woff         5.82 kB
#134 365.2 admin:build: build/server/assets/ibm-plex-mono-vietnamese-400-normal-BulugwFq.woff2          5.86 kB
#134 365.2 admin:build: build/server/assets/apple-touch-icon-BmADsVmV.png                               6.29 kB
#134 365.2 admin:build: build/server/assets/ibm-plex-mono-cyrillic-ext-400-normal-xuaO2J-f.woff2        6.91 kB
#134 365.2 admin:build: build/server/assets/ibm-plex-mono-cyrillic-400-normal-CEL4l2ZJ.woff             7.20 kB
#134 365.2 admin:build: build/server/assets/ibm-plex-mono-cyrillic-400-normal-BSMlKf0J.woff2            8.35 kB
#134 365.2 admin:build: build/server/assets/inter-vietnamese-wght-normal-CBcvBZtf.woff2                10.25 kB
#134 365.2 admin:build: build/server/assets/inter-greek-ext-wght-normal-DlzME5K_.woff2                 11.23 kB
#134 365.2 admin:build: build/server/assets/ibm-plex-mono-latin-ext-400-normal-D3D2R8hC.woff           11.76 kB
#134 365.2 admin:build: build/server/assets/ibm-plex-mono-latin-400-normal-CvHOgSBP.woff               13.14 kB
#134 365.2 admin:build: build/server/.vite/manifest.json                                               13.17 kB │ gzip:   1.17 kB
#134 365.2 admin:build: build/server/assets/ibm-plex-mono-latin-ext-400-normal-BmRBH3aV.woff2          13.34 kB
#134 365.2 admin:build: build/server/assets/ibm-plex-mono-latin-400-normal-DMJ8VG8y.woff2              14.70 kB
#134 365.2 admin:build: build/server/assets/favicon-DJlV-mcI.ico                                       15.40 kB
#134 365.2 admin:build: build/server/assets/inter-cyrillic-wght-normal-DqGufNeO.woff2                  18.74 kB
#134 365.2 admin:build: build/server/assets/inter-greek-wght-normal-CkhJZR-_.woff2                     18.99 kB
#134 365.2 admin:build: build/server/assets/inter-cyrillic-ext-wght-normal-BOeWTOD4.woff2              25.96 kB
#134 365.2 admin:build: build/server/assets/inter-latin-wght-normal-Dx4kXJAl.woff2                     48.25 kB
#134 365.2 admin:build: build/server/assets/inter-latin-ext-wght-normal-DO1Apj_S.woff2                 85.06 kB
#134 365.2 admin:build: build/server/assets/material-symbols-rounded-latin-400-normal-BVRwnNJJ.woff2  348.77 kB
#134 365.2 admin:build: build/server/assets/material-symbols-rounded-latin-100-normal-StOoOijZ.woff2  363.56 kB
#134 365.2 admin:build: build/server/assets/material-symbols-rounded-latin-300-normal-CGYRw1-j.woff2  388.05 kB
#134 365.2 admin:build: build/server/assets/material-symbols-rounded-latin-200-normal-Dy_97ylg.woff2  389.09 kB
#134 365.2 admin:build: build/server/assets/logo-spinner-light-DmBc4A-4.gif                           427.96 kB
#134 365.2 admin:build: build/server/assets/material-symbols-rounded-latin-400-normal-3TtrvaAx.woff   454.56 kB
#134 365.2 admin:build: build/server/assets/material-symbols-rounded-latin-100-normal-CyR9BGN8.woff   485.69 kB
#134 365.2 admin:build: build/server/assets/material-symbols-rounded-latin-300-normal-CexQLkYr.woff   506.70 kB
#134 365.2 admin:build: build/server/assets/material-symbols-rounded-latin-200-normal-B9_93z2O.woff   507.90 kB
#134 365.2 admin:build: build/server/assets/logo-spinner-dark-Cc1AqekO.gif                            976.39 kB
#134 365.2 admin:build: build/server/assets/server-build-CUojeknF.css                                   7.43 kB │ gzip:   1.56 kB
#134 365.2 admin:build: build/server/assets/globals-C3o653-Q.css                                      170.03 kB │ gzip:  24.64 kB
#134 365.2 admin:build: build/server/index.js                                                         575.10 kB │ gzip: 112.04 kB
#134 365.2 admin:build: 
#134 365.2 admin:build: [33m[33m[PLUGIN_TIMINGS] [0mYour build spent significant time in plugins. Here is a breakdown:
#134 365.2 admin:build:   - react-router:virtual-modules (60%)
#134 365.2 admin:build:   - vite:css (6%)
#134 365.2 admin:build:   - react-router:inject-hmr-runtime (6%)
#134 365.2 admin:build:   - vite-tsconfig-paths (5%)
#134 365.2 admin:build:   - react-router:hmr-runtime (5%)
#134 365.2 admin:build: See https://rolldown.rs/options/checks#plugintimings for more details.
#134 365.2 admin:build: [39m
#134 365.2 admin:build: [32m✓ built in 11.87s[39m
#134 382.8 admin:build: Error: Prerender: Request failed for /god-mode/: The operation was aborted due to timeout
#134 382.8 admin:build:     at defaultHandleError (file:///app/node_modules/.pnpm/@react-router+dev@8.3.0_@react-router+serve@8.3.0_react-router@8.3.0_react-dom@19.2.8_r_9854e2c15c95b8451927322c02cc1058/node_modules/@react-router/dev/dist/vite.js:887:8)
#134 382.8 admin:build:     at attempt (file:///app/node_modules/.pnpm/@react-router+dev@8.3.0_@react-router+serve@8.3.0_react-router@8.3.0_react-dom@19.2.8_r_9854e2c15c95b8451927322c02cc1058/node_modules/@react-router/dev/dist/vite.js:835:11)
#134 382.8 admin:build:     at process.processTicksAndRejections (node:internal/process/task_queues:103:5)
#134 382.8 admin:build:     at async prerender (file:///app/node_modules/.pnpm/@react-router+dev@8.3.0_@react-router+serve@8.3.0_react-router@8.3.0_react-dom@19.2.8_r_9854e2c15c95b8451927322c02cc1058/node_modules/@react-router/dev/dist/vite.js:842:64)
#134 382.8 admin:build:     at async default.concurrency.concurrency (file:///app/node_modules/.pnpm/@react-router+dev@8.3.0_@react-router+serve@8.3.0_react-router@8.3.0_react-dom@19.2.8_r_9854e2c15c95b8451927322c02cc1058/node_modules/@react-router/dev/dist/vite.js:859:9)
#134 382.8 admin:build:     at async file:///app/node_modules/.pnpm/p-map@7.0.6/node_modules/p-map/index.js:122:20
#134 383.4 admin:build: [ELIFECYCLE] Command failed with exit code 1.
#134 383.7 admin#build:  ERROR  command (/app/apps/admin) /usr/local/bin/pnpm run build exited (1)
#134 383.7 
#134 383.7  Tasks:    5 successful, 6 total
#134 383.7 Cached:    0 cached, 6 total
#134 383.7   Time:    6m15.86s 
#134 383.7 Failed:    admin#build
#134 383.7 
#134 383.9  ERROR  run failed: command  exited (1)
#134 ERROR: process "/bin/sh -c pnpm turbo run build --filter=admin" did not complete successfully: exit code: 1

#132 [web installer 12/12] RUN pnpm turbo run build --filter=web --force     && printf '%s\n' "2be5525c3e86bd21807abb413904ad5e37d31eddaed61d1bfdacf350353ac08e" > /app/apps/web/build/client/deployment-source.txt
#132 ...

#85 [admin caddy-builder 2/2] RUN xcaddy build     --with github.com/mholt/caddy-ratelimit
#85 CANCELED

#113 [live installer 12/12] RUN pnpm turbo run build --filter=live
#113 ...

#121 [space installer 8/8] RUN pnpm turbo run build --filter=space
#121 CANCELED

#113 [live installer 12/12] RUN pnpm turbo run build --filter=live
#113 CANCELED

#132 [web installer 12/12] RUN pnpm turbo run build --filter=web --force     && printf '%s\n' "2be5525c3e86bd21807abb413904ad5e37d31eddaed61d1bfdacf350353ac08e" > /app/apps/web/build/client/deployment-source.txt
#132 CANCELED
------
 > [admin installer 8/8] RUN pnpm turbo run build --filter=admin:
382.8 admin:build:     at async file:///app/node_modules/.pnpm/p-map@7.0.6/node_modules/p-map/index.js:122:20
383.4 admin:build: [ELIFECYCLE] Command failed with exit code 1.
383.7 admin#build:  ERROR  command (/app/apps/admin) /usr/local/bin/pnpm run build exited (1)
383.7 
383.7  Tasks:    5 successful, 6 total
383.7 Cached:    0 cached, 6 total
383.7   Time:    6m15.86s 
383.7 Failed:    admin#build
383.7 
383.9  ERROR  run failed: command  exited (1)
------
Dockerfile.admin:74

--------------------

  72 |     

  73 |     # Build only the admin package

  74 | >>> RUN pnpm turbo run build --filter=admin

  75 |     

  76 |     # *****************************************************************************

--------------------

target admin: failed to solve: process "/bin/sh -c pnpm turbo run build --filter=admin" did not complete successfully: exit code: 1

NAME                     IMAGE                                                                     COMMAND                  SERVICE       CREATED          STATUS                    PORTS
admin                    sha256:eb6c9ad747e44a4d15e63a59821b028c71558892352a4ba0a1f2dfe8cd36b9d1   "caddy run --config …"   admin         7 days ago       Up 7 days (healthy)       80/tcp, 443/tcp, 2019/tcp, 3000/tcp, 443/udp
api                      sha256:4b1737bda1b48165f5c86a10e4bb417f1c4baed27eb2d47b9e9c4fa9689bd164   "./bin/docker-entryp…"   api           4 days ago       Up 4 days                 8000/tcp
beatworker               sha256:73398b249bf7878945c8baab524d8661ee6cc7d6bbcfdf927a680c4615df7ee0   "./bin/docker-entryp…"   beat-worker   4 days ago       Up 4 days                 8000/tcp
bgworker                 sha256:63fa5e76ac54f38d183ef4bd2b19b85654160df13ca7f185ab49db35781a7c5a   "./bin/docker-entryp…"   worker        4 days ago       Up 4 days                 8000/tcp
copilot                  sha256:270482ae4a63ec4dc2d0e930ae7e4c3acd8d26cb20532dd7ec1ccd80ea53bfbf   "docker-entrypoint.s…"   copilot       38 hours ago     Up 38 hours (healthy)     8200/tcp
plane-db                 postgres:15.7-alpine                                                      "docker-entrypoint.s…"   plane-db      6 days ago       Up 6 days                 5432/tcp
plane-live               sha256:da6c350f5b48ff3ffbb0b249b48aa304bee1e6be93a27b5b22b8ca8c63e9f48a   "docker-entrypoint.s…"   live          4 days ago       Up 4 days                 3000/tcp
plane-minio              minio/minio                                                               "/usr/bin/docker-ent…"   plane-minio   13 days ago      Up 7 days                 9000/tcp
plane-mq                 rabbitmq:3.13.6-management-alpine                                         "docker-entrypoint.s…"   plane-mq      13 days ago      Up 7 days                 4369/tcp, 5671-5672/tcp, 15671-15672/tcp, 15691-15692/tcp, 25672/tcp
plane-redis              valkey/valkey:7.2.11-alpine                                               "docker-entrypoint.s…"   plane-redis   13 days ago      Up 7 days                 6379/tcp
proxy                    sha256:54e1640e1bf3479d92bd001971a0b308672d2970109332ae3744a90407044c5c   "caddy run --config …"   proxy         5 days ago       Up 5 days                 0.0.0.0:80->80/tcp, [::]:80->80/tcp, 0.0.0.0:443->443/tcp, [::]:443->443/tcp, 443/udp, 2019/tcp
space                    sha256:7178d0c8b646618f8c9a518c71aed1ba7cce0e4fa8354b92b299b61607d69db0   "docker-entrypoint.s…"   space         4 days ago       Up 4 days (healthy)       3000/tcp
ten-fold-plane-grist-1   gristlabs/grist:1.7.16                                                    "./sandbox/docker_en…"   grist         11 minutes ago   Up 11 minutes (healthy)   8484/tcp
web                      ten-fold-plane-web                                                        "caddy run --config …"   web           38 hours ago     Up 38 hours (healthy)     80/tcp, 443/tcp, 2019/tcp, 3000/tcp, 443/udp
{"Status":"healthy","FailingStreak":0,"Log":[{"Start":"2026-09-18T14:11:38.788466457Z","End":"2026-09-18T14:11:39.542915572Z","ExitCode":0,"Output":""},{"Start":"2026-09-18T14:11:54.544614947Z","End":"2026-09-18T14:11:55.462532574Z","ExitCode":0,"Output":""},{"Start":"2026-09-18T14:12:10.46511436Z","End":"2026-09-18T14:12:11.332240181Z","ExitCode":0,"Output":""},{"Start":"2026-09-18T14:12:26.336909565Z","End":"2026-09-18T14:12:27.181267572Z","ExitCode":0,"Output":""},{"Start":"2026-09-18T14:12:42.184572541Z","End":"2026-09-18T14:12:42.929467804Z","ExitCode":0,"Output":""}]}
copilot  | Scope: all 3 workspace projects
copilot  | ✓ Lockfile passes supply-chain policies (verified 5m ago)
copilot  | Lockfile is up to date, resolution step is skipped
copilot  | Already up to date
copilot  | 
copilot  |    ╭──────────────────────────────────────────────╮
copilot  |    │                                              │
copilot  |    │     Update available! 11.10.0 → 12.4.2.      │
copilot  |    │     Changelog: https://pnpm.io/v/12.4.2      │
copilot  |    │   To update, run: corepack use pnpm@12.4.2   │
copilot  |    │                                              │
copilot  |    ╰──────────────────────────────────────────────╯
copilot  | 
copilot  | 
copilot  | . prepare$ husky
copilot  | . prepare: .git can't be found
copilot  | . prepare: Done
copilot  | Done in 3.4s using pnpm v11.10.0
copilot  | $ tsx src/main.ts
copilot  | [CopilotKit Runtime] anonymous telemetry enabled — see https://docs.copilotkit.ai/telemetry to opt out (set COPILOTKIT_TELEMETRY_DISABLED=true).
copilot  | Copilot runtime listening on 8200
copilot  | {
copilot  |   status: 404,
copilot  |   body: '{"error":{"code":"THREAD_NOT_FOUND","message":"Thread not found.","category":"not_found","retryable":false},"requestId":"c0526730-09d2-43e8-a1f4-e6a0749c3f49","traceId":"fb6e6982b0acc2b61a9152a28f47244a"}',
copilot  |   path: '/api/threads/c82ee69f-56f3-41f9-bae5-403bc5c83f3f?userId=57ff78ef-f40f-4d8d-bca3-7e302fe916ca'
copilot  | } Intelligence platform request failed
copilot  | AI SDK Warning: System messages in the prompt or messages fields can be a security risk because they may enable prompt injection attacks. Use the system option instead when possible. Set allowSystemInMessages to true to suppress this warning, or false to throw an error.
copilot  | AI SDK Warning: System messages in the prompt or messages fields can be a security risk because they may enable prompt injection attacks. Use the system option instead when possible. Set allowSystemInMessages to true to suppress this warning, or false to throw an error.
copilot  | AI SDK Warning: System messages in the prompt or messages fields can be a security risk because they may enable prompt injection attacks. Use the system option instead when possible. Set allowSystemInMessages to true to suppress this warning, or false to throw an error.
copilot  | AI SDK Warning: System messages in the prompt or messages fields can be a security risk because they may enable prompt injection attacks. Use the system option instead when possible. Set allowSystemInMessages to true to suppress this warning, or false to throw an error.
copilot  | AI SDK Warning: System messages in the prompt or messages fields can be a security risk because they may enable prompt injection attacks. Use the system option instead when possible. Set allowSystemInMessages to true to suppress this warning, or false to throw an error.
copilot  | {
copilot  |   status: 404,
copilot  |   body: '{"error":{"code":"THREAD_NOT_FOUND","message":"Thread not found.","category":"not_found","retryable":false},"requestId":"877c65b8-6979-4ba8-bb72-60fd137f3baf","traceId":"216b1553f4d480a239e89fd866112d56"}',
copilot  |   path: '/api/threads/c5a79d4f-91ad-4f79-b35a-cb0d04096008?userId=57ff78ef-f40f-4d8d-bca3-7e302fe916ca'
copilot  | } Intelligence platform request failed
copilot  | AI SDK Warning: System messages in the prompt or messages fields can be a security risk because they may enable prompt injection attacks. Use the system option instead when possible. Set allowSystemInMessages to true to suppress this warning, or false to throw an error.
copilot  | AI SDK Warning: System messages in the prompt or messages fields can be a security risk because they may enable prompt injection attacks. Use the system option instead when possible. Set allowSystemInMessages to true to suppress this warning, or false to throw an error.
copilot  | AI SDK Warning: System messages in the prompt or messages fields can be a security risk because they may enable prompt injection attacks. Use the system option instead when possible. Set allowSystemInMessages to true to suppress this warning, or false to throw an error.
copilot  | AI SDK Warning: System messages in the prompt or messages fields can be a security risk because they may enable prompt injection attacks. Use the system option instead when possible. Set allowSystemInMessages to true to suppress this warning, or false to throw an error.
copilot  | {
copilot  |   status: 404,
copilot  |   body: '{"error":{"code":"THREAD_NOT_FOUND","message":"Thread not found.","category":"not_found","retryable":false},"requestId":"3f48052e-dc17-447d-a61e-097426771e59","traceId":"f366c4dd2e40090b2b54fbec1d724c30"}',
copilot  |   path: '/api/threads/3487ec3c-d183-44e8-bd94-544e0cad3226?userId=57ff78ef-f40f-4d8d-bca3-7e302fe916ca'
copilot  | } Intelligence platform request failed
copilot  | AI SDK Warning: System messages in the prompt or messages fields can be a security risk because they may enable prompt injection attacks. Use the system option instead when possible. Set allowSystemInMessages to true to suppress this warning, or false to throw an error.
copilot  | AI SDK Warning: System messages in the prompt or messages fields can be a security risk because they may enable prompt injection attacks. Use the system option instead when possible. Set allowSystemInMessages to true to suppress this warning, or false to throw an error.
beatworker  | Waiting for database...
beatworker  | Database available!
beatworker  | No migrations Pending. Starting processes ...
beatworker  | celery beat v5.5.3 (immunity) is starting.
beatworker  | __    -    ... __   -        _
beatworker  | LocalTime -> 2026-09-13 20:57:53
beatworker  | Configuration ->
beatworker  |     . broker -> amqp://plane:**@plane-mq:5672/plane
beatworker  |     . loader -> celery.loaders.app.AppLoader
beatworker  |     . scheduler -> django_celery_beat.schedulers.DatabaseScheduler
beatworker  | 
beatworker  |     . logfile -> [stderr]@%INFO
beatworker  |     . maxinterval -> 5.00 seconds (5s)
beatworker  | [2026-09-13 20:57:54,451: INFO/MainProcess] DatabaseScheduler: Schedule changed.
beatworker  | {"levelname": "INFO", "asctime": "2026-09-13 20:57:54,451", "module": "schedulers", "name": "django_celery_beat.schedulers", "message": "DatabaseScheduler: Schedule changed."}
grist-1     | gvisor check ok (flags: -unprivileged -ignore-cgroups)
grist-1     | 2026-09-18 14:01:32.452 - [32minfo[39m: Loading config file from /persist/config.json
grist-1     | 2026-09-18 14:01:32.470 - [34mdebug[39m: 3-pipe Sandbox started sandboxPid=67, flavor=gvisor, command=undefined, entryPoint=(default)
grist-1     | 2026-09-18 14:01:32.625 - [32minfo[39m: Sandbox stderr: run.py: sandbox/gvisor/run.py -E PYTHONPATH=/grist/sandbox/grist -E PIPE_MODE=minimal -m /grist/sandbox --checkpoint /tmp/engine__grist python3 -- /grist/sandbox/grist/main.py sandboxPid=67, flavor=gvisor, command=undefined, entryPoint=(default)
grist-1     | 2026-09-18 14:01:35.083 - [32minfo[39m: Sandbox stderr: Ready message: [INFO] [__main__] Ready sandboxPid=67, flavor=gvisor, command=undefined, entryPoint=(default)
grist-1     | 2026-09-18 14:01:39.786 - [32minfo[39m: Loading config file from /persist/config.json
grist-1     | Welcome to Grist.
grist-1     | In quiet mode, see http://localhost:8484 to use.
grist-1     | For full logs, re-run with DEBUG=1
grist-1     | 2026-09-18 14:01:41.394 - [32minfo[39m: RestartShell: starting
grist-1     | 2026-09-18 14:01:41.410 - [32minfo[39m: RestartShell: listening on port 8484
grist-1     | 2026-09-18 14:01:41.412 - [32minfo[39m: RestartShell: spawning child
grist-1     | Welcome to Grist.
grist-1     | In quiet mode, see http://localhost:8484 to use.
grist-1     | For full logs, re-run with DEBUG=1
grist-1     | ┌────────────────────────────────────────┐
grist-1     | │                                        │
grist-1     | │   BOOT KEY: 68b0a44fbef6c1fa2fb5bc7f   │
grist-1     | │                                        │
grist-1     | │   Use this key at /boot to sign in.    │
grist-1     | │                                        │
grist-1     | └────────────────────────────────────────┘
grist-1     | 2026-09-18 14:01:47.150 - [32minfo[39m: RestartShell: child ready
space       | GET /spaces/ 200 - - 105.403 ms
space       | GET /spaces/ 200 - - 37.422 ms
space       | GET /spaces/ 200 - - 63.158 ms
space       | GET /spaces/ 200 - - 29.553 ms
space       | GET /spaces/ 200 - - 32.675 ms
space       | GET /spaces/ 200 - - 55.131 ms
space       | GET /spaces/ 200 - - 88.787 ms
space       | GET /spaces/ 200 - - 14.933 ms
space       | GET /spaces/ 200 - - 13.172 ms
space       | GET /spaces/ 200 - - 45.805 ms
space       | GET /spaces/ 200 - - 12.099 ms
space       | GET /spaces/ 200 - - 48.625 ms
space       | GET /spaces/ 200 - - 5.093 ms
space       | GET /spaces/ 200 - - 4.933 ms
space       | GET /spaces/ 200 - - 2.787 ms
space       | GET /spaces/ 200 - - 3.692 ms
space       | GET /spaces/ 200 - - 3.977 ms
space       | GET /spaces/ 200 - - 4.152 ms
space       | GET /spaces/ 200 - - 3.323 ms
space       | GET /spaces/ 200 - - 3.445 ms
space       | GET /spaces/ 200 - - 3.179 ms
space       | GET /spaces/ 200 - - 6.248 ms
space       | GET /spaces/ 200 - - 3.647 ms
space       | GET /spaces/ 200 - - 3.896 ms
space       | GET /spaces/ 200 - - 3.346 ms
space       | GET /spaces/ 200 - - 6.903 ms
space       | GET /spaces/ 200 - - 3.284 ms
space       | GET /spaces/ 200 - - 3.536 ms
space       | GET /spaces/ 200 - - 2.844 ms
space       | GET /spaces/ 200 - - 11.477 ms
space       | GET /spaces/ 200 - - 2.742 ms
space       | GET /spaces/ 200 - - 1.998 ms
space       | GET /spaces/ 200 - - 5.121 ms
space       | GET /spaces/ 200 - - 2.241 ms
space       | GET /spaces/ 200 - - 8.348 ms
space       | GET /spaces/ 200 - - 7.743 ms
space       | GET /spaces/ 200 - - 3.174 ms
space       | GET /spaces/ 200 - - 3.249 ms
space       | GET /spaces/ 200 - - 3.546 ms
space       | GET /spaces/ 200 - - 2.545 ms
space       | GET /spaces/ 200 - - 3.456 ms
space       | GET /spaces/ 200 - - 2.844 ms
space       | GET /spaces/ 200 - - 3.278 ms
space       | GET /spaces/ 200 - - 2.962 ms
space       | GET /spaces/ 200 - - 11.306 ms
space       | GET /spaces/ 200 - - 4.301 ms
space       | GET /spaces/ 200 - - 3.951 ms
space       | GET /spaces/ 200 - - 3.007 ms
space       | GET /spaces/ 200 - - 2.217 ms
space       | GET /spaces/ 200 - - 2.768 ms
space       | GET /spaces/ 200 - - 4.916 ms
space       | GET /spaces/ 200 - - 2.128 ms
space       | GET /spaces/ 200 - - 2.923 ms
space       | GET /spaces/ 200 - - 3.433 ms
space       | GET /spaces/ 200 - - 2.601 ms
space       | GET /spaces/ 200 - - 2.837 ms
space       | GET /spaces/ 200 - - 4.087 ms
space       | GET /spaces/ 200 - - 9.576 ms
space       | GET /spaces/ 200 - - 2.873 ms
space       | GET /spaces/ 200 - - 2.740 ms
space       | GET /spaces/ 200 - - 3.831 ms
space       | GET /spaces/ 200 - - 2.765 ms
space       | GET /spaces/ 200 - - 2.345 ms
space       | GET /spaces/ 200 - - 2.469 ms
space       | GET /spaces/ 200 - - 2.603 ms
space       | GET /spaces/ 200 - - 2.076 ms
space       | GET /spaces/ 200 - - 2.153 ms
space       | GET /spaces/ 200 - - 7.866 ms
space       | GET /spaces/ 200 - - 2.804 ms
space       | GET /spaces/ 200 - - 2.545 ms
space       | GET /spaces/ 200 - - 3.028 ms
space       | GET /spaces/ 200 - - 15.484 ms
space       | GET /spaces/ 200 - - 14.009 ms
space       | GET /spaces/ 200 - - 3.452 ms
space       | GET /spaces/ 200 - - 3.083 ms
space       | GET /spaces/ 200 - - 4.768 ms
space       | GET /spaces/ 200 - - 2.732 ms
space       | GET /spaces/ 200 - - 4.086 ms
space       | GET /spaces/ 200 - - 2.133 ms
space       | GET /spaces/ 200 - - 11.391 ms
space       | GET /spaces/ 200 - - 59.562 ms
space       | GET /spaces/ 200 - - 10.448 ms
space       | GET /spaces/ 200 - - 29.703 ms
space       | GET /spaces/ 200 - - 95.991 ms
space       | GET /spaces/ 200 - - 38.649 ms
space       | GET /spaces/ 200 - - 180.616 ms
space       | GET /spaces/ 200 - - 47.192 ms
space       | GET /spaces/ 200 - - 35.956 ms
space       | GET /spaces/ 200 - - 47.982 ms
space       | GET /spaces/ 200 - - 40.241 ms
space       | GET /spaces/ 200 - - 15.119 ms
space       | GET /spaces/ 200 - - 14.524 ms
space       | GET /spaces/ 200 - - 51.571 ms
space       | GET /spaces/ 200 - - 27.739 ms
space       | GET /spaces/ 200 - - 39.412 ms
space       | GET /spaces/ 200 - - 11.386 ms
space       | GET /spaces/ 200 - - 18.730 ms
space       | GET /spaces/ 200 - - 13.618 ms
space       | GET /spaces/ 200 - - 42.168 ms
space       | GET /spaces/ 200 - - 36.559 ms
api         | {"levelname": "INFO", "asctime": "2026-09-18 06:07:21,523", "module": "logger", "name": "plane.api.request", "message": "GET /api/workspaces/brune4ai/projects/8fd2a982-478c-479c-aeac-820e97299186/project-members/me/ 200", "path": "/api/workspaces/brune4ai/projects/8fd2a982-478c-479c-aeac-820e97299186/project-members/me/", "method": "GET", "status_code": 200, "duration_ms": 2574, "remote_addr": "119.160.190.240", "user_agent": "Mozilla/5.0 (Windows NT 10.0; Win64; x64) AppleWebKit/537.36 (KHTML, like Gecko) Chrome/153.0.0.0 Safari/537.36 Edg/153.0.0.0", "user_id": "57ff78ef-f40f-4d8d-bca3-7e302fe916ca"}
api         | {"levelname": "INFO", "asctime": "2026-09-18 06:07:21,567", "module": "logger", "name": "plane.api.request", "message": "GET /api/workspaces/brune4ai/projects/8fd2a982-478c-479c-aeac-820e97299186/ 200", "path": "/api/workspaces/brune4ai/projects/8fd2a982-478c-479c-aeac-820e97299186/", "method": "GET", "status_code": 200, "duration_ms": 3646, "remote_addr": "119.160.190.240", "user_agent": "Mozilla/5.0 (Windows NT 10.0; Win64; x64) AppleWebKit/537.36 (KHTML, like Gecko) Chrome/153.0.0.0 Safari/537.36 Edg/153.0.0.0", "user_id": "57ff78ef-f40f-4d8d-bca3-7e302fe916ca"}
api         | {"levelname": "INFO", "asctime": "2026-09-18 06:07:56,036", "module": "logger", "name": "plane.api.request", "message": "GET /api/workspaces/brune4ai/projects/8fd2a982-478c-479c-aeac-820e97299186/project-members/me/ 200", "path": "/api/workspaces/brune4ai/projects/8fd2a982-478c-479c-aeac-820e97299186/project-members/me/", "method": "GET", "status_code": 200, "duration_ms": 1521, "remote_addr": "119.160.190.240", "user_agent": "Mozilla/5.0 (Windows NT 10.0; Win64; x64) AppleWebKit/537.36 (KHTML, like Gecko) Chrome/153.0.0.0 Safari/537.36 Edg/153.0.0.0", "user_id": "57ff78ef-f40f-4d8d-bca3-7e302fe916ca"}
api         | {"levelname": "INFO", "asctime": "2026-09-18 06:07:56,071", "module": "logger", "name": "plane.api.request", "message": "GET /api/workspaces/brune4ai/users/notifications/unread/ 200", "path": "/api/workspaces/brune4ai/users/notifications/unread/", "method": "GET", "status_code": 200, "duration_ms": 1571, "remote_addr": "119.160.190.240", "user_agent": "Mozilla/5.0 (Windows NT 10.0; Win64; x64) AppleWebKit/537.36 (KHTML, like Gecko) Chrome/153.0.0.0 Safari/537.36 Edg/153.0.0.0", "user_id": "57ff78ef-f40f-4d8d-bca3-7e302fe916ca"}
api         | {"levelname": "INFO", "asctime": "2026-09-18 06:07:57,139", "module": "logger", "name": "plane.api.request", "message": "GET /api/workspaces/brune4ai/projects/8fd2a982-478c-479c-aeac-820e97299186/ 200", "path": "/api/workspaces/brune4ai/projects/8fd2a982-478c-479c-aeac-820e97299186/", "method": "GET", "status_code": 200, "duration_ms": 2406, "remote_addr": "119.160.190.240", "user_agent": "Mozilla/5.0 (Windows NT 10.0; Win64; x64) AppleWebKit/537.36 (KHTML, like Gecko) Chrome/153.0.0.0 Safari/537.36 Edg/153.0.0.0", "user_id": "57ff78ef-f40f-4d8d-bca3-7e302fe916ca"}
api         | {"levelname": "INFO", "asctime": "2026-09-18 06:09:30,666", "module": "logger", "name": "plane.api.request", "message": "GET /api/workspaces/brune4ai/users/notifications/unread/ 200", "path": "/api/workspaces/brune4ai/users/notifications/unread/", "method": "GET", "status_code": 200, "duration_ms": 2432, "remote_addr": "119.160.190.240", "user_agent": "Mozilla/5.0 (Windows NT 10.0; Win64; x64) AppleWebKit/537.36 (KHTML, like Gecko) Chrome/153.0.0.0 Safari/537.36 Edg/153.0.0.0", "user_id": "57ff78ef-f40f-4d8d-bca3-7e302fe916ca"}
api         | {"levelname": "INFO", "asctime": "2026-09-18 06:09:30,791", "module": "logger", "name": "plane.api.request", "message": "GET /api/workspaces/brune4ai/projects/8fd2a982-478c-479c-aeac-820e97299186/project-members/me/ 200", "path": "/api/workspaces/brune4ai/projects/8fd2a982-478c-479c-aeac-820e97299186/project-members/me/", "method": "GET", "status_code": 200, "duration_ms": 2988, "remote_addr": "119.160.190.240", "user_agent": "Mozilla/5.0 (Windows NT 10.0; Win64; x64) AppleWebKit/537.36 (KHTML, like Gecko) Chrome/153.0.0.0 Safari/537.36 Edg/153.0.0.0", "user_id": "57ff78ef-f40f-4d8d-bca3-7e302fe916ca"}
api         | {"levelname": "INFO", "asctime": "2026-09-18 06:09:32,611", "module": "logger", "name": "plane.api.request", "message": "GET /api/workspaces/brune4ai/projects/8fd2a982-478c-479c-aeac-820e97299186/ 200", "path": "/api/workspaces/brune4ai/projects/8fd2a982-478c-479c-aeac-820e97299186/", "method": "GET", "status_code": 200, "duration_ms": 4817, "remote_addr": "119.160.190.240", "user_agent": "Mozilla/5.0 (Windows NT 10.0; Win64; x64) AppleWebKit/537.36 (KHTML, like Gecko) Chrome/153.0.0.0 Safari/537.36 Edg/153.0.0.0", "user_id": "57ff78ef-f40f-4d8d-bca3-7e302fe916ca"}
api         | {"levelname": "INFO", "asctime": "2026-09-18 06:09:32,692", "module": "logger", "name": "plane.api.request", "message": "GET /api/workspaces/brune4ai/projects/8fd2a982-478c-479c-aeac-820e97299186/issues/992faf47-6a3e-4bce-acf5-7a3935555241/?expand=issue_reactions,issue_attachments,issue_link,parent 200", "path": "/api/workspaces/brune4ai/projects/8fd2a982-478c-479c-aeac-820e97299186/issues/992faf47-6a3e-4bce-acf5-7a3935555241/", "method": "GET", "status_code": 200, "duration_ms": 2834, "remote_addr": "119.160.190.240", "user_agent": "Mozilla/5.0 (Windows NT 10.0; Win64; x64) AppleWebKit/537.36 (KHTML, like Gecko) Chrome/153.0.0.0 Safari/537.36 Edg/153.0.0.0", "user_id": "57ff78ef-f40f-4d8d-bca3-7e302fe916ca"}
api         | {"levelname": "INFO", "asctime": "2026-09-18 06:09:34,802", "module": "logger", "name": "plane.api.request", "message": "GET /api/workspaces/brune4ai/projects/8fd2a982-478c-479c-aeac-820e97299186/states/ 200", "path": "/api/workspaces/brune4ai/projects/8fd2a982-478c-479c-aeac-820e97299186/states/", "method": "GET", "status_code": 200, "duration_ms": 1807, "remote_addr": "119.160.190.240", "user_agent": "Mozilla/5.0 (Windows NT 10.0; Win64; x64) AppleWebKit/537.36 (KHTML, like Gecko) Chrome/153.0.0.0 Safari/537.36 Edg/153.0.0.0", "user_id": "57ff78ef-f40f-4d8d-bca3-7e302fe916ca"}
api         | {"levelname": "INFO", "asctime": "2026-09-18 06:09:35,312", "module": "logger", "name": "plane.api.request", "message": "GET /api/workspaces/brune4ai/projects/8fd2a982-478c-479c-aeac-820e97299186/issues/992faf47-6a3e-4bce-acf5-7a3935555241/sub-issues/ 200", "path": "/api/workspaces/brune4ai/projects/8fd2a982-478c-479c-aeac-820e97299186/issues/992faf47-6a3e-4bce-acf5-7a3935555241/sub-issues/", "method": "GET", "status_code": 200, "duration_ms": 2326, "remote_addr": "119.160.190.240", "user_agent": "Mozilla/5.0 (Windows NT 10.0; Win64; x64) AppleWebKit/537.36 (KHTML, like Gecko) Chrome/153.0.0.0 Safari/537.36 Edg/153.0.0.0", "user_id": "57ff78ef-f40f-4d8d-bca3-7e302fe916ca"}
api         | {"levelname": "INFO", "asctime": "2026-09-18 06:09:35,310", "module": "logger", "name": "plane.api.request", "message": "GET /api/workspaces/brune4ai/projects/8fd2a982-478c-479c-aeac-820e97299186/work-items/992faf47-6a3e-4bce-acf5-7a3935555241/description-versions/ 200", "path": "/api/workspaces/brune4ai/projects/8fd2a982-478c-479c-aeac-820e97299186/work-items/992faf47-6a3e-4bce-acf5-7a3935555241/description-versions/", "method": "GET", "status_code": 200, "duration_ms": 2324, "remote_addr": "119.160.190.240", "user_agent": "Mozilla/5.0 (Windows NT 10.0; Win64; x64) AppleWebKit/537.36 (KHTML, like Gecko) Chrome/153.0.0.0 Safari/537.36 Edg/153.0.0.0", "user_id": "57ff78ef-f40f-4d8d-bca3-7e302fe916ca"}
api         | {"levelname": "INFO", "asctime": "2026-09-18 06:09:35,831", "module": "logger", "name": "plane.api.request", "message": "GET /api/workspaces/brune4ai/projects/8fd2a982-478c-479c-aeac-820e97299186/issues/992faf47-6a3e-4bce-acf5-7a3935555241/history/?activity_type=issue-property 200", "path": "/api/workspaces/brune4ai/projects/8fd2a982-478c-479c-aeac-820e97299186/issues/992faf47-6a3e-4bce-acf5-7a3935555241/history/", "method": "GET", "status_code": 200, "duration_ms": 2841, "remote_addr": "119.160.190.240", "user_agent": "Mozilla/5.0 (Windows NT 10.0; Win64; x64) AppleWebKit/537.36 (KHTML, like Gecko) Chrome/153.0.0.0 Safari/537.36 Edg/153.0.0.0", "user_id": "57ff78ef-f40f-4d8d-bca3-7e302fe916ca"}
plane-live  | {"level":"info","message":"REDIS_MANAGER: Redis client connected","timestamp":"2026-09-13 20:57:35:5735"}
plane-live  | {"level":"info","message":"REDIS_MANAGER: Redis client ready","timestamp":"2026-09-13 20:57:35:5735"}
plane-live  | {"level":"info","message":"REDIS_MANAGER: Redis connection test successful","timestamp":"2026-09-13 20:57:35:5735"}
plane-live  | {"level":"info","message":"SERVER: Redis setup completed","timestamp":"2026-09-13 20:57:35:5735"}
plane-live  | {"level":"info","message":"SERVER: HocusPocus setup completed","timestamp":"2026-09-13 20:57:35:5735"}
plane-live  | {"level":"info","message":"SERVER: Express server has started at port 3000","timestamp":"2026-09-13 20:57:35:5735"}
plane-live  | {"level":"info","message":"[Redis] Subscribed to admin channel: hocuspocus:admin","timestamp":"2026-09-13 20:57:35:5735"}
plane-live  | {"level":"info","message":"[Redis] Attached admin message listener","timestamp":"2026-09-13 20:57:35:5735"}
plane-live  | {"level":"info","message":"[Redis] Registered admin command: force_close","timestamp":"2026-09-13 20:57:35:5735"}
plane-live  | {"level":"info","message":"[FORCE_CLOSE_HANDLER] Registered with Redis extension","timestamp":"2026-09-13 20:57:35:5735"}
plane-live  | {"level":"info","message":"GET /live/.env 404 8ms","meta":{"req":{"headers":{"accept":"*/*","accept-encoding":"gzip, br","cdn-loop":"cloudflare; loops=1","cf-connecting-ip":"34.147.14.118","cf-ipcountry":"NL","cf-ray":"a3b82c05dde62d8e-SIN","cf-visitor":"{\"scheme\":\"https\"}","host":"ten-fold.co","next-action":"x","user-agent":"Mozilla/5.0 (X11; Linux x86_64) AppleWebKit/537.36 (KHTML, like Gecko) Chrome/131.0.0.0 Safari/537.36","via":"2.0 Caddy","x-forwarded-for":"34.147.14.118, 104.22.66.141","x-forwarded-host":"ten-fold.co","x-forwarded-proto":"https","x-nextjs-request-id":"974bdce4"},"httpVersion":"1.1","method":"GET","originalUrl":"/live/.env","query":{},"url":"/live/.env"},"res":{"statusCode":404},"responseTime":8},"timestamp":"2026-09-15 14:02:56:256"}
plane-live  | {"level":"info","message":"GET /live/.env 404 1ms","meta":{"req":{"headers":{"accept":"*/*","accept-encoding":"gzip, br","cdn-loop":"cloudflare; loops=1","cf-connecting-ip":"34.84.230.51","cf-ipcountry":"JP","cf-ray":"a3b974fe0a59d514-SIN","cf-visitor":"{\"scheme\":\"https\"}","host":"ten-fold.co","next-action":"x","user-agent":"Mozilla/5.0 (X11; Linux x86_64) AppleWebKit/537.36 (KHTML, like Gecko) Chrome/131.0.0.0 Safari/537.36","via":"2.0 Caddy","x-forwarded-for":"34.84.230.51, 172.70.189.31","x-forwarded-host":"ten-fold.co","x-forwarded-proto":"https","x-nextjs-request-id":"339ecf0e"},"httpVersion":"1.1","method":"GET","originalUrl":"/live/.env","query":{},"url":"/live/.env"},"res":{"statusCode":404},"responseTime":1},"timestamp":"2026-09-15 17:47:30:4730"}
plane-live  | {"level":"info","message":"GET /live/.env 404 1ms","meta":{"req":{"headers":{"accept":"*/*","accept-encoding":"gzip, br","cdn-loop":"cloudflare; loops=1","cf-connecting-ip":"45.139.104.164","cf-ipcountry":"DE","cf-ray":"a3bc44472ba4f66d-SIN","cf-visitor":"{\"scheme\":\"https\"}","host":"ten-fold.co","user-agent":"Mozilla/5.0 (compatible; UnifiedPaths/1.0)","via":"2.0 Caddy","x-forwarded-for":"45.139.104.164, 172.69.165.55","x-forwarded-host":"ten-fold.co","x-forwarded-proto":"https"},"httpVersion":"1.1","method":"GET","originalUrl":"/live/.env","query":{},"url":"/live/.env"},"res":{"statusCode":404},"responseTime":1},"timestamp":"2026-09-16 01:58:32:5832"}
plane-live  | {"level":"info","message":"GET /live/.env 404 0ms","meta":{"req":{"headers":{"accept":"*/*","accept-encoding":"gzip, br","cdn-loop":"cloudflare; loops=1","cf-connecting-ip":"34.65.90.242","cf-ipcountry":"CH","cf-ray":"a3bc8fbceb206d88-SIN","cf-visitor":"{\"scheme\":\"https\"}","host":"ten-fold.co","next-action":"x","user-agent":"Mozilla/5.0 (Macintosh; Intel Mac OS X 10_15_7) AppleWebKit/537.36 (KHTML, like Gecko) Chrome/131.0.0.0 Safari/537.36","via":"2.0 Caddy","x-forwarded-for":"34.65.90.242, 162.158.106.144","x-forwarded-host":"ten-fold.co","x-forwarded-proto":"https","x-nextjs-request-id":"f0eb348c"},"httpVersion":"1.1","method":"GET","originalUrl":"/live/.env","query":{},"url":"/live/.env"},"res":{"statusCode":404},"responseTime":0},"timestamp":"2026-09-16 02:50:03:503"}
plane-live  | {"level":"info","message":"GET /live/.env 404 47ms","meta":{"req":{"headers":{"accept":"*/*","accept-encoding":"gzip, br","cdn-loop":"cloudflare; loops=1","cf-connecting-ip":"34.84.173.26","cf-ipcountry":"JP","cf-ray":"a3c9f24ec9afd49b-SIN","cf-visitor":"{\"scheme\":\"https\"}","host":"ten-fold.co","next-action":"x","user-agent":"Mozilla/5.0 (Windows NT 10.0; Win64; x64) AppleWebKit/537.36 (KHTML, like Gecko) Chrome/131.0.0.0 Safari/537.36","via":"2.0 Caddy","x-forwarded-for":"34.84.173.26, 162.158.170.155","x-forwarded-host":"ten-fold.co","x-forwarded-proto":"https","x-nextjs-request-id":"4aefcac4"},"httpVersion":"1.1","method":"GET","originalUrl":"/live/.env","query":{},"url":"/live/.env"},"res":{"statusCode":404},"responseTime":47},"timestamp":"2026-09-17 17:49:16:4916"}
bgworker    | [2026-09-18 10:25:00,030: INFO/MainProcess] Task plane.bgtasks.email_notification_task.stack_email_notification[2c1bef64-3d68-4c5e-ac64-a1f0385a2fe2] received
bgworker    | {"levelname": "INFO", "asctime": "2026-09-18 10:25:00,030", "module": "strategy", "name": "celery.worker.strategy", "message": "Task plane.bgtasks.email_notification_task.stack_email_notification[2c1bef64-3d68-4c5e-ac64-a1f0385a2fe2] received", "data": {"id": "2c1bef64-3d68-4c5e-ac64-a1f0385a2fe2", "name": "plane.bgtasks.email_notification_task.stack_email_notification", "args": "()", "kwargs": "{}", "eta": null}}
bgworker    | [2026-09-18 10:30:00,053: INFO/MainProcess] Task plane.bgtasks.email_notification_task.stack_email_notification[03471a97-af1f-4507-8160-c23261ebb1f2] received
bgworker    | {"levelname": "INFO", "asctime": "2026-09-18 10:30:00,053", "module": "strategy", "name": "celery.worker.strategy", "message": "Task plane.bgtasks.email_notification_task.stack_email_notification[03471a97-af1f-4507-8160-c23261ebb1f2] received", "data": {"id": "03471a97-af1f-4507-8160-c23261ebb1f2", "name": "plane.bgtasks.email_notification_task.stack_email_notification", "args": "()", "kwargs": "{}", "eta": null}}
bgworker    | [2026-09-18 10:35:00,032: INFO/MainProcess] Task plane.bgtasks.email_notification_task.stack_email_notification[b5f37e93-e71b-4965-856f-d53ac3c126a9] received
bgworker    | {"levelname": "INFO", "asctime": "2026-09-18 10:35:00,032", "module": "strategy", "name": "celery.worker.strategy", "message": "Task plane.bgtasks.email_notification_task.stack_email_notification[b5f37e93-e71b-4965-856f-d53ac3c126a9] received", "data": {"id": "b5f37e93-e71b-4965-856f-d53ac3c126a9", "name": "plane.bgtasks.email_notification_task.stack_email_notification", "args": "()", "kwargs": "{}", "eta": null}}
bgworker    | [2026-09-18 10:40:00,062: INFO/MainProcess] Task plane.bgtasks.email_notification_task.stack_email_notification[b21aa7d5-21cd-40a9-9b31-5a1ca65a7fd1] received
bgworker    | {"levelname": "INFO", "asctime": "2026-09-18 10:40:00,062", "module": "strategy", "name": "celery.worker.strategy", "message": "Task plane.bgtasks.email_notification_task.stack_email_notification[b21aa7d5-21cd-40a9-9b31-5a1ca65a7fd1] received", "data": {"id": "b21aa7d5-21cd-40a9-9b31-5a1ca65a7fd1", "name": "plane.bgtasks.email_notification_task.stack_email_notification", "args": "()", "kwargs": "{}", "eta": null}}
bgworker    | [2026-09-18 10:45:00,028: INFO/MainProcess] Task plane.bgtasks.email_notification_task.stack_email_notification[4455b261-77f8-480c-8ed0-42384f0dd5b7] received
bgworker    | {"levelname": "INFO", "asctime": "2026-09-18 10:45:00,028", "module": "strategy", "name": "celery.worker.strategy", "message": "Task plane.bgtasks.email_notification_task.stack_email_notification[4455b261-77f8-480c-8ed0-42384f0dd5b7] received", "data": {"id": "4455b261-77f8-480c-8ed0-42384f0dd5b7", "name": "plane.bgtasks.email_notification_task.stack_email_notification", "args": "()", "kwargs": "{}", "eta": null}}
bgworker    | [2026-09-18 10:50:00,037: INFO/MainProcess] Task plane.bgtasks.email_notification_task.stack_email_notification[7f5b7c32-b50d-4d0f-84d3-0428feb3fd80] received
bgworker    | {"levelname": "INFO", "asctime": "2026-09-18 10:50:00,037", "module": "strategy", "name": "celery.worker.strategy", "message": "Task plane.bgtasks.email_notification_task.stack_email_notification[7f5b7c32-b50d-4d0f-84d3-0428feb3fd80] received", "data": {"id": "7f5b7c32-b50d-4d0f-84d3-0428feb3fd80", "name": "plane.bgtasks.email_notification_task.stack_email_notification", "args": "()", "kwargs": "{}", "eta": null}}
bgworker    | [2026-09-18 10:55:00,033: INFO/MainProcess] Task plane.bgtasks.email_notification_task.stack_email_notification[0198e224-6459-4792-aa49-8f08cce35af7] received
bgworker    | {"levelname": "INFO", "asctime": "2026-09-18 10:55:00,033", "module": "strategy", "name": "celery.worker.strategy", "message": "Task plane.bgtasks.email_notification_task.stack_email_notification[0198e224-6459-4792-aa49-8f08cce35af7] received", "data": {"id": "0198e224-6459-4792-aa49-8f08cce35af7", "name": "plane.bgtasks.email_notification_task.stack_email_notification", "args": "()", "kwargs": "{}", "eta": null}}
bgworker    | [2026-09-18 11:00:00,038: INFO/MainProcess] Task plane.bgtasks.email_notification_task.stack_email_notification[a43e5850-f897-4951-9080-2313fa6c988a] received
bgworker    | {"levelname": "INFO", "asctime": "2026-09-18 11:00:00,038", "module": "strategy", "name": "celery.worker.strategy", "message": "Task plane.bgtasks.email_notification_task.stack_email_notification[a43e5850-f897-4951-9080-2313fa6c988a] received", "data": {"id": "a43e5850-f897-4951-9080-2313fa6c988a", "name": "plane.bgtasks.email_notification_task.stack_email_notification", "args": "()", "kwargs": "{}", "eta": null}}
bgworker    | [2026-09-18 11:05:00,061: INFO/MainProcess] Task plane.bgtasks.email_notification_task.stack_email_notification[f8390151-fba2-4b91-93c3-527ed62b3eab] received
bgworker    | {"levelname": "INFO", "asctime": "2026-09-18 11:05:00,061", "module": "strategy", "name": "celery.worker.strategy", "message": "Task plane.bgtasks.email_notification_task.stack_email_notification[f8390151-fba2-4b91-93c3-527ed62b3eab] received", "data": {"id": "f8390151-fba2-4b91-93c3-527ed62b3eab", "name": "plane.bgtasks.email_notification_task.stack_email_notification", "args": "()", "kwargs": "{}", "eta": null}}
bgworker    | [2026-09-18 11:10:00,041: INFO/MainProcess] Task plane.bgtasks.email_notification_task.stack_email_notification[9a586bdb-c541-4a19-9754-92ec676bbfc4] received
bgworker    | {"levelname": "INFO", "asctime": "2026-09-18 11:10:00,041", "module": "strategy", "name": "celery.worker.strategy", "message": "Task plane.bgtasks.email_notification_task.stack_email_notification[9a586bdb-c541-4a19-9754-92ec676bbfc4] received", "data": {"id": "9a586bdb-c541-4a19-9754-92ec676bbfc4", "name": "plane.bgtasks.email_notification_task.stack_email_notification", "args": "()", "kwargs": "{}", "eta": null}}
bgworker    | [2026-09-18 11:15:00,038: INFO/MainProcess] Task plane.bgtasks.email_notification_task.stack_email_notification[303284b5-031d-45ba-9b3d-2e2c0ac43e47] received
bgworker    | {"levelname": "INFO", "asctime": "2026-09-18 11:15:00,038", "module": "strategy", "name": "celery.worker.strategy", "message": "Task plane.bgtasks.email_notification_task.stack_email_notification[303284b5-031d-45ba-9b3d-2e2c0ac43e47] received", "data": {"id": "303284b5-031d-45ba-9b3d-2e2c0ac43e47", "name": "plane.bgtasks.email_notification_task.stack_email_notification", "args": "()", "kwargs": "{}", "eta": null}}
bgworker    | [2026-09-18 11:20:00,042: INFO/MainProcess] Task plane.bgtasks.email_notification_task.stack_email_notification[1b4f7035-d8cc-4462-b326-abe97c70aa4e] received
bgworker    | {"levelname": "INFO", "asctime": "2026-09-18 11:20:00,042", "module": "strategy", "name": "celery.worker.strategy", "message": "Task plane.bgtasks.email_notification_task.stack_email_notification[1b4f7035-d8cc-4462-b326-abe97c70aa4e] received", "data": {"id": "1b4f7035-d8cc-4462-b326-abe97c70aa4e", "name": "plane.bgtasks.email_notification_task.stack_email_notification", "args": "()", "kwargs": "{}", "eta": null}}
bgworker    | [2026-09-18 11:25:00,027: INFO/MainProcess] Task plane.bgtasks.email_notification_task.stack_email_notification[21669ac3-070d-4e44-a528-cdf2de8f6781] received
bgworker    | {"levelname": "INFO", "asctime": "2026-09-18 11:25:00,027", "module": "strategy", "name": "celery.worker.strategy", "message": "Task plane.bgtasks.email_notification_task.stack_email_notification[21669ac3-070d-4e44-a528-cdf2de8f6781] received", "data": {"id": "21669ac3-070d-4e44-a528-cdf2de8f6781", "name": "plane.bgtasks.email_notification_task.stack_email_notification", "args": "()", "kwargs": "{}", "eta": null}}
bgworker    | [2026-09-18 11:30:00,278: INFO/MainProcess] Task plane.bgtasks.email_notification_task.stack_email_notification[e436592f-6f93-48f8-8db9-04bcafe49f5e] received
bgworker    | {"levelname": "INFO", "asctime": "2026-09-18 11:30:00,278", "module": "strategy", "name": "celery.worker.strategy", "message": "Task plane.bgtasks.email_notification_task.stack_email_notification[e436592f-6f93-48f8-8db9-04bcafe49f5e] received", "data": {"id": "e436592f-6f93-48f8-8db9-04bcafe49f5e", "name": "plane.bgtasks.email_notification_task.stack_email_notification", "args": "()", "kwargs": "{}", "eta": null}}
bgworker    | [2026-09-18 11:30:55,955: INFO/MainProcess] Task plane.bgtasks.recent_visited_task.recent_visited_task[e5d89b42-2796-4e71-aac2-751d34e185e9] received
bgworker    | {"levelname": "INFO", "asctime": "2026-09-18 11:30:55,955", "module": "strategy", "name": "celery.worker.strategy", "message": "Task plane.bgtasks.recent_visited_task.recent_visited_task[e5d89b42-2796-4e71-aac2-751d34e185e9] received", "data": {"id": "e5d89b42-2796-4e71-aac2-751d34e185e9", "name": "plane.bgtasks.recent_visited_task.recent_visited_task", "args": "()", "kwargs": "{'slug': 'brune4ai', 'project_id': UUID('8fd2a982-478c-479c-aeac-820e97299186'), 'entity_name': 'project', 'entity_identifier': UUID('8fd2a982-478c-479c-aeac-820e97299186'), 'user_id': UUID('57ff78ef-f40f-4d8d-bca3-7e302fe916ca')}", "eta": null}}
bgworker    | [2026-09-18 11:30:56,263: INFO/MainProcess] Task plane.bgtasks.recent_visited_task.recent_visited_task[37cf2991-c958-4362-841d-ecabe5d331c4] received
bgworker    | {"levelname": "INFO", "asctime": "2026-09-18 11:30:56,263", "module": "strategy", "name": "celery.worker.strategy", "message": "Task plane.bgtasks.recent_visited_task.recent_visited_task[37cf2991-c958-4362-841d-ecabe5d331c4] received", "data": {"id": "37cf2991-c958-4362-841d-ecabe5d331c4", "name": "plane.bgtasks.recent_visited_task.recent_visited_task", "args": "()", "kwargs": "{'slug': 'brune4ai', 'entity_name': 'issue', 'entity_identifier': UUID('992faf47-6a3e-4bce-acf5-7a3935555241'), 'user_id': UUID('57ff78ef-f40f-4d8d-bca3-7e302fe916ca'), 'project_id': UUID('8fd2a982-478c-479c-aeac-820e97299186')}", "eta": null}}
bgworker    | [2026-09-18 11:34:27,335: INFO/MainProcess] Task plane.bgtasks.recent_visited_task.recent_visited_task[f1d0dfac-3eb9-456b-9f2d-c61629c0ac9b] received
bgworker    | {"levelname": "INFO", "asctime": "2026-09-18 11:34:27,335", "module": "strategy", "name": "celery.worker.strategy", "message": "Task plane.bgtasks.recent_visited_task.recent_visited_task[f1d0dfac-3eb9-456b-9f2d-c61629c0ac9b] received", "data": {"id": "f1d0dfac-3eb9-456b-9f2d-c61629c0ac9b", "name": "plane.bgtasks.recent_visited_task.recent_visited_task", "args": "()", "kwargs": "{'slug': 'brune4ai', 'project_id': UUID('8fd2a982-478c-479c-aeac-820e97299186'), 'entity_name': 'project', 'entity_identifier': UUID('8fd2a982-478c-479c-aeac-820e97299186'), 'user_id': UUID('57ff78ef-f40f-4d8d-bca3-7e302fe916ca')}", "eta": null}}
bgworker    | [2026-09-18 11:35:00,054: INFO/MainProcess] Task plane.bgtasks.email_notification_task.stack_email_notification[482ef8ab-4dba-4861-903c-862f8f38deda] received
bgworker    | {"levelname": "INFO", "asctime": "2026-09-18 11:35:00,054", "module": "strategy", "name": "celery.worker.strategy", "message": "Task plane.bgtasks.email_notification_task.stack_email_notification[482ef8ab-4dba-4861-903c-862f8f38deda] received", "data": {"id": "482ef8ab-4dba-4861-903c-862f8f38deda", "name": "plane.bgtasks.email_notification_task.stack_email_notification", "args": "()", "kwargs": "{}", "eta": null}}
bgworker    | [2026-09-18 11:40:00,035: INFO/MainProcess] Task plane.bgtasks.email_notification_task.stack_email_notification[067e0013-11f5-44b8-9722-6a667a932dc6] received
bgworker    | {"levelname": "INFO", "asctime": "2026-09-18 11:40:00,035", "module": "strategy", "name": "celery.worker.strategy", "message": "Task plane.bgtasks.email_notification_task.stack_email_notification[067e0013-11f5-44b8-9722-6a667a932dc6] received", "data": {"id": "067e0013-11f5-44b8-9722-6a667a932dc6", "name": "plane.bgtasks.email_notification_task.stack_email_notification", "args": "()", "kwargs": "{}", "eta": null}}
bgworker    | [2026-09-18 11:45:00,030: INFO/MainProcess] Task plane.bgtasks.email_notification_task.stack_email_notification[b8d7f6e4-8597-48ee-b9e0-df6ec0f9fe4a] received
bgworker    | {"levelname": "INFO", "asctime": "2026-09-18 11:45:00,030", "module": "strategy", "name": "celery.worker.strategy", "message": "Task plane.bgtasks.email_notification_task.stack_email_notification[b8d7f6e4-8597-48ee-b9e0-df6ec0f9fe4a] received", "data": {"id": "b8d7f6e4-8597-48ee-b9e0-df6ec0f9fe4a", "name": "plane.bgtasks.email_notification_task.stack_email_notification", "args": "()", "kwargs": "{}", "eta": null}}
bgworker    | [2026-09-18 11:50:00,050: INFO/MainProcess] Task plane.bgtasks.email_notification_task.stack_email_notification[584bca31-1013-4d43-b5b0-ca9dd997caa3] received
bgworker    | {"levelname": "INFO", "asctime": "2026-09-18 11:50:00,050", "module": "strategy", "name": "celery.worker.strategy", "message": "Task plane.bgtasks.email_notification_task.stack_email_notification[584bca31-1013-4d43-b5b0-ca9dd997caa3] received", "data": {"id": "584bca31-1013-4d43-b5b0-ca9dd997caa3", "name": "plane.bgtasks.email_notification_task.stack_email_notification", "args": "()", "kwargs": "{}", "eta": null}}
bgworker    | [2026-09-18 11:55:00,429: INFO/MainProcess] Task plane.bgtasks.email_notification_task.stack_email_notification[23f8bada-78a9-41dd-a97b-3ba8a33d804e] received
bgworker    | {"levelname": "INFO", "asctime": "2026-09-18 11:55:00,429", "module": "strategy", "name": "celery.worker.strategy", "message": "Task plane.bgtasks.email_notification_task.stack_email_notification[23f8bada-78a9-41dd-a97b-3ba8a33d804e] received", "data": {"id": "23f8bada-78a9-41dd-a97b-3ba8a33d804e", "name": "plane.bgtasks.email_notification_task.stack_email_notification", "args": "()", "kwargs": "{}", "eta": null}}
bgworker    | [2026-09-18 12:00:00,483: INFO/MainProcess] Task plane.bgtasks.email_notification_task.stack_email_notification[e5c945b3-2dd3-45b6-a5ea-92e22faa0f46] received
bgworker    | {"levelname": "INFO", "asctime": "2026-09-18 12:00:00,483", "module": "strategy", "name": "celery.worker.strategy", "message": "Task plane.bgtasks.email_notification_task.stack_email_notification[e5c945b3-2dd3-45b6-a5ea-92e22faa0f46] received", "data": {"id": "e5c945b3-2dd3-45b6-a5ea-92e22faa0f46", "name": "plane.bgtasks.email_notification_task.stack_email_notification", "args": "()", "kwargs": "{}", "eta": null}}
bgworker    | [2026-09-18 12:05:00,033: INFO/MainProcess] Task plane.bgtasks.email_notification_task.stack_email_notification[6e094f37-d2a7-4d45-89ad-8165b45af756] received
bgworker    | {"levelname": "INFO", "asctime": "2026-09-18 12:05:00,033", "module": "strategy", "name": "celery.worker.strategy", "message": "Task plane.bgtasks.email_notification_task.stack_email_notification[6e094f37-d2a7-4d45-89ad-8165b45af756] received", "data": {"id": "6e094f37-d2a7-4d45-89ad-8165b45af756", "name": "plane.bgtasks.email_notification_task.stack_email_notification", "args": "()", "kwargs": "{}", "eta": null}}
bgworker    | [2026-09-18 12:10:00,102: INFO/MainProcess] Task plane.bgtasks.email_notification_task.stack_email_notification[59761f1f-b553-44fc-aea8-9732b488df82] received
bgworker    | {"levelname": "INFO", "asctime": "2026-09-18 12:10:00,102", "module": "strategy", "name": "celery.worker.strategy", "message": "Task plane.bgtasks.email_notification_task.stack_email_notification[59761f1f-b553-44fc-aea8-9732b488df82] received", "data": {"id": "59761f1f-b553-44fc-aea8-9732b488df82", "name": "plane.bgtasks.email_notification_task.stack_email_notification", "args": "()", "kwargs": "{}", "eta": null}}
bgworker    | [2026-09-18 12:15:00,293: INFO/MainProcess] Task plane.bgtasks.email_notification_task.stack_email_notification[5bec3903-b502-4224-910c-d8957b832efd] received
bgworker    | {"levelname": "INFO", "asctime": "2026-09-18 12:15:00,293", "module": "strategy", "name": "celery.worker.strategy", "message": "Task plane.bgtasks.email_notification_task.stack_email_notification[5bec3903-b502-4224-910c-d8957b832efd] received", "data": {"id": "5bec3903-b502-4224-910c-d8957b832efd", "name": "plane.bgtasks.email_notification_task.stack_email_notification", "args": "()", "kwargs": "{}", "eta": null}}
bgworker    | [2026-09-18 12:20:00,201: INFO/MainProcess] Task plane.bgtasks.email_notification_task.stack_email_notification[45ef95a1-3bfc-43d7-aef2-98f4a428bb67] received
bgworker    | {"levelname": "INFO", "asctime": "2026-09-18 12:20:00,201", "module": "strategy", "name": "celery.worker.strategy", "message": "Task plane.bgtasks.email_notification_task.stack_email_notification[45ef95a1-3bfc-43d7-aef2-98f4a428bb67] received", "data": {"id": "45ef95a1-3bfc-43d7-aef2-98f4a428bb67", "name": "plane.bgtasks.email_notification_task.stack_email_notification", "args": "()", "kwargs": "{}", "eta": null}}
bgworker    | [2026-09-18 12:25:00,071: INFO/MainProcess] Task plane.bgtasks.email_notification_task.stack_email_notification[b4aca73a-53b6-47b2-ac6f-0f1c8442859b] received
bgworker    | {"levelname": "INFO", "asctime": "2026-09-18 12:25:00,071", "module": "strategy", "name": "celery.worker.strategy", "message": "Task plane.bgtasks.email_notification_task.stack_email_notification[b4aca73a-53b6-47b2-ac6f-0f1c8442859b] received", "data": {"id": "b4aca73a-53b6-47b2-ac6f-0f1c8442859b", "name": "plane.bgtasks.email_notification_task.stack_email_notification", "args": "()", "kwargs": "{}", "eta": null}}
bgworker    | [2026-09-18 12:30:00,027: INFO/MainProcess] Task plane.bgtasks.email_notification_task.stack_email_notification[3122ee97-f4fb-4fcf-a812-7c584513b66f] received
bgworker    | {"levelname": "INFO", "asctime": "2026-09-18 12:30:00,027", "module": "strategy", "name": "celery.worker.strategy", "message": "Task plane.bgtasks.email_notification_task.stack_email_notification[3122ee97-f4fb-4fcf-a812-7c584513b66f] received", "data": {"id": "3122ee97-f4fb-4fcf-a812-7c584513b66f", "name": "plane.bgtasks.email_notification_task.stack_email_notification", "args": "()", "kwargs": "{}", "eta": null}}
bgworker    | [2026-09-18 12:35:00,024: INFO/MainProcess] Task plane.bgtasks.email_notification_task.stack_email_notification[194f3e63-3d32-4e8d-917b-c437fec5b99a] received
bgworker    | {"levelname": "INFO", "asctime": "2026-09-18 12:35:00,024", "module": "strategy", "name": "celery.worker.strategy", "message": "Task plane.bgtasks.email_notification_task.stack_email_notification[194f3e63-3d32-4e8d-917b-c437fec5b99a] received", "data": {"id": "194f3e63-3d32-4e8d-917b-c437fec5b99a", "name": "plane.bgtasks.email_notification_task.stack_email_notification", "args": "()", "kwargs": "{}", "eta": null}}
bgworker    | [2026-09-18 12:40:00,428: INFO/MainProcess] Task plane.bgtasks.email_notification_task.stack_email_notification[226944f6-5f61-4770-bf8c-2e8ba4095202] received
bgworker    | {"levelname": "INFO", "asctime": "2026-09-18 12:40:00,428", "module": "strategy", "name": "celery.worker.strategy", "message": "Task plane.bgtasks.email_notification_task.stack_email_notification[226944f6-5f61-4770-bf8c-2e8ba4095202] received", "data": {"id": "226944f6-5f61-4770-bf8c-2e8ba4095202", "name": "plane.bgtasks.email_notification_task.stack_email_notification", "args": "()", "kwargs": "{}", "eta": null}}
bgworker    | [2026-09-18 12:45:00,239: INFO/MainProcess] Task plane.bgtasks.email_notification_task.stack_email_notification[0a6489d5-662a-42c7-ac9a-41742838353e] received
bgworker    | {"levelname": "INFO", "asctime": "2026-09-18 12:45:00,239", "module": "strategy", "name": "celery.worker.strategy", "message": "Task plane.bgtasks.email_notification_task.stack_email_notification[0a6489d5-662a-42c7-ac9a-41742838353e] received", "data": {"id": "0a6489d5-662a-42c7-ac9a-41742838353e", "name": "plane.bgtasks.email_notification_task.stack_email_notification", "args": "()", "kwargs": "{}", "eta": null}}
bgworker    | [2026-09-18 12:50:00,071: INFO/MainProcess] Task plane.bgtasks.email_notification_task.stack_email_notification[9fbf3d16-d8e9-4a00-99d0-bb4f6f173cfd] received
bgworker    | {"levelname": "INFO", "asctime": "2026-09-18 12:50:00,071", "module": "strategy", "name": "celery.worker.strategy", "message": "Task plane.bgtasks.email_notification_task.stack_email_notification[9fbf3d16-d8e9-4a00-99d0-bb4f6f173cfd] received", "data": {"id": "9fbf3d16-d8e9-4a00-99d0-bb4f6f173cfd", "name": "plane.bgtasks.email_notification_task.stack_email_notification", "args": "()", "kwargs": "{}", "eta": null}}
bgworker    | [2026-09-18 12:55:00,053: INFO/MainProcess] Task plane.bgtasks.email_notification_task.stack_email_notification[42b9e15c-d60b-4c62-b2c5-d7bac0e29f1b] received
bgworker    | {"levelname": "INFO", "asctime": "2026-09-18 12:55:00,053", "module": "strategy", "name": "celery.worker.strategy", "message": "Task plane.bgtasks.email_notification_task.stack_email_notification[42b9e15c-d60b-4c62-b2c5-d7bac0e29f1b] received", "data": {"id": "42b9e15c-d60b-4c62-b2c5-d7bac0e29f1b", "name": "plane.bgtasks.email_notification_task.stack_email_notification", "args": "()", "kwargs": "{}", "eta": null}}
bgworker    | [2026-09-18 13:00:00,029: INFO/MainProcess] Task plane.bgtasks.email_notification_task.stack_email_notification[a63ddb4d-91ce-415c-8676-f6b11445d05d] received
bgworker    | {"levelname": "INFO", "asctime": "2026-09-18 13:00:00,029", "module": "strategy", "name": "celery.worker.strategy", "message": "Task plane.bgtasks.email_notification_task.stack_email_notification[a63ddb4d-91ce-415c-8676-f6b11445d05d] received", "data": {"id": "a63ddb4d-91ce-415c-8676-f6b11445d05d", "name": "plane.bgtasks.email_notification_task.stack_email_notification", "args": "()", "kwargs": "{}", "eta": null}}
bgworker    | [2026-09-18 13:05:00,028: INFO/MainProcess] Task plane.bgtasks.email_notification_task.stack_email_notification[b70553e4-8e2d-4bfd-b3e7-dc8bf131c04a] received
bgworker    | {"levelname": "INFO", "asctime": "2026-09-18 13:05:00,028", "module": "strategy", "name": "celery.worker.strategy", "message": "Task plane.bgtasks.email_notification_task.stack_email_notification[b70553e4-8e2d-4bfd-b3e7-dc8bf131c04a] received", "data": {"id": "b70553e4-8e2d-4bfd-b3e7-dc8bf131c04a", "name": "plane.bgtasks.email_notification_task.stack_email_notification", "args": "()", "kwargs": "{}", "eta": null}}
bgworker    | [2026-09-18 13:10:00,032: INFO/MainProcess] Task plane.bgtasks.email_notification_task.stack_email_notification[ac422bba-7c57-4c0d-9fe8-bd49beedd38a] received
bgworker    | {"levelname": "INFO", "asctime": "2026-09-18 13:10:00,032", "module": "strategy", "name": "celery.worker.strategy", "message": "Task plane.bgtasks.email_notification_task.stack_email_notification[ac422bba-7c57-4c0d-9fe8-bd49beedd38a] received", "data": {"id": "ac422bba-7c57-4c0d-9fe8-bd49beedd38a", "name": "plane.bgtasks.email_notification_task.stack_email_notification", "args": "()", "kwargs": "{}", "eta": null}}
bgworker    | [2026-09-18 13:15:00,048: INFO/MainProcess] Task plane.bgtasks.email_notification_task.stack_email_notification[21d253b1-af10-40ba-ae01-6e7ff1358082] received
bgworker    | {"levelname": "INFO", "asctime": "2026-09-18 13:15:00,048", "module": "strategy", "name": "celery.worker.strategy", "message": "Task plane.bgtasks.email_notification_task.stack_email_notification[21d253b1-af10-40ba-ae01-6e7ff1358082] received", "data": {"id": "21d253b1-af10-40ba-ae01-6e7ff1358082", "name": "plane.bgtasks.email_notification_task.stack_email_notification", "args": "()", "kwargs": "{}", "eta": null}}
bgworker    | [2026-09-18 13:20:00,036: INFO/MainProcess] Task plane.bgtasks.email_notification_task.stack_email_notification[d4960cb7-df19-4d7c-8ea8-88f1dce1489c] received
bgworker    | {"levelname": "INFO", "asctime": "2026-09-18 13:20:00,036", "module": "strategy", "name": "celery.worker.strategy", "message": "Task plane.bgtasks.email_notification_task.stack_email_notification[d4960cb7-df19-4d7c-8ea8-88f1dce1489c] received", "data": {"id": "d4960cb7-df19-4d7c-8ea8-88f1dce1489c", "name": "plane.bgtasks.email_notification_task.stack_email_notification", "args": "()", "kwargs": "{}", "eta": null}}
bgworker    | [2026-09-18 13:25:00,233: INFO/MainProcess] Task plane.bgtasks.email_notification_task.stack_email_notification[09f2e3f3-57ba-436b-8d4c-6d65504f53e3] received
bgworker    | {"levelname": "INFO", "asctime": "2026-09-18 13:25:00,233", "module": "strategy", "name": "celery.worker.strategy", "message": "Task plane.bgtasks.email_notification_task.stack_email_notification[09f2e3f3-57ba-436b-8d4c-6d65504f53e3] received", "data": {"id": "09f2e3f3-57ba-436b-8d4c-6d65504f53e3", "name": "plane.bgtasks.email_notification_task.stack_email_notification", "args": "()", "kwargs": "{}", "eta": null}}
bgworker    | [2026-09-18 13:30:00,071: INFO/MainProcess] Task plane.bgtasks.email_notification_task.stack_email_notification[18c5f122-a564-4ff5-96d5-cae25bda7d26] received
bgworker    | {"levelname": "INFO", "asctime": "2026-09-18 13:30:00,071", "module": "strategy", "name": "celery.worker.strategy", "message": "Task plane.bgtasks.email_notification_task.stack_email_notification[18c5f122-a564-4ff5-96d5-cae25bda7d26] received", "data": {"id": "18c5f122-a564-4ff5-96d5-cae25bda7d26", "name": "plane.bgtasks.email_notification_task.stack_email_notification", "args": "()", "kwargs": "{}", "eta": null}}
bgworker    | [2026-09-18 13:35:00,042: INFO/MainProcess] Task plane.bgtasks.email_notification_task.stack_email_notification[b90dee24-47d2-4e94-bb01-327d2284192b] received
bgworker    | {"levelname": "INFO", "asctime": "2026-09-18 13:35:00,042", "module": "strategy", "name": "celery.worker.strategy", "message": "Task plane.bgtasks.email_notification_task.stack_email_notification[b90dee24-47d2-4e94-bb01-327d2284192b] received", "data": {"id": "b90dee24-47d2-4e94-bb01-327d2284192b", "name": "plane.bgtasks.email_notification_task.stack_email_notification", "args": "()", "kwargs": "{}", "eta": null}}
bgworker    | [2026-09-18 13:40:00,030: INFO/MainProcess] Task plane.bgtasks.email_notification_task.stack_email_notification[adc57db9-3a9e-406a-b7b1-54f4e0498859] received
bgworker    | {"levelname": "INFO", "asctime": "2026-09-18 13:40:00,030", "module": "strategy", "name": "celery.worker.strategy", "message": "Task plane.bgtasks.email_notification_task.stack_email_notification[adc57db9-3a9e-406a-b7b1-54f4e0498859] received", "data": {"id": "adc57db9-3a9e-406a-b7b1-54f4e0498859", "name": "plane.bgtasks.email_notification_task.stack_email_notification", "args": "()", "kwargs": "{}", "eta": null}}
bgworker    | [2026-09-18 13:45:00,037: INFO/MainProcess] Task plane.bgtasks.email_notification_task.stack_email_notification[2791633e-82a7-431b-ada2-e64b95637bc0] received
bgworker    | {"levelname": "INFO", "asctime": "2026-09-18 13:45:00,037", "module": "strategy", "name": "celery.worker.strategy", "message": "Task plane.bgtasks.email_notification_task.stack_email_notification[2791633e-82a7-431b-ada2-e64b95637bc0] received", "data": {"id": "2791633e-82a7-431b-ada2-e64b95637bc0", "name": "plane.bgtasks.email_notification_task.stack_email_notification", "args": "()", "kwargs": "{}", "eta": null}}
bgworker    | [2026-09-18 13:50:00,027: INFO/MainProcess] Task plane.bgtasks.email_notification_task.stack_email_notification[bcf15f87-e818-446a-a092-df4de397fb1a] received
bgworker    | {"levelname": "INFO", "asctime": "2026-09-18 13:50:00,027", "module": "strategy", "name": "celery.worker.strategy", "message": "Task plane.bgtasks.email_notification_task.stack_email_notification[bcf15f87-e818-446a-a092-df4de397fb1a] received", "data": {"id": "bcf15f87-e818-446a-a092-df4de397fb1a", "name": "plane.bgtasks.email_notification_task.stack_email_notification", "args": "()", "kwargs": "{}", "eta": null}}
bgworker    | [2026-09-18 13:55:00,040: INFO/MainProcess] Task plane.bgtasks.email_notification_task.stack_email_notification[70c8734f-edf4-4887-bbad-ddd059da2c42] received
bgworker    | {"levelname": "INFO", "asctime": "2026-09-18 13:55:00,040", "module": "strategy", "name": "celery.worker.strategy", "message": "Task plane.bgtasks.email_notification_task.stack_email_notification[70c8734f-edf4-4887-bbad-ddd059da2c42] received", "data": {"id": "70c8734f-edf4-4887-bbad-ddd059da2c42", "name": "plane.bgtasks.email_notification_task.stack_email_notification", "args": "()", "kwargs": "{}", "eta": null}}
bgworker    | [2026-09-18 14:00:00,030: INFO/MainProcess] Task plane.bgtasks.email_notification_task.stack_email_notification[78705b32-f2a9-44f9-a515-44ab5f26bce8] received
bgworker    | {"levelname": "INFO", "asctime": "2026-09-18 14:00:00,030", "module": "strategy", "name": "celery.worker.strategy", "message": "Task plane.bgtasks.email_notification_task.stack_email_notification[78705b32-f2a9-44f9-a515-44ab5f26bce8] received", "data": {"id": "78705b32-f2a9-44f9-a515-44ab5f26bce8", "name": "plane.bgtasks.email_notification_task.stack_email_notification", "args": "()", "kwargs": "{}", "eta": null}}
bgworker    | [2026-09-18 14:03:37,220: INFO/MainProcess] Task plane.bgtasks.recent_visited_task.recent_visited_task[60886ee8-35e8-4706-9349-9d86b0bfb34e] received
bgworker    | {"levelname": "INFO", "asctime": "2026-09-18 14:03:37,220", "module": "strategy", "name": "celery.worker.strategy", "message": "Task plane.bgtasks.recent_visited_task.recent_visited_task[60886ee8-35e8-4706-9349-9d86b0bfb34e] received", "data": {"id": "60886ee8-35e8-4706-9349-9d86b0bfb34e", "name": "plane.bgtasks.recent_visited_task.recent_visited_task", "args": "()", "kwargs": "{'slug': 'brune4ai', 'project_id': UUID('8fd2a982-478c-479c-aeac-820e97299186'), 'entity_name': 'project', 'entity_identifier': UUID('8fd2a982-478c-479c-aeac-820e97299186'), 'user_id': UUID('57ff78ef-f40f-4d8d-bca3-7e302fe916ca')}", "eta": null}}
bgworker    | [2026-09-18 14:05:00,387: INFO/MainProcess] Task plane.bgtasks.email_notification_task.stack_email_notification[f89439c0-ba82-4b15-8259-c79659e27f2b] received
bgworker    | {"levelname": "INFO", "asctime": "2026-09-18 14:05:00,387", "module": "strategy", "name": "celery.worker.strategy", "message": "Task plane.bgtasks.email_notification_task.stack_email_notification[f89439c0-ba82-4b15-8259-c79659e27f2b] received", "data": {"id": "f89439c0-ba82-4b15-8259-c79659e27f2b", "name": "plane.bgtasks.email_notification_task.stack_email_notification", "args": "()", "kwargs": "{}", "eta": null}}
bgworker    | [2026-09-18 14:10:00,266: INFO/MainProcess] Task plane.bgtasks.email_notification_task.stack_email_notification[ee57a343-a24c-4212-ab61-2ff83a7d0385] received
bgworker    | {"levelname": "INFO", "asctime": "2026-09-18 14:10:00,266", "module": "strategy", "name": "celery.worker.strategy", "message": "Task plane.bgtasks.email_notification_task.stack_email_notification[ee57a343-a24c-4212-ab61-2ff83a7d0385] received", "data": {"id": "ee57a343-a24c-4212-ab61-2ff83a7d0385", "name": "plane.bgtasks.email_notification_task.stack_email_notification", "args": "()", "kwargs": "{}", "eta": null}}
admin       | 2026/09/18 13:22:31.307	[34mINFO[0m	http.log.access.log0	handled request	{"request": {"remote_ip": "127.0.0.1", "remote_port": "60306", "client_ip": "127.0.0.1", "proto": "HTTP/1.1", "method": "GET", "host": "127.0.0.1:3000", "uri": "/god-mode", "headers": {"User-Agent": ["curl/8.20.0"], "Accept": ["*/*"]}}, "bytes_read": 0, "user_id": "", "duration": 0.013436017, "size": 5589, "status": 200, "resp_headers": {"Last-Modified": ["Thu, 10 Sep 2026 18:04:02 GMT"], "Server": ["Caddy"], "X-Content-Type-Options": ["nosniff"], "X-Frame-Options": ["DENY"], "Accept-Ranges": ["bytes"], "Content-Length": ["5589"], "X-Xss-Protection": ["1; mode=block"], "Vary": ["Accept-Encoding"], "Etag": ["\"dlbu270dl7284b9\""], "Content-Type": ["text/html; charset=utf-8"]}}
admin       | 2026/09/18 13:23:01.953	[34mINFO[0m	http.log.access.log0	handled request	{"request": {"remote_ip": "127.0.0.1", "remote_port": "41970", "client_ip": "127.0.0.1", "proto": "HTTP/1.1", "method": "GET", "host": "127.0.0.1:3000", "uri": "/god-mode", "headers": {"User-Agent": ["curl/8.20.0"], "Accept": ["*/*"]}}, "bytes_read": 0, "user_id": "", "duration": 0.012870301, "size": 5589, "status": 200, "resp_headers": {"Server": ["Caddy"], "X-Content-Type-Options": ["nosniff"], "Content-Type": ["text/html; charset=utf-8"], "Last-Modified": ["Thu, 10 Sep 2026 18:04:02 GMT"], "X-Frame-Options": ["DENY"], "X-Xss-Protection": ["1; mode=block"], "Vary": ["Accept-Encoding"], "Etag": ["\"dlbu270dl7284b9\""], "Accept-Ranges": ["bytes"], "Content-Length": ["5589"]}}
admin       | 2026/09/18 13:23:32.401	[34mINFO[0m	http.log.access.log0	handled request	{"request": {"remote_ip": "127.0.0.1", "remote_port": "38040", "client_ip": "127.0.0.1", "proto": "HTTP/1.1", "method": "GET", "host": "127.0.0.1:3000", "uri": "/god-mode", "headers": {"User-Agent": ["curl/8.20.0"], "Accept": ["*/*"]}}, "bytes_read": 0, "user_id": "", "duration": 0.014815887, "size": 5589, "status": 200, "resp_headers": {"Accept-Ranges": ["bytes"], "Content-Length": ["5589"], "X-Xss-Protection": ["1; mode=block"], "Vary": ["Accept-Encoding"], "Etag": ["\"dlbu270dl7284b9\""], "Content-Type": ["text/html; charset=utf-8"], "Server": ["Caddy"], "X-Content-Type-Options": ["nosniff"], "X-Frame-Options": ["DENY"], "Last-Modified": ["Thu, 10 Sep 2026 18:04:02 GMT"]}}
api         | {"levelname": "INFO", "asctime": "2026-09-18 06:09:36,209", "module": "logger", "name": "plane.api.request", "message": "GET /api/workspaces/brune4ai/projects/8fd2a982-478c-479c-aeac-820e97299186/issues/992faf47-6a3e-4bce-acf5-7a3935555241/history/?activity_type=issue-comment 200", "path": "/api/workspaces/brune4ai/projects/8fd2a982-478c-479c-aeac-820e97299186/issues/992faf47-6a3e-4bce-acf5-7a3935555241/history/", "method": "GET", "status_code": 200, "duration_ms": 3239, "remote_addr": "119.160.190.240", "user_agent": "Mozilla/5.0 (Windows NT 10.0; Win64; x64) AppleWebKit/537.36 (KHTML, like Gecko) Chrome/153.0.0.0 Safari/537.36 Edg/153.0.0.0", "user_id": "57ff78ef-f40f-4d8d-bca3-7e302fe916ca"}
api         | {"levelname": "INFO", "asctime": "2026-09-18 06:09:36,639", "module": "logger", "name": "plane.api.request", "message": "GET /api/workspaces/brune4ai/projects/8fd2a982-478c-479c-aeac-820e97299186/issues/992faf47-6a3e-4bce-acf5-7a3935555241/issue-relation/ 200", "path": "/api/workspaces/brune4ai/projects/8fd2a982-478c-479c-aeac-820e97299186/issues/992faf47-6a3e-4bce-acf5-7a3935555241/issue-relation/", "method": "GET", "status_code": 200, "duration_ms": 3674, "remote_addr": "119.160.190.240", "user_agent": "Mozilla/5.0 (Windows NT 10.0; Win64; x64) AppleWebKit/537.36 (KHTML, like Gecko) Chrome/153.0.0.0 Safari/537.36 Edg/153.0.0.0", "user_id": "57ff78ef-f40f-4d8d-bca3-7e302fe916ca"}
api         | {"levelname": "INFO", "asctime": "2026-09-18 06:10:18,891", "module": "logger", "name": "plane.api.request", "message": "GET /api/workspaces/brune4ai/projects/8fd2a982-478c-479c-aeac-820e97299186/work-items/992faf47-6a3e-4bce-acf5-7a3935555241/description-versions/ 200", "path": "/api/workspaces/brune4ai/projects/8fd2a982-478c-479c-aeac-820e97299186/work-items/992faf47-6a3e-4bce-acf5-7a3935555241/description-versions/", "method": "GET", "status_code": 200, "duration_ms": 884, "remote_addr": "119.160.190.240", "user_agent": "Mozilla/5.0 (Windows NT 10.0; Win64; x64) AppleWebKit/537.36 (KHTML, like Gecko) Chrome/153.0.0.0 Safari/537.36 Edg/153.0.0.0", "user_id": "57ff78ef-f40f-4d8d-bca3-7e302fe916ca"}
api         | {"levelname": "INFO", "asctime": "2026-09-18 06:10:19,590", "module": "logger", "name": "plane.api.request", "message": "GET /api/workspaces/brune4ai/users/notifications/unread/ 200", "path": "/api/workspaces/brune4ai/users/notifications/unread/", "method": "GET", "status_code": 200, "duration_ms": 1506, "remote_addr": "119.160.190.240", "user_agent": "Mozilla/5.0 (Windows NT 10.0; Win64; x64) AppleWebKit/537.36 (KHTML, like Gecko) Chrome/153.0.0.0 Safari/537.36 Edg/153.0.0.0", "user_id": "57ff78ef-f40f-4d8d-bca3-7e302fe916ca"}
api         | {"levelname": "INFO", "asctime": "2026-09-18 06:10:19,697", "module": "logger", "name": "plane.api.request", "message": "GET /api/workspaces/brune4ai/projects/8fd2a982-478c-479c-aeac-820e97299186/project-members/me/ 200", "path": "/api/workspaces/brune4ai/projects/8fd2a982-478c-479c-aeac-820e97299186/project-members/me/", "method": "GET", "status_code": 200, "duration_ms": 1505, "remote_addr": "119.160.190.240", "user_agent": "Mozilla/5.0 (Windows NT 10.0; Win64; x64) AppleWebKit/537.36 (KHTML, like Gecko) Chrome/153.0.0.0 Safari/537.36 Edg/153.0.0.0", "user_id": "57ff78ef-f40f-4d8d-bca3-7e302fe916ca"}
api         | {"levelname": "INFO", "asctime": "2026-09-18 06:10:20,403", "module": "logger", "name": "plane.api.request", "message": "GET /api/workspaces/brune4ai/projects/8fd2a982-478c-479c-aeac-820e97299186/ 200", "path": "/api/workspaces/brune4ai/projects/8fd2a982-478c-479c-aeac-820e97299186/", "method": "GET", "status_code": 200, "duration_ms": 2271, "remote_addr": "119.160.190.240", "user_agent": "Mozilla/5.0 (Windows NT 10.0; Win64; x64) AppleWebKit/537.36 (KHTML, like Gecko) Chrome/153.0.0.0 Safari/537.36 Edg/153.0.0.0", "user_id": "57ff78ef-f40f-4d8d-bca3-7e302fe916ca"}
api         | {"levelname": "INFO", "asctime": "2026-09-18 06:10:30,064", "module": "logger", "name": "plane.api.request", "message": "GET /api/workspaces/brune4ai/users/notifications/unread/ 200", "path": "/api/workspaces/brune4ai/users/notifications/unread/", "method": "GET", "status_code": 200, "duration_ms": 804, "remote_addr": "119.160.190.240", "user_agent": "Mozilla/5.0 (Windows NT 10.0; Win64; x64) AppleWebKit/537.36 (KHTML, like Gecko) Chrome/153.0.0.0 Safari/537.36 Edg/153.0.0.0", "user_id": "57ff78ef-f40f-4d8d-bca3-7e302fe916ca"}
api         | {"levelname": "INFO", "asctime": "2026-09-18 06:10:30,817", "module": "logger", "name": "plane.api.request", "message": "GET /api/workspaces/brune4ai/projects/8fd2a982-478c-479c-aeac-820e97299186/work-items/992faf47-6a3e-4bce-acf5-7a3935555241/description-versions/ 200", "path": "/api/workspaces/brune4ai/projects/8fd2a982-478c-479c-aeac-820e97299186/work-items/992faf47-6a3e-4bce-acf5-7a3935555241/description-versions/", "method": "GET", "status_code": 200, "duration_ms": 1649, "remote_addr": "119.160.190.240", "user_agent": "Mozilla/5.0 (Windows NT 10.0; Win64; x64) AppleWebKit/537.36 (KHTML, like Gecko) Chrome/153.0.0.0 Safari/537.36 Edg/153.0.0.0", "user_id": "57ff78ef-f40f-4d8d-bca3-7e302fe916ca"}
api         | {"levelname": "INFO", "asctime": "2026-09-18 06:10:31,011", "module": "logger", "name": "plane.api.request", "message": "GET /api/workspaces/brune4ai/projects/8fd2a982-478c-479c-aeac-820e97299186/project-members/me/ 200", "path": "/api/workspaces/brune4ai/projects/8fd2a982-478c-479c-aeac-820e97299186/project-members/me/", "method": "GET", "status_code": 200, "duration_ms": 1874, "remote_addr": "119.160.190.240", "user_agent": "Mozilla/5.0 (Windows NT 10.0; Win64; x64) AppleWebKit/537.36 (KHTML, like Gecko) Chrome/153.0.0.0 Safari/537.36 Edg/153.0.0.0", "user_id": "57ff78ef-f40f-4d8d-bca3-7e302fe916ca"}
api         | {"levelname": "INFO", "asctime": "2026-09-18 06:10:31,307", "module": "logger", "name": "plane.api.request", "message": "GET /api/workspaces/brune4ai/projects/8fd2a982-478c-479c-aeac-820e97299186/ 200", "path": "/api/workspaces/brune4ai/projects/8fd2a982-478c-479c-aeac-820e97299186/", "method": "GET", "status_code": 200, "duration_ms": 2142, "remote_addr": "119.160.190.240", "user_agent": "Mozilla/5.0 (Windows NT 10.0; Win64; x64) AppleWebKit/537.36 (KHTML, like Gecko) Chrome/153.0.0.0 Safari/537.36 Edg/153.0.0.0", "user_id": "57ff78ef-f40f-4d8d-bca3-7e302fe916ca"}
api         | {"levelname": "INFO", "asctime": "2026-09-18 06:10:38,347", "module": "logger", "name": "plane.api.request", "message": "GET /api/workspaces/brune4ai/users/notifications/unread/ 200", "path": "/api/workspaces/brune4ai/users/notifications/unread/", "method": "GET", "status_code": 200, "duration_ms": 901, "remote_addr": "119.160.190.240", "user_agent": "Mozilla/5.0 (Windows NT 10.0; Win64; x64) AppleWebKit/537.36 (KHTML, like Gecko) Chrome/153.0.0.0 Safari/537.36 Edg/153.0.0.0", "user_id": "57ff78ef-f40f-4d8d-bca3-7e302fe916ca"}
api         | {"levelname": "INFO", "asctime": "2026-09-18 06:10:38,540", "module": "logger", "name": "plane.api.request", "message": "GET /api/workspaces/brune4ai/projects/8fd2a982-478c-479c-aeac-820e97299186/project-members/me/ 200", "path": "/api/workspaces/brune4ai/projects/8fd2a982-478c-479c-aeac-820e97299186/project-members/me/", "method": "GET", "status_code": 200, "duration_ms": 1088, "remote_addr": "119.160.190.240", "user_agent": "Mozilla/5.0 (Windows NT 10.0; Win64; x64) AppleWebKit/537.36 (KHTML, like Gecko) Chrome/153.0.0.0 Safari/537.36 Edg/153.0.0.0", "user_id": "57ff78ef-f40f-4d8d-bca3-7e302fe916ca"}
api         | {"levelname": "INFO", "asctime": "2026-09-18 06:10:38,643", "module": "logger", "name": "plane.api.request", "message": "GET /api/workspaces/brune4ai/projects/8fd2a982-478c-479c-aeac-820e97299186/work-items/992faf47-6a3e-4bce-acf5-7a3935555241/description-versions/ 200", "path": "/api/workspaces/brune4ai/projects/8fd2a982-478c-479c-aeac-820e97299186/work-items/992faf47-6a3e-4bce-acf5-7a3935555241/description-versions/", "method": "GET", "status_code": 200, "duration_ms": 1193, "remote_addr": "119.160.190.240", "user_agent": "Mozilla/5.0 (Windows NT 10.0; Win64; x64) AppleWebKit/537.36 (KHTML, like Gecko) Chrome/153.0.0.0 Safari/537.36 Edg/153.0.0.0", "user_id": "57ff78ef-f40f-4d8d-bca3-7e302fe916ca"}
api         | {"levelname": "INFO", "asctime": "2026-09-18 06:10:39,178", "module": "logger", "name": "plane.api.request", "message": "GET /api/workspaces/brune4ai/projects/8fd2a982-478c-479c-aeac-820e97299186/ 200", "path": "/api/workspaces/brune4ai/projects/8fd2a982-478c-479c-aeac-820e97299186/", "method": "GET", "status_code": 200, "duration_ms": 1730, "remote_addr": "119.160.190.240", "user_agent": "Mozilla/5.0 (Windows NT 10.0; Win64; x64) AppleWebKit/537.36 (KHTML, like Gecko) Chrome/153.0.0.0 Safari/537.36 Edg/153.0.0.0", "user_id": "57ff78ef-f40f-4d8d-bca3-7e302fe916ca"}
api         | {"levelname": "INFO", "asctime": "2026-09-18 06:10:47,662", "module": "logger", "name": "plane.api.request", "message": "GET /api/workspaces/brune4ai/users/notifications/unread/ 200", "path": "/api/workspaces/brune4ai/users/notifications/unread/", "method": "GET", "status_code": 200, "duration_ms": 575, "remote_addr": "119.160.190.240", "user_agent": "Mozilla/5.0 (Windows NT 10.0; Win64; x64) AppleWebKit/537.36 (KHTML, like Gecko) Chrome/153.0.0.0 Safari/537.36 Edg/153.0.0.0", "user_id": "57ff78ef-f40f-4d8d-bca3-7e302fe916ca"}
api         | {"levelname": "INFO", "asctime": "2026-09-18 06:10:47,867", "module": "logger", "name": "plane.api.request", "message": "GET /api/workspaces/brune4ai/projects/8fd2a982-478c-479c-aeac-820e97299186/project-members/me/ 200", "path": "/api/workspaces/brune4ai/projects/8fd2a982-478c-479c-aeac-820e97299186/project-members/me/", "method": "GET", "status_code": 200, "duration_ms": 798, "remote_addr": "119.160.190.240", "user_agent": "Mozilla/5.0 (Windows NT 10.0; Win64; x64) AppleWebKit/537.36 (KHTML, like Gecko) Chrome/153.0.0.0 Safari/537.36 Edg/153.0.0.0", "user_id": "57ff78ef-f40f-4d8d-bca3-7e302fe916ca"}
api         | {"levelname": "INFO", "asctime": "2026-09-18 06:10:49,506", "module": "logger", "name": "plane.api.request", "message": "GET /api/workspaces/brune4ai/projects/8fd2a982-478c-479c-aeac-820e97299186/ 200", "path": "/api/workspaces/brune4ai/projects/8fd2a982-478c-479c-aeac-820e97299186/", "method": "GET", "status_code": 200, "duration_ms": 2429, "remote_addr": "119.160.190.240", "user_agent": "Mozilla/5.0 (Windows NT 10.0; Win64; x64) AppleWebKit/537.36 (KHTML, like Gecko) Chrome/153.0.0.0 Safari/537.36 Edg/153.0.0.0", "user_id": "57ff78ef-f40f-4d8d-bca3-7e302fe916ca"}
api         | {"levelname": "INFO", "asctime": "2026-09-18 06:11:03,929", "module": "logger", "name": "plane.api.request", "message": "GET /api/users/me/copilot-identity/ 200", "path": "/api/users/me/copilot-identity/", "method": "GET", "status_code": 200, "duration_ms": 313, "remote_addr": "119.160.190.240", "user_agent": "Mozilla/5.0 (Windows NT 10.0; Win64; x64) AppleWebKit/537.36 (KHTML, like Gecko) Chrome/153.0.0.0 Safari/537.36 Edg/153.0.0.0", "user_id": "57ff78ef-f40f-4d8d-bca3-7e302fe916ca"}
api         | {"levelname": "INFO", "asctime": "2026-09-18 06:13:58,992", "module": "logger", "name": "plane.api.request", "message": "GET /api/workspaces/brune4ai/users/notifications/unread/ 200", "path": "/api/workspaces/brune4ai/users/notifications/unread/", "method": "GET", "status_code": 200, "duration_ms": 112, "remote_addr": "119.160.190.240", "user_agent": "Mozilla/5.0 (Windows NT 10.0; Win64; x64) AppleWebKit/537.36 (KHTML, like Gecko) Chrome/153.0.0.0 Safari/537.36 Edg/153.0.0.0", "user_id": "57ff78ef-f40f-4d8d-bca3-7e302fe916ca"}
api         | {"levelname": "INFO", "asctime": "2026-09-18 06:13:59,049", "module": "logger", "name": "plane.api.request", "message": "GET /api/workspaces/brune4ai/projects/8fd2a982-478c-479c-aeac-820e97299186/project-members/me/ 200", "path": "/api/workspaces/brune4ai/projects/8fd2a982-478c-479c-aeac-820e97299186/project-members/me/", "method": "GET", "status_code": 200, "duration_ms": 178, "remote_addr": "119.160.190.240", "user_agent": "Mozilla/5.0 (Windows NT 10.0; Win64; x64) AppleWebKit/537.36 (KHTML, like Gecko) Chrome/153.0.0.0 Safari/537.36 Edg/153.0.0.0", "user_id": "57ff78ef-f40f-4d8d-bca3-7e302fe916ca"}
api         | {"levelname": "INFO", "asctime": "2026-09-18 06:13:59,200", "module": "logger", "name": "plane.api.request", "message": "GET /api/workspaces/brune4ai/projects/8fd2a982-478c-479c-aeac-820e97299186/ 200", "path": "/api/workspaces/brune4ai/projects/8fd2a982-478c-479c-aeac-820e97299186/", "method": "GET", "status_code": 200, "duration_ms": 310, "remote_addr": "119.160.190.240", "user_agent": "Mozilla/5.0 (Windows NT 10.0; Win64; x64) AppleWebKit/537.36 (KHTML, like Gecko) Chrome/153.0.0.0 Safari/537.36 Edg/153.0.0.0", "user_id": "57ff78ef-f40f-4d8d-bca3-7e302fe916ca"}
api         | {"levelname": "INFO", "asctime": "2026-09-18 10:03:57,722", "module": "logger", "name": "plane.api.request", "message": "GET /api/instances/ 200", "path": "/api/instances/", "method": "GET", "status_code": 200, "duration_ms": 1239, "remote_addr": "119.160.190.240", "user_agent": "Mozilla/5.0 (Windows NT 10.0; Win64; x64) AppleWebKit/537.36 (KHTML, like Gecko) Chrome/153.0.0.0 Safari/537.36 Edg/153.0.0.0", "user_id": null}
api         | {"levelname": "INFO", "asctime": "2026-09-18 10:03:58,299", "module": "logger", "name": "plane.api.request", "message": "GET /api/users/me/ 200", "path": "/api/users/me/", "method": "GET", "status_code": 200, "duration_ms": 360, "remote_addr": "119.160.190.240", "user_agent": "Mozilla/5.0 (Windows NT 10.0; Win64; x64) AppleWebKit/537.36 (KHTML, like Gecko) Chrome/153.0.0.0 Safari/537.36 Edg/153.0.0.0", "user_id": "57ff78ef-f40f-4d8d-bca3-7e302fe916ca"}
api         | {"levelname": "INFO", "asctime": "2026-09-18 10:03:58,753", "module": "logger", "name": "plane.api.request", "message": "GET /api/users/me/profile/ 200", "path": "/api/users/me/profile/", "method": "GET", "status_code": 200, "duration_ms": 239, "remote_addr": "119.160.190.240", "user_agent": "Mozilla/5.0 (Windows NT 10.0; Win64; x64) AppleWebKit/537.36 (KHTML, like Gecko) Chrome/153.0.0.0 Safari/537.36 Edg/153.0.0.0", "user_id": "57ff78ef-f40f-4d8d-bca3-7e302fe916ca"}
api         | {"levelname": "INFO", "asctime": "2026-09-18 10:03:58,815", "module": "logger", "name": "plane.api.request", "message": "GET /api/users/me/workspaces/ 200", "path": "/api/users/me/workspaces/", "method": "GET", "status_code": 200, "duration_ms": 360, "remote_addr": "119.160.190.240", "user_agent": "Mozilla/5.0 (Windows NT 10.0; Win64; x64) AppleWebKit/537.36 (KHTML, like Gecko) Chrome/153.0.0.0 Safari/537.36 Edg/153.0.0.0", "user_id": "57ff78ef-f40f-4d8d-bca3-7e302fe916ca"}
api         | {"levelname": "INFO", "asctime": "2026-09-18 10:03:59,888", "module": "logger", "name": "plane.api.request", "message": "GET /api/users/me/settings/ 200", "path": "/api/users/me/settings/", "method": "GET", "status_code": 200, "duration_ms": 943, "remote_addr": "119.160.190.240", "user_agent": "Mozilla/5.0 (Windows NT 10.0; Win64; x64) AppleWebKit/537.36 (KHTML, like Gecko) Chrome/153.0.0.0 Safari/537.36 Edg/153.0.0.0", "user_id": "57ff78ef-f40f-4d8d-bca3-7e302fe916ca"}
api         | {"levelname": "INFO", "asctime": "2026-09-18 10:04:01,912", "module": "logger", "name": "plane.api.request", "message": "GET /api/workspaces/brune4ai/members/ 200", "path": "/api/workspaces/brune4ai/members/", "method": "GET", "status_code": 200, "duration_ms": 401, "remote_addr": "119.160.190.240", "user_agent": "Mozilla/5.0 (Windows NT 10.0; Win64; x64) AppleWebKit/537.36 (KHTML, like Gecko) Chrome/153.0.0.0 Safari/537.36 Edg/153.0.0.0", "user_id": "57ff78ef-f40f-4d8d-bca3-7e302fe916ca"}
api         | {"levelname": "INFO", "asctime": "2026-09-18 10:04:01,970", "module": "logger", "name": "plane.api.request", "message": "GET /api/workspaces/brune4ai/states/ 200", "path": "/api/workspaces/brune4ai/states/", "method": "GET", "status_code": 200, "duration_ms": 414, "remote_addr": "119.160.190.240", "user_agent": "Mozilla/5.0 (Windows NT 10.0; Win64; x64) AppleWebKit/537.36 (KHTML, like Gecko) Chrome/153.0.0.0 Safari/537.36 Edg/153.0.0.0", "user_id": "57ff78ef-f40f-4d8d-bca3-7e302fe916ca"}
api         | {"levelname": "INFO", "asctime": "2026-09-18 10:04:02,083", "module": "logger", "name": "plane.api.request", "message": "GET /api/users/me/workspaces/brune4ai/project-roles/ 200", "path": "/api/users/me/workspaces/brune4ai/project-roles/", "method": "GET", "status_code": 200, "duration_ms": 490, "remote_addr": "119.160.190.240", "user_agent": "Mozilla/5.0 (Windows NT 10.0; Win64; x64) AppleWebKit/537.36 (KHTML, like Gecko) Chrome/153.0.0.0 Safari/537.36 Edg/153.0.0.0", "user_id": "57ff78ef-f40f-4d8d-bca3-7e302fe916ca"}
api         | {"levelname": "INFO", "asctime": "2026-09-18 10:04:02,096", "module": "logger", "name": "plane.api.request", "message": "GET /api/workspaces/brune4ai/workspace-members/me/ 200", "path": "/api/workspaces/brune4ai/workspace-members/me/", "method": "GET", "status_code": 200, "duration_ms": 516, "remote_addr": "119.160.190.240", "user_agent": "Mozilla/5.0 (Windows NT 10.0; Win64; x64) AppleWebKit/537.36 (KHTML, like Gecko) Chrome/153.0.0.0 Safari/537.36 Edg/153.0.0.0", "user_id": "57ff78ef-f40f-4d8d-bca3-7e302fe916ca"}
api         | {"levelname": "INFO", "asctime": "2026-09-18 10:04:02,121", "module": "logger", "name": "plane.api.request", "message": "GET /api/workspaces/brune4ai/user-properties/ 200", "path": "/api/workspaces/brune4ai/user-properties/", "method": "GET", "status_code": 200, "duration_ms": 553, "remote_addr": "119.160.190.240", "user_agent": "Mozilla/5.0 (Windows NT 10.0; Win64; x64) AppleWebKit/537.36 (KHTML, like Gecko) Chrome/153.0.0.0 Safari/537.36 Edg/153.0.0.0", "user_id": "57ff78ef-f40f-4d8d-bca3-7e302fe916ca"}
api         | {"levelname": "INFO", "asctime": "2026-09-18 10:04:02,169", "module": "logger", "name": "plane.api.request", "message": "GET /api/workspaces/brune4ai/sidebar-preferences/ 200", "path": "/api/workspaces/brune4ai/sidebar-preferences/", "method": "GET", "status_code": 200, "duration_ms": 548, "remote_addr": "119.160.190.240", "user_agent": "Mozilla/5.0 (Windows NT 10.0; Win64; x64) AppleWebKit/537.36 (KHTML, like Gecko) Chrome/153.0.0.0 Safari/537.36 Edg/153.0.0.0", "user_id": "57ff78ef-f40f-4d8d-bca3-7e302fe916ca"}
api         | {"levelname": "INFO", "asctime": "2026-09-18 10:04:02,209", "module": "logger", "name": "plane.api.request", "message": "GET /api/workspaces/brune4ai/projects/ 200", "path": "/api/workspaces/brune4ai/projects/", "method": "GET", "status_code": 200, "duration_ms": 619, "remote_addr": "119.160.190.240", "user_agent": "Mozilla/5.0 (Windows NT 10.0; Win64; x64) AppleWebKit/537.36 (KHTML, like Gecko) Chrome/153.0.0.0 Safari/537.36 Edg/153.0.0.0", "user_id": "57ff78ef-f40f-4d8d-bca3-7e302fe916ca"}
api         | {"levelname": "INFO", "asctime": "2026-09-18 10:04:02,742", "module": "logger", "name": "plane.api.request", "message": "GET /api/users/me/copilot-identity/ 200", "path": "/api/users/me/copilot-identity/", "method": "GET", "status_code": 200, "duration_ms": 400, "remote_addr": "119.160.190.240", "user_agent": "Mozilla/5.0 (Windows NT 10.0; Win64; x64) AppleWebKit/537.36 (KHTML, like Gecko) Chrome/153.0.0.0 Safari/537.36 Edg/153.0.0.0", "user_id": "57ff78ef-f40f-4d8d-bca3-7e302fe916ca"}
api         | {"levelname": "INFO", "asctime": "2026-09-18 10:04:02,743", "module": "logger", "name": "plane.api.request", "message": "GET /api/workspaces/brune4ai/user-favorites/?all=true 200", "path": "/api/workspaces/brune4ai/user-favorites/", "method": "GET", "status_code": 200, "duration_ms": 404, "remote_addr": "119.160.190.240", "user_agent": "Mozilla/5.0 (Windows NT 10.0; Win64; x64) AppleWebKit/537.36 (KHTML, like Gecko) Chrome/153.0.0.0 Safari/537.36 Edg/153.0.0.0", "user_id": "57ff78ef-f40f-4d8d-bca3-7e302fe916ca"}
api         | {"levelname": "INFO", "asctime": "2026-09-18 10:04:02,751", "module": "logger", "name": "plane.api.request", "message": "GET /api/workspaces/brune4ai/home-preferences/ 200", "path": "/api/workspaces/brune4ai/home-preferences/", "method": "GET", "status_code": 200, "duration_ms": 407, "remote_addr": "119.160.190.240", "user_agent": "Mozilla/5.0 (Windows NT 10.0; Win64; x64) AppleWebKit/537.36 (KHTML, like Gecko) Chrome/153.0.0.0 Safari/537.36 Edg/153.0.0.0", "user_id": "57ff78ef-f40f-4d8d-bca3-7e302fe916ca"}
api         | {"levelname": "INFO", "asctime": "2026-09-18 10:04:02,779", "module": "logger", "name": "plane.api.request", "message": "GET /api/workspaces/brune4ai/users/notifications/unread/ 200", "path": "/api/workspaces/brune4ai/users/notifications/unread/", "method": "GET", "status_code": 200, "duration_ms": 442, "remote_addr": "119.160.190.240", "user_agent": "Mozilla/5.0 (Windows NT 10.0; Win64; x64) AppleWebKit/537.36 (KHTML, like Gecko) Chrome/153.0.0.0 Safari/537.36 Edg/153.0.0.0", "user_id": "57ff78ef-f40f-4d8d-bca3-7e302fe916ca"}
api         | {"levelname": "INFO", "asctime": "2026-09-18 10:04:03,094", "module": "logger", "name": "plane.api.request", "message": "GET /api/assets/v2/static/890225c3-6614-40dd-8550-7e40ae55ad6d/ 302", "path": "/api/assets/v2/static/890225c3-6614-40dd-8550-7e40ae55ad6d/", "method": "GET", "status_code": 302, "duration_ms": 735, "remote_addr": "119.160.190.240", "user_agent": "Mozilla/5.0 (Windows NT 10.0; Win64; x64) AppleWebKit/537.36 (KHTML, like Gecko) Chrome/153.0.0.0 Safari/537.36 Edg/153.0.0.0", "user_id": "57ff78ef-f40f-4d8d-bca3-7e302fe916ca"}
api         | {"levelname": "INFO", "asctime": "2026-09-18 10:04:03,304", "module": "logger", "name": "plane.api.request", "message": "GET /api/workspaces/brune4ai/quick-links/ 200", "path": "/api/workspaces/brune4ai/quick-links/", "method": "GET", "status_code": 200, "duration_ms": 331, "remote_addr": "119.160.190.240", "user_agent": "Mozilla/5.0 (Windows NT 10.0; Win64; x64) AppleWebKit/537.36 (KHTML, like Gecko) Chrome/153.0.0.0 Safari/537.36 Edg/153.0.0.0", "user_id": "57ff78ef-f40f-4d8d-bca3-7e302fe916ca"}
api         | {"levelname": "INFO", "asctime": "2026-09-18 10:04:03,340", "module": "logger", "name": "plane.api.request", "message": "GET /api/workspaces/brune4ai/stickies/?cursor=30:0:0&per_page=30&query= 200", "path": "/api/workspaces/brune4ai/stickies/", "method": "GET", "status_code": 200, "duration_ms": 366, "remote_addr": "119.160.190.240", "user_agent": "Mozilla/5.0 (Windows NT 10.0; Win64; x64) AppleWebKit/537.36 (KHTML, like Gecko) Chrome/153.0.0.0 Safari/537.36 Edg/153.0.0.0", "user_id": "57ff78ef-f40f-4d8d-bca3-7e302fe916ca"}
api         | {"levelname": "INFO", "asctime": "2026-09-18 10:04:03,391", "module": "logger", "name": "plane.api.request", "message": "GET /api/assets/v2/static/c2bac2ce-bc6e-455e-ae8c-57482f392b74/ 302", "path": "/api/assets/v2/static/c2bac2ce-bc6e-455e-ae8c-57482f392b74/", "method": "GET", "status_code": 302, "duration_ms": 1049, "remote_addr": "119.160.190.240", "user_agent": "Mozilla/5.0 (Windows NT 10.0; Win64; x64) AppleWebKit/537.36 (KHTML, like Gecko) Chrome/153.0.0.0 Safari/537.36 Edg/153.0.0.0", "user_id": "57ff78ef-f40f-4d8d-bca3-7e302fe916ca"}
api         | {"levelname": "INFO", "asctime": "2026-09-18 10:04:03,774", "module": "logger", "name": "plane.api.request", "message": "GET /api/workspaces/brune4ai/recent-visits/ 200", "path": "/api/workspaces/brune4ai/recent-visits/", "method": "GET", "status_code": 200, "duration_ms": 708, "remote_addr": "119.160.190.240", "user_agent": "Mozilla/5.0 (Windows NT 10.0; Win64; x64) AppleWebKit/537.36 (KHTML, like Gecko) Chrome/153.0.0.0 Safari/537.36 Edg/153.0.0.0", "user_id": "57ff78ef-f40f-4d8d-bca3-7e302fe916ca"}
api         | {"levelname": "INFO", "asctime": "2026-09-18 10:04:27,720", "module": "logger", "name": "plane.api.request", "message": "GET /api/workspaces/brune4ai/projects/8fd2a982-478c-479c-aeac-820e97299186/user-properties/ 200", "path": "/api/workspaces/brune4ai/projects/8fd2a982-478c-479c-aeac-820e97299186/user-properties/", "method": "GET", "status_code": 200, "duration_ms": 533, "remote_addr": "119.160.190.240", "user_agent": "Mozilla/5.0 (Windows NT 10.0; Win64; x64) AppleWebKit/537.36 (KHTML, like Gecko) Chrome/153.0.0.0 Safari/537.36 Edg/153.0.0.0", "user_id": "57ff78ef-f40f-4d8d-bca3-7e302fe916ca"}
api         | {"levelname": "INFO", "asctime": "2026-09-18 10:04:27,723", "module": "logger", "name": "plane.api.request", "message": "GET /api/workspaces/brune4ai/projects/8fd2a982-478c-479c-aeac-820e97299186/intake-state/ 200", "path": "/api/workspaces/brune4ai/projects/8fd2a982-478c-479c-aeac-820e97299186/intake-state/", "method": "GET", "status_code": 200, "duration_ms": 520, "remote_addr": "119.160.190.240", "user_agent": "Mozilla/5.0 (Windows NT 10.0; Win64; x64) AppleWebKit/537.36 (KHTML, like Gecko) Chrome/153.0.0.0 Safari/537.36 Edg/153.0.0.0", "user_id": "57ff78ef-f40f-4d8d-bca3-7e302fe916ca"}
api         | {"levelname": "INFO", "asctime": "2026-09-18 10:04:28,050", "module": "logger", "name": "plane.api.request", "message": "GET /api/workspaces/brune4ai/modules/ 200", "path": "/api/workspaces/brune4ai/modules/", "method": "GET", "status_code": 200, "duration_ms": 933, "remote_addr": "119.160.190.240", "user_agent": "Mozilla/5.0 (Windows NT 10.0; Win64; x64) AppleWebKit/537.36 (KHTML, like Gecko) Chrome/153.0.0.0 Safari/537.36 Edg/153.0.0.0", "user_id": "57ff78ef-f40f-4d8d-bca3-7e302fe916ca"}
api         | {"levelname": "INFO", "asctime": "2026-09-18 10:04:28,162", "module": "logger", "name": "plane.api.request", "message": "GET /api/workspaces/brune4ai/projects/8fd2a982-478c-479c-aeac-820e97299186/members/ 200", "path": "/api/workspaces/brune4ai/projects/8fd2a982-478c-479c-aeac-820e97299186/members/", "method": "GET", "status_code": 200, "duration_ms": 897, "remote_addr": "119.160.190.240", "user_agent": "Mozilla/5.0 (Windows NT 10.0; Win64; x64) AppleWebKit/537.36 (KHTML, like Gecko) Chrome/153.0.0.0 Safari/537.36 Edg/153.0.0.0", "user_id": "57ff78ef-f40f-4d8d-bca3-7e302fe916ca"}
api         | {"levelname": "INFO", "asctime": "2026-09-18 10:04:28,167", "module": "logger", "name": "plane.api.request", "message": "GET /api/workspaces/brune4ai/projects/8fd2a982-478c-479c-aeac-820e97299186/states/ 200", "path": "/api/workspaces/brune4ai/projects/8fd2a982-478c-479c-aeac-820e97299186/states/", "method": "GET", "status_code": 200, "duration_ms": 934, "remote_addr": "119.160.190.240", "user_agent": "Mozilla/5.0 (Windows NT 10.0; Win64; x64) AppleWebKit/537.36 (KHTML, like Gecko) Chrome/153.0.0.0 Safari/537.36 Edg/153.0.0.0", "user_id": "57ff78ef-f40f-4d8d-bca3-7e302fe916ca"}
api         | {"levelname": "INFO", "asctime": "2026-09-18 10:04:28,188", "module": "logger", "name": "plane.api.request", "message": "GET /api/workspaces/brune4ai/projects/8fd2a982-478c-479c-aeac-820e97299186/modules/ 200", "path": "/api/workspaces/brune4ai/projects/8fd2a982-478c-479c-aeac-820e97299186/modules/", "method": "GET", "status_code": 200, "duration_ms": 1069, "remote_addr": "119.160.190.240", "user_agent": "Mozilla/5.0 (Windows NT 10.0; Win64; x64) AppleWebKit/537.36 (KHTML, like Gecko) Chrome/153.0.0.0 Safari/537.36 Edg/153.0.0.0", "user_id": "57ff78ef-f40f-4d8d-bca3-7e302fe916ca"}
api         | {"levelname": "INFO", "asctime": "2026-09-18 10:04:28,219", "module": "logger", "name": "plane.api.request", "message": "GET /api/workspaces/brune4ai/projects/8fd2a982-478c-479c-aeac-820e97299186/project-members/me/ 200", "path": "/api/workspaces/brune4ai/projects/8fd2a982-478c-479c-aeac-820e97299186/project-members/me/", "method": "GET", "status_code": 200, "duration_ms": 969, "remote_addr": "119.160.190.240", "user_agent": "Mozilla/5.0 (Windows NT 10.0; Win64; x64) AppleWebKit/537.36 (KHTML, like Gecko) Chrome/153.0.0.0 Safari/537.36 Edg/153.0.0.0", "user_id": "57ff78ef-f40f-4d8d-bca3-7e302fe916ca"}
api         | {"levelname": "INFO", "asctime": "2026-09-18 10:04:28,230", "module": "logger", "name": "plane.api.request", "message": "GET /api/workspaces/brune4ai/projects/8fd2a982-478c-479c-aeac-820e97299186/estimates/ 200", "path": "/api/workspaces/brune4ai/projects/8fd2a982-478c-479c-aeac-820e97299186/estimates/", "method": "GET", "status_code": 200, "duration_ms": 990, "remote_addr": "119.160.190.240", "user_agent": "Mozilla/5.0 (Windows NT 10.0; Win64; x64) AppleWebKit/537.36 (KHTML, like Gecko) Chrome/153.0.0.0 Safari/537.36 Edg/153.0.0.0", "user_id": "57ff78ef-f40f-4d8d-bca3-7e302fe916ca"}
api         | {"levelname": "INFO", "asctime": "2026-09-18 10:04:28,254", "module": "logger", "name": "plane.api.request", "message": "GET /api/workspaces/brune4ai/projects/8fd2a982-478c-479c-aeac-820e97299186/issue-labels/ 200", "path": "/api/workspaces/brune4ai/projects/8fd2a982-478c-479c-aeac-820e97299186/issue-labels/", "method": "GET", "status_code": 200, "duration_ms": 940, "remote_addr": "119.160.190.240", "user_agent": "Mozilla/5.0 (Windows NT 10.0; Win64; x64) AppleWebKit/537.36 (KHTML, like Gecko) Chrome/153.0.0.0 Safari/537.36 Edg/153.0.0.0", "user_id": "57ff78ef-f40f-4d8d-bca3-7e302fe916ca"}
api         | {"levelname": "INFO", "asctime": "2026-09-18 10:04:28,259", "module": "logger", "name": "plane.api.request", "message": "GET /api/workspaces/brune4ai/projects/8fd2a982-478c-479c-aeac-820e97299186/views/ 200", "path": "/api/workspaces/brune4ai/projects/8fd2a982-478c-479c-aeac-820e97299186/views/", "method": "GET", "status_code": 200, "duration_ms": 1005, "remote_addr": "119.160.190.240", "user_agent": "Mozilla/5.0 (Windows NT 10.0; Win64; x64) AppleWebKit/537.36 (KHTML, like Gecko) Chrome/153.0.0.0 Safari/537.36 Edg/153.0.0.0", "user_id": "57ff78ef-f40f-4d8d-bca3-7e302fe916ca"}
api         | {"levelname": "INFO", "asctime": "2026-09-18 10:04:28,320", "module": "logger", "name": "plane.api.request", "message": "GET /api/workspaces/brune4ai/projects/8fd2a982-478c-479c-aeac-820e97299186/cycles/ 200", "path": "/api/workspaces/brune4ai/projects/8fd2a982-478c-479c-aeac-820e97299186/cycles/", "method": "GET", "status_code": 200, "duration_ms": 1096, "remote_addr": "119.160.190.240", "user_agent": "Mozilla/5.0 (Windows NT 10.0; Win64; x64) AppleWebKit/537.36 (KHTML, like Gecko) Chrome/153.0.0.0 Safari/537.36 Edg/153.0.0.0", "user_id": "57ff78ef-f40f-4d8d-bca3-7e302fe916ca"}
api         | {"levelname": "INFO", "asctime": "2026-09-18 10:04:28,359", "module": "logger", "name": "plane.api.request", "message": "GET /api/workspaces/brune4ai/projects/8fd2a982-478c-479c-aeac-820e97299186/ 200", "path": "/api/workspaces/brune4ai/projects/8fd2a982-478c-479c-aeac-820e97299186/", "method": "GET", "status_code": 200, "duration_ms": 1269, "remote_addr": "119.160.190.240", "user_agent": "Mozilla/5.0 (Windows NT 10.0; Win64; x64) AppleWebKit/537.36 (KHTML, like Gecko) Chrome/153.0.0.0 Safari/537.36 Edg/153.0.0.0", "user_id": "57ff78ef-f40f-4d8d-bca3-7e302fe916ca"}
api         | {"levelname": "INFO", "asctime": "2026-09-18 10:04:28,631", "module": "logger", "name": "plane.api.request", "message": "GET /api/workspaces/brune4ai/projects/8fd2a982-478c-479c-aeac-820e97299186/user-properties/ 200", "path": "/api/workspaces/brune4ai/projects/8fd2a982-478c-479c-aeac-820e97299186/user-properties/", "method": "GET", "status_code": 200, "duration_ms": 94, "remote_addr": "119.160.190.240", "user_agent": "Mozilla/5.0 (Windows NT 10.0; Win64; x64) AppleWebKit/537.36 (KHTML, like Gecko) Chrome/153.0.0.0 Safari/537.36 Edg/153.0.0.0", "user_id": "57ff78ef-f40f-4d8d-bca3-7e302fe916ca"}
api         | {"levelname": "INFO", "asctime": "2026-09-18 10:04:29,163", "module": "logger", "name": "plane.api.request", "message": "GET /api/workspaces/brune4ai/projects/8fd2a982-478c-479c-aeac-820e97299186/issues/?sub_issue=true&filters=%7B%7D&layout=calendar&cursor=4:0:0&per_page=4&group_by=target_date&target_date=2026-08-31%3Bafter,2026-10-04%3Bbefore 200", "path": "/api/workspaces/brune4ai/projects/8fd2a982-478c-479c-aeac-820e97299186/issues/", "method": "GET", "status_code": 200, "duration_ms": 361, "remote_addr": "119.160.190.240", "user_agent": "Mozilla/5.0 (Windows NT 10.0; Win64; x64) AppleWebKit/537.36 (KHTML, like Gecko) Chrome/153.0.0.0 Safari/537.36 Edg/153.0.0.0", "user_id": "57ff78ef-f40f-4d8d-bca3-7e302fe916ca"}
api         | {"levelname": "INFO", "asctime": "2026-09-18 10:04:29,624", "module": "logger", "name": "plane.api.request", "message": "GET /api/workspaces/brune4ai/projects/8fd2a982-478c-479c-aeac-820e97299186/ 200", "path": "/api/workspaces/brune4ai/projects/8fd2a982-478c-479c-aeac-820e97299186/", "method": "GET", "status_code": 200, "duration_ms": 249, "remote_addr": "119.160.190.240", "user_agent": "Mozilla/5.0 (Windows NT 10.0; Win64; x64) AppleWebKit/537.36 (KHTML, like Gecko) Chrome/153.0.0.0 Safari/537.36 Edg/153.0.0.0", "user_id": "57ff78ef-f40f-4d8d-bca3-7e302fe916ca"}
api         | {"levelname": "INFO", "asctime": "2026-09-18 10:06:28,505", "module": "logger", "name": "plane.api.request", "message": "GET /api/workspaces/brune4ai/users/notifications/unread/ 200", "path": "/api/workspaces/brune4ai/users/notifications/unread/", "method": "GET", "status_code": 200, "duration_ms": 151, "remote_addr": "119.160.190.240", "user_agent": "Mozilla/5.0 (Windows NT 10.0; Win64; x64) AppleWebKit/537.36 (KHTML, like Gecko) Chrome/153.0.0.0 Safari/537.36 Edg/153.0.0.0", "user_id": "57ff78ef-f40f-4d8d-bca3-7e302fe916ca"}
api         | {"levelname": "INFO", "asctime": "2026-09-18 10:06:28,565", "module": "logger", "name": "plane.api.request", "message": "GET /api/workspaces/brune4ai/projects/8fd2a982-478c-479c-aeac-820e97299186/project-members/me/ 200", "path": "/api/workspaces/brune4ai/projects/8fd2a982-478c-479c-aeac-820e97299186/project-members/me/", "method": "GET", "status_code": 200, "duration_ms": 212, "remote_addr": "119.160.190.240", "user_agent": "Mozilla/5.0 (Windows NT 10.0; Win64; x64) AppleWebKit/537.36 (KHTML, like Gecko) Chrome/153.0.0.0 Safari/537.36 Edg/153.0.0.0", "user_id": "57ff78ef-f40f-4d8d-bca3-7e302fe916ca"}
api         | {"levelname": "INFO", "asctime": "2026-09-18 10:06:28,676", "module": "logger", "name": "plane.api.request", "message": "GET /api/workspaces/brune4ai/projects/8fd2a982-478c-479c-aeac-820e97299186/ 200", "path": "/api/workspaces/brune4ai/projects/8fd2a982-478c-479c-aeac-820e97299186/", "method": "GET", "status_code": 200, "duration_ms": 311, "remote_addr": "119.160.190.240", "user_agent": "Mozilla/5.0 (Windows NT 10.0; Win64; x64) AppleWebKit/537.36 (KHTML, like Gecko) Chrome/153.0.0.0 Safari/537.36 Edg/153.0.0.0", "user_id": "57ff78ef-f40f-4d8d-bca3-7e302fe916ca"}
api         | {"levelname": "INFO", "asctime": "2026-09-18 10:08:35,283", "module": "logger", "name": "plane.api.request", "message": "GET /api/users/me/copilot-identity/ 200", "path": "/api/users/me/copilot-identity/", "method": "GET", "status_code": 200, "duration_ms": 683, "remote_addr": "119.160.190.240", "user_agent": "Mozilla/5.0 (Windows NT 10.0; Win64; x64) AppleWebKit/537.36 (KHTML, like Gecko) Chrome/153.0.0.0 Safari/537.36 Edg/153.0.0.0", "user_id": "57ff78ef-f40f-4d8d-bca3-7e302fe916ca"}
api         | {"levelname": "INFO", "asctime": "2026-09-18 10:13:09,385", "module": "logger", "name": "plane.api.request", "message": "GET /api/users/me/copilot-identity/ 200", "path": "/api/users/me/copilot-identity/", "method": "GET", "status_code": 200, "duration_ms": 1502, "remote_addr": "119.160.190.240", "user_agent": "Mozilla/5.0 (Windows NT 10.0; Win64; x64) AppleWebKit/537.36 (KHTML, like Gecko) Chrome/153.0.0.0 Safari/537.36 Edg/153.0.0.0", "user_id": "57ff78ef-f40f-4d8d-bca3-7e302fe916ca"}
api         | {"levelname": "INFO", "asctime": "2026-09-18 10:17:41,875", "module": "logger", "name": "plane.api.request", "message": "GET /api/users/me/copilot-identity/ 200", "path": "/api/users/me/copilot-identity/", "method": "GET", "status_code": 200, "duration_ms": 369, "remote_addr": "119.160.190.240", "user_agent": "Mozilla/5.0 (Windows NT 10.0; Win64; x64) AppleWebKit/537.36 (KHTML, like Gecko) Chrome/153.0.0.0 Safari/537.36 Edg/153.0.0.0", "user_id": "57ff78ef-f40f-4d8d-bca3-7e302fe916ca"}
api         | {"levelname": "INFO", "asctime": "2026-09-18 11:30:53,771", "module": "logger", "name": "plane.api.request", "message": "GET /api/users/me/copilot-identity/ 200", "path": "/api/users/me/copilot-identity/", "method": "GET", "status_code": 200, "duration_ms": 1767, "remote_addr": "119.160.190.240", "user_agent": "Mozilla/5.0 (Windows NT 10.0; Win64; x64) AppleWebKit/537.36 (KHTML, like Gecko) Chrome/153.0.0.0 Safari/537.36 Edg/153.0.0.0", "user_id": "57ff78ef-f40f-4d8d-bca3-7e302fe916ca"}
admin       | 2026/09/18 13:24:02.760	[34mINFO[0m	http.log.access.log0	handled request	{"request": {"remote_ip": "127.0.0.1", "remote_port": "54230", "client_ip": "127.0.0.1", "proto": "HTTP/1.1", "method": "GET", "host": "127.0.0.1:3000", "uri": "/god-mode", "headers": {"User-Agent": ["curl/8.20.0"], "Accept": ["*/*"]}}, "bytes_read": 0, "user_id": "", "duration": 0.00069714, "size": 5589, "status": 200, "resp_headers": {"Content-Type": ["text/html; charset=utf-8"], "Last-Modified": ["Thu, 10 Sep 2026 18:04:02 GMT"], "Server": ["Caddy"], "X-Content-Type-Options": ["nosniff"], "X-Frame-Options": ["DENY"], "Etag": ["\"dlbu270dl7284b9\""], "Accept-Ranges": ["bytes"], "Content-Length": ["5589"], "X-Xss-Protection": ["1; mode=block"], "Vary": ["Accept-Encoding"]}}
admin       | 2026/09/18 13:24:33.130	[34mINFO[0m	http.log.access.log0	handled request	{"request": {"remote_ip": "127.0.0.1", "remote_port": "50834", "client_ip": "127.0.0.1", "proto": "HTTP/1.1", "method": "GET", "host": "127.0.0.1:3000", "uri": "/god-mode", "headers": {"User-Agent": ["curl/8.20.0"], "Accept": ["*/*"]}}, "bytes_read": 0, "user_id": "", "duration": 0.007697989, "size": 5589, "status": 200, "resp_headers": {"Last-Modified": ["Thu, 10 Sep 2026 18:04:02 GMT"], "Accept-Ranges": ["bytes"], "X-Content-Type-Options": ["nosniff"], "Vary": ["Accept-Encoding"], "Content-Type": ["text/html; charset=utf-8"], "Content-Length": ["5589"], "Server": ["Caddy"], "X-Xss-Protection": ["1; mode=block"], "X-Frame-Options": ["DENY"], "Etag": ["\"dlbu270dl7284b9\""]}}
admin       | 2026/09/18 13:25:03.571	[34mINFO[0m	http.log.access.log0	handled request	{"request": {"remote_ip": "127.0.0.1", "remote_port": "45706", "client_ip": "127.0.0.1", "proto": "HTTP/1.1", "method": "GET", "host": "127.0.0.1:3000", "uri": "/god-mode", "headers": {"User-Agent": ["curl/8.20.0"], "Accept": ["*/*"]}}, "bytes_read": 0, "user_id": "", "duration": 0.000616239, "size": 5589, "status": 200, "resp_headers": {"Server": ["Caddy"], "X-Content-Type-Options": ["nosniff"], "Vary": ["Accept-Encoding"], "Etag": ["\"dlbu270dl7284b9\""], "Content-Type": ["text/html; charset=utf-8"], "Last-Modified": ["Thu, 10 Sep 2026 18:04:02 GMT"], "Content-Length": ["5589"], "X-Frame-Options": ["DENY"], "X-Xss-Protection": ["1; mode=block"], "Accept-Ranges": ["bytes"]}}
admin       | 2026/09/18 13:25:34.065	[34mINFO[0m	http.log.access.log0	handled request	{"request": {"remote_ip": "127.0.0.1", "remote_port": "48144", "client_ip": "127.0.0.1", "proto": "HTTP/1.1", "method": "GET", "host": "127.0.0.1:3000", "uri": "/god-mode", "headers": {"User-Agent": ["curl/8.20.0"], "Accept": ["*/*"]}}, "bytes_read": 0, "user_id": "", "duration": 0.000747239, "size": 5589, "status": 200, "resp_headers": {"Last-Modified": ["Thu, 10 Sep 2026 18:04:02 GMT"], "Content-Length": ["5589"], "X-Frame-Options": ["DENY"], "X-Content-Type-Options": ["nosniff"], "Vary": ["Accept-Encoding"], "Accept-Ranges": ["bytes"], "Server": ["Caddy"], "X-Xss-Protection": ["1; mode=block"], "Etag": ["\"dlbu270dl7284b9\""], "Content-Type": ["text/html; charset=utf-8"]}}
admin       | 2026/09/18 13:26:04.342	[34mINFO[0m	http.log.access.log0	handled request	{"request": {"remote_ip": "127.0.0.1", "remote_port": "42904", "client_ip": "127.0.0.1", "proto": "HTTP/1.1", "method": "GET", "host": "127.0.0.1:3000", "uri": "/god-mode", "headers": {"User-Agent": ["curl/8.20.0"], "Accept": ["*/*"]}}, "bytes_read": 0, "user_id": "", "duration": 0.002988572, "size": 5589, "status": 200, "resp_headers": {"Content-Type": ["text/html; charset=utf-8"], "Last-Modified": ["Thu, 10 Sep 2026 18:04:02 GMT"], "Accept-Ranges": ["bytes"], "Content-Length": ["5589"], "X-Content-Type-Options": ["nosniff"], "X-Frame-Options": ["DENY"], "Server": ["Caddy"], "X-Xss-Protection": ["1; mode=block"], "Vary": ["Accept-Encoding"], "Etag": ["\"dlbu270dl7284b9\""]}}
admin       | 2026/09/18 13:26:34.772	[34mINFO[0m	http.log.access.log0	handled request	{"request": {"remote_ip": "127.0.0.1", "remote_port": "56392", "client_ip": "127.0.0.1", "proto": "HTTP/1.1", "method": "GET", "host": "127.0.0.1:3000", "uri": "/god-mode", "headers": {"Accept": ["*/*"], "User-Agent": ["curl/8.20.0"]}}, "bytes_read": 0, "user_id": "", "duration": 0.010979928, "size": 5589, "status": 200, "resp_headers": {"Server": ["Caddy"], "X-Frame-Options": ["DENY"], "X-Content-Type-Options": ["nosniff"], "Vary": ["Accept-Encoding"], "Etag": ["\"dlbu270dl7284b9\""], "Content-Type": ["text/html; charset=utf-8"], "Accept-Ranges": ["bytes"], "Content-Length": ["5589"], "X-Xss-Protection": ["1; mode=block"], "Last-Modified": ["Thu, 10 Sep 2026 18:04:02 GMT"]}}
admin       | 2026/09/18 13:27:05.155	[34mINFO[0m	http.log.access.log0	handled request	{"request": {"remote_ip": "127.0.0.1", "remote_port": "52462", "client_ip": "127.0.0.1", "proto": "HTTP/1.1", "method": "GET", "host": "127.0.0.1:3000", "uri": "/god-mode", "headers": {"User-Agent": ["curl/8.20.0"], "Accept": ["*/*"]}}, "bytes_read": 0, "user_id": "", "duration": 0.003850904, "size": 5589, "status": 200, "resp_headers": {"X-Xss-Protection": ["1; mode=block"], "X-Content-Type-Options": ["nosniff"], "X-Frame-Options": ["DENY"], "Vary": ["Accept-Encoding"], "Etag": ["\"dlbu270dl7284b9\""], "Content-Type": ["text/html; charset=utf-8"], "Last-Modified": ["Thu, 10 Sep 2026 18:04:02 GMT"], "Content-Length": ["5589"], "Server": ["Caddy"], "Accept-Ranges": ["bytes"]}}
admin       | 2026/09/18 13:27:35.594	[34mINFO[0m	http.log.access.log0	handled request	{"request": {"remote_ip": "127.0.0.1", "remote_port": "40728", "client_ip": "127.0.0.1", "proto": "HTTP/1.1", "method": "GET", "host": "127.0.0.1:3000", "uri": "/god-mode", "headers": {"User-Agent": ["curl/8.20.0"], "Accept": ["*/*"]}}, "bytes_read": 0, "user_id": "", "duration": 0.000764891, "size": 5589, "status": 200, "resp_headers": {"X-Content-Type-Options": ["nosniff"], "X-Frame-Options": ["DENY"], "Content-Type": ["text/html; charset=utf-8"], "Accept-Ranges": ["bytes"], "Server": ["Caddy"], "X-Xss-Protection": ["1; mode=block"], "Vary": ["Accept-Encoding"], "Etag": ["\"dlbu270dl7284b9\""], "Last-Modified": ["Thu, 10 Sep 2026 18:04:02 GMT"], "Content-Length": ["5589"]}}
admin       | 2026/09/18 13:28:05.743	[34mINFO[0m	http.log.access.log0	handled request	{"request": {"remote_ip": "127.0.0.1", "remote_port": "56952", "client_ip": "127.0.0.1", "proto": "HTTP/1.1", "method": "GET", "host": "127.0.0.1:3000", "uri": "/god-mode", "headers": {"User-Agent": ["curl/8.20.0"], "Accept": ["*/*"]}}, "bytes_read": 0, "user_id": "", "duration": 0.001337053, "size": 5589, "status": 200, "resp_headers": {"X-Frame-Options": ["DENY"], "Content-Type": ["text/html; charset=utf-8"], "Last-Modified": ["Thu, 10 Sep 2026 18:04:02 GMT"], "Accept-Ranges": ["bytes"], "X-Content-Type-Options": ["nosniff"], "X-Xss-Protection": ["1; mode=block"], "Vary": ["Accept-Encoding"], "Etag": ["\"dlbu270dl7284b9\""], "Content-Length": ["5589"], "Server": ["Caddy"]}}
admin       | 2026/09/18 13:28:35.833	[34mINFO[0m	http.log.access.log0	handled request	{"request": {"remote_ip": "127.0.0.1", "remote_port": "40052", "client_ip": "127.0.0.1", "proto": "HTTP/1.1", "method": "GET", "host": "127.0.0.1:3000", "uri": "/god-mode", "headers": {"User-Agent": ["curl/8.20.0"], "Accept": ["*/*"]}}, "bytes_read": 0, "user_id": "", "duration": 0.001924188, "size": 5589, "status": 200, "resp_headers": {"Content-Length": ["5589"], "X-Frame-Options": ["DENY"], "X-Xss-Protection": ["1; mode=block"], "Vary": ["Accept-Encoding"], "Etag": ["\"dlbu270dl7284b9\""], "Content-Type": ["text/html; charset=utf-8"], "Accept-Ranges": ["bytes"], "Server": ["Caddy"], "X-Content-Type-Options": ["nosniff"], "Last-Modified": ["Thu, 10 Sep 2026 18:04:02 GMT"]}}
admin       | 2026/09/18 13:29:05.918	[34mINFO[0m	http.log.access.log0	handled request	{"request": {"remote_ip": "127.0.0.1", "remote_port": "43810", "client_ip": "127.0.0.1", "proto": "HTTP/1.1", "method": "GET", "host": "127.0.0.1:3000", "uri": "/god-mode", "headers": {"User-Agent": ["curl/8.20.0"], "Accept": ["*/*"]}}, "bytes_read": 0, "user_id": "", "duration": 0.000584472, "size": 5589, "status": 200, "resp_headers": {"Server": ["Caddy"], "X-Xss-Protection": ["1; mode=block"], "Vary": ["Accept-Encoding"], "Last-Modified": ["Thu, 10 Sep 2026 18:04:02 GMT"], "Accept-Ranges": ["bytes"], "X-Content-Type-Options": ["nosniff"], "X-Frame-Options": ["DENY"], "Etag": ["\"dlbu270dl7284b9\""], "Content-Type": ["text/html; charset=utf-8"], "Content-Length": ["5589"]}}
admin       | 2026/09/18 13:29:36.027	[34mINFO[0m	http.log.access.log0	handled request	{"request": {"remote_ip": "127.0.0.1", "remote_port": "38692", "client_ip": "127.0.0.1", "proto": "HTTP/1.1", "method": "GET", "host": "127.0.0.1:3000", "uri": "/god-mode", "headers": {"User-Agent": ["curl/8.20.0"], "Accept": ["*/*"]}}, "bytes_read": 0, "user_id": "", "duration": 0.0006853, "size": 5589, "status": 200, "resp_headers": {"Server": ["Caddy"], "X-Content-Type-Options": ["nosniff"], "X-Frame-Options": ["DENY"], "Etag": ["\"dlbu270dl7284b9\""], "Accept-Ranges": ["bytes"], "X-Xss-Protection": ["1; mode=block"], "Vary": ["Accept-Encoding"], "Content-Type": ["text/html; charset=utf-8"], "Last-Modified": ["Thu, 10 Sep 2026 18:04:02 GMT"], "Content-Length": ["5589"]}}
admin       | 2026/09/18 13:30:06.174	[34mINFO[0m	http.log.access.log0	handled request	{"request": {"remote_ip": "127.0.0.1", "remote_port": "36222", "client_ip": "127.0.0.1", "proto": "HTTP/1.1", "method": "GET", "host": "127.0.0.1:3000", "uri": "/god-mode", "headers": {"User-Agent": ["curl/8.20.0"], "Accept": ["*/*"]}}, "bytes_read": 0, "user_id": "", "duration": 0.001470402, "size": 5589, "status": 200, "resp_headers": {"Etag": ["\"dlbu270dl7284b9\""], "Content-Type": ["text/html; charset=utf-8"], "X-Content-Type-Options": ["nosniff"], "X-Frame-Options": ["DENY"], "Vary": ["Accept-Encoding"], "Last-Modified": ["Thu, 10 Sep 2026 18:04:02 GMT"], "Accept-Ranges": ["bytes"], "Content-Length": ["5589"], "Server": ["Caddy"], "X-Xss-Protection": ["1; mode=block"]}}
admin       | 2026/09/18 13:30:36.271	[34mINFO[0m	http.log.access.log0	handled request	{"request": {"remote_ip": "127.0.0.1", "remote_port": "60472", "client_ip": "127.0.0.1", "proto": "HTTP/1.1", "method": "GET", "host": "127.0.0.1:3000", "uri": "/god-mode", "headers": {"Accept": ["*/*"], "User-Agent": ["curl/8.20.0"]}}, "bytes_read": 0, "user_id": "", "duration": 0.000568988, "size": 5589, "status": 200, "resp_headers": {"Etag": ["\"dlbu270dl7284b9\""], "Accept-Ranges": ["bytes"], "Content-Length": ["5589"], "Server": ["Caddy"], "X-Frame-Options": ["DENY"], "Vary": ["Accept-Encoding"], "Content-Type": ["text/html; charset=utf-8"], "Last-Modified": ["Thu, 10 Sep 2026 18:04:02 GMT"], "X-Content-Type-Options": ["nosniff"], "X-Xss-Protection": ["1; mode=block"]}}
admin       | 2026/09/18 13:31:06.364	[34mINFO[0m	http.log.access.log0	handled request	{"request": {"remote_ip": "127.0.0.1", "remote_port": "59002", "client_ip": "127.0.0.1", "proto": "HTTP/1.1", "method": "GET", "host": "127.0.0.1:3000", "uri": "/god-mode", "headers": {"User-Agent": ["curl/8.20.0"], "Accept": ["*/*"]}}, "bytes_read": 0, "user_id": "", "duration": 0.000606765, "size": 5589, "status": 200, "resp_headers": {"Vary": ["Accept-Encoding"], "Content-Length": ["5589"], "X-Frame-Options": ["DENY"], "X-Xss-Protection": ["1; mode=block"], "Etag": ["\"dlbu270dl7284b9\""], "Content-Type": ["text/html; charset=utf-8"], "Last-Modified": ["Thu, 10 Sep 2026 18:04:02 GMT"], "Accept-Ranges": ["bytes"], "Server": ["Caddy"], "X-Content-Type-Options": ["nosniff"]}}
admin       | 2026/09/18 13:31:36.448	[34mINFO[0m	http.log.access.log0	handled request	{"request": {"remote_ip": "127.0.0.1", "remote_port": "50448", "client_ip": "127.0.0.1", "proto": "HTTP/1.1", "method": "GET", "host": "127.0.0.1:3000", "uri": "/god-mode", "headers": {"User-Agent": ["curl/8.20.0"], "Accept": ["*/*"]}}, "bytes_read": 0, "user_id": "", "duration": 0.000613126, "size": 5589, "status": 200, "resp_headers": {"Content-Type": ["text/html; charset=utf-8"], "Accept-Ranges": ["bytes"], "Server": ["Caddy"], "X-Frame-Options": ["DENY"], "Last-Modified": ["Thu, 10 Sep 2026 18:04:02 GMT"], "Content-Length": ["5589"], "X-Content-Type-Options": ["nosniff"], "X-Xss-Protection": ["1; mode=block"], "Vary": ["Accept-Encoding"], "Etag": ["\"dlbu270dl7284b9\""]}}
admin       | 2026/09/18 13:32:06.550	[34mINFO[0m	http.log.access.log0	handled request	{"request": {"remote_ip": "127.0.0.1", "remote_port": "60674", "client_ip": "127.0.0.1", "proto": "HTTP/1.1", "method": "GET", "host": "127.0.0.1:3000", "uri": "/god-mode", "headers": {"User-Agent": ["curl/8.20.0"], "Accept": ["*/*"]}}, "bytes_read": 0, "user_id": "", "duration": 0.002284766, "size": 5589, "status": 200, "resp_headers": {"X-Frame-Options": ["DENY"], "X-Xss-Protection": ["1; mode=block"], "Vary": ["Accept-Encoding"], "Content-Type": ["text/html; charset=utf-8"], "Last-Modified": ["Thu, 10 Sep 2026 18:04:02 GMT"], "Accept-Ranges": ["bytes"], "Server": ["Caddy"], "X-Content-Type-Options": ["nosniff"], "Etag": ["\"dlbu270dl7284b9\""], "Content-Length": ["5589"]}}
admin       | 2026/09/18 13:32:36.638	[34mINFO[0m	http.log.access.log0	handled request	{"request": {"remote_ip": "127.0.0.1", "remote_port": "43838", "client_ip": "127.0.0.1", "proto": "HTTP/1.1", "method": "GET", "host": "127.0.0.1:3000", "uri": "/god-mode", "headers": {"Accept": ["*/*"], "User-Agent": ["curl/8.20.0"]}}, "bytes_read": 0, "user_id": "", "duration": 0.001011257, "size": 5589, "status": 200, "resp_headers": {"X-Content-Type-Options": ["nosniff"], "X-Frame-Options": ["DENY"], "Content-Type": ["text/html; charset=utf-8"], "Accept-Ranges": ["bytes"], "Content-Length": ["5589"], "X-Xss-Protection": ["1; mode=block"], "Vary": ["Accept-Encoding"], "Etag": ["\"dlbu270dl7284b9\""], "Last-Modified": ["Thu, 10 Sep 2026 18:04:02 GMT"], "Server": ["Caddy"]}}
admin       | 2026/09/18 13:33:06.751	[34mINFO[0m	http.log.access.log0	handled request	{"request": {"remote_ip": "127.0.0.1", "remote_port": "45076", "client_ip": "127.0.0.1", "proto": "HTTP/1.1", "method": "GET", "host": "127.0.0.1:3000", "uri": "/god-mode", "headers": {"User-Agent": ["curl/8.20.0"], "Accept": ["*/*"]}}, "bytes_read": 0, "user_id": "", "duration": 0.000649347, "size": 5589, "status": 200, "resp_headers": {"X-Content-Type-Options": ["nosniff"], "X-Xss-Protection": ["1; mode=block"], "Content-Type": ["text/html; charset=utf-8"], "Content-Length": ["5589"], "Server": ["Caddy"], "X-Frame-Options": ["DENY"], "Vary": ["Accept-Encoding"], "Etag": ["\"dlbu270dl7284b9\""], "Last-Modified": ["Thu, 10 Sep 2026 18:04:02 GMT"], "Accept-Ranges": ["bytes"]}}
admin       | 2026/09/18 13:33:36.845	[34mINFO[0m	http.log.access.log0	handled request	{"request": {"remote_ip": "127.0.0.1", "remote_port": "53718", "client_ip": "127.0.0.1", "proto": "HTTP/1.1", "method": "GET", "host": "127.0.0.1:3000", "uri": "/god-mode", "headers": {"Accept": ["*/*"], "User-Agent": ["curl/8.20.0"]}}, "bytes_read": 0, "user_id": "", "duration": 0.000619457, "size": 5589, "status": 200, "resp_headers": {"Last-Modified": ["Thu, 10 Sep 2026 18:04:02 GMT"], "Accept-Ranges": ["bytes"], "Server": ["Caddy"], "X-Content-Type-Options": ["nosniff"], "Vary": ["Accept-Encoding"], "Content-Type": ["text/html; charset=utf-8"], "Content-Length": ["5589"], "X-Frame-Options": ["DENY"], "X-Xss-Protection": ["1; mode=block"], "Etag": ["\"dlbu270dl7284b9\""]}}
admin       | 2026/09/18 13:34:06.954	[34mINFO[0m	http.log.access.log0	handled request	{"request": {"remote_ip": "127.0.0.1", "remote_port": "38154", "client_ip": "127.0.0.1", "proto": "HTTP/1.1", "method": "GET", "host": "127.0.0.1:3000", "uri": "/god-mode", "headers": {"Accept": ["*/*"], "User-Agent": ["curl/8.20.0"]}}, "bytes_read": 0, "user_id": "", "duration": 0.000659961, "size": 5589, "status": 200, "resp_headers": {"X-Content-Type-Options": ["nosniff"], "X-Frame-Options": ["DENY"], "X-Xss-Protection": ["1; mode=block"], "Vary": ["Accept-Encoding"], "Etag": ["\"dlbu270dl7284b9\""], "Content-Type": ["text/html; charset=utf-8"], "Accept-Ranges": ["bytes"], "Content-Length": ["5589"], "Server": ["Caddy"], "Last-Modified": ["Thu, 10 Sep 2026 18:04:02 GMT"]}}
admin       | 2026/09/18 13:34:37.056	[34mINFO[0m	http.log.access.log0	handled request	{"request": {"remote_ip": "127.0.0.1", "remote_port": "34452", "client_ip": "127.0.0.1", "proto": "HTTP/1.1", "method": "GET", "host": "127.0.0.1:3000", "uri": "/god-mode", "headers": {"Accept": ["*/*"], "User-Agent": ["curl/8.20.0"]}}, "bytes_read": 0, "user_id": "", "duration": 0.000554962, "size": 5589, "status": 200, "resp_headers": {"Server": ["Caddy"], "X-Frame-Options": ["DENY"], "X-Content-Type-Options": ["nosniff"], "Vary": ["Accept-Encoding"], "Etag": ["\"dlbu270dl7284b9\""], "Content-Type": ["text/html; charset=utf-8"], "Content-Length": ["5589"], "X-Xss-Protection": ["1; mode=block"], "Last-Modified": ["Thu, 10 Sep 2026 18:04:02 GMT"], "Accept-Ranges": ["bytes"]}}
admin       | 2026/09/18 13:35:07.144	[34mINFO[0m	http.log.access.log0	handled request	{"request": {"remote_ip": "127.0.0.1", "remote_port": "51020", "client_ip": "127.0.0.1", "proto": "HTTP/1.1", "method": "GET", "host": "127.0.0.1:3000", "uri": "/god-mode", "headers": {"User-Agent": ["curl/8.20.0"], "Accept": ["*/*"]}}, "bytes_read": 0, "user_id": "", "duration": 0.000960067, "size": 5589, "status": 200, "resp_headers": {"Content-Type": ["text/html; charset=utf-8"], "X-Xss-Protection": ["1; mode=block"], "Last-Modified": ["Thu, 10 Sep 2026 18:04:02 GMT"], "Accept-Ranges": ["bytes"], "Content-Length": ["5589"], "Server": ["Caddy"], "X-Frame-Options": ["DENY"], "X-Content-Type-Options": ["nosniff"], "Vary": ["Accept-Encoding"], "Etag": ["\"dlbu270dl7284b9\""]}}
admin       | 2026/09/18 13:35:37.230	[34mINFO[0m	http.log.access.log0	handled request	{"request": {"remote_ip": "127.0.0.1", "remote_port": "37038", "client_ip": "127.0.0.1", "proto": "HTTP/1.1", "method": "GET", "host": "127.0.0.1:3000", "uri": "/god-mode", "headers": {"User-Agent": ["curl/8.20.0"], "Accept": ["*/*"]}}, "bytes_read": 0, "user_id": "", "duration": 0.000547494, "size": 5589, "status": 200, "resp_headers": {"Server": ["Caddy"], "X-Content-Type-Options": ["nosniff"], "X-Frame-Options": ["DENY"], "X-Xss-Protection": ["1; mode=block"], "Content-Length": ["5589"], "Vary": ["Accept-Encoding"], "Etag": ["\"dlbu270dl7284b9\""], "Content-Type": ["text/html; charset=utf-8"], "Last-Modified": ["Thu, 10 Sep 2026 18:04:02 GMT"], "Accept-Ranges": ["bytes"]}}
admin       | 2026/09/18 13:36:07.332	[34mINFO[0m	http.log.access.log0	handled request	{"request": {"remote_ip": "127.0.0.1", "remote_port": "40418", "client_ip": "127.0.0.1", "proto": "HTTP/1.1", "method": "GET", "host": "127.0.0.1:3000", "uri": "/god-mode", "headers": {"User-Agent": ["curl/8.20.0"], "Accept": ["*/*"]}}, "bytes_read": 0, "user_id": "", "duration": 0.000786034, "size": 5589, "status": 200, "resp_headers": {"Accept-Ranges": ["bytes"], "Content-Length": ["5589"], "Server": ["Caddy"], "X-Content-Type-Options": ["nosniff"], "X-Frame-Options": ["DENY"], "X-Xss-Protection": ["1; mode=block"], "Vary": ["Accept-Encoding"], "Etag": ["\"dlbu270dl7284b9\""], "Content-Type": ["text/html; charset=utf-8"], "Last-Modified": ["Thu, 10 Sep 2026 18:04:02 GMT"]}}
admin       | 2026/09/18 13:36:37.415	[34mINFO[0m	http.log.access.log0	handled request	{"request": {"remote_ip": "127.0.0.1", "remote_port": "40770", "client_ip": "127.0.0.1", "proto": "HTTP/1.1", "method": "GET", "host": "127.0.0.1:3000", "uri": "/god-mode", "headers": {"User-Agent": ["curl/8.20.0"], "Accept": ["*/*"]}}, "bytes_read": 0, "user_id": "", "duration": 0.001788257, "size": 5589, "status": 200, "resp_headers": {"X-Content-Type-Options": ["nosniff"], "Vary": ["Accept-Encoding"], "Etag": ["\"dlbu270dl7284b9\""], "Content-Length": ["5589"], "Server": ["Caddy"], "X-Frame-Options": ["DENY"], "X-Xss-Protection": ["1; mode=block"], "Content-Type": ["text/html; charset=utf-8"], "Last-Modified": ["Thu, 10 Sep 2026 18:04:02 GMT"], "Accept-Ranges": ["bytes"]}}
admin       | 2026/09/18 13:37:07.495	[34mINFO[0m	http.log.access.log0	handled request	{"request": {"remote_ip": "127.0.0.1", "remote_port": "51936", "client_ip": "127.0.0.1", "proto": "HTTP/1.1", "method": "GET", "host": "127.0.0.1:3000", "uri": "/god-mode", "headers": {"User-Agent": ["curl/8.20.0"], "Accept": ["*/*"]}}, "bytes_read": 0, "user_id": "", "duration": 0.001511486, "size": 5589, "status": 200, "resp_headers": {"X-Content-Type-Options": ["nosniff"], "Content-Type": ["text/html; charset=utf-8"], "Last-Modified": ["Thu, 10 Sep 2026 18:04:02 GMT"], "Accept-Ranges": ["bytes"], "Content-Length": ["5589"], "Server": ["Caddy"], "X-Frame-Options": ["DENY"], "Vary": ["Accept-Encoding"], "Etag": ["\"dlbu270dl7284b9\""], "X-Xss-Protection": ["1; mode=block"]}}
admin       | 2026/09/18 13:37:37.573	[34mINFO[0m	http.log.access.log0	handled request	{"request": {"remote_ip": "127.0.0.1", "remote_port": "39830", "client_ip": "127.0.0.1", "proto": "HTTP/1.1", "method": "GET", "host": "127.0.0.1:3000", "uri": "/god-mode", "headers": {"User-Agent": ["curl/8.20.0"], "Accept": ["*/*"]}}, "bytes_read": 0, "user_id": "", "duration": 0.000479137, "size": 5589, "status": 200, "resp_headers": {"X-Frame-Options": ["DENY"], "X-Xss-Protection": ["1; mode=block"], "Content-Length": ["5589"], "Server": ["Caddy"], "Vary": ["Accept-Encoding"], "Etag": ["\"dlbu270dl7284b9\""], "Content-Type": ["text/html; charset=utf-8"], "Last-Modified": ["Thu, 10 Sep 2026 18:04:02 GMT"], "Accept-Ranges": ["bytes"], "X-Content-Type-Options": ["nosniff"]}}
admin       | 2026/09/18 13:38:07.694	[34mINFO[0m	http.log.access.log0	handled request	{"request": {"remote_ip": "127.0.0.1", "remote_port": "48036", "client_ip": "127.0.0.1", "proto": "HTTP/1.1", "method": "GET", "host": "127.0.0.1:3000", "uri": "/god-mode", "headers": {"User-Agent": ["curl/8.20.0"], "Accept": ["*/*"]}}, "bytes_read": 0, "user_id": "", "duration": 0.004170601, "size": 5589, "status": 200, "resp_headers": {"Accept-Ranges": ["bytes"], "Content-Length": ["5589"], "X-Content-Type-Options": ["nosniff"], "X-Frame-Options": ["DENY"], "X-Xss-Protection": ["1; mode=block"], "Etag": ["\"dlbu270dl7284b9\""], "Content-Type": ["text/html; charset=utf-8"], "Server": ["Caddy"], "Vary": ["Accept-Encoding"], "Last-Modified": ["Thu, 10 Sep 2026 18:04:02 GMT"]}}
admin       | 2026/09/18 13:38:37.776	[34mINFO[0m	http.log.access.log0	handled request	{"request": {"remote_ip": "127.0.0.1", "remote_port": "37170", "client_ip": "127.0.0.1", "proto": "HTTP/1.1", "method": "GET", "host": "127.0.0.1:3000", "uri": "/god-mode", "headers": {"User-Agent": ["curl/8.20.0"], "Accept": ["*/*"]}}, "bytes_read": 0, "user_id": "", "duration": 0.000616318, "size": 5589, "status": 200, "resp_headers": {"X-Content-Type-Options": ["nosniff"], "X-Frame-Options": ["DENY"], "Vary": ["Accept-Encoding"], "Accept-Ranges": ["bytes"], "Server": ["Caddy"], "Etag": ["\"dlbu270dl7284b9\""], "Content-Type": ["text/html; charset=utf-8"], "Last-Modified": ["Thu, 10 Sep 2026 18:04:02 GMT"], "Content-Length": ["5589"], "X-Xss-Protection": ["1; mode=block"]}}
admin       | 2026/09/18 13:39:07.873	[34mINFO[0m	http.log.access.log0	handled request	{"request": {"remote_ip": "127.0.0.1", "remote_port": "43510", "client_ip": "127.0.0.1", "proto": "HTTP/1.1", "method": "GET", "host": "127.0.0.1:3000", "uri": "/god-mode", "headers": {"User-Agent": ["curl/8.20.0"], "Accept": ["*/*"]}}, "bytes_read": 0, "user_id": "", "duration": 0.000723514, "size": 5589, "status": 200, "resp_headers": {"Etag": ["\"dlbu270dl7284b9\""], "Server": ["Caddy"], "X-Frame-Options": ["DENY"], "Content-Type": ["text/html; charset=utf-8"], "Last-Modified": ["Thu, 10 Sep 2026 18:04:02 GMT"], "Accept-Ranges": ["bytes"], "Content-Length": ["5589"], "X-Content-Type-Options": ["nosniff"], "X-Xss-Protection": ["1; mode=block"], "Vary": ["Accept-Encoding"]}}
admin       | 2026/09/18 13:39:37.950	[34mINFO[0m	http.log.access.log0	handled request	{"request": {"remote_ip": "127.0.0.1", "remote_port": "33626", "client_ip": "127.0.0.1", "proto": "HTTP/1.1", "method": "GET", "host": "127.0.0.1:3000", "uri": "/god-mode", "headers": {"User-Agent": ["curl/8.20.0"], "Accept": ["*/*"]}}, "bytes_read": 0, "user_id": "", "duration": 0.000630583, "size": 5589, "status": 200, "resp_headers": {"Accept-Ranges": ["bytes"], "Content-Length": ["5589"], "Server": ["Caddy"], "X-Content-Type-Options": ["nosniff"], "X-Frame-Options": ["DENY"], "X-Xss-Protection": ["1; mode=block"], "Vary": ["Accept-Encoding"], "Etag": ["\"dlbu270dl7284b9\""], "Last-Modified": ["Thu, 10 Sep 2026 18:04:02 GMT"], "Content-Type": ["text/html; charset=utf-8"]}}
admin       | 2026/09/18 13:40:08.093	[34mINFO[0m	http.log.access.log0	handled request	{"request": {"remote_ip": "127.0.0.1", "remote_port": "42614", "client_ip": "127.0.0.1", "proto": "HTTP/1.1", "method": "GET", "host": "127.0.0.1:3000", "uri": "/god-mode", "headers": {"User-Agent": ["curl/8.20.0"], "Accept": ["*/*"]}}, "bytes_read": 0, "user_id": "", "duration": 0.010125461, "size": 5589, "status": 200, "resp_headers": {"Server": ["Caddy"], "X-Content-Type-Options": ["nosniff"], "Etag": ["\"dlbu270dl7284b9\""], "Content-Type": ["text/html; charset=utf-8"], "X-Frame-Options": ["DENY"], "X-Xss-Protection": ["1; mode=block"], "Vary": ["Accept-Encoding"], "Last-Modified": ["Thu, 10 Sep 2026 18:04:02 GMT"], "Accept-Ranges": ["bytes"], "Content-Length": ["5589"]}}
admin       | 2026/09/18 13:40:38.192	[34mINFO[0m	http.log.access.log0	handled request	{"request": {"remote_ip": "127.0.0.1", "remote_port": "50966", "client_ip": "127.0.0.1", "proto": "HTTP/1.1", "method": "GET", "host": "127.0.0.1:3000", "uri": "/god-mode", "headers": {"User-Agent": ["curl/8.20.0"], "Accept": ["*/*"]}}, "bytes_read": 0, "user_id": "", "duration": 0.00128952, "size": 5589, "status": 200, "resp_headers": {"X-Xss-Protection": ["1; mode=block"], "Content-Type": ["text/html; charset=utf-8"], "Accept-Ranges": ["bytes"], "Content-Length": ["5589"], "Server": ["Caddy"], "X-Frame-Options": ["DENY"], "Vary": ["Accept-Encoding"], "Etag": ["\"dlbu270dl7284b9\""], "Last-Modified": ["Thu, 10 Sep 2026 18:04:02 GMT"], "X-Content-Type-Options": ["nosniff"]}}
admin       | 2026/09/18 13:41:08.269	[34mINFO[0m	http.log.access.log0	handled request	{"request": {"remote_ip": "127.0.0.1", "remote_port": "59752", "client_ip": "127.0.0.1", "proto": "HTTP/1.1", "method": "GET", "host": "127.0.0.1:3000", "uri": "/god-mode", "headers": {"User-Agent": ["curl/8.20.0"], "Accept": ["*/*"]}}, "bytes_read": 0, "user_id": "", "duration": 0.000697923, "size": 5589, "status": 200, "resp_headers": {"Accept-Ranges": ["bytes"], "Content-Length": ["5589"], "X-Frame-Options": ["DENY"], "X-Xss-Protection": ["1; mode=block"], "X-Content-Type-Options": ["nosniff"], "Vary": ["Accept-Encoding"], "Etag": ["\"dlbu270dl7284b9\""], "Content-Type": ["text/html; charset=utf-8"], "Server": ["Caddy"], "Last-Modified": ["Thu, 10 Sep 2026 18:04:02 GMT"]}}
admin       | 2026/09/18 13:41:38.340	[34mINFO[0m	http.log.access.log0	handled request	{"request": {"remote_ip": "127.0.0.1", "remote_port": "51292", "client_ip": "127.0.0.1", "proto": "HTTP/1.1", "method": "GET", "host": "127.0.0.1:3000", "uri": "/god-mode", "headers": {"User-Agent": ["curl/8.20.0"], "Accept": ["*/*"]}}, "bytes_read": 0, "user_id": "", "duration": 0.000555868, "size": 5589, "status": 200, "resp_headers": {"Server": ["Caddy"], "X-Frame-Options": ["DENY"], "X-Content-Type-Options": ["nosniff"], "Vary": ["Accept-Encoding"], "Content-Type": ["text/html; charset=utf-8"], "Accept-Ranges": ["bytes"], "Content-Length": ["5589"], "X-Xss-Protection": ["1; mode=block"], "Etag": ["\"dlbu270dl7284b9\""], "Last-Modified": ["Thu, 10 Sep 2026 18:04:02 GMT"]}}
admin       | 2026/09/18 13:42:08.472	[34mINFO[0m	http.log.access.log0	handled request	{"request": {"remote_ip": "127.0.0.1", "remote_port": "55794", "client_ip": "127.0.0.1", "proto": "HTTP/1.1", "method": "GET", "host": "127.0.0.1:3000", "uri": "/god-mode", "headers": {"User-Agent": ["curl/8.20.0"], "Accept": ["*/*"]}}, "bytes_read": 0, "user_id": "", "duration": 0.003247408, "size": 5589, "status": 200, "resp_headers": {"X-Frame-Options": ["DENY"], "X-Xss-Protection": ["1; mode=block"], "Vary": ["Accept-Encoding"], "Etag": ["\"dlbu270dl7284b9\""], "Last-Modified": ["Thu, 10 Sep 2026 18:04:02 GMT"], "Server": ["Caddy"], "X-Content-Type-Options": ["nosniff"], "Content-Type": ["text/html; charset=utf-8"], "Accept-Ranges": ["bytes"], "Content-Length": ["5589"]}}
admin       | 2026/09/18 13:42:38.558	[34mINFO[0m	http.log.access.log0	handled request	{"request": {"remote_ip": "127.0.0.1", "remote_port": "60052", "client_ip": "127.0.0.1", "proto": "HTTP/1.1", "method": "GET", "host": "127.0.0.1:3000", "uri": "/god-mode", "headers": {"User-Agent": ["curl/8.20.0"], "Accept": ["*/*"]}}, "bytes_read": 0, "user_id": "", "duration": 0.00094777, "size": 5589, "status": 200, "resp_headers": {"X-Frame-Options": ["DENY"], "X-Xss-Protection": ["1; mode=block"], "Etag": ["\"dlbu270dl7284b9\""], "Content-Type": ["text/html; charset=utf-8"], "Accept-Ranges": ["bytes"], "Content-Length": ["5589"], "Server": ["Caddy"], "Vary": ["Accept-Encoding"], "Last-Modified": ["Thu, 10 Sep 2026 18:04:02 GMT"], "X-Content-Type-Options": ["nosniff"]}}
admin       | 2026/09/18 13:43:08.633	[34mINFO[0m	http.log.access.log0	handled request	{"request": {"remote_ip": "127.0.0.1", "remote_port": "53516", "client_ip": "127.0.0.1", "proto": "HTTP/1.1", "method": "GET", "host": "127.0.0.1:3000", "uri": "/god-mode", "headers": {"User-Agent": ["curl/8.20.0"], "Accept": ["*/*"]}}, "bytes_read": 0, "user_id": "", "duration": 0.002038295, "size": 5589, "status": 200, "resp_headers": {"Accept-Ranges": ["bytes"], "Content-Length": ["5589"], "Server": ["Caddy"], "X-Content-Type-Options": ["nosniff"], "X-Frame-Options": ["DENY"], "Vary": ["Accept-Encoding"], "Etag": ["\"dlbu270dl7284b9\""], "Last-Modified": ["Thu, 10 Sep 2026 18:04:02 GMT"], "X-Xss-Protection": ["1; mode=block"], "Content-Type": ["text/html; charset=utf-8"]}}
admin       | 2026/09/18 13:43:38.710	[34mINFO[0m	http.log.access.log0	handled request	{"request": {"remote_ip": "127.0.0.1", "remote_port": "38118", "client_ip": "127.0.0.1", "proto": "HTTP/1.1", "method": "GET", "host": "127.0.0.1:3000", "uri": "/god-mode", "headers": {"User-Agent": ["curl/8.20.0"], "Accept": ["*/*"]}}, "bytes_read": 0, "user_id": "", "duration": 0.000597603, "size": 5589, "status": 200, "resp_headers": {"Server": ["Caddy"], "X-Content-Type-Options": ["nosniff"], "X-Xss-Protection": ["1; mode=block"], "Etag": ["\"dlbu270dl7284b9\""], "Content-Type": ["text/html; charset=utf-8"], "Last-Modified": ["Thu, 10 Sep 2026 18:04:02 GMT"], "Accept-Ranges": ["bytes"], "X-Frame-Options": ["DENY"], "Vary": ["Accept-Encoding"], "Content-Length": ["5589"]}}
admin       | 2026/09/18 13:44:08.803	[34mINFO[0m	http.log.access.log0	handled request	{"request": {"remote_ip": "127.0.0.1", "remote_port": "48510", "client_ip": "127.0.0.1", "proto": "HTTP/1.1", "method": "GET", "host": "127.0.0.1:3000", "uri": "/god-mode", "headers": {"User-Agent": ["curl/8.20.0"], "Accept": ["*/*"]}}, "bytes_read": 0, "user_id": "", "duration": 0.000615906, "size": 5589, "status": 200, "resp_headers": {"Accept-Ranges": ["bytes"], "Content-Length": ["5589"], "Server": ["Caddy"], "X-Content-Type-Options": ["nosniff"], "Vary": ["Accept-Encoding"], "Etag": ["\"dlbu270dl7284b9\""], "Last-Modified": ["Thu, 10 Sep 2026 18:04:02 GMT"], "X-Frame-Options": ["DENY"], "X-Xss-Protection": ["1; mode=block"], "Content-Type": ["text/html; charset=utf-8"]}}
admin       | 2026/09/18 13:44:38.913	[34mINFO[0m	http.log.access.log0	handled request	{"request": {"remote_ip": "127.0.0.1", "remote_port": "57036", "client_ip": "127.0.0.1", "proto": "HTTP/1.1", "method": "GET", "host": "127.0.0.1:3000", "uri": "/god-mode", "headers": {"User-Agent": ["curl/8.20.0"], "Accept": ["*/*"]}}, "bytes_read": 0, "user_id": "", "duration": 0.000601994, "size": 5589, "status": 200, "resp_headers": {"X-Content-Type-Options": ["nosniff"], "Content-Type": ["text/html; charset=utf-8"], "Last-Modified": ["Thu, 10 Sep 2026 18:04:02 GMT"], "Accept-Ranges": ["bytes"], "Content-Length": ["5589"], "X-Frame-Options": ["DENY"], "Vary": ["Accept-Encoding"], "Etag": ["\"dlbu270dl7284b9\""], "Server": ["Caddy"], "X-Xss-Protection": ["1; mode=block"]}}
admin       | 2026/09/18 13:45:08.999	[34mINFO[0m	http.log.access.log0	handled request	{"request": {"remote_ip": "127.0.0.1", "remote_port": "59526", "client_ip": "127.0.0.1", "proto": "HTTP/1.1", "method": "GET", "host": "127.0.0.1:3000", "uri": "/god-mode", "headers": {"User-Agent": ["curl/8.20.0"], "Accept": ["*/*"]}}, "bytes_read": 0, "user_id": "", "duration": 0.000718686, "size": 5589, "status": 200, "resp_headers": {"Server": ["Caddy"], "X-Frame-Options": ["DENY"], "X-Xss-Protection": ["1; mode=block"], "Vary": ["Accept-Encoding"], "Etag": ["\"dlbu270dl7284b9\""], "X-Content-Type-Options": ["nosniff"], "Content-Type": ["text/html; charset=utf-8"], "Last-Modified": ["Thu, 10 Sep 2026 18:04:02 GMT"], "Accept-Ranges": ["bytes"], "Content-Length": ["5589"]}}
admin       | 2026/09/18 13:45:39.096	[34mINFO[0m	http.log.access.log0	handled request	{"request": {"remote_ip": "127.0.0.1", "remote_port": "35438", "client_ip": "127.0.0.1", "proto": "HTTP/1.1", "method": "GET", "host": "127.0.0.1:3000", "uri": "/god-mode", "headers": {"User-Agent": ["curl/8.20.0"], "Accept": ["*/*"]}}, "bytes_read": 0, "user_id": "", "duration": 0.0006344, "size": 5589, "status": 200, "resp_headers": {"X-Content-Type-Options": ["nosniff"], "X-Frame-Options": ["DENY"], "Vary": ["Accept-Encoding"], "Etag": ["\"dlbu270dl7284b9\""], "Content-Type": ["text/html; charset=utf-8"], "Last-Modified": ["Thu, 10 Sep 2026 18:04:02 GMT"], "Accept-Ranges": ["bytes"], "Content-Length": ["5589"], "Server": ["Caddy"], "X-Xss-Protection": ["1; mode=block"]}}
admin       | 2026/09/18 13:46:09.201	[34mINFO[0m	http.log.access.log0	handled request	{"request": {"remote_ip": "127.0.0.1", "remote_port": "58376", "client_ip": "127.0.0.1", "proto": "HTTP/1.1", "method": "GET", "host": "127.0.0.1:3000", "uri": "/god-mode", "headers": {"User-Agent": ["curl/8.20.0"], "Accept": ["*/*"]}}, "bytes_read": 0, "user_id": "", "duration": 0.000685186, "size": 5589, "status": 200, "resp_headers": {"Accept-Ranges": ["bytes"], "Content-Length": ["5589"], "Server": ["Caddy"], "X-Xss-Protection": ["1; mode=block"], "Vary": ["Accept-Encoding"], "Etag": ["\"dlbu270dl7284b9\""], "X-Content-Type-Options": ["nosniff"], "X-Frame-Options": ["DENY"], "Content-Type": ["text/html; charset=utf-8"], "Last-Modified": ["Thu, 10 Sep 2026 18:04:02 GMT"]}}
admin       | 2026/09/18 13:46:39.287	[34mINFO[0m	http.log.access.log0	handled request	{"request": {"remote_ip": "127.0.0.1", "remote_port": "59732", "client_ip": "127.0.0.1", "proto": "HTTP/1.1", "method": "GET", "host": "127.0.0.1:3000", "uri": "/god-mode", "headers": {"User-Agent": ["curl/8.20.0"], "Accept": ["*/*"]}}, "bytes_read": 0, "user_id": "", "duration": 0.000570538, "size": 5589, "status": 200, "resp_headers": {"X-Frame-Options": ["DENY"], "Vary": ["Accept-Encoding"], "Last-Modified": ["Thu, 10 Sep 2026 18:04:02 GMT"], "Accept-Ranges": ["bytes"], "Content-Length": ["5589"], "X-Xss-Protection": ["1; mode=block"], "Etag": ["\"dlbu270dl7284b9\""], "Content-Type": ["text/html; charset=utf-8"], "Server": ["Caddy"], "X-Content-Type-Options": ["nosniff"]}}
admin       | 2026/09/18 13:47:09.381	[34mINFO[0m	http.log.access.log0	handled request	{"request": {"remote_ip": "127.0.0.1", "remote_port": "60068", "client_ip": "127.0.0.1", "proto": "HTTP/1.1", "method": "GET", "host": "127.0.0.1:3000", "uri": "/god-mode", "headers": {"Accept": ["*/*"], "User-Agent": ["curl/8.20.0"]}}, "bytes_read": 0, "user_id": "", "duration": 0.000514148, "size": 5589, "status": 200, "resp_headers": {"X-Frame-Options": ["DENY"], "X-Content-Type-Options": ["nosniff"], "Vary": ["Accept-Encoding"], "Last-Modified": ["Thu, 10 Sep 2026 18:04:02 GMT"], "Content-Length": ["5589"], "Server": ["Caddy"], "X-Xss-Protection": ["1; mode=block"], "Etag": ["\"dlbu270dl7284b9\""], "Content-Type": ["text/html; charset=utf-8"], "Accept-Ranges": ["bytes"]}}
admin       | 2026/09/18 13:47:39.469	[34mINFO[0m	http.log.access.log0	handled request	{"request": {"remote_ip": "127.0.0.1", "remote_port": "46092", "client_ip": "127.0.0.1", "proto": "HTTP/1.1", "method": "GET", "host": "127.0.0.1:3000", "uri": "/god-mode", "headers": {"User-Agent": ["curl/8.20.0"], "Accept": ["*/*"]}}, "bytes_read": 0, "user_id": "", "duration": 0.000524822, "size": 5589, "status": 200, "resp_headers": {"Vary": ["Accept-Encoding"], "Last-Modified": ["Thu, 10 Sep 2026 18:04:02 GMT"], "Accept-Ranges": ["bytes"], "Server": ["Caddy"], "X-Frame-Options": ["DENY"], "Etag": ["\"dlbu270dl7284b9\""], "Content-Type": ["text/html; charset=utf-8"], "Content-Length": ["5589"], "X-Content-Type-Options": ["nosniff"], "X-Xss-Protection": ["1; mode=block"]}}
admin       | 2026/09/18 13:48:09.568	[34mINFO[0m	http.log.access.log0	handled request	{"request": {"remote_ip": "127.0.0.1", "remote_port": "60682", "client_ip": "127.0.0.1", "proto": "HTTP/1.1", "method": "GET", "host": "127.0.0.1:3000", "uri": "/god-mode", "headers": {"User-Agent": ["curl/8.20.0"], "Accept": ["*/*"]}}, "bytes_read": 0, "user_id": "", "duration": 0.001242821, "size": 5589, "status": 200, "resp_headers": {"Vary": ["Accept-Encoding"], "Etag": ["\"dlbu270dl7284b9\""], "Content-Type": ["text/html; charset=utf-8"], "Last-Modified": ["Thu, 10 Sep 2026 18:04:02 GMT"], "Accept-Ranges": ["bytes"], "Server": ["Caddy"], "X-Content-Type-Options": ["nosniff"], "X-Frame-Options": ["DENY"], "Content-Length": ["5589"], "X-Xss-Protection": ["1; mode=block"]}}
admin       | 2026/09/18 13:48:39.644	[34mINFO[0m	http.log.access.log0	handled request	{"request": {"remote_ip": "127.0.0.1", "remote_port": "60734", "client_ip": "127.0.0.1", "proto": "HTTP/1.1", "method": "GET", "host": "127.0.0.1:3000", "uri": "/god-mode", "headers": {"User-Agent": ["curl/8.20.0"], "Accept": ["*/*"]}}, "bytes_read": 0, "user_id": "", "duration": 0.000708506, "size": 5589, "status": 200, "resp_headers": {"X-Content-Type-Options": ["nosniff"], "X-Frame-Options": ["DENY"], "Last-Modified": ["Thu, 10 Sep 2026 18:04:02 GMT"], "Content-Length": ["5589"], "Server": ["Caddy"], "X-Xss-Protection": ["1; mode=block"], "Vary": ["Accept-Encoding"], "Etag": ["\"dlbu270dl7284b9\""], "Content-Type": ["text/html; charset=utf-8"], "Accept-Ranges": ["bytes"]}}
admin       | 2026/09/18 13:49:09.726	[34mINFO[0m	http.log.access.log0	handled request	{"request": {"remote_ip": "127.0.0.1", "remote_port": "35868", "client_ip": "127.0.0.1", "proto": "HTTP/1.1", "method": "GET", "host": "127.0.0.1:3000", "uri": "/god-mode", "headers": {"User-Agent": ["curl/8.20.0"], "Accept": ["*/*"]}}, "bytes_read": 0, "user_id": "", "duration": 0.000436094, "size": 5589, "status": 200, "resp_headers": {"Server": ["Caddy"], "X-Content-Type-Options": ["nosniff"], "X-Xss-Protection": ["1; mode=block"], "Vary": ["Accept-Encoding"], "Etag": ["\"dlbu270dl7284b9\""], "Last-Modified": ["Thu, 10 Sep 2026 18:04:02 GMT"], "X-Frame-Options": ["DENY"], "Content-Type": ["text/html; charset=utf-8"], "Accept-Ranges": ["bytes"], "Content-Length": ["5589"]}}
admin       | 2026/09/18 13:49:39.802	[34mINFO[0m	http.log.access.log0	handled request	{"request": {"remote_ip": "127.0.0.1", "remote_port": "59886", "client_ip": "127.0.0.1", "proto": "HTTP/1.1", "method": "GET", "host": "127.0.0.1:3000", "uri": "/god-mode", "headers": {"User-Agent": ["curl/8.20.0"], "Accept": ["*/*"]}}, "bytes_read": 0, "user_id": "", "duration": 0.000699053, "size": 5589, "status": 200, "resp_headers": {"X-Content-Type-Options": ["nosniff"], "X-Xss-Protection": ["1; mode=block"], "Vary": ["Accept-Encoding"], "Last-Modified": ["Thu, 10 Sep 2026 18:04:02 GMT"], "X-Frame-Options": ["DENY"], "Etag": ["\"dlbu270dl7284b9\""], "Content-Type": ["text/html; charset=utf-8"], "Accept-Ranges": ["bytes"], "Content-Length": ["5589"], "Server": ["Caddy"]}}
admin       | 2026/09/18 13:50:09.932	[34mINFO[0m	http.log.access.log0	handled request	{"request": {"remote_ip": "127.0.0.1", "remote_port": "45544", "client_ip": "127.0.0.1", "proto": "HTTP/1.1", "method": "GET", "host": "127.0.0.1:3000", "uri": "/god-mode", "headers": {"User-Agent": ["curl/8.20.0"], "Accept": ["*/*"]}}, "bytes_read": 0, "user_id": "", "duration": 0.000636552, "size": 5589, "status": 200, "resp_headers": {"Vary": ["Accept-Encoding"], "Content-Type": ["text/html; charset=utf-8"], "Accept-Ranges": ["bytes"], "Server": ["Caddy"], "Etag": ["\"dlbu270dl7284b9\""], "Last-Modified": ["Thu, 10 Sep 2026 18:04:02 GMT"], "Content-Length": ["5589"], "X-Content-Type-Options": ["nosniff"], "X-Frame-Options": ["DENY"], "X-Xss-Protection": ["1; mode=block"]}}
admin       | 2026/09/18 13:50:40.017	[34mINFO[0m	http.log.access.log0	handled request	{"request": {"remote_ip": "127.0.0.1", "remote_port": "37196", "client_ip": "127.0.0.1", "proto": "HTTP/1.1", "method": "GET", "host": "127.0.0.1:3000", "uri": "/god-mode", "headers": {"Accept": ["*/*"], "User-Agent": ["curl/8.20.0"]}}, "bytes_read": 0, "user_id": "", "duration": 0.000639829, "size": 5589, "status": 200, "resp_headers": {"X-Frame-Options": ["DENY"], "Etag": ["\"dlbu270dl7284b9\""], "Content-Type": ["text/html; charset=utf-8"], "Last-Modified": ["Thu, 10 Sep 2026 18:04:02 GMT"], "Vary": ["Accept-Encoding"], "Accept-Ranges": ["bytes"], "Content-Length": ["5589"], "Server": ["Caddy"], "X-Xss-Protection": ["1; mode=block"], "X-Content-Type-Options": ["nosniff"]}}
admin       | 2026/09/18 13:51:10.097	[34mINFO[0m	http.log.access.log0	handled request	{"request": {"remote_ip": "127.0.0.1", "remote_port": "48096", "client_ip": "127.0.0.1", "proto": "HTTP/1.1", "method": "GET", "host": "127.0.0.1:3000", "uri": "/god-mode", "headers": {"User-Agent": ["curl/8.20.0"], "Accept": ["*/*"]}}, "bytes_read": 0, "user_id": "", "duration": 0.000506851, "size": 5589, "status": 200, "resp_headers": {"Server": ["Caddy"], "X-Content-Type-Options": ["nosniff"], "X-Xss-Protection": ["1; mode=block"], "Content-Type": ["text/html; charset=utf-8"], "Last-Modified": ["Thu, 10 Sep 2026 18:04:02 GMT"], "Content-Length": ["5589"], "X-Frame-Options": ["DENY"], "Vary": ["Accept-Encoding"], "Etag": ["\"dlbu270dl7284b9\""], "Accept-Ranges": ["bytes"]}}
admin       | 2026/09/18 13:51:40.180	[34mINFO[0m	http.log.access.log0	handled request	{"request": {"remote_ip": "127.0.0.1", "remote_port": "54532", "client_ip": "127.0.0.1", "proto": "HTTP/1.1", "method": "GET", "host": "127.0.0.1:3000", "uri": "/god-mode", "headers": {"User-Agent": ["curl/8.20.0"], "Accept": ["*/*"]}}, "bytes_read": 0, "user_id": "", "duration": 0.000627113, "size": 5589, "status": 200, "resp_headers": {"Content-Type": ["text/html; charset=utf-8"], "Last-Modified": ["Thu, 10 Sep 2026 18:04:02 GMT"], "Accept-Ranges": ["bytes"], "Server": ["Caddy"], "X-Content-Type-Options": ["nosniff"], "X-Frame-Options": ["DENY"], "X-Xss-Protection": ["1; mode=block"], "Vary": ["Accept-Encoding"], "Content-Length": ["5589"], "Etag": ["\"dlbu270dl7284b9\""]}}
admin       | 2026/09/18 13:52:10.311	[34mINFO[0m	http.log.access.log0	handled request	{"request": {"remote_ip": "127.0.0.1", "remote_port": "34476", "client_ip": "127.0.0.1", "proto": "HTTP/1.1", "method": "GET", "host": "127.0.0.1:3000", "uri": "/god-mode", "headers": {"User-Agent": ["curl/8.20.0"], "Accept": ["*/*"]}}, "bytes_read": 0, "user_id": "", "duration": 0.005772492, "size": 5589, "status": 200, "resp_headers": {"X-Frame-Options": ["DENY"], "Etag": ["\"dlbu270dl7284b9\""], "Last-Modified": ["Thu, 10 Sep 2026 18:04:02 GMT"], "Accept-Ranges": ["bytes"], "Server": ["Caddy"], "X-Content-Type-Options": ["nosniff"], "X-Xss-Protection": ["1; mode=block"], "Vary": ["Accept-Encoding"], "Content-Type": ["text/html; charset=utf-8"], "Content-Length": ["5589"]}}
admin       | 2026/09/18 13:52:40.396	[34mINFO[0m	http.log.access.log0	handled request	{"request": {"remote_ip": "127.0.0.1", "remote_port": "36078", "client_ip": "127.0.0.1", "proto": "HTTP/1.1", "method": "GET", "host": "127.0.0.1:3000", "uri": "/god-mode", "headers": {"Accept": ["*/*"], "User-Agent": ["curl/8.20.0"]}}, "bytes_read": 0, "user_id": "", "duration": 0.000586371, "size": 5589, "status": 200, "resp_headers": {"Server": ["Caddy"], "X-Content-Type-Options": ["nosniff"], "X-Frame-Options": ["DENY"], "X-Xss-Protection": ["1; mode=block"], "Etag": ["\"dlbu270dl7284b9\""], "Content-Type": ["text/html; charset=utf-8"], "Last-Modified": ["Thu, 10 Sep 2026 18:04:02 GMT"], "Vary": ["Accept-Encoding"], "Accept-Ranges": ["bytes"], "Content-Length": ["5589"]}}
admin       | 2026/09/18 13:53:10.475	[34mINFO[0m	http.log.access.log0	handled request	{"request": {"remote_ip": "127.0.0.1", "remote_port": "36422", "client_ip": "127.0.0.1", "proto": "HTTP/1.1", "method": "GET", "host": "127.0.0.1:3000", "uri": "/god-mode", "headers": {"User-Agent": ["curl/8.20.0"], "Accept": ["*/*"]}}, "bytes_read": 0, "user_id": "", "duration": 0.000629017, "size": 5589, "status": 200, "resp_headers": {"Accept-Ranges": ["bytes"], "Content-Length": ["5589"], "Server": ["Caddy"], "X-Content-Type-Options": ["nosniff"], "X-Frame-Options": ["DENY"], "X-Xss-Protection": ["1; mode=block"], "Vary": ["Accept-Encoding"], "Etag": ["\"dlbu270dl7284b9\""], "Content-Type": ["text/html; charset=utf-8"], "Last-Modified": ["Thu, 10 Sep 2026 18:04:02 GMT"]}}
admin       | 2026/09/18 13:53:40.557	[34mINFO[0m	http.log.access.log0	handled request	{"request": {"remote_ip": "127.0.0.1", "remote_port": "41396", "client_ip": "127.0.0.1", "proto": "HTTP/1.1", "method": "GET", "host": "127.0.0.1:3000", "uri": "/god-mode", "headers": {"User-Agent": ["curl/8.20.0"], "Accept": ["*/*"]}}, "bytes_read": 0, "user_id": "", "duration": 0.000686701, "size": 5589, "status": 200, "resp_headers": {"X-Content-Type-Options": ["nosniff"], "X-Frame-Options": ["DENY"], "Last-Modified": ["Thu, 10 Sep 2026 18:04:02 GMT"], "Accept-Ranges": ["bytes"], "X-Xss-Protection": ["1; mode=block"], "Vary": ["Accept-Encoding"], "Etag": ["\"dlbu270dl7284b9\""], "Content-Type": ["text/html; charset=utf-8"], "Content-Length": ["5589"], "Server": ["Caddy"]}}
admin       | 2026/09/18 13:54:10.672	[34mINFO[0m	http.log.access.log0	handled request	{"request": {"remote_ip": "127.0.0.1", "remote_port": "55506", "client_ip": "127.0.0.1", "proto": "HTTP/1.1", "method": "GET", "host": "127.0.0.1:3000", "uri": "/god-mode", "headers": {"User-Agent": ["curl/8.20.0"], "Accept": ["*/*"]}}, "bytes_read": 0, "user_id": "", "duration": 0.000793563, "size": 5589, "status": 200, "resp_headers": {"Content-Length": ["5589"], "X-Content-Type-Options": ["nosniff"], "X-Frame-Options": ["DENY"], "X-Xss-Protection": ["1; mode=block"], "Etag": ["\"dlbu270dl7284b9\""], "Accept-Ranges": ["bytes"], "Server": ["Caddy"], "Vary": ["Accept-Encoding"], "Content-Type": ["text/html; charset=utf-8"], "Last-Modified": ["Thu, 10 Sep 2026 18:04:02 GMT"]}}
admin       | 2026/09/18 13:54:40.750	[34mINFO[0m	http.log.access.log0	handled request	{"request": {"remote_ip": "127.0.0.1", "remote_port": "34552", "client_ip": "127.0.0.1", "proto": "HTTP/1.1", "method": "GET", "host": "127.0.0.1:3000", "uri": "/god-mode", "headers": {"User-Agent": ["curl/8.20.0"], "Accept": ["*/*"]}}, "bytes_read": 0, "user_id": "", "duration": 0.000690781, "size": 5589, "status": 200, "resp_headers": {"Etag": ["\"dlbu270dl7284b9\""], "Content-Type": ["text/html; charset=utf-8"], "Server": ["Caddy"], "X-Content-Type-Options": ["nosniff"], "X-Frame-Options": ["DENY"], "Last-Modified": ["Thu, 10 Sep 2026 18:04:02 GMT"], "Accept-Ranges": ["bytes"], "Content-Length": ["5589"], "X-Xss-Protection": ["1; mode=block"], "Vary": ["Accept-Encoding"]}}
admin       | 2026/09/18 13:55:10.833	[34mINFO[0m	http.log.access.log0	handled request	{"request": {"remote_ip": "127.0.0.1", "remote_port": "59838", "client_ip": "127.0.0.1", "proto": "HTTP/1.1", "method": "GET", "host": "127.0.0.1:3000", "uri": "/god-mode", "headers": {"Accept": ["*/*"], "User-Agent": ["curl/8.20.0"]}}, "bytes_read": 0, "user_id": "", "duration": 0.000784743, "size": 5589, "status": 200, "resp_headers": {"X-Content-Type-Options": ["nosniff"], "X-Xss-Protection": ["1; mode=block"], "Vary": ["Accept-Encoding"], "Etag": ["\"dlbu270dl7284b9\""], "Content-Type": ["text/html; charset=utf-8"], "Accept-Ranges": ["bytes"], "Content-Length": ["5589"], "Server": ["Caddy"], "X-Frame-Options": ["DENY"], "Last-Modified": ["Thu, 10 Sep 2026 18:04:02 GMT"]}}
admin       | 2026/09/18 13:55:40.921	[34mINFO[0m	http.log.access.log0	handled request	{"request": {"remote_ip": "127.0.0.1", "remote_port": "42946", "client_ip": "127.0.0.1", "proto": "HTTP/1.1", "method": "GET", "host": "127.0.0.1:3000", "uri": "/god-mode", "headers": {"User-Agent": ["curl/8.20.0"], "Accept": ["*/*"]}}, "bytes_read": 0, "user_id": "", "duration": 0.000744448, "size": 5589, "status": 200, "resp_headers": {"Server": ["Caddy"], "X-Xss-Protection": ["1; mode=block"], "X-Content-Type-Options": ["nosniff"], "Last-Modified": ["Thu, 10 Sep 2026 18:04:02 GMT"], "Accept-Ranges": ["bytes"], "X-Frame-Options": ["DENY"], "Vary": ["Accept-Encoding"], "Etag": ["\"dlbu270dl7284b9\""], "Content-Type": ["text/html; charset=utf-8"], "Content-Length": ["5589"]}}
admin       | 2026/09/18 13:56:11.039	[34mINFO[0m	http.log.access.log0	handled request	{"request": {"remote_ip": "127.0.0.1", "remote_port": "52336", "client_ip": "127.0.0.1", "proto": "HTTP/1.1", "method": "GET", "host": "127.0.0.1:3000", "uri": "/god-mode", "headers": {"User-Agent": ["curl/8.20.0"], "Accept": ["*/*"]}}, "bytes_read": 0, "user_id": "", "duration": 0.00581574, "size": 5589, "status": 200, "resp_headers": {"Etag": ["\"dlbu270dl7284b9\""], "Content-Type": ["text/html; charset=utf-8"], "Accept-Ranges": ["bytes"], "Content-Length": ["5589"], "Server": ["Caddy"], "X-Content-Type-Options": ["nosniff"], "X-Frame-Options": ["DENY"], "X-Xss-Protection": ["1; mode=block"], "Vary": ["Accept-Encoding"], "Last-Modified": ["Thu, 10 Sep 2026 18:04:02 GMT"]}}
admin       | 2026/09/18 13:56:41.120	[34mINFO[0m	http.log.access.log0	handled request	{"request": {"remote_ip": "127.0.0.1", "remote_port": "38742", "client_ip": "127.0.0.1", "proto": "HTTP/1.1", "method": "GET", "host": "127.0.0.1:3000", "uri": "/god-mode", "headers": {"User-Agent": ["curl/8.20.0"], "Accept": ["*/*"]}}, "bytes_read": 0, "user_id": "", "duration": 0.000789676, "size": 5589, "status": 200, "resp_headers": {"Server": ["Caddy"], "X-Content-Type-Options": ["nosniff"], "X-Frame-Options": ["DENY"], "X-Xss-Protection": ["1; mode=block"], "Content-Type": ["text/html; charset=utf-8"], "Accept-Ranges": ["bytes"], "Vary": ["Accept-Encoding"], "Etag": ["\"dlbu270dl7284b9\""], "Last-Modified": ["Thu, 10 Sep 2026 18:04:02 GMT"], "Content-Length": ["5589"]}}
admin       | 2026/09/18 13:57:11.200	[34mINFO[0m	http.log.access.log0	handled request	{"request": {"remote_ip": "127.0.0.1", "remote_port": "43708", "client_ip": "127.0.0.1", "proto": "HTTP/1.1", "method": "GET", "host": "127.0.0.1:3000", "uri": "/god-mode", "headers": {"Accept": ["*/*"], "User-Agent": ["curl/8.20.0"]}}, "bytes_read": 0, "user_id": "", "duration": 0.000767239, "size": 5589, "status": 200, "resp_headers": {"X-Xss-Protection": ["1; mode=block"], "X-Frame-Options": ["DENY"], "Vary": ["Accept-Encoding"], "Server": ["Caddy"], "X-Content-Type-Options": ["nosniff"], "Etag": ["\"dlbu270dl7284b9\""], "Content-Type": ["text/html; charset=utf-8"], "Last-Modified": ["Thu, 10 Sep 2026 18:04:02 GMT"], "Accept-Ranges": ["bytes"], "Content-Length": ["5589"]}}
admin       | 2026/09/18 13:57:41.282	[34mINFO[0m	http.log.access.log0	handled request	{"request": {"remote_ip": "127.0.0.1", "remote_port": "35200", "client_ip": "127.0.0.1", "proto": "HTTP/1.1", "method": "GET", "host": "127.0.0.1:3000", "uri": "/god-mode", "headers": {"User-Agent": ["curl/8.20.0"], "Accept": ["*/*"]}}, "bytes_read": 0, "user_id": "", "duration": 0.000487063, "size": 5589, "status": 200, "resp_headers": {"Vary": ["Accept-Encoding"], "Content-Type": ["text/html; charset=utf-8"], "Last-Modified": ["Thu, 10 Sep 2026 18:04:02 GMT"], "Server": ["Caddy"], "X-Xss-Protection": ["1; mode=block"], "Etag": ["\"dlbu270dl7284b9\""], "Accept-Ranges": ["bytes"], "Content-Length": ["5589"], "X-Content-Type-Options": ["nosniff"], "X-Frame-Options": ["DENY"]}}
admin       | 2026/09/18 13:58:11.385	[34mINFO[0m	http.log.access.log0	handled request	{"request": {"remote_ip": "127.0.0.1", "remote_port": "42428", "client_ip": "127.0.0.1", "proto": "HTTP/1.1", "method": "GET", "host": "127.0.0.1:3000", "uri": "/god-mode", "headers": {"User-Agent": ["curl/8.20.0"], "Accept": ["*/*"]}}, "bytes_read": 0, "user_id": "", "duration": 0.000714661, "size": 5589, "status": 200, "resp_headers": {"X-Frame-Options": ["DENY"], "X-Xss-Protection": ["1; mode=block"], "Etag": ["\"dlbu270dl7284b9\""], "Accept-Ranges": ["bytes"], "Server": ["Caddy"], "X-Content-Type-Options": ["nosniff"], "Vary": ["Accept-Encoding"], "Content-Type": ["text/html; charset=utf-8"], "Last-Modified": ["Thu, 10 Sep 2026 18:04:02 GMT"], "Content-Length": ["5589"]}}
admin       | 2026/09/18 13:58:41.462	[34mINFO[0m	http.log.access.log0	handled request	{"request": {"remote_ip": "127.0.0.1", "remote_port": "52026", "client_ip": "127.0.0.1", "proto": "HTTP/1.1", "method": "GET", "host": "127.0.0.1:3000", "uri": "/god-mode", "headers": {"User-Agent": ["curl/8.20.0"], "Accept": ["*/*"]}}, "bytes_read": 0, "user_id": "", "duration": 0.000888173, "size": 5589, "status": 200, "resp_headers": {"Server": ["Caddy"], "X-Frame-Options": ["DENY"], "X-Xss-Protection": ["1; mode=block"], "Vary": ["Accept-Encoding"], "Etag": ["\"dlbu270dl7284b9\""], "Accept-Ranges": ["bytes"], "Content-Length": ["5589"], "X-Content-Type-Options": ["nosniff"], "Content-Type": ["text/html; charset=utf-8"], "Last-Modified": ["Thu, 10 Sep 2026 18:04:02 GMT"]}}
admin       | 2026/09/18 13:59:11.537	[34mINFO[0m	http.log.access.log0	handled request	{"request": {"remote_ip": "127.0.0.1", "remote_port": "40752", "client_ip": "127.0.0.1", "proto": "HTTP/1.1", "method": "GET", "host": "127.0.0.1:3000", "uri": "/god-mode", "headers": {"User-Agent": ["curl/8.20.0"], "Accept": ["*/*"]}}, "bytes_read": 0, "user_id": "", "duration": 0.000613522, "size": 5589, "status": 200, "resp_headers": {"X-Frame-Options": ["DENY"], "Vary": ["Accept-Encoding"], "Etag": ["\"dlbu270dl7284b9\""], "Last-Modified": ["Thu, 10 Sep 2026 18:04:02 GMT"], "Accept-Ranges": ["bytes"], "Content-Type": ["text/html; charset=utf-8"], "Content-Length": ["5589"], "Server": ["Caddy"], "X-Xss-Protection": ["1; mode=block"], "X-Content-Type-Options": ["nosniff"]}}
admin       | 2026/09/18 13:59:41.611	[34mINFO[0m	http.log.access.log0	handled request	{"request": {"remote_ip": "127.0.0.1", "remote_port": "58782", "client_ip": "127.0.0.1", "proto": "HTTP/1.1", "method": "GET", "host": "127.0.0.1:3000", "uri": "/god-mode", "headers": {"User-Agent": ["curl/8.20.0"], "Accept": ["*/*"]}}, "bytes_read": 0, "user_id": "", "duration": 0.000625414, "size": 5589, "status": 200, "resp_headers": {"Content-Type": ["text/html; charset=utf-8"], "Content-Length": ["5589"], "X-Content-Type-Options": ["nosniff"], "X-Frame-Options": ["DENY"], "Vary": ["Accept-Encoding"], "Last-Modified": ["Thu, 10 Sep 2026 18:04:02 GMT"], "Accept-Ranges": ["bytes"], "Server": ["Caddy"], "X-Xss-Protection": ["1; mode=block"], "Etag": ["\"dlbu270dl7284b9\""]}}
admin       | 2026/09/18 14:00:11.736	[34mINFO[0m	http.log.access.log0	handled request	{"request": {"remote_ip": "127.0.0.1", "remote_port": "35774", "client_ip": "127.0.0.1", "proto": "HTTP/1.1", "method": "GET", "host": "127.0.0.1:3000", "uri": "/god-mode", "headers": {"User-Agent": ["curl/8.20.0"], "Accept": ["*/*"]}}, "bytes_read": 0, "user_id": "", "duration": 0.004203646, "size": 5589, "status": 200, "resp_headers": {"Etag": ["\"dlbu270dl7284b9\""], "Last-Modified": ["Thu, 10 Sep 2026 18:04:02 GMT"], "Accept-Ranges": ["bytes"], "Vary": ["Accept-Encoding"], "Content-Type": ["text/html; charset=utf-8"], "Content-Length": ["5589"], "Server": ["Caddy"], "X-Content-Type-Options": ["nosniff"], "X-Frame-Options": ["DENY"], "X-Xss-Protection": ["1; mode=block"]}}
admin       | 2026/09/18 14:00:41.845	[34mINFO[0m	http.log.access.log0	handled request	{"request": {"remote_ip": "127.0.0.1", "remote_port": "59182", "client_ip": "127.0.0.1", "proto": "HTTP/1.1", "method": "GET", "host": "127.0.0.1:3000", "uri": "/god-mode", "headers": {"User-Agent": ["curl/8.20.0"], "Accept": ["*/*"]}}, "bytes_read": 0, "user_id": "", "duration": 0.000875194, "size": 5589, "status": 200, "resp_headers": {"Accept-Ranges": ["bytes"], "X-Frame-Options": ["DENY"], "X-Xss-Protection": ["1; mode=block"], "Etag": ["\"dlbu270dl7284b9\""], "Content-Type": ["text/html; charset=utf-8"], "Last-Modified": ["Thu, 10 Sep 2026 18:04:02 GMT"], "Content-Length": ["5589"], "Server": ["Caddy"], "X-Content-Type-Options": ["nosniff"], "Vary": ["Accept-Encoding"]}}
admin       | 2026/09/18 14:01:11.932	[34mINFO[0m	http.log.access.log0	handled request	{"request": {"remote_ip": "127.0.0.1", "remote_port": "56766", "client_ip": "127.0.0.1", "proto": "HTTP/1.1", "method": "GET", "host": "127.0.0.1:3000", "uri": "/god-mode", "headers": {"User-Agent": ["curl/8.20.0"], "Accept": ["*/*"]}}, "bytes_read": 0, "user_id": "", "duration": 0.000748976, "size": 5589, "status": 200, "resp_headers": {"X-Frame-Options": ["DENY"], "X-Xss-Protection": ["1; mode=block"], "Vary": ["Accept-Encoding"], "Content-Type": ["text/html; charset=utf-8"], "Accept-Ranges": ["bytes"], "Content-Length": ["5589"], "Server": ["Caddy"], "X-Content-Type-Options": ["nosniff"], "Etag": ["\"dlbu270dl7284b9\""], "Last-Modified": ["Thu, 10 Sep 2026 18:04:02 GMT"]}}
admin       | 2026/09/18 14:01:42.023	[34mINFO[0m	http.log.access.log0	handled request	{"request": {"remote_ip": "127.0.0.1", "remote_port": "47406", "client_ip": "127.0.0.1", "proto": "HTTP/1.1", "method": "GET", "host": "127.0.0.1:3000", "uri": "/god-mode", "headers": {"User-Agent": ["curl/8.20.0"], "Accept": ["*/*"]}}, "bytes_read": 0, "user_id": "", "duration": 0.00060625, "size": 5589, "status": 200, "resp_headers": {"Accept-Ranges": ["bytes"], "Content-Type": ["text/html; charset=utf-8"], "Content-Length": ["5589"], "Server": ["Caddy"], "X-Content-Type-Options": ["nosniff"], "X-Frame-Options": ["DENY"], "X-Xss-Protection": ["1; mode=block"], "Vary": ["Accept-Encoding"], "Etag": ["\"dlbu270dl7284b9\""], "Last-Modified": ["Thu, 10 Sep 2026 18:04:02 GMT"]}}
admin       | 2026/09/18 14:02:12.126	[34mINFO[0m	http.log.access.log0	handled request	{"request": {"remote_ip": "127.0.0.1", "remote_port": "53820", "client_ip": "127.0.0.1", "proto": "HTTP/1.1", "method": "GET", "host": "127.0.0.1:3000", "uri": "/god-mode", "headers": {"User-Agent": ["curl/8.20.0"], "Accept": ["*/*"]}}, "bytes_read": 0, "user_id": "", "duration": 0.000633087, "size": 5589, "status": 200, "resp_headers": {"Content-Length": ["5589"], "Server": ["Caddy"], "X-Content-Type-Options": ["nosniff"], "X-Xss-Protection": ["1; mode=block"], "Vary": ["Accept-Encoding"], "Content-Type": ["text/html; charset=utf-8"], "Accept-Ranges": ["bytes"], "X-Frame-Options": ["DENY"], "Etag": ["\"dlbu270dl7284b9\""], "Last-Modified": ["Thu, 10 Sep 2026 18:04:02 GMT"]}}
admin       | 2026/09/18 14:02:42.327	[34mINFO[0m	http.log.access.log0	handled request	{"request": {"remote_ip": "127.0.0.1", "remote_port": "35362", "client_ip": "127.0.0.1", "proto": "HTTP/1.1", "method": "GET", "host": "127.0.0.1:3000", "uri": "/god-mode", "headers": {"User-Agent": ["curl/8.20.0"], "Accept": ["*/*"]}}, "bytes_read": 0, "user_id": "", "duration": 0.001045446, "size": 5589, "status": 200, "resp_headers": {"Accept-Ranges": ["bytes"], "X-Xss-Protection": ["1; mode=block"], "X-Content-Type-Options": ["nosniff"], "Etag": ["\"dlbu270dl7284b9\""], "Content-Type": ["text/html; charset=utf-8"], "Last-Modified": ["Thu, 10 Sep 2026 18:04:02 GMT"], "Content-Length": ["5589"], "Server": ["Caddy"], "X-Frame-Options": ["DENY"], "Vary": ["Accept-Encoding"]}}
admin       | 2026/09/18 14:03:12.546	[34mINFO[0m	http.log.access.log0	handled request	{"request": {"remote_ip": "127.0.0.1", "remote_port": "41376", "client_ip": "127.0.0.1", "proto": "HTTP/1.1", "method": "GET", "host": "127.0.0.1:3000", "uri": "/god-mode", "headers": {"User-Agent": ["curl/8.20.0"], "Accept": ["*/*"]}}, "bytes_read": 0, "user_id": "", "duration": 0.001836838, "size": 5589, "status": 200, "resp_headers": {"Accept-Ranges": ["bytes"], "Server": ["Caddy"], "X-Frame-Options": ["DENY"], "X-Xss-Protection": ["1; mode=block"], "Etag": ["\"dlbu270dl7284b9\""], "Last-Modified": ["Thu, 10 Sep 2026 18:04:02 GMT"], "Content-Length": ["5589"], "X-Content-Type-Options": ["nosniff"], "Vary": ["Accept-Encoding"], "Content-Type": ["text/html; charset=utf-8"]}}
admin       | 2026/09/18 14:03:42.983	[34mINFO[0m	http.log.access.log0	handled request	{"request": {"remote_ip": "127.0.0.1", "remote_port": "39546", "client_ip": "127.0.0.1", "proto": "HTTP/1.1", "method": "GET", "host": "127.0.0.1:3000", "uri": "/god-mode", "headers": {"User-Agent": ["curl/8.20.0"], "Accept": ["*/*"]}}, "bytes_read": 0, "user_id": "", "duration": 0.00926487, "size": 5589, "status": 200, "resp_headers": {"X-Content-Type-Options": ["nosniff"], "X-Xss-Protection": ["1; mode=block"], "Content-Length": ["5589"], "X-Frame-Options": ["DENY"], "Vary": ["Accept-Encoding"], "Etag": ["\"dlbu270dl7284b9\""], "Content-Type": ["text/html; charset=utf-8"], "Last-Modified": ["Thu, 10 Sep 2026 18:04:02 GMT"], "Accept-Ranges": ["bytes"], "Server": ["Caddy"]}}
admin       | 2026/09/18 14:04:13.451	[34mINFO[0m	http.log.access.log0	handled request	{"request": {"remote_ip": "127.0.0.1", "remote_port": "59048", "client_ip": "127.0.0.1", "proto": "HTTP/1.1", "method": "GET", "host": "127.0.0.1:3000", "uri": "/god-mode", "headers": {"User-Agent": ["curl/8.20.0"], "Accept": ["*/*"]}}, "bytes_read": 0, "user_id": "", "duration": 0.008265442, "size": 5589, "status": 200, "resp_headers": {"Server": ["Caddy"], "X-Content-Type-Options": ["nosniff"], "X-Xss-Protection": ["1; mode=block"], "Vary": ["Accept-Encoding"], "Accept-Ranges": ["bytes"], "X-Frame-Options": ["DENY"], "Etag": ["\"dlbu270dl7284b9\""], "Content-Type": ["text/html; charset=utf-8"], "Last-Modified": ["Thu, 10 Sep 2026 18:04:02 GMT"], "Content-Length": ["5589"]}}
admin       | 2026/09/18 14:04:43.948	[34mINFO[0m	http.log.access.log0	handled request	{"request": {"remote_ip": "127.0.0.1", "remote_port": "47706", "client_ip": "127.0.0.1", "proto": "HTTP/1.1", "method": "GET", "host": "127.0.0.1:3000", "uri": "/god-mode", "headers": {"User-Agent": ["curl/8.20.0"], "Accept": ["*/*"]}}, "bytes_read": 0, "user_id": "", "duration": 0.008428214, "size": 5589, "status": 200, "resp_headers": {"Content-Length": ["5589"], "X-Content-Type-Options": ["nosniff"], "X-Frame-Options": ["DENY"], "X-Xss-Protection": ["1; mode=block"], "Vary": ["Accept-Encoding"], "Content-Type": ["text/html; charset=utf-8"], "Server": ["Caddy"], "Etag": ["\"dlbu270dl7284b9\""], "Last-Modified": ["Thu, 10 Sep 2026 18:04:02 GMT"], "Accept-Ranges": ["bytes"]}}
admin       | 2026/09/18 14:05:14.324	[34mINFO[0m	http.log.access.log0	handled request	{"request": {"remote_ip": "127.0.0.1", "remote_port": "50306", "client_ip": "127.0.0.1", "proto": "HTTP/1.1", "method": "GET", "host": "127.0.0.1:3000", "uri": "/god-mode", "headers": {"User-Agent": ["curl/8.20.0"], "Accept": ["*/*"]}}, "bytes_read": 0, "user_id": "", "duration": 0.000913152, "size": 5589, "status": 200, "resp_headers": {"X-Content-Type-Options": ["nosniff"], "Content-Type": ["text/html; charset=utf-8"], "Server": ["Caddy"], "X-Frame-Options": ["DENY"], "X-Xss-Protection": ["1; mode=block"], "Vary": ["Accept-Encoding"], "Etag": ["\"dlbu270dl7284b9\""], "Last-Modified": ["Thu, 10 Sep 2026 18:04:02 GMT"], "Accept-Ranges": ["bytes"], "Content-Length": ["5589"]}}
admin       | 2026/09/18 14:05:44.717	[34mINFO[0m	http.log.access.log0	handled request	{"request": {"remote_ip": "127.0.0.1", "remote_port": "45544", "client_ip": "127.0.0.1", "proto": "HTTP/1.1", "method": "GET", "host": "127.0.0.1:3000", "uri": "/god-mode", "headers": {"User-Agent": ["curl/8.20.0"], "Accept": ["*/*"]}}, "bytes_read": 0, "user_id": "", "duration": 0.006348116, "size": 5589, "status": 200, "resp_headers": {"Server": ["Caddy"], "X-Content-Type-Options": ["nosniff"], "X-Xss-Protection": ["1; mode=block"], "Etag": ["\"dlbu270dl7284b9\""], "Last-Modified": ["Thu, 10 Sep 2026 18:04:02 GMT"], "Content-Length": ["5589"], "X-Frame-Options": ["DENY"], "Vary": ["Accept-Encoding"], "Content-Type": ["text/html; charset=utf-8"], "Accept-Ranges": ["bytes"]}}
admin       | 2026/09/18 14:06:15.067	[34mINFO[0m	http.log.access.log0	handled request	{"request": {"remote_ip": "127.0.0.1", "remote_port": "38874", "client_ip": "127.0.0.1", "proto": "HTTP/1.1", "method": "GET", "host": "127.0.0.1:3000", "uri": "/god-mode", "headers": {"User-Agent": ["curl/8.20.0"], "Accept": ["*/*"]}}, "bytes_read": 0, "user_id": "", "duration": 0.059255634, "size": 5589, "status": 200, "resp_headers": {"X-Content-Type-Options": ["nosniff"], "X-Frame-Options": ["DENY"], "X-Xss-Protection": ["1; mode=block"], "Vary": ["Accept-Encoding"], "Etag": ["\"dlbu270dl7284b9\""], "Content-Length": ["5589"], "Content-Type": ["text/html; charset=utf-8"], "Last-Modified": ["Thu, 10 Sep 2026 18:04:02 GMT"], "Accept-Ranges": ["bytes"], "Server": ["Caddy"]}}
admin       | 2026/09/18 14:06:45.319	[34mINFO[0m	http.log.access.log0	handled request	{"request": {"remote_ip": "127.0.0.1", "remote_port": "32848", "client_ip": "127.0.0.1", "proto": "HTTP/1.1", "method": "GET", "host": "127.0.0.1:3000", "uri": "/god-mode", "headers": {"User-Agent": ["curl/8.20.0"], "Accept": ["*/*"]}}, "bytes_read": 0, "user_id": "", "duration": 0.001057897, "size": 5589, "status": 200, "resp_headers": {"Server": ["Caddy"], "X-Frame-Options": ["DENY"], "Etag": ["\"dlbu270dl7284b9\""], "Content-Type": ["text/html; charset=utf-8"], "Last-Modified": ["Thu, 10 Sep 2026 18:04:02 GMT"], "Content-Length": ["5589"], "X-Content-Type-Options": ["nosniff"], "X-Xss-Protection": ["1; mode=block"], "Vary": ["Accept-Encoding"], "Accept-Ranges": ["bytes"]}}
admin       | 2026/09/18 14:07:15.787	[34mINFO[0m	http.log.access.log0	handled request	{"request": {"remote_ip": "127.0.0.1", "remote_port": "59616", "client_ip": "127.0.0.1", "proto": "HTTP/1.1", "method": "GET", "host": "127.0.0.1:3000", "uri": "/god-mode", "headers": {"User-Agent": ["curl/8.20.0"], "Accept": ["*/*"]}}, "bytes_read": 0, "user_id": "", "duration": 0.00588216, "size": 5589, "status": 200, "resp_headers": {"Accept-Ranges": ["bytes"], "Content-Length": ["5589"], "X-Frame-Options": ["DENY"], "Vary": ["Accept-Encoding"], "Etag": ["\"dlbu270dl7284b9\""], "Last-Modified": ["Thu, 10 Sep 2026 18:04:02 GMT"], "Server": ["Caddy"], "X-Xss-Protection": ["1; mode=block"], "X-Content-Type-Options": ["nosniff"], "Content-Type": ["text/html; charset=utf-8"]}}
admin       | 2026/09/18 14:07:46.176	[34mINFO[0m	http.log.access.log0	handled request	{"request": {"remote_ip": "127.0.0.1", "remote_port": "38626", "client_ip": "127.0.0.1", "proto": "HTTP/1.1", "method": "GET", "host": "127.0.0.1:3000", "uri": "/god-mode", "headers": {"User-Agent": ["curl/8.20.0"], "Accept": ["*/*"]}}, "bytes_read": 0, "user_id": "", "duration": 0.008294942, "size": 5589, "status": 200, "resp_headers": {"X-Frame-Options": ["DENY"], "Vary": ["Accept-Encoding"], "Etag": ["\"dlbu270dl7284b9\""], "Accept-Ranges": ["bytes"], "Content-Length": ["5589"], "Server": ["Caddy"], "X-Xss-Protection": ["1; mode=block"], "X-Content-Type-Options": ["nosniff"], "Content-Type": ["text/html; charset=utf-8"], "Last-Modified": ["Thu, 10 Sep 2026 18:04:02 GMT"]}}
admin       | 2026/09/18 14:08:16.476	[34mINFO[0m	http.log.access.log0	handled request	{"request": {"remote_ip": "127.0.0.1", "remote_port": "46454", "client_ip": "127.0.0.1", "proto": "HTTP/1.1", "method": "GET", "host": "127.0.0.1:3000", "uri": "/god-mode", "headers": {"User-Agent": ["curl/8.20.0"], "Accept": ["*/*"]}}, "bytes_read": 0, "user_id": "", "duration": 0.003381269, "size": 5589, "status": 200, "resp_headers": {"X-Content-Type-Options": ["nosniff"], "Vary": ["Accept-Encoding"], "Etag": ["\"dlbu270dl7284b9\""], "Content-Type": ["text/html; charset=utf-8"], "Server": ["Caddy"], "X-Frame-Options": ["DENY"], "X-Xss-Protection": ["1; mode=block"], "Last-Modified": ["Thu, 10 Sep 2026 18:04:02 GMT"], "Accept-Ranges": ["bytes"], "Content-Length": ["5589"]}}
admin       | 2026/09/18 14:08:46.757	[34mINFO[0m	http.log.access.log0	handled request	{"request": {"remote_ip": "127.0.0.1", "remote_port": "48006", "client_ip": "127.0.0.1", "proto": "HTTP/1.1", "method": "GET", "host": "127.0.0.1:3000", "uri": "/god-mode", "headers": {"User-Agent": ["curl/8.20.0"], "Accept": ["*/*"]}}, "bytes_read": 0, "user_id": "", "duration": 0.001594422, "size": 5589, "status": 200, "resp_headers": {"Accept-Ranges": ["bytes"], "Content-Length": ["5589"], "X-Content-Type-Options": ["nosniff"], "Last-Modified": ["Thu, 10 Sep 2026 18:04:02 GMT"], "Server": ["Caddy"], "X-Frame-Options": ["DENY"], "X-Xss-Protection": ["1; mode=block"], "Vary": ["Accept-Encoding"], "Etag": ["\"dlbu270dl7284b9\""], "Content-Type": ["text/html; charset=utf-8"]}}
admin       | 2026/09/18 14:09:17.099	[34mINFO[0m	http.log.access.log0	handled request	{"request": {"remote_ip": "127.0.0.1", "remote_port": "46072", "client_ip": "127.0.0.1", "proto": "HTTP/1.1", "method": "GET", "host": "127.0.0.1:3000", "uri": "/god-mode", "headers": {"User-Agent": ["curl/8.20.0"], "Accept": ["*/*"]}}, "bytes_read": 0, "user_id": "", "duration": 0.001462251, "size": 5589, "status": 200, "resp_headers": {"Accept-Ranges": ["bytes"], "Server": ["Caddy"], "X-Content-Type-Options": ["nosniff"], "X-Frame-Options": ["DENY"], "X-Xss-Protection": ["1; mode=block"], "Vary": ["Accept-Encoding"], "Etag": ["\"dlbu270dl7284b9\""], "Content-Length": ["5589"], "Content-Type": ["text/html; charset=utf-8"], "Last-Modified": ["Thu, 10 Sep 2026 18:04:02 GMT"]}}
admin       | 2026/09/18 14:09:47.432	[34mINFO[0m	http.log.access.log0	handled request	{"request": {"remote_ip": "127.0.0.1", "remote_port": "53516", "client_ip": "127.0.0.1", "proto": "HTTP/1.1", "method": "GET", "host": "127.0.0.1:3000", "uri": "/god-mode", "headers": {"User-Agent": ["curl/8.20.0"], "Accept": ["*/*"]}}, "bytes_read": 0, "user_id": "", "duration": 0.000646988, "size": 5589, "status": 200, "resp_headers": {"X-Frame-Options": ["DENY"], "Vary": ["Accept-Encoding"], "Content-Type": ["text/html; charset=utf-8"], "Server": ["Caddy"], "X-Content-Type-Options": ["nosniff"], "X-Xss-Protection": ["1; mode=block"], "Etag": ["\"dlbu270dl7284b9\""], "Last-Modified": ["Thu, 10 Sep 2026 18:04:02 GMT"], "Accept-Ranges": ["bytes"], "Content-Length": ["5589"]}}
admin       | 2026/09/18 14:10:17.754	[34mINFO[0m	http.log.access.log0	handled request	{"request": {"remote_ip": "127.0.0.1", "remote_port": "59564", "client_ip": "127.0.0.1", "proto": "HTTP/1.1", "method": "GET", "host": "127.0.0.1:3000", "uri": "/god-mode", "headers": {"User-Agent": ["curl/8.20.0"], "Accept": ["*/*"]}}, "bytes_read": 0, "user_id": "", "duration": 0.000621991, "size": 5589, "status": 200, "resp_headers": {"Server": ["Caddy"], "X-Content-Type-Options": ["nosniff"], "X-Frame-Options": ["DENY"], "Etag": ["\"dlbu270dl7284b9\""], "Last-Modified": ["Thu, 10 Sep 2026 18:04:02 GMT"], "Accept-Ranges": ["bytes"], "Content-Length": ["5589"], "X-Xss-Protection": ["1; mode=block"], "Vary": ["Accept-Encoding"], "Content-Type": ["text/html; charset=utf-8"]}}
admin       | 2026/09/18 14:10:48.130	[34mINFO[0m	http.log.access.log0	handled request	{"request": {"remote_ip": "127.0.0.1", "remote_port": "40548", "client_ip": "127.0.0.1", "proto": "HTTP/1.1", "method": "GET", "host": "127.0.0.1:3000", "uri": "/god-mode", "headers": {"User-Agent": ["curl/8.20.0"], "Accept": ["*/*"]}}, "bytes_read": 0, "user_id": "", "duration": 0.000586661, "size": 5589, "status": 200, "resp_headers": {"Server": ["Caddy"], "X-Content-Type-Options": ["nosniff"], "Vary": ["Accept-Encoding"], "Content-Type": ["text/html; charset=utf-8"], "Last-Modified": ["Thu, 10 Sep 2026 18:04:02 GMT"], "Accept-Ranges": ["bytes"], "Content-Length": ["5589"], "X-Xss-Protection": ["1; mode=block"], "X-Frame-Options": ["DENY"], "Etag": ["\"dlbu270dl7284b9\""]}}
admin       | 2026/09/18 14:11:18.522	[34mINFO[0m	http.log.access.log0	handled request	{"request": {"remote_ip": "127.0.0.1", "remote_port": "42160", "client_ip": "127.0.0.1", "proto": "HTTP/1.1", "method": "GET", "host": "127.0.0.1:3000", "uri": "/god-mode", "headers": {"User-Agent": ["curl/8.20.0"], "Accept": ["*/*"]}}, "bytes_read": 0, "user_id": "", "duration": 0.003357838, "size": 5589, "status": 200, "resp_headers": {"X-Content-Type-Options": ["nosniff"], "X-Frame-Options": ["DENY"], "X-Xss-Protection": ["1; mode=block"], "Vary": ["Accept-Encoding"], "Content-Type": ["text/html; charset=utf-8"], "Accept-Ranges": ["bytes"], "Content-Length": ["5589"], "Server": ["Caddy"], "Etag": ["\"dlbu270dl7284b9\""], "Last-Modified": ["Thu, 10 Sep 2026 18:04:02 GMT"]}}
admin       | 2026/09/18 14:11:48.834	[34mINFO[0m	http.log.access.log0	handled request	{"request": {"remote_ip": "127.0.0.1", "remote_port": "52032", "client_ip": "127.0.0.1", "proto": "HTTP/1.1", "method": "GET", "host": "127.0.0.1:3000", "uri": "/god-mode", "headers": {"User-Agent": ["curl/8.20.0"], "Accept": ["*/*"]}}, "bytes_read": 0, "user_id": "", "duration": 0.001386352, "size": 5589, "status": 200, "resp_headers": {"X-Xss-Protection": ["1; mode=block"], "Etag": ["\"dlbu270dl7284b9\""], "Content-Type": ["text/html; charset=utf-8"], "Accept-Ranges": ["bytes"], "X-Frame-Options": ["DENY"], "X-Content-Type-Options": ["nosniff"], "Vary": ["Accept-Encoding"], "Last-Modified": ["Thu, 10 Sep 2026 18:04:02 GMT"], "Content-Length": ["5589"], "Server": ["Caddy"]}}
admin       | 2026/09/18 14:12:19.121	[34mINFO[0m	http.log.access.log0	handled request	{"request": {"remote_ip": "127.0.0.1", "remote_port": "33920", "client_ip": "127.0.0.1", "proto": "HTTP/1.1", "method": "GET", "host": "127.0.0.1:3000", "uri": "/god-mode", "headers": {"Accept": ["*/*"], "User-Agent": ["curl/8.20.0"]}}, "bytes_read": 0, "user_id": "", "duration": 0.000816655, "size": 5589, "status": 200, "resp_headers": {"Server": ["Caddy"], "X-Xss-Protection": ["1; mode=block"], "Etag": ["\"dlbu270dl7284b9\""], "Content-Type": ["text/html; charset=utf-8"], "Last-Modified": ["Thu, 10 Sep 2026 18:04:02 GMT"], "Accept-Ranges": ["bytes"], "X-Content-Type-Options": ["nosniff"], "X-Frame-Options": ["DENY"], "Vary": ["Accept-Encoding"], "Content-Length": ["5589"]}}
web         | 2026/09/18 13:47:16.595	[34mINFO[0m	http.log.access.log0	handled request	{"request": {"remote_ip": "127.0.0.1", "remote_port": "60084", "client_ip": "127.0.0.1", "proto": "HTTP/1.1", "method": "GET", "host": "127.0.0.1:3000", "uri": "/", "headers": {"Accept": ["*/*"], "User-Agent": ["curl/8.22.0"]}}, "bytes_read": 0, "user_id": "", "duration": 0.000773083, "size": 6087, "status": 200, "resp_headers": {"Server": ["Caddy"], "X-Xss-Protection": ["1; mode=block"], "X-Content-Type-Options": ["nosniff"], "Vary": ["Accept-Encoding"], "Etag": ["\"dlh52pe14jcw4p3\""], "Last-Modified": ["Wed, 16 Sep 2026 23:45:14 GMT"], "Accept-Ranges": ["bytes"], "Content-Length": ["6087"], "X-Frame-Options": ["DENY"], "Content-Type": ["text/html; charset=utf-8"]}}
web         | 2026/09/18 13:47:46.671	[34mINFO[0m	http.log.access.log0	handled request	{"request": {"remote_ip": "127.0.0.1", "remote_port": "46118", "client_ip": "127.0.0.1", "proto": "HTTP/1.1", "method": "GET", "host": "127.0.0.1:3000", "uri": "/", "headers": {"User-Agent": ["curl/8.22.0"], "Accept": ["*/*"]}}, "bytes_read": 0, "user_id": "", "duration": 0.000449561, "size": 6087, "status": 200, "resp_headers": {"X-Content-Type-Options": ["nosniff"], "X-Xss-Protection": ["1; mode=block"], "Vary": ["Accept-Encoding"], "Etag": ["\"dlh52pe14jcw4p3\""], "Content-Type": ["text/html; charset=utf-8"], "Last-Modified": ["Wed, 16 Sep 2026 23:45:14 GMT"], "Accept-Ranges": ["bytes"], "Content-Length": ["6087"], "Server": ["Caddy"], "X-Frame-Options": ["DENY"]}}
web         | 2026/09/18 13:48:16.749	[34mINFO[0m	http.log.access.log0	handled request	{"request": {"remote_ip": "127.0.0.1", "remote_port": "60700", "client_ip": "127.0.0.1", "proto": "HTTP/1.1", "method": "GET", "host": "127.0.0.1:3000", "uri": "/", "headers": {"User-Agent": ["curl/8.22.0"], "Accept": ["*/*"]}}, "bytes_read": 0, "user_id": "", "duration": 0.000584734, "size": 6087, "status": 200, "resp_headers": {"Etag": ["\"dlh52pe14jcw4p3\""], "Content-Type": ["text/html; charset=utf-8"], "Last-Modified": ["Wed, 16 Sep 2026 23:45:14 GMT"], "Accept-Ranges": ["bytes"], "Server": ["Caddy"], "X-Frame-Options": ["DENY"], "X-Xss-Protection": ["1; mode=block"], "Content-Length": ["6087"], "X-Content-Type-Options": ["nosniff"], "Vary": ["Accept-Encoding"]}}
web         | 2026/09/18 13:48:46.829	[34mINFO[0m	http.log.access.log0	handled request	{"request": {"remote_ip": "127.0.0.1", "remote_port": "50624", "client_ip": "127.0.0.1", "proto": "HTTP/1.1", "method": "GET", "host": "127.0.0.1:3000", "uri": "/", "headers": {"Accept": ["*/*"], "User-Agent": ["curl/8.22.0"]}}, "bytes_read": 0, "user_id": "", "duration": 0.000541705, "size": 6087, "status": 200, "resp_headers": {"X-Xss-Protection": ["1; mode=block"], "Vary": ["Accept-Encoding"], "Accept-Ranges": ["bytes"], "Content-Length": ["6087"], "X-Content-Type-Options": ["nosniff"], "X-Frame-Options": ["DENY"], "Etag": ["\"dlh52pe14jcw4p3\""], "Content-Type": ["text/html; charset=utf-8"], "Last-Modified": ["Wed, 16 Sep 2026 23:45:14 GMT"], "Server": ["Caddy"]}}
web         | 2026/09/18 13:48:48.278	[34mINFO[0m	http.log.access.log0	handled request	{"request": {"remote_ip": "172.18.0.15", "remote_port": "47150", "client_ip": "34.140.234.80", "proto": "HTTP/1.1", "method": "GET", "host": "ten-fold.co", "uri": "/", "headers": {"User-Agent": ["Mozilla/5.0 (Windows NT 10.0; Win64; x64) AppleWebKit/537.36 (KHTML, like Gecko) Chrome/128.0.0.0 Safari/537.36"], "Accept-Language": ["en-US,en;q=0.9"], "Cf-Connecting-Ip": ["34.140.234.80"], "Cf-Ray": ["a3d0cf711d2febb0-SIN"], "Cf-Visitor": ["{\"scheme\":\"https\"}"], "X-Forwarded-Proto": ["https"], "Accept": ["text/html,application/xhtml+xml,application/xml;q=0.9,*/*;q=0.8"], "Via": ["2.0 Caddy"], "Cdn-Loop": ["cloudflare; loops=1"], "Accept-Encoding": ["gzip, br"], "Cf-Ipcountry": ["BE"], "X-Forwarded-For": ["34.140.234.80, 172.70.143.134"], "X-Forwarded-Host": ["ten-fold.co"]}}, "bytes_read": 0, "user_id": "", "duration": 0.000993845, "size": 6087, "status": 200, "resp_headers": {"X-Xss-Protection": ["1; mode=block"], "Vary": ["Accept-Encoding"], "Content-Type": ["text/html; charset=utf-8"], "Last-Modified": ["Wed, 16 Sep 2026 23:45:14 GMT"], "Accept-Ranges": ["bytes"], "X-Content-Type-Options": ["nosniff"], "X-Frame-Options": ["DENY"], "Etag": ["\"dlh52pe14jcw4p3\""], "Content-Length": ["6087"], "Server": ["Caddy"]}}
web         | 2026/09/18 13:48:48.540	[34mINFO[0m	http.log.access.log0	handled request	{"request": {"remote_ip": "172.18.0.15", "remote_port": "47150", "client_ip": "34.140.234.80", "proto": "HTTP/1.1", "method": "GET", "host": "ten-fold.co", "uri": "/.aws/.env", "headers": {"Cf-Visitor": ["{\"scheme\":\"https\"}"], "Accept-Encoding": ["gzip, br"], "Cf-Ipcountry": ["BE"], "X-Forwarded-For": ["34.140.234.80, 172.68.164.114"], "X-Forwarded-Host": ["ten-fold.co"], "Cdn-Loop": ["cloudflare; loops=1"], "Cf-Connecting-Ip": ["34.140.234.80"], "Cf-Ray": ["a3d0cf7289e4d11d-SIN"], "Via": ["2.0 Caddy"], "User-Agent": ["Mozilla/5.0 (Windows NT 10.0; Win64; x64) AppleWebKit/537.36"], "X-Forwarded-Proto": ["https"]}}, "bytes_read": 0, "user_id": "", "duration": 0.000642321, "size": 6087, "status": 200, "resp_headers": {"X-Frame-Options": ["DENY"], "X-Xss-Protection": ["1; mode=block"], "Last-Modified": ["Wed, 16 Sep 2026 23:45:14 GMT"], "Accept-Ranges": ["bytes"], "Content-Length": ["6087"], "Server": ["Caddy"], "X-Content-Type-Options": ["nosniff"], "Vary": ["Accept-Encoding"], "Etag": ["\"dlh52pe14jcw4p3\""], "Content-Type": ["text/html; charset=utf-8"]}}
web         | 2026/09/18 13:48:48.554	[34mINFO[0m	http.log.access.log0	handled request	{"request": {"remote_ip": "172.18.0.15", "remote_port": "47150", "client_ip": "34.140.234.80", "proto": "HTTP/1.1", "method": "GET", "host": "ten-fold.co", "uri": "/.aws/credentials.bak", "headers": {"X-Forwarded-Proto": ["https"], "Cdn-Loop": ["cloudflare; loops=1"], "Cf-Connecting-Ip": ["34.140.234.80"], "Cf-Ipcountry": ["BE"], "Cf-Ray": ["a3d0cf7289f1d11d-SIN"], "X-Forwarded-For": ["34.140.234.80, 162.158.88.132"], "Via": ["2.0 Caddy"], "X-Forwarded-Host": ["ten-fold.co"], "User-Agent": ["Mozilla/5.0 (Windows NT 10.0; Win64; x64) AppleWebKit/537.36"], "Accept-Encoding": ["gzip, br"], "Cf-Visitor": ["{\"scheme\":\"https\"}"]}}, "bytes_read": 0, "user_id": "", "duration": 0.000499845, "size": 6087, "status": 200, "resp_headers": {"Server": ["Caddy"], "X-Content-Type-Options": ["nosniff"], "X-Frame-Options": ["DENY"], "X-Xss-Protection": ["1; mode=block"], "Vary": ["Accept-Encoding"], "Content-Type": ["text/html; charset=utf-8"], "Accept-Ranges": ["bytes"], "Content-Length": ["6087"], "Etag": ["\"dlh52pe14jcw4p3\""], "Last-Modified": ["Wed, 16 Sep 2026 23:45:14 GMT"]}}
web         | 2026/09/18 13:48:48.570	[34mINFO[0m	http.log.access.log0	handled request	{"request": {"remote_ip": "172.18.0.15", "remote_port": "47170", "client_ip": "34.140.234.80", "proto": "HTTP/1.1", "method": "GET", "host": "ten-fold.co", "uri": "/.amplifyrc", "headers": {"X-Forwarded-For": ["34.140.234.80, 172.70.93.109"], "Cf-Ray": ["a3d0cf7289dcd11d-SIN"], "X-Forwarded-Proto": ["https"], "User-Agent": ["Mozilla/5.0 (Windows NT 10.0; Win64; x64) AppleWebKit/537.36"], "Cf-Ipcountry": ["BE"], "Accept-Encoding": ["gzip, br"], "Cf-Connecting-Ip": ["34.140.234.80"], "X-Forwarded-Host": ["ten-fold.co"], "Cdn-Loop": ["cloudflare; loops=1"], "Cf-Visitor": ["{\"scheme\":\"https\"}"], "Via": ["2.0 Caddy"]}}, "bytes_read": 0, "user_id": "", "duration": 0.001459046, "size": 6087, "status": 200, "resp_headers": {"Server": ["Caddy"], "X-Xss-Protection": ["1; mode=block"], "X-Frame-Options": ["DENY"], "Etag": ["\"dlh52pe14jcw4p3\""], "Content-Type": ["text/html; charset=utf-8"], "Last-Modified": ["Wed, 16 Sep 2026 23:45:14 GMT"], "X-Content-Type-Options": ["nosniff"], "Vary": ["Accept-Encoding"], "Accept-Ranges": ["bytes"], "Content-Length": ["6087"]}}
web         | 2026/09/18 13:48:48.574	[34mINFO[0m	http.log.access.log0	handled request	{"request": {"remote_ip": "172.18.0.15", "remote_port": "47162", "client_ip": "34.140.234.80", "proto": "HTTP/1.1", "method": "GET", "host": "ten-fold.co", "uri": "/.docker/.env", "headers": {"X-Forwarded-Host": ["ten-fold.co"], "Cf-Ray": ["a3d0cf728a01d11d-SIN"], "Via": ["2.0 Caddy"], "User-Agent": ["Mozilla/5.0 (Windows NT 10.0; Win64; x64) AppleWebKit/537.36"], "Cf-Ipcountry": ["BE"], "Cf-Visitor": ["{\"scheme\":\"https\"}"], "Accept-Encoding": ["gzip, br"], "Cdn-Loop": ["cloudflare; loops=1"], "Cf-Connecting-Ip": ["34.140.234.80"], "X-Forwarded-Proto": ["https"], "X-Forwarded-For": ["34.140.234.80, 162.158.170.155"]}}, "bytes_read": 0, "user_id": "", "duration": 0.003436627, "size": 6087, "status": 200, "resp_headers": {"Server": ["Caddy"], "Vary": ["Accept-Encoding"], "Content-Type": ["text/html; charset=utf-8"], "Accept-Ranges": ["bytes"], "Content-Length": ["6087"], "X-Frame-Options": ["DENY"], "X-Xss-Protection": ["1; mode=block"], "X-Content-Type-Options": ["nosniff"], "Etag": ["\"dlh52pe14jcw4p3\""], "Last-Modified": ["Wed, 16 Sep 2026 23:45:14 GMT"]}}
web         | 2026/09/18 13:48:48.574	[34mINFO[0m	http.log.access.log0	handled request	{"request": {"remote_ip": "172.18.0.15", "remote_port": "47170", "client_ip": "34.140.234.80", "proto": "HTTP/1.1", "method": "GET", "host": "ten-fold.co", "uri": "/.docker/config.json", "headers": {"Cdn-Loop": ["cloudflare; loops=1"], "Cf-Connecting-Ip": ["34.140.234.80"], "Cf-Visitor": ["{\"scheme\":\"https\"}"], "Cf-Ray": ["a3d0cf7289fed11d-SIN"], "X-Forwarded-For": ["34.140.234.80, 172.70.208.112"], "X-Forwarded-Proto": ["https"], "User-Agent": ["Mozilla/5.0 (Windows NT 10.0; Win64; x64) AppleWebKit/537.36"], "Accept-Encoding": ["gzip, br"], "Cf-Ipcountry": ["BE"], "Via": ["2.0 Caddy"], "X-Forwarded-Host": ["ten-fold.co"]}}, "bytes_read": 0, "user_id": "", "duration": 0.001462783, "size": 6087, "status": 200, "resp_headers": {"X-Xss-Protection": ["1; mode=block"], "Vary": ["Accept-Encoding"], "Accept-Ranges": ["bytes"], "Content-Length": ["6087"], "Server": ["Caddy"], "X-Frame-Options": ["DENY"], "X-Content-Type-Options": ["nosniff"], "Etag": ["\"dlh52pe14jcw4p3\""], "Content-Type": ["text/html; charset=utf-8"], "Last-Modified": ["Wed, 16 Sep 2026 23:45:14 GMT"]}}
web         | 2026/09/18 13:48:48.578	[34mINFO[0m	http.log.access.log0	handled request	{"request": {"remote_ip": "172.18.0.15", "remote_port": "47232", "client_ip": "34.140.234.80", "proto": "HTTP/1.1", "method": "GET", "host": "ten-fold.co", "uri": "/.config/anthropic/credentials/default.json", "headers": {"Cf-Connecting-Ip": ["34.140.234.80"], "User-Agent": ["Mozilla/5.0 (Windows NT 10.0; Win64; x64) AppleWebKit/537.36"], "Accept-Encoding": ["gzip, br"], "Via": ["2.0 Caddy"], "X-Forwarded-For": ["34.140.234.80, 162.158.88.133"], "X-Forwarded-Proto": ["https"], "Cf-Ipcountry": ["BE"], "Cf-Ray": ["a3d0cf7289fad11d-SIN"], "Cf-Visitor": ["{\"scheme\":\"https\"}"], "X-Forwarded-Host": ["ten-fold.co"], "Cdn-Loop": ["cloudflare; loops=1"]}}, "bytes_read": 0, "user_id": "", "duration": 0.002327777, "size": 6087, "status": 200, "resp_headers": {"X-Xss-Protection": ["1; mode=block"], "Etag": ["\"dlh52pe14jcw4p3\""], "Content-Type": ["text/html; charset=utf-8"], "Accept-Ranges": ["bytes"], "Content-Length": ["6087"], "Server": ["Caddy"], "X-Content-Type-Options": ["nosniff"], "X-Frame-Options": ["DENY"], "Vary": ["Accept-Encoding"], "Last-Modified": ["Wed, 16 Sep 2026 23:45:14 GMT"]}}
web         | 2026/09/18 13:48:48.578	[34mINFO[0m	http.log.access.log0	handled request	{"request": {"remote_ip": "172.18.0.15", "remote_port": "47170", "client_ip": "34.140.234.80", "proto": "HTTP/1.1", "method": "GET", "host": "ten-fold.co", "uri": "/.env", "headers": {"Cdn-Loop": ["cloudflare; loops=1"], "X-Forwarded-Host": ["ten-fold.co"], "User-Agent": ["Mozilla/5.0 (Windows NT 10.0; Win64; x64) AppleWebKit/537.36"], "Cf-Connecting-Ip": ["34.140.234.80"], "Cf-Ray": ["a3d0cf7289f3d11d-SIN"], "Via": ["2.0 Caddy"], "X-Forwarded-For": ["34.140.234.80, 162.158.107.38"], "X-Forwarded-Proto": ["https"], "Accept-Encoding": ["gzip, br"], "Cf-Ipcountry": ["BE"], "Cf-Visitor": ["{\"scheme\":\"https\"}"]}}, "bytes_read": 0, "user_id": "", "duration": 0.000538077, "size": 6087, "status": 200, "resp_headers": {"X-Frame-Options": ["DENY"], "Vary": ["Accept-Encoding"], "Last-Modified": ["Wed, 16 Sep 2026 23:45:14 GMT"], "Server": ["Caddy"], "X-Xss-Protection": ["1; mode=block"], "X-Content-Type-Options": ["nosniff"], "Etag": ["\"dlh52pe14jcw4p3\""], "Content-Type": ["text/html; charset=utf-8"], "Accept-Ranges": ["bytes"], "Content-Length": ["6087"]}}
web         | 2026/09/18 13:48:48.579	[34mINFO[0m	http.log.access.log0	handled request	{"request": {"remote_ip": "172.18.0.15", "remote_port": "47150", "client_ip": "34.140.234.80", "proto": "HTTP/1.1", "method": "GET", "host": "ten-fold.co", "uri": "/.aws/credentials", "headers": {"User-Agent": ["Mozilla/5.0 (Windows NT 10.0; Win64; x64) AppleWebKit/537.36"], "Accept-Encoding": ["gzip, br"], "Cf-Connecting-Ip": ["34.140.234.80"], "X-Forwarded-For": ["34.140.234.80, 108.162.226.163"], "Cf-Ipcountry": ["BE"], "Cf-Ray": ["a3d0cf7289e9d11d-SIN"], "X-Forwarded-Host": ["ten-fold.co"], "Cdn-Loop": ["cloudflare; loops=1"], "Cf-Visitor": ["{\"scheme\":\"https\"}"], "Via": ["2.0 Caddy"], "X-Forwarded-Proto": ["https"]}}, "bytes_read": 0, "user_id": "", "duration": 0.000911227, "size": 6087, "status": 200, "resp_headers": {"X-Xss-Protection": ["1; mode=block"], "Vary": ["Accept-Encoding"], "Etag": ["\"dlh52pe14jcw4p3\""], "Content-Type": ["text/html; charset=utf-8"], "Last-Modified": ["Wed, 16 Sep 2026 23:45:14 GMT"], "Accept-Ranges": ["bytes"], "Content-Length": ["6087"], "Server": ["Caddy"], "X-Content-Type-Options": ["nosniff"], "X-Frame-Options": ["DENY"]}}
web         | 2026/09/18 13:48:48.582	[34mINFO[0m	http.log.access.log0	handled request	{"request": {"remote_ip": "172.18.0.15", "remote_port": "47198", "client_ip": "34.140.234.80", "proto": "HTTP/1.1", "method": "GET", "host": "ten-fold.co", "uri": "/.docker/secrets.json", "headers": {"Cdn-Loop": ["cloudflare; loops=1"], "Cf-Ipcountry": ["BE"], "Via": ["2.0 Caddy"], "X-Forwarded-For": ["34.140.234.80, 162.158.107.37"], "Cf-Ray": ["a3d0cf7289fbd11d-SIN"], "User-Agent": ["Mozilla/5.0 (Windows NT 10.0; Win64; x64) AppleWebKit/537.36"], "Cf-Connecting-Ip": ["34.140.234.80"], "Cf-Visitor": ["{\"scheme\":\"https\"}"], "Accept-Encoding": ["gzip, br"], "X-Forwarded-Host": ["ten-fold.co"], "X-Forwarded-Proto": ["https"]}}, "bytes_read": 0, "user_id": "", "duration": 0.001574067, "size": 6087, "status": 200, "resp_headers": {"X-Content-Type-Options": ["nosniff"], "Content-Type": ["text/html; charset=utf-8"], "Last-Modified": ["Wed, 16 Sep 2026 23:45:14 GMT"], "Content-Length": ["6087"], "Server": ["Caddy"], "X-Frame-Options": ["DENY"], "X-Xss-Protection": ["1; mode=block"], "Vary": ["Accept-Encoding"], "Etag": ["\"dlh52pe14jcw4p3\""], "Accept-Ranges": ["bytes"]}}
web         | 2026/09/18 13:48:48.582	[34mINFO[0m	http.log.access.log0	handled request	{"request": {"remote_ip": "172.18.0.15", "remote_port": "47162", "client_ip": "34.140.234.80", "proto": "HTTP/1.1", "method": "GET", "host": "ten-fold.co", "uri": "/.claude/settings.json", "headers": {"Cdn-Loop": ["cloudflare; loops=1"], "Cf-Ray": ["a3d0cf7289f5d11d-SIN"], "Cf-Visitor": ["{\"scheme\":\"https\"}"], "X-Forwarded-For": ["34.140.234.80, 162.158.189.34"], "X-Forwarded-Host": ["ten-fold.co"], "X-Forwarded-Proto": ["https"], "Accept-Encoding": ["gzip, br"], "Via": ["2.0 Caddy"], "User-Agent": ["Mozilla/5.0 (Windows NT 10.0; Win64; x64) AppleWebKit/537.36"], "Cf-Connecting-Ip": ["34.140.234.80"], "Cf-Ipcountry": ["BE"]}}, "bytes_read": 0, "user_id": "", "duration": 0.000787259, "size": 6087, "status": 200, "resp_headers": {"Server": ["Caddy"], "X-Content-Type-Options": ["nosniff"], "X-Frame-Options": ["DENY"], "Vary": ["Accept-Encoding"], "Etag": ["\"dlh52pe14jcw4p3\""], "Content-Type": ["text/html; charset=utf-8"], "Last-Modified": ["Wed, 16 Sep 2026 23:45:14 GMT"], "Content-Length": ["6087"], "X-Xss-Protection": ["1; mode=block"], "Accept-Ranges": ["bytes"]}}
web         | 2026/09/18 13:48:48.584	[34mINFO[0m	http.log.access.log0	handled request	{"request": {"remote_ip": "172.18.0.15", "remote_port": "47206", "client_ip": "34.140.234.80", "proto": "HTTP/1.1", "method": "GET", "host": "ten-fold.co", "uri": "/.config/gcloud/application_default_credentials.json", "headers": {"Cf-Visitor": ["{\"scheme\":\"https\"}"], "X-Forwarded-Host": ["ten-fold.co"], "X-Forwarded-Proto": ["https"], "User-Agent": ["Mozilla/5.0 (Windows NT 10.0; Win64; x64) AppleWebKit/537.36"], "Cf-Connecting-Ip": ["34.140.234.80"], "Cf-Ipcountry": ["BE"], "Via": ["2.0 Caddy"], "X-Forwarded-For": ["34.140.234.80, 172.70.208.112"], "Accept-Encoding": ["gzip, br"], "Cdn-Loop": ["cloudflare; loops=1"], "Cf-Ray": ["a3d0cf7289f7d11d-SIN"]}}, "bytes_read": 0, "user_id": "", "duration": 0.001287741, "size": 6087, "status": 200, "resp_headers": {"Server": ["Caddy"], "X-Frame-Options": ["DENY"], "X-Xss-Protection": ["1; mode=block"], "Etag": ["\"dlh52pe14jcw4p3\""], "Last-Modified": ["Wed, 16 Sep 2026 23:45:14 GMT"], "Accept-Ranges": ["bytes"], "Content-Length": ["6087"], "X-Content-Type-Options": ["nosniff"], "Vary": ["Accept-Encoding"], "Content-Type": ["text/html; charset=utf-8"]}}
web         | 2026/09/18 13:48:48.585	[34mINFO[0m	http.log.access.log0	handled request	{"request": {"remote_ip": "172.18.0.15", "remote_port": "47214", "client_ip": "34.140.234.80", "proto": "HTTP/1.1", "method": "GET", "host": "ten-fold.co", "uri": "/.config/gcloud/credentials.db", "headers": {"Accept-Encoding": ["gzip, br"], "Cf-Connecting-Ip": ["34.140.234.80"], "Cf-Ray": ["a3d0cf7289ffd11d-SIN"], "X-Forwarded-Host": ["ten-fold.co"], "Cf-Visitor": ["{\"scheme\":\"https\"}"], "X-Forwarded-For": ["34.140.234.80, 172.70.208.113"], "User-Agent": ["Mozilla/5.0 (Windows NT 10.0; Win64; x64) AppleWebKit/537.36"], "Via": ["2.0 Caddy"], "X-Forwarded-Proto": ["https"], "Cdn-Loop": ["cloudflare; loops=1"], "Cf-Ipcountry": ["BE"]}}, "bytes_read": 0, "user_id": "", "duration": 0.001776246, "size": 6087, "status": 200, "resp_headers": {"X-Content-Type-Options": ["nosniff"], "X-Frame-Options": ["DENY"], "X-Xss-Protection": ["1; mode=block"], "Server": ["Caddy"], "Vary": ["Accept-Encoding"], "Etag": ["\"dlh52pe14jcw4p3\""], "Content-Type": ["text/html; charset=utf-8"], "Last-Modified": ["Wed, 16 Sep 2026 23:45:14 GMT"], "Accept-Ranges": ["bytes"], "Content-Length": ["6087"]}}
web         | 2026/09/18 13:48:48.589	[34mINFO[0m	http.log.access.log0	handled request	{"request": {"remote_ip": "172.18.0.15", "remote_port": "47226", "client_ip": "34.140.234.80", "proto": "HTTP/1.1", "method": "GET", "host": "ten-fold.co", "uri": "/.anthropic/config.json", "headers": {"Cf-Connecting-Ip": ["34.140.234.80"], "Cf-Ipcountry": ["BE"], "Cdn-Loop": ["cloudflare; loops=1"], "Cf-Ray": ["a3d0cf7289efd11d-SIN"], "Cf-Visitor": ["{\"scheme\":\"https\"}"], "Via": ["2.0 Caddy"], "X-Forwarded-Host": ["ten-fold.co"], "X-Forwarded-Proto": ["https"], "Accept-Encoding": ["gzip, br"], "X-Forwarded-For": ["34.140.234.80, 172.69.176.13"], "User-Agent": ["Mozilla/5.0 (Windows NT 10.0; Win64; x64) AppleWebKit/537.36"]}}, "bytes_read": 0, "user_id": "", "duration": 0.002723025, "size": 6087, "status": 200, "resp_headers": {"Server": ["Caddy"], "X-Frame-Options": ["DENY"], "X-Xss-Protection": ["1; mode=block"], "Vary": ["Accept-Encoding"], "Content-Type": ["text/html; charset=utf-8"], "Accept-Ranges": ["bytes"], "Content-Length": ["6087"], "X-Content-Type-Options": ["nosniff"], "Etag": ["\"dlh52pe14jcw4p3\""], "Last-Modified": ["Wed, 16 Sep 2026 23:45:14 GMT"]}}
web         | 2026/09/18 13:48:48.589	[34mINFO[0m	http.log.access.log0	handled request	{"request": {"remote_ip": "172.18.0.15", "remote_port": "47182", "client_ip": "34.140.234.80", "proto": "HTTP/1.1", "method": "GET", "host": "ten-fold.co", "uri": "/.boto", "headers": {"Cf-Ray": ["a3d0cf728a05d11d-SIN"], "Cf-Visitor": ["{\"scheme\":\"https\"}"], "X-Forwarded-Proto": ["https"], "X-Forwarded-For": ["34.140.234.80, 162.158.88.133"], "User-Agent": ["Mozilla/5.0 (Windows NT 10.0; Win64; x64) AppleWebKit/537.36"], "Accept-Encoding": ["gzip, br"], "Via": ["2.0 Caddy"], "X-Forwarded-Host": ["ten-fold.co"], "Cdn-Loop": ["cloudflare; loops=1"], "Cf-Connecting-Ip": ["34.140.234.80"], "Cf-Ipcountry": ["BE"]}}, "bytes_read": 0, "user_id": "", "duration": 0.001644277, "size": 6087, "status": 200, "resp_headers": {"X-Content-Type-Options": ["nosniff"], "Vary": ["Accept-Encoding"], "Etag": ["\"dlh52pe14jcw4p3\""], "Accept-Ranges": ["bytes"], "Content-Length": ["6087"], "Server": ["Caddy"], "X-Frame-Options": ["DENY"], "X-Xss-Protection": ["1; mode=block"], "Content-Type": ["text/html; charset=utf-8"], "Last-Modified": ["Wed, 16 Sep 2026 23:45:14 GMT"]}}
web         | 2026/09/18 13:48:48.592	[34mINFO[0m	http.log.access.log0	handled request	{"request": {"remote_ip": "172.18.0.15", "remote_port": "47194", "client_ip": "34.140.234.80", "proto": "HTTP/1.1", "method": "GET", "host": "ten-fold.co", "uri": "/.aws/config", "headers": {"Accept-Encoding": ["gzip, br"], "X-Forwarded-Proto": ["https"], "Cdn-Loop": ["cloudflare; loops=1"], "Cf-Ray": ["a3d0cf7289edd11d-SIN"], "Cf-Visitor": ["{\"scheme\":\"https\"}"], "Via": ["2.0 Caddy"], "X-Forwarded-For": ["34.140.234.80, 172.68.164.114"], "X-Forwarded-Host": ["ten-fold.co"], "Cf-Connecting-Ip": ["34.140.234.80"], "Cf-Ipcountry": ["BE"], "User-Agent": ["Mozilla/5.0 (Windows NT 10.0; Win64; x64) AppleWebKit/537.36"]}}, "bytes_read": 0, "user_id": "", "duration": 0.000853968, "size": 6087, "status": 200, "resp_headers": {"Last-Modified": ["Wed, 16 Sep 2026 23:45:14 GMT"], "Accept-Ranges": ["bytes"], "Content-Length": ["6087"], "Server": ["Caddy"], "X-Content-Type-Options": ["nosniff"], "X-Frame-Options": ["DENY"], "X-Xss-Protection": ["1; mode=block"], "Vary": ["Accept-Encoding"], "Etag": ["\"dlh52pe14jcw4p3\""], "Content-Type": ["text/html; charset=utf-8"]}}
web         | 2026/09/18 13:48:48.594	[34mINFO[0m	http.log.access.log0	handled request	{"request": {"remote_ip": "172.18.0.15", "remote_port": "47196", "client_ip": "34.140.234.80", "proto": "HTTP/1.1", "method": "GET", "host": "ten-fold.co", "uri": "/.docker/laravel/app/.env", "headers": {"Cf-Ipcountry": ["BE"], "Cdn-Loop": ["cloudflare; loops=1"], "Cf-Ray": ["a3d0cf728a03d11d-SIN"], "X-Forwarded-For": ["34.140.234.80, 172.71.124.80"], "User-Agent": ["Mozilla/5.0 (Windows NT 10.0; Win64; x64) AppleWebKit/537.36"], "Cf-Visitor": ["{\"scheme\":\"https\"}"], "Via": ["2.0 Caddy"], "Cf-Connecting-Ip": ["34.140.234.80"], "X-Forwarded-Host": ["ten-fold.co"], "X-Forwarded-Proto": ["https"], "Accept-Encoding": ["gzip, br"]}}, "bytes_read": 0, "user_id": "", "duration": 0.004277178, "size": 6087, "status": 200, "resp_headers": {"Server": ["Caddy"], "X-Xss-Protection": ["1; mode=block"], "Vary": ["Accept-Encoding"], "Content-Type": ["text/html; charset=utf-8"], "X-Content-Type-Options": ["nosniff"], "X-Frame-Options": ["DENY"], "Etag": ["\"dlh52pe14jcw4p3\""], "Last-Modified": ["Wed, 16 Sep 2026 23:45:14 GMT"], "Accept-Ranges": ["bytes"], "Content-Length": ["6087"]}}
web         | 2026/09/18 13:48:48.735	[34mINFO[0m	http.log.access.log0	handled request	{"request": {"remote_ip": "172.18.0.15", "remote_port": "47196", "client_ip": "34.140.234.80", "proto": "HTTP/1.1", "method": "GET", "host": "ten-fold.co", "uri": "/.env-example", "headers": {"Cf-Visitor": ["{\"scheme\":\"https\"}"], "User-Agent": ["Mozilla/5.0 (Windows NT 10.0; Win64; x64) AppleWebKit/537.36"], "Via": ["2.0 Caddy"], "X-Forwarded-For": ["34.140.234.80, 104.23.175.226"], "X-Forwarded-Host": ["ten-fold.co"], "Accept-Encoding": ["gzip, br"], "Cdn-Loop": ["cloudflare; loops=1"], "Cf-Ipcountry": ["BE"], "X-Forwarded-Proto": ["https"], "Cf-Connecting-Ip": ["34.140.234.80"], "Cf-Ray": ["a3d0cf740f40d11d-SIN"]}}, "bytes_read": 0, "user_id": "", "duration": 0.000496252, "size": 6087, "status": 200, "resp_headers": {"X-Content-Type-Options": ["nosniff"], "X-Frame-Options": ["DENY"], "Etag": ["\"dlh52pe14jcw4p3\""], "Last-Modified": ["Wed, 16 Sep 2026 23:45:14 GMT"], "Accept-Ranges": ["bytes"], "Server": ["Caddy"], "X-Xss-Protection": ["1; mode=block"], "Vary": ["Accept-Encoding"], "Content-Type": ["text/html; charset=utf-8"], "Content-Length": ["6087"]}}
web         | 2026/09/18 13:48:48.744	[34mINFO[0m	http.log.access.log0	handled request	{"request": {"remote_ip": "172.18.0.15", "remote_port": "47196", "client_ip": "34.140.234.80", "proto": "HTTP/1.1", "method": "GET", "host": "ten-fold.co", "uri": "/.env.anthropic", "headers": {"Cf-Connecting-Ip": ["34.140.234.80"], "X-Forwarded-Host": ["ten-fold.co"], "Accept-Encoding": ["gzip, br"], "Cf-Ray": ["a3d0cf742fe1d11d-SIN"], "Cf-Visitor": ["{\"scheme\":\"https\"}"], "X-Forwarded-Proto": ["https"], "User-Agent": ["Mozilla/5.0 (Windows NT 10.0; Win64; x64) AppleWebKit/537.36"], "Cdn-Loop": ["cloudflare; loops=1"], "Via": ["2.0 Caddy"], "Cf-Ipcountry": ["BE"], "X-Forwarded-For": ["34.140.234.80, 172.69.176.13"]}}, "bytes_read": 0, "user_id": "", "duration": 0.000891703, "size": 6087, "status": 200, "resp_headers": {"Server": ["Caddy"], "Etag": ["\"dlh52pe14jcw4p3\""], "Accept-Ranges": ["bytes"], "Content-Length": ["6087"], "X-Content-Type-Options": ["nosniff"], "X-Frame-Options": ["DENY"], "X-Xss-Protection": ["1; mode=block"], "Vary": ["Accept-Encoding"], "Content-Type": ["text/html; charset=utf-8"], "Last-Modified": ["Wed, 16 Sep 2026 23:45:14 GMT"]}}
web         | 2026/09/18 13:48:48.750	[34mINFO[0m	http.log.access.log0	handled request	{"request": {"remote_ip": "172.18.0.15", "remote_port": "47196", "client_ip": "34.140.234.80", "proto": "HTTP/1.1", "method": "GET", "host": "ten-fold.co", "uri": "/.env.bak", "headers": {"Cdn-Loop": ["cloudflare; loops=1"], "Via": ["2.0 Caddy"], "Cf-Ipcountry": ["BE"], "X-Forwarded-Proto": ["https"], "User-Agent": ["Mozilla/5.0 (Windows NT 10.0; Win64; x64) AppleWebKit/537.36"], "Accept-Encoding": ["gzip, br"], "Cf-Visitor": ["{\"scheme\":\"https\"}"], "X-Forwarded-For": ["34.140.234.80, 104.23.175.226"], "X-Forwarded-Host": ["ten-fold.co"], "Cf-Connecting-Ip": ["34.140.234.80"], "Cf-Ray": ["a3d0cf743802d11d-SIN"]}}, "bytes_read": 0, "user_id": "", "duration": 0.001499881, "size": 6087, "status": 200, "resp_headers": {"X-Frame-Options": ["DENY"], "X-Xss-Protection": ["1; mode=block"], "Content-Type": ["text/html; charset=utf-8"], "Last-Modified": ["Wed, 16 Sep 2026 23:45:14 GMT"], "Content-Length": ["6087"], "Server": ["Caddy"], "X-Content-Type-Options": ["nosniff"], "Vary": ["Accept-Encoding"], "Etag": ["\"dlh52pe14jcw4p3\""], "Accept-Ranges": ["bytes"]}}
web         | 2026/09/18 13:48:48.752	[34mINFO[0m	http.log.access.log0	handled request	{"request": {"remote_ip": "172.18.0.15", "remote_port": "47196", "client_ip": "34.140.234.80", "proto": "HTTP/1.1", "method": "GET", "host": "ten-fold.co", "uri": "/.env-sample", "headers": {"X-Forwarded-Proto": ["https"], "User-Agent": ["Mozilla/5.0 (Windows NT 10.0; Win64; x64) AppleWebKit/537.36"], "Cf-Ray": ["a3d0cf742fcdd11d-SIN"], "Cdn-Loop": ["cloudflare; loops=1"], "Via": ["2.0 Caddy"], "Cf-Visitor": ["{\"scheme\":\"https\"}"], "X-Forwarded-For": ["34.140.234.80, 162.158.108.48"], "X-Forwarded-Host": ["ten-fold.co"], "Accept-Encoding": ["gzip, br"], "Cf-Connecting-Ip": ["34.140.234.80"], "Cf-Ipcountry": ["BE"]}}, "bytes_read": 0, "user_id": "", "duration": 0.000433359, "size": 6087, "status": 200, "resp_headers": {"Server": ["Caddy"], "X-Content-Type-Options": ["nosniff"], "Last-Modified": ["Wed, 16 Sep 2026 23:45:14 GMT"], "Accept-Ranges": ["bytes"], "X-Frame-Options": ["DENY"], "X-Xss-Protection": ["1; mode=block"], "Vary": ["Accept-Encoding"], "Etag": ["\"dlh52pe14jcw4p3\""], "Content-Type": ["text/html; charset=utf-8"], "Content-Length": ["6087"]}}
web         | 2026/09/18 13:48:48.754	[34mINFO[0m	http.log.access.log0	handled request	{"request": {"remote_ip": "172.18.0.15", "remote_port": "47196", "client_ip": "34.140.234.80", "proto": "HTTP/1.1", "method": "GET", "host": "ten-fold.co", "uri": "/.env.development", "headers": {"Cf-Visitor": ["{\"scheme\":\"https\"}"], "User-Agent": ["Mozilla/5.0 (Windows NT 10.0; Win64; x64) AppleWebKit/537.36"], "Cdn-Loop": ["cloudflare; loops=1"], "Via": ["2.0 Caddy"], "X-Forwarded-For": ["34.140.234.80, 172.70.93.109"], "X-Forwarded-Proto": ["https"], "Cf-Connecting-Ip": ["34.140.234.80"], "Cf-Ipcountry": ["BE"], "Cf-Ray": ["a3d0cf74380ed11d-SIN"], "X-Forwarded-Host": ["ten-fold.co"], "Accept-Encoding": ["gzip, br"]}}, "bytes_read": 0, "user_id": "", "duration": 0.000769289, "size": 6087, "status": 200, "resp_headers": {"Server": ["Caddy"], "X-Content-Type-Options": ["nosniff"], "Etag": ["\"dlh52pe14jcw4p3\""], "Content-Type": ["text/html; charset=utf-8"], "X-Frame-Options": ["DENY"], "X-Xss-Protection": ["1; mode=block"], "Vary": ["Accept-Encoding"], "Last-Modified": ["Wed, 16 Sep 2026 23:45:14 GMT"], "Accept-Ranges": ["bytes"], "Content-Length": ["6087"]}}
web         | 2026/09/18 13:48:48.755	[34mINFO[0m	http.log.access.log0	handled request	{"request": {"remote_ip": "172.18.0.15", "remote_port": "47182", "client_ip": "34.140.234.80", "proto": "HTTP/1.1", "method": "GET", "host": "ten-fold.co", "uri": "/.env.dev", "headers": {"Cdn-Loop": ["cloudflare; loops=1"], "Cf-Ipcountry": ["BE"], "X-Forwarded-For": ["34.140.234.80, 108.162.226.163"], "User-Agent": ["Mozilla/5.0 (Windows NT 10.0; Win64; x64) AppleWebKit/537.36"], "Accept-Encoding": ["gzip, br"], "Cf-Connecting-Ip": ["34.140.234.80"], "Cf-Ray": ["a3d0cf743804d11d-SIN"], "Cf-Visitor": ["{\"scheme\":\"https\"}"], "Via": ["2.0 Caddy"], "X-Forwarded-Host": ["ten-fold.co"], "X-Forwarded-Proto": ["https"]}}, "bytes_read": 0, "user_id": "", "duration": 0.000684011, "size": 6087, "status": 200, "resp_headers": {"Server": ["Caddy"], "X-Frame-Options": ["DENY"], "Vary": ["Accept-Encoding"], "Etag": ["\"dlh52pe14jcw4p3\""], "Content-Type": ["text/html; charset=utf-8"], "Last-Modified": ["Wed, 16 Sep 2026 23:45:14 GMT"], "Accept-Ranges": ["bytes"], "Content-Length": ["6087"], "X-Content-Type-Options": ["nosniff"], "X-Xss-Protection": ["1; mode=block"]}}
web         | 2026/09/18 13:48:48.756	[34mINFO[0m	http.log.access.log0	handled request	{"request": {"remote_ip": "172.18.0.15", "remote_port": "47194", "client_ip": "34.140.234.80", "proto": "HTTP/1.1", "method": "GET", "host": "ten-fold.co", "uri": "/.env.aws", "headers": {"Cf-Visitor": ["{\"scheme\":\"https\"}"], "X-Forwarded-Host": ["ten-fold.co"], "Cdn-Loop": ["cloudflare; loops=1"], "Via": ["2.0 Caddy"], "User-Agent": ["Mozilla/5.0 (Windows NT 10.0; Win64; x64) AppleWebKit/537.36"], "Cf-Ipcountry": ["BE"], "Cf-Connecting-Ip": ["34.140.234.80"], "X-Forwarded-For": ["34.140.234.80, 162.158.170.155"], "X-Forwarded-Proto": ["https"], "Accept-Encoding": ["gzip, br"], "Cf-Ray": ["a3d0cf742fe5d11d-SIN"]}}, "bytes_read": 0, "user_id": "", "duration": 0.000419081, "size": 6087, "status": 200, "resp_headers": {"Content-Length": ["6087"], "X-Xss-Protection": ["1; mode=block"], "Etag": ["\"dlh52pe14jcw4p3\""], "Content-Type": ["text/html; charset=utf-8"], "Last-Modified": ["Wed, 16 Sep 2026 23:45:14 GMT"], "Accept-Ranges": ["bytes"], "Server": ["Caddy"], "X-Content-Type-Options": ["nosniff"], "X-Frame-Options": ["DENY"], "Vary": ["Accept-Encoding"]}}
web         | 2026/09/18 13:48:48.759	[34mINFO[0m	http.log.access.log0	handled request	{"request": {"remote_ip": "172.18.0.15", "remote_port": "47194", "client_ip": "34.140.234.80", "proto": "HTTP/1.1", "method": "GET", "host": "ten-fold.co", "uri": "/.env.email", "headers": {"Cf-Ipcountry": ["BE"], "X-Forwarded-Host": ["ten-fold.co"], "X-Forwarded-Proto": ["https"], "User-Agent": ["Mozilla/5.0 (Windows NT 10.0; Win64; x64) AppleWebKit/537.36"], "Accept-Encoding": ["gzip, br"], "Cf-Connecting-Ip": ["34.140.234.80"], "Cdn-Loop": ["cloudflare; loops=1"], "Cf-Ray": ["a3d0cf744836d11d-SIN"], "Cf-Visitor": ["{\"scheme\":\"https\"}"], "Via": ["2.0 Caddy"], "X-Forwarded-For": ["34.140.234.80, 162.158.189.34"]}}, "bytes_read": 0, "user_id": "", "duration": 0.001824769, "size": 6087, "status": 200, "resp_headers": {"X-Frame-Options": ["DENY"], "X-Content-Type-Options": ["nosniff"], "Vary": ["Accept-Encoding"], "Content-Length": ["6087"], "Server": ["Caddy"], "X-Xss-Protection": ["1; mode=block"], "Etag": ["\"dlh52pe14jcw4p3\""], "Content-Type": ["text/html; charset=utf-8"], "Last-Modified": ["Wed, 16 Sep 2026 23:45:14 GMT"], "Accept-Ranges": ["bytes"]}}
web         | 2026/09/18 13:48:48.759	[34mINFO[0m	http.log.access.log0	handled request	{"request": {"remote_ip": "172.18.0.15", "remote_port": "47182", "client_ip": "34.140.234.80", "proto": "HTTP/1.1", "method": "GET", "host": "ten-fold.co", "uri": "/.env.live", "headers": {"User-Agent": ["Mozilla/5.0 (Windows NT 10.0; Win64; x64) AppleWebKit/537.36"], "Cf-Ipcountry": ["BE"], "X-Forwarded-For": ["34.140.234.80, 162.158.107.38"], "X-Forwarded-Host": ["ten-fold.co"], "Accept-Encoding": ["gzip, br"], "Cf-Connecting-Ip": ["34.140.234.80"], "Cf-Ray": ["a3d0cf74483dd11d-SIN"], "Cf-Visitor": ["{\"scheme\":\"https\"}"], "Via": ["2.0 Caddy"], "X-Forwarded-Proto": ["https"], "Cdn-Loop": ["cloudflare; loops=1"]}}, "bytes_read": 0, "user_id": "", "duration": 0.000403527, "size": 6087, "status": 200, "resp_headers": {"Last-Modified": ["Wed, 16 Sep 2026 23:45:14 GMT"], "Content-Length": ["6087"], "Server": ["Caddy"], "X-Content-Type-Options": ["nosniff"], "X-Frame-Options": ["DENY"], "Etag": ["\"dlh52pe14jcw4p3\""], "Accept-Ranges": ["bytes"], "X-Xss-Protection": ["1; mode=block"], "Vary": ["Accept-Encoding"], "Content-Type": ["text/html; charset=utf-8"]}}
api         | {"levelname": "INFO", "asctime": "2026-09-18 11:30:53,963", "module": "logger", "name": "plane.api.request", "message": "GET /api/workspaces/brune4ai/users/notifications/unread/ 200", "path": "/api/workspaces/brune4ai/users/notifications/unread/", "method": "GET", "status_code": 200, "duration_ms": 2509, "remote_addr": "119.160.190.240", "user_agent": "Mozilla/5.0 (Windows NT 10.0; Win64; x64) AppleWebKit/537.36 (KHTML, like Gecko) Chrome/153.0.0.0 Safari/537.36 Edg/153.0.0.0", "user_id": "57ff78ef-f40f-4d8d-bca3-7e302fe916ca"}
api         | {"levelname": "INFO", "asctime": "2026-09-18 11:30:54,854", "module": "logger", "name": "plane.api.request", "message": "GET /api/workspaces/brune4ai/projects/8fd2a982-478c-479c-aeac-820e97299186/project-members/me/ 200", "path": "/api/workspaces/brune4ai/projects/8fd2a982-478c-479c-aeac-820e97299186/project-members/me/", "method": "GET", "status_code": 200, "duration_ms": 3406, "remote_addr": "119.160.190.240", "user_agent": "Mozilla/5.0 (Windows NT 10.0; Win64; x64) AppleWebKit/537.36 (KHTML, like Gecko) Chrome/153.0.0.0 Safari/537.36 Edg/153.0.0.0", "user_id": "57ff78ef-f40f-4d8d-bca3-7e302fe916ca"}
api         | {"levelname": "INFO", "asctime": "2026-09-18 11:30:56,323", "module": "logger", "name": "plane.api.request", "message": "GET /api/workspaces/brune4ai/projects/8fd2a982-478c-479c-aeac-820e97299186/ 200", "path": "/api/workspaces/brune4ai/projects/8fd2a982-478c-479c-aeac-820e97299186/", "method": "GET", "status_code": 200, "duration_ms": 4337, "remote_addr": "119.160.190.240", "user_agent": "Mozilla/5.0 (Windows NT 10.0; Win64; x64) AppleWebKit/537.36 (KHTML, like Gecko) Chrome/153.0.0.0 Safari/537.36 Edg/153.0.0.0", "user_id": "57ff78ef-f40f-4d8d-bca3-7e302fe916ca"}
api         | {"levelname": "INFO", "asctime": "2026-09-18 11:30:56,557", "module": "logger", "name": "plane.api.request", "message": "GET /api/workspaces/brune4ai/projects/8fd2a982-478c-479c-aeac-820e97299186/issues/992faf47-6a3e-4bce-acf5-7a3935555241/?expand=issue_reactions,issue_attachments,issue_link,parent 200", "path": "/api/workspaces/brune4ai/projects/8fd2a982-478c-479c-aeac-820e97299186/issues/992faf47-6a3e-4bce-acf5-7a3935555241/", "method": "GET", "status_code": 200, "duration_ms": 4194, "remote_addr": "119.160.190.240", "user_agent": "Mozilla/5.0 (Windows NT 10.0; Win64; x64) AppleWebKit/537.36 (KHTML, like Gecko) Chrome/153.0.0.0 Safari/537.36 Edg/153.0.0.0", "user_id": "57ff78ef-f40f-4d8d-bca3-7e302fe916ca"}
api         | {"levelname": "INFO", "asctime": "2026-09-18 11:30:58,435", "module": "logger", "name": "plane.api.request", "message": "GET /api/workspaces/brune4ai/projects/8fd2a982-478c-479c-aeac-820e97299186/states/ 200", "path": "/api/workspaces/brune4ai/projects/8fd2a982-478c-479c-aeac-820e97299186/states/", "method": "GET", "status_code": 200, "duration_ms": 1723, "remote_addr": "119.160.190.240", "user_agent": "Mozilla/5.0 (Windows NT 10.0; Win64; x64) AppleWebKit/537.36 (KHTML, like Gecko) Chrome/153.0.0.0 Safari/537.36 Edg/153.0.0.0", "user_id": "57ff78ef-f40f-4d8d-bca3-7e302fe916ca"}
api         | {"levelname": "INFO", "asctime": "2026-09-18 11:30:58,794", "module": "logger", "name": "plane.api.request", "message": "GET /api/workspaces/brune4ai/projects/8fd2a982-478c-479c-aeac-820e97299186/work-items/992faf47-6a3e-4bce-acf5-7a3935555241/description-versions/ 200", "path": "/api/workspaces/brune4ai/projects/8fd2a982-478c-479c-aeac-820e97299186/work-items/992faf47-6a3e-4bce-acf5-7a3935555241/description-versions/", "method": "GET", "status_code": 200, "duration_ms": 1812, "remote_addr": "119.160.190.240", "user_agent": "Mozilla/5.0 (Windows NT 10.0; Win64; x64) AppleWebKit/537.36 (KHTML, like Gecko) Chrome/153.0.0.0 Safari/537.36 Edg/153.0.0.0", "user_id": "57ff78ef-f40f-4d8d-bca3-7e302fe916ca"}
api         | {"levelname": "INFO", "asctime": "2026-09-18 11:30:59,009", "module": "logger", "name": "plane.api.request", "message": "GET /api/workspaces/brune4ai/projects/8fd2a982-478c-479c-aeac-820e97299186/issues/992faf47-6a3e-4bce-acf5-7a3935555241/sub-issues/ 200", "path": "/api/workspaces/brune4ai/projects/8fd2a982-478c-479c-aeac-820e97299186/issues/992faf47-6a3e-4bce-acf5-7a3935555241/sub-issues/", "method": "GET", "status_code": 200, "duration_ms": 2137, "remote_addr": "119.160.190.240", "user_agent": "Mozilla/5.0 (Windows NT 10.0; Win64; x64) AppleWebKit/537.36 (KHTML, like Gecko) Chrome/153.0.0.0 Safari/537.36 Edg/153.0.0.0", "user_id": "57ff78ef-f40f-4d8d-bca3-7e302fe916ca"}
api         | {"levelname": "INFO", "asctime": "2026-09-18 11:30:59,354", "module": "logger", "name": "plane.api.request", "message": "GET /api/workspaces/brune4ai/projects/8fd2a982-478c-479c-aeac-820e97299186/issues/992faf47-6a3e-4bce-acf5-7a3935555241/history/?activity_type=issue-comment 200", "path": "/api/workspaces/brune4ai/projects/8fd2a982-478c-479c-aeac-820e97299186/issues/992faf47-6a3e-4bce-acf5-7a3935555241/history/", "method": "GET", "status_code": 200, "duration_ms": 2336, "remote_addr": "119.160.190.240", "user_agent": "Mozilla/5.0 (Windows NT 10.0; Win64; x64) AppleWebKit/537.36 (KHTML, like Gecko) Chrome/153.0.0.0 Safari/537.36 Edg/153.0.0.0", "user_id": "57ff78ef-f40f-4d8d-bca3-7e302fe916ca"}
api         | {"levelname": "INFO", "asctime": "2026-09-18 11:30:59,662", "module": "logger", "name": "plane.api.request", "message": "GET /api/workspaces/brune4ai/projects/8fd2a982-478c-479c-aeac-820e97299186/issues/992faf47-6a3e-4bce-acf5-7a3935555241/history/?activity_type=issue-property 200", "path": "/api/workspaces/brune4ai/projects/8fd2a982-478c-479c-aeac-820e97299186/issues/992faf47-6a3e-4bce-acf5-7a3935555241/history/", "method": "GET", "status_code": 200, "duration_ms": 2613, "remote_addr": "119.160.190.240", "user_agent": "Mozilla/5.0 (Windows NT 10.0; Win64; x64) AppleWebKit/537.36 (KHTML, like Gecko) Chrome/153.0.0.0 Safari/537.36 Edg/153.0.0.0", "user_id": "57ff78ef-f40f-4d8d-bca3-7e302fe916ca"}
api         | {"levelname": "INFO", "asctime": "2026-09-18 11:30:59,874", "module": "logger", "name": "plane.api.request", "message": "GET /api/workspaces/brune4ai/projects/8fd2a982-478c-479c-aeac-820e97299186/issues/992faf47-6a3e-4bce-acf5-7a3935555241/issue-relation/ 200", "path": "/api/workspaces/brune4ai/projects/8fd2a982-478c-479c-aeac-820e97299186/issues/992faf47-6a3e-4bce-acf5-7a3935555241/issue-relation/", "method": "GET", "status_code": 200, "duration_ms": 2924, "remote_addr": "119.160.190.240", "user_agent": "Mozilla/5.0 (Windows NT 10.0; Win64; x64) AppleWebKit/537.36 (KHTML, like Gecko) Chrome/153.0.0.0 Safari/537.36 Edg/153.0.0.0", "user_id": "57ff78ef-f40f-4d8d-bca3-7e302fe916ca"}
api         | {"levelname": "INFO", "asctime": "2026-09-18 11:34:26,948", "module": "logger", "name": "plane.api.request", "message": "GET /api/workspaces/brune4ai/users/notifications/unread/ 200", "path": "/api/workspaces/brune4ai/users/notifications/unread/", "method": "GET", "status_code": 200, "duration_ms": 563, "remote_addr": "119.160.190.240", "user_agent": "Mozilla/5.0 (Windows NT 10.0; Win64; x64) AppleWebKit/537.36 (KHTML, like Gecko) Chrome/153.0.0.0 Safari/537.36 Edg/153.0.0.0", "user_id": "57ff78ef-f40f-4d8d-bca3-7e302fe916ca"}
api         | {"levelname": "INFO", "asctime": "2026-09-18 11:34:27,341", "module": "logger", "name": "plane.api.request", "message": "GET /api/workspaces/brune4ai/projects/8fd2a982-478c-479c-aeac-820e97299186/ 200", "path": "/api/workspaces/brune4ai/projects/8fd2a982-478c-479c-aeac-820e97299186/", "method": "GET", "status_code": 200, "duration_ms": 965, "remote_addr": "119.160.190.240", "user_agent": "Mozilla/5.0 (Windows NT 10.0; Win64; x64) AppleWebKit/537.36 (KHTML, like Gecko) Chrome/153.0.0.0 Safari/537.36 Edg/153.0.0.0", "user_id": "57ff78ef-f40f-4d8d-bca3-7e302fe916ca"}
api         | {"levelname": "INFO", "asctime": "2026-09-18 11:34:27,450", "module": "logger", "name": "plane.api.request", "message": "GET /api/workspaces/brune4ai/projects/8fd2a982-478c-479c-aeac-820e97299186/project-members/me/ 200", "path": "/api/workspaces/brune4ai/projects/8fd2a982-478c-479c-aeac-820e97299186/project-members/me/", "method": "GET", "status_code": 200, "duration_ms": 945, "remote_addr": "119.160.190.240", "user_agent": "Mozilla/5.0 (Windows NT 10.0; Win64; x64) AppleWebKit/537.36 (KHTML, like Gecko) Chrome/153.0.0.0 Safari/537.36 Edg/153.0.0.0", "user_id": "57ff78ef-f40f-4d8d-bca3-7e302fe916ca"}
api         | {"levelname": "INFO", "asctime": "2026-09-18 11:35:25,161", "module": "logger", "name": "plane.api.request", "message": "GET /api/users/me/copilot-identity/ 200", "path": "/api/users/me/copilot-identity/", "method": "GET", "status_code": 200, "duration_ms": 77, "remote_addr": "119.160.190.240", "user_agent": "Mozilla/5.0 (Windows NT 10.0; Win64; x64) AppleWebKit/537.36 (KHTML, like Gecko) Chrome/153.0.0.0 Safari/537.36 Edg/153.0.0.0", "user_id": "57ff78ef-f40f-4d8d-bca3-7e302fe916ca"}
api         | {"levelname": "INFO", "asctime": "2026-09-18 11:39:57,321", "module": "logger", "name": "plane.api.request", "message": "GET /api/users/me/copilot-identity/ 200", "path": "/api/users/me/copilot-identity/", "method": "GET", "status_code": 200, "duration_ms": 151, "remote_addr": "119.160.190.240", "user_agent": "Mozilla/5.0 (Windows NT 10.0; Win64; x64) AppleWebKit/537.36 (KHTML, like Gecko) Chrome/153.0.0.0 Safari/537.36 Edg/153.0.0.0", "user_id": "57ff78ef-f40f-4d8d-bca3-7e302fe916ca"}
api         | {"levelname": "INFO", "asctime": "2026-09-18 11:44:29,176", "module": "logger", "name": "plane.api.request", "message": "GET /api/users/me/copilot-identity/ 200", "path": "/api/users/me/copilot-identity/", "method": "GET", "status_code": 200, "duration_ms": 61, "remote_addr": "119.160.190.240", "user_agent": "Mozilla/5.0 (Windows NT 10.0; Win64; x64) AppleWebKit/537.36 (KHTML, like Gecko) Chrome/153.0.0.0 Safari/537.36 Edg/153.0.0.0", "user_id": "57ff78ef-f40f-4d8d-bca3-7e302fe916ca"}
api         | {"levelname": "INFO", "asctime": "2026-09-18 11:49:01,260", "module": "logger", "name": "plane.api.request", "message": "GET /api/users/me/copilot-identity/ 200", "path": "/api/users/me/copilot-identity/", "method": "GET", "status_code": 200, "duration_ms": 62, "remote_addr": "119.160.190.240", "user_agent": "Mozilla/5.0 (Windows NT 10.0; Win64; x64) AppleWebKit/537.36 (KHTML, like Gecko) Chrome/153.0.0.0 Safari/537.36 Edg/153.0.0.0", "user_id": "57ff78ef-f40f-4d8d-bca3-7e302fe916ca"}
api         | {"levelname": "INFO", "asctime": "2026-09-18 14:03:35,592", "module": "logger", "name": "plane.api.request", "message": "GET /api/users/me/copilot-identity/ 200", "path": "/api/users/me/copilot-identity/", "method": "GET", "status_code": 200, "duration_ms": 2026, "remote_addr": "119.160.190.240", "user_agent": "Mozilla/5.0 (Windows NT 10.0; Win64; x64) AppleWebKit/537.36 (KHTML, like Gecko) Chrome/153.0.0.0 Safari/537.36 Edg/153.0.0.0", "user_id": "57ff78ef-f40f-4d8d-bca3-7e302fe916ca"}
api         | {"levelname": "INFO", "asctime": "2026-09-18 14:03:36,285", "module": "logger", "name": "plane.api.request", "message": "GET /api/workspaces/brune4ai/users/notifications/unread/ 200", "path": "/api/workspaces/brune4ai/users/notifications/unread/", "method": "GET", "status_code": 200, "duration_ms": 2778, "remote_addr": "119.160.190.240", "user_agent": "Mozilla/5.0 (Windows NT 10.0; Win64; x64) AppleWebKit/537.36 (KHTML, like Gecko) Chrome/153.0.0.0 Safari/537.36 Edg/153.0.0.0", "user_id": "57ff78ef-f40f-4d8d-bca3-7e302fe916ca"}
api         | {"levelname": "INFO", "asctime": "2026-09-18 14:03:36,430", "module": "logger", "name": "plane.api.request", "message": "GET /api/workspaces/brune4ai/projects/8fd2a982-478c-479c-aeac-820e97299186/project-members/me/ 200", "path": "/api/workspaces/brune4ai/projects/8fd2a982-478c-479c-aeac-820e97299186/project-members/me/", "method": "GET", "status_code": 200, "duration_ms": 3085, "remote_addr": "119.160.190.240", "user_agent": "Mozilla/5.0 (Windows NT 10.0; Win64; x64) AppleWebKit/537.36 (KHTML, like Gecko) Chrome/153.0.0.0 Safari/537.36 Edg/153.0.0.0", "user_id": "57ff78ef-f40f-4d8d-bca3-7e302fe916ca"}
api         | {"levelname": "INFO", "asctime": "2026-09-18 14:03:37,417", "module": "logger", "name": "plane.api.request", "message": "GET /api/workspaces/brune4ai/projects/8fd2a982-478c-479c-aeac-820e97299186/ 200", "path": "/api/workspaces/brune4ai/projects/8fd2a982-478c-479c-aeac-820e97299186/", "method": "GET", "status_code": 200, "duration_ms": 3906, "remote_addr": "119.160.190.240", "user_agent": "Mozilla/5.0 (Windows NT 10.0; Win64; x64) AppleWebKit/537.36 (KHTML, like Gecko) Chrome/153.0.0.0 Safari/537.36 Edg/153.0.0.0", "user_id": "57ff78ef-f40f-4d8d-bca3-7e302fe916ca"}
api         | {"levelname": "INFO", "asctime": "2026-09-18 14:08:08,783", "module": "logger", "name": "plane.api.request", "message": "GET /api/users/me/copilot-identity/ 200", "path": "/api/users/me/copilot-identity/", "method": "GET", "status_code": 200, "duration_ms": 887, "remote_addr": "119.160.190.240", "user_agent": "Mozilla/5.0 (Windows NT 10.0; Win64; x64) AppleWebKit/537.36 (KHTML, like Gecko) Chrome/153.0.0.0 Safari/537.36 Edg/153.0.0.0", "user_id": "57ff78ef-f40f-4d8d-bca3-7e302fe916ca"}
api         | {"levelname": "INFO", "asctime": "2026-09-18 14:12:42,080", "module": "logger", "name": "plane.api.request", "message": "GET /api/users/me/copilot-identity/ 200", "path": "/api/users/me/copilot-identity/", "method": "GET", "status_code": 200, "duration_ms": 1135, "remote_addr": "119.160.190.240", "user_agent": "Mozilla/5.0 (Windows NT 10.0; Win64; x64) AppleWebKit/537.36 (KHTML, like Gecko) Chrome/153.0.0.0 Safari/537.36 Edg/153.0.0.0", "user_id": "57ff78ef-f40f-4d8d-bca3-7e302fe916ca"}
proxy       | {"level":"info","ts":1789259317.1326776,"msg":"maxprocs: Leaving GOMAXPROCS=2: CPU quota undefined"}
proxy       | {"level":"info","ts":1789259317.1327143,"msg":"GOMEMLIMIT is updated","GOMEMLIMIT":3695486976,"previous":9223372036854775807}
proxy       | {"level":"info","ts":1789259317.1327205,"msg":"using config from file","file":"/etc/caddy/Caddyfile"}
proxy       | {"level":"info","ts":1789259317.1327245,"msg":"adapted config to JSON","adapter":"caddyfile"}
proxy       | {"level":"warn","ts":1789259317.1327279,"msg":"Caddyfile input is not formatted; run 'caddy fmt --overwrite' to fix inconsistencies","adapter":"caddyfile","file":"/etc/caddy/Caddyfile","line":6}
proxy       | {"level":"info","ts":1789259317.1346722,"logger":"admin","msg":"admin endpoint started","address":"localhost:2019","enforce_origin":false,"origins":["//127.0.0.1:2019","//localhost:2019","//[::1]:2019"]}
proxy       | {"level":"info","ts":1789259317.1354845,"logger":"tls.cache.maintenance","msg":"started background certificate maintenance","cache":"0x3bb9f6fbc80"}
proxy       | {"level":"warn","ts":1789259317.1378953,"logger":"tls","msg":"stapling OCSP","error":"no OCSP stapling for [cloudflare origin certificate *.ten-fold.co ten-fold.co]: no URL to issuing certificate"}
proxy       | {"level":"info","ts":1789259317.138153,"logger":"http.auto_https","msg":"skipping automatic certificate management because one or more matching certificates are already loaded","domain":"ten-fold.co","server_name":"srv0"}
proxy       | {"level":"info","ts":1789259317.1381795,"logger":"http.auto_https","msg":"enabling automatic HTTP->HTTPS redirects","server_name":"srv0"}
proxy       | {"level":"info","ts":1789259317.1437297,"logger":"http","msg":"enabling HTTP/3 listener","addr":":443"}
proxy       | {"level":"info","ts":1789259317.1442597,"msg":"failed to sufficiently increase receive buffer size (was: 208 kiB, wanted: 7168 kiB, got: 416 kiB). See https://github.com/quic-go/quic-go/wiki/UDP-Buffer-Sizes for details."}
proxy       | {"level":"info","ts":1789259317.144544,"logger":"http.log","msg":"server running","name":"srv0","protocols":["h1","h2","h3"]}
proxy       | {"level":"warn","ts":1789259317.144675,"logger":"http","msg":"HTTP/2 skipped because it requires TLS","network":"tcp","addr":":80"}
proxy       | {"level":"warn","ts":1789259317.1446834,"logger":"http","msg":"HTTP/3 skipped because it requires TLS","network":"tcp","addr":":80"}
proxy       | {"level":"info","ts":1789259317.144687,"logger":"http.log","msg":"server running","name":"remaining_auto_https_redirects","protocols":["h1","h2","h3"]}
proxy       | {"level":"info","ts":1789259317.1460361,"msg":"autosaved config (load with --resume flag)","file":"/config/caddy/autosave.json"}
proxy       | {"level":"info","ts":1789259317.1460636,"msg":"serving initial configuration"}
proxy       | {"level":"info","ts":1789259317.1492035,"logger":"tls","msg":"storage cleaning happened too recently; skipping for now","storage":"FileStorage:/data/caddy","instance":"77e55490-db37-484a-94c1-2ea34d0898a3","try_again":1789345717.1491992,"try_again_in":86399.999999075}
proxy       | {"level":"info","ts":1789259317.1493917,"logger":"tls","msg":"finished cleaning storage units"}
proxy       | {"level":"info","ts":1789345717.1564126,"logger":"tls","msg":"cleaning storage unit","storage":"FileStorage:/data/caddy"}
proxy       | {"level":"info","ts":1789345717.1636028,"logger":"tls","msg":"finished cleaning storage units"}
proxy       | {"level":"info","ts":1789432117.1488166,"logger":"tls","msg":"storage cleaning happened too recently; skipping for now","storage":"FileStorage:/data/caddy","instance":"77e55490-db37-484a-94c1-2ea34d0898a3","try_again":1789518517.148811,"try_again_in":86399.999999234}
proxy       | {"level":"info","ts":1789432117.1493468,"logger":"tls","msg":"finished cleaning storage units"}
proxy       | {"level":"info","ts":1789518517.1491954,"logger":"tls","msg":"cleaning storage unit","storage":"FileStorage:/data/caddy"}
proxy       | {"level":"info","ts":1789518517.1523867,"logger":"tls","msg":"finished cleaning storage units"}
proxy       | {"level":"info","ts":1789604917.152057,"logger":"tls","msg":"cleaning storage unit","storage":"FileStorage:/data/caddy"}
proxy       | {"level":"info","ts":1789604917.1560147,"logger":"tls","msg":"finished cleaning storage units"}
proxy       | {"level":"info","ts":1789691317.150005,"logger":"tls","msg":"storage cleaning happened too recently; skipping for now","storage":"FileStorage:/data/caddy","instance":"77e55490-db37-484a-94c1-2ea34d0898a3","try_again":1789777717.15,"try_again_in":86399.999998995}
proxy       | {"level":"info","ts":1789691317.150906,"logger":"tls","msg":"finished cleaning storage units"}
web         | 2026/09/18 13:48:48.764	[34mINFO[0m	http.log.access.log0	handled request	{"request": {"remote_ip": "172.18.0.15", "remote_port": "47194", "client_ip": "34.140.234.80", "proto": "HTTP/1.1", "method": "GET", "host": "ten-fold.co", "uri": "/.env.backup", "headers": {"Cf-Connecting-Ip": ["34.140.234.80"], "Cf-Ray": ["a3d0cf743ffcd11d-SIN"], "X-Forwarded-Host": ["ten-fold.co"], "Via": ["2.0 Caddy"], "X-Forwarded-For": ["34.140.234.80, 162.158.107.37"], "X-Forwarded-Proto": ["https"], "Cdn-Loop": ["cloudflare; loops=1"], "Cf-Ipcountry": ["BE"], "Cf-Visitor": ["{\"scheme\":\"https\"}"], "User-Agent": ["Mozilla/5.0 (Windows NT 10.0; Win64; x64) AppleWebKit/537.36"], "Accept-Encoding": ["gzip, br"]}}, "bytes_read": 0, "user_id": "", "duration": 0.000687928, "size": 6087, "status": 200, "resp_headers": {"X-Xss-Protection": ["1; mode=block"], "Etag": ["\"dlh52pe14jcw4p3\""], "Content-Type": ["text/html; charset=utf-8"], "Accept-Ranges": ["bytes"], "Content-Length": ["6087"], "Server": ["Caddy"], "X-Content-Type-Options": ["nosniff"], "Vary": ["Accept-Encoding"], "Last-Modified": ["Wed, 16 Sep 2026 23:45:14 GMT"], "X-Frame-Options": ["DENY"]}}
web         | 2026/09/18 13:48:48.776	[34mINFO[0m	http.log.access.log0	handled request	{"request": {"remote_ip": "172.18.0.15", "remote_port": "47182", "client_ip": "34.140.234.80", "proto": "HTTP/1.1", "method": "GET", "host": "ten-fold.co", "uri": "/.env.dist", "headers": {"Cf-Ray": ["a3d0cf744826d11d-SIN"], "Cdn-Loop": ["cloudflare; loops=1"], "Cf-Ipcountry": ["BE"], "Cf-Visitor": ["{\"scheme\":\"https\"}"], "Via": ["2.0 Caddy"], "X-Forwarded-Proto": ["https"], "Accept-Encoding": ["gzip, br"], "X-Forwarded-Host": ["ten-fold.co"], "Cf-Connecting-Ip": ["34.140.234.80"], "X-Forwarded-For": ["34.140.234.80, 104.22.66.141"], "User-Agent": ["Mozilla/5.0 (Windows NT 10.0; Win64; x64) AppleWebKit/537.36"]}}, "bytes_read": 0, "user_id": "", "duration": 0.001313407, "size": 6087, "status": 200, "resp_headers": {"Server": ["Caddy"], "X-Frame-Options": ["DENY"], "X-Xss-Protection": ["1; mode=block"], "X-Content-Type-Options": ["nosniff"], "Vary": ["Accept-Encoding"], "Accept-Ranges": ["bytes"], "Content-Length": ["6087"], "Etag": ["\"dlh52pe14jcw4p3\""], "Content-Type": ["text/html; charset=utf-8"], "Last-Modified": ["Wed, 16 Sep 2026 23:45:14 GMT"]}}
web         | 2026/09/18 13:48:48.775	[34mINFO[0m	http.log.access.log0	handled request	{"request": {"remote_ip": "172.18.0.15", "remote_port": "47194", "client_ip": "34.140.234.80", "proto": "HTTP/1.1", "method": "GET", "host": "ten-fold.co", "uri": "/.env.docker", "headers": {"Cf-Ipcountry": ["BE"], "X-Forwarded-Proto": ["https"], "User-Agent": ["Mozilla/5.0 (Windows NT 10.0; Win64; x64) AppleWebKit/537.36"], "Cf-Ray": ["a3d0cf74482ed11d-SIN"], "X-Forwarded-For": ["34.140.234.80, 162.158.107.38"], "Accept-Encoding": ["gzip, br"], "Cf-Connecting-Ip": ["34.140.234.80"], "Via": ["2.0 Caddy"], "X-Forwarded-Host": ["ten-fold.co"], "Cdn-Loop": ["cloudflare; loops=1"], "Cf-Visitor": ["{\"scheme\":\"https\"}"]}}, "bytes_read": 0, "user_id": "", "duration": 0.000477814, "size": 6087, "status": 200, "resp_headers": {"Content-Type": ["text/html; charset=utf-8"], "Last-Modified": ["Wed, 16 Sep 2026 23:45:14 GMT"], "Accept-Ranges": ["bytes"], "Content-Length": ["6087"], "X-Frame-Options": ["DENY"], "Vary": ["Accept-Encoding"], "Etag": ["\"dlh52pe14jcw4p3\""], "Server": ["Caddy"], "X-Content-Type-Options": ["nosniff"], "X-Xss-Protection": ["1; mode=block"]}}
web         | 2026/09/18 13:48:48.781	[34mINFO[0m	http.log.access.log0	handled request	{"request": {"remote_ip": "172.18.0.15", "remote_port": "47194", "client_ip": "34.140.234.80", "proto": "HTTP/1.1", "method": "GET", "host": "ten-fold.co", "uri": "/.env.example", "headers": {"Cf-Ipcountry": ["BE"], "Cf-Ray": ["a3d0cf74483bd11d-SIN"], "X-Forwarded-For": ["34.140.234.80, 162.158.163.157"], "Cf-Connecting-Ip": ["34.140.234.80"], "Cf-Visitor": ["{\"scheme\":\"https\"}"], "X-Forwarded-Proto": ["https"], "Via": ["2.0 Caddy"], "X-Forwarded-Host": ["ten-fold.co"], "User-Agent": ["Mozilla/5.0 (Windows NT 10.0; Win64; x64) AppleWebKit/537.36"], "Accept-Encoding": ["gzip, br"], "Cdn-Loop": ["cloudflare; loops=1"]}}, "bytes_read": 0, "user_id": "", "duration": 0.000518721, "size": 6087, "status": 200, "resp_headers": {"X-Frame-Options": ["DENY"], "X-Xss-Protection": ["1; mode=block"], "Vary": ["Accept-Encoding"], "Last-Modified": ["Wed, 16 Sep 2026 23:45:14 GMT"], "X-Content-Type-Options": ["nosniff"], "Etag": ["\"dlh52pe14jcw4p3\""], "Content-Type": ["text/html; charset=utf-8"], "Accept-Ranges": ["bytes"], "Content-Length": ["6087"], "Server": ["Caddy"]}}
web         | 2026/09/18 13:48:48.783	[34mINFO[0m	http.log.access.log0	handled request	{"request": {"remote_ip": "172.18.0.15", "remote_port": "47194", "client_ip": "34.140.234.80", "proto": "HTTP/1.1", "method": "GET", "host": "ten-fold.co", "uri": "/.env.old", "headers": {"Cf-Ipcountry": ["BE"], "Cf-Visitor": ["{\"scheme\":\"https\"}"], "X-Forwarded-Proto": ["https"], "Cdn-Loop": ["cloudflare; loops=1"], "Cf-Connecting-Ip": ["34.140.234.80"], "Cf-Ray": ["a3d0cf74587dd11d-SIN"], "Via": ["2.0 Caddy"], "X-Forwarded-For": ["34.140.234.80, 162.158.163.158"], "X-Forwarded-Host": ["ten-fold.co"], "User-Agent": ["Mozilla/5.0 (Windows NT 10.0; Win64; x64) AppleWebKit/537.36"], "Accept-Encoding": ["gzip, br"]}}, "bytes_read": 0, "user_id": "", "duration": 0.000311957, "size": 6087, "status": 200, "resp_headers": {"Etag": ["\"dlh52pe14jcw4p3\""], "Content-Type": ["text/html; charset=utf-8"], "Last-Modified": ["Wed, 16 Sep 2026 23:45:14 GMT"], "Content-Length": ["6087"], "X-Xss-Protection": ["1; mode=block"], "X-Frame-Options": ["DENY"], "Accept-Ranges": ["bytes"], "Server": ["Caddy"], "X-Content-Type-Options": ["nosniff"], "Vary": ["Accept-Encoding"]}}
web         | 2026/09/18 13:48:48.784	[34mINFO[0m	http.log.access.log0	handled request	{"request": {"remote_ip": "172.18.0.15", "remote_port": "47196", "client_ip": "34.140.234.80", "proto": "HTTP/1.1", "method": "GET", "host": "ten-fold.co", "uri": "/.env.mail", "headers": {"Cdn-Loop": ["cloudflare; loops=1"], "Cf-Visitor": ["{\"scheme\":\"https\"}"], "Via": ["2.0 Caddy"], "X-Forwarded-Host": ["ten-fold.co"], "User-Agent": ["Mozilla/5.0 (Windows NT 10.0; Win64; x64) AppleWebKit/537.36"], "Accept-Encoding": ["gzip, br"], "Cf-Connecting-Ip": ["34.140.234.80"], "Cf-Ipcountry": ["BE"], "Cf-Ray": ["a3d0cf744847d11d-SIN"], "X-Forwarded-For": ["34.140.234.80, 104.22.66.141"], "X-Forwarded-Proto": ["https"]}}, "bytes_read": 0, "user_id": "", "duration": 0.002166113, "size": 6087, "status": 200, "resp_headers": {"X-Frame-Options": ["DENY"], "Etag": ["\"dlh52pe14jcw4p3\""], "Accept-Ranges": ["bytes"], "Content-Length": ["6087"], "Server": ["Caddy"], "X-Content-Type-Options": ["nosniff"], "X-Xss-Protection": ["1; mode=block"], "Vary": ["Accept-Encoding"], "Content-Type": ["text/html; charset=utf-8"], "Last-Modified": ["Wed, 16 Sep 2026 23:45:14 GMT"]}}
web         | 2026/09/18 13:48:48.785	[34mINFO[0m	http.log.access.log0	handled request	{"request": {"remote_ip": "172.18.0.15", "remote_port": "47182", "client_ip": "34.140.234.80", "proto": "HTTP/1.1", "method": "GET", "host": "ten-fold.co", "uri": "/.env.local", "headers": {"Cf-Ray": ["a3d0cf744842d11d-SIN"], "User-Agent": ["Mozilla/5.0 (Windows NT 10.0; Win64; x64) AppleWebKit/537.36"], "Cdn-Loop": ["cloudflare; loops=1"], "Cf-Ipcountry": ["BE"], "Via": ["2.0 Caddy"], "X-Forwarded-For": ["34.140.234.80, 162.158.163.157"], "X-Forwarded-Host": ["ten-fold.co"], "Cf-Connecting-Ip": ["34.140.234.80"], "X-Forwarded-Proto": ["https"], "Accept-Encoding": ["gzip, br"], "Cf-Visitor": ["{\"scheme\":\"https\"}"]}}, "bytes_read": 0, "user_id": "", "duration": 0.001546112, "size": 6087, "status": 200, "resp_headers": {"Server": ["Caddy"], "X-Content-Type-Options": ["nosniff"], "X-Frame-Options": ["DENY"], "X-Xss-Protection": ["1; mode=block"], "Accept-Ranges": ["bytes"], "Content-Length": ["6087"], "Vary": ["Accept-Encoding"], "Etag": ["\"dlh52pe14jcw4p3\""], "Content-Type": ["text/html; charset=utf-8"], "Last-Modified": ["Wed, 16 Sep 2026 23:45:14 GMT"]}}
web         | 2026/09/18 13:48:48.903	[34mINFO[0m	http.log.access.log0	handled request	{"request": {"remote_ip": "172.18.0.15", "remote_port": "47182", "client_ip": "34.140.234.80", "proto": "HTTP/1.1", "method": "GET", "host": "ten-fold.co", "uri": "/.env.openai", "headers": {"X-Forwarded-Proto": ["https"], "Cdn-Loop": ["cloudflare; loops=1"], "Cf-Ipcountry": ["BE"], "Cf-Ray": ["a3d0cf752b46d11d-SIN"], "Cf-Visitor": ["{\"scheme\":\"https\"}"], "Via": ["2.0 Caddy"], "Accept-Encoding": ["gzip, br"], "X-Forwarded-For": ["34.140.234.80, 108.162.226.163"], "X-Forwarded-Host": ["ten-fold.co"], "User-Agent": ["Mozilla/5.0 (Windows NT 10.0; Win64; x64) AppleWebKit/537.36"], "Cf-Connecting-Ip": ["34.140.234.80"]}}, "bytes_read": 0, "user_id": "", "duration": 0.000378919, "size": 6087, "status": 200, "resp_headers": {"Etag": ["\"dlh52pe14jcw4p3\""], "Last-Modified": ["Wed, 16 Sep 2026 23:45:14 GMT"], "Content-Length": ["6087"], "Server": ["Caddy"], "X-Content-Type-Options": ["nosniff"], "Content-Type": ["text/html; charset=utf-8"], "Accept-Ranges": ["bytes"], "X-Frame-Options": ["DENY"], "X-Xss-Protection": ["1; mode=block"], "Vary": ["Accept-Encoding"]}}
web         | 2026/09/18 13:48:48.917	[34mINFO[0m	http.log.access.log0	handled request	{"request": {"remote_ip": "172.18.0.15", "remote_port": "47182", "client_ip": "34.140.234.80", "proto": "HTTP/1.1", "method": "GET", "host": "ten-fold.co", "uri": "/.env.php", "headers": {"Cdn-Loop": ["cloudflare; loops=1"], "Cf-Visitor": ["{\"scheme\":\"https\"}"], "Via": ["2.0 Caddy"], "X-Forwarded-Host": ["ten-fold.co"], "User-Agent": ["Mozilla/5.0 (Windows NT 10.0; Win64; x64) AppleWebKit/537.36"], "Accept-Encoding": ["gzip, br"], "Cf-Ipcountry": ["BE"], "X-Forwarded-For": ["34.140.234.80, 172.71.124.80"], "X-Forwarded-Proto": ["https"], "Cf-Connecting-Ip": ["34.140.234.80"], "Cf-Ray": ["a3d0cf754ba9d11d-SIN"]}}, "bytes_read": 0, "user_id": "", "duration": 0.000865676, "size": 6087, "status": 200, "resp_headers": {"Vary": ["Accept-Encoding"], "Etag": ["\"dlh52pe14jcw4p3\""], "Last-Modified": ["Wed, 16 Sep 2026 23:45:14 GMT"], "Accept-Ranges": ["bytes"], "Content-Length": ["6087"], "Server": ["Caddy"], "X-Frame-Options": ["DENY"], "X-Xss-Protection": ["1; mode=block"], "X-Content-Type-Options": ["nosniff"], "Content-Type": ["text/html; charset=utf-8"]}}
web         | 2026/09/18 13:48:48.920	[34mINFO[0m	http.log.access.log0	handled request	{"request": {"remote_ip": "172.18.0.15", "remote_port": "47182", "client_ip": "34.140.234.80", "proto": "HTTP/1.1", "method": "GET", "host": "ten-fold.co", "uri": "/.env.prod", "headers": {"Cf-Ray": ["a3d0cf754bb6d11d-SIN"], "Cf-Visitor": ["{\"scheme\":\"https\"}"], "User-Agent": ["Mozilla/5.0 (Windows NT 10.0; Win64; x64) AppleWebKit/537.36"], "X-Forwarded-For": ["34.140.234.80, 104.22.66.141"], "X-Forwarded-Host": ["ten-fold.co"], "X-Forwarded-Proto": ["https"], "Cf-Connecting-Ip": ["34.140.234.80"], "Cf-Ipcountry": ["BE"], "Via": ["2.0 Caddy"], "Accept-Encoding": ["gzip, br"], "Cdn-Loop": ["cloudflare; loops=1"]}}, "bytes_read": 0, "user_id": "", "duration": 0.000510098, "size": 6087, "status": 200, "resp_headers": {"X-Xss-Protection": ["1; mode=block"], "Last-Modified": ["Wed, 16 Sep 2026 23:45:14 GMT"], "Accept-Ranges": ["bytes"], "X-Content-Type-Options": ["nosniff"], "X-Frame-Options": ["DENY"], "Vary": ["Accept-Encoding"], "Etag": ["\"dlh52pe14jcw4p3\""], "Content-Type": ["text/html; charset=utf-8"], "Content-Length": ["6087"], "Server": ["Caddy"]}}
web         | 2026/09/18 13:48:48.922	[34mINFO[0m	http.log.access.log0	handled request	{"request": {"remote_ip": "172.18.0.15", "remote_port": "47182", "client_ip": "34.140.234.80", "proto": "HTTP/1.1", "method": "GET", "host": "ten-fold.co", "uri": "/.env.production", "headers": {"Cdn-Loop": ["cloudflare; loops=1"], "Cf-Connecting-Ip": ["34.140.234.80"], "X-Forwarded-Proto": ["https"], "User-Agent": ["Mozilla/5.0 (Windows NT 10.0; Win64; x64) AppleWebKit/537.36"], "Cf-Visitor": ["{\"scheme\":\"https\"}"], "Via": ["2.0 Caddy"], "X-Forwarded-Host": ["ten-fold.co"], "Accept-Encoding": ["gzip, br"], "Cf-Ipcountry": ["BE"], "Cf-Ray": ["a3d0cf754bc5d11d-SIN"], "X-Forwarded-For": ["34.140.234.80, 162.158.108.48"]}}, "bytes_read": 0, "user_id": "", "duration": 0.001092109, "size": 6087, "status": 200, "resp_headers": {"Content-Type": ["text/html; charset=utf-8"], "Server": ["Caddy"], "X-Xss-Protection": ["1; mode=block"], "Etag": ["\"dlh52pe14jcw4p3\""], "Last-Modified": ["Wed, 16 Sep 2026 23:45:14 GMT"], "Accept-Ranges": ["bytes"], "Content-Length": ["6087"], "X-Content-Type-Options": ["nosniff"], "X-Frame-Options": ["DENY"], "Vary": ["Accept-Encoding"]}}
web         | 2026/09/18 13:48:48.926	[34mINFO[0m	http.log.access.log0	handled request	{"request": {"remote_ip": "172.18.0.15", "remote_port": "47182", "client_ip": "34.140.234.80", "proto": "HTTP/1.1", "method": "GET", "host": "ten-fold.co", "uri": "/.env.qa", "headers": {"Cdn-Loop": ["cloudflare; loops=1"], "Cf-Connecting-Ip": ["34.140.234.80"], "X-Forwarded-For": ["34.140.234.80, 172.70.208.112"], "X-Forwarded-Host": ["ten-fold.co"], "X-Forwarded-Proto": ["https"], "Accept-Encoding": ["gzip, br"], "Cf-Ipcountry": ["BE"], "Via": ["2.0 Caddy"], "User-Agent": ["Mozilla/5.0 (Windows NT 10.0; Win64; x64) AppleWebKit/537.36"], "Cf-Ray": ["a3d0cf754bc6d11d-SIN"], "Cf-Visitor": ["{\"scheme\":\"https\"}"]}}, "bytes_read": 0, "user_id": "", "duration": 0.000490596, "size": 6087, "status": 200, "resp_headers": {"Last-Modified": ["Wed, 16 Sep 2026 23:45:14 GMT"], "X-Content-Type-Options": ["nosniff"], "X-Frame-Options": ["DENY"], "Vary": ["Accept-Encoding"], "Etag": ["\"dlh52pe14jcw4p3\""], "Accept-Ranges": ["bytes"], "Content-Length": ["6087"], "Server": ["Caddy"], "X-Xss-Protection": ["1; mode=block"], "Content-Type": ["text/html; charset=utf-8"]}}
web         | 2026/09/18 13:48:48.932	[34mINFO[0m	http.log.access.log0	handled request	{"request": {"remote_ip": "172.18.0.15", "remote_port": "47182", "client_ip": "34.140.234.80", "proto": "HTTP/1.1", "method": "GET", "host": "ten-fold.co", "uri": "/.env.sample", "headers": {"Cf-Visitor": ["{\"scheme\":\"https\"}"], "Accept-Encoding": ["gzip, br"], "X-Forwarded-For": ["34.140.234.80, 172.71.124.80"], "X-Forwarded-Proto": ["https"], "User-Agent": ["Mozilla/5.0 (Windows NT 10.0; Win64; x64) AppleWebKit/537.36"], "Cdn-Loop": ["cloudflare; loops=1"], "Cf-Ipcountry": ["BE"], "Via": ["2.0 Caddy"], "Cf-Ray": ["a3d0cf755be4d11d-SIN"], "X-Forwarded-Host": ["ten-fold.co"], "Cf-Connecting-Ip": ["34.140.234.80"]}}, "bytes_read": 0, "user_id": "", "duration": 0.000528353, "size": 6087, "status": 200, "resp_headers": {"Vary": ["Accept-Encoding"], "Last-Modified": ["Wed, 16 Sep 2026 23:45:14 GMT"], "Accept-Ranges": ["bytes"], "Content-Length": ["6087"], "X-Content-Type-Options": ["nosniff"], "X-Xss-Protection": ["1; mode=block"], "Etag": ["\"dlh52pe14jcw4p3\""], "Content-Type": ["text/html; charset=utf-8"], "Server": ["Caddy"], "X-Frame-Options": ["DENY"]}}
web         | 2026/09/18 13:48:48.937	[34mINFO[0m	http.log.access.log0	handled request	{"request": {"remote_ip": "172.18.0.15", "remote_port": "47182", "client_ip": "34.140.234.80", "proto": "HTTP/1.1", "method": "GET", "host": "ten-fold.co", "uri": "/.env.test", "headers": {"Cf-Ipcountry": ["BE"], "Cf-Ray": ["a3d0cf756c1fd11d-SIN"], "X-Forwarded-For": ["34.140.234.80, 172.71.124.80"], "X-Forwarded-Proto": ["https"], "User-Agent": ["Mozilla/5.0 (Windows NT 10.0; Win64; x64) AppleWebKit/537.36"], "Via": ["2.0 Caddy"], "Accept-Encoding": ["gzip, br"], "Cf-Connecting-Ip": ["34.140.234.80"], "Cf-Visitor": ["{\"scheme\":\"https\"}"], "X-Forwarded-Host": ["ten-fold.co"], "Cdn-Loop": ["cloudflare; loops=1"]}}, "bytes_read": 0, "user_id": "", "duration": 0.000436913, "size": 6087, "status": 200, "resp_headers": {"X-Xss-Protection": ["1; mode=block"], "Vary": ["Accept-Encoding"], "Etag": ["\"dlh52pe14jcw4p3\""], "Last-Modified": ["Wed, 16 Sep 2026 23:45:14 GMT"], "Content-Length": ["6087"], "Server": ["Caddy"], "X-Content-Type-Options": ["nosniff"], "X-Frame-Options": ["DENY"], "Content-Type": ["text/html; charset=utf-8"], "Accept-Ranges": ["bytes"]}}
web         | 2026/09/18 13:48:48.938	[34mINFO[0m	http.log.access.log0	handled request	{"request": {"remote_ip": "172.18.0.15", "remote_port": "47194", "client_ip": "34.140.234.80", "proto": "HTTP/1.1", "method": "GET", "host": "ten-fold.co", "uri": "/.env.save", "headers": {"Cf-Visitor": ["{\"scheme\":\"https\"}"], "Via": ["2.0 Caddy"], "User-Agent": ["Mozilla/5.0 (Windows NT 10.0; Win64; x64) AppleWebKit/537.36"], "Cf-Ray": ["a3d0cf755be7d11d-SIN"], "X-Forwarded-For": ["34.140.234.80, 172.68.164.114"], "X-Forwarded-Host": ["ten-fold.co"], "Accept-Encoding": ["gzip, br"], "Cf-Connecting-Ip": ["34.140.234.80"], "Cf-Ipcountry": ["BE"], "X-Forwarded-Proto": ["https"], "Cdn-Loop": ["cloudflare; loops=1"]}}, "bytes_read": 0, "user_id": "", "duration": 0.000581205, "size": 6087, "status": 200, "resp_headers": {"Server": ["Caddy"], "X-Content-Type-Options": ["nosniff"], "Content-Type": ["text/html; charset=utf-8"], "Last-Modified": ["Wed, 16 Sep 2026 23:45:14 GMT"], "Accept-Ranges": ["bytes"], "X-Frame-Options": ["DENY"], "X-Xss-Protection": ["1; mode=block"], "Vary": ["Accept-Encoding"], "Etag": ["\"dlh52pe14jcw4p3\""], "Content-Length": ["6087"]}}
web         | 2026/09/18 13:48:48.939	[34mINFO[0m	http.log.access.log0	handled request	{"request": {"remote_ip": "172.18.0.15", "remote_port": "47196", "client_ip": "34.140.234.80", "proto": "HTTP/1.1", "method": "GET", "host": "ten-fold.co", "uri": "/.env.swp", "headers": {"X-Forwarded-For": ["34.140.234.80, 172.70.208.112"], "Cf-Visitor": ["{\"scheme\":\"https\"}"], "Via": ["2.0 Caddy"], "User-Agent": ["Mozilla/5.0 (Windows NT 10.0; Win64; x64) AppleWebKit/537.36"], "Accept-Encoding": ["gzip, br"], "Cdn-Loop": ["cloudflare; loops=1"], "Cf-Ray": ["a3d0cf755c17d11d-SIN"], "X-Forwarded-Proto": ["https"], "Cf-Connecting-Ip": ["34.140.234.80"], "X-Forwarded-Host": ["ten-fold.co"], "Cf-Ipcountry": ["BE"]}}, "bytes_read": 0, "user_id": "", "duration": 0.001338736, "size": 6087, "status": 200, "resp_headers": {"Last-Modified": ["Wed, 16 Sep 2026 23:45:14 GMT"], "X-Xss-Protection": ["1; mode=block"], "Vary": ["Accept-Encoding"], "Etag": ["\"dlh52pe14jcw4p3\""], "Accept-Ranges": ["bytes"], "Content-Length": ["6087"], "Server": ["Caddy"], "X-Content-Type-Options": ["nosniff"], "X-Frame-Options": ["DENY"], "Content-Type": ["text/html; charset=utf-8"]}}
web         | 2026/09/18 13:48:48.942	[34mINFO[0m	http.log.access.log0	handled request	{"request": {"remote_ip": "172.18.0.15", "remote_port": "47196", "client_ip": "34.140.234.80", "proto": "HTTP/1.1", "method": "GET", "host": "ten-fold.co", "uri": "/.env.staging", "headers": {"Cf-Connecting-Ip": ["34.140.234.80"], "X-Forwarded-For": ["34.140.234.80, 162.158.108.48"], "Accept-Encoding": ["gzip, br"], "Cf-Ipcountry": ["BE"], "Via": ["2.0 Caddy"], "X-Forwarded-Host": ["ten-fold.co"], "X-Forwarded-Proto": ["https"], "User-Agent": ["Mozilla/5.0 (Windows NT 10.0; Win64; x64) AppleWebKit/537.36"], "Cdn-Loop": ["cloudflare; loops=1"], "Cf-Ray": ["a3d0cf755bf6d11d-SIN"], "Cf-Visitor": ["{\"scheme\":\"https\"}"]}}, "bytes_read": 0, "user_id": "", "duration": 0.000550185, "size": 6087, "status": 200, "resp_headers": {"Content-Length": ["6087"], "X-Xss-Protection": ["1; mode=block"], "X-Content-Type-Options": ["nosniff"], "Etag": ["\"dlh52pe14jcw4p3\""], "Content-Type": ["text/html; charset=utf-8"], "Last-Modified": ["Wed, 16 Sep 2026 23:45:14 GMT"], "Server": ["Caddy"], "X-Frame-Options": ["DENY"], "Vary": ["Accept-Encoding"], "Accept-Ranges": ["bytes"]}}
web         | 2026/09/18 13:48:48.947	[34mINFO[0m	http.log.access.log0	handled request	{"request": {"remote_ip": "172.18.0.15", "remote_port": "47196", "client_ip": "34.140.234.80", "proto": "HTTP/1.1", "method": "GET", "host": "ten-fold.co", "uri": "/.env~", "headers": {"Cf-Visitor": ["{\"scheme\":\"https\"}"], "Via": ["2.0 Caddy"], "X-Forwarded-Proto": ["https"], "Cf-Ipcountry": ["BE"], "Cf-Ray": ["a3d0cf757c68d11d-SIN"], "X-Forwarded-Host": ["ten-fold.co"], "User-Agent": ["Mozilla/5.0 (Windows NT 10.0; Win64; x64) AppleWebKit/537.36"], "Accept-Encoding": ["gzip, br"], "Cdn-Loop": ["cloudflare; loops=1"], "Cf-Connecting-Ip": ["34.140.234.80"], "X-Forwarded-For": ["34.140.234.80, 172.70.208.113"]}}, "bytes_read": 0, "user_id": "", "duration": 0.00053463, "size": 6087, "status": 200, "resp_headers": {"Server": ["Caddy"], "X-Frame-Options": ["DENY"], "X-Xss-Protection": ["1; mode=block"], "Content-Type": ["text/html; charset=utf-8"], "Accept-Ranges": ["bytes"], "X-Content-Type-Options": ["nosniff"], "Vary": ["Accept-Encoding"], "Etag": ["\"dlh52pe14jcw4p3\""], "Last-Modified": ["Wed, 16 Sep 2026 23:45:14 GMT"], "Content-Length": ["6087"]}}
web         | 2026/09/18 13:48:48.952	[34mINFO[0m	http.log.access.log0	handled request	{"request": {"remote_ip": "172.18.0.15", "remote_port": "47196", "client_ip": "34.140.234.80", "proto": "HTTP/1.1", "method": "GET", "host": "ten-fold.co", "uri": "/.esmtprc", "headers": {"User-Agent": ["Mozilla/5.0 (Windows NT 10.0; Win64; x64) AppleWebKit/537.36"], "X-Forwarded-Host": ["ten-fold.co"], "Accept-Encoding": ["gzip, br"], "Cf-Connecting-Ip": ["34.140.234.80"], "Via": ["2.0 Caddy"], "X-Forwarded-For": ["34.140.234.80, 162.158.163.157"], "Cdn-Loop": ["cloudflare; loops=1"], "Cf-Ipcountry": ["BE"], "Cf-Ray": ["a3d0cf757c70d11d-SIN"], "X-Forwarded-Proto": ["https"], "Cf-Visitor": ["{\"scheme\":\"https\"}"]}}, "bytes_read": 0, "user_id": "", "duration": 0.00066696, "size": 6087, "status": 200, "resp_headers": {"Server": ["Caddy"], "X-Xss-Protection": ["1; mode=block"], "X-Content-Type-Options": ["nosniff"], "X-Frame-Options": ["DENY"], "Etag": ["\"dlh52pe14jcw4p3\""], "Content-Type": ["text/html; charset=utf-8"], "Last-Modified": ["Wed, 16 Sep 2026 23:45:14 GMT"], "Accept-Ranges": ["bytes"], "Vary": ["Accept-Encoding"], "Content-Length": ["6087"]}}
web         | 2026/09/18 13:48:48.958	[34mINFO[0m	http.log.access.log0	handled request	{"request": {"remote_ip": "172.18.0.15", "remote_port": "47196", "client_ip": "34.140.234.80", "proto": "HTTP/1.1", "method": "GET", "host": "ten-fold.co", "uri": "/.env.testing", "headers": {"Cdn-Loop": ["cloudflare; loops=1"], "Cf-Connecting-Ip": ["34.140.234.80"], "User-Agent": ["Mozilla/5.0 (Windows NT 10.0; Win64; x64) AppleWebKit/537.36"], "X-Forwarded-Proto": ["https"], "Accept-Encoding": ["gzip, br"], "Cf-Ipcountry": ["BE"], "Cf-Ray": ["a3d0cf757c66d11d-SIN"], "Cf-Visitor": ["{\"scheme\":\"https\"}"], "Via": ["2.0 Caddy"], "X-Forwarded-For": ["34.140.234.80, 172.69.176.13"], "X-Forwarded-Host": ["ten-fold.co"]}}, "bytes_read": 0, "user_id": "", "duration": 0.001217834, "size": 6087, "status": 200, "resp_headers": {"X-Xss-Protection": ["1; mode=block"], "X-Content-Type-Options": ["nosniff"], "Vary": ["Accept-Encoding"], "Etag": ["\"dlh52pe14jcw4p3\""], "Server": ["Caddy"], "X-Frame-Options": ["DENY"], "Content-Type": ["text/html; charset=utf-8"], "Last-Modified": ["Wed, 16 Sep 2026 23:45:14 GMT"], "Accept-Ranges": ["bytes"], "Content-Length": ["6087"]}}
web         | 2026/09/18 13:49:16.907	[34mINFO[0m	http.log.access.log0	handled request	{"request": {"remote_ip": "127.0.0.1", "remote_port": "47130", "client_ip": "127.0.0.1", "proto": "HTTP/1.1", "method": "GET", "host": "127.0.0.1:3000", "uri": "/", "headers": {"User-Agent": ["curl/8.22.0"], "Accept": ["*/*"]}}, "bytes_read": 0, "user_id": "", "duration": 0.00047636, "size": 6087, "status": 200, "resp_headers": {"Content-Type": ["text/html; charset=utf-8"], "Last-Modified": ["Wed, 16 Sep 2026 23:45:14 GMT"], "Accept-Ranges": ["bytes"], "Content-Length": ["6087"], "Server": ["Caddy"], "X-Content-Type-Options": ["nosniff"], "X-Xss-Protection": ["1; mode=block"], "Vary": ["Accept-Encoding"], "X-Frame-Options": ["DENY"], "Etag": ["\"dlh52pe14jcw4p3\""]}}
web         | 2026/09/18 13:49:46.993	[34mINFO[0m	http.log.access.log0	handled request	{"request": {"remote_ip": "127.0.0.1", "remote_port": "33302", "client_ip": "127.0.0.1", "proto": "HTTP/1.1", "method": "GET", "host": "127.0.0.1:3000", "uri": "/", "headers": {"User-Agent": ["curl/8.22.0"], "Accept": ["*/*"]}}, "bytes_read": 0, "user_id": "", "duration": 0.001820762, "size": 6087, "status": 200, "resp_headers": {"Vary": ["Accept-Encoding"], "Etag": ["\"dlh52pe14jcw4p3\""], "Last-Modified": ["Wed, 16 Sep 2026 23:45:14 GMT"], "Accept-Ranges": ["bytes"], "Content-Length": ["6087"], "X-Xss-Protection": ["1; mode=block"], "Content-Type": ["text/html; charset=utf-8"], "Server": ["Caddy"], "X-Content-Type-Options": ["nosniff"], "X-Frame-Options": ["DENY"]}}
web         | 2026/09/18 13:50:17.072	[34mINFO[0m	http.log.access.log0	handled request	{"request": {"remote_ip": "127.0.0.1", "remote_port": "55126", "client_ip": "127.0.0.1", "proto": "HTTP/1.1", "method": "GET", "host": "127.0.0.1:3000", "uri": "/", "headers": {"Accept": ["*/*"], "User-Agent": ["curl/8.22.0"]}}, "bytes_read": 0, "user_id": "", "duration": 0.000609009, "size": 6087, "status": 200, "resp_headers": {"Last-Modified": ["Wed, 16 Sep 2026 23:45:14 GMT"], "Content-Length": ["6087"], "Server": ["Caddy"], "Accept-Ranges": ["bytes"], "X-Content-Type-Options": ["nosniff"], "X-Frame-Options": ["DENY"], "X-Xss-Protection": ["1; mode=block"], "Vary": ["Accept-Encoding"], "Etag": ["\"dlh52pe14jcw4p3\""], "Content-Type": ["text/html; charset=utf-8"]}}
web         | 2026/09/18 13:50:21.353	[34mINFO[0m	http.log.access.log0	handled request	{"request": {"remote_ip": "172.18.0.15", "remote_port": "47196", "client_ip": "193.34.212.54", "proto": "HTTP/1.1", "method": "GET", "host": "ten-fold.co", "uri": "/filefuns.php", "headers": {"Cdn-Loop": ["cloudflare; loops=1"], "Cf-Visitor": ["{\"scheme\":\"https\"}"], "Cf-Ray": ["a3d0d1b6eb34cce9-SIN"], "Upgrade-Insecure-Requests": ["1"], "Accept-Encoding": ["gzip, br"], "Accept-Language": ["en-US,en;q=0.9,fr;q=0.8"], "Cf-Ipcountry": ["PL"], "Via": ["2.0 Caddy"], "Accept": ["text/html,application/xhtml+xml,application/xml;q=0.9,image/webp,image/apng,*/*;q=0.8"], "Cache-Control": ["max-age=0"], "Cf-Connecting-Ip": ["193.34.212.54"], "X-Forwarded-For": ["193.34.212.54, 162.158.163.158"], "User-Agent": ["Mozilla/5.0 (Windows NT 10.0; Win64; x64) AppleWebKit/537.36 (KHTML, like Gecko) Chrome/90.0.4430.85 Safari/537.36"], "X-Forwarded-Host": ["ten-fold.co"], "X-Forwarded-Proto": ["https"]}}, "bytes_read": 0, "user_id": "", "duration": 0.001139426, "size": 6087, "status": 200, "resp_headers": {"X-Content-Type-Options": ["nosniff"], "X-Frame-Options": ["DENY"], "X-Xss-Protection": ["1; mode=block"], "Vary": ["Accept-Encoding"], "Content-Type": ["text/html; charset=utf-8"], "Last-Modified": ["Wed, 16 Sep 2026 23:45:14 GMT"], "Accept-Ranges": ["bytes"], "Etag": ["\"dlh52pe14jcw4p3\""], "Content-Length": ["6087"], "Server": ["Caddy"]}}
web         | 2026/09/18 13:50:27.414	[34mINFO[0m	http.log.access.log0	handled request	{"request": {"remote_ip": "172.18.0.15", "remote_port": "47196", "client_ip": "193.34.212.54", "proto": "HTTP/1.1", "method": "GET", "host": "ten-fold.co", "uri": "/txets.php", "headers": {"Via": ["2.0 Caddy"], "Cdn-Loop": ["cloudflare; loops=1"], "Accept-Language": ["en-US,en;q=0.9,fr;q=0.8"], "Cf-Visitor": ["{\"scheme\":\"https\"}"], "Cf-Connecting-Ip": ["193.34.212.54"], "Accept-Encoding": ["gzip, br"], "Accept": ["text/html,application/xhtml+xml,application/xml;q=0.9,image/webp,image/apng,*/*;q=0.8"], "X-Forwarded-Host": ["ten-fold.co"], "X-Forwarded-Proto": ["https"], "Cache-Control": ["max-age=0"], "Upgrade-Insecure-Requests": ["1"], "X-Forwarded-For": ["193.34.212.54, 172.70.189.31"], "User-Agent": ["Mozilla/5.0 (Windows NT 10.0; Win64; x64) AppleWebKit/537.36 (KHTML, like Gecko) Chrome/90.0.4430.85 Safari/537.36"], "Cf-Ipcountry": ["PL"], "Cf-Ray": ["a3d0d1dcaa510206-SIN"]}}, "bytes_read": 0, "user_id": "", "duration": 0.000576237, "size": 6087, "status": 200, "resp_headers": {"X-Content-Type-Options": ["nosniff"], "X-Xss-Protection": ["1; mode=block"], "Etag": ["\"dlh52pe14jcw4p3\""], "Content-Type": ["text/html; charset=utf-8"], "Accept-Ranges": ["bytes"], "X-Frame-Options": ["DENY"], "Vary": ["Accept-Encoding"], "Last-Modified": ["Wed, 16 Sep 2026 23:45:14 GMT"], "Content-Length": ["6087"], "Server": ["Caddy"]}}
web         | 2026/09/18 13:50:35.228	[34mINFO[0m	http.log.access.log0	handled request	{"request": {"remote_ip": "172.18.0.15", "remote_port": "47196", "client_ip": "193.34.212.54", "proto": "HTTP/1.1", "method": "GET", "host": "ten-fold.co", "uri": "/postnews.php", "headers": {"Cf-Ipcountry": ["PL"], "Cdn-Loop": ["cloudflare; loops=1"], "X-Forwarded-Host": ["ten-fold.co"], "X-Forwarded-Proto": ["https"], "Cf-Ray": ["a3d0d20d8d9f465d-SIN"], "Cf-Visitor": ["{\"scheme\":\"https\"}"], "Cache-Control": ["max-age=0"], "Via": ["2.0 Caddy"], "Accept": ["text/html,application/xhtml+xml,application/xml;q=0.9,image/webp,image/apng,*/*;q=0.8"], "Upgrade-Insecure-Requests": ["1"], "User-Agent": ["Mozilla/5.0 (Windows NT 10.0; Win64; x64) AppleWebKit/537.36 (KHTML, like Gecko) Chrome/90.0.4430.85 Safari/537.36"], "Accept-Language": ["en-US,en;q=0.9,fr;q=0.8"], "X-Forwarded-For": ["193.34.212.54, 162.158.88.132"], "Accept-Encoding": ["gzip, br"], "Cf-Connecting-Ip": ["193.34.212.54"]}}, "bytes_read": 0, "user_id": "", "duration": 0.000705938, "size": 6087, "status": 200, "resp_headers": {"Server": ["Caddy"], "X-Content-Type-Options": ["nosniff"], "X-Frame-Options": ["DENY"], "Vary": ["Accept-Encoding"], "Etag": ["\"dlh52pe14jcw4p3\""], "Content-Type": ["text/html; charset=utf-8"], "Accept-Ranges": ["bytes"], "Content-Length": ["6087"], "X-Xss-Protection": ["1; mode=block"], "Last-Modified": ["Wed, 16 Sep 2026 23:45:14 GMT"]}}
web         | 2026/09/18 13:50:47.151	[34mINFO[0m	http.log.access.log0	handled request	{"request": {"remote_ip": "127.0.0.1", "remote_port": "60768", "client_ip": "127.0.0.1", "proto": "HTTP/1.1", "method": "GET", "host": "127.0.0.1:3000", "uri": "/", "headers": {"User-Agent": ["curl/8.22.0"], "Accept": ["*/*"]}}, "bytes_read": 0, "user_id": "", "duration": 0.001592156, "size": 6087, "status": 200, "resp_headers": {"Server": ["Caddy"], "X-Content-Type-Options": ["nosniff"], "X-Frame-Options": ["DENY"], "Vary": ["Accept-Encoding"], "Content-Type": ["text/html; charset=utf-8"], "Accept-Ranges": ["bytes"], "Content-Length": ["6087"], "X-Xss-Protection": ["1; mode=block"], "Etag": ["\"dlh52pe14jcw4p3\""], "Last-Modified": ["Wed, 16 Sep 2026 23:45:14 GMT"]}}
web         | 2026/09/18 13:51:17.228	[34mINFO[0m	http.log.access.log0	handled request	{"request": {"remote_ip": "127.0.0.1", "remote_port": "42346", "client_ip": "127.0.0.1", "proto": "HTTP/1.1", "method": "GET", "host": "127.0.0.1:3000", "uri": "/", "headers": {"User-Agent": ["curl/8.22.0"], "Accept": ["*/*"]}}, "bytes_read": 0, "user_id": "", "duration": 0.002295672, "size": 6087, "status": 200, "resp_headers": {"Last-Modified": ["Wed, 16 Sep 2026 23:45:14 GMT"], "Server": ["Caddy"], "Content-Type": ["text/html; charset=utf-8"], "Accept-Ranges": ["bytes"], "Content-Length": ["6087"], "X-Frame-Options": ["DENY"], "X-Xss-Protection": ["1; mode=block"], "X-Content-Type-Options": ["nosniff"], "Vary": ["Accept-Encoding"], "Etag": ["\"dlh52pe14jcw4p3\""]}}
web         | 2026/09/18 13:51:47.305	[34mINFO[0m	http.log.access.log0	handled request	{"request": {"remote_ip": "127.0.0.1", "remote_port": "40580", "client_ip": "127.0.0.1", "proto": "HTTP/1.1", "method": "GET", "host": "127.0.0.1:3000", "uri": "/", "headers": {"User-Agent": ["curl/8.22.0"], "Accept": ["*/*"]}}, "bytes_read": 0, "user_id": "", "duration": 0.000481098, "size": 6087, "status": 200, "resp_headers": {"X-Frame-Options": ["DENY"], "X-Xss-Protection": ["1; mode=block"], "Vary": ["Accept-Encoding"], "Etag": ["\"dlh52pe14jcw4p3\""], "Content-Length": ["6087"], "Server": ["Caddy"], "X-Content-Type-Options": ["nosniff"], "Content-Type": ["text/html; charset=utf-8"], "Last-Modified": ["Wed, 16 Sep 2026 23:45:14 GMT"], "Accept-Ranges": ["bytes"]}}
web         | 2026/09/18 13:52:17.384	[34mINFO[0m	http.log.access.log0	handled request	{"request": {"remote_ip": "127.0.0.1", "remote_port": "36928", "client_ip": "127.0.0.1", "proto": "HTTP/1.1", "method": "GET", "host": "127.0.0.1:3000", "uri": "/", "headers": {"User-Agent": ["curl/8.22.0"], "Accept": ["*/*"]}}, "bytes_read": 0, "user_id": "", "duration": 0.000465262, "size": 6087, "status": 200, "resp_headers": {"X-Frame-Options": ["DENY"], "Content-Type": ["text/html; charset=utf-8"], "Content-Length": ["6087"], "X-Xss-Protection": ["1; mode=block"], "Vary": ["Accept-Encoding"], "Etag": ["\"dlh52pe14jcw4p3\""], "Last-Modified": ["Wed, 16 Sep 2026 23:45:14 GMT"], "Accept-Ranges": ["bytes"], "Server": ["Caddy"], "X-Content-Type-Options": ["nosniff"]}}
web         | 2026/09/18 13:52:47.464	[34mINFO[0m	http.log.access.log0	handled request	{"request": {"remote_ip": "127.0.0.1", "remote_port": "50904", "client_ip": "127.0.0.1", "proto": "HTTP/1.1", "method": "GET", "host": "127.0.0.1:3000", "uri": "/", "headers": {"Accept": ["*/*"], "User-Agent": ["curl/8.22.0"]}}, "bytes_read": 0, "user_id": "", "duration": 0.000607751, "size": 6087, "status": 200, "resp_headers": {"Server": ["Caddy"], "X-Frame-Options": ["DENY"], "X-Xss-Protection": ["1; mode=block"], "Vary": ["Accept-Encoding"], "Content-Type": ["text/html; charset=utf-8"], "Last-Modified": ["Wed, 16 Sep 2026 23:45:14 GMT"], "Accept-Ranges": ["bytes"], "Content-Length": ["6087"], "X-Content-Type-Options": ["nosniff"], "Etag": ["\"dlh52pe14jcw4p3\""]}}
web         | 2026/09/18 13:53:17.534	[34mINFO[0m	http.log.access.log0	handled request	{"request": {"remote_ip": "127.0.0.1", "remote_port": "50084", "client_ip": "127.0.0.1", "proto": "HTTP/1.1", "method": "GET", "host": "127.0.0.1:3000", "uri": "/", "headers": {"User-Agent": ["curl/8.22.0"], "Accept": ["*/*"]}}, "bytes_read": 0, "user_id": "", "duration": 0.000570208, "size": 6087, "status": 200, "resp_headers": {"X-Xss-Protection": ["1; mode=block"], "Content-Type": ["text/html; charset=utf-8"], "Accept-Ranges": ["bytes"], "Server": ["Caddy"], "X-Content-Type-Options": ["nosniff"], "X-Frame-Options": ["DENY"], "Vary": ["Accept-Encoding"], "Etag": ["\"dlh52pe14jcw4p3\""], "Last-Modified": ["Wed, 16 Sep 2026 23:45:14 GMT"], "Content-Length": ["6087"]}}
web         | 2026/09/18 13:53:47.612	[34mINFO[0m	http.log.access.log0	handled request	{"request": {"remote_ip": "127.0.0.1", "remote_port": "56938", "client_ip": "127.0.0.1", "proto": "HTTP/1.1", "method": "GET", "host": "127.0.0.1:3000", "uri": "/", "headers": {"User-Agent": ["curl/8.22.0"], "Accept": ["*/*"]}}, "bytes_read": 0, "user_id": "", "duration": 0.00056057, "size": 6087, "status": 200, "resp_headers": {"Etag": ["\"dlh52pe14jcw4p3\""], "Content-Type": ["text/html; charset=utf-8"], "Server": ["Caddy"], "X-Frame-Options": ["DENY"], "X-Xss-Protection": ["1; mode=block"], "Last-Modified": ["Wed, 16 Sep 2026 23:45:14 GMT"], "Accept-Ranges": ["bytes"], "Content-Length": ["6087"], "X-Content-Type-Options": ["nosniff"], "Vary": ["Accept-Encoding"]}}
web         | 2026/09/18 13:54:17.694	[34mINFO[0m	http.log.access.log0	handled request	{"request": {"remote_ip": "127.0.0.1", "remote_port": "53732", "client_ip": "127.0.0.1", "proto": "HTTP/1.1", "method": "GET", "host": "127.0.0.1:3000", "uri": "/", "headers": {"User-Agent": ["curl/8.22.0"], "Accept": ["*/*"]}}, "bytes_read": 0, "user_id": "", "duration": 0.000921677, "size": 6087, "status": 200, "resp_headers": {"X-Content-Type-Options": ["nosniff"], "X-Xss-Protection": ["1; mode=block"], "Vary": ["Accept-Encoding"], "X-Frame-Options": ["DENY"], "Etag": ["\"dlh52pe14jcw4p3\""], "Content-Type": ["text/html; charset=utf-8"], "Last-Modified": ["Wed, 16 Sep 2026 23:45:14 GMT"], "Accept-Ranges": ["bytes"], "Content-Length": ["6087"], "Server": ["Caddy"]}}
web         | 2026/09/18 13:54:47.770	[34mINFO[0m	http.log.access.log0	handled request	{"request": {"remote_ip": "127.0.0.1", "remote_port": "43980", "client_ip": "127.0.0.1", "proto": "HTTP/1.1", "method": "GET", "host": "127.0.0.1:3000", "uri": "/", "headers": {"User-Agent": ["curl/8.22.0"], "Accept": ["*/*"]}}, "bytes_read": 0, "user_id": "", "duration": 0.000564158, "size": 6087, "status": 200, "resp_headers": {"Server": ["Caddy"], "X-Content-Type-Options": ["nosniff"], "Etag": ["\"dlh52pe14jcw4p3\""], "Last-Modified": ["Wed, 16 Sep 2026 23:45:14 GMT"], "Accept-Ranges": ["bytes"], "X-Xss-Protection": ["1; mode=block"], "X-Frame-Options": ["DENY"], "Vary": ["Accept-Encoding"], "Content-Type": ["text/html; charset=utf-8"], "Content-Length": ["6087"]}}
web         | 2026/09/18 13:55:17.846	[34mINFO[0m	http.log.access.log0	handled request	{"request": {"remote_ip": "127.0.0.1", "remote_port": "54452", "client_ip": "127.0.0.1", "proto": "HTTP/1.1", "method": "GET", "host": "127.0.0.1:3000", "uri": "/", "headers": {"User-Agent": ["curl/8.22.0"], "Accept": ["*/*"]}}, "bytes_read": 0, "user_id": "", "duration": 0.00058424, "size": 6087, "status": 200, "resp_headers": {"Server": ["Caddy"], "X-Frame-Options": ["DENY"], "X-Xss-Protection": ["1; mode=block"], "Etag": ["\"dlh52pe14jcw4p3\""], "Last-Modified": ["Wed, 16 Sep 2026 23:45:14 GMT"], "Accept-Ranges": ["bytes"], "X-Content-Type-Options": ["nosniff"], "Vary": ["Accept-Encoding"], "Content-Type": ["text/html; charset=utf-8"], "Content-Length": ["6087"]}}
web         | 2026/09/18 13:55:47.948	[34mINFO[0m	http.log.access.log0	handled request	{"request": {"remote_ip": "127.0.0.1", "remote_port": "49130", "client_ip": "127.0.0.1", "proto": "HTTP/1.1", "method": "GET", "host": "127.0.0.1:3000", "uri": "/", "headers": {"User-Agent": ["curl/8.22.0"], "Accept": ["*/*"]}}, "bytes_read": 0, "user_id": "", "duration": 0.000499175, "size": 6087, "status": 200, "resp_headers": {"X-Content-Type-Options": ["nosniff"], "Vary": ["Accept-Encoding"], "Content-Type": ["text/html; charset=utf-8"], "Last-Modified": ["Wed, 16 Sep 2026 23:45:14 GMT"], "Content-Length": ["6087"], "X-Frame-Options": ["DENY"], "X-Xss-Protection": ["1; mode=block"], "Etag": ["\"dlh52pe14jcw4p3\""], "Accept-Ranges": ["bytes"], "Server": ["Caddy"]}}
web         | 2026/09/18 13:56:18.026	[34mINFO[0m	http.log.access.log0	handled request	{"request": {"remote_ip": "127.0.0.1", "remote_port": "59110", "client_ip": "127.0.0.1", "proto": "HTTP/1.1", "method": "GET", "host": "127.0.0.1:3000", "uri": "/", "headers": {"User-Agent": ["curl/8.22.0"], "Accept": ["*/*"]}}, "bytes_read": 0, "user_id": "", "duration": 0.00062628, "size": 6087, "status": 200, "resp_headers": {"X-Xss-Protection": ["1; mode=block"], "Etag": ["\"dlh52pe14jcw4p3\""], "Content-Length": ["6087"], "X-Content-Type-Options": ["nosniff"], "X-Frame-Options": ["DENY"], "Vary": ["Accept-Encoding"], "Content-Type": ["text/html; charset=utf-8"], "Last-Modified": ["Wed, 16 Sep 2026 23:45:14 GMT"], "Accept-Ranges": ["bytes"], "Server": ["Caddy"]}}
web         | 2026/09/18 13:56:48.099	[34mINFO[0m	http.log.access.log0	handled request	{"request": {"remote_ip": "127.0.0.1", "remote_port": "48738", "client_ip": "127.0.0.1", "proto": "HTTP/1.1", "method": "GET", "host": "127.0.0.1:3000", "uri": "/", "headers": {"Accept": ["*/*"], "User-Agent": ["curl/8.22.0"]}}, "bytes_read": 0, "user_id": "", "duration": 0.000508611, "size": 6087, "status": 200, "resp_headers": {"Content-Type": ["text/html; charset=utf-8"], "Content-Length": ["6087"], "Etag": ["\"dlh52pe14jcw4p3\""], "Last-Modified": ["Wed, 16 Sep 2026 23:45:14 GMT"], "Accept-Ranges": ["bytes"], "Server": ["Caddy"], "X-Content-Type-Options": ["nosniff"], "X-Frame-Options": ["DENY"], "X-Xss-Protection": ["1; mode=block"], "Vary": ["Accept-Encoding"]}}
web         | 2026/09/18 13:57:18.174	[34mINFO[0m	http.log.access.log0	handled request	{"request": {"remote_ip": "127.0.0.1", "remote_port": "37946", "client_ip": "127.0.0.1", "proto": "HTTP/1.1", "method": "GET", "host": "127.0.0.1:3000", "uri": "/", "headers": {"User-Agent": ["curl/8.22.0"], "Accept": ["*/*"]}}, "bytes_read": 0, "user_id": "", "duration": 0.000609871, "size": 6087, "status": 200, "resp_headers": {"Etag": ["\"dlh52pe14jcw4p3\""], "Content-Type": ["text/html; charset=utf-8"], "Last-Modified": ["Wed, 16 Sep 2026 23:45:14 GMT"], "Content-Length": ["6087"], "X-Frame-Options": ["DENY"], "Accept-Ranges": ["bytes"], "Server": ["Caddy"], "X-Content-Type-Options": ["nosniff"], "X-Xss-Protection": ["1; mode=block"], "Vary": ["Accept-Encoding"]}}
web         | 2026/09/18 13:57:48.253	[34mINFO[0m	http.log.access.log0	handled request	{"request": {"remote_ip": "127.0.0.1", "remote_port": "44216", "client_ip": "127.0.0.1", "proto": "HTTP/1.1", "method": "GET", "host": "127.0.0.1:3000", "uri": "/", "headers": {"User-Agent": ["curl/8.22.0"], "Accept": ["*/*"]}}, "bytes_read": 0, "user_id": "", "duration": 0.000647514, "size": 6087, "status": 200, "resp_headers": {"Server": ["Caddy"], "X-Content-Type-Options": ["nosniff"], "X-Xss-Protection": ["1; mode=block"], "Vary": ["Accept-Encoding"], "Last-Modified": ["Wed, 16 Sep 2026 23:45:14 GMT"], "Accept-Ranges": ["bytes"], "X-Frame-Options": ["DENY"], "Etag": ["\"dlh52pe14jcw4p3\""], "Content-Type": ["text/html; charset=utf-8"], "Content-Length": ["6087"]}}
web         | 2026/09/18 13:58:18.331	[34mINFO[0m	http.log.access.log0	handled request	{"request": {"remote_ip": "127.0.0.1", "remote_port": "47330", "client_ip": "127.0.0.1", "proto": "HTTP/1.1", "method": "GET", "host": "127.0.0.1:3000", "uri": "/", "headers": {"User-Agent": ["curl/8.22.0"], "Accept": ["*/*"]}}, "bytes_read": 0, "user_id": "", "duration": 0.000536278, "size": 6087, "status": 200, "resp_headers": {"Accept-Ranges": ["bytes"], "Server": ["Caddy"], "X-Frame-Options": ["DENY"], "X-Xss-Protection": ["1; mode=block"], "Content-Type": ["text/html; charset=utf-8"], "Content-Length": ["6087"], "X-Content-Type-Options": ["nosniff"], "Vary": ["Accept-Encoding"], "Etag": ["\"dlh52pe14jcw4p3\""], "Last-Modified": ["Wed, 16 Sep 2026 23:45:14 GMT"]}}
web         | 2026/09/18 13:58:48.407	[34mINFO[0m	http.log.access.log0	handled request	{"request": {"remote_ip": "127.0.0.1", "remote_port": "43710", "client_ip": "127.0.0.1", "proto": "HTTP/1.1", "method": "GET", "host": "127.0.0.1:3000", "uri": "/", "headers": {"User-Agent": ["curl/8.22.0"], "Accept": ["*/*"]}}, "bytes_read": 0, "user_id": "", "duration": 0.000510596, "size": 6087, "status": 200, "resp_headers": {"Etag": ["\"dlh52pe14jcw4p3\""], "Content-Type": ["text/html; charset=utf-8"], "Server": ["Caddy"], "X-Content-Type-Options": ["nosniff"], "X-Frame-Options": ["DENY"], "X-Xss-Protection": ["1; mode=block"], "Last-Modified": ["Wed, 16 Sep 2026 23:45:14 GMT"], "Accept-Ranges": ["bytes"], "Content-Length": ["6087"], "Vary": ["Accept-Encoding"]}}
web         | 2026/09/18 13:59:18.500	[34mINFO[0m	http.log.access.log0	handled request	{"request": {"remote_ip": "127.0.0.1", "remote_port": "36110", "client_ip": "127.0.0.1", "proto": "HTTP/1.1", "method": "GET", "host": "127.0.0.1:3000", "uri": "/", "headers": {"Accept": ["*/*"], "User-Agent": ["curl/8.22.0"]}}, "bytes_read": 0, "user_id": "", "duration": 0.000644319, "size": 6087, "status": 200, "resp_headers": {"Server": ["Caddy"], "X-Content-Type-Options": ["nosniff"], "X-Frame-Options": ["DENY"], "X-Xss-Protection": ["1; mode=block"], "Etag": ["\"dlh52pe14jcw4p3\""], "Last-Modified": ["Wed, 16 Sep 2026 23:45:14 GMT"], "Vary": ["Accept-Encoding"], "Content-Type": ["text/html; charset=utf-8"], "Accept-Ranges": ["bytes"], "Content-Length": ["6087"]}}
web         | 2026/09/18 13:59:48.581	[34mINFO[0m	http.log.access.log0	handled request	{"request": {"remote_ip": "127.0.0.1", "remote_port": "56118", "client_ip": "127.0.0.1", "proto": "HTTP/1.1", "method": "GET", "host": "127.0.0.1:3000", "uri": "/", "headers": {"User-Agent": ["curl/8.22.0"], "Accept": ["*/*"]}}, "bytes_read": 0, "user_id": "", "duration": 0.001615225, "size": 6087, "status": 200, "resp_headers": {"Server": ["Caddy"], "X-Frame-Options": ["DENY"], "Vary": ["Accept-Encoding"], "Etag": ["\"dlh52pe14jcw4p3\""], "Last-Modified": ["Wed, 16 Sep 2026 23:45:14 GMT"], "Content-Length": ["6087"], "X-Content-Type-Options": ["nosniff"], "X-Xss-Protection": ["1; mode=block"], "Content-Type": ["text/html; charset=utf-8"], "Accept-Ranges": ["bytes"]}}
web         | 2026/09/18 14:00:18.666	[34mINFO[0m	http.log.access.log0	handled request	{"request": {"remote_ip": "127.0.0.1", "remote_port": "32892", "client_ip": "127.0.0.1", "proto": "HTTP/1.1", "method": "GET", "host": "127.0.0.1:3000", "uri": "/", "headers": {"User-Agent": ["curl/8.22.0"], "Accept": ["*/*"]}}, "bytes_read": 0, "user_id": "", "duration": 0.000493303, "size": 6087, "status": 200, "resp_headers": {"X-Xss-Protection": ["1; mode=block"], "X-Frame-Options": ["DENY"], "Vary": ["Accept-Encoding"], "Etag": ["\"dlh52pe14jcw4p3\""], "Accept-Ranges": ["bytes"], "X-Content-Type-Options": ["nosniff"], "Content-Type": ["text/html; charset=utf-8"], "Last-Modified": ["Wed, 16 Sep 2026 23:45:14 GMT"], "Content-Length": ["6087"], "Server": ["Caddy"]}}
web         | 2026/09/18 14:00:48.771	[34mINFO[0m	http.log.access.log0	handled request	{"request": {"remote_ip": "127.0.0.1", "remote_port": "45316", "client_ip": "127.0.0.1", "proto": "HTTP/1.1", "method": "GET", "host": "127.0.0.1:3000", "uri": "/", "headers": {"User-Agent": ["curl/8.22.0"], "Accept": ["*/*"]}}, "bytes_read": 0, "user_id": "", "duration": 0.000687046, "size": 6087, "status": 200, "resp_headers": {"X-Frame-Options": ["DENY"], "X-Xss-Protection": ["1; mode=block"], "Etag": ["\"dlh52pe14jcw4p3\""], "Content-Type": ["text/html; charset=utf-8"], "Content-Length": ["6087"], "Server": ["Caddy"], "X-Content-Type-Options": ["nosniff"], "Vary": ["Accept-Encoding"], "Last-Modified": ["Wed, 16 Sep 2026 23:45:14 GMT"], "Accept-Ranges": ["bytes"]}}
web         | 2026/09/18 14:01:18.885	[34mINFO[0m	http.log.access.log0	handled request	{"request": {"remote_ip": "127.0.0.1", "remote_port": "38648", "client_ip": "127.0.0.1", "proto": "HTTP/1.1", "method": "GET", "host": "127.0.0.1:3000", "uri": "/", "headers": {"User-Agent": ["curl/8.22.0"], "Accept": ["*/*"]}}, "bytes_read": 0, "user_id": "", "duration": 0.000641973, "size": 6087, "status": 200, "resp_headers": {"X-Xss-Protection": ["1; mode=block"], "X-Content-Type-Options": ["nosniff"], "X-Frame-Options": ["DENY"], "Vary": ["Accept-Encoding"], "Etag": ["\"dlh52pe14jcw4p3\""], "Content-Type": ["text/html; charset=utf-8"], "Last-Modified": ["Wed, 16 Sep 2026 23:45:14 GMT"], "Accept-Ranges": ["bytes"], "Content-Length": ["6087"], "Server": ["Caddy"]}}
web         | 2026/09/18 14:01:48.968	[34mINFO[0m	http.log.access.log0	handled request	{"request": {"remote_ip": "127.0.0.1", "remote_port": "34258", "client_ip": "127.0.0.1", "proto": "HTTP/1.1", "method": "GET", "host": "127.0.0.1:3000", "uri": "/", "headers": {"Accept": ["*/*"], "User-Agent": ["curl/8.22.0"]}}, "bytes_read": 0, "user_id": "", "duration": 0.000549981, "size": 6087, "status": 200, "resp_headers": {"Server": ["Caddy"], "X-Frame-Options": ["DENY"], "Last-Modified": ["Wed, 16 Sep 2026 23:45:14 GMT"], "Content-Length": ["6087"], "X-Content-Type-Options": ["nosniff"], "X-Xss-Protection": ["1; mode=block"], "Vary": ["Accept-Encoding"], "Etag": ["\"dlh52pe14jcw4p3\""], "Content-Type": ["text/html; charset=utf-8"], "Accept-Ranges": ["bytes"]}}
web         | 2026/09/18 14:02:19.055	[34mINFO[0m	http.log.access.log0	handled request	{"request": {"remote_ip": "127.0.0.1", "remote_port": "38716", "client_ip": "127.0.0.1", "proto": "HTTP/1.1", "method": "GET", "host": "127.0.0.1:3000", "uri": "/", "headers": {"User-Agent": ["curl/8.22.0"], "Accept": ["*/*"]}}, "bytes_read": 0, "user_id": "", "duration": 0.000497166, "size": 6087, "status": 200, "resp_headers": {"Etag": ["\"dlh52pe14jcw4p3\""], "Content-Type": ["text/html; charset=utf-8"], "Last-Modified": ["Wed, 16 Sep 2026 23:45:14 GMT"], "Accept-Ranges": ["bytes"], "Content-Length": ["6087"], "Server": ["Caddy"], "X-Content-Type-Options": ["nosniff"], "X-Frame-Options": ["DENY"], "X-Xss-Protection": ["1; mode=block"], "Vary": ["Accept-Encoding"]}}
web         | 2026/09/18 14:02:49.648	[34mINFO[0m	http.log.access.log0	handled request	{"request": {"remote_ip": "127.0.0.1", "remote_port": "35238", "client_ip": "127.0.0.1", "proto": "HTTP/1.1", "method": "GET", "host": "127.0.0.1:3000", "uri": "/", "headers": {"User-Agent": ["curl/8.22.0"], "Accept": ["*/*"]}}, "bytes_read": 0, "user_id": "", "duration": 0.000433081, "size": 6087, "status": 200, "resp_headers": {"Server": ["Caddy"], "X-Content-Type-Options": ["nosniff"], "X-Frame-Options": ["DENY"], "X-Xss-Protection": ["1; mode=block"], "Vary": ["Accept-Encoding"], "Etag": ["\"dlh52pe14jcw4p3\""], "Content-Type": ["text/html; charset=utf-8"], "Last-Modified": ["Wed, 16 Sep 2026 23:45:14 GMT"], "Accept-Ranges": ["bytes"], "Content-Length": ["6087"]}}
web         | 2026/09/18 14:03:19.883	[34mINFO[0m	http.log.access.log0	handled request	{"request": {"remote_ip": "127.0.0.1", "remote_port": "55818", "client_ip": "127.0.0.1", "proto": "HTTP/1.1", "method": "GET", "host": "127.0.0.1:3000", "uri": "/", "headers": {"Accept": ["*/*"], "User-Agent": ["curl/8.22.0"]}}, "bytes_read": 0, "user_id": "", "duration": 0.000679966, "size": 6087, "status": 200, "resp_headers": {"Content-Length": ["6087"], "X-Content-Type-Options": ["nosniff"], "X-Frame-Options": ["DENY"], "X-Xss-Protection": ["1; mode=block"], "Vary": ["Accept-Encoding"], "Etag": ["\"dlh52pe14jcw4p3\""], "Content-Type": ["text/html; charset=utf-8"], "Accept-Ranges": ["bytes"], "Server": ["Caddy"], "Last-Modified": ["Wed, 16 Sep 2026 23:45:14 GMT"]}}
web         | 2026/09/18 14:03:50.285	[34mINFO[0m	http.log.access.log0	handled request	{"request": {"remote_ip": "127.0.0.1", "remote_port": "53702", "client_ip": "127.0.0.1", "proto": "HTTP/1.1", "method": "GET", "host": "127.0.0.1:3000", "uri": "/", "headers": {"User-Agent": ["curl/8.22.0"], "Accept": ["*/*"]}}, "bytes_read": 0, "user_id": "", "duration": 0.008012397, "size": 6087, "status": 200, "resp_headers": {"X-Frame-Options": ["DENY"], "X-Xss-Protection": ["1; mode=block"], "Vary": ["Accept-Encoding"], "Etag": ["\"dlh52pe14jcw4p3\""], "Content-Type": ["text/html; charset=utf-8"], "Last-Modified": ["Wed, 16 Sep 2026 23:45:14 GMT"], "Content-Length": ["6087"], "X-Content-Type-Options": ["nosniff"], "Accept-Ranges": ["bytes"], "Server": ["Caddy"]}}
web         | 2026/09/18 14:04:20.657	[34mINFO[0m	http.log.access.log0	handled request	{"request": {"remote_ip": "127.0.0.1", "remote_port": "59458", "client_ip": "127.0.0.1", "proto": "HTTP/1.1", "method": "GET", "host": "127.0.0.1:3000", "uri": "/", "headers": {"User-Agent": ["curl/8.22.0"], "Accept": ["*/*"]}}, "bytes_read": 0, "user_id": "", "duration": 0.001197149, "size": 6087, "status": 200, "resp_headers": {"X-Frame-Options": ["DENY"], "X-Xss-Protection": ["1; mode=block"], "Vary": ["Accept-Encoding"], "Etag": ["\"dlh52pe14jcw4p3\""], "Content-Type": ["text/html; charset=utf-8"], "Last-Modified": ["Wed, 16 Sep 2026 23:45:14 GMT"], "Server": ["Caddy"], "X-Content-Type-Options": ["nosniff"], "Accept-Ranges": ["bytes"], "Content-Length": ["6087"]}}
web         | 2026/09/18 14:04:51.078	[34mINFO[0m	http.log.access.log0	handled request	{"request": {"remote_ip": "127.0.0.1", "remote_port": "33234", "client_ip": "127.0.0.1", "proto": "HTTP/1.1", "method": "GET", "host": "127.0.0.1:3000", "uri": "/", "headers": {"User-Agent": ["curl/8.22.0"], "Accept": ["*/*"]}}, "bytes_read": 0, "user_id": "", "duration": 0.003232467, "size": 6087, "status": 200, "resp_headers": {"Server": ["Caddy"], "X-Frame-Options": ["DENY"], "Vary": ["Accept-Encoding"], "Etag": ["\"dlh52pe14jcw4p3\""], "Content-Type": ["text/html; charset=utf-8"], "Last-Modified": ["Wed, 16 Sep 2026 23:45:14 GMT"], "Accept-Ranges": ["bytes"], "Content-Length": ["6087"], "X-Content-Type-Options": ["nosniff"], "X-Xss-Protection": ["1; mode=block"]}}
web         | 2026/09/18 14:05:21.855	[34mINFO[0m	http.log.access.log0	handled request	{"request": {"remote_ip": "127.0.0.1", "remote_port": "53990", "client_ip": "127.0.0.1", "proto": "HTTP/1.1", "method": "GET", "host": "127.0.0.1:3000", "uri": "/", "headers": {"User-Agent": ["curl/8.22.0"], "Accept": ["*/*"]}}, "bytes_read": 0, "user_id": "", "duration": 0.000533737, "size": 6087, "status": 200, "resp_headers": {"Server": ["Caddy"], "X-Content-Type-Options": ["nosniff"], "X-Frame-Options": ["DENY"], "Vary": ["Accept-Encoding"], "Etag": ["\"dlh52pe14jcw4p3\""], "Last-Modified": ["Wed, 16 Sep 2026 23:45:14 GMT"], "Accept-Ranges": ["bytes"], "Content-Length": ["6087"], "X-Xss-Protection": ["1; mode=block"], "Content-Type": ["text/html; charset=utf-8"]}}
web         | 2026/09/18 14:05:52.308	[34mINFO[0m	http.log.access.log0	handled request	{"request": {"remote_ip": "127.0.0.1", "remote_port": "53116", "client_ip": "127.0.0.1", "proto": "HTTP/1.1", "method": "GET", "host": "127.0.0.1:3000", "uri": "/", "headers": {"Accept": ["*/*"], "User-Agent": ["curl/8.22.0"]}}, "bytes_read": 0, "user_id": "", "duration": 0.000757912, "size": 6087, "status": 200, "resp_headers": {"Server": ["Caddy"], "Etag": ["\"dlh52pe14jcw4p3\""], "Content-Type": ["text/html; charset=utf-8"], "Accept-Ranges": ["bytes"], "Content-Length": ["6087"], "X-Content-Type-Options": ["nosniff"], "X-Frame-Options": ["DENY"], "X-Xss-Protection": ["1; mode=block"], "Vary": ["Accept-Encoding"], "Last-Modified": ["Wed, 16 Sep 2026 23:45:14 GMT"]}}
web         | 2026/09/18 14:06:22.726	[34mINFO[0m	http.log.access.log0	handled request	{"request": {"remote_ip": "127.0.0.1", "remote_port": "53406", "client_ip": "127.0.0.1", "proto": "HTTP/1.1", "method": "GET", "host": "127.0.0.1:3000", "uri": "/", "headers": {"User-Agent": ["curl/8.22.0"], "Accept": ["*/*"]}}, "bytes_read": 0, "user_id": "", "duration": 0.00060681, "size": 6087, "status": 200, "resp_headers": {"Content-Length": ["6087"], "X-Frame-Options": ["DENY"], "X-Xss-Protection": ["1; mode=block"], "Etag": ["\"dlh52pe14jcw4p3\""], "Server": ["Caddy"], "X-Content-Type-Options": ["nosniff"], "Vary": ["Accept-Encoding"], "Content-Type": ["text/html; charset=utf-8"], "Last-Modified": ["Wed, 16 Sep 2026 23:45:14 GMT"], "Accept-Ranges": ["bytes"]}}
web         | 2026/09/18 14:06:53.102	[34mINFO[0m	http.log.access.log0	handled request	{"request": {"remote_ip": "127.0.0.1", "remote_port": "37976", "client_ip": "127.0.0.1", "proto": "HTTP/1.1", "method": "GET", "host": "127.0.0.1:3000", "uri": "/", "headers": {"User-Agent": ["curl/8.22.0"], "Accept": ["*/*"]}}, "bytes_read": 0, "user_id": "", "duration": 0.000557904, "size": 6087, "status": 200, "resp_headers": {"Last-Modified": ["Wed, 16 Sep 2026 23:45:14 GMT"], "Server": ["Caddy"], "X-Frame-Options": ["DENY"], "Vary": ["Accept-Encoding"], "Etag": ["\"dlh52pe14jcw4p3\""], "Accept-Ranges": ["bytes"], "Content-Length": ["6087"], "X-Content-Type-Options": ["nosniff"], "X-Xss-Protection": ["1; mode=block"], "Content-Type": ["text/html; charset=utf-8"]}}
web         | 2026/09/18 14:07:23.474	[34mINFO[0m	http.log.access.log0	handled request	{"request": {"remote_ip": "127.0.0.1", "remote_port": "60014", "client_ip": "127.0.0.1", "proto": "HTTP/1.1", "method": "GET", "host": "127.0.0.1:3000", "uri": "/", "headers": {"Accept": ["*/*"], "User-Agent": ["curl/8.22.0"]}}, "bytes_read": 0, "user_id": "", "duration": 0.005081009, "size": 6087, "status": 200, "resp_headers": {"Content-Type": ["text/html; charset=utf-8"], "Last-Modified": ["Wed, 16 Sep 2026 23:45:14 GMT"], "Accept-Ranges": ["bytes"], "Server": ["Caddy"], "X-Content-Type-Options": ["nosniff"], "X-Frame-Options": ["DENY"], "X-Xss-Protection": ["1; mode=block"], "Etag": ["\"dlh52pe14jcw4p3\""], "Content-Length": ["6087"], "Vary": ["Accept-Encoding"]}}
web         | 2026/09/18 14:07:53.880	[34mINFO[0m	http.log.access.log0	handled request	{"request": {"remote_ip": "127.0.0.1", "remote_port": "57626", "client_ip": "127.0.0.1", "proto": "HTTP/1.1", "method": "GET", "host": "127.0.0.1:3000", "uri": "/", "headers": {"User-Agent": ["curl/8.22.0"], "Accept": ["*/*"]}}, "bytes_read": 0, "user_id": "", "duration": 0.000646278, "size": 6087, "status": 200, "resp_headers": {"Accept-Ranges": ["bytes"], "Content-Length": ["6087"], "X-Content-Type-Options": ["nosniff"], "X-Xss-Protection": ["1; mode=block"], "Etag": ["\"dlh52pe14jcw4p3\""], "Content-Type": ["text/html; charset=utf-8"], "Server": ["Caddy"], "X-Frame-Options": ["DENY"], "Vary": ["Accept-Encoding"], "Last-Modified": ["Wed, 16 Sep 2026 23:45:14 GMT"]}}
web         | 2026/09/18 14:08:24.211	[34mINFO[0m	http.log.access.log0	handled request	{"request": {"remote_ip": "127.0.0.1", "remote_port": "34456", "client_ip": "127.0.0.1", "proto": "HTTP/1.1", "method": "GET", "host": "127.0.0.1:3000", "uri": "/", "headers": {"User-Agent": ["curl/8.22.0"], "Accept": ["*/*"]}}, "bytes_read": 0, "user_id": "", "duration": 0.003678902, "size": 6087, "status": 200, "resp_headers": {"X-Content-Type-Options": ["nosniff"], "X-Frame-Options": ["DENY"], "X-Xss-Protection": ["1; mode=block"], "Vary": ["Accept-Encoding"], "Content-Type": ["text/html; charset=utf-8"], "Content-Length": ["6087"], "Server": ["Caddy"], "Etag": ["\"dlh52pe14jcw4p3\""], "Last-Modified": ["Wed, 16 Sep 2026 23:45:14 GMT"], "Accept-Ranges": ["bytes"]}}
web         | 2026/09/18 14:08:54.601	[34mINFO[0m	http.log.access.log0	handled request	{"request": {"remote_ip": "127.0.0.1", "remote_port": "43194", "client_ip": "127.0.0.1", "proto": "HTTP/1.1", "method": "GET", "host": "127.0.0.1:3000", "uri": "/", "headers": {"Accept": ["*/*"], "User-Agent": ["curl/8.22.0"]}}, "bytes_read": 0, "user_id": "", "duration": 0.009380393, "size": 6087, "status": 200, "resp_headers": {"X-Xss-Protection": ["1; mode=block"], "Etag": ["\"dlh52pe14jcw4p3\""], "Content-Type": ["text/html; charset=utf-8"], "Accept-Ranges": ["bytes"], "Content-Length": ["6087"], "Server": ["Caddy"], "X-Content-Type-Options": ["nosniff"], "X-Frame-Options": ["DENY"], "Vary": ["Accept-Encoding"], "Last-Modified": ["Wed, 16 Sep 2026 23:45:14 GMT"]}}
web         | 2026/09/18 14:09:24.876	[34mINFO[0m	http.log.access.log0	handled request	{"request": {"remote_ip": "127.0.0.1", "remote_port": "46078", "client_ip": "127.0.0.1", "proto": "HTTP/1.1", "method": "GET", "host": "127.0.0.1:3000", "uri": "/", "headers": {"User-Agent": ["curl/8.22.0"], "Accept": ["*/*"]}}, "bytes_read": 0, "user_id": "", "duration": 0.000549231, "size": 6087, "status": 200, "resp_headers": {"X-Content-Type-Options": ["nosniff"], "X-Frame-Options": ["DENY"], "X-Xss-Protection": ["1; mode=block"], "Vary": ["Accept-Encoding"], "Content-Type": ["text/html; charset=utf-8"], "Last-Modified": ["Wed, 16 Sep 2026 23:45:14 GMT"], "Accept-Ranges": ["bytes"], "Server": ["Caddy"], "Etag": ["\"dlh52pe14jcw4p3\""], "Content-Length": ["6087"]}}
web         | 2026/09/18 14:09:55.353	[34mINFO[0m	http.log.access.log0	handled request	{"request": {"remote_ip": "127.0.0.1", "remote_port": "53532", "client_ip": "127.0.0.1", "proto": "HTTP/1.1", "method": "GET", "host": "127.0.0.1:3000", "uri": "/", "headers": {"User-Agent": ["curl/8.22.0"], "Accept": ["*/*"]}}, "bytes_read": 0, "user_id": "", "duration": 0.000487907, "size": 6087, "status": 200, "resp_headers": {"Server": ["Caddy"], "X-Xss-Protection": ["1; mode=block"], "X-Content-Type-Options": ["nosniff"], "Content-Type": ["text/html; charset=utf-8"], "Accept-Ranges": ["bytes"], "X-Frame-Options": ["DENY"], "Vary": ["Accept-Encoding"], "Etag": ["\"dlh52pe14jcw4p3\""], "Last-Modified": ["Wed, 16 Sep 2026 23:45:14 GMT"], "Content-Length": ["6087"]}}
web         | 2026/09/18 14:10:25.533	[34mINFO[0m	http.log.access.log0	handled request	{"request": {"remote_ip": "127.0.0.1", "remote_port": "59566", "client_ip": "127.0.0.1", "proto": "HTTP/1.1", "method": "GET", "host": "127.0.0.1:3000", "uri": "/", "headers": {"User-Agent": ["curl/8.22.0"], "Accept": ["*/*"]}}, "bytes_read": 0, "user_id": "", "duration": 0.000561963, "size": 6087, "status": 200, "resp_headers": {"Server": ["Caddy"], "X-Content-Type-Options": ["nosniff"], "X-Frame-Options": ["DENY"], "Etag": ["\"dlh52pe14jcw4p3\""], "Content-Type": ["text/html; charset=utf-8"], "Accept-Ranges": ["bytes"], "Content-Length": ["6087"], "X-Xss-Protection": ["1; mode=block"], "Vary": ["Accept-Encoding"], "Last-Modified": ["Wed, 16 Sep 2026 23:45:14 GMT"]}}
web         | 2026/09/18 14:10:55.856	[34mINFO[0m	http.log.access.log0	handled request	{"request": {"remote_ip": "127.0.0.1", "remote_port": "40556", "client_ip": "127.0.0.1", "proto": "HTTP/1.1", "method": "GET", "host": "127.0.0.1:3000", "uri": "/", "headers": {"User-Agent": ["curl/8.22.0"], "Accept": ["*/*"]}}, "bytes_read": 0, "user_id": "", "duration": 0.000642291, "size": 6087, "status": 200, "resp_headers": {"Etag": ["\"dlh52pe14jcw4p3\""], "Last-Modified": ["Wed, 16 Sep 2026 23:45:14 GMT"], "Accept-Ranges": ["bytes"], "Server": ["Caddy"], "X-Content-Type-Options": ["nosniff"], "X-Frame-Options": ["DENY"], "X-Xss-Protection": ["1; mode=block"], "Vary": ["Accept-Encoding"], "Content-Type": ["text/html; charset=utf-8"], "Content-Length": ["6087"]}}
web         | 2026/09/18 14:11:26.215	[34mINFO[0m	http.log.access.log0	handled request	{"request": {"remote_ip": "127.0.0.1", "remote_port": "42170", "client_ip": "127.0.0.1", "proto": "HTTP/1.1", "method": "GET", "host": "127.0.0.1:3000", "uri": "/", "headers": {"User-Agent": ["curl/8.22.0"], "Accept": ["*/*"]}}, "bytes_read": 0, "user_id": "", "duration": 0.009939657, "size": 6087, "status": 200, "resp_headers": {"X-Xss-Protection": ["1; mode=block"], "Etag": ["\"dlh52pe14jcw4p3\""], "Accept-Ranges": ["bytes"], "Content-Length": ["6087"], "X-Frame-Options": ["DENY"], "X-Content-Type-Options": ["nosniff"], "Vary": ["Accept-Encoding"], "Content-Type": ["text/html; charset=utf-8"], "Last-Modified": ["Wed, 16 Sep 2026 23:45:14 GMT"], "Server": ["Caddy"]}}
web         | 2026/09/18 14:11:56.599	[34mINFO[0m	http.log.access.log0	handled request	{"request": {"remote_ip": "127.0.0.1", "remote_port": "52038", "client_ip": "127.0.0.1", "proto": "HTTP/1.1", "method": "GET", "host": "127.0.0.1:3000", "uri": "/", "headers": {"User-Agent": ["curl/8.22.0"], "Accept": ["*/*"]}}, "bytes_read": 0, "user_id": "", "duration": 0.003915154, "size": 6087, "status": 200, "resp_headers": {"Etag": ["\"dlh52pe14jcw4p3\""], "Content-Type": ["text/html; charset=utf-8"], "Content-Length": ["6087"], "Server": ["Caddy"], "X-Content-Type-Options": ["nosniff"], "X-Frame-Options": ["DENY"], "Last-Modified": ["Wed, 16 Sep 2026 23:45:14 GMT"], "Accept-Ranges": ["bytes"], "X-Xss-Protection": ["1; mode=block"], "Vary": ["Accept-Encoding"]}}
web         | 2026/09/18 14:12:26.995	[34mINFO[0m	http.log.access.log0	handled request	{"request": {"remote_ip": "127.0.0.1", "remote_port": "42074", "client_ip": "127.0.0.1", "proto": "HTTP/1.1", "method": "GET", "host": "127.0.0.1:3000", "uri": "/", "headers": {"User-Agent": ["curl/8.22.0"], "Accept": ["*/*"]}}, "bytes_read": 0, "user_id": "", "duration": 0.005052678, "size": 6087, "status": 200, "resp_headers": {"Etag": ["\"dlh52pe14jcw4p3\""], "Accept-Ranges": ["bytes"], "Content-Length": ["6087"], "Server": ["Caddy"], "X-Frame-Options": ["DENY"], "Vary": ["Accept-Encoding"], "Content-Type": ["text/html; charset=utf-8"], "Last-Modified": ["Wed, 16 Sep 2026 23:45:14 GMT"], "X-Content-Type-Options": ["nosniff"], "X-Xss-Protection": ["1; mode=block"]}}
Deployment failed during remote build and deployment (line 65).
