=== Production deploy started: 2026-09-21T04:10:36+08:00 ===
Commit: 2a0e166a942b535db24eff16c6809c9bf6bfa2fa
Working tree:
?? deploy-20260921-041036.log
Deploying checkout: /home/rahimin_amin/ten-fold-plane/ten-fold-plane
Checkout commit: 2a0e166a94
Source fingerprint: da2a325f9cc5a0a557b39df1552e7cd90c832c3387483b7ea72122b2b115e312
Uploading Ten-Fold to root@178.128.104.112:/opt/plane/app/ten-fold-plane...
Uploaded source matches local checkout.
Rebuilding and migrating Plane on the Droplet...
 Image gristlabs/grist:1.7.16 Pulling 
 Image gristlabs/grist:1.7.16 Pulled 
 Container ten-fold-plane-grist-1 Recreate 
 Container ten-fold-plane-grist-1 Recreated 
 Container ten-fold-plane-grist-1 Starting 
 Container ten-fold-plane-grist-1 Started 
 Container ten-fold-plane-grist-1 Waiting 
 Container ten-fold-plane-grist-1 Healthy 
 Container plane-db Running 
 Container plane-redis Running 
 Image ten-fold-plane-migrator Building 
#1 [internal] load local bake definitions
#1 reading from stdin 610B done
#1 DONE 0.0s

#2 [internal] load build definition from Dockerfile.api
#2 transferring dockerfile: 1.30kB 0.0s done
#2 DONE 0.1s

#3 [internal] load metadata for docker.io/library/python:3.12.10-alpine
#3 DONE 1.4s

#4 [internal] load .dockerignore
#4 transferring context: 2B 0.0s done
#4 DONE 0.3s

#5 [internal] load build context
#5 DONE 0.0s

#6 [ 1/17] FROM docker.io/library/python:3.12.10-alpine@sha256:4bbf5ef9ce4b273299d394de268ad6018e10a9375d7efc7c2ce9501a6eb6b86c
#6 resolve docker.io/library/python:3.12.10-alpine@sha256:4bbf5ef9ce4b273299d394de268ad6018e10a9375d7efc7c2ce9501a6eb6b86c 0.0s done
#6 DONE 0.1s

#5 [internal] load build context
#5 transferring context: 100.48kB 0.2s done
#5 DONE 0.2s

#7 [ 7/17] RUN apk add --no-cache libffi-dev
#7 CACHED

#8 [10/17] COPY plane plane/
#8 CACHED

#9 [14/17] COPY ./bin ./bin/
#9 CACHED

#10 [16/17] RUN chmod +x ./bin/*
#10 CACHED

#11 [ 6/17] COPY requirements ./requirements
#11 CACHED

#12 [ 8/17] RUN apk add --no-cache --virtual .build-deps     "bash~=5.2"     "g++"     "gcc"     "cargo"     "git"     "make"     "postgresql-dev"     "libc-dev"     "linux-headers"     &&     pip install -r requirements.txt --compile --no-cache-dir     &&     apk del .build-deps     &&     rm -rf /var/cache/apk/*
#12 CACHED

#13 [ 4/17] RUN apk add --no-cache --upgrade     "libpq"     "libxslt"     "xmlsec"     "ca-certificates"     "openssl"
#13 CACHED

#14 [ 2/17] RUN apk update && apk upgrade
#14 CACHED

#15 [15/17] RUN mkdir -p /code/plane/logs
#15 CACHED

#16 [ 5/17] COPY requirements.txt ./
#16 CACHED

#17 [13/17] RUN apk --no-cache add "bash~=5.2"
#17 CACHED

#18 [11/17] COPY templates templates/
#18 CACHED

#19 [12/17] COPY package.json package.json
#19 CACHED

#20 [ 3/17] WORKDIR /code
#20 CACHED

#21 [ 9/17] COPY manage.py manage.py
#21 CACHED

#22 [17/17] RUN chmod -R 777 /code
#22 CACHED

#23 exporting to image
#23 exporting layers 0.0s done
#23 exporting manifest sha256:4f5184663dc37b11cf2cf03925d10b8bb270c8373b3acb6acc88aebbaee29339 done
#23 exporting config sha256:0a639d02d7a0e95d5867da9631f319749084332371b2828d3e801cf061ebf0fc done
#23 exporting attestation manifest sha256:9a8df8a8ce73e4a3a5b0173738ea05e993fe9452b8d91acfad44344000832d3e 0.0s done
#23 exporting manifest list sha256:d2de15359cb3f56f431aeb75a8df59dfdf52495d89cfd86237cfa13bfd8c73c5 0.0s done
#23 naming to docker.io/library/ten-fold-plane-migrator:latest
#23 naming to docker.io/library/ten-fold-plane-migrator:latest done
#23 unpacking to docker.io/library/ten-fold-plane-migrator:latest 0.0s done
#23 DONE 0.2s

#24 resolving provenance for metadata file
#24 DONE 0.3s
 Image ten-fold-plane-migrator Built 
 Container ten-fold-plane-migrator-run-f093bf2bb71d Creating 
 Container ten-fold-plane-migrator-run-f093bf2bb71d Created 
Waiting for database...
Database available!
Operations to perform:
  Apply all migrations: auth, contenttypes, db, django_celery_beat, license, sessions
Running migrations:
  No migrations to apply.
  Your models in app(s): 'db' have changes that are not yet reflected in a migration, and so won't be applied.
  Run 'manage.py makemigrations' to make new migrations, and then re-run 'manage.py migrate' to apply them.
 Image ten-fold-plane-admin Building 
#1 [internal] load local bake definitions
#1 reading from stdin 1.72kB done
#1 DONE 0.0s

#2 [internal] load build definition from Dockerfile.admin
#2 transferring dockerfile: 3.20kB done
#2 DONE 0.0s

#3 [internal] load metadata for docker.io/library/caddy:2.11-builder-alpine
#3 ...

#4 [internal] load metadata for docker.io/library/caddy:2.11-alpine
#4 DONE 1.4s

#5 [internal] load metadata for docker.io/library/node:22-alpine
#5 DONE 1.4s

#3 [internal] load metadata for docker.io/library/caddy:2.11-builder-alpine
#3 DONE 1.4s

#6 [internal] load .dockerignore
#6 transferring context: 882B done
#6 DONE 0.0s

#7 [production 1/5] FROM docker.io/library/caddy:2.11-alpine@sha256:de23def33b17fb5d1290b0f6c2add1d70780e52341896c00a4c8a2a2fe9d355e
#7 resolve docker.io/library/caddy:2.11-alpine@sha256:de23def33b17fb5d1290b0f6c2add1d70780e52341896c00a4c8a2a2fe9d355e 0.1s done
#7 DONE 0.1s

#8 [base 1/3] FROM docker.io/library/node:22-alpine@sha256:b6f26b36c8ff49624cfdac716b8ea1138d606df02586a77d364bb5536a634f85
#8 resolve docker.io/library/node:22-alpine@sha256:b6f26b36c8ff49624cfdac716b8ea1138d606df02586a77d364bb5536a634f85 0.1s done
#8 DONE 0.1s

#9 [caddy-builder 1/2] FROM docker.io/library/caddy:2.11-builder-alpine@sha256:2b9f32cbba6045e79212bb253f595588d20be8f7d1edf61582c519e124e0d2d8
#9 resolve docker.io/library/caddy:2.11-builder-alpine@sha256:2b9f32cbba6045e79212bb253f595588d20be8f7d1edf61582c519e124e0d2d8 0.1s done
#9 DONE 0.1s

#10 [internal] load build context
#10 transferring context: 3.50MB 1.2s done
#10 DONE 1.3s

#11 [base 3/3] RUN corepack enable pnpm
#11 CACHED

#12 [base 2/3] WORKDIR /app
#12 CACHED

#13 [builder 1/3] RUN pnpm add -g turbo@2.9.18
#13 CACHED

#14 [builder 2/3] COPY . .
#14 DONE 5.2s

#15 [builder 3/3] RUN turbo prune --scope=admin --docker
#15 1.255  WARNING  --scope is deprecated and will be removed in a future major version. Use positional arguments instead (e.g. `turbo prune web`)
#15 1.501 Generating pruned monorepo for admin in /app/out
#15 1.528  - Added @plane/constants
#15 1.536  - Added @plane/hooks
#15 1.563  - Added @plane/services
#15 1.569  - Added @plane/tailwind-config
#15 1.597  - Added @plane/types
#15 1.604  - Added @plane/typescript-config
#15 1.624  - Added @plane/utils
#15 1.660  - Added admin
#15 DONE 2.0s

#16 [installer 7/8] RUN --mount=type=cache,id=pnpm-store,target=/pnpm/store CI=true pnpm install --offline --frozen-lockfile --store-dir=/pnpm/store --prod=false
#16 CACHED

#17 [caddy-builder 2/2] RUN xcaddy build     --with github.com/mholt/caddy-ratelimit
#17 CACHED

#18 [production 3/5] COPY --from=caddy-builder /usr/bin/caddy /usr/bin/caddy
#18 CACHED

#19 [installer 6/8] RUN --mount=type=cache,id=pnpm-store,target=/pnpm/store pnpm fetch --store-dir=/pnpm/store
#19 CACHED

#20 [installer 8/8] RUN pnpm turbo run build --filter=admin
#20 CACHED

#21 [production 4/5] COPY apps/admin/caddy/Caddyfile /etc/caddy/Caddyfile
#21 CACHED

#22 [installer 1/8] COPY .gitignore .gitignore
#22 CACHED

#23 [installer 4/8] COPY --from=builder /app/out/full/ .
#23 CACHED

#24 [installer 5/8] COPY turbo.json turbo.json
#24 CACHED

#25 [production 2/5] RUN apk update && apk upgrade --no-cache && apk add --no-cache curl && rm -rf /var/cache/apk/*
#25 CACHED

#26 [installer 2/8] COPY --from=builder /app/out/json/ .
#26 CACHED

#27 [installer 3/8] COPY --from=builder /app/out/pnpm-lock.yaml ./pnpm-lock.yaml
#27 CACHED

#28 [production 5/5] COPY --from=installer /app/apps/admin/build/client /usr/share/caddy/html/god-mode
#28 CACHED

#29 exporting to image
#29 exporting layers 0.0s done
#29 exporting manifest sha256:7fdbdcba0df7376692eab98fd6328c7877411b6e76fdfca02994a98f19f305b2 done
#29 exporting config sha256:c5bee9b0e94403304794a0dcb7d365de9fb27a004683609e2a920bf47769efd0 done
#29 exporting attestation manifest sha256:784caf60832c57ccc75474b718e4e5831b3f300c5047d51a12772c3a0c05614d 0.0s done
#29 exporting manifest list sha256:db4057eb91a837fd61de6a57050f01023ed897be9e8efba58d222f9a8aab8de8 0.0s done
#29 naming to docker.io/library/ten-fold-plane-admin:latest
#29 naming to docker.io/library/ten-fold-plane-admin:latest done
#29 unpacking to docker.io/library/ten-fold-plane-admin:latest 0.0s done
#29 DONE 0.2s

#30 resolving provenance for metadata file
#30 DONE 0.4s
 Image ten-fold-plane-admin Built 
 Image ten-fold-plane-web Building 
#1 [internal] load local bake definitions
#1 reading from stdin 1.22kB done
#1 DONE 0.0s

#2 [internal] load build definition from Dockerfile.web
#2 transferring dockerfile: 34B
#2 transferring dockerfile: 3.61kB done
#2 DONE 0.0s

#3 resolve image config for docker-image://docker.io/docker/dockerfile:1.7
#3 DONE 1.4s

#4 docker-image://docker.io/docker/dockerfile:1.7@sha256:a57df69d0ea827fb7266491f2813635de6f17269be881f696fbfdf2d83dda33e
#4 resolve docker.io/docker/dockerfile:1.7@sha256:a57df69d0ea827fb7266491f2813635de6f17269be881f696fbfdf2d83dda33e 0.0s done
#4 CACHED

#5 [internal] load metadata for docker.io/library/node:22-alpine
#5 DONE 0.4s

#6 [internal] load metadata for docker.io/library/caddy:2.11-alpine
#6 DONE 0.4s

#7 [internal] load .dockerignore
#7 transferring context: 882B done
#7 DONE 0.0s

#8 [base 1/2] FROM docker.io/library/node:22-alpine@sha256:b6f26b36c8ff49624cfdac716b8ea1138d606df02586a77d364bb5536a634f85
#8 resolve docker.io/library/node:22-alpine@sha256:b6f26b36c8ff49624cfdac716b8ea1138d606df02586a77d364bb5536a634f85 0.1s done
#8 DONE 0.1s

#9 [production 1/4] FROM docker.io/library/caddy:2.11-alpine@sha256:de23def33b17fb5d1290b0f6c2add1d70780e52341896c00a4c8a2a2fe9d355e
#9 resolve docker.io/library/caddy:2.11-alpine@sha256:de23def33b17fb5d1290b0f6c2add1d70780e52341896c00a4c8a2a2fe9d355e 0.0s done
#9 DONE 0.1s

#10 [internal] load build context
#10 transferring context: 572.41kB 0.6s done
#10 DONE 0.7s

#11 [base 2/2] RUN corepack enable
#11 CACHED

#12 [installer  1/12] RUN apk add --no-cache libc6-compat
#12 CACHED

#13 [installer  2/12] WORKDIR /app
#13 CACHED

#14 [builder 3/5] RUN corepack enable pnpm && pnpm add -g turbo@2.9.18
#14 CACHED

#15 [builder 4/5] COPY . .
#15 DONE 2.7s

#16 [builder 5/5] RUN turbo prune --scope=web --docker
#16 0.626  WARNING  --scope is deprecated and will be removed in a future major version. Use positional arguments instead (e.g. `turbo prune web`)
#16 0.631 
#16 0.632 Attention:
#16 0.632 Turborepo now collects completely anonymous telemetry regarding usage.
#16 0.632 This information is used to shape the Turborepo roadmap and prioritize features.
#16 0.632 You can learn more, including how to opt-out if you'd not like to participate in this anonymous program, by visiting the following URL:
#16 0.632 https://turborepo.dev/docs/telemetry
#16 0.632 
#16 0.638 • turbo 2.9.18
#16 0.837 Generating pruned monorepo for web in /app/out
#16 0.856  - Added @plane/constants
#16 0.893  - Added @plane/editor
#16 0.899  - Added @plane/hooks
#16 0.980  - Added @plane/i18n
#16 1.035  - Added @plane/propel
#16 1.047  - Added @plane/services
#16 1.054  - Added @plane/shared-state
#16 1.059  - Added @plane/tailwind-config
#16 1.081  - Added @plane/types
#16 1.087  - Added @plane/typescript-config
#16 1.105  - Added @plane/ui
#16 1.123  - Added @plane/utils
#16 2.056  - Added web
#16 DONE 2.5s

#17 [installer  3/12] COPY .gitignore .gitignore
#17 CACHED

#18 [installer  4/12] COPY --from=builder /app/out/json/ .
#18 CACHED

#19 [installer  5/12] COPY --from=builder /app/out/pnpm-lock.yaml ./pnpm-lock.yaml
#19 CACHED

#20 [installer  6/12] RUN corepack enable pnpm
#20 CACHED

#21 [installer  7/12] COPY --from=builder /app/out/full/ .
#21 DONE 1.5s

#22 [installer  8/12] COPY --from=builder /app/apps/proxy/grist-custom.css ./apps/proxy/grist-custom.css
#22 DONE 0.1s

#23 [installer  9/12] COPY turbo.json turbo.json
#23 DONE 0.1s

#24 [installer 10/12] RUN --mount=type=cache,id=pnpm-store,target=/pnpm/store pnpm fetch --store-dir=/pnpm/store
#24 0.460 ! Corepack is about to download https://registry.npmjs.org/pnpm/-/pnpm-11.10.0.tgz
#24 3.691 ? Verifying lockfile against supply-chain policies (1713 entries)...
#24 3.723 Importing packages to virtual store
#24 4.548 Already up to date
#24 4.716 Progress: resolved 1, reused 0, downloaded 0, added 0
#24 5.723 Progress: resolved 1498, reused 24, downloaded 0, added 0
#24 6.735 Progress: resolved 1498, reused 50, downloaded 0, added 0
#24 7.739 Progress: resolved 1498, reused 66, downloaded 0, added 0
#24 8.760 Progress: resolved 1498, reused 83, downloaded 0, added 0
#24 9.766 Progress: resolved 1498, reused 105, downloaded 0, added 0
#24 10.79 Progress: resolved 1498, reused 131, downloaded 0, added 0
#24 11.88 Progress: resolved 1498, reused 155, downloaded 0, added 0
#24 12.90 Progress: resolved 1498, reused 187, downloaded 0, added 0
#24 13.94 Progress: resolved 1498, reused 220, downloaded 0, added 0
#24 14.96 Progress: resolved 1498, reused 250, downloaded 0, added 0
#24 15.98 Progress: resolved 1498, reused 273, downloaded 0, added 0
#24 16.99 Progress: resolved 1498, reused 304, downloaded 0, added 0
#24 18.02 Progress: resolved 1498, reused 325, downloaded 0, added 0
#24 18.85 [WARN] Request took 10288ms: https://registry.npmjs.org/@storybook%2Faddon-links
#24 19.05 Progress: resolved 1498, reused 373, downloaded 0, added 0
#24 19.65 [WARN] Request took 11029ms: https://registry.npmjs.org/@storybook%2Fbuilder-webpack5
#24 20.17 Progress: resolved 1498, reused 430, downloaded 0, added 0
#24 21.21 Progress: resolved 1498, reused 494, downloaded 0, added 0
#24 22.21 Progress: resolved 1498, reused 503, downloaded 0, added 0
#24 23.35 Progress: resolved 1498, reused 506, downloaded 0, added 0
#24 24.20 ✓ Lockfile passes supply-chain policies (1713 entries in 20.5s)
#24 24.35 Progress: resolved 1498, reused 600, downloaded 0, added 0
#24 25.35 Progress: resolved 1498, reused 703, downloaded 0, added 0
#24 26.35 Progress: resolved 1498, reused 1002, downloaded 0, added 0
#24 27.35 Progress: resolved 1498, reused 1492, downloaded 0, added 0
#24 28.35 Progress: resolved 1498, reused 1492, downloaded 0, added 48
#24 29.35 Progress: resolved 1498, reused 1492, downloaded 0, added 50
#24 30.35 Progress: resolved 1498, reused 1492, downloaded 0, added 66
#24 31.35 Progress: resolved 1498, reused 1492, downloaded 0, added 69
#24 32.35 Progress: resolved 1498, reused 1492, downloaded 0, added 83
#24 33.35 Progress: resolved 1498, reused 1492, downloaded 0, added 93
#24 34.35 Progress: resolved 1498, reused 1492, downloaded 0, added 134
#24 35.35 Progress: resolved 1498, reused 1492, downloaded 0, added 164
#24 36.36 Progress: resolved 1498, reused 1492, downloaded 0, added 232
#24 37.36 Progress: resolved 1498, reused 1492, downloaded 0, added 247
#24 38.36 Progress: resolved 1498, reused 1492, downloaded 0, added 260
#24 39.36 Progress: resolved 1498, reused 1492, downloaded 0, added 265
#24 40.36 Progress: resolved 1498, reused 1492, downloaded 0, added 270
#24 42.34 Progress: resolved 1498, reused 1492, downloaded 0, added 271
#24 43.34 Progress: resolved 1498, reused 1492, downloaded 0, added 277
#24 44.34 Progress: resolved 1498, reused 1492, downloaded 0, added 305
#24 45.34 Progress: resolved 1498, reused 1492, downloaded 0, added 318
#24 46.78 Progress: resolved 1498, reused 1492, downloaded 0, added 319
#24 47.78 Progress: resolved 1498, reused 1492, downloaded 0, added 374
#24 49.17 Progress: resolved 1498, reused 1492, downloaded 0, added 375
#24 50.17 Progress: resolved 1498, reused 1492, downloaded 0, added 503
#24 51.98 Progress: resolved 1498, reused 1492, downloaded 0, added 504
#24 52.98 Progress: resolved 1498, reused 1492, downloaded 0, added 505
#24 53.98 Progress: resolved 1498, reused 1492, downloaded 0, added 562
#24 54.98 Progress: resolved 1498, reused 1492, downloaded 0, added 600
#24 55.98 Progress: resolved 1498, reused 1492, downloaded 0, added 602
#24 56.99 Progress: resolved 1498, reused 1492, downloaded 0, added 605
#24 57.99 Progress: resolved 1498, reused 1492, downloaded 0, added 680
#24 58.99 Progress: resolved 1498, reused 1492, downloaded 0, added 693
#24 59.99 Progress: resolved 1498, reused 1492, downloaded 0, added 694
#24 64.11 Progress: resolved 1498, reused 1492, downloaded 0, added 695
#24 65.11 Progress: resolved 1498, reused 1492, downloaded 0, added 699
#24 66.11 Progress: resolved 1498, reused 1492, downloaded 0, added 702
#24 67.78 Progress: resolved 1498, reused 1492, downloaded 0, added 703
#24 68.78 Progress: resolved 1498, reused 1492, downloaded 0, added 704
#24 70.38 Progress: resolved 1498, reused 1492, downloaded 0, added 705
#24 71.38 Progress: resolved 1498, reused 1492, downloaded 0, added 709
#24 72.66 Progress: resolved 1498, reused 1492, downloaded 0, added 710
#24 74.82 Progress: resolved 1498, reused 1492, downloaded 0, added 711
#24 75.82 Progress: resolved 1498, reused 1492, downloaded 0, added 750
#24 76.82 Progress: resolved 1498, reused 1492, downloaded 0, added 817
#24 78.07 Progress: resolved 1498, reused 1492, downloaded 0, added 818
#24 79.07 Progress: resolved 1498, reused 1492, downloaded 0, added 824
#24 80.07 Progress: resolved 1498, reused 1492, downloaded 0, added 825
#24 81.07 Progress: resolved 1498, reused 1492, downloaded 0, added 837
#24 82.07 Progress: resolved 1498, reused 1492, downloaded 0, added 868
#24 83.07 Progress: resolved 1498, reused 1492, downloaded 0, added 946
#24 84.07 Progress: resolved 1498, reused 1492, downloaded 0, added 1013
#24 85.07 Progress: resolved 1498, reused 1492, downloaded 0, added 1063
#24 86.07 Progress: resolved 1498, reused 1492, downloaded 0, added 1122
#24 87.07 Progress: resolved 1498, reused 1492, downloaded 0, added 1160
#24 88.07 Progress: resolved 1498, reused 1492, downloaded 0, added 1204
#24 89.07 Progress: resolved 1498, reused 1492, downloaded 0, added 1225
#24 90.07 Progress: resolved 1498, reused 1492, downloaded 0, added 1230
#24 91.07 Progress: resolved 1498, reused 1492, downloaded 0, added 1235
#24 92.08 Progress: resolved 1498, reused 1492, downloaded 0, added 1242
#24 93.08 Progress: resolved 1498, reused 1492, downloaded 0, added 1296
#24 94.08 Progress: resolved 1498, reused 1492, downloaded 0, added 1350
#24 95.08 Progress: resolved 1498, reused 1492, downloaded 0, added 1411
#24 96.04 Progress: resolved 1498, reused 1492, downloaded 0, added 1498, done
#24 96.10 .../node_modules/@swc/core postinstall$ node postinstall.js
#24 96.26 .../node_modules/@swc/core postinstall: Done
#24 96.94 
#24 DONE 97.7s

#25 [installer 11/12] RUN --mount=type=cache,id=pnpm-store,target=/pnpm/store CI=true pnpm install --offline --frozen-lockfile --store-dir=/pnpm/store
#25 5.073 Scope: all 14 workspace projects
#25 5.922 ✓ Lockfile passes supply-chain policies (verified 1m ago)
#25 5.948 Lockfile is up to date, resolution step is skipped
#25 6.551 Already up to date
#25 11.41 
#25 11.41 devDependencies:
#25 11.41 + husky 9.1.7
#25 11.41 + lint-staged 16.2.7
#25 11.41 + oxfmt 0.35.0
#25 11.41 + oxlint 1.51.0
#25 11.41 + react-doctor 0.4.2
#25 11.41 + turbo 2.10.11
#25 11.41 
#25 11.43 . prepare$ husky
#25 11.55 . prepare: .git can't be found
#25 11.55 . prepare: Done
#25 12.03 Done in 8.5s using pnpm v11.10.0
#25 DONE 12.3s

#26 [installer 12/12] RUN pnpm turbo run build --filter=web --force     && printf '%s\n' "da2a325f9cc5a0a557b39df1552e7cd90c832c3387483b7ea72122b2b115e312" > /app/apps/web/build/client/deployment-source.txt
#26 3.237 Scope: all 14 workspace projects
#26 4.226 ✓ Lockfile passes supply-chain policies (verified 1m ago)
#26 4.266 Lockfile is up to date, resolution step is skipped
#26 4.829 Already up to date
#26 4.955 
#26 4.955    ╭──────────────────────────────────────────────╮
#26 4.955    │                                              │
#26 4.955    │     Update available! 11.10.0 → 12.5.1.      │
#26 4.955    │     Changelog: https://pnpm.io/v/12.5.1      │
#26 4.955    │   To update, run: corepack use pnpm@12.5.1   │
#26 4.955    │                                              │
#26 4.955    ╰──────────────────────────────────────────────╯
#26 4.955 
#26 8.888 
#26 8.915 . prepare$ husky
#26 9.075 . prepare: .git can't be found
#26 9.078 . prepare: Done
#26 9.441 Done in 7.4s using pnpm v11.10.0
#26 9.827 • turbo 2.10.11
#26 9.955 
#26 9.956    • Packages in scope: web
#26 9.956    • Running build in 1 packages
#26 9.956    • Remote caching disabled
#26 9.956 
#26 11.85 @plane/i18n:build: cache bypass, force executing edd8dbbe1c3771c1
#26 11.85 @plane/types:build: cache bypass, force executing 3ecb25cea748d8ea
#26 11.86 @plane/hooks:build: cache bypass, force executing 7cfc83de1dc854c6
#26 14.19 @plane/hooks:build: $ tsdown
#26 14.30 @plane/i18n:build: $ pnpm run generate:types && tsdown
#26 14.38 @plane/types:build: $ tsdown
#26 14.90 @plane/types:build: ℹ tsdown v0.16.0 powered by rolldown v1.0.0-beta.46
#26 14.92 @plane/hooks:build: ℹ tsdown v0.16.0 powered by rolldown v1.0.0-beta.46
#26 15.34 @plane/hooks:build: ℹ Using tsdown config: /app/packages/hooks/tsdown.config.ts
#26 15.37 @plane/hooks:build: ℹ entry: src/index.ts
#26 15.37 @plane/hooks:build: ℹ tsconfig: tsconfig.json
#26 15.37 @plane/hooks:build: ℹ Build start
#26 15.50 @plane/types:build: ℹ Using tsdown config: /app/packages/types/tsdown.config.ts
#26 15.57 @plane/types:build: ℹ entry: src/index.ts
#26 15.58 @plane/types:build: ℹ tsconfig: tsconfig.json
#26 15.58 @plane/types:build: ℹ Build start
#26 16.69 @plane/i18n:build: $ tsx scripts/generate-types.ts
#26 18.72 @plane/i18n:build: Generated 3838 keys from 28 namespace files
#26 19.58 @plane/i18n:build: ℹ tsdown v0.16.0 powered by rolldown v1.0.0-beta.46
#26 20.12 @plane/i18n:build: ℹ Using tsdown config: /app/packages/i18n/tsdown.config.ts
#26 20.16 @plane/i18n:build: ℹ entry: src/index.ts
#26 20.16 @plane/i18n:build: ℹ tsconfig: tsconfig.json
#26 20.17 @plane/i18n:build: ℹ Build start
#26 29.01 @plane/hooks:build: ℹ dist/index.js         5.82 kB │ gzip: 1.93 kB
#26 29.01 @plane/hooks:build: ℹ dist/index.js.map    11.13 kB │ gzip: 3.57 kB
#26 29.01 @plane/hooks:build: ℹ dist/index.d.ts.map   0.66 kB │ gzip: 0.39 kB
#26 29.01 @plane/hooks:build: ℹ dist/index.d.ts       2.00 kB │ gzip: 0.80 kB
#26 29.01 @plane/hooks:build: ℹ 4 files, total: 19.61 kB
#26 29.03 @plane/hooks:build: ✔ Build complete in 13650ms
#26 31.73 @plane/types:build: ℹ dist/index.mjs         16.84 kB │ gzip:  3.67 kB
#26 31.73 @plane/types:build: ℹ dist/index.d.mts.map   89.23 kB │ gzip: 29.36 kB
#26 31.73 @plane/types:build: ℹ dist/index.mjs.map     65.53 kB │ gzip: 13.53 kB
#26 31.73 @plane/types:build: ℹ dist/index.d.mts      146.98 kB │ gzip: 28.71 kB
#26 31.74 @plane/types:build: ℹ 4 files, total: 318.56 kB
#26 31.75 @plane/types:build: ✔ Build complete in 16161ms
#26 32.65 @plane/constants:build: cache bypass, force executing 94fa128b3b9074de
#26 35.93 @plane/constants:build: $ tsdown
#26 36.01 @plane/i18n:build: ℹ dist/index.js          5.66 kB │ gzip:  2.15 kB
#26 36.01 @plane/i18n:build: ℹ dist/index.d.ts.map   43.17 kB │ gzip:  5.39 kB
#26 36.01 @plane/i18n:build: ℹ dist/index.js.map     12.36 kB │ gzip:  4.16 kB
#26 36.01 @plane/i18n:build: ℹ dist/index.d.ts      176.39 kB │ gzip: 23.79 kB
#26 36.01 @plane/i18n:build: ℹ 4 files, total: 237.59 kB
#26 36.02 @plane/i18n:build: ✔ Build complete in 15855ms
#26 36.23 @plane/constants:build: ℹ tsdown v0.16.0 powered by rolldown v1.0.0-beta.46
#26 36.46 @plane/constants:build: ℹ Using tsdown config: /app/packages/constants/tsdown.config.ts
#26 36.49 @plane/constants:build: ℹ entry: src/index.ts
#26 36.49 @plane/constants:build: ℹ tsconfig: tsconfig.json
#26 36.49 @plane/constants:build: ℹ Build start
#26 42.30 @plane/constants:build: ℹ dist/index.mjs        108.95 kB │ gzip: 21.94 kB
#26 42.30 @plane/constants:build: ℹ dist/index.mjs.map    176.20 kB │ gzip: 30.67 kB
#26 42.30 @plane/constants:build: ℹ dist/index.d.mts.map   24.27 kB │ gzip:  8.83 kB
#26 42.30 @plane/constants:build: ℹ dist/index.d.mts       52.02 kB │ gzip: 11.44 kB
#26 42.30 @plane/constants:build: ℹ 4 files, total: 361.43 kB
#26 42.31 @plane/constants:build: ✔ Build complete in 5809ms
#26 42.40 @plane/services:build: cache bypass, force executing 6ac6a7048b77ec45
#26 42.40 @plane/utils:build: cache bypass, force executing af0f4bb854fb076c
#26 44.07 @plane/utils:build: $ tsdown
#26 44.08 @plane/services:build: $ tsdown
#26 44.35 @plane/services:build: ℹ tsdown v0.16.0 powered by rolldown v1.0.0-beta.46
#26 44.35 @plane/utils:build: ℹ tsdown v0.16.0 powered by rolldown v1.0.0-beta.46
#26 44.63 @plane/services:build: ℹ Using tsdown config: /app/packages/services/tsdown.config.ts
#26 44.65 @plane/services:build: ℹ entry: src/index.ts
#26 44.66 @plane/services:build: ℹ tsconfig: tsconfig.json
#26 44.66 @plane/services:build: ℹ Build start
#26 44.66 @plane/utils:build: ℹ Using tsdown config: /app/packages/utils/tsdown.config.ts
#26 44.68 @plane/utils:build: ℹ entry: src/index.ts
#26 44.68 @plane/utils:build: ℹ tsconfig: tsconfig.json
#26 44.68 @plane/utils:build: ℹ Build start
#26 53.24 @plane/services:build: ℹ dist/index.js         97.92 kB │ gzip: 11.24 kB
#26 53.24 @plane/services:build: ℹ dist/index.js.map    154.04 kB │ gzip: 17.93 kB
#26 53.24 @plane/services:build: ℹ dist/index.d.ts.map   21.01 kB │ gzip:  5.70 kB
#26 53.24 @plane/services:build: ℹ dist/index.d.ts       70.26 kB │ gzip:  9.05 kB
#26 53.24 @plane/services:build: ℹ 4 files, total: 343.23 kB
#26 53.26 @plane/services:build: ✔ Build complete in 8594ms
#26 60.51 @plane/utils:build: ℹ dist/index.js        220.02 kB │ gzip: 55.20 kB
#26 60.51 @plane/utils:build: ℹ dist/index.js.map    400.12 kB │ gzip: 88.79 kB
#26 60.51 @plane/utils:build: ℹ dist/index.d.ts.map   43.35 kB │ gzip: 14.47 kB
#26 60.51 @plane/utils:build: ℹ dist/index.d.ts      117.11 kB │ gzip: 27.19 kB
#26 60.51 @plane/utils:build: ℹ 4 files, total: 780.60 kB
#26 60.52 @plane/utils:build: ✔ Build complete in 15836ms
#26 60.68 @plane/propel:build: cache bypass, force executing f9df4c5b2404e4ed
#26 60.68 @plane/shared-state:build: cache bypass, force executing c37a13662395c2db
#26 62.31 @plane/propel:build: $ tsdown
#26 62.33 @plane/shared-state:build: $ tsdown
#26 62.55 @plane/propel:build: ℹ tsdown v0.16.0 powered by rolldown v1.0.0-beta.46
#26 62.58 @plane/shared-state:build: ℹ tsdown v0.16.0 powered by rolldown v1.0.0-beta.46
#26 62.83 @plane/propel:build: ℹ Using tsdown config: /app/packages/propel/tsdown.config.ts
#26 62.85 @plane/shared-state:build: ℹ Using tsdown config: /app/packages/shared-state/tsdown.config.ts
#26 62.88 @plane/shared-state:build: ℹ entry: src/index.ts
#26 62.89 @plane/shared-state:build: ℹ tsconfig: tsconfig.json
#26 62.89 @plane/shared-state:build: ℹ Build start
#26 62.92 @plane/propel:build: ℹ entry: src/accordion/index.ts, src/animated-counter/index.ts, src/avatar/index.ts, src/badge/index.ts, src/banner/index.ts, src/button/index.ts, src/calendar/index.ts, src/card/index.ts, src/collapsible/index.ts, src/combobox/index.ts, src/command/index.ts, src/context-menu/index.ts, src/dialog/index.ts, src/emoji-icon-picker/index.ts, src/emoji-reaction/index.ts, src/empty-state/index.ts, src/icon-button/index.ts, src/icons/index.ts, src/input/index.ts, src/menu/index.ts, src/pill/index.ts, src/popover/index.ts, src/portal/index.ts, src/scrollarea/index.ts, src/skeleton/index.ts, src/spinners/index.ts, src/switch/index.ts, src/tab-navigation/index.ts, src/table/index.ts, src/tabs/index.ts, src/toast/index.ts, src/toolbar/index.ts, src/tooltip/index.ts, src/utils/index.ts, src/charts/area-chart/index.ts, src/charts/bar-chart/index.ts, src/charts/line-chart/index.ts, src/charts/pie-chart/index.ts, src/charts/radar-chart/index.ts, src/charts/scatter-chart/index.ts, src/charts/tree-map/index.ts
#26 62.93 @plane/propel:build: ℹ tsconfig: tsconfig.json
#26 62.93 @plane/propel:build: ℹ Build start
#26 73.88 @plane/shared-state:build: ℹ dist/index.js        39.80 kB │ gzip:  8.31 kB
#26 73.88 @plane/shared-state:build: ℹ dist/index.js.map    82.77 kB │ gzip: 17.20 kB
#26 73.88 @plane/shared-state:build: ℹ dist/index.d.ts.map   9.10 kB │ gzip:  3.48 kB
#26 73.88 @plane/shared-state:build: ℹ dist/index.d.ts      21.30 kB │ gzip:  4.29 kB
#26 73.88 @plane/shared-state:build: ℹ 4 files, total: 152.97 kB
#26 73.89 @plane/shared-state:build: ✔ Build complete in 11004ms
#26 82.68 @plane/propel:build: ℹ dist/empty-state/index.js                  749.12 kB │ gzip: 213.69 kB
#26 82.68 @plane/propel:build: ℹ dist/charts/bar-chart/index.js               9.75 kB │ gzip:   3.19 kB
#26 82.68 @plane/propel:build: ℹ dist/charts/tree-map/index.js                9.39 kB │ gzip:   2.77 kB
#26 82.68 @plane/propel:build: ℹ dist/toast/index.js                          9.08 kB │ gzip:   2.30 kB
#26 82.68 @plane/propel:build: ℹ dist/portal/index.js                         6.41 kB │ gzip:   2.15 kB
#26 82.68 @plane/propel:build: ℹ dist/charts/pie-chart/index.js               6.25 kB │ gzip:   2.03 kB
#26 82.68 @plane/propel:build: ℹ dist/icons/index.js                          6.18 kB │ gzip:   1.86 kB
#26 82.68 @plane/propel:build: ℹ dist/menu/index.js                           5.60 kB │ gzip:   1.87 kB
#26 82.68 @plane/propel:build: ℹ dist/emoji-reaction/index.js                 5.57 kB │ gzip:   1.93 kB
#26 82.68 @plane/propel:build: ℹ dist/charts/area-chart/index.js              5.21 kB │ gzip:   1.92 kB
#26 82.68 @plane/propel:build: ℹ dist/combobox/index.js                       4.83 kB │ gzip:   1.74 kB
#26 82.68 @plane/propel:build: ℹ dist/charts/line-chart/index.js              4.50 kB │ gzip:   1.69 kB
#26 82.68 @plane/propel:build: ℹ dist/charts/scatter-chart/index.js           4.24 kB │ gzip:   1.56 kB
#26 82.68 @plane/propel:build: ℹ dist/toolbar/index.js                        4.05 kB │ gzip:   1.43 kB
#26 82.68 @plane/propel:build: ℹ dist/context-menu/index.js                   3.68 kB │ gzip:   1.14 kB
#26 82.68 @plane/propel:build: ℹ dist/banner/index.js                         3.43 kB │ gzip:   1.34 kB
#26 82.68 @plane/propel:build: ℹ dist/dialog/index.js                         3.33 kB │ gzip:   1.13 kB
#26 82.68 @plane/propel:build: ℹ dist/scrollarea/index.js                     2.96 kB │ gzip:   1.08 kB
#26 82.68 @plane/propel:build: ℹ dist/tabs/index.js                           2.87 kB │ gzip:   1.13 kB
#26 82.68 @plane/propel:build: ℹ dist/charts/radar-chart/index.js             2.83 kB │ gzip:   1.19 kB
#26 82.68 @plane/propel:build: ℹ dist/table/index.js                          2.72 kB │ gzip:   0.84 kB
#26 82.68 @plane/propel:build: ℹ dist/avatar/index.js                         2.69 kB │ gzip:   1.02 kB
#26 82.68 @plane/propel:build: ℹ dist/pill/index.js                           2.37 kB │ gzip:   1.02 kB
#26 82.68 @plane/propel:build: ℹ dist/collapsible/index.js                    2.17 kB │ gzip:   0.91 kB
#26 82.68 @plane/propel:build: ℹ dist/badge/index.js                          2.12 kB │ gzip:   0.97 kB
#26 82.68 @plane/propel:build: ℹ dist/accordion/index.js                      1.96 kB │ gzip:   0.74 kB
#26 82.68 @plane/propel:build: ℹ dist/tab-navigation/index.js                 1.90 kB │ gzip:   0.80 kB
#26 82.68 @plane/propel:build: ℹ dist/spinners/index.js                       1.89 kB │ gzip:   1.00 kB
#26 82.68 @plane/propel:build: ℹ dist/command/index.js                        1.48 kB │ gzip:   0.58 kB
#26 82.69 @plane/propel:build: ℹ dist/switch/index.js                         1.46 kB │ gzip:   0.71 kB
#26 82.69 @plane/propel:build: ℹ dist/input/index.js                          1.42 kB │ gzip:   0.77 kB
#26 82.69 @plane/propel:build: ℹ dist/calendar/index.js                       1.16 kB │ gzip:   0.59 kB
#26 82.69 @plane/propel:build: ℹ dist/skeleton/index.js                       0.92 kB │ gzip:   0.46 kB
#26 82.69 @plane/propel:build: ℹ dist/emoji-icon-picker/index.js              0.71 kB │ gzip:   0.35 kB
#26 82.69 @plane/propel:build: ℹ dist/utils/index.js                          0.25 kB │ gzip:   0.17 kB
#26 82.69 @plane/propel:build: ℹ dist/icon-button/index.js                    0.23 kB │ gzip:   0.17 kB
#26 82.69 @plane/propel:build: ℹ dist/button/index.js                         0.21 kB │ gzip:   0.16 kB
#26 82.69 @plane/propel:build: ℹ dist/card/index.js                           0.20 kB │ gzip:   0.15 kB
#26 82.69 @plane/propel:build: ℹ dist/animated-counter/index.js               0.20 kB │ gzip:   0.15 kB
#26 82.69 @plane/propel:build: ℹ dist/tooltip/index.js                        0.18 kB │ gzip:   0.14 kB
#26 82.69 @plane/propel:build: ℹ dist/popover/index.js                        0.11 kB │ gzip:   0.10 kB
#26 82.69 @plane/propel:build: ℹ dist/empty-state/index.js.map              859.86 kB │ gzip: 218.29 kB
#26 82.69 @plane/propel:build: ℹ dist/icons-DWzY_Ct4.js.map                 391.68 kB │ gzip: 100.97 kB
#26 82.69 @plane/propel:build: ℹ dist/icons-DWzY_Ct4.js                     309.50 kB │ gzip:  94.69 kB
#26 82.69 @plane/propel:build: ℹ dist/emoji-icon-picker-C-QxDRjq.js.map      58.16 kB │ gzip:  13.25 kB
#26 82.69 @plane/propel:build: ℹ dist/emoji-icon-picker-C-QxDRjq.js          32.67 kB │ gzip:   8.54 kB
#26 82.69 @plane/propel:build: ℹ dist/charts/bar-chart/index.js.map          18.54 kB │ gzip:   5.83 kB
#26 82.69 @plane/propel:build: ℹ dist/index-BUyOAoiw.d.ts.map                17.31 kB │ gzip:   3.08 kB
#26 82.69 @plane/propel:build: ℹ dist/charts/tree-map/index.js.map           16.84 kB │ gzip:   4.95 kB
#26 82.69 @plane/propel:build: ℹ dist/toast/index.js.map                     14.78 kB │ gzip:   4.07 kB
#26 82.69 @plane/propel:build: ℹ dist/charts/pie-chart/index.js.map          10.95 kB │ gzip:   3.47 kB
#26 82.69 @plane/propel:build: ℹ dist/combobox/index.js.map                   9.95 kB │ gzip:   3.34 kB
#26 82.69 @plane/propel:build: ℹ dist/charts/area-chart/index.js.map          9.79 kB │ gzip:   3.31 kB
#26 82.69 @plane/propel:build: ℹ dist/emoji-reaction/index.js.map             9.74 kB │ gzip:   3.24 kB
#26 82.69 @plane/propel:build: ℹ dist/empty-state/index.d.ts.map              9.61 kB │ gzip:   2.39 kB
#26 82.69 @plane/propel:build: ℹ dist/portal/index.js.map                     9.54 kB │ gzip:   3.32 kB
#26 82.69 @plane/propel:build: ℹ dist/menu/index.js.map                       9.53 kB │ gzip:   3.20 kB
#26 82.69 @plane/propel:build: ℹ dist/charts/line-chart/index.js.map          8.10 kB │ gzip:   2.75 kB
#26 82.69 @plane/propel:build: ℹ dist/charts/scatter-chart/index.js.map       7.53 kB │ gzip:   2.53 kB
#26 82.69 @plane/propel:build: ℹ dist/toolbar/index.js.map                    7.21 kB │ gzip:   2.34 kB
#26 82.69 @plane/propel:build: ℹ dist/context-menu/index.js.map               7.16 kB │ gzip:   1.94 kB
#26 82.69 @plane/propel:build: ℹ dist/banner/index.js.map                     6.96 kB │ gzip:   2.58 kB
#26 82.69 @plane/propel:build: ℹ dist/tabs/index.js.map                       6.21 kB │ gzip:   1.86 kB
#26 82.69 @plane/propel:build: ℹ dist/tooltip-2hD27cLV.js.map                 5.98 kB │ gzip:   2.15 kB
#26 82.69 @plane/propel:build: ℹ dist/dialog/index.js.map                     5.75 kB │ gzip:   1.97 kB
#26 82.69 @plane/propel:build: ℹ dist/button-CjcOirFK.js.map                  5.70 kB │ gzip:   1.99 kB
#26 82.69 @plane/propel:build: ℹ dist/avatar/index.js.map                     5.14 kB │ gzip:   1.78 kB
#26 82.69 @plane/propel:build: ℹ dist/charts/radar-chart/index.js.map         4.91 kB │ gzip:   1.89 kB
#26 82.69 @plane/propel:build: ℹ dist/scrollarea/index.js.map                 4.86 kB │ gzip:   1.64 kB
#26 82.69 @plane/propel:build: ℹ dist/icon-button-2BUssuti.js.map             4.86 kB │ gzip:   1.66 kB
#26 82.69 @plane/propel:build: ℹ dist/table/index.js.map                      4.83 kB │ gzip:   1.32 kB
#26 82.69 @plane/propel:build: ℹ dist/popover-CrZ8wRJs.js.map                 4.12 kB │ gzip:   1.50 kB
#26 82.69 @plane/propel:build: ℹ dist/badge/index.js.map                      4.08 kB │ gzip:   1.63 kB
#26 82.69 @plane/propel:build: ℹ dist/animated-counter-CqtqTlrG.js.map        3.95 kB │ gzip:   1.52 kB
#26 82.69 @plane/propel:build: ℹ dist/collapsible/index.js.map                3.95 kB │ gzip:   1.53 kB
#26 82.69 @plane/propel:build: ℹ dist/tooltip-CLEkTCyg.js.map                 3.83 kB │ gzip:   1.57 kB
#26 82.69 @plane/propel:build: ℹ dist/legend-HUzGLN3O.js.map                  3.79 kB │ gzip:   1.65 kB
#26 82.69 @plane/propel:build: ℹ dist/tooltip-2hD27cLV.js                     3.75 kB │ gzip:   1.29 kB
#26 82.69 @plane/propel:build: ℹ dist/accordion/index.js.map                  3.72 kB │ gzip:   1.34 kB
#26 82.69 @plane/propel:build: ℹ dist/pill/index.js.map                       3.46 kB │ gzip:   1.38 kB
#26 82.69 @plane/propel:build: ℹ dist/card-BJ9a4xMU.js.map                    3.43 kB │ gzip:   1.35 kB
#26 82.69 @plane/propel:build: ℹ dist/button-CjcOirFK.js                      3.31 kB │ gzip:   1.22 kB
#26 82.69 @plane/propel:build: ℹ dist/classname-BokbBhj4.js.map               3.14 kB │ gzip:   1.30 kB
#26 82.69 @plane/propel:build: ℹ dist/icon-button-2BUssuti.js                 2.93 kB │ gzip:   1.08 kB
#26 82.69 @plane/propel:build: ℹ dist/circular-bar-spinner-Cp6QEb9r.js.map    2.86 kB │ gzip:   0.97 kB
#26 82.69 @plane/propel:build: ℹ dist/placement-Db9Qu3XD.js.map               2.73 kB │ gzip:   0.82 kB
#26 82.69 @plane/propel:build: ℹ dist/switch/index.js.map                     2.71 kB │ gzip:   1.19 kB
#26 82.69 @plane/propel:build: ℹ dist/tab-navigation/index.js.map             2.65 kB │ gzip:   1.04 kB
#26 82.69 @plane/propel:build: ℹ dist/command/index.js.map                    2.48 kB │ gzip:   0.95 kB
#26 82.69 @plane/propel:build: ℹ dist/spinners/index.js.map                   2.42 kB │ gzip:   1.33 kB
#26 82.69 @plane/propel:build: ℹ dist/input/index.js.map                      2.34 kB │ gzip:   1.11 kB
#26 82.69 @plane/propel:build: ℹ dist/popover-CrZ8wRJs.js                     2.30 kB │ gzip:   0.85 kB
#26 82.69 @plane/propel:build: ℹ dist/animated-counter-CqtqTlrG.js            2.27 kB │ gzip:   0.93 kB
#26 82.69 @plane/propel:build: ℹ dist/card-BJ9a4xMU.js                        2.13 kB │ gzip:   0.90 kB
#26 82.69 @plane/propel:build: ℹ dist/legend-HUzGLN3O.js                      2.08 kB │ gzip:   1.03 kB
#26 82.69 @plane/propel:build: ℹ dist/circular-bar-spinner-Cp6QEb9r.js        2.08 kB │ gzip:   0.60 kB
#26 82.69 @plane/propel:build: ℹ dist/tooltip-CLEkTCyg.js                     2.05 kB │ gzip:   0.96 kB
#26 82.69 @plane/propel:build: ℹ dist/combobox/index.d.ts.map                 1.95 kB │ gzip:   0.65 kB
#26 82.69 @plane/propel:build: ℹ dist/calendar/index.js.map                   1.94 kB │ gzip:   0.92 kB
#26 82.69 @plane/propel:build: ℹ dist/emoji-icon-picker/index.d.ts.map        1.79 kB │ gzip:   0.77 kB
#26 82.69 @plane/propel:build: ℹ dist/emoji-reaction/index.d.ts.map           1.71 kB │ gzip:   0.62 kB
#26 82.69 @plane/propel:build: ℹ dist/skeleton/index.js.map                   1.66 kB │ gzip:   0.82 kB
#26 82.69 @plane/propel:build: ℹ dist/table/index.d.ts.map                    1.61 kB │ gzip:   0.46 kB
#26 82.69 @plane/propel:build: ℹ dist/portal/index.d.ts.map                   1.57 kB │ gzip:   0.64 kB
#26 82.69 @plane/propel:build: ℹ dist/classname-BokbBhj4.js                   1.47 kB │ gzip:   0.74 kB
#26 82.69 @plane/propel:build: ℹ dist/toast/index.d.ts.map                    1.46 kB │ gzip:   0.68 kB
#26 82.69 @plane/propel:build: ℹ dist/tabs/index.d.ts.map                     1.42 kB │ gzip:   0.47 kB
#26 82.69 @plane/propel:build: ℹ dist/accordion/index.d.ts.map                1.28 kB │ gzip:   0.49 kB
#26 82.69 @plane/propel:build: ℹ dist/placement-Db9Qu3XD.js                   1.13 kB │ gzip:   0.36 kB
#26 82.69 @plane/propel:build: ℹ dist/badge/index.d.ts.map                    1.12 kB │ gzip:   0.43 kB
#26 82.69 @plane/propel:build: ℹ dist/dialog/index.d.ts.map                   1.09 kB │ gzip:   0.50 kB
#26 82.69 @plane/propel:build: ℹ dist/menu/index.d.ts.map                     1.09 kB │ gzip:   0.47 kB
#26 82.69 @plane/propel:build: ℹ dist/toolbar/index.d.ts.map                  1.00 kB │ gzip:   0.45 kB
#26 82.69 @plane/propel:build: ℹ dist/pill/index.d.ts.map                     0.99 kB │ gzip:   0.45 kB
#26 82.69 @plane/propel:build: ℹ dist/icon-button/index.d.ts.map              0.96 kB │ gzip:   0.44 kB
#26 82.69 @plane/propel:build: ℹ dist/collapsible/index.d.ts.map              0.95 kB │ gzip:   0.44 kB
#26 82.69 @plane/propel:build: ℹ dist/context-menu/index.d.ts.map             0.94 kB │ gzip:   0.40 kB
#26 82.69 @plane/propel:build: ℹ dist/command/index.d.ts.map                  0.93 kB │ gzip:   0.39 kB
#26 82.69 @plane/propel:build: ℹ dist/helper-aWImP9Gc.d.ts.map                0.76 kB │ gzip:   0.38 kB
#26 82.69 @plane/propel:build: ℹ dist/card/index.d.ts.map                     0.69 kB │ gzip:   0.38 kB
#26 82.69 @plane/propel:build: ℹ dist/skeleton/index.d.ts.map                 0.63 kB │ gzip:   0.31 kB
#26 82.69 @plane/propel:build: ℹ dist/scrollarea/index.d.ts.map               0.60 kB │ gzip:   0.33 kB
#26 82.69 @plane/propel:build: ℹ dist/banner/index.d.ts.map                   0.59 kB │ gzip:   0.31 kB
#26 82.69 @plane/propel:build: ℹ dist/popover/index.d.ts.map                  0.58 kB │ gzip:   0.32 kB
#26 82.69 @plane/propel:build: ℹ dist/spinners/index.d.ts.map                 0.57 kB │ gzip:   0.28 kB
#26 82.69 @plane/propel:build: ℹ dist/button/index.d.ts.map                   0.52 kB │ gzip:   0.24 kB
#26 82.69 @plane/propel:build: ℹ dist/tab-navigation/index.d.ts.map           0.52 kB │ gzip:   0.28 kB
#26 82.69 @plane/propel:build: ℹ dist/placement-qJjmdCXt.d.ts.map             0.49 kB │ gzip:   0.26 kB
#26 82.69 @plane/propel:build: ℹ dist/switch/index.d.ts.map                   0.48 kB │ gzip:   0.25 kB
#26 82.69 @plane/propel:build: ℹ dist/tooltip/index.d.ts.map                  0.40 kB │ gzip:   0.26 kB
#26 82.69 @plane/propel:build: ℹ dist/animated-counter/index.d.ts.map         0.38 kB │ gzip:   0.22 kB
#26 82.69 @plane/propel:build: ℹ dist/input/index.d.ts.map                    0.35 kB │ gzip:   0.21 kB
#26 82.69 @plane/propel:build: ℹ dist/avatar/index.d.ts.map                   0.34 kB │ gzip:   0.22 kB
#26 82.69 @plane/propel:build: ℹ dist/charts/scatter-chart/index.d.ts.map     0.32 kB │ gzip:   0.20 kB
#26 82.69 @plane/propel:build: ℹ dist/charts/bar-chart/index.d.ts.map         0.32 kB │ gzip:   0.20 kB
#26 82.69 @plane/propel:build: ℹ dist/charts/pie-chart/index.d.ts.map         0.32 kB │ gzip:   0.20 kB
#26 82.69 @plane/propel:build: ℹ dist/charts/area-chart/index.d.ts.map        0.31 kB │ gzip:   0.20 kB
#26 82.69 @plane/propel:build: ℹ dist/charts/line-chart/index.d.ts.map        0.31 kB │ gzip:   0.20 kB
#26 82.69 @plane/propel:build: ℹ dist/calendar/index.d.ts.map                 0.29 kB │ gzip:   0.21 kB
#26 82.69 @plane/propel:build: ℹ dist/charts/radar-chart/index.d.ts.map       0.27 kB │ gzip:   0.18 kB
#26 82.69 @plane/propel:build: ℹ dist/charts/tree-map/index.d.ts.map          0.16 kB │ gzip:   0.14 kB
#26 82.69 @plane/propel:build: ℹ dist/utils/index.d.ts.map                    0.14 kB │ gzip:   0.13 kB
#26 82.69 @plane/propel:build: ℹ dist/utils-MPqvUdqq.js                       0.00 kB │ gzip:   0.02 kB
#26 82.69 @plane/propel:build: ℹ dist/empty-state/index.d.ts                 14.64 kB │ gzip:   2.17 kB
#26 82.69 @plane/propel:build: ℹ dist/icons/index.d.ts                        6.31 kB │ gzip:   1.89 kB
#26 82.69 @plane/propel:build: ℹ dist/emoji-icon-picker/index.d.ts            4.15 kB │ gzip:   1.41 kB
#26 82.69 @plane/propel:build: ℹ dist/portal/index.d.ts                       3.97 kB │ gzip:   1.42 kB
#26 82.69 @plane/propel:build: ℹ dist/combobox/index.d.ts                     2.23 kB │ gzip:   0.74 kB
#26 82.69 @plane/propel:build: ℹ dist/emoji-reaction/index.d.ts               2.20 kB │ gzip:   0.67 kB
#26 82.69 @plane/propel:build: ℹ dist/tabs/index.d.ts                         2.03 kB │ gzip:   0.45 kB
#26 82.69 @plane/propel:build: ℹ dist/table/index.d.ts                        1.95 kB │ gzip:   0.37 kB
#26 82.69 @plane/propel:build: ℹ dist/context-menu/index.d.ts                 1.95 kB │ gzip:   0.53 kB
#26 82.69 @plane/propel:build: ℹ dist/menu/index.d.ts                         1.83 kB │ gzip:   0.74 kB
#26 82.69 @plane/propel:build: ℹ dist/toolbar/index.d.ts                      1.80 kB │ gzip:   0.54 kB
#26 82.69 @plane/propel:build: ℹ dist/toast/index.d.ts                        1.79 kB │ gzip:   0.62 kB
#26 82.69 @plane/propel:build: ℹ dist/badge/index.d.ts                        1.61 kB │ gzip:   0.55 kB
#26 82.69 @plane/propel:build: ℹ dist/accordion/index.d.ts                    1.48 kB │ gzip:   0.45 kB
#26 82.69 @plane/propel:build: ℹ dist/dialog/index.d.ts                       1.39 kB │ gzip:   0.52 kB
#26 82.69 @plane/propel:build: ℹ dist/tab-navigation/index.d.ts               1.27 kB │ gzip:   0.47 kB
#26 82.69 @plane/propel:build: ℹ dist/icon-button/index.d.ts                  1.26 kB │ gzip:   0.55 kB
#26 82.69 @plane/propel:build: ℹ dist/banner/index.d.ts                       1.22 kB │ gzip:   0.61 kB
#26 82.69 @plane/propel:build: ℹ dist/avatar/index.d.ts                       1.21 kB │ gzip:   0.53 kB
#26 82.69 @plane/propel:build: ℹ dist/card/index.d.ts                         1.11 kB │ gzip:   0.56 kB
#26 82.69 @plane/propel:build: ℹ dist/pill/index.d.ts                         1.05 kB │ gzip:   0.52 kB
#26 82.69 @plane/propel:build: ℹ dist/button/index.d.ts                       1.05 kB │ gzip:   0.49 kB
#26 82.69 @plane/propel:build: ℹ dist/collapsible/index.d.ts                  0.96 kB │ gzip:   0.39 kB
#26 82.69 @plane/propel:build: ℹ dist/command/index.d.ts                      0.95 kB │ gzip:   0.31 kB
#26 82.69 @plane/propel:build: ℹ dist/scrollarea/index.d.ts                   0.90 kB │ gzip:   0.41 kB
#26 82.69 @plane/propel:build: ℹ dist/popover/index.d.ts                      0.84 kB │ gzip:   0.44 kB
#26 82.69 @plane/propel:build: ℹ dist/spinners/index.d.ts                     0.75 kB │ gzip:   0.30 kB
#26 82.69 @plane/propel:build: ℹ dist/skeleton/index.d.ts                     0.75 kB │ gzip:   0.32 kB
#26 82.69 @plane/propel:build: ℹ dist/tooltip/index.d.ts                      0.68 kB │ gzip:   0.39 kB
#26 82.69 @plane/propel:build: ℹ dist/animated-counter/index.d.ts             0.56 kB │ gzip:   0.36 kB
#26 82.69 @plane/propel:build: ℹ dist/switch/index.d.ts                       0.52 kB │ gzip:   0.31 kB
#26 82.69 @plane/propel:build: ℹ dist/utils/index.d.ts                        0.45 kB │ gzip:   0.28 kB
#26 82.69 @plane/propel:build: ℹ dist/input/index.d.ts                        0.45 kB │ gzip:   0.29 kB
#26 82.69 @plane/propel:build: ℹ dist/calendar/index.d.ts                     0.42 kB │ gzip:   0.28 kB
#26 82.69 @plane/propel:build: ℹ dist/charts/scatter-chart/index.d.ts         0.35 kB │ gzip:   0.24 kB
#26 82.69 @plane/propel:build: ℹ dist/charts/area-chart/index.d.ts            0.33 kB │ gzip:   0.24 kB
#26 82.69 @plane/propel:build: ℹ dist/charts/line-chart/index.d.ts            0.33 kB │ gzip:   0.24 kB
#26 82.69 @plane/propel:build: ℹ dist/charts/bar-chart/index.d.ts             0.33 kB │ gzip:   0.24 kB
#26 82.69 @plane/propel:build: ℹ dist/charts/pie-chart/index.d.ts             0.33 kB │ gzip:   0.23 kB
#26 82.69 @plane/propel:build: ℹ dist/charts/radar-chart/index.d.ts           0.31 kB │ gzip:   0.22 kB
#26 82.69 @plane/propel:build: ℹ dist/charts/tree-map/index.d.ts              0.27 kB │ gzip:   0.19 kB
#26 82.69 @plane/propel:build: ℹ dist/index-BUyOAoiw.d.ts                    35.59 kB │ gzip:   5.29 kB
#26 82.69 @plane/propel:build: ℹ dist/helper-aWImP9Gc.d.ts                    1.03 kB │ gzip:   0.50 kB
#26 82.69 @plane/propel:build: ℹ dist/placement-qJjmdCXt.d.ts                 0.75 kB │ gzip:   0.40 kB
#26 82.69 @plane/propel:build: ℹ 187 files, total: 2971.61 kB
#26 83.14 @plane/propel:build: ✔ Build complete in 20204ms
#26 83.29 @plane/ui:build: cache bypass, force executing 708092d45d519b67
#26 84.90 @plane/ui:build: $ tsdown
#26 85.16 @plane/ui:build: ℹ tsdown v0.16.0 powered by rolldown v1.0.0-beta.46
#26 85.35 @plane/ui:build: ℹ Using tsdown config: /app/packages/ui/tsdown.config.ts
#26 85.38 @plane/ui:build: ℹ entry: src/index.ts
#26 85.38 @plane/ui:build: ℹ tsconfig: tsconfig.json
#26 85.38 @plane/ui:build: ℹ Build start
#26 94.54 @plane/ui:build: ℹ dist/index.js        110.88 kB │ gzip: 22.00 kB
#26 94.54 @plane/ui:build: ℹ dist/index.js.map    204.62 kB │ gzip: 43.58 kB
#26 94.54 @plane/ui:build: ℹ dist/index.d.ts.map   17.64 kB │ gzip:  6.10 kB
#26 94.54 @plane/ui:build: ℹ dist/index.d.ts       25.39 kB │ gzip:  5.51 kB
#26 94.54 @plane/ui:build: ℹ 4 files, total: 358.53 kB
#26 94.55 @plane/ui:build: ✔ Build complete in 9163ms
#26 94.66 @plane/editor:build: cache bypass, force executing e9dd901e93eb1f05
#26 96.09 @plane/editor:build: $ tsc && tsdown
#26 118.3 @plane/editor:build: ℹ tsdown v0.16.0 powered by rolldown v1.0.0-beta.46
#26 118.5 @plane/editor:build: ℹ Using tsdown config: /app/packages/editor/tsdown.config.ts
#26 118.5 @plane/editor:build: ℹ entry: src/index.ts, src/lib.ts
#26 118.5 @plane/editor:build: ℹ tsconfig: tsconfig.json
#26 118.5 @plane/editor:build: ℹ Build start
#26 131.7 @plane/editor:build: ℹ dist/index.js                                       203.73 kB │ gzip: 44.71 kB
#26 131.7 @plane/editor:build: ℹ dist/lib.js                                           2.66 kB │ gzip:  0.84 kB
#26 131.7 @plane/editor:build: ℹ dist/document-collaborative-events-NWWO-tl_.js.map  446.63 kB │ gzip: 93.63 kB
#26 131.7 @plane/editor:build: ℹ dist/index.js.map                                   427.84 kB │ gzip: 94.00 kB
#26 131.7 @plane/editor:build: ℹ dist/document-collaborative-events-NWWO-tl_.js      212.28 kB │ gzip: 45.98 kB
#26 131.7 @plane/editor:build: ℹ dist/yjs-utils-X9TG3ouQ.d.ts.map                     13.68 kB │ gzip:  5.06 kB
#26 131.7 @plane/editor:build: ℹ dist/lib.js.map                                       4.80 kB │ gzip:  1.32 kB
#26 131.7 @plane/editor:build: ℹ dist/index.d.ts.map                                   1.66 kB │ gzip:  0.74 kB
#26 131.7 @plane/editor:build: ℹ dist/lib.d.ts.map                                     0.16 kB │ gzip:  0.14 kB
#26 131.7 @plane/editor:build: ℹ dist/index.d.ts                                       9.15 kB │ gzip:  2.62 kB
#26 131.7 @plane/editor:build: ℹ dist/lib.d.ts                                         2.43 kB │ gzip:  0.79 kB
#26 131.7 @plane/editor:build: ℹ dist/yjs-utils-X9TG3ouQ.d.ts                         32.21 kB │ gzip:  7.99 kB
#26 131.7 @plane/editor:build: ℹ 12 files, total: 1357.22 kB
#26 131.9 @plane/editor:build: ✔ Build complete in 13410ms
#26 132.3 web:build: cache bypass, force executing ad0dacb457d24d5d
#26 133.9 web:build: $ react-router build
#26 136.1 web:build: The plugin "vite-tsconfig-paths" is detected. Vite now supports tsconfig paths resolution natively via the resolve.tsconfigPaths option. You can remove the plugin and set resolve.tsconfigPaths: true in your Vite config instead.
#26 136.2 web:build: The plugin "vite-tsconfig-paths" is detected. Vite now supports tsconfig paths resolution natively via the resolve.tsconfigPaths option. You can remove the plugin and set resolve.tsconfigPaths: true in your Vite config instead.
#26 136.5 web:build: (node:739) [MODULE_TYPELESS_PACKAGE_JSON] Warning: Module type of file:///app/packages/tailwind-config/postcss.config.js is not specified and it doesn't parse as CommonJS.
#26 136.5 web:build: Reparsing as ES module because module syntax was detected. This incurs a performance overhead.
#26 136.5 web:build: To eliminate this warning, add "type": "module" to /app/packages/tailwind-config/package.json.
#26 136.5 web:build: (Use `node --trace-warnings ...` to show where the warning was created)
#26 136.5 web:build: Using Vite Environment API
#26 136.5 web:build: vite v8.0.16 building client environment for production...
#26 202.6 web:build: [2Kweb:build: transforming...✓ 20492 modules transformed.
#26 208.9 web:build: rendering chunks...
#26 215.6 web:build: computing gzip size...
#26 216.0 web:build: build/client/assets/empty_label-BBcxK5kA.svg                                      0.48 kB │ gzip:   0.27 kB
#26 216.0 web:build: build/client/assets/google-logo-r0ky5Kfn.svg                                      0.74 kB │ gzip:   0.43 kB
#26 216.0 web:build: build/client/assets/priority-dark-C68dnEMz.webp                                   1.05 kB
#26 216.0 web:build: build/client/assets/gitlab-logo-BL2xQyij.svg                                      1.06 kB │ gzip:   0.47 kB
#26 216.0 web:build: build/client/assets/progress-dark-CbdQFQls.webp                                   1.09 kB
#26 216.0 web:build: build/client/assets/priority-light-e2bFi4nm.webp                                  1.09 kB
#26 216.0 web:build: build/client/assets/label-dark-DWRrYoNR.webp                                      1.13 kB
#26 216.0 web:build: build/client/assets/chart-light-CmRIfxuB.webp                                     1.15 kB
#26 216.0 web:build: build/client/assets/assignee-light-CrlWz184.webp                                  1.15 kB
#26 216.0 web:build: build/client/assets/progress-light-B_092DlV.webp                                  1.17 kB
#26 216.0 web:build: build/client/assets/chart-dark-DOGbIYyX.webp                                      1.17 kB
#26 216.0 web:build: build/client/assets/label-light-DTeD9Hyj.webp                                     1.18 kB
#26 216.0 web:build: build/client/assets/assignee-dark-GiRfYgU6.webp                                   1.18 kB
#26 216.0 web:build: build/client/assets/empty_members-B48oMgcS.svg                                    1.33 kB │ gzip:   0.58 kB
#26 216.0 web:build: build/client/assets/github-dark-DlyHSwTQ.svg                                      1.45 kB │ gzip:   0.68 kB
#26 216.0 web:build: build/client/assets/gitea-logo-BAYfzmEl.svg                                       2.13 kB │ gzip:   1.04 kB
#26 216.0 web:build: build/client/assets/search-dark-COdu9jyf.webp                                     2.33 kB
#26 216.0 web:build: build/client/assets/search-light-DGwdTDm2.webp                                    2.64 kB
#26 216.0 web:build: build/client/assets/icon-180x180-ArenqHjH.png                                     2.70 kB
#26 216.0 web:build: build/client/assets/issues-light-BIWRd60x.webp                                    2.92 kB
#26 216.0 web:build: build/client/assets/sRGB_IEC61966_2_1-Bmm_5_31.icc                                3.02 kB
#26 216.0 web:build: build/client/assets/issues-dark-BFg8-mvo.webp                                     3.11 kB
#26 216.0 web:build: build/client/assets/all-filters-cM3ayl-R.svg                                      3.25 kB │ gzip:   0.94 kB
#26 216.0 web:build: build/client/assets/tanfold-rebrand-mobile-BgKOEtOx.png                           3.26 kB
#26 216.0 web:build: build/client/assets/name-filter-8JdqNXSU.svg                                      3.33 kB │ gzip:   0.99 kB
#26 216.0 web:build: build/client/assets/KaTeX_Size3-Regular-gV2CO0n9.woff2                            3.62 kB
#26 216.0 web:build: build/client/assets/all-filters-CZ8dpHF_.svg                                      4.33 kB │ gzip:   1.12 kB
#26 216.0 web:build: build/client/assets/name-filter-Ad9b4_qB.svg                                      4.38 kB │ gzip:   1.22 kB
#26 216.0 web:build: build/client/assets/KaTeX_Size3-Regular-CTq5MqoE.woff                             4.42 kB
#26 216.0 web:build: build/client/assets/tenfold-rebrand-logo-CUVs_Cke.png                             4.80 kB
#26 216.0 web:build: build/client/assets/tenfold-rebrand-logo-white-BtwKV0om.png                       4.82 kB
#26 216.0 web:build: build/client/assets/KaTeX_Size4-Regular-Dl5lxZxV.woff2                            4.92 kB
#26 216.0 web:build: build/client/assets/view-DigBccAm.svg                                             5.20 kB │ gzip:   1.97 kB
#26 216.0 web:build: build/client/assets/KaTeX_Size2-Regular-Dy4dx90m.woff2                            5.20 kB
#26 216.0 web:build: build/client/assets/tanfold-rebrand-favicon-Bof-_oO5.png                          5.31 kB
#26 216.0 web:build: build/client/assets/404-DWCFZzXK.svg                                              5.42 kB │ gzip:   1.58 kB
#26 216.0 web:build: build/client/assets/KaTeX_Size1-Regular-mCD8mA8B.woff2                            5.46 kB
#26 216.0 web:build: build/client/assets/ibm-plex-mono-vietnamese-400-normal-DDuiU_S-.woff             5.62 kB
#26 216.0 web:build: build/client/assets/cta-l-1-dark-DfFftJH9.webp                                    5.62 kB
#26 216.0 web:build: build/client/assets/ibm-plex-mono-cyrillic-ext-400-normal-DMdlQ8Kv.woff           5.82 kB
#26 216.0 web:build: build/client/assets/ibm-plex-mono-vietnamese-400-normal-BulugwFq.woff2            5.86 kB
#26 216.0 web:build: build/client/assets/issue-_P4hOm-h.svg                                            5.88 kB │ gzip:   2.12 kB
#26 216.0 web:build: build/client/assets/KaTeX_Size4-Regular-BF-4gkZK.woff                             5.98 kB
#26 216.0 web:build: build/client/assets/default-icon-DCLwKoz2.png                                     6.13 kB
#26 216.0 web:build: build/client/assets/KaTeX_Size2-Regular-oD1tc_U0.woff                             6.18 kB
#26 216.0 web:build: build/client/assets/KaTeX_Size1-Regular-C195tn64.woff                             6.49 kB
#26 216.0 web:build: build/client/assets/html-icon-B8Zw3XA_.png                                        6.66 kB
#26 216.0 web:build: build/client/assets/excel-icon-XoT7M_Jk.png                                       6.70 kB
#26 216.0 web:build: build/client/assets/KaTeX_Caligraphic-Regular-Di6jR-x-.woff2                      6.90 kB
#26 216.0 web:build: build/client/assets/KaTeX_Caligraphic-Bold-Dq_IR9rO.woff2                         6.91 kB
#26 216.0 web:build: build/client/assets/ibm-plex-mono-cyrillic-ext-400-normal-xuaO2J-f.woff2          6.91 kB
#26 216.0 web:build: build/client/assets/ibm-plex-mono-cyrillic-400-normal-CEL4l2ZJ.woff               7.20 kB
#26 216.0 web:build: build/client/assets/zip-icon-Bo1RU1i-.png                                         7.21 kB
#26 216.0 web:build: build/client/assets/KaTeX_Size3-Regular-DgpXs0kz.ttf                              7.58 kB
#26 216.0 web:build: build/client/assets/KaTeX_Caligraphic-Regular-CTRA-rTL.woff                       7.65 kB
#26 216.0 web:build: build/client/assets/KaTeX_Caligraphic-Bold-BEiXGLvX.woff                          7.71 kB
#26 216.0 web:build: build/client/assets/ibm-plex-mono-cyrillic-400-normal-BSMlKf0J.woff2              8.35 kB
#26 216.0 web:build: build/client/assets/cycle-BOcLETEn.svg                                            8.39 kB │ gzip:   3.34 kB
#26 216.0 web:build: build/client/assets/gradient-bg-logo-DJ_Te6tL.webp                                8.59 kB
#26 216.0 web:build: build/client/assets/icon-512x512-CyS1mcXS.png                                     8.70 kB
#26 216.0 web:build: build/client/assets/KaTeX_Script-Regular-D3wIWfF6.woff2                           9.64 kB
#26 216.0 web:build: build/client/assets/csv-icon-DF5Z4ezZ.png                                         9.68 kB
#26 216.0 web:build: build/client/assets/inter-vietnamese-wght-normal-CBcvBZtf.woff2                  10.25 kB
#26 216.0 web:build: build/client/assets/KaTeX_SansSerif-Regular-DDBCnlJ7.woff2                       10.34 kB
#26 216.0 web:build: build/client/assets/KaTeX_Size4-Regular-DWFBv043.ttf                             10.36 kB
#26 216.0 web:build: build/client/assets/audio-icon-CTamvKZ-.png                                      10.36 kB
#26 216.0 web:build: build/client/assets/img-icon-CgV_icRC.png                                        10.44 kB
#26 216.0 web:build: build/client/assets/rar-icon-DUmOzNwT.png                                        10.46 kB
#26 216.0 web:build: build/client/assets/KaTeX_Script-Regular-D5yQViql.woff                           10.58 kB
#26 216.0 web:build: build/client/assets/web-hook-D8eWJ8ey.svg                                        10.68 kB │ gzip:   3.34 kB
#26 216.0 web:build: build/client/assets/js-icon-lKS6TT2t.png                                         10.99 kB
#26 216.0 web:build: build/client/assets/txt-icon-B37rKrBk.png                                        11.14 kB
#26 216.0 web:build: build/client/assets/inter-greek-ext-wght-normal-DlzME5K_.woff2                   11.23 kB
#26 216.0 web:build: build/client/assets/KaTeX_Fraktur-Regular-CTYiF6lA.woff2                         11.31 kB
#26 216.0 web:build: build/client/assets/KaTeX_Fraktur-Bold-CL6g_b3V.woff2                            11.34 kB
#26 216.0 web:build: build/client/assets/KaTeX_Size2-Regular-B7gKUWhC.ttf                             11.50 kB
#26 216.0 web:build: build/client/assets/video-icon-SQHbulO7.png                                      11.67 kB
#26 216.0 web:build: build/client/assets/ibm-plex-mono-latin-ext-400-normal-D3D2R8hC.woff             11.76 kB
#26 216.0 web:build: build/client/assets/KaTeX_SansSerif-Italic-C3H0VqGB.woff2                        12.02 kB
#26 216.0 web:build: build/client/assets/jpg-icon-Dm4NnUNA.png                                        12.08 kB
#26 216.0 web:build: build/client/assets/KaTeX_SansSerif-Bold-D1sUS0GD.woff2                          12.21 kB
#26 216.0 web:build: build/client/assets/KaTeX_Size1-Regular-Dbsnue_I.ttf                             12.22 kB
#26 216.0 web:build: build/client/assets/KaTeX_SansSerif-Regular-CS6fqUqJ.woff                        12.31 kB
#26 216.0 web:build: build/client/assets/KaTeX_Caligraphic-Regular-wX97UBjC.ttf                       12.34 kB
#26 216.0 web:build: build/client/assets/KaTeX_Caligraphic-Bold-ATXxdsX0.ttf                          12.36 kB
#26 216.0 web:build: build/client/assets/png-icon-BXhbUVbw.png                                        12.48 kB
#26 216.0 web:build: build/client/assets/css-icon-CCUROALf.png                                        12.70 kB
#26 216.0 web:build: build/client/assets/svg-icon-Y9fl-1JZ.png                                        12.89 kB
#26 216.0 web:build: build/client/assets/pdf-icon-Bikr7Dsa.png                                        13.03 kB
#26 216.0 web:build: build/client/assets/ibm-plex-mono-latin-400-normal-CvHOgSBP.woff                 13.14 kB
#26 216.0 web:build: build/client/assets/KaTeX_Fraktur-Regular-Dxdc4cR9.woff                          13.20 kB
#26 216.0 web:build: build/client/assets/KaTeX_Fraktur-Bold-BsDP51OF.woff                             13.29 kB
#26 216.0 web:build: build/client/assets/ibm-plex-mono-latin-ext-400-normal-BmRBH3aV.woff2            13.34 kB
#26 216.0 web:build: build/client/assets/KaTeX_Typewriter-Regular-CO6r4hn1.woff2                      13.56 kB
#26 216.0 web:build: build/client/assets/github-black-DmZ70PA_.png                                    14.03 kB
#26 216.0 web:build: build/client/assets/KaTeX_SansSerif-Italic-DN2j7dab.woff                         14.11 kB
#26 216.0 web:build: build/client/assets/KaTeX_SansSerif-Bold-DbIhKOiC.woff                           14.40 kB
#26 216.0 web:build: build/client/assets/module-Bs_xs7Vo.svg                                          14.69 kB │ gzip:   5.89 kB
#26 216.0 web:build: build/client/assets/ibm-plex-mono-latin-400-normal-DMJ8VG8y.woff2                14.70 kB
#26 216.0 web:build: build/client/assets/doc-icon-DRV_ANkm.png                                        15.17 kB
#26 216.0 web:build: build/client/assets/figma-icon-VzEOzwQQ.png                                      15.61 kB
#26 216.0 web:build: build/client/assets/KaTeX_Typewriter-Regular-C0xS9mPB.woff                       16.02 kB
#26 216.0 web:build: build/client/assets/KaTeX_Math-BoldItalic-CZnvNsCZ.woff2                         16.40 kB
#26 216.0 web:build: build/client/assets/KaTeX_Math-Italic-t53AETM-.woff2                             16.44 kB
#26 216.0 web:build: build/client/assets/KaTeX_Script-Regular-C5JkGWo-.ttf                            16.64 kB
#26 216.0 web:build: build/client/assets/KaTeX_Main-BoldItalic-DxDJ3AOS.woff2                         16.78 kB
#26 216.0 web:build: build/client/assets/KaTeX_Main-Italic-NWA7e6Wa.woff2                             16.98 kB
#26 216.0 web:build: build/client/assets/outline-dark-ADkmZ4UD.webp                                   17.99 kB
#26 216.0 web:build: build/client/assets/outline-light-BxGGy3_A.webp                                  18.00 kB
#26 216.0 web:build: build/client/assets/gradient-logo-BKMvbTcN.webp                                  18.20 kB
#26 216.0 web:build: build/client/assets/KaTeX_Math-BoldItalic-iY-2wyZ7.woff                          18.66 kB
#26 216.0 web:build: build/client/assets/KaTeX_Math-Italic-DA0__PXp.woff                              18.74 kB
#26 216.0 web:build: build/client/assets/inter-cyrillic-wght-normal-DqGufNeO.woff2                    18.74 kB
#26 216.0 web:build: build/client/assets/inter-greek-wght-normal-CkhJZR-_.woff2                       18.99 kB
#26 216.0 web:build: build/client/assets/image_6-DYKe1XQu.jpg                                         19.38 kB
#26 216.0 web:build: build/client/assets/KaTeX_Main-BoldItalic-SpSLRI95.woff                          19.41 kB
#26 216.0 web:build: build/client/assets/KaTeX_SansSerif-Regular-BNo7hRIc.ttf                         19.43 kB
#26 216.0 web:build: build/client/assets/KaTeX_Fraktur-Regular-CB_wures.ttf                           19.57 kB
#26 216.0 web:build: build/client/assets/KaTeX_Fraktur-Bold-BdnERNNW.ttf                              19.58 kB
#26 216.0 web:build: build/client/assets/KaTeX_Main-Italic-BMLOBm91.woff                              19.67 kB
#26 216.0 web:build: build/client/assets/assets-dark-5YjnlpDT.webp                                    20.67 kB
#26 216.0 web:build: build/client/assets/assets-light-C8O9_fyp.webp                                   20.95 kB
#26 216.0 web:build: build/client/assets/KaTeX_SansSerif-Italic-YYjJ1zSn.ttf                          22.36 kB
#26 216.0 web:build: build/client/assets/invitation-BEGxAfxj.svg                                      22.65 kB │ gzip:   7.17 kB
#26 216.0 web:build: build/client/assets/image_21-c7xsluba.jpg                                        22.93 kB
#26 216.0 web:build: build/client/assets/unauthorized-C8vOPqGE.svg                                    23.45 kB │ gzip:   7.72 kB
#26 216.0 web:build: build/client/assets/KaTeX_SansSerif-Bold-CFMepnvq.ttf                            24.50 kB
#26 216.0 web:build: build/client/assets/KaTeX_Main-Bold-Cx986IdX.woff2                               25.32 kB
#26 216.0 web:build: build/client/assets/inter-cyrillic-ext-wght-normal-BOeWTOD4.woff2                25.96 kB
#26 216.0 web:build: build/client/assets/KaTeX_Main-Regular-B22Nviop.woff2                            26.27 kB
#26 216.0 web:build: build/client/assets/KaTeX_Typewriter-Regular-D3Ib7_Hf.ttf                        27.55 kB
#26 216.0 web:build: build/client/assets/KaTeX_AMS-Regular-BQhdFMY1.woff2                             28.07 kB
#26 216.0 web:build: build/client/assets/cta-l-1-light-yW_UnzhS.webp                                  28.71 kB
#26 216.0 web:build: build/client/assets/KaTeX_Main-Bold-Jm3AIy58.woff                                29.91 kB
#26 216.0 web:build: build/client/assets/KaTeX_Main-Regular-Dr94JaBh.woff                             30.77 kB
#26 216.0 web:build: build/client/assets/KaTeX_Math-BoldItalic-B3XSjfu4.ttf                           31.19 kB
#26 216.0 web:build: build/client/assets/image_12-Bt4XfBD3.jpg                                        31.27 kB
#26 216.0 web:build: build/client/assets/KaTeX_Math-Italic-flOr_0UB.ttf                               31.30 kB
#26 216.0 web:build: build/client/assets/maintenance-mode-light-Dqp39OMJ.svg                          31.93 kB │ gzip:  10.16 kB
#26 216.0 web:build: build/client/assets/maintenance-mode-dark-DAfHd5vC.svg                           32.01 kB │ gzip:  10.16 kB
#26 216.0 web:build: build/client/assets/KaTeX_Main-BoldItalic-DzxPMmG6.ttf                           32.96 kB
#26 216.0 web:build: build/client/assets/KaTeX_AMS-Regular-DMm9YOAa.woff                              33.51 kB
#26 216.0 web:build: build/client/assets/KaTeX_Main-Italic-3WenGoN9.ttf                               33.58 kB
#26 216.0 web:build: build/client/assets/project-not-authorized-ovAWpO6z.svg                          34.24 kB │ gzip:  13.44 kB
#26 216.0 web:build: build/client/assets/widgets-dark-DFt3ZYTd.webp                                   34.69 kB
#26 216.0 web:build: build/client/assets/widgets-light-DpOo900c.webp                                  34.70 kB
#26 216.0 web:build: build/client/assets/workspace-not-authorized-CJ0YsYpX.svg                        36.96 kB │ gzip:  14.60 kB
#26 216.0 web:build: build/client/assets/image_23-3daIXVWa.jpg                                        37.09 kB
#26 216.0 web:build: build/client/assets/scribble-white-BUZ6Mev7.svg                                  39.66 kB │ gzip:  15.32 kB
#26 216.0 web:build: build/client/assets/scribble-black-CTNTXY5m.svg                                  39.68 kB │ gzip:  15.43 kB
#26 216.0 web:build: build/client/assets/image_13-2tKqdk9L.jpg                                        45.41 kB
#26 216.0 web:build: build/client/assets/inter-latin-wght-normal-Dx4kXJAl.woff2                       48.25 kB
#26 216.0 web:build: build/client/assets/KaTeX_Main-Bold-waoOVXN0.ttf                                 51.33 kB
#26 216.0 web:build: build/client/assets/KaTeX_Main-Regular-ypZvNtVU.ttf                              53.58 kB
#26 216.0 web:build: build/client/assets/views-dark-B2o-OLZi.webp                                     55.06 kB
#26 216.0 web:build: build/client/assets/views-light-2SyZy5_1.webp                                    55.70 kB
#26 216.0 web:build: build/client/assets/image_17-fngcXhhl.jpg                                        57.38 kB
#26 216.0 web:build: build/client/assets/image_28-C6Wkd2EQ.jpg                                        59.22 kB
#26 216.0 web:build: build/client/assets/cta-r-1-dark-BPFgrvDw.webp                                   59.46 kB
#26 216.0 web:build: build/client/assets/KaTeX_AMS-Regular-DRggAlZN.ttf                               63.63 kB
#26 216.0 web:build: build/client/assets/modules-dark-Bs9zHyrm.webp                                   64.29 kB
#26 216.0 web:build: build/client/assets/cta-r-1-light-CEOos_Hz.webp                                  64.31 kB
#26 216.0 web:build: build/client/assets/cycles-light-D7BOyLeS.webp                                   67.31 kB
#26 216.0 web:build: build/client/assets/modules-light-BcusJU7z.webp                                  67.54 kB
#26 216.0 web:build: build/client/assets/stickies-search-dark-kYw_qUF6.webp                           69.82 kB
#26 216.0 web:build: build/client/assets/active-dark-CPRUckpm.webp                                    70.15 kB
#26 216.0 web:build: build/client/assets/active-light-CG6vuz-R.webp                                   70.40 kB
#26 216.0 web:build: build/client/assets/stickies-search-light-DumO42X3.webp                          70.49 kB
#26 216.0 web:build: build/client/assets/og-image-DL-1GVBU.png                                        71.42 kB
#26 216.0 web:build: build/client/assets/image_7-ID2wQUdP.jpg                                         71.73 kB
#26 216.0 web:build: build/client/assets/cycles-dark-DwlqnDFx.webp                                    72.32 kB
#26 216.0 web:build: build/client/assets/image_8-DWH0LRz9.jpg                                         72.47 kB
#26 216.0 web:build: build/client/assets/pages-light-yTb_RZKg.webp                                    74.94 kB
#26 216.0 web:build: build/client/assets/image_3-tJsmKOeq.jpg                                         76.28 kB
#26 216.0 web:build: build/client/assets/image_10-DgxArbnE.jpg                                        77.70 kB
#26 216.0 web:build: build/client/assets/intake-dark-1GQ1y4Uo.webp                                    83.50 kB
#26 216.0 web:build: build/client/assets/pages-dark-DyGOgXct.webp                                     83.86 kB
#26 216.0 web:build: build/client/assets/image_15-BQTqAD9N.jpg                                        84.06 kB
#26 216.0 web:build: build/client/assets/inter-latin-ext-wght-normal-DO1Apj_S.woff2                   85.06 kB
#26 216.0 web:build: build/client/assets/image_27-m4Hk3VFG.jpg                                        86.27 kB
#26 216.0 web:build: build/client/assets/intake-light-CaWFdYOX.webp                                   87.12 kB
#26 216.0 web:build: build/client/assets/image_25-DCnSCXip.jpg                                        90.95 kB
#26 216.0 web:build: build/client/assets/image_24-C0ZJ8wGE.jpg                                        98.97 kB
#26 216.0 web:build: build/client/assets/user-NRT4fUDj.png                                            99.26 kB
#26 216.0 web:build: build/client/assets/image_18-kCAZcZ9O.jpg                                       100.01 kB
#26 216.0 web:build: build/client/assets/image_4-BIaW7dFO.jpg                                        101.51 kB
#26 216.0 web:build: build/client/assets/stickies-dark-B-BwEG7q.webp                                 120.53 kB
#26 216.0 web:build: build/client/assets/stickies-light-BWmpY4nc.webp                                122.00 kB
#26 216.0 web:build: build/client/assets/image_19-BNDOXf3L.jpg                                       126.25 kB
#26 216.0 web:build: build/client/assets/image_2-Cbu4qct1.jpg                                        150.63 kB
#26 216.0 web:build: build/client/assets/image_22-DPrjCdTt.jpg                                       151.52 kB
#26 216.0 web:build: build/client/assets/image_26-C3h6Us29.jpg                                       157.02 kB
#26 216.0 web:build: build/client/assets/image_11-DJCGEHgn.jpg                                       163.44 kB
#26 216.0 web:build: build/client/assets/image_16-CIImVKJN.jpg                                       165.31 kB
#26 216.0 web:build: build/client/assets/image_5-BMCrXMZF.jpg                                        170.46 kB
#26 216.0 web:build: build/client/assets/tenfold-clipart-005-BHzdy2W8.png                            182.10 kB
#26 216.0 web:build: build/client/assets/image_14-BGta73kB.jpg                                       186.91 kB
#26 216.0 web:build: build/client/assets/workspace-creation-disabled-COW2Nsd3.png                    191.45 kB
#26 216.0 web:build: build/client/assets/workspace-not-available-CAI6ornV.png                        192.99 kB
#26 216.0 web:build: build/client/assets/cta-r-2-dark-CayXl429.webp                                  207.31 kB
#26 216.0 web:build: build/client/assets/tenfold-clipart-006-CH7Ghq3R.png                            220.13 kB
#26 216.0 web:build: build/client/assets/tenfold-clipart-001-CGaZsrol.png                            221.25 kB
#26 216.0 web:build: build/client/assets/image_9-B2leaWem.jpg                                        221.58 kB
#26 216.0 web:build: build/client/assets/image_29-cesF6ww3.jpg                                       224.20 kB
#26 216.0 web:build: build/client/assets/no-projects-light-C2xLMww0.png                              261.33 kB
#26 216.0 web:build: build/client/assets/image_1-8ncaj2f5.jpg                                        274.08 kB
#26 216.0 web:build: build/client/assets/tenfold-clipart-003a-qCFJ-j14.png                           275.85 kB
#26 216.0 web:build: build/client/assets/no-projects-dark-HYUMxCf0.png                               299.44 kB
#26 216.0 web:build: build/client/assets/tenfold-clipart-002-B42sTEsy.png                            319.01 kB
#26 216.0 web:build: build/client/assets/tenfold-clipart-007-BxsG9189.png                            336.46 kB
#26 216.0 web:build: build/client/assets/regular-BpskOkD5.ttf                                        342.68 kB
#26 216.0 web:build: build/client/assets/thin-BQGyXcpw.ttf                                           343.08 kB
#26 216.0 web:build: build/client/assets/medium-BtfNrkJj.ttf                                         343.20 kB
#26 216.0 web:build: build/client/assets/ultralight-DE8yOi_r.ttf                                     343.53 kB
#26 216.0 web:build: build/client/assets/light-DbzEu6wT.ttf                                          343.70 kB
#26 216.0 web:build: build/client/assets/semibold-C9_sHzqi.ttf                                       343.82 kB
#26 216.0 web:build: build/client/assets/bold-Du8giq-C.ttf                                           344.15 kB
#26 216.0 web:build: build/client/assets/heavy-lPV88BO8.ttf                                          344.82 kB
#26 216.0 web:build: build/client/assets/ultrabold-LoA67B-f.ttf                                      345.00 kB
#26 216.0 web:build: build/client/assets/material-symbols-rounded-latin-400-normal-BVRwnNJJ.woff2    348.77 kB
#26 216.0 web:build: build/client/assets/tenfold-clipart-004a-CBq8k8A7.png                           350.88 kB
#26 216.0 web:build: build/client/assets/material-symbols-rounded-latin-100-normal-StOoOijZ.woff2    363.56 kB
#26 216.0 web:build: build/client/assets/material-symbols-rounded-latin-300-normal-CGYRw1-j.woff2    388.05 kB
#26 216.0 web:build: build/client/assets/image_20-CBIxs7Xv.jpg                                       388.46 kB
#26 216.0 web:build: build/client/assets/material-symbols-rounded-latin-200-normal-Dy_97ylg.woff2    389.09 kB
#26 216.0 web:build: build/client/assets/cta-r-2-light-B-31RqhG.webp                                 392.12 kB
#26 216.0 web:build: build/client/assets/material-symbols-rounded-latin-400-normal-3TtrvaAx.woff     454.56 kB
#26 216.0 web:build: build/client/assets/material-symbols-rounded-latin-100-normal-CyR9BGN8.woff     485.69 kB
#26 216.0 web:build: build/client/assets/material-symbols-rounded-latin-300-normal-CexQLkYr.woff     506.70 kB
#26 216.0 web:build: build/client/assets/material-symbols-rounded-latin-200-normal-B9_93z2O.woff     507.90 kB
#26 216.0 web:build: build/client/.vite/manifest.json                                                657.23 kB │ gzip:  62.86 kB
#26 216.0 web:build: build/client/assets/AppProgressBar-D_Zs2VgL.css                                   2.34 kB │ gzip:   0.66 kB
#26 216.0 web:build: build/client/assets/root-CzK3JmXp.css                                             4.86 kB │ gzip:   0.92 kB
#26 216.0 web:build: build/client/assets/katex-Chd8lJKL.css                                           24.02 kB │ gzip:   3.96 kB
#26 216.0 web:build: build/client/assets/globals-9vPDuFWq.css                                        422.14 kB │ gzip:  61.94 kB
#26 216.0 web:build: build/client/assets/noop-mXPS5vjY.js                                              0.02 kB │ gzip:   0.04 kB
#26 216.0 web:build: build/client/assets/rich-text-CWv91aVW.js                                         0.02 kB │ gzip:   0.04 kB
#26 216.0 web:build: build/client/assets/popover-Dc_JY0jW.js                                           0.04 kB │ gzip:   0.06 kB
#26 216.0 web:build: build/client/assets/feature-visibility-DXAICdmv.js                                0.04 kB │ gzip:   0.05 kB
#26 216.0 web:build: build/client/assets/page-BSE2eXOg.js                                              0.06 kB │ gzip:   0.07 kB
#26 216.0 web:build: build/client/assets/page-VD81BvN-.js                                              0.06 kB │ gzip:   0.07 kB
#26 216.0 web:build: build/client/assets/use-app-router-BZ_4JLLK.js                                    0.06 kB │ gzip:   0.08 kB
#26 216.0 web:build: build/client/assets/mermaid-VLURNSYL-DCyqVcr8.js                                  0.07 kB │ gzip:   0.08 kB
#26 216.0 web:build: build/client/assets/icons-D6ZXXvdM.js                                             0.07 kB │ gzip:   0.08 kB
#26 216.0 web:build: build/client/assets/button-ByFKmWOW.js                                            0.07 kB │ gzip:   0.09 kB
#26 216.0 web:build: build/client/assets/useBaseUiId-C_U7tg7F.js                                       0.08 kB │ gzip:   0.10 kB
#26 216.0 web:build: build/client/assets/login-client-loader-C51CwS6u.js                               0.09 kB │ gzip:   0.10 kB
#26 216.0 web:build: build/client/assets/sign-in-client-loader-C51CwS6u.js                             0.09 kB │ gzip:   0.10 kB
#26 216.0 web:build: build/client/assets/signin-client-loader-C51CwS6u.js                              0.09 kB │ gzip:   0.10 kB
#26 216.0 web:build: build/client/assets/issues-light-BC4HoCDJ.js                                      0.09 kB │ gzip:   0.09 kB
#26 216.0 web:build: build/client/assets/accounts-signup-client-loader-xWEKSQnX.js                     0.09 kB │ gzip:   0.11 kB
#26 216.0 web:build: build/client/assets/accounts-signup-main-lPGSGToX.js                              0.09 kB │ gzip:   0.11 kB
#26 216.0 web:build: build/client/assets/analytics-main-lPGSGToX.js                                    0.09 kB │ gzip:   0.11 kB
#26 216.0 web:build: build/client/assets/api-tokens-main-lPGSGToX.js                                   0.09 kB │ gzip:   0.11 kB
#26 216.0 web:build: build/client/assets/inbox-main-lPGSGToX.js                                        0.09 kB │ gzip:   0.11 kB
#26 216.0 web:build: build/client/assets/login-main-lPGSGToX.js                                        0.09 kB │ gzip:   0.11 kB
#26 216.0 web:build: build/client/assets/profile-settings-main-lPGSGToX.js                             0.09 kB │ gzip:   0.11 kB
#26 216.0 web:build: build/client/assets/project-settings-main-lPGSGToX.js                             0.09 kB │ gzip:   0.11 kB
#26 216.0 web:build: build/client/assets/register-client-loader-xWEKSQnX.js                            0.09 kB │ gzip:   0.11 kB
#26 216.0 web:build: build/client/assets/register-main-lPGSGToX.js                                     0.09 kB │ gzip:   0.11 kB
#26 216.0 web:build: build/client/assets/sign-in-main-lPGSGToX.js                                      0.09 kB │ gzip:   0.11 kB
#26 216.0 web:build: build/client/assets/signin-main-lPGSGToX.js                                       0.09 kB │ gzip:   0.11 kB
#26 216.0 web:build: build/client/assets/workspace-account-settings-main-lPGSGToX.js                   0.09 kB │ gzip:   0.11 kB
#26 216.0 web:build: build/client/assets/channel-JH_XcATr.js                                           0.11 kB │ gzip:   0.12 kB
#26 216.0 web:build: build/client/assets/maintenance-mode-light-BmDKMAL-.js                            0.11 kB │ gzip:   0.10 kB
#26 216.0 web:build: build/client/assets/api-tokens-client-loader-C1hNtfAy.js                          0.11 kB │ gzip:   0.13 kB
#26 216.0 web:build: build/client/assets/utils-DZWqaKBe.js                                             0.11 kB │ gzip:   0.11 kB
#26 216.0 web:build: build/client/assets/pie-WAS4IAKB-BC4927wn.js                                      0.12 kB │ gzip:   0.12 kB
#26 216.0 web:build: build/client/assets/info-A6RAGUB7-CsUHndYq.js                                     0.12 kB │ gzip:   0.12 kB
#26 216.0 web:build: build/client/assets/radar-RG4KPBEZ-e9apK7rT.js                                    0.12 kB │ gzip:   0.12 kB
#26 216.0 web:build: build/client/assets/packet-AYTQ26CC-BKYEdiKl.js                                   0.12 kB │ gzip:   0.12 kB
#26 216.0 web:build: build/client/assets/cynefin-OW5HDTMX-CFa17g1E.js                                  0.12 kB │ gzip:   0.13 kB
#26 216.0 web:build: build/client/assets/startOfMonth-S5NKPkSc.js                                      0.12 kB │ gzip:   0.12 kB
#26 216.0 web:build: build/client/assets/treemap-WGGIJYW6-BZ8aoWIt.js                                  0.12 kB │ gzip:   0.13 kB
#26 216.0 web:build: build/client/assets/wardley-WFR3VGLG-KeD1fAY7.js                                  0.12 kB │ gzip:   0.13 kB
#26 216.0 web:build: build/client/assets/gitGraph-4MIJSDKK-Kg6Ije_r.js                                 0.12 kB │ gzip:   0.13 kB
#26 216.0 web:build: build/client/assets/railroad-74A4TZTK-B2H0d1tH.js                                 0.12 kB │ gzip:   0.13 kB
#26 216.0 web:build: build/client/assets/treeView-Q6P3EWNA-IT4ELC2L.js                                 0.12 kB │ gzip:   0.13 kB
#26 216.0 web:build: build/client/assets/railroad-peg-WCYAUIDC-DFQgBXFU.js                             0.13 kB │ gzip:   0.13 kB
#26 216.0 web:build: build/client/assets/architecture-7GRP2DOG-BFuQ8XLt.js                             0.13 kB │ gzip:   0.13 kB
#26 216.0 web:build: build/client/assets/railroad-abnf-HS5TGJTU-nTLCETGn.js                            0.13 kB │ gzip:   0.13 kB
#26 216.0 web:build: build/client/assets/railroad-ebnf-LZEXJU2U-BGZ5cckd.js                            0.13 kB │ gzip:   0.13 kB
#26 216.0 web:build: build/client/assets/eventmodeling-NTZA5JFV-B43X0APo.js                            0.13 kB │ gzip:   0.13 kB
#26 216.0 web:build: build/client/assets/analytics-client-loader-CN6VNZTs.js                           0.14 kB │ gzip:   0.15 kB
#26 216.0 web:build: build/client/assets/module-CBmDK-r8.js                                            0.15 kB │ gzip:   0.14 kB
#26 216.0 web:build: build/client/assets/module-CqkBiNVo.js                                            0.15 kB │ gzip:   0.12 kB
#26 216.0 web:build: build/client/assets/module-DHnxYUVF.js                                            0.15 kB │ gzip:   0.14 kB
#26 216.0 web:build: build/client/assets/module-CvIFK8hH.js                                            0.15 kB │ gzip:   0.13 kB
#26 216.0 web:build: build/client/assets/chunk-Y2CYZVJY-DsF7k-Jl.js                                    0.15 kB │ gzip:   0.14 kB
#26 216.0 web:build: build/client/assets/module-B-SuAtWZ.js                                            0.15 kB │ gzip:   0.13 kB
#26 216.0 web:build: build/client/assets/module-Cch3xccA.js                                            0.15 kB │ gzip:   0.13 kB
#26 216.0 web:build: build/client/assets/module-BB6BeQ68.js                                            0.15 kB │ gzip:   0.14 kB
#26 216.0 web:build: build/client/assets/module-CuXx-xao.js                                            0.15 kB │ gzip:   0.13 kB
#26 216.0 web:build: build/client/assets/module-BNvGDGhS.js                                            0.16 kB │ gzip:   0.14 kB
#26 216.0 web:build: build/client/assets/circle-minus-EhcvTF52.js                                      0.16 kB │ gzip:   0.15 kB
#26 216.0 web:build: build/client/assets/inbox-client-loader-BoM7ZM3R.js                               0.16 kB │ gzip:   0.16 kB
#26 216.0 web:build: build/client/assets/module-cHoMoKfV.js                                            0.16 kB │ gzip:   0.13 kB
#26 216.0 web:build: build/client/assets/useRegisteredLabelId-3A3RikFD.js                              0.16 kB │ gzip:   0.16 kB
#26 216.0 web:build: build/client/assets/module-B18kWWd5.js                                            0.16 kB │ gzip:   0.14 kB
#26 216.0 web:build: build/client/assets/module-Bcix-__k.js                                            0.16 kB │ gzip:   0.14 kB
#26 216.0 web:build: build/client/assets/triangle-CmIE6M3F.js                                          0.16 kB │ gzip:   0.16 kB
#26 216.0 web:build: build/client/assets/module-DdInhj06.js                                            0.17 kB │ gzip:   0.14 kB
#26 216.0 web:build: build/client/assets/module-ZoQofTpt.js                                            0.17 kB │ gzip:   0.14 kB
#26 216.0 web:build: build/client/assets/module-CLBRp3xt.js                                            0.17 kB │ gzip:   0.15 kB
#26 216.0 web:build: build/client/assets/module-DwXKbgcy.js                                            0.17 kB │ gzip:   0.15 kB
#26 216.0 web:build: build/client/assets/module-CUaw4_9p.js                                            0.19 kB │ gzip:   0.16 kB
#26 216.0 web:build: build/client/assets/chunk-2Q5K7J3B-C1jixKkw.js                                    0.19 kB │ gzip:   0.16 kB
#26 216.0 web:build: build/client/assets/project-settings-client-loader-QVAfTyz0.js                    0.19 kB │ gzip:   0.18 kB
#26 216.0 web:build: build/client/assets/module-CSM4Xl7u.js                                            0.19 kB │ gzip:   0.15 kB
#26 216.0 web:build: build/client/assets/visuallyHidden-CrYY0HH5.js                                    0.19 kB │ gzip:   0.16 kB
#26 216.0 web:build: build/client/assets/profile-settings-client-loader-CPWXHqwM.js                    0.19 kB │ gzip:   0.18 kB
#26 216.0 web:build: build/client/assets/workspace-account-settings-client-loader-CPWXHqwM.js          0.19 kB │ gzip:   0.18 kB
#26 216.0 web:build: build/client/assets/layout--5fx15nZ.js                                            0.20 kB │ gzip:   0.17 kB
#26 216.0 web:build: build/client/assets/page-D0Xv4TOW.js                                              0.20 kB │ gzip:   0.16 kB
#26 216.0 web:build: build/client/assets/page-DjdIOhDI.js                                              0.20 kB │ gzip:   0.16 kB
#26 216.0 web:build: build/client/assets/layout-CF8SdLVu.js                                            0.20 kB │ gzip:   0.18 kB
#26 216.0 web:build: build/client/assets/module-D3Tjczhe.js                                            0.20 kB │ gzip:   0.16 kB
#26 216.0 web:build: build/client/assets/use-debounce-DO59IlOX.js                                      0.20 kB │ gzip:   0.17 kB
#26 216.0 web:build: build/client/assets/module-CRES8QCi.js                                            0.21 kB │ gzip:   0.17 kB
#26 216.0 web:build: build/client/assets/layout-CI7yOz_s.js                                            0.21 kB │ gzip:   0.18 kB
#26 216.0 web:build: build/client/assets/layout-CsLcaya9.js                                            0.21 kB │ gzip:   0.18 kB
#26 216.0 web:build: build/client/assets/page-CHIJzO7K.js                                              0.21 kB │ gzip:   0.17 kB
#26 216.0 web:build: build/client/assets/layout-DItcU2K2.js                                            0.22 kB │ gzip:   0.19 kB
#26 216.0 web:build: build/client/assets/layout-CCA4k0xO.js                                            0.22 kB │ gzip:   0.19 kB
#26 216.0 web:build: build/client/assets/layout-CWZV6d64.js                                            0.22 kB │ gzip:   0.19 kB
#26 216.0 web:build: build/client/assets/chunk-JWPE2WC7-DVXcaiue.js                                    0.22 kB │ gzip:   0.17 kB
#26 216.0 web:build: build/client/assets/layout-a97FNuMa.js                                            0.22 kB │ gzip:   0.18 kB
#26 216.0 web:build: build/client/assets/menu-D0842Rz7.js                                              0.23 kB │ gzip:   0.16 kB
#26 216.0 web:build: build/client/assets/page-title-DndTR95_.js                                        0.23 kB │ gzip:   0.20 kB
#26 216.0 web:build: build/client/assets/use-current-time-a9VRNjVW.js                                  0.23 kB │ gzip:   0.18 kB
#26 216.0 web:build: build/client/assets/use-timer-DI2Xo2Lu.js                                         0.23 kB │ gzip:   0.19 kB
#26 216.0 web:build: build/client/assets/page-BIt_JfjC.js                                              0.23 kB │ gzip:   0.19 kB
#26 216.0 web:build: build/client/assets/DirectionContext-BOLGn-2P.js                                  0.23 kB │ gzip:   0.20 kB
#26 216.0 web:build: build/client/assets/circle-alert-BGDpneRW.js                                      0.23 kB │ gzip:   0.18 kB
#26 216.0 web:build: build/client/assets/layout-ChG6Qu1B.js                                            0.24 kB │ gzip:   0.18 kB
#26 216.0 web:build: build/client/assets/use-label-92hX-xXk.js                                         0.24 kB │ gzip:   0.20 kB
#26 216.0 web:build: build/client/assets/use-platform-os-ToyVFevK.js                                   0.24 kB │ gzip:   0.19 kB
#26 216.0 web:build: build/client/assets/use-app-theme-Bcmh0pi2.js                                     0.24 kB │ gzip:   0.20 kB
#26 216.0 web:build: build/client/assets/use-instance-B7n6Tt1n.js                                      0.25 kB │ gzip:   0.20 kB
#26 216.0 web:build: build/client/assets/use-member-DytHRiZW.js                                        0.25 kB │ gzip:   0.21 kB
#26 216.0 web:build: build/client/assets/use-favorite-DBJ08gW0.js                                      0.25 kB │ gzip:   0.21 kB
#26 216.0 web:build: build/client/assets/use-project-state-DzWhMLZg.js                                 0.25 kB │ gzip:   0.21 kB
#26 216.0 web:build: build/client/assets/use-cycle-filter-BgnCDYXk.js                                  0.25 kB │ gzip:   0.20 kB
#26 216.0 web:build: build/client/assets/use-project-view-DpMSegWQ.js                                  0.25 kB │ gzip:   0.21 kB
#26 216.0 web:build: build/client/assets/use-workspace-C_cHHGX4.js                                     0.25 kB │ gzip:   0.21 kB
#26 216.0 web:build: build/client/assets/layout-Bbb1KEuH.js                                            0.25 kB │ gzip:   0.21 kB
#26 216.0 web:build: build/client/assets/use-project-inbox-BW2e-grh.js                                 0.25 kB │ gzip:   0.21 kB
#26 216.0 web:build: build/client/assets/eraser-W5GPIXfs.js                                            0.25 kB │ gzip:   0.21 kB
#26 216.0 web:build: build/client/assets/use-project-pbig7WjY.js                                       0.26 kB │ gzip:   0.21 kB
#26 216.0 web:build: build/client/assets/chunk-XXDRQBXY-C87K8CNC.js                                    0.26 kB │ gzip:   0.22 kB
#26 216.0 web:build: build/client/assets/use-command-palette-BRbrRX_t.js                               0.26 kB │ gzip:   0.21 kB
#26 216.0 web:build: build/client/assets/link-u7a_Efkn.js                                              0.26 kB │ gzip:   0.20 kB
#26 216.0 web:build: build/client/assets/use-work-item-filters-CCtfBAcb.js                             0.26 kB │ gzip:   0.21 kB
#26 216.0 web:build: build/client/assets/default-layout-CSZcv6av.js                                    0.27 kB │ gzip:   0.21 kB
#26 216.0 web:build: build/client/assets/use-project-filter-DSTYLdhi.js                                0.27 kB │ gzip:   0.22 kB
#26 216.0 web:build: build/client/assets/use-intersection-observer-BTzYGjbD.js                         0.28 kB │ gzip:   0.23 kB
#26 216.0 web:build: build/client/assets/use-keypress-B8Fmplqc.js                                      0.30 kB │ gzip:   0.22 kB
#26 216.0 web:build: build/client/assets/use-dropdown-key-down-5xvQXi1L.js                             0.30 kB │ gzip:   0.24 kB
#26 216.0 web:build: build/client/assets/chunk-CLGD4ZFX-iEEENGEX.js                                    0.32 kB │ gzip:   0.25 kB
#26 216.0 web:build: build/client/assets/use-window-size-BmJQVK6_.js                                   0.32 kB │ gzip:   0.21 kB
#26 216.0 web:build: build/client/assets/common-OlFoeLNP.js                                            0.32 kB │ gzip:   0.23 kB
#26 216.0 web:build: build/client/assets/layout-DI2FYb3v.js                                            0.32 kB │ gzip:   0.24 kB
#26 216.0 web:build: build/client/assets/content-wrapper-CueAb99R.js                                   0.33 kB │ gzip:   0.21 kB
#26 216.0 web:build: build/client/assets/use-issue-detail-5u2X3lnG.js                                  0.34 kB │ gzip:   0.25 kB
#26 216.0 web:build: build/client/assets/minus-outline-BSlyjtER.js                                     0.34 kB │ gzip:   0.27 kB
#26 216.0 web:build: build/client/assets/count-chip-DNMHbgEb.js                                        0.35 kB │ gzip:   0.26 kB
#26 216.0 web:build: build/client/assets/chunk-5VM5RSS4-ZNzvKenW.js                                    0.36 kB │ gzip:   0.27 kB
#26 216.0 web:build: build/client/assets/init-Cs1-1e_z.js                                              0.36 kB │ gzip:   0.17 kB
#26 216.0 web:build: build/client/assets/use-module-DNU5x8Ni.js                                        0.37 kB │ gzip:   0.22 kB
#26 216.0 web:build: build/client/assets/project-network-icon-Dz3OVd77.js                              0.38 kB │ gzip:   0.27 kB
#26 216.0 web:build: build/client/assets/chevron-down-outline--z2hUWZQ.js                              0.38 kB │ gzip:   0.29 kB
#26 216.0 web:build: build/client/assets/chevron-left-outline-BjhSuIZn.js                              0.39 kB │ gzip:   0.29 kB
#26 216.0 web:build: build/client/assets/chevron-up-outline-DB_1A31r.js                                0.39 kB │ gzip:   0.29 kB
#26 216.0 web:build: build/client/assets/tick-outline-MVlKFTkU.js                                      0.40 kB │ gzip:   0.30 kB
#26 216.0 web:build: build/client/assets/shadowDom-TNVW3ped.js                                         0.40 kB │ gzip:   0.27 kB
#26 216.0 web:build: build/client/assets/layout-DnvPM2EA.js                                            0.40 kB │ gzip:   0.28 kB
#26 216.0 web:build: build/client/assets/chevron-right-outline-DXRDwCd_.js                             0.41 kB │ gzip:   0.29 kB
#26 216.0 web:build: build/client/assets/page-client-loader-DfkU2CKa.js                                0.41 kB │ gzip:   0.30 kB
#26 216.0 web:build: build/client/assets/layout-4CQGNIAl.js                                            0.42 kB │ gzip:   0.27 kB
#26 216.0 web:build: build/client/assets/layout-CMz7WjDZ.js                                            0.42 kB │ gzip:   0.27 kB
#26 216.0 web:build: build/client/assets/layout-CpRTobV3.js                                            0.42 kB │ gzip:   0.27 kB
#26 216.0 web:build: build/client/assets/jsx-runtime-CsebpYib.js                                       0.42 kB │ gzip:   0.30 kB
#26 216.0 web:build: build/client/assets/sidebar-toggle-button-Me2fuAcq.js                             0.42 kB │ gzip:   0.29 kB
#26 216.0 web:build: build/client/assets/arrow-narrow-left-outline-CoiG6Crp.js                         0.42 kB │ gzip:   0.31 kB
#26 216.0 web:build: build/client/assets/add-outline-D5-aPz64.js                                       0.43 kB │ gzip:   0.30 kB
#26 216.0 web:build: build/client/assets/upgrade-badge-BNBaMHt5.js                                     0.43 kB │ gzip:   0.30 kB
#26 216.0 web:build: build/client/assets/globe-DUjjeAsL.js                                             0.43 kB │ gzip:   0.28 kB
#26 216.0 web:build: build/client/assets/layout-97ff76y1.js                                            0.43 kB │ gzip:   0.27 kB
#26 216.0 web:build: build/client/assets/layout-BLwG700-.js                                            0.43 kB │ gzip:   0.27 kB
#26 216.0 web:build: build/client/assets/filter-outline-BLs1n8oJ.js                                    0.44 kB │ gzip:   0.28 kB
#26 216.0 web:build: build/client/assets/arrow-narrow-right-outline-D9_BA9ZE.js                        0.45 kB │ gzip:   0.31 kB
#26 216.0 web:build: build/client/assets/top-arrow-outline-DVgPyfPM.js                                 0.45 kB │ gzip:   0.32 kB
#26 216.0 web:build: build/client/assets/notifications-BWCBvneB.js                                     0.45 kB │ gzip:   0.26 kB
#26 216.0 web:build: build/client/assets/search-outline-9Yl36Y6V.js                                    0.45 kB │ gzip:   0.33 kB
#26 216.0 web:build: build/client/assets/close-outline-BuouqItR.js                                     0.46 kB │ gzip:   0.33 kB
#26 216.0 web:build: build/client/assets/close-outline-D16giIxf.js                                     0.46 kB │ gzip:   0.33 kB
#26 216.0 web:build: build/client/assets/logo-spinner-7CzQlLmW.js                                      0.46 kB │ gzip:   0.32 kB
#26 216.0 web:build: build/client/assets/page-8orlXwZP.js                                              0.47 kB │ gzip:   0.29 kB
#26 216.0 web:build: build/client/assets/export-outline-Cn6xTEwx.js                                    0.48 kB │ gzip:   0.32 kB
#26 216.0 web:build: build/client/assets/cycles-outline-0m2K03oK.js                                    0.49 kB │ gzip:   0.34 kB
#26 216.0 web:build: build/client/assets/clock-outline-B5tGD_r4.js                                     0.50 kB │ gzip:   0.35 kB
#26 216.0 web:build: build/client/assets/page-CWJz2JLu.js                                              0.51 kB │ gzip:   0.31 kB
#26 216.0 web:build: build/client/assets/tick-circle-outline-DpbIl1cI.js                               0.51 kB │ gzip:   0.34 kB
#26 216.0 web:build: build/client/assets/state-outline-BHosN_Yy.js                                     0.51 kB │ gzip:   0.34 kB
#26 216.0 web:build: build/client/assets/heading-C2WFaGZ-.js                                           0.52 kB │ gzip:   0.30 kB
#26 216.0 web:build: build/client/assets/info-outline-D1WVlrYH.js                                      0.52 kB │ gzip:   0.35 kB
#26 216.0 web:build: build/client/assets/warning-circle-outline-Bu19BM02.js                            0.53 kB │ gzip:   0.35 kB
#26 216.0 web:build: build/client/assets/codeowners-C8r90Shi.js                                        0.54 kB │ gzip:   0.31 kB
#26 216.0 web:build: build/client/assets/control-item-Buf_XKnP.js                                      0.54 kB │ gzip:   0.31 kB
#26 216.0 web:build: build/client/assets/useTimeout-CKB_sRym.js                                        0.54 kB │ gzip:   0.31 kB
#26 216.0 web:build: build/client/assets/layout-40EeUnBy.js                                            0.54 kB │ gzip:   0.37 kB
#26 216.0 web:build: build/client/assets/arrow-collapse-outline-8x2LrfoW.js                            0.55 kB │ gzip:   0.35 kB
#26 216.0 web:build: build/client/assets/plus-circle-outline-CNCd_ted.js                               0.55 kB │ gzip:   0.36 kB
#26 216.0 web:build: build/client/assets/circle-dashed-BFclvT3e.js                                     0.56 kB │ gzip:   0.28 kB
#26 216.0 web:build: build/client/assets/header-DbyHx2jP.js                                            0.57 kB │ gzip:   0.29 kB
#26 216.0 web:build: build/client/assets/navigation-BqCLVay2.js                                        0.57 kB │ gzip:   0.33 kB
#26 216.0 web:build: build/client/assets/navigation-DsEcaPnM.js                                        0.57 kB │ gzip:   0.44 kB
#26 216.0 web:build: build/client/assets/chunk-POPQ4Y6H-CVcviUD_.js                                    0.57 kB │ gzip:   0.40 kB
#26 216.0 web:build: build/client/assets/navigation-ClIMaUBq.js                                        0.58 kB │ gzip:   0.36 kB
#26 216.0 web:build: build/client/assets/store-DpE8Z9df.js                                             0.58 kB │ gzip:   0.35 kB
#26 216.0 web:build: build/client/assets/navigation-s6a8rjUD.js                                        0.58 kB │ gzip:   0.45 kB
#26 216.0 web:build: build/client/assets/close-circle-outline-DvRKw7wk.js                              0.59 kB │ gzip:   0.37 kB
#26 216.0 web:build: build/client/assets/navigation-DUAfbkEx.js                                        0.59 kB │ gzip:   0.35 kB
#26 216.0 web:build: build/client/assets/attach-outline-BX_GY1dz.js                                    0.59 kB │ gzip:   0.38 kB
#26 216.0 web:build: build/client/assets/navigation-DT5O4Z06.js                                        0.60 kB │ gzip:   0.40 kB
#26 216.0 web:build: build/client/assets/flowDiagram-HODETNUW-CcFruZuq.js                              0.61 kB │ gzip:   0.32 kB
#26 216.0 web:build: build/client/assets/navigation-DtYXdE2H.js                                        0.61 kB │ gzip:   0.38 kB
#26 216.0 web:build: build/client/assets/sort-descending-outline-DxRm6iZk.js                           0.61 kB │ gzip:   0.35 kB
#26 216.0 web:build: build/client/assets/idle-task-Bq64-0cO.js                                         0.61 kB │ gzip:   0.29 kB
#26 216.0 web:build: build/client/assets/logo-DZIQL_25.js                                              0.61 kB │ gzip:   0.42 kB
#26 216.0 web:build: build/client/assets/history-outline-BXzBXWB5.js                                   0.62 kB │ gzip:   0.40 kB
#26 216.0 web:build: build/client/assets/navigation-BZYqrf-W.js                                        0.62 kB │ gzip:   0.42 kB
#26 216.0 web:build: build/client/assets/estimates-C33uRKeM.js                                         0.62 kB │ gzip:   0.30 kB
#26 216.0 web:build: build/client/assets/heading-Cy6rvG1m.js                                           0.62 kB │ gzip:   0.34 kB
#26 216.0 web:build: build/client/assets/navigation-Du-1i_qK.js                                        0.62 kB │ gzip:   0.43 kB
#26 216.0 web:build: build/client/assets/stale-asset-error-D1NDWPum.js                                 0.62 kB │ gzip:   0.40 kB
#26 216.0 web:build: build/client/assets/navigation-DWVC0oVz.js                                        0.62 kB │ gzip:   0.39 kB
#26 216.0 web:build: build/client/assets/page-z6_bdy3-.js                                              0.62 kB │ gzip:   0.39 kB
#26 216.0 web:build: build/client/assets/navigation-C7YqBTdQ.js                                        0.63 kB │ gzip:   0.43 kB
#26 216.0 web:build: build/client/assets/navigation-DfwLdwcN.js                                        0.63 kB │ gzip:   0.43 kB
#26 216.0 web:build: build/client/assets/table-2-DEFJgAKe.js                                           0.63 kB │ gzip:   0.37 kB
#26 216.0 web:build: build/client/assets/navigation-B8IM1-1L.js                                        0.64 kB │ gzip:   0.42 kB
#26 216.0 web:build: build/client/assets/navigation-D2aoAdRE.js                                        0.64 kB │ gzip:   0.39 kB
#26 216.0 web:build: build/client/assets/navigation-BSXINBHD.js                                        0.64 kB │ gzip:   0.47 kB
#26 216.0 web:build: build/client/assets/dist-Btb1DefK.js                                              0.64 kB │ gzip:   0.39 kB
#26 216.0 web:build: build/client/assets/navigation-lWodteL8.js                                        0.64 kB │ gzip:   0.41 kB
#26 216.0 web:build: build/client/assets/layout-Cwp4VVzP.js                                            0.65 kB │ gzip:   0.34 kB
#26 216.0 web:build: build/client/assets/boxed-control-item-C8gNrL-X.js                                0.65 kB │ gzip:   0.37 kB
#26 216.0 web:build: build/client/assets/infoDiagram-27XIBGKW-FBabkT2n.js                              0.65 kB │ gzip:   0.42 kB
#26 216.0 web:build: build/client/assets/layout--a7Gh0f3.js                                            0.65 kB │ gzip:   0.34 kB
#26 216.0 web:build: build/client/assets/useValueChanged-BTGMFUe6.js                                   0.66 kB │ gzip:   0.42 kB
#26 216.0 web:build: build/client/assets/user-BbtaudsJ.js                                              0.67 kB │ gzip:   0.26 kB
#26 216.0 web:build: build/client/assets/switcher-label-CGRx2Peq.js                                    0.68 kB │ gzip:   0.41 kB
#26 216.0 web:build: build/client/assets/use-issue-peek-overview-redirection-C_rrF1zh.js               0.69 kB │ gzip:   0.42 kB
#26 216.0 web:build: build/client/assets/classname-BokbBhj4-NeaFK4vA.js                                0.69 kB │ gzip:   0.41 kB
#26 216.0 web:build: build/client/assets/user-outline-fznkQjue.js                                      0.69 kB │ gzip:   0.44 kB
#26 216.0 web:build: build/client/assets/defineProperty-BbfpZ9Tg.js                                    0.70 kB │ gzip:   0.39 kB
#26 216.0 web:build: build/client/assets/navigation-q8E9nnQX.js                                        0.70 kB │ gzip:   0.49 kB
#26 216.0 web:build: build/client/assets/placement-Db9Qu3XD-9fOd2hDl.js                                0.70 kB │ gzip:   0.22 kB
#26 216.0 web:build: build/client/assets/page-v1NGV2NH.js                                              0.71 kB │ gzip:   0.42 kB
#26 216.0 web:build: build/client/assets/shellsession-CNqoud9i.js                                      0.71 kB │ gzip:   0.43 kB
#26 216.0 web:build: build/client/assets/page-Clr_3Ya9.js                                              0.71 kB │ gzip:   0.43 kB
#26 216.0 web:build: build/client/assets/sort-ascending-outline-CO_0gwtJ.js                            0.72 kB │ gzip:   0.39 kB
#26 216.0 web:build: build/client/assets/tsv-sltzmVWM.js                                               0.73 kB │ gzip:   0.33 kB
#26 216.0 web:build: build/client/assets/navigation-97ZehB03.js                                        0.74 kB │ gzip:   0.52 kB
#26 216.0 web:build: build/client/assets/preferences-outline-DgzOOJb0.js                               0.74 kB │ gzip:   0.37 kB
#26 216.0 web:build: build/client/assets/store-wrapper-DRR2zAJA.js                                     0.76 kB │ gzip:   0.46 kB
#26 216.0 web:build: build/client/assets/user-plus-outline-twsOjSmR.js                                 0.76 kB │ gzip:   0.44 kB
#26 216.0 web:build: build/client/assets/globe-outline-DAsB_YeN.js                                     0.76 kB │ gzip:   0.41 kB
#26 216.0 web:build: build/client/assets/use-local-storage-BwDeE-2I.js                                 0.76 kB │ gzip:   0.37 kB
#26 216.0 web:build: build/client/assets/use-reload-confirmation-DWcfMHkn.js                           0.77 kB │ gzip:   0.45 kB
#26 216.0 web:build: build/client/assets/more-horizontal-outline-DVOAXGV5.js                           0.77 kB │ gzip:   0.38 kB
#26 216.0 web:build: build/client/assets/more-vertical-outline-DMTeQLHl.js                             0.77 kB │ gzip:   0.33 kB
#26 216.0 web:build: build/client/assets/text-outline-71YmKtHI.js                                      0.77 kB │ gzip:   0.46 kB
#26 216.0 web:build: build/client/assets/use-workspace-issue-properties-Bg_F4uk-.js                    0.77 kB │ gzip:   0.32 kB
#26 216.0 web:build: build/client/assets/classDiagram-ZZMXUADV-BqnUndvK.js                             0.78 kB │ gzip:   0.45 kB
#26 216.0 web:build: build/client/assets/classDiagram-v2-VYDZK3BY-BqnUndvK.js                          0.78 kB │ gzip:   0.45 kB
#26 216.0 web:build: build/client/assets/simple-empty-state-root-BfIAbufB.js                           0.78 kB │ gzip:   0.44 kB
#26 216.0 web:build: build/client/assets/stateDiagram-v2-MP3YSRHH-BIWf8_B-.js                          0.78 kB │ gzip:   0.45 kB
#26 216.0 web:build: build/client/assets/navigation-Dx9tK-qf.js                                        0.79 kB │ gzip:   0.51 kB
#26 216.0 web:build: build/client/assets/view-list-loader-CGvpRLHd.js                                  0.79 kB │ gzip:   0.34 kB
#26 216.0 web:build: build/client/assets/refresh-outline-BN8NOQH1.js                                   0.79 kB │ gzip:   0.48 kB
#26 216.0 web:build: build/client/assets/item-D0YFTWE1.js                                              0.81 kB │ gzip:   0.47 kB
#26 216.0 web:build: build/client/assets/shim-GXWFP1xC.js                                              0.82 kB │ gzip:   0.44 kB
#26 216.0 web:build: build/client/assets/navigation-CQ5CgCod.js                                        0.83 kB │ gzip:   0.52 kB
#26 216.0 web:build: build/client/assets/use-timeline-chart-CyaDZfug.js                                0.83 kB │ gzip:   0.40 kB
#26 216.0 web:build: build/client/assets/edit-outline-CktuMefr.js                                      0.83 kB │ gzip:   0.52 kB
#26 216.0 web:build: build/client/assets/layout-XoLHVSit.js                                            0.84 kB │ gzip:   0.43 kB
#26 216.0 web:build: build/client/assets/html-derivative-XVVVELDI.js                                   0.84 kB │ gzip:   0.45 kB
#26 216.0 web:build: build/client/assets/swimlanesDiagram-VR7AAH4N-Dmx4ZuSb.js                         0.87 kB │ gzip:   0.49 kB
#26 216.0 web:build: build/client/assets/sizeCapture-INFHLROL-B0uUizjq.js                              0.87 kB │ gzip:   0.51 kB
#26 216.0 web:build: build/client/assets/loading-outline-BMo4GRfN.js                                   0.87 kB │ gzip:   0.45 kB
#26 216.0 web:build: build/client/assets/empty-state-DrqeXBrN.js                                       0.88 kB │ gzip:   0.48 kB
#26 216.0 web:build: build/client/assets/card-BJ9a4xMU-C4FHw9XG.js                                     0.90 kB │ gzip:   0.55 kB
#26 216.0 web:build: build/client/assets/with-selector-DJ_pIAnD.js                                     0.90 kB │ gzip:   0.51 kB
#26 216.0 web:build: build/client/assets/page-header-UwnYMwCy.js                                       0.90 kB │ gzip:   0.48 kB
#26 216.0 web:build: build/client/assets/your-work-outline-Ds6czjaK.js                                 0.91 kB │ gzip:   0.52 kB
#26 216.0 web:build: build/client/assets/layout-CBaa1LsG.js                                            0.91 kB │ gzip:   0.47 kB
#26 216.0 web:build: build/client/assets/views-outline-CnLNesc7.js                                     0.92 kB │ gzip:   0.48 kB
#26 216.0 web:build: build/client/assets/feature-control-item-CwyUTrw8.js                              0.93 kB │ gzip:   0.55 kB
#26 216.0 web:build: build/client/assets/intake-outline-DYPSZVvS.js                                    0.93 kB │ gzip:   0.57 kB
#26 216.0 web:build: build/client/assets/not-authorized-view-CVJ71kw7.js                               0.94 kB │ gzip:   0.56 kB
#26 216.0 web:build: build/client/assets/app-header-LMS7c9zO.js                                        0.94 kB │ gzip:   0.52 kB
#26 216.0 web:build: build/client/assets/cycle-DeWIh6z9.js                                             0.94 kB │ gzip:   0.39 kB
#26 216.0 web:build: build/client/assets/delete-view-modal-CyrppvTc.js                                 0.95 kB │ gzip:   0.58 kB
#26 216.0 web:build: build/client/assets/estimate-outline-md1UPQY6.js                                  0.95 kB │ gzip:   0.58 kB
#26 216.0 web:build: build/client/assets/timezone-select-Ber8Mxef.js                                   0.96 kB │ gzip:   0.55 kB
#26 216.0 web:build: build/client/assets/object-assign-CSu7rNLz.js                                     0.97 kB │ gzip:   0.55 kB
#26 216.0 web:build: build/client/assets/cycle-B5PS1b5t.js                                             0.97 kB │ gzip:   0.33 kB
#26 216.0 web:build: build/client/assets/auth-banner-DOCPF6f_.js                                       0.98 kB │ gzip:   0.52 kB
#26 216.0 web:build: build/client/assets/quick-action-_evKPPdu.js                                      0.98 kB │ gzip:   0.54 kB
#26 216.0 web:build: build/client/assets/navigation-BOup1Hr4.js                                        0.98 kB │ gzip:   0.50 kB
#26 216.0 web:build: build/client/assets/git-rebase-ByXPFkFV.js                                        0.98 kB │ gzip:   0.44 kB
#26 216.0 web:build: build/client/assets/page-main-DDNfytVf.js                                         0.99 kB │ gzip:   0.52 kB
#26 216.0 web:build: build/client/assets/qmldir-DCQb3MpD.js                                            0.99 kB │ gzip:   0.44 kB
#26 216.0 web:build: build/client/assets/cycle-dvriEX0g.js                                             0.99 kB │ gzip:   0.48 kB
#26 216.0 web:build: build/client/assets/archives-DFc2pLB6.js                                          1.00 kB │ gzip:   0.59 kB
#26 216.0 web:build: build/client/assets/cycle-DxkYXGor.js                                             1.01 kB │ gzip:   0.44 kB
#26 216.0 web:build: build/client/assets/cycle-D5t8Y-7W.js                                             1.02 kB │ gzip:   0.46 kB
#26 216.0 web:build: build/client/assets/download-outline-DHZCeI5D.js                                  1.02 kB │ gzip:   0.57 kB
#26 216.0 web:build: build/client/assets/cycle-CfQe845I.js                                             1.02 kB │ gzip:   0.46 kB
#26 216.0 web:build: build/client/assets/share-alt-outline-HW16WbzL.js                                 1.03 kB │ gzip:   0.57 kB
#26 216.0 web:build: build/client/assets/log-out-outline-BKurlDIA.js                                   1.04 kB │ gzip:   0.58 kB
#26 216.0 web:build: build/client/assets/set-custom-native-drag-preview-BnopT1_z.js                    1.04 kB │ gzip:   0.59 kB
#26 216.0 web:build: build/client/assets/avatar-group-overflow-B4M-OZso.js                             1.05 kB │ gzip:   0.58 kB
#26 216.0 web:build: build/client/assets/drafts-outline-DdNLh8C8.js                                    1.06 kB │ gzip:   0.63 kB
#26 216.0 web:build: build/client/assets/accessibility-D4EXqEnb.js                                     1.07 kB │ gzip:   0.43 kB
#26 216.0 web:build: build/client/assets/warning-triangle-outline-C1cA1fGu.js                          1.08 kB │ gzip:   0.64 kB
#26 216.0 web:build: build/client/assets/unsubscribe-outline-CoNhCP6k.js                               1.09 kB │ gzip:   0.64 kB
#26 216.0 web:build: build/client/assets/page-C2HLB2Rn.js                                              1.09 kB │ gzip:   0.59 kB
#26 216.0 web:build: build/client/assets/accessibility-BQcIZjYx.js                                     1.09 kB │ gzip:   0.47 kB
#26 216.0 web:build: build/client/assets/cycle-CyvzUTW7.js                                             1.10 kB │ gzip:   0.41 kB
#26 216.0 web:build: build/client/assets/accessibility-B8UHxxw1.js                                     1.10 kB │ gzip:   0.57 kB
#26 216.0 web:build: build/client/assets/accessibility-BLUhcc8y.js                                     1.11 kB │ gzip:   0.58 kB
#26 216.0 web:build: build/client/assets/cycle-DiwsS6oM.js                                             1.11 kB │ gzip:   0.39 kB
#26 216.0 web:build: build/client/assets/delete-outline-BSIgHtLI.js                                    1.12 kB │ gzip:   0.64 kB
#26 216.0 web:build: build/client/assets/cycle-DF493Btw.js                                             1.12 kB │ gzip:   0.49 kB
#26 216.0 web:build: build/client/assets/update-C8w1XOVM.js                                            1.13 kB │ gzip:   0.48 kB
#26 216.0 web:build: build/client/assets/cycle-D7vs53Oo.js                                             1.13 kB │ gzip:   0.42 kB
#26 216.0 web:build: build/client/assets/update-CjAZ4z4G.js                                            1.13 kB │ gzip:   0.48 kB
#26 216.0 web:build: build/client/assets/csv-Dx-8-gkx.js                                               1.13 kB │ gzip:   0.36 kB
#26 216.0 web:build: build/client/assets/legal-page-layout-UT6JwmIA.js                                 1.13 kB │ gzip:   0.51 kB
#26 216.0 web:build: build/client/assets/subscribe-outline-vw6uutfb.js                                 1.14 kB │ gzip:   0.66 kB
#26 216.0 web:build: build/client/assets/cycle-DrVqS3NR.js                                             1.14 kB │ gzip:   0.37 kB
#26 216.0 web:build: build/client/assets/project-WAwcP2vy.js                                           1.15 kB │ gzip:   0.67 kB
#26 216.0 web:build: build/client/assets/cycle-BLCWoNiO.js                                             1.15 kB │ gzip:   0.37 kB
#26 216.0 web:build: build/client/assets/cycle-B2ZyR9pF.js                                             1.16 kB │ gzip:   0.41 kB
#26 216.0 web:build: build/client/assets/accessibility-NhUQVmjG.js                                     1.17 kB │ gzip:   0.50 kB
#26 216.0 web:build: build/client/assets/cycle-LxEDU9lI.js                                             1.17 kB │ gzip:   0.46 kB
#26 216.0 web:build: build/client/assets/ordinal-BeZAVUpG.js                                           1.18 kB │ gzip:   0.56 kB
#26 216.0 web:build: build/client/assets/notification-B9m_tc1v.js                                      1.19 kB │ gzip:   0.59 kB
#26 216.0 web:build: build/client/assets/drag-drop-outline-D2c544WI.js                                 1.19 kB │ gzip:   0.45 kB
#26 216.0 web:build: build/client/assets/preload-helper-zJ_50EbN.js                                    1.19 kB │ gzip:   0.68 kB
#26 216.0 web:build: build/client/assets/accessibility-DgBZYeJ0.js                                     1.19 kB │ gzip:   0.51 kB
#26 216.0 web:build: build/client/assets/notification-C7-pa3Tg.js                                      1.19 kB │ gzip:   0.49 kB
#26 216.0 web:build: build/client/assets/use-timezone-Ce-1-_ut.js                                      1.19 kB │ gzip:   0.67 kB
#26 216.0 web:build: build/client/assets/accessibility-ipHRSZbw.js                                     1.21 kB │ gzip:   0.54 kB
#26 216.0 web:build: build/client/assets/notification-B7BA7R9W.js                                      1.21 kB │ gzip:   0.59 kB
#26 216.0 web:build: build/client/assets/work-items-outline-xl6dZOuk.js                                1.21 kB │ gzip:   0.60 kB
#26 216.0 web:build: build/client/assets/notification-jgmydpsu.js                                      1.22 kB │ gzip:   0.61 kB
#26 216.0 web:build: build/client/assets/accessibility-D-Mt4Scb.js                                     1.22 kB │ gzip:   0.59 kB
#26 216.0 web:build: build/client/assets/show-outline-CyNcZfcU.js                                      1.22 kB │ gzip:   0.69 kB
#26 216.0 web:build: build/client/assets/git-commit-BSykSTBG.js                                        1.22 kB │ gzip:   0.52 kB
#26 216.0 web:build: build/client/assets/accessibility-CnzUlPkz.js                                     1.23 kB │ gzip:   0.59 kB
#26 216.0 web:build: build/client/assets/cycle-d_QSGM59.js                                             1.23 kB │ gzip:   0.43 kB
#26 216.0 web:build: build/client/assets/notification-CBArI57Q.js                                      1.23 kB │ gzip:   0.59 kB
#26 216.0 web:build: build/client/assets/accessibility-Cr2PD2yM.js                                     1.24 kB │ gzip:   0.52 kB
#26 216.0 web:build: build/client/assets/cycle-CMLNxEac.js                                             1.25 kB │ gzip:   0.48 kB
#26 216.0 web:build: build/client/assets/accessibility-BQmUWERD.js                                     1.25 kB │ gzip:   0.53 kB
#26 216.0 web:build: build/client/assets/accessibility-CzmFrBCk.js                                     1.26 kB │ gzip:   0.56 kB
#26 216.0 web:build: build/client/assets/notification-Dxoprgql.js                                      1.26 kB │ gzip:   0.57 kB
#26 216.0 web:build: build/client/assets/members-outline-aNP6KWOE.js                                   1.26 kB │ gzip:   0.67 kB
#26 216.0 web:build: build/client/assets/notification-CxnFVmWu.js                                      1.27 kB │ gzip:   0.63 kB
#26 216.0 web:build: build/client/assets/accessibility-CR_KmoJP.js                                     1.28 kB │ gzip:   0.54 kB
#26 216.0 web:build: build/client/assets/spreadsheet.service-zlOOR5Gj.js                               1.28 kB │ gzip:   0.46 kB
#26 216.0 web:build: build/client/assets/accessibility-CNFqTqc1.js                                     1.28 kB │ gzip:   0.56 kB
#26 216.0 web:build: build/client/assets/accessibility-DCWBpQfM.js                                     1.28 kB │ gzip:   0.57 kB
#26 216.0 web:build: build/client/assets/not-found-BG10JiIF.js                                         1.29 kB │ gzip:   0.67 kB
#26 216.0 web:build: build/client/assets/modal-sdwNJfQ8.js                                             1.29 kB │ gzip:   0.66 kB
#26 216.0 web:build: build/client/assets/cycle-Br4_kFbg.js                                             1.30 kB │ gzip:   0.49 kB
#26 216.0 web:build: build/client/assets/new-tab-outline-BO0CqHkA.js                                   1.31 kB │ gzip:   0.72 kB
#26 216.0 web:build: build/client/assets/update-Bs0CYcQG.js                                            1.31 kB │ gzip:   0.42 kB
#26 216.0 web:build: build/client/assets/update-CSsa5wh_.js                                            1.31 kB │ gzip:   0.42 kB
#26 216.0 web:build: build/client/assets/accessibility-DrP5yOuM.js                                     1.32 kB │ gzip:   0.55 kB
#26 216.0 web:build: build/client/assets/notification-Cf_dwYO-.js                                      1.32 kB │ gzip:   0.56 kB
#26 216.0 web:build: build/client/assets/breadcrumb-link-Bs8q1Y7C.js                                   1.33 kB │ gzip:   0.65 kB
#26 216.0 web:build: build/client/assets/page-DkmIVVIo.js                                              1.34 kB │ gzip:   0.72 kB
#26 216.0 web:build: build/client/assets/update-iA32HFHc.js                                            1.34 kB │ gzip:   0.42 kB
#26 216.0 web:build: build/client/assets/notification-Cc0LF_0s.js                                      1.36 kB │ gzip:   0.59 kB
#26 216.0 web:build: build/client/assets/xsl-BfYUpXHD.js                                               1.36 kB │ gzip:   0.50 kB
#26 216.0 web:build: build/client/assets/editor-BtBD3QcU.js                                            1.36 kB │ gzip:   0.71 kB
#26 216.0 web:build: build/client/assets/editor-C8d3c6f1.js                                            1.36 kB │ gzip:   0.88 kB
#26 216.0 web:build: build/client/assets/stickies-ClHcN2yG.js                                          1.36 kB │ gzip:   0.61 kB
#26 216.0 web:build: build/client/assets/notification-D-HP9dIZ.js                                      1.37 kB │ gzip:   0.60 kB
#26 216.0 web:build: build/client/assets/editor-Dz__fgJl.js                                            1.37 kB │ gzip:   0.88 kB
#26 216.0 web:build: build/client/assets/hide-outline-vFiOAjLQ.js                                      1.37 kB │ gzip:   0.79 kB
#26 216.0 web:build: build/client/assets/item-icon-T9QxD4UX.js                                         1.38 kB │ gzip:   0.76 kB
#26 216.0 web:build: build/client/assets/right-side-pane-outline-0uanZKjy.js                           1.38 kB │ gzip:   0.71 kB
#26 216.0 web:build: build/client/assets/left-side-pane-outline-OrvzV43x.js                            1.38 kB │ gzip:   0.72 kB
#26 216.0 web:build: build/client/assets/layout-BVeD00zL2.js                                           1.38 kB │ gzip:   0.62 kB
#26 216.0 web:build: build/client/assets/notification-DV3pkMeg.js                                      1.38 kB │ gzip:   0.58 kB
#26 216.0 web:build: build/client/assets/layout-C99PDsVd2.js                                           1.39 kB │ gzip:   0.69 kB
#26 216.0 web:build: build/client/assets/stickies-BOopgToa.js                                          1.40 kB │ gzip:   0.64 kB
#26 216.0 web:build: build/client/assets/notification-C2NymONr.js                                      1.40 kB │ gzip:   0.54 kB
#26 216.0 web:build: build/client/assets/stickies-BD412TOZ.js                                          1.40 kB │ gzip:   0.62 kB
#26 216.0 web:build: build/client/assets/editor-CjJvmzeg.js                                            1.41 kB │ gzip:   0.71 kB
#26 216.0 web:build: build/client/assets/editor-D55xgWbP.js                                            1.41 kB │ gzip:   0.71 kB
#26 216.0 web:build: build/client/assets/dotenv-_5a1GRtc.js                                            1.41 kB │ gzip:   0.52 kB
#26 216.0 web:build: build/client/assets/chunk-GVQU2GXP-DWazOrsj.js                                    1.41 kB │ gzip:   0.79 kB
#26 216.0 web:build: build/client/assets/update-CnPj348P.js                                            1.42 kB │ gzip:   0.49 kB
#26 216.0 web:build: build/client/assets/notification-B_rPo2wZ.js                                      1.43 kB │ gzip:   0.58 kB
#26 216.0 web:build: build/client/assets/stickies-DLZST_b8.js                                          1.43 kB │ gzip:   0.75 kB
#26 216.0 web:build: build/client/assets/lock-outline-Bhcw13TW.js                                      1.43 kB │ gzip:   0.76 kB
#26 216.0 web:build: build/client/assets/update-Dd9QvDnX.js                                            1.44 kB │ gzip:   0.49 kB
#26 216.0 web:build: build/client/assets/update-LhyR9QJh.js                                            1.44 kB │ gzip:   0.47 kB
#26 216.0 web:build: build/client/assets/update-BfrENPvc.js                                            1.44 kB │ gzip:   0.47 kB
#26 216.0 web:build: build/client/assets/update-C6IA3k25.js                                            1.45 kB │ gzip:   0.47 kB
#26 216.0 web:build: build/client/assets/stickies-EYuu1GDb.js                                          1.45 kB │ gzip:   0.74 kB
#26 216.0 web:build: build/client/assets/cycle-DR2rymXL.js                                             1.45 kB │ gzip:   0.59 kB
#26 216.0 web:build: build/client/assets/stickies-DHGGcv1S.js                                          1.45 kB │ gzip:   0.61 kB
#26 216.0 web:build: build/client/assets/notification-SbuGAHCn.js                                      1.46 kB │ gzip:   0.61 kB
#26 216.0 web:build: build/client/assets/sparql-D_iOobhT.js                                            1.47 kB │ gzip:   0.81 kB
#26 216.0 web:build: build/client/assets/update-DmPqVTRS.js                                            1.47 kB │ gzip:   0.49 kB
#26 216.0 web:build: build/client/assets/notification-BFc03mUq.js                                      1.48 kB │ gzip:   0.66 kB
#26 216.0 web:build: build/client/assets/detailed-empty-state-root-TYP5hunS.js                         1.49 kB │ gzip:   0.71 kB
#26 216.0 web:build: build/client/assets/accessibility-yEraC9NC.js                                     1.49 kB │ gzip:   0.64 kB
#26 216.0 web:build: build/client/assets/update-CCLJ_fJo.js                                            1.50 kB │ gzip:   0.48 kB
#26 216.0 web:build: build/client/assets/archive-outline-CQLUVPfv.js                                   1.50 kB │ gzip:   0.79 kB
#26 216.0 web:build: build/client/assets/editor-CLwEiGz0.js                                            1.50 kB │ gzip:   0.78 kB
#26 216.0 web:build: build/client/assets/ini-B5eOa1yu.js                                               1.51 kB │ gzip:   0.49 kB
#26 216.0 web:build: build/client/assets/notification-6Oqa1k0M.js                                      1.52 kB │ gzip:   0.67 kB
#26 216.0 web:build: build/client/assets/star-outline-B8U6eBvv.js                                      1.52 kB │ gzip:   0.83 kB
#26 216.0 web:build: build/client/assets/calendar-outline-DAnycZqb.js                                  1.53 kB │ gzip:   0.80 kB
#26 216.0 web:build: build/client/assets/editor-CeIv_70r.js                                            1.53 kB │ gzip:   0.80 kB
#26 216.0 web:build: build/client/assets/sidebar-item-DNnFUoJT.js                                      1.53 kB │ gzip:   0.66 kB
#26 216.0 web:build: build/client/assets/band-CcbG6rPL.js                                              1.53 kB │ gzip:   0.66 kB
#26 216.0 web:build: build/client/assets/analytics-outline-TSbC0nm5.js                                 1.53 kB │ gzip:   0.75 kB
#26 216.0 web:build: build/client/assets/editor-Bh_GAXPM.js                                            1.53 kB │ gzip:   0.78 kB
#26 216.0 web:build: build/client/assets/editor-DJ2FH1dc.js                                            1.53 kB │ gzip:   0.87 kB
#26 216.0 web:build: build/client/assets/update-ChLrr9fs.js                                            1.54 kB │ gzip:   0.48 kB
#26 216.0 web:build: build/client/assets/labels-outline-oiaDSpHT.js                                    1.54 kB │ gzip:   0.86 kB
#26 216.0 web:build: build/client/assets/editor-CsclI_l7.js                                            1.55 kB │ gzip:   0.84 kB
#26 216.0 web:build: build/client/assets/update-C3Jt3B0_.js                                            1.55 kB │ gzip:   0.51 kB
#26 216.0 web:build: build/client/assets/stickies-BAsQSArt.js                                          1.56 kB │ gzip:   0.63 kB
#26 216.0 web:build: build/client/assets/update-BUEafTml.js                                            1.56 kB │ gzip:   0.50 kB
#26 216.0 web:build: build/client/assets/full-screen-outline-DXz6Odiv.js                               1.56 kB │ gzip:   0.72 kB
#26 216.0 web:build: build/client/assets/editor-1TMSTfmz.js                                            1.56 kB │ gzip:   0.86 kB
#26 216.0 web:build: build/client/assets/editor-Dls9mXQz.js                                            1.57 kB │ gzip:   0.81 kB
#26 216.0 web:build: build/client/assets/chat-outline-BuuFSA_R.js                                      1.58 kB │ gzip:   0.85 kB
#26 216.0 web:build: build/client/assets/createLucideIcon-BYvbaT6r.js                                  1.58 kB │ gzip:   0.88 kB
#26 216.0 web:build: build/client/assets/editor-De5TxNi3.js                                            1.59 kB │ gzip:   0.87 kB
#26 216.0 web:build: build/client/assets/editor-CYBhW5_V.js                                            1.60 kB │ gzip:   0.87 kB
#26 216.0 web:build: build/client/assets/issue-identifier-BqudQjoR.js                                  1.61 kB │ gzip:   0.83 kB
#26 216.0 web:build: build/client/assets/editor-B02bGHct.js                                            1.63 kB │ gzip:   0.86 kB
#26 216.0 web:build: build/client/assets/stickies-4F7kLiLw.js                                          1.63 kB │ gzip:   0.68 kB
#26 216.0 web:build: build/client/assets/tenfold-clipart-005-B4NknLg4.js                               1.64 kB │ gzip:   0.75 kB
#26 216.0 web:build: build/client/assets/inbox-outline-CSnpwSu8.js                                     1.64 kB │ gzip:   0.91 kB
#26 216.0 web:build: build/client/assets/notification-BgWacxht.js                                      1.64 kB │ gzip:   0.66 kB
#26 216.0 web:build: build/client/assets/header-ChW5YxMy.js                                            1.64 kB │ gzip:   0.83 kB
#26 216.0 web:build: build/client/assets/cycle-BmdOrFeq.js                                             1.64 kB │ gzip:   0.59 kB
#26 216.0 web:build: build/client/assets/editor-CsyWhYw0.js                                            1.64 kB │ gzip:   0.85 kB
#26 216.0 web:build: build/client/assets/editor-K-zlyR8a.js                                            1.65 kB │ gzip:   0.96 kB
#26 216.0 web:build: build/client/assets/update-BptTTuGs.js                                            1.65 kB │ gzip:   0.55 kB
#26 216.0 web:build: build/client/assets/update-BIZQAU3t.js                                            1.66 kB │ gzip:   0.53 kB
#26 216.0 web:build: build/client/assets/fortran-fixed-form-DEKoE2YW.js                                1.66 kB │ gzip:   0.68 kB
#26 216.0 web:build: build/client/assets/railroadDiagram-O6MQD6OU-BPbswrUt.js                          1.67 kB │ gzip:   0.77 kB
#26 216.0 web:build: build/client/assets/update-B1F3qxUG.js                                            1.67 kB │ gzip:   0.54 kB
#26 216.0 web:build: build/client/assets/restore-outline-C_oJzKrJ.js                                   1.68 kB │ gzip:   0.88 kB
#26 216.0 web:build: build/client/assets/use-issues-CR5avdkr.js                                        1.69 kB │ gzip:   0.52 kB
#26 216.0 web:build: build/client/assets/stickies-Cd_MpKOS.js                                          1.69 kB │ gzip:   0.71 kB
#26 216.0 web:build: build/client/assets/inbox-CyXjmfio.js                                             1.69 kB │ gzip:   0.68 kB
#26 216.0 web:build: build/client/assets/page-DgdWaHUe2.js                                             1.71 kB │ gzip:   0.86 kB
#26 216.0 web:build: build/client/assets/editor-xMRfWQKg.js                                            1.72 kB │ gzip:   0.95 kB
#26 216.0 web:build: build/client/assets/table-C8DJ91oo.js                                             1.72 kB │ gzip:   0.58 kB
#26 216.0 web:build: build/client/assets/accessibility-BuaoyyHR.js                                     1.73 kB │ gzip:   0.67 kB
#26 216.0 web:build: build/client/assets/docker-IyjqRm3v.js                                            1.73 kB │ gzip:   0.59 kB
#26 216.0 web:build: build/client/assets/inbox-BGoYM5RD.js                                             1.73 kB │ gzip:   0.83 kB
#26 216.0 web:build: build/client/assets/banner-D3LC5vrX.js                                            1.73 kB │ gzip:   0.91 kB
#26 216.0 web:build: build/client/assets/hxml-B0Qn7Nwc.js                                              1.74 kB │ gzip:   0.87 kB
#26 216.0 web:build: build/client/assets/stickies-DXkko7pj.js                                          1.75 kB │ gzip:   0.73 kB
#26 216.0 web:build: build/client/assets/accessibility-S0A2pM7w.js                                     1.75 kB │ gzip:   0.68 kB
#26 216.0 web:build: build/client/assets/pages-outline-DFtt_kCD.js                                     1.75 kB │ gzip:   0.94 kB
#26 216.0 web:build: build/client/assets/stickies-xezFSRlG.js                                          1.76 kB │ gzip:   0.69 kB
#26 216.0 web:build: build/client/assets/notification-0D78fylh.js                                      1.77 kB │ gzip:   0.73 kB
#26 216.0 web:build: build/client/assets/nav-WNT2SnUu.js                                               1.78 kB │ gzip:   0.91 kB
#26 216.0 web:build: build/client/assets/bar-outline-B_WEgFlg.js                                       1.78 kB │ gzip:   0.80 kB
#26 216.0 web:build: build/client/assets/inbox-BdSBIQGa.js                                             1.79 kB │ gzip:   0.84 kB
#26 216.0 web:build: build/client/assets/cycle-_hsDpoFZ.js                                             1.81 kB │ gzip:   0.56 kB
#26 216.0 web:build: build/client/assets/stickies-BWp1zEGf.js                                          1.81 kB │ gzip:   0.69 kB
#26 216.0 web:build: build/client/assets/stickies-zxCdHD6X.js                                          1.81 kB │ gzip:   0.66 kB
#26 216.0 web:build: build/client/assets/useButton-C91HIWmu.js                                         1.81 kB │ gzip:   0.91 kB
#26 216.0 web:build: build/client/assets/layout-CTxaRYGS.js                                            1.81 kB │ gzip:   0.89 kB
#26 216.0 web:build: build/client/assets/settings-outline-CxpnsXng.js                                  1.81 kB │ gzip:   0.86 kB
#26 216.0 web:build: build/client/assets/desktop-Dlh5hvp9.js                                           1.82 kB │ gzip:   0.75 kB
#26 216.0 web:build: build/client/assets/home-outline-Dnb7EgqE.js                                      1.82 kB │ gzip:   0.96 kB
#26 216.0 web:build: build/client/assets/search-XCHnh_dN.js                                            1.83 kB │ gzip:   0.98 kB
#26 216.0 web:build: build/client/assets/inbox-CzSbXCuf.js                                             1.83 kB │ gzip:   0.73 kB
#26 216.0 web:build: build/client/assets/rocket-outline-hMKrZUdP.js                                    1.84 kB │ gzip:   1.01 kB
#26 216.0 web:build: build/client/assets/abnfDiagram-VCTEODGH-CTZ3dsyg.js                              1.85 kB │ gzip:   0.90 kB
#26 216.0 web:build: build/client/assets/dist-C2l0gVnB.js                                              1.86 kB │ gzip:   0.82 kB
#26 216.0 web:build: build/client/assets/stickies-_TRS2pEo.js                                          1.86 kB │ gzip:   0.72 kB
#26 216.0 web:build: build/client/assets/stickies-CXZ7apo0.js                                          1.87 kB │ gzip:   0.79 kB
#26 216.0 web:build: build/client/assets/editor-8uPv90T0.js                                            1.88 kB │ gzip:   1.01 kB
#26 216.0 web:build: build/client/assets/update-CbRXisSh.js                                            1.89 kB │ gzip:   0.57 kB
#26 216.0 web:build: build/client/assets/page-CMc20pko.js                                              1.90 kB │ gzip:   0.87 kB
#26 216.0 web:build: build/client/assets/page-BGdrlsak2.js                                             1.91 kB │ gzip:   0.87 kB
#26 216.0 web:build: build/client/assets/page-CF2ccl17.js                                              1.91 kB │ gzip:   0.87 kB
#26 216.1 web:build: [plugin builtin:vite-reporter] 
#26 216.1 web:build: (!) Some chunks are larger than 500 kB after minification. Consider:
#26 216.1 web:build: - Using dynamic import() to code-split the application
#26 216.1 web:build: - Use build.rolldownOptions.output.codeSplitting to improve chunking: https://rolldown.rs/reference/OutputOptions.codeSplitting
#26 216.1 web:build: - Adjust chunk size limit for this warning via build.chunkSizeWarningLimit.
#26 216.2 web:build: build/client/assets/inbox-Cbnl-aS7.js                                             1.91 kB │ gzip:   0.80 kB
#26 216.2 web:build: build/client/assets/layout-DlGmlp3f.js                                            1.91 kB │ gzip:   0.82 kB
#26 216.2 web:build: build/client/assets/page-CndmawIl2.js                                             1.91 kB │ gzip:   0.87 kB
#26 216.2 web:build: build/client/assets/page-BcYQsO4g2.js                                             1.92 kB │ gzip:   0.87 kB
#26 216.2 web:build: build/client/assets/layout-CuG9spX5.js                                            1.92 kB │ gzip:   1.01 kB
#26 216.2 web:build: build/client/assets/stickies-D2nrXJGB.js                                          1.92 kB │ gzip:   0.82 kB
#26 216.2 web:build: build/client/assets/stickies-Bg8J5S7L.js                                          1.94 kB │ gzip:   0.74 kB
#26 216.2 web:build: build/client/assets/chunk-P2QGCYS3-BLaSqtN_.js                                    1.94 kB │ gzip:   0.95 kB
#26 216.2 web:build: build/client/assets/group-outline-CpRxL6dM.js                                     1.95 kB │ gzip:   0.79 kB
#26 216.2 web:build: build/client/assets/tabs-CCliBRMS.js                                              1.95 kB │ gzip:   0.86 kB
#26 216.2 web:build: build/client/assets/inbox-ComAIQ3F.js                                             1.95 kB │ gzip:   0.82 kB
#26 216.2 web:build: build/client/assets/stickies-COKdzQ12.js                                          1.96 kB │ gzip:   0.80 kB
#26 216.2 web:build: build/client/assets/chunk-F27PBJKO-DkKs43kG.js                                    1.97 kB │ gzip:   0.88 kB
#26 216.2 web:build: build/client/assets/inbox-BKRXQltC.js                                             1.97 kB │ gzip:   0.86 kB
#26 216.2 web:build: build/client/assets/list-layout-loader-DVZs8h6G.js                                1.97 kB │ gzip:   0.74 kB
#26 216.2 web:build: build/client/assets/home-CbmHN0It.js                                              1.98 kB │ gzip:   1.16 kB
#26 216.2 web:build: build/client/assets/inbox-B34C7Je0.js                                             1.98 kB │ gzip:   0.79 kB
#26 216.2 web:build: build/client/assets/mentions-oh-NT83c.js                                          1.99 kB │ gzip:   0.99 kB
#26 216.2 web:build: build/client/assets/home-DznqmMiT.js                                              1.99 kB │ gzip:   0.94 kB
#26 216.2 web:build: build/client/assets/pegDiagram-XKGWAZYB-C4KLKJ4K.js                               2.01 kB │ gzip:   0.94 kB
#26 216.2 web:build: build/client/assets/copy-outline-CcnHPvQR.js                                      2.01 kB │ gzip:   1.00 kB
#26 216.2 web:build: build/client/assets/inbox-D4dXh12P.js                                             2.01 kB │ gzip:   0.77 kB
#26 216.2 web:build: build/client/assets/inbox-B7NrK4yx.js                                             2.02 kB │ gzip:   0.83 kB
#26 216.2 web:build: build/client/assets/inbox-1vO_HSZF.js                                             2.02 kB │ gzip:   0.84 kB
#26 216.2 web:build: build/client/assets/page-DvHFjQ6c.js                                              2.02 kB │ gzip:   1.06 kB
#26 216.2 web:build: build/client/assets/notification-B1iKTLvc.js                                      2.02 kB │ gzip:   0.77 kB
#26 216.2 web:build: build/client/assets/header-CBojwG1Z.js                                            2.02 kB │ gzip:   0.97 kB
#26 216.2 web:build: build/client/assets/delete-issue-modal-BoECaWqJ.js                                2.03 kB │ gzip:   1.07 kB
#26 216.2 web:build: build/client/assets/home-DrP0GoER.js                                              2.04 kB │ gzip:   1.18 kB
#26 216.2 web:build: build/client/assets/filters-toggle-D28PNdvo.js                                    2.04 kB │ gzip:   0.99 kB
#26 216.2 web:build: build/client/assets/inbox-CXVoxsYS.js                                             2.05 kB │ gzip:   0.89 kB
#26 216.2 web:build: build/client/assets/list-3NDOJNNu.js                                              2.06 kB │ gzip:   0.91 kB
#26 216.2 web:build: build/client/assets/ebnfDiagram-PWID7BFC-DwQlvj17.js                              2.07 kB │ gzip:   0.89 kB
#26 216.2 web:build: build/client/assets/home-C9Lgq3pX.js                                              2.10 kB │ gzip:   0.98 kB
#26 216.2 web:build: build/client/assets/projects-outline-NYzaVVEp.js                                  2.11 kB │ gzip:   1.09 kB
#26 216.2 web:build: build/client/assets/inbox-B_YbFchw.js                                             2.12 kB │ gzip:   0.77 kB
#26 216.2 web:build: build/client/assets/inbox-CwZXCT-7.js                                             2.12 kB │ gzip:   0.79 kB
#26 216.2 web:build: build/client/assets/dist-DRwGzcj6.js                                              2.13 kB │ gzip:   0.98 kB
#26 216.2 web:build: build/client/assets/erb-DODaqbp1.js                                               2.13 kB │ gzip:   0.62 kB
#26 216.2 web:build: build/client/assets/wenyan-C8pVoKbM.js                                            2.15 kB │ gzip:   1.08 kB
#26 216.2 web:build: build/client/assets/home-TJ8b8-e-.js                                              2.17 kB │ gzip:   1.03 kB
#26 216.2 web:build: build/client/assets/page-C8uvsSyG.js                                              2.17 kB │ gzip:   0.98 kB
#26 216.2 web:build: build/client/assets/inbox-BWlEr0sU.js                                             2.19 kB │ gzip:   0.83 kB
#26 216.2 web:build: build/client/assets/home-Cv3rrnsh.js                                              2.19 kB │ gzip:   1.15 kB
#26 216.2 web:build: build/client/assets/editor-M5eH8WNJ.js                                            2.20 kB │ gzip:   1.07 kB
#26 216.2 web:build: build/client/assets/home-fJdaOPRY.js                                              2.21 kB │ gzip:   1.14 kB
#26 216.2 web:build: build/client/assets/icon-button-CocVoBAt.js                                       2.21 kB │ gzip:   0.81 kB
#26 216.2 web:build: build/client/assets/home-CmlRYo28.js                                              2.21 kB │ gzip:   1.16 kB
#26 216.2 web:build: build/client/assets/inbox-Cz_NVkRG.js                                             2.21 kB │ gzip:   0.90 kB
#26 216.2 web:build: build/client/assets/home-BhjFvhuS.js                                              2.21 kB │ gzip:   1.05 kB
#26 216.2 web:build: build/client/assets/home-CD58KrrL.js                                              2.21 kB │ gzip:   1.06 kB
#26 216.2 web:build: build/client/assets/editor-sGPtM-Uv.js                                            2.22 kB │ gzip:   1.09 kB
#26 216.2 web:build: build/client/assets/jssm-DXw9l8Rf.js                                              2.23 kB │ gzip:   0.61 kB
#26 216.2 web:build: build/client/assets/home-Btoy6BFS.js                                              2.23 kB │ gzip:   1.15 kB
#26 216.2 web:build: build/client/assets/home-ByA440WL.js                                              2.26 kB │ gzip:   1.12 kB
#26 216.2 web:build: build/client/assets/authentication-wrapper-BPLoc8Ya.js                            2.28 kB │ gzip:   0.98 kB
#26 216.2 web:build: build/client/assets/update-iyaPkiRF.js                                            2.28 kB │ gzip:   0.65 kB
#26 216.2 web:build: build/client/assets/stickies-DD4JejTI.js                                          2.29 kB │ gzip:   0.86 kB
#26 216.2 web:build: build/client/assets/edge-C_Kw06iH.js                                              2.30 kB │ gzip:   0.67 kB
#26 216.2 web:build: build/client/assets/home-Dy8bBDEt.js                                              2.31 kB │ gzip:   1.10 kB
#26 216.2 web:build: build/client/assets/reg-CRGYupPL.js                                               2.33 kB │ gzip:   0.69 kB
#26 216.2 web:build: build/client/assets/inbox-Cwge4mjU.js                                             2.35 kB │ gzip:   0.91 kB
#26 216.2 web:build: build/client/assets/page-BSBmCdaC.js                                              2.35 kB │ gzip:   1.12 kB
#26 216.2 web:build: build/client/assets/page-Iq87XgFL.js                                              2.37 kB │ gzip:   1.12 kB
#26 216.2 web:build: build/client/assets/home-19ejGelt.js                                              2.42 kB │ gzip:   1.13 kB
#26 216.2 web:build: build/client/assets/accessibility-BLs6FtkI.js                                     2.43 kB │ gzip:   0.68 kB
#26 216.2 web:build: build/client/assets/useRegisterFieldControl-CwTpoHJ-.js                           2.44 kB │ gzip:   1.16 kB
#26 216.2 web:build: build/client/assets/home-CWzZvCqh.js                                              2.45 kB │ gzip:   1.18 kB
#26 216.2 web:build: build/client/assets/button-CjcOirFK-BFchzV37.js                                   2.45 kB │ gzip:   0.91 kB
#26 216.2 web:build: build/client/assets/multiple-sticky-outline-DOZzLd12.js                           2.47 kB │ gzip:   0.88 kB
#26 216.2 web:build: build/client/assets/page-CMH8qIAa.js                                              2.47 kB │ gzip:   1.24 kB
#26 216.2 web:build: build/client/assets/useButton-CrwGjMuF.js                                         2.48 kB │ gzip:   1.13 kB
#26 216.2 web:build: build/client/assets/page-BbBK7Tdr.js                                              2.50 kB │ gzip:   1.16 kB
#26 216.2 web:build: build/client/assets/workflow-Dh9iyg3x.js                                          2.51 kB │ gzip:   1.00 kB
#26 216.2 web:build: build/client/assets/page-B-qqsVU5.js                                              2.51 kB │ gzip:   0.96 kB
#26 216.2 web:build: build/client/assets/page-BzMZlBLz.js                                              2.54 kB │ gzip:   0.92 kB
#26 216.2 web:build: build/client/assets/diff-woXpYk--.js                                              2.56 kB │ gzip:   0.68 kB
#26 216.2 web:build: build/client/assets/gleam-CSRkHgEL.js                                             2.57 kB │ gzip:   0.81 kB
#26 216.2 web:build: build/client/assets/module-outline-BMZLPnS6.js                                    2.60 kB │ gzip:   0.95 kB
#26 216.2 web:build: build/client/assets/use-editor-flagging-BAi6vpSq.js                               2.61 kB │ gzip:   1.19 kB
#26 216.2 web:build: build/client/assets/page-DBriEpfc2.js                                             2.62 kB │ gzip:   1.22 kB
#26 216.2 web:build: build/client/assets/tree-item-BjdNFPrh.js                                         2.62 kB │ gzip:   1.07 kB
#26 216.2 web:build: build/client/assets/page-C2Z-01cy.js                                              2.63 kB │ gzip:   1.02 kB
#26 216.2 web:build: build/client/assets/hy-CZbG8q4J.js                                                2.64 kB │ gzip:   1.17 kB
#26 216.2 web:build: build/client/assets/workflow-Dwi8rDk3.js                                          2.65 kB │ gzip:   1.04 kB
#26 216.2 web:build: build/client/assets/workflow-BatDgCt6.js                                          2.66 kB │ gzip:   0.89 kB
#26 216.2 web:build: build/client/assets/workflow-Ew7VFxDI.js                                          2.66 kB │ gzip:   0.89 kB
#26 216.2 web:build: build/client/assets/home-DiUaQetM.js                                              2.69 kB │ gzip:   1.26 kB
#26 216.2 web:build: build/client/assets/created-by-CclYYswq.js                                        2.69 kB │ gzip:   1.14 kB
#26 216.2 web:build: build/client/assets/page-CVUaxNls.js                                              2.70 kB │ gzip:   1.05 kB
#26 216.2 web:build: build/client/assets/quick-actions-helper-DMjWjsc9.js                              2.70 kB │ gzip:   0.87 kB
#26 216.2 web:build: build/client/assets/page-BJgS1H5Z.js                                              2.71 kB │ gzip:   1.08 kB
#26 216.2 web:build: build/client/assets/page-EbCyRKDJ.js                                              2.71 kB │ gzip:   1.09 kB
#26 216.2 web:build: build/client/assets/page-B1dFOgm5.js                                              2.72 kB │ gzip:   1.10 kB
#26 216.2 web:build: build/client/assets/page-Cyd7YAwP.js                                              2.74 kB │ gzip:   1.06 kB
#26 216.2 web:build: build/client/assets/issue-detail-quick-actions-DxasXAPT.js                        2.74 kB │ gzip:   1.18 kB
#26 216.2 web:build: build/client/assets/notification-BwqraDHd.js                                      2.77 kB │ gzip:   0.71 kB
#26 216.2 web:build: build/client/assets/page-CoFQ8F40.js                                              2.77 kB │ gzip:   1.07 kB
#26 216.2 web:build: build/client/assets/page-DNnhT77q.js                                              2.78 kB │ gzip:   1.07 kB
#26 216.2 web:build: build/client/assets/home-CnQzXAVR.js                                              2.79 kB │ gzip:   1.33 kB
#26 216.2 web:build: build/client/assets/openscad-BUDT5pXO.js                                          2.81 kB │ gzip:   1.00 kB
#26 216.2 web:build: build/client/assets/page-mXzuG_Al.js                                              2.82 kB │ gzip:   1.08 kB
#26 216.2 web:build: build/client/assets/page-CKScVs8i.js                                              2.83 kB │ gzip:   1.08 kB
#26 216.2 web:build: build/client/assets/log-BNLmms1o.js                                               2.84 kB │ gzip:   0.89 kB
#26 216.2 web:build: build/client/assets/inbox-XAeVgV7H.js                                             2.84 kB │ gzip:   1.00 kB
#26 216.2 web:build: build/client/assets/layout-eqHD4guH.js                                            2.86 kB │ gzip:   1.21 kB
#26 216.2 web:build: build/client/assets/json-fq9vObTd.js                                              2.87 kB │ gzip:   0.82 kB
#26 216.2 web:build: build/client/assets/layout-BC8WCmy92.js                                           2.92 kB │ gzip:   1.27 kB
#26 216.2 web:build: build/client/assets/unlocked-outline-DP6qEP2v.js                                  2.93 kB │ gzip:   0.86 kB
#26 216.2 web:build: build/client/assets/cairo-DLTphjLi.js                                             2.93 kB │ gzip:   0.80 kB
#26 216.2 web:build: build/client/assets/page-Dwt4QfuJ.js                                              2.93 kB │ gzip:   1.16 kB
#26 216.2 web:build: build/client/assets/layout-BawIr20U.js                                            2.94 kB │ gzip:   1.21 kB
#26 216.2 web:build: build/client/assets/inbox--pqPOLiJ.js                                             2.94 kB │ gzip:   1.02 kB
#26 216.2 web:build: build/client/assets/workflow-BUoU7ZzI.js                                          2.95 kB │ gzip:   0.94 kB
#26 216.2 web:build: build/client/assets/preferences-PVhy6KjX.js                                       2.96 kB │ gzip:   1.14 kB
#26 216.2 web:build: build/client/assets/workflow-Nc8SC44r.js                                          2.98 kB │ gzip:   1.11 kB
#26 216.2 web:build: build/client/assets/page-DwSpmwtd.js                                              2.99 kB │ gzip:   1.18 kB
#26 216.2 web:build: build/client/assets/berry-DKpUyyne.js                                             2.99 kB │ gzip:   0.80 kB
#26 216.2 web:build: build/client/assets/jsonl-CmCQp5Yx.js                                             3.00 kB │ gzip:   0.78 kB
#26 216.2 web:build: build/client/assets/stickies-DqwqRMj9.js                                          3.00 kB │ gzip:   0.88 kB
#26 216.2 web:build: build/client/assets/workflow-DgOrxPAk.js                                          3.01 kB │ gzip:   1.12 kB
#26 216.2 web:build: build/client/assets/workflow-BDLDWeRA.js                                          3.04 kB │ gzip:   1.12 kB
#26 216.2 web:build: build/client/assets/page-IokDLVHP.js                                              3.05 kB │ gzip:   1.36 kB
#26 216.2 web:build: build/client/assets/quick-actions-yI1v3R2D.js                                     3.06 kB │ gzip:   1.49 kB
#26 216.2 web:build: build/client/assets/avatar-MKkpKmzm.js                                            3.07 kB │ gzip:   1.33 kB
#26 216.2 web:build: build/client/assets/workflow-5cWTcX7m.js                                          3.07 kB │ gzip:   0.99 kB
#26 216.2 web:build: build/client/assets/jsonc-CYpm1nAK.js                                             3.10 kB │ gzip:   0.78 kB
#26 216.2 web:build: build/client/assets/logo-Cluzi2Zq.js                                              3.12 kB │ gzip:   1.46 kB
#26 216.2 web:build: build/client/assets/home-CzGisFD7.js                                              3.13 kB │ gzip:   1.36 kB
#26 216.2 web:build: build/client/assets/page-DHwFP0UD.js                                              3.15 kB │ gzip:   1.39 kB
#26 216.2 web:build: build/client/assets/page-DtN48SQ2.js                                              3.16 kB │ gzip:   1.12 kB
#26 216.2 web:build: build/client/assets/workflow-T9Kc1C_5.js                                          3.17 kB │ gzip:   1.06 kB
#26 216.2 web:build: build/client/assets/workflow-DmuJhhx0.js                                          3.19 kB │ gzip:   1.03 kB
#26 216.2 web:build: build/client/assets/page-DWjUFoGI.js                                              3.20 kB │ gzip:   1.46 kB
#26 216.2 web:build: build/client/assets/workflow-DTNuaXNE.js                                          3.20 kB │ gzip:   1.04 kB
#26 216.2 web:build: build/client/assets/circular-progress-CFYOadVw.js                                 3.22 kB │ gzip:   1.59 kB
#26 216.2 web:build: build/client/assets/po-BiJDBrnU.js                                                3.23 kB │ gzip:   0.90 kB
#26 216.2 web:build: build/client/assets/workflow-BxPw5C6C.js                                          3.23 kB │ gzip:   1.08 kB
#26 216.2 web:build: build/client/assets/json5-BR5RXkoi.js                                             3.24 kB │ gzip:   0.82 kB
#26 216.2 web:build: build/client/assets/mipsasm-BMqwQI7S.js                                           3.25 kB │ gzip:   1.17 kB
#26 216.2 web:build: build/client/assets/page-Dbf4dlpo.js                                              3.25 kB │ gzip:   1.22 kB
#26 216.2 web:build: build/client/assets/workflow-CmwGjn7f.js                                          3.25 kB │ gzip:   1.09 kB
#26 216.2 web:build: build/client/assets/cover-image-CfIY3HRR.js                                       3.25 kB │ gzip:   1.48 kB
#26 216.2 web:build: build/client/assets/dist-BzBKfeoz.js                                              3.27 kB │ gzip:   1.45 kB
#26 216.2 web:build: build/client/assets/tasl-DMoTqEGO.js                                              3.28 kB │ gzip:   0.84 kB
#26 216.2 web:build: build/client/assets/home-CBNeUG-X.js                                              3.30 kB │ gzip:   1.43 kB
#26 216.2 web:build: build/client/assets/settings-1oTnovtB.js                                          3.30 kB │ gzip:   1.62 kB
#26 216.2 web:build: build/client/assets/workflow-DnHLfcbb.js                                          3.32 kB │ gzip:   1.09 kB
#26 216.2 web:build: build/client/assets/genie-CV2tkWYe.js                                             3.34 kB │ gzip:   1.20 kB
#26 216.2 web:build: build/client/assets/rel-BtDbiS_P.js                                               3.36 kB │ gzip:   1.10 kB
#26 216.2 web:build: build/client/assets/vala-zf12oZj6.js                                              3.36 kB │ gzip:   1.18 kB
#26 216.2 web:build: build/client/assets/settings-CpN4wDSl.js                                          3.37 kB │ gzip:   1.35 kB
#26 216.2 web:build: build/client/assets/wiki-B62tfS1b.js                                              3.39 kB │ gzip:   1.63 kB
#26 216.2 web:build: build/client/assets/wiki-CUA5sqe5.js                                              3.39 kB │ gzip:   1.62 kB
#26 216.2 web:build: build/client/assets/layout-DhjFFgY3.js                                            3.40 kB │ gzip:   1.45 kB
#26 216.2 web:build: build/client/assets/workflow-0IV0hzcb.js                                          3.40 kB │ gzip:   1.11 kB
#26 216.2 web:build: build/client/assets/settings-3SdCSnK-.js                                          3.42 kB │ gzip:   1.62 kB
#26 216.2 web:build: build/client/assets/splunk-BC2Px7Mm.js                                            3.42 kB │ gzip:   1.51 kB
#26 216.2 web:build: build/client/assets/settings-C2kGG8X2.js                                          3.43 kB │ gzip:   1.54 kB
#26 216.2 web:build: build/client/assets/settings-HVDTV7pp.js                                          3.44 kB │ gzip:   1.53 kB
#26 216.2 web:build: build/client/assets/layout-DkGQ9nVK.js                                            3.44 kB │ gzip:   1.54 kB
#26 216.2 web:build: build/client/assets/arc-D54hGnRg.js                                               3.44 kB │ gzip:   1.46 kB
#26 216.2 web:build: build/client/assets/page-DEUghr8n2.js                                             3.46 kB │ gzip:   1.41 kB
#26 216.2 web:build: build/client/assets/user-image-upload-modal-Bwx1lJlE.js                           3.46 kB │ gzip:   1.63 kB
#26 216.2 web:build: build/client/assets/settings-D9dTfhuc.js                                          3.47 kB │ gzip:   1.54 kB
#26 216.2 web:build: build/client/assets/use-navigation-preferences-CHqU3thR.js                        3.51 kB │ gzip:   1.02 kB
#26 216.2 web:build: build/client/assets/hurl-1YRLP4nc.js                                              3.51 kB │ gzip:   1.09 kB
#26 216.2 web:build: build/client/assets/item-icon-Cu73TSGb.js                                         3.51 kB │ gzip:   1.40 kB
#26 216.2 web:build: build/client/assets/page-CCAAS69m.js                                              3.53 kB │ gzip:   1.56 kB
#26 216.2 web:build: build/client/assets/settings-D_4k_c4W.js                                          3.53 kB │ gzip:   1.43 kB
#26 216.2 web:build: build/client/assets/pill-BwMQI_23.js                                              3.54 kB │ gzip:   1.27 kB
#26 216.2 web:build: build/client/assets/react-dom-B-GjtXnE.js                                         3.54 kB │ gzip:   1.33 kB
#26 216.2 web:build: build/client/assets/workflow-CIebLVFx.js                                          3.54 kB │ gzip:   1.13 kB
#26 216.2 web:build: build/client/assets/page-CeBSDLck.js                                              3.58 kB │ gzip:   1.42 kB
#26 216.2 web:build: build/client/assets/button-vhYbO2ZW.js                                            3.58 kB │ gzip:   1.60 kB
#26 216.2 web:build: build/client/assets/project-wrapper-B4xmse0Z.js                                   3.60 kB │ gzip:   1.38 kB
#26 216.2 web:build: build/client/assets/fluent-C03EYrpw.js                                            3.60 kB │ gzip:   0.89 kB
#26 216.2 web:build: build/client/assets/ssh-config-BgfXC-Er.js                                        3.61 kB │ gzip:   1.59 kB
#26 216.2 web:build: build/client/assets/jsonnet-CJTPZ8u_.js                                           3.61 kB │ gzip:   1.03 kB
#26 216.2 web:build: build/client/assets/kdl-CsD5j6eV.js                                               3.62 kB │ gzip:   1.03 kB
#26 216.2 web:build: build/client/assets/settings-DoR5xAWj.js                                          3.62 kB │ gzip:   1.47 kB
#26 216.2 web:build: build/client/assets/workflow-B37GdfAM.js                                          3.64 kB │ gzip:   1.10 kB
#26 216.2 web:build: build/client/assets/last-tO4tUGLm.js                                              3.64 kB │ gzip:   1.62 kB
#26 216.2 web:build: build/client/assets/narrat-_X_XdTYD.js                                            3.66 kB │ gzip:   1.09 kB
#26 216.2 web:build: build/client/assets/page-CWf2co6G.js                                              3.67 kB │ gzip:   1.28 kB
#26 216.2 web:build: build/client/assets/wiki-CzI7ECRU.js                                              3.67 kB │ gzip:   1.37 kB
#26 216.2 web:build: build/client/assets/wiki-DbR-_bo4.js                                              3.67 kB │ gzip:   1.37 kB
#26 216.2 web:build: build/client/assets/page-ChEREd4C2.js                                             3.67 kB │ gzip:   1.62 kB
#26 216.2 web:build: build/client/assets/relates-to-outline-qp_gSw-W.js                                3.68 kB │ gzip:   1.51 kB
#26 216.2 web:build: build/client/assets/glsl-eGr48-Cq.js                                              3.68 kB │ gzip:   1.45 kB
#26 216.2 web:build: build/client/assets/turtle-ByJddavk.js                                            3.69 kB │ gzip:   0.96 kB
#26 216.2 web:build: build/client/assets/use-operations-CGM4L0Dp.js                                    3.70 kB │ gzip:   1.31 kB
#26 216.2 web:build: build/client/assets/settings-BSQU3AbO.js                                          3.72 kB │ gzip:   1.59 kB
#26 216.2 web:build: build/client/assets/settings-B29muPrg.js                                          3.74 kB │ gzip:   1.52 kB
#26 216.2 web:build: build/client/assets/page-B8Xuys5w.js                                              3.78 kB │ gzip:   1.33 kB
#26 216.2 web:build: build/client/assets/wiki-_JxSmtAp.js                                              3.78 kB │ gzip:   1.43 kB
#26 216.2 web:build: build/client/assets/settings-DIt6VNfz.js                                          3.80 kB │ gzip:   1.55 kB
#26 216.2 web:build: build/client/assets/settings-acryoDrC.js                                          3.82 kB │ gzip:   1.59 kB
#26 216.2 web:build: build/client/assets/settings-D1fguWwl.js                                          3.83 kB │ gzip:   1.68 kB
#26 216.2 web:build: build/client/assets/wiki-C9Mu0g3G.js                                              3.88 kB │ gzip:   1.58 kB
#26 216.2 web:build: build/client/assets/home-CBNMPMHB.js                                              3.88 kB │ gzip:   1.31 kB
#26 216.2 web:build: build/client/assets/zenscript-BnlCZFoB.js                                         3.90 kB │ gzip:   1.28 kB
#26 216.2 web:build: build/client/assets/ron-VUp2lXgN.js                                               3.90 kB │ gzip:   0.97 kB
#26 216.2 web:build: build/client/assets/grid-outline-OF37TOFs.js                                      3.91 kB │ gzip:   1.11 kB
#26 216.2 web:build: build/client/assets/wiki-BkEmvvq-.js                                              3.92 kB │ gzip:   1.59 kB
#26 216.2 web:build: build/client/assets/inbox-B0omNI6L.js                                             3.92 kB │ gzip:   0.95 kB
#26 216.2 web:build: build/client/assets/wiki-f5tbGH3h.js                                              3.92 kB │ gzip:   1.53 kB
#26 216.2 web:build: build/client/assets/gn-ilITqXS6.js                                                3.99 kB │ gzip:   1.47 kB
#26 216.2 web:build: build/client/assets/instance-wrapper-DYF3EA0M.js                                  4.00 kB │ gzip:   1.62 kB
#26 216.2 web:build: build/client/assets/settings-lfbqN20j.js                                          4.01 kB │ gzip:   1.56 kB
#26 216.2 web:build: build/client/assets/wiki-Bu6Q1DFZ.js                                              4.02 kB │ gzip:   1.65 kB
#26 216.2 web:build: build/client/assets/settings-BFqQwKkC.js                                          4.04 kB │ gzip:   1.61 kB
#26 216.2 web:build: build/client/assets/notifications-Cb8v6lYc.js                                     4.07 kB │ gzip:   1.25 kB
#26 216.2 web:build: build/client/assets/wiki-JrQctgBN.js                                              4.07 kB │ gzip:   1.54 kB
#26 216.2 web:build: build/client/assets/wiki-balVREkt.js                                              4.11 kB │ gzip:   1.54 kB
#26 216.2 web:build: build/client/assets/wiki-BexTJmb1.js                                              4.11 kB │ gzip:   1.64 kB
#26 216.2 web:build: build/client/assets/pascal-4ZHwLPI5.js                                            4.14 kB │ gzip:   1.67 kB
#26 216.2 web:build: build/client/assets/layout-lRgxnviF.js                                            4.15 kB │ gzip:   1.83 kB
#26 216.2 web:build: build/client/assets/wiki-B7aijnzf.js                                              4.17 kB │ gzip:   1.63 kB
#26 216.2 web:build: build/client/assets/settings-DCJ68NZ5.js                                          4.20 kB │ gzip:   1.71 kB
#26 216.2 web:build: build/client/assets/reset-password-BnvRDdN1.js                                    4.21 kB │ gzip:   1.52 kB
#26 216.2 web:build: build/client/assets/wiki-d_1LHuly.js                                              4.24 kB │ gzip:   1.65 kB
#26 216.2 web:build: build/client/assets/page-x3Ar-lZj2.js                                             4.25 kB │ gzip:   1.46 kB
#26 216.2 web:build: build/client/assets/diagram-Z3DM3KII-B2ZaQ-Z-.js                                  4.28 kB │ gzip:   1.84 kB
#26 216.2 web:build: build/client/assets/wiki-CQIqaPDw.js                                              4.31 kB │ gzip:   1.69 kB
#26 216.2 web:build: build/client/assets/wiki-Bu5QPjq8.js                                              4.35 kB │ gzip:   1.63 kB
#26 216.2 web:build: build/client/assets/switch-DH1vGVB0.js                                            4.37 kB │ gzip:   2.03 kB
#26 216.2 web:build: build/client/assets/workflow-D7vW2Wkx.js                                          4.37 kB │ gzip:   1.30 kB
#26 216.2 web:build: build/client/assets/input-BxvxQnWk.js                                             4.39 kB │ gzip:   1.71 kB
#26 216.2 web:build: build/client/assets/http-Dxxp3Y_-.js                                              4.41 kB │ gzip:   1.06 kB
#26 216.2 web:build: build/client/assets/tcl-CZd0xW_V.js                                               4.42 kB │ gzip:   1.50 kB
#26 216.2 web:build: build/client/assets/settings-Lhhh3oHO.js                                          4.45 kB │ gzip:   1.80 kB
#26 216.2 web:build: build/client/assets/wiki-BxwEuEQ9.js                                              4.45 kB │ gzip:   1.72 kB
#26 216.2 web:build: build/client/assets/chunk-TLUHSLCS-pQs-mOTL.js                                    4.46 kB │ gzip:   1.86 kB
#26 216.2 web:build: build/client/assets/defaultLocale-CdYxKmhd.js                                     4.50 kB │ gzip:   2.06 kB
#26 216.2 web:build: build/client/assets/nextflow-Bbiyy34d.js                                          4.50 kB │ gzip:   1.16 kB
#26 216.2 web:build: build/client/assets/rosmsg-CAekHB0j.js                                            4.51 kB │ gzip:   1.05 kB
#26 216.2 web:build: build/client/assets/page-Bhhvozet2.js                                             4.58 kB │ gzip:   1.92 kB
#26 216.2 web:build: build/client/assets/dropdown-DyCCQr6s.js                                          4.58 kB │ gzip:   2.03 kB
#26 216.2 web:build: build/client/assets/entry.client-DvPHvj87.js                                      4.60 kB │ gzip:   1.81 kB
#26 216.2 web:build: build/client/assets/page-D6CW3NhW.js                                              4.65 kB │ gzip:   2.03 kB
#26 216.2 web:build: build/client/assets/polar-C7UOKdEL.js                                             4.66 kB │ gzip:   1.12 kB
#26 216.2 web:build: build/client/assets/sdbl-bTVj8UrX.js                                              4.69 kB │ gzip:   2.00 kB
#26 216.2 web:build: build/client/assets/bar-chart-lEfYn77C.js                                         4.75 kB │ gzip:   2.19 kB
#26 216.2 web:build: build/client/assets/fennel-DQxkIbk2.js                                            4.76 kB │ gzip:   1.53 kB
#26 216.2 web:build: build/client/assets/bibtex-Ci_nEsc7.js                                            4.78 kB │ gzip:   0.83 kB
#26 216.2 web:build: build/client/assets/switch-account-dropdown-D6zf14Jd.js                           4.82 kB │ gzip:   1.94 kB
#26 216.2 web:build: build/client/assets/root-wPcrg0fp.js                                              4.85 kB │ gzip:   2.05 kB
#26 216.2 web:build: build/client/assets/modal-DXXe9DA9.js                                             4.86 kB │ gzip:   2.06 kB
#26 216.2 web:build: build/client/assets/wiki-ydKFokyx.js                                              4.94 kB │ gzip:   1.74 kB
#26 216.2 web:build: build/client/assets/page-BKizeIKC.js                                              4.97 kB │ gzip:   1.77 kB
#26 216.2 web:build: build/client/assets/linear-progress-pqE_-vQ2.js                                   4.97 kB │ gzip:   1.77 kB
#26 216.2 web:build: build/client/assets/settings-DAeOb0ek.js                                          4.99 kB │ gzip:   1.85 kB
#26 216.2 web:build: build/client/assets/dropdown-xOAf_H10.js                                          4.99 kB │ gzip:   2.06 kB
#26 216.2 web:build: build/client/assets/llvm-Cm23YOpf.js                                              5.04 kB │ gzip:   2.01 kB
#26 216.2 web:build: build/client/assets/layout-BvNGfqC72.js                                           5.07 kB │ gzip:   2.15 kB
#26 216.2 web:build: build/client/assets/workflow-isp9AKQy.js                                          5.10 kB │ gzip:   1.35 kB
#26 216.2 web:build: build/client/assets/wgsl-BsKzXJz4.js                                              5.13 kB │ gzip:   1.38 kB
#26 216.2 web:build: build/client/assets/member-header-column-BBAwFufK.js                              5.17 kB │ gzip:   1.62 kB
#26 216.2 web:build: build/client/assets/page-CmWBZuqI.js                                              5.22 kB │ gzip:   1.85 kB
#26 216.2 web:build: build/client/assets/quick-actions-DvjESU7m.js                                     5.27 kB │ gzip:   2.22 kB
#26 216.2 web:build: build/client/assets/page-D_I-zTbv.js                                              5.27 kB │ gzip:   2.13 kB
#26 216.2 web:build: build/client/assets/gdresource-C0sCabJj.js                                        5.28 kB │ gzip:   1.33 kB
#26 216.2 web:build: build/client/assets/archive-restore-modal-CoYrFr34.js                             5.28 kB │ gzip:   1.95 kB
#26 216.2 web:build: build/client/assets/page-DPUd1AIl.js                                              5.28 kB │ gzip:   2.33 kB
#26 216.2 web:build: build/client/assets/settings-CaxbHeg1.js                                          5.30 kB │ gzip:   1.90 kB
#26 216.2 web:build: build/client/assets/zig-CMLA9XwU.js                                               5.33 kB │ gzip:   1.55 kB
#26 216.2 web:build: build/client/assets/qml-CxQ9iuoM.js                                               5.33 kB │ gzip:   1.38 kB
#26 216.2 web:build: build/client/assets/dax-BkyTk9wS.js                                               5.35 kB │ gzip:   2.21 kB
#26 216.2 web:build: build/client/assets/bicep-CUHmPFLl.js                                             5.37 kB │ gzip:   1.14 kB
#26 216.2 web:build: build/client/assets/CompositeList-DqrLl_oC.js                                     5.39 kB │ gzip:   2.27 kB
#26 216.2 web:build: build/client/assets/state_group-BFhIca3g.js                                       5.40 kB │ gzip:   1.84 kB
#26 216.2 web:build: build/client/assets/createBaseUIEventDetails-D4SNwoT7.js                          5.41 kB │ gzip:   2.35 kB
#26 216.2 web:build: build/client/assets/xml-CoLOUJxJ.js                                               5.43 kB │ gzip:   1.24 kB
#26 216.2 web:build: build/client/assets/awk-BWXHIvNe.js                                               5.45 kB │ gzip:   1.37 kB
#26 216.2 web:build: build/client/assets/use-issue-layout-store-CqNipMsU.js                            5.47 kB │ gzip:   2.51 kB
#26 216.2 web:build: build/client/assets/coq-BrsZFFmf.js                                               5.54 kB │ gzip:   1.91 kB
#26 216.2 web:build: build/client/assets/automation-Cqgil4Q3.js                                        5.57 kB │ gzip:   2.28 kB
#26 216.2 web:build: build/client/assets/automation-CnoWamTe.js                                        5.59 kB │ gzip:   2.28 kB
#26 216.2 web:build: build/client/assets/avatar-Bp14MpH8.js                                            5.62 kB │ gzip:   2.25 kB
#26 216.2 web:build: build/client/assets/jinja-CyOrcBWt.js                                             5.62 kB │ gzip:   1.36 kB
#26 216.2 web:build: build/client/assets/automation-8SQZg96F.js                                        5.74 kB │ gzip:   1.99 kB
#26 216.2 web:build: build/client/assets/automation-DIoarNQ4.js                                        5.74 kB │ gzip:   1.99 kB
#26 216.2 web:build: build/client/assets/linear-CmlfRLWM.js                                            5.75 kB │ gzip:   2.36 kB
#26 216.2 web:build: build/client/assets/lean-CewbzKMR.js                                              5.77 kB │ gzip:   1.91 kB
#26 216.2 web:build: build/client/assets/power-k-Cjghq2Mj.js                                           5.78 kB │ gzip:   1.95 kB
#26 216.2 web:build: build/client/assets/tour-C-JopYpk.js                                              5.81 kB │ gzip:   2.61 kB
#26 216.2 web:build: build/client/assets/wiki-Ds9YjdsV.js                                              5.81 kB │ gzip:   1.90 kB
#26 216.2 web:build: build/client/assets/chunk-PWAF6VOD-l-cfT7Xn.js                                    5.82 kB │ gzip:   2.67 kB
#26 216.2 web:build: build/client/assets/tour-BlaRjN6g.js                                              5.84 kB │ gzip:   2.61 kB
#26 216.2 web:build: build/client/assets/power-k-VDliYLql.js                                           5.89 kB │ gzip:   1.95 kB
#26 216.2 web:build: build/client/assets/moonbit-CaWjb8XO.js                                           5.89 kB │ gzip:   1.67 kB
#26 216.2 web:build: build/client/assets/layout-DkFPj5VH2.js                                           5.89 kB │ gzip:   2.28 kB
#26 216.2 web:build: build/client/assets/powerquery-DNMTfnFr.js                                        5.89 kB │ gzip:   1.51 kB
#26 216.2 web:build: build/client/assets/shaderlab-TOUzSsQk.js                                         5.91 kB │ gzip:   2.08 kB
#26 216.2 web:build: build/client/assets/modal-BT8p6kCd.js                                             5.92 kB │ gzip:   2.38 kB
#26 216.2 web:build: build/client/assets/verilog-CiiDBU1e.js                                           5.92 kB │ gzip:   1.89 kB
#26 216.2 web:build: build/client/assets/cypher-ClKdZ_lG.js                                            5.94 kB │ gzip:   1.71 kB
#26 216.2 web:build: build/client/assets/wiki--l6C5tTa.js                                              5.98 kB │ gzip:   1.94 kB
#26 216.2 web:build: build/client/assets/automation-BrVZtCjy.js                                        5.99 kB │ gzip:   2.11 kB
#26 216.2 web:build: build/client/assets/power-k-DdBbNJxd.js                                           6.02 kB │ gzip:   1.61 kB
#26 216.2 web:build: build/client/assets/power-k-hw266zFl.js                                           6.02 kB │ gzip:   1.61 kB
#26 216.2 web:build: build/client/assets/diagram-UQ7AKVKN-Ca1bQUDU.js                                  6.06 kB │ gzip:   2.56 kB
#26 216.2 web:build: build/client/assets/power-k-CrawIpZi.js                                           6.06 kB │ gzip:   1.76 kB
#26 216.2 web:build: build/client/assets/tour-Cv7qvrCB.js                                              6.06 kB │ gzip:   2.34 kB
#26 216.2 web:build: build/client/assets/tour-DLb1MQFK.js                                              6.06 kB │ gzip:   2.34 kB
#26 216.2 web:build: build/client/assets/vb-Djn5o6TS.js                                                6.08 kB │ gzip:   2.33 kB
#26 216.2 web:build: build/client/assets/security-CPcw7Prj.js                                          6.15 kB │ gzip:   1.85 kB
#26 216.2 web:build: build/client/assets/lite-text-GGnB5tyq.js                                         6.16 kB │ gzip:   2.47 kB
#26 216.2 web:build: build/client/assets/pieDiagram-E7YTZNPT-W56ePAJs.js                               6.16 kB │ gzip:   2.56 kB
#26 216.2 web:build: build/client/assets/page-km1Z6GBK.js                                              6.17 kB │ gzip:   2.40 kB
#26 216.2 web:build: build/client/assets/automation-qs2RE9GK.js                                        6.25 kB │ gzip:   2.28 kB
#26 216.2 web:build: build/client/assets/red-CJ3rzSJv.js                                               6.25 kB │ gzip:   1.59 kB
#26 216.2 web:build: build/client/assets/min-dark-BSWPekZh.js                                          6.28 kB │ gzip:   1.70 kB
#26 216.2 web:build: build/client/assets/automation-Su53vjGS.js                                        6.29 kB │ gzip:   2.22 kB
#26 216.2 web:build: build/client/assets/automation-Cr8leGUZ.js                                        6.29 kB │ gzip:   2.39 kB
#26 216.2 web:build: build/client/assets/automation-BML3iZCR.js                                        6.31 kB │ gzip:   2.19 kB
#26 216.2 web:build: build/client/assets/gdshader-CBce3t8t.js                                          6.31 kB │ gzip:   1.72 kB
#26 216.2 web:build: build/client/assets/prisma-BsRQq5mF.js                                            6.32 kB │ gzip:   1.38 kB
#26 216.2 web:build: build/client/assets/issue.service-DsRAGjeA.js                                     6.33 kB │ gzip:   0.98 kB
#26 216.2 web:build: build/client/assets/ara-4CJ0cIlV.js                                               6.35 kB │ gzip:   1.80 kB
#26 216.2 web:build: build/client/assets/automation-B7jGNQ9x.js                                        6.40 kB │ gzip:   2.40 kB
#26 216.2 web:build: build/client/assets/clojure-DqKBuwfJ.js                                           6.40 kB │ gzip:   1.41 kB
#26 216.2 web:build: build/client/assets/postcss-BXeXVLqQ.js                                           6.41 kB │ gzip:   1.90 kB
#26 216.2 web:build: build/client/assets/toml-CcmNWLt0.js                                              6.41 kB │ gzip:   1.28 kB
#26 216.2 web:build: build/client/assets/graphlib--omoQRfj.js                                          6.42 kB │ gzip:   2.06 kB
#26 216.2 web:build: build/client/assets/automation-CgmvKGKW.js                                        6.44 kB │ gzip:   2.35 kB
#26 216.2 web:build: build/client/assets/power-k-Dykc40lg.js                                           6.45 kB │ gzip:   1.93 kB
#26 216.2 web:build: build/client/assets/automation-ykXvm54U.js                                        6.46 kB │ gzip:   2.36 kB
#26 216.2 web:build: build/client/assets/solarized-light-DSh2HLQt.js                                   6.47 kB │ gzip:   1.71 kB
#26 216.2 web:build: build/client/assets/automation-B-LP4a9N.js                                        6.54 kB │ gzip:   2.30 kB
#26 216.2 web:build: build/client/assets/proto-DB4EqR-F.js                                             6.54 kB │ gzip:   1.41 kB
#26 216.2 web:build: build/client/assets/automation-BiStXLVF.js                                        6.57 kB │ gzip:   2.24 kB
#26 216.2 web:build: build/client/assets/smalltalk-B16xEiuN.js                                         6.58 kB │ gzip:   1.61 kB
#26 216.2 web:build: build/client/assets/r-B2LHEa5O.js                                                 6.59 kB │ gzip:   1.83 kB
#26 216.2 web:build: build/client/assets/page-Dd83ftfR2.js                                             6.60 kB │ gzip:   2.59 kB
#26 216.2 web:build: build/client/assets/settings-DbTB1dwk.js                                          6.64 kB │ gzip:   1.80 kB
#26 216.2 web:build: build/client/assets/power-k-DnYW3Tvi.js                                           6.66 kB │ gzip:   1.88 kB
#26 216.2 web:build: build/client/assets/automation-UyenNHx7.js                                        6.73 kB │ gzip:   2.32 kB
#26 216.2 web:build: build/client/assets/talonscript-CohzipZa.js                                       6.75 kB │ gzip:   1.48 kB
#26 216.2 web:build: build/client/assets/power-k-pp0PtjOL.js                                           6.78 kB │ gzip:   1.99 kB
#26 216.2 web:build: build/client/assets/solarized-dark-DV17i1UV.js                                    6.84 kB │ gzip:   1.78 kB
#26 216.2 web:build: build/client/assets/automation-CfRuw0UX.js                                        6.85 kB │ gzip:   2.34 kB
#26 216.2 web:build: build/client/assets/tour-BZSJMeR8.js                                              6.85 kB │ gzip:   2.40 kB
#26 216.2 web:build: build/client/assets/attachment-BY8-SZ7Y.js                                        6.87 kB │ gzip:   2.40 kB
#26 216.2 web:build: build/client/assets/layout-BAn9C19l2.js                                           6.88 kB │ gzip:   2.54 kB
#26 216.2 web:build: build/client/assets/power-k-DFc1k4YO.js                                           6.89 kB │ gzip:   1.86 kB
#26 216.2 web:build: build/client/assets/riscv-Ckw8ddFX.js                                             6.90 kB │ gzip:   1.97 kB
#26 216.2 web:build: build/client/assets/soy-DHpNyqQh.js                                               6.92 kB │ gzip:   1.62 kB
#26 216.2 web:build: build/client/assets/power-k-CaUEryV9.js                                           6.93 kB │ gzip:   1.94 kB
#26 216.2 web:build: build/client/assets/automation-Cu-Uyt41.js                                        6.95 kB │ gzip:   2.47 kB
#26 216.2 web:build: build/client/assets/power-k-DS3gcd6C.js                                           6.95 kB │ gzip:   1.90 kB
#26 216.2 web:build: build/client/assets/power-k-CsyjsYIJ.js                                           6.96 kB │ gzip:   2.01 kB
#26 216.2 web:build: build/client/assets/min-light-DDpmG2fV.js                                         6.96 kB │ gzip:   1.88 kB
#26 216.2 web:build: build/client/assets/AppProgressBar-CYUYeYe7.js                                    6.97 kB │ gzip:   2.24 kB
#26 216.2 web:build: build/client/assets/power-k-DFl-x_w8.js                                           6.98 kB │ gzip:   2.06 kB
#26 216.2 web:build: build/client/assets/tour-DQlLS0HT.js                                              6.98 kB │ gzip:   2.84 kB
#26 216.2 web:build: build/client/assets/global-BJA04f5j.js                                            6.98 kB │ gzip:   2.41 kB
#26 216.2 web:build: build/client/assets/tour-zV_XMvta.js                                              7.02 kB │ gzip:   2.75 kB
#26 216.2 web:build: build/client/assets/power-k-CXNgMQZY.js                                           7.02 kB │ gzip:   2.02 kB
#26 216.2 web:build: build/client/assets/tour-CPGkLD2R.js                                              7.02 kB │ gzip:   2.61 kB
#26 216.2 web:build: build/client/assets/tour-C_kzjdpV.js                                              7.03 kB │ gzip:   2.73 kB
#26 216.2 web:build: build/client/assets/image-picker-popover-BQtLZcGC.js                              7.05 kB │ gzip:   2.73 kB
#26 216.2 web:build: build/client/assets/power-k-CAwnqx3F.js                                           7.08 kB │ gzip:   1.91 kB
#26 216.2 web:build: build/client/assets/tour-7V7TeXnO.js                                              7.09 kB │ gzip:   2.60 kB
#26 216.2 web:build: build/client/assets/automation-BY4vN16S.js                                        7.10 kB │ gzip:   2.41 kB
#26 216.2 web:build: build/client/assets/scheme-DQCgrYNe.js                                            7.16 kB │ gzip:   2.04 kB
#26 216.2 web:build: build/client/assets/tour-CFWnrfEI.js                                              7.19 kB │ gzip:   2.64 kB
#26 216.2 web:build: build/client/assets/hlsl-Cvrh5tZx.js                                              7.25 kB │ gzip:   2.18 kB
#26 216.2 web:build: build/client/assets/workspace-level-qkb7b5d9.js                                   7.25 kB │ gzip:   2.92 kB
#26 216.2 web:build: build/client/assets/tour-By-e1_e6.js                                              7.25 kB │ gzip:   2.71 kB
#26 216.2 web:build: build/client/assets/page-DwVnZfSF2.js                                             7.27 kB │ gzip:   2.58 kB
#26 216.2 web:build: build/client/assets/power-k-BYPZkJ-X.js                                           7.41 kB │ gzip:   2.04 kB
#26 216.2 web:build: build/client/assets/tabs-CIqRqLJX.js                                              7.41 kB │ gzip:   3.06 kB
#26 216.2 web:build: build/client/assets/power-k-DAVHncb2.js                                           7.42 kB │ gzip:   1.96 kB
#26 216.2 web:build: build/client/assets/template-ClnJHnQs.js                                          7.43 kB │ gzip:   2.65 kB
#26 216.2 web:build: build/client/assets/template-CBVN_bcb.js                                          7.43 kB │ gzip:   2.63 kB
#26 216.2 web:build: build/client/assets/tour-BXI_mTDb.js                                              7.44 kB │ gzip:   2.69 kB
#26 216.2 web:build: build/client/assets/qss-Fe1Jh2GI.js                                               7.46 kB │ gzip:   2.57 kB
#26 216.2 web:build: build/client/assets/tour-BuXpo7Y4.js                                              7.48 kB │ gzip:   2.72 kB
#26 216.2 web:build: build/client/assets/tour-B61hdTbL.js                                              7.60 kB │ gzip:   2.80 kB
#26 216.2 web:build: build/client/assets/tour-pjzQmE1F.js                                              7.61 kB │ gzip:   2.75 kB
#26 216.2 web:build: build/client/assets/page-CNLRRq8f.js                                              7.67 kB │ gzip:   3.24 kB
#26 216.2 web:build: build/client/assets/useTypeahead-8JvuEkQh.js                                      7.76 kB │ gzip:   3.18 kB
#26 216.2 web:build: build/client/assets/power-k-Cld5dczR.js                                           7.77 kB │ gzip:   2.17 kB
#26 216.2 web:build: build/client/assets/dart-DkHntEIa.js                                              7.80 kB │ gzip:   1.91 kB
#26 216.2 web:build: build/client/assets/checkbox-B2LRvyXl.js                                          7.85 kB │ gzip:   3.31 kB
#26 216.2 web:build: build/client/assets/systemd-BxMlprV5.js                                           7.86 kB │ gzip:   2.54 kB
#26 216.2 web:build: build/client/assets/monokai-CdkpiU2Y.js                                           7.88 kB │ gzip:   1.90 kB
#26 216.2 web:build: build/client/assets/layout-HRQ1b444.js                                            7.89 kB │ gzip:   2.72 kB
#26 216.2 web:build: build/client/assets/page-DmUVZ0IW.js                                              7.94 kB │ gzip:   3.14 kB
#26 216.2 web:build: build/client/assets/navigation-CWhYCT9l.js                                        7.98 kB │ gzip:   3.16 kB
#26 216.2 web:build: build/client/assets/regexp-tQfEh5Di.js                                            8.04 kB │ gzip:   1.46 kB
#26 216.2 web:build: build/client/assets/template-bMFqSxsA.js                                          8.07 kB │ gzip:   2.36 kB
#26 216.2 web:build: build/client/assets/template-bjtmnR9A.js                                          8.07 kB │ gzip:   2.36 kB
#26 216.2 web:build: build/client/assets/layout-FAWqLGl82.js                                           8.18 kB │ gzip:   2.93 kB
#26 216.2 web:build: build/client/assets/diagram-S7CK7UJ4-Bp3Ttj1I.js                                  8.19 kB │ gzip:   3.65 kB
#26 216.2 web:build: build/client/assets/tour-rtTtH9IQ.js                                              8.22 kB │ gzip:   2.79 kB
#26 216.2 web:build: build/client/assets/layout-jfyUNPD-2.js                                           8.23 kB │ gzip:   2.92 kB
#26 216.2 web:build: build/client/assets/tour-CTQwFT0K.js                                              8.27 kB │ gzip:   2.91 kB
#26 216.2 web:build: build/client/assets/haml-7mDlFw42.js                                              8.32 kB │ gzip:   1.85 kB
#26 216.2 web:build: build/client/assets/page-CQSyiH7z.js                                              8.35 kB │ gzip:   2.74 kB
#26 216.2 web:build: build/client/assets/typst-DI99ib-x.js                                             8.38 kB │ gzip:   1.66 kB
#26 216.2 web:build: build/client/assets/template-DB2CeHgD.js                                          8.46 kB │ gzip:   2.39 kB
#26 216.2 web:build: build/client/assets/vue-html-DptIHH0x.js                                          8.47 kB │ gzip:   1.68 kB
#26 216.2 web:build: build/client/assets/plsql-DGHpHOYJ.js                                             8.50 kB │ gzip:   2.99 kB
#26 216.2 web:build: build/client/assets/field-CjF5NRMs.js                                             8.57 kB │ gzip:   3.41 kB
#26 216.2 web:build: build/client/assets/dropdowns-Ur5D0ZUt.js                                         8.65 kB │ gzip:   2.90 kB
#26 216.2 web:build: build/client/assets/authentication.helper-D79fHiaK.js                             8.67 kB │ gzip:   2.13 kB
#26 216.2 web:build: build/client/assets/template-B3q1v2mC.js                                          8.71 kB │ gzip:   2.76 kB
#26 216.2 web:build: build/client/assets/template-PH6OjQXR.js                                          8.74 kB │ gzip:   2.69 kB
#26 216.2 web:build: build/client/assets/automation-D5NE3cce.js                                        8.74 kB │ gzip:   2.67 kB
#26 216.2 web:build: build/client/assets/horizon-CE9ld1lL.js                                           8.77 kB │ gzip:   1.94 kB
#26 216.2 web:build: build/client/assets/kotlin-DhhofPvG.js                                            8.77 kB │ gzip:   2.12 kB
#26 216.2 web:build: build/client/assets/horizon-bright-Br1oVSNq.js                                    8.78 kB │ gzip:   1.96 kB
#26 216.2 web:build: build/client/assets/template-DL5Begcn.js                                          8.80 kB │ gzip:   2.83 kB
#26 216.2 web:build: build/client/assets/gantt-layout-loader-DaBiukNR.js                               8.91 kB │ gzip:   3.23 kB
#26 216.2 web:build: build/client/assets/ts-tags-BHuAAlZ-.js                                           8.92 kB │ gzip:   1.20 kB
#26 216.2 web:build: build/client/assets/automation-C5hW8t_H.js                                        8.93 kB │ gzip:   2.71 kB
#26 216.2 web:build: build/client/assets/template-CSR3Xy3Z.js                                          8.94 kB │ gzip:   2.82 kB
#26 216.2 web:build: build/client/assets/make-Dixweg8N.js                                              8.95 kB │ gzip:   1.76 kB
#26 216.2 web:build: build/client/assets/template-DG9hcOdb.js                                          8.99 kB │ gzip:   2.80 kB
#26 216.2 web:build: build/client/assets/andromeeda-vGVdxbeo.js                                        9.01 kB │ gzip:   2.35 kB
#26 216.2 web:build: build/client/assets/auth-Cc1MPTlF.js                                              9.01 kB │ gzip:   2.91 kB
#26 216.2 web:build: build/client/assets/sas-Z7NrpXeD.js                                               9.06 kB │ gzip:   3.82 kB
#26 216.2 web:build: build/client/assets/template-URxNXPjP.js                                          9.09 kB │ gzip:   2.60 kB
#26 216.2 web:build: build/client/assets/dark-plus-Cs2F2srj.js                                         9.09 kB │ gzip:   2.10 kB
#26 216.2 web:build: build/client/assets/work-item-CnWu3TRU.js                                         9.10 kB │ gzip:   3.28 kB
#26 216.2 web:build: build/client/assets/slack-dark-DnToyrRv.js                                        9.11 kB │ gzip:   1.96 kB
#26 216.2 web:build: build/client/assets/layout-CXAY-CM_.js                                            9.16 kB │ gzip:   3.27 kB
#26 216.2 web:build: build/client/assets/auth-CJFLF46-.js                                              9.22 kB │ gzip:   2.93 kB
#26 216.2 web:build: build/client/assets/sass-DXrisJhu.js                                              9.28 kB │ gzip:   2.48 kB
#26 216.2 web:build: build/client/assets/plastic-DQwYfKfQ.js                                           9.29 kB │ gzip:   1.96 kB
#26 216.2 web:build: build/client/assets/auth-Djr-NUSJ.js                                              9.33 kB │ gzip:   2.58 kB
#26 216.2 web:build: build/client/assets/template-BFQSqx5H.js                                          9.34 kB │ gzip:   2.78 kB
#26 216.2 web:build: build/client/assets/useId-5JKwIId7.js                                             9.36 kB │ gzip:   3.91 kB
#26 216.2 web:build: build/client/assets/template-C5ag49b1.js                                          9.39 kB │ gzip:   2.74 kB
#26 216.2 web:build: build/client/assets/empty-state-Bq3G7gyR.js                                       9.40 kB │ gzip:   3.56 kB
#26 216.2 web:build: build/client/assets/empty-state-DxPqV7qd.js                                       9.40 kB │ gzip:   3.53 kB
#26 216.2 web:build: build/client/assets/slack-ochin-B2OO5cIa.js                                       9.42 kB │ gzip:   2.08 kB
#26 216.2 web:build: build/client/assets/template-CseVeTmS.js                                          9.42 kB │ gzip:   2.71 kB
#26 216.2 web:build: build/client/assets/template-BJmBKP-P.js                                          9.48 kB │ gzip:   2.76 kB
#26 216.2 web:build: build/client/assets/work-item-DiNfWMa5.js                                         9.54 kB │ gzip:   3.38 kB
#26 216.2 web:build: build/client/assets/template-C_Kj7Apw.js                                          9.56 kB │ gzip:   2.78 kB
#26 216.2 web:build: build/client/assets/element-CHfkgVf2.js                                           9.57 kB │ gzip:   3.38 kB
#26 216.2 web:build: build/client/assets/sidebar-DCT7hvCr.js                                           9.57 kB │ gzip:   3.93 kB
#26 216.2 web:build: build/client/assets/tex-BzenyBdz.js                                               9.67 kB │ gzip:   3.06 kB
#26 216.2 web:build: build/client/assets/jison-BfOYwCix.js                                             9.69 kB │ gzip:   1.86 kB
#26 216.2 web:build: build/client/assets/chunk-L3NEJ4N5-iEGFVUl_.js                                    9.70 kB │ gzip:   2.97 kB
#26 216.2 web:build: build/client/assets/work-item-BcsNL1Fo.js                                         9.74 kB │ gzip:   2.97 kB
#26 216.2 web:build: build/client/assets/cmake-Bj61d0ZC.js                                             9.84 kB │ gzip:   3.37 kB
#26 216.2 web:build: build/client/assets/auth-C2Cxr9Zz.js                                              9.87 kB │ gzip:   2.69 kB
#26 216.2 web:build: build/client/assets/cynefinDiagram-5FMLGOSQ-D3jm5Mza.js                           9.90 kB │ gzip:   3.50 kB
#26 216.2 web:build: build/client/assets/light-plus-DVQuIRkW.js                                        9.93 kB │ gzip:   2.27 kB
#26 216.2 web:build: build/client/assets/project-C0o497tv.js                                           9.94 kB │ gzip:   3.51 kB
#26 216.2 web:build: build/client/assets/empty-state-BNt6sbyW.js                                       9.94 kB │ gzip:   3.21 kB
#26 216.2 web:build: build/client/assets/project-CnRyzmlr.js                                           9.95 kB │ gzip:   3.55 kB
#26 216.2 web:build: build/client/assets/page-l2CSd951.js                                             10.02 kB │ gzip:   3.82 kB
#26 216.2 web:build: build/client/assets/project-C4kd0cHF.js                                          10.02 kB │ gzip:   3.55 kB
#26 216.2 web:build: build/client/assets/hcl-Dh228itO.js                                              10.04 kB │ gzip:   1.93 kB
#26 216.2 web:build: build/client/assets/power-k-CaWVjKt2.js                                          10.07 kB │ gzip:   2.39 kB
#26 216.2 web:build: build/client/assets/auth-C1-zi8fx.js                                             10.09 kB │ gzip:   2.80 kB
#26 216.2 web:build: build/client/assets/template-BvMilhBT.js                                         10.16 kB │ gzip:   2.88 kB
#26 216.2 web:build: build/client/assets/modal-B148Qp9g.js                                            10.16 kB │ gzip:   3.81 kB
#26 216.2 web:build: build/client/assets/index-BFzc1bXT.js                                            10.25 kB │ gzip:   4.72 kB
#26 216.2 web:build: build/client/assets/use-issues-actions-D6Pph5Sw.js                               10.26 kB │ gzip:   1.33 kB
#26 216.2 web:build: build/client/assets/auth-CvAgSoOb.js                                             10.30 kB │ gzip:   3.07 kB
#26 216.2 web:build: build/client/assets/rst-Clv47vPL.js                                              10.31 kB │ gzip:   2.25 kB
#26 216.2 web:build: build/client/assets/power-k-D8VR1XlU.js                                          10.32 kB │ gzip:   2.43 kB
#26 216.2 web:build: build/client/assets/pkl-ot-7Btpt.js                                              10.36 kB │ gzip:   1.37 kB
#26 216.2 web:build: build/client/assets/beancount-D-usSTwE.js                                        10.36 kB │ gzip:   1.43 kB
#26 216.2 web:build: build/client/assets/auth-CgOTuNKv.js                                             10.38 kB │ gzip:   2.86 kB
#26 216.2 web:build: build/client/assets/work-item-C0FiMJsi.js                                        10.39 kB │ gzip:   3.07 kB
#26 216.2 web:build: build/client/assets/nextflow-groovy-Dc_ddanL.js                                  10.39 kB │ gzip:   2.12 kB
#26 216.2 web:build: build/client/assets/chunk-2E4U76K2-CCb7fKSF.js                                   10.40 kB │ gzip:   4.16 kB
#26 216.2 web:build: build/client/assets/auth-D9KKDi2E.js                                             10.43 kB │ gzip:   3.09 kB
#26 216.2 web:build: build/client/assets/dream-maker-DW3nJb8Q.js                                      10.46 kB │ gzip:   2.25 kB
#26 216.2 web:build: build/client/assets/raku-B3gFvitq.js                                             10.46 kB │ gzip:   2.94 kB
#26 216.2 web:build: build/client/assets/project-D4WQNT9M.js                                          10.55 kB │ gzip:   3.46 kB
#26 216.2 web:build: build/client/assets/yaml-Cx9nXXjt.js                                             10.56 kB │ gzip:   2.31 kB
#26 216.2 web:build: build/client/assets/auth-B6cByhO0.js                                             10.57 kB │ gzip:   3.11 kB
#26 216.2 web:build: build/client/assets/work-item-type-ZX4MXiXf.js                                   10.60 kB │ gzip:   3.69 kB
#26 216.2 web:build: build/client/assets/stateDiagram-D77RDMKH-DuiDM03A.js                            10.63 kB │ gzip:   3.72 kB
#26 216.2 web:build: build/client/assets/diagram-VSXAHHWV-FdQyWP4z.js                                 10.66 kB │ gzip:   4.11 kB
#26 216.2 web:build: build/client/assets/workspace-DHYBynUW.js                                        10.69 kB │ gzip:   4.36 kB
#26 216.2 web:build: build/client/assets/just-BAXkPPyX.js                                             10.76 kB │ gzip:   2.60 kB
#26 216.2 web:build: build/client/assets/auth-C2pym3f3.js                                             10.78 kB │ gzip:   3.01 kB
#26 216.2 web:build: build/client/assets/work-item-CeDlM3C5.js                                        10.83 kB │ gzip:   3.32 kB
#26 216.2 web:build: build/client/assets/workspace-BXw5BU12.js                                        10.84 kB │ gzip:   4.41 kB
#26 216.2 web:build: build/client/assets/work-item-type-BIxIFyIv.js                                   10.89 kB │ gzip:   3.78 kB
#26 216.2 web:build: build/client/assets/auth-CzM4are9.js                                             10.94 kB │ gzip:   3.02 kB
#26 216.2 web:build: build/client/assets/elm-D5BIZDWc.js                                              10.94 kB │ gzip:   2.09 kB
#26 216.2 web:build: build/client/assets/dagre-GXQ25YYZ-CGCLpJ54.js                                   10.95 kB │ gzip:   4.13 kB
#26 216.2 web:build: build/client/assets/tour-Np_cJqdr.js                                             10.96 kB │ gzip:   3.30 kB
#26 216.2 web:build: build/client/assets/auth-BbC7GZsQ.js                                             10.99 kB │ gzip:   2.96 kB
#26 216.2 web:build: build/client/assets/auth-BD92_Pj8.js                                             11.00 kB │ gzip:   2.90 kB
#26 216.2 web:build: build/client/assets/empty-state-aOlDk0BH.js                                      11.03 kB │ gzip:   3.29 kB
#26 216.2 web:build: build/client/assets/workspace-C0wgOcBZ.js                                        11.08 kB │ gzip:   3.86 kB
#26 216.2 web:build: build/client/assets/auth-CIl-H_9f.js                                             11.16 kB │ gzip:   3.10 kB
#26 216.2 web:build: build/client/assets/project-CnRajxhz.js                                          11.16 kB │ gzip:   4.17 kB
#26 216.2 web:build: build/client/assets/github-light-EUqPIrTm.js                                     11.18 kB │ gzip:   2.49 kB
#26 216.2 web:build: build/client/assets/work-item-BIs4_-ll.js                                        11.19 kB │ gzip:   3.49 kB
#26 216.2 web:build: build/client/assets/work-item-type-Aof6SdAr.js                                   11.29 kB │ gzip:   3.26 kB
#26 216.2 web:build: build/client/assets/work-item-type-CTPufGj2.js                                   11.29 kB │ gzip:   3.26 kB
#26 216.2 web:build: build/client/assets/api-tokens-B_yUOfBN.js                                       11.30 kB │ gzip:   3.70 kB
#26 216.2 web:build: build/client/assets/prolog-iXnhIJG7.js                                           11.34 kB │ gzip:   3.84 kB
#26 216.2 web:build: build/client/assets/auth-CPRZs6tL.js                                             11.36 kB │ gzip:   3.04 kB
#26 216.2 web:build: build/client/assets/terraform-DswuEJGm.js                                        11.38 kB │ gzip:   2.51 kB
#26 216.2 web:build: build/client/assets/work-item-Rjf9yG_c.js                                        11.38 kB │ gzip:   3.40 kB
#26 216.2 web:build: build/client/assets/github-dark-C-LZuMrd.js                                      11.40 kB │ gzip:   2.53 kB
#26 216.2 web:build: build/client/assets/puppet-CDv2pdJW.js                                           11.43 kB │ gzip:   2.10 kB
#26 216.2 web:build: build/client/assets/project-BAIWpDRH.js                                          11.44 kB │ gzip:   4.32 kB
#26 216.2 web:build: build/client/assets/template-DP8X_DA4.js                                         11.48 kB │ gzip:   2.98 kB
#26 216.2 web:build: build/client/assets/laserwave-C_8bwKvT.js                                        11.49 kB │ gzip:   2.57 kB
#26 216.2 web:build: build/client/assets/work-item-C3gqMnSF.js                                        11.51 kB │ gzip:   3.57 kB
#26 216.2 web:build: build/client/assets/helper-CYaZOpZR.js                                           11.53 kB │ gzip:   4.64 kB
#26 216.2 web:build: build/client/assets/tour-CsNY5xTT.js                                             11.55 kB │ gzip:   3.40 kB
#26 216.2 web:build: build/client/assets/project-BM1JIObL.js                                          11.55 kB │ gzip:   3.75 kB
#26 216.2 web:build: build/client/assets/work-item-e3nX2803.js                                        11.56 kB │ gzip:   3.32 kB
#26 216.2 web:build: build/client/assets/empty-state-CT_StX9m.js                                      11.62 kB │ gzip:   3.52 kB
#26 216.2 web:build: build/client/assets/work-item-DaYfRq2P.js                                        11.66 kB │ gzip:   3.37 kB
#26 216.2 web:build: build/client/assets/empty-state-B99-siie.js                                      11.68 kB │ gzip:   3.67 kB
#26 216.2 web:build: build/client/assets/work-item-D8pvbnwt.js                                        11.68 kB │ gzip:   3.30 kB
#26 216.2 web:build: build/client/assets/scrollarea-FXnUTOZX.js                                       11.71 kB │ gzip:   4.07 kB
#26 216.2 web:build: build/client/assets/websandbox-BoUMuuTu.js                                       11.75 kB │ gzip:   3.41 kB
#26 216.2 web:build: build/client/assets/work-item-BB48tQEz.js                                        11.76 kB │ gzip:   3.52 kB
#26 216.2 web:build: build/client/assets/auth-D11eE3K-.js                                             11.79 kB │ gzip:   3.02 kB
#26 216.2 web:build: build/client/assets/empty-state-BjP8VPxP.js                                      11.79 kB │ gzip:   3.91 kB
#26 216.2 web:build: build/client/assets/workspace-QQffJ3pe.js                                        11.80 kB │ gzip:   4.32 kB
#26 216.2 web:build: build/client/assets/page-DqBxr8Zk.js                                             11.82 kB │ gzip:   3.80 kB
#26 216.2 web:build: build/client/assets/workspace-Bhmlh9a5.js                                        11.84 kB │ gzip:   4.39 kB
#26 216.2 web:build: build/client/assets/issue-progress-Bk72Op7d.js                                   11.85 kB │ gzip:   3.72 kB
#26 216.2 web:build: build/client/assets/work-item-4Np-IS29.js                                        11.86 kB │ gzip:   3.46 kB
#26 216.2 web:build: build/client/assets/empty-state-C5ElAZuw.js                                      11.86 kB │ gzip:   3.64 kB
#26 216.2 web:build: build/client/assets/workspace-ClDSYYBb.js                                        11.87 kB │ gzip:   4.38 kB
#26 216.2 web:build: build/client/assets/gherkin-DExj1W_8.js                                          11.93 kB │ gzip:   5.04 kB
#26 216.2 web:build: build/client/assets/empty-state-CMl7SJFD.js                                      11.94 kB │ gzip:   3.63 kB
#26 216.2 web:build: build/client/assets/workspace-BvK9LU9q.js                                        11.96 kB │ gzip:   3.96 kB
#26 216.2 web:build: build/client/assets/TabsList-BIoCHSRp.js                                         11.97 kB │ gzip:   4.46 kB
#26 216.2 web:build: build/client/assets/wasm-ByWQv1Qj.js                                             12.00 kB │ gzip:   2.17 kB
#26 216.2 web:build: build/client/assets/work-item-type-DlspNmuX.js                                   12.03 kB │ gzip:   3.42 kB
#26 216.2 web:build: build/client/assets/hjson-CxZEssPk.js                                            12.04 kB │ gzip:   1.64 kB
#26 216.2 web:build: build/client/assets/empty-state-AI4fcd76.js                                      12.08 kB │ gzip:   3.87 kB
#26 216.2 web:build: build/client/assets/work-item-MxyKucbm.js                                        12.12 kB │ gzip:   3.47 kB
#26 216.2 web:build: build/client/assets/user.service-B-FT4djj.js                                     12.13 kB │ gzip:   4.26 kB
#26 216.2 web:build: build/client/assets/empty-state-BLuYoJ6v.js                                      12.14 kB │ gzip:   3.94 kB
#26 216.2 web:build: build/client/assets/handlebars-BFpkyR2i.js                                       12.16 kB │ gzip:   2.37 kB
#26 216.2 web:build: build/client/assets/auth-pZhIDssA.js                                             12.28 kB │ gzip:   3.18 kB
#26 216.2 web:build: build/client/assets/select-D5go6hX-.js                                           12.28 kB │ gzip:   4.45 kB
#26 216.2 web:build: build/client/assets/root-JoOOdXQI.js                                             12.29 kB │ gzip:   3.78 kB
#26 216.2 web:build: build/client/assets/page-FgXqQdim.js                                             12.31 kB │ gzip:   4.28 kB
#26 216.2 web:build: build/client/assets/empty-state-DNIE8bOl.js                                      12.33 kB │ gzip:   3.72 kB
#26 216.2 web:build: build/client/assets/empty-state-CRUFpmQB.js                                      12.39 kB │ gzip:   3.87 kB
#26 216.2 web:build: build/client/assets/apache-U0d_L8uA.js                                           12.44 kB │ gzip:   3.71 kB
#26 216.2 web:build: build/client/assets/FloatingPortalLite-DWCCDThi.js                               12.47 kB │ gzip:   5.17 kB
#26 216.2 web:build: build/client/assets/auth-C_uMRudM.js                                             12.49 kB │ gzip:   3.07 kB
#26 216.2 web:build: build/client/assets/empty-state-DfNJCK4e.js                                      12.49 kB │ gzip:   3.72 kB
#26 216.2 web:build: build/client/assets/chunk-GMAD6QVW-DGHEgMGF.js                                   12.51 kB │ gzip:   5.00 kB
#26 216.2 web:build: build/client/assets/workspace-DecbUjX7.js                                        12.51 kB │ gzip:   4.30 kB
#26 216.2 web:build: build/client/assets/work-item-CFUpCP44.js                                        12.53 kB │ gzip:   3.58 kB
#26 216.2 web:build: build/client/assets/workspace-DvtNpwt0.js                                        12.56 kB │ gzip:   4.40 kB
#26 216.2 web:build: build/client/assets/work-item-B48iYDTX.js                                        12.58 kB │ gzip:   3.48 kB
#26 216.2 web:build: build/client/assets/header-DwYtVzRZ.js                                           12.64 kB │ gzip:   3.66 kB
#26 216.2 web:build: build/client/assets/page-BW3KkbBZ.js                                             12.66 kB │ gzip:   4.36 kB
#26 216.2 web:build: build/client/assets/vesper-D5bVUKB1.js                                           12.68 kB │ gzip:   1.98 kB
#26 216.2 web:build: build/client/assets/work-item-HHwVbXT9.js                                        12.71 kB │ gzip:   3.49 kB
#26 216.2 web:build: build/client/assets/workspace-BYV0Z2GE.js                                        12.72 kB │ gzip:   4.25 kB
#26 216.2 web:build: build/client/assets/project-CzlWPj4o.js                                          12.80 kB │ gzip:   3.90 kB
#26 216.2 web:build: build/client/assets/page-Bf5wk1kI.js                                             12.83 kB │ gzip:   4.00 kB
#26 216.2 web:build: build/client/assets/workspace-DSTnec_G.js                                        12.86 kB │ gzip:   4.33 kB
#26 216.2 web:build: build/client/assets/workspace-DCZd2l6f.js                                        12.86 kB │ gzip:   4.37 kB
#26 216.2 web:build: build/client/assets/bat-Bo4NYOV-.js                                              12.88 kB │ gzip:   3.22 kB
#26 216.2 web:build: build/client/assets/layout-j7iJ0KDQ.js                                           12.91 kB │ gzip:   4.41 kB
#26 216.2 web:build: build/client/assets/workspace-CPB_be9k.js                                        12.97 kB │ gzip:   4.57 kB
#26 216.2 web:build: build/client/assets/fish-BJitypiv.js                                             13.03 kB │ gzip:   1.73 kB
#26 216.2 web:build: build/client/assets/empty-state-WFJ71lb_.js                                      13.03 kB │ gzip:   3.86 kB
#26 216.2 web:build: build/client/assets/project-BPzqf34c.js                                          13.03 kB │ gzip:   4.15 kB
#26 216.2 web:build: build/client/assets/workspace-D-sM0reN.js                                        13.09 kB │ gzip:   4.45 kB
#26 216.2 web:build: build/client/assets/v-DETTlOr0.js                                                13.20 kB │ gzip:   2.73 kB
#26 216.2 web:build: build/client/assets/radar-chart-SYd5Pzj1.js                                      13.24 kB │ gzip:   4.35 kB
#26 216.2 web:build: build/client/assets/project-CkyvoVmT.js                                          13.30 kB │ gzip:   4.41 kB
#26 216.2 web:build: build/client/assets/work-item-type-BMrX5Ijz.js                                   13.30 kB │ gzip:   3.85 kB
#26 216.2 web:build: build/client/assets/project-BfDUdmny.js                                          13.36 kB │ gzip:   4.15 kB
#26 216.2 web:build: build/client/assets/work-item-type-DVT3_5N_.js                                   13.58 kB │ gzip:   3.82 kB
#26 216.2 web:build: build/client/assets/project-Aozhl21f.js                                          13.58 kB │ gzip:   4.31 kB
#26 216.2 web:build: build/client/assets/work-item-type-DsfupjLf.js                                   13.61 kB │ gzip:   4.12 kB
#26 216.2 web:build: build/client/assets/vitesse-light-VbXTXTou.js                                    13.61 kB │ gzip:   3.03 kB
#26 216.2 web:build: build/client/assets/workspace-BojPHmju.js                                        13.63 kB │ gzip:   4.52 kB
#26 216.2 web:build: build/client/assets/aurora-x-CDeNXAV0.js                                         13.65 kB │ gzip:   2.28 kB
#26 216.2 web:build: build/client/assets/project-DhvJfikU.js                                          13.65 kB │ gzip:   4.38 kB
#26 216.2 web:build: build/client/assets/general-CC871S4N.js                                          13.66 kB │ gzip:   4.13 kB
#26 216.2 web:build: build/client/assets/vitesse-black-fwtXNY1n.js                                    13.67 kB │ gzip:   3.05 kB
#26 216.2 web:build: build/client/assets/work-item-type-CVUqJQuC.js                                   13.72 kB │ gzip:   4.12 kB
#26 216.2 web:build: build/client/assets/vitesse-dark-BZCL-v6S.js                                     13.75 kB │ gzip:   3.06 kB
#26 216.2 web:build: build/client/assets/useOpenInteractionType-C-AoBd5s.js                           13.78 kB │ gzip:   5.23 kB
#26 216.2 web:build: build/client/assets/work-item-type-St_Im-sM.js                                   13.80 kB │ gzip:   4.18 kB
#26 216.2 web:build: build/client/assets/work-item-type-CYalL6hu.js                                   13.81 kB │ gzip:   3.78 kB
#26 216.2 web:build: build/client/assets/project-2nRqqtWi.js                                          13.82 kB │ gzip:   4.35 kB
#26 216.2 web:build: build/client/assets/template-BnL_YN39.js                                         13.83 kB │ gzip:   3.36 kB
#26 216.2 web:build: build/client/assets/pug-DTOOCNJY.js                                              13.84 kB │ gzip:   2.58 kB
#26 216.2 web:build: build/client/assets/empty-state-D5QrzW2A.js                                      13.86 kB │ gzip:   3.88 kB
#26 216.2 web:build: build/client/assets/template--IvPQfFu.js                                         13.88 kB │ gzip:   3.40 kB
#26 216.2 web:build: build/client/assets/luau-CNKltnaQ.js                                             13.95 kB │ gzip:   3.16 kB
#26 216.2 web:build: build/client/assets/empty-state-_Fn1fnOd.js                                      13.97 kB │ gzip:   3.92 kB
#26 216.2 web:build: build/client/assets/project-yib9wCm4.js                                          14.00 kB │ gzip:   4.47 kB
#26 216.2 web:build: build/client/assets/synthwave-84-nFMaYfgc.js                                     14.03 kB │ gzip:   2.85 kB
#26 216.2 web:build: build/client/assets/work-item-type-CiNl8er5.js                                   14.05 kB │ gzip:   4.01 kB
#26 216.2 web:build: build/client/assets/page-D_bRbQjE.js                                             14.07 kB │ gzip:   4.49 kB
#26 216.2 web:build: build/client/assets/work-item-type-DS69mSwJ.js                                   14.08 kB │ gzip:   3.87 kB
#26 216.2 web:build: build/client/assets/project-settings-D3YZRosU.js                                 14.09 kB │ gzip:   4.91 kB
#26 216.2 web:build: build/client/assets/work-item-type-DXQdNtwV.js                                   14.09 kB │ gzip:   4.01 kB
#26 216.2 web:build: build/client/assets/github-light-default-BXViO-2h.js                             14.15 kB │ gzip:   3.02 kB
#26 216.2 web:build: build/client/assets/clarity-SemFz856.js                                          14.26 kB │ gzip:   2.46 kB
#26 216.2 web:build: build/client/assets/github-light-high-contrast-B68TUdTA.js                       14.27 kB │ gzip:   3.00 kB
#26 216.2 web:build: build/client/assets/layout-C-KGCYmK2.js                                          14.29 kB │ gzip:   4.30 kB
#26 216.2 web:build: build/client/assets/project-settings-DP_Pxggz.js                                 14.34 kB │ gzip:   4.99 kB
#26 216.2 web:build: build/client/assets/PolarAngleAxis-79IMB54e.js                                   14.39 kB │ gzip:   3.95 kB
#26 216.2 web:build: build/client/assets/github-dark-dimmed-Bx1FflLF.js                               14.43 kB │ gzip:   3.11 kB
#26 216.2 web:build: build/client/assets/github-dark-default-DXG-b-1a.js                              14.43 kB │ gzip:   3.12 kB
#26 216.2 web:build: build/client/assets/workspace-BrAf2UNS.js                                        14.51 kB │ gzip:   4.47 kB
#26 216.2 web:build: build/client/assets/project-ChMwp71D.js                                          14.54 kB │ gzip:   4.26 kB
#26 216.2 web:build: build/client/assets/work-item-type-DsKHlb22.js                                   14.54 kB │ gzip:   4.01 kB
#26 216.2 web:build: build/client/assets/work-item-type-CtaP6hJR.js                                   14.56 kB │ gzip:   4.08 kB
#26 216.2 web:build: build/client/assets/github-dark-high-contrast-B_tTalzw.js                        14.59 kB │ gzip:   3.07 kB
#26 216.2 web:build: build/client/assets/gnuplot-7GGW24-e.js                                          14.77 kB │ gzip:   3.27 kB
#26 216.2 web:build: build/client/assets/work-item-type-BolDFBZn.js                                   14.86 kB │ gzip:   3.95 kB
#26 216.2 web:build: build/client/assets/time-Ck92M8Q7.js                                             14.92 kB │ gzip:   4.81 kB
#26 216.2 web:build: build/client/assets/transfer-issues-modal-CoySnVmy.js                            15.00 kB │ gzip:   5.19 kB
#26 216.2 web:build: build/client/assets/project-zgRPG_3c.js                                          15.02 kB │ gzip:   4.31 kB
#26 216.2 web:build: build/client/assets/rust-Cfkwpbl8.js                                             15.06 kB │ gzip:   2.71 kB
#26 216.2 web:build: build/client/assets/auth-DYjrefTo.js                                             15.08 kB │ gzip:   3.62 kB
#26 216.2 web:build: build/client/assets/page-BkX8lkcX.js                                             15.14 kB │ gzip:   5.17 kB
#26 216.2 web:build: build/client/assets/kusto-BUv0MjJC.js                                            15.16 kB │ gzip:   3.93 kB
#26 216.2 web:build: build/client/assets/actionscript-3--17pq3dv.js                                   15.19 kB │ gzip:   2.67 kB
#26 216.2 web:build: build/client/assets/workspace-CyNSBSE4.js                                        15.20 kB │ gzip:   4.77 kB
#26 216.2 web:build: build/client/assets/auth-kKLdR1R0.js                                             15.25 kB │ gzip:   3.59 kB
#26 216.2 web:build: build/client/assets/project-settings-By3MFAUi.js                                 15.37 kB │ gzip:   4.49 kB
#26 216.2 web:build: build/client/assets/page-pWxFPsLf2.js                                            15.46 kB │ gzip:   5.44 kB
#26 216.2 web:build: build/client/assets/nix-IvuFDN5E.js                                              15.50 kB │ gzip:   2.47 kB
#26 216.2 web:build: build/client/assets/lua-Cjh6CzVx.js                                              15.58 kB │ gzip:   3.18 kB
#26 216.2 web:build: build/client/assets/work-item-type-CTODUd1R.js                                   15.63 kB │ gzip:   4.14 kB
#26 216.2 web:build: build/client/assets/chunk-SVP7TREG-CeAOFMh8.js                                   15.64 kB │ gzip:   4.36 kB
#26 216.2 web:build: build/client/assets/diagram-VX7I27RA-CErBuutH.js                                 15.73 kB │ gzip:   5.51 kB
#26 216.2 web:build: build/client/assets/integration-DowBhzuY.js                                      15.75 kB │ gzip:   4.93 kB
#26 216.2 web:build: build/client/assets/integration-Cp4OHnho.js                                      15.80 kB │ gzip:   4.97 kB
#26 216.2 web:build: build/client/assets/abap-CLvhMVsD.js                                             15.84 kB │ gzip:   5.93 kB
#26 216.2 web:build: build/client/assets/project-BePP7fe1.js                                          15.98 kB │ gzip:   4.62 kB
#26 216.2 web:build: build/client/assets/solidity-CKzVLygQ.js                                         16.06 kB │ gzip:   3.09 kB
#26 216.2 web:build: build/client/assets/matlab-D7qyCx1q.js                                           16.07 kB │ gzip:   3.06 kB
#26 216.2 web:build: build/client/assets/cue-CE9AQfxI.js                                              16.19 kB │ gzip:   2.04 kB
#26 216.2 web:build: build/client/assets/project-settings-5p9d_-li.js                                 16.22 kB │ gzip:   4.63 kB
#26 216.2 web:build: build/client/assets/elixir-BFJ5TWfm.js                                           16.26 kB │ gzip:   2.76 kB
#26 216.2 web:build: build/client/assets/spreadsheet-view-qfq4_HBl.js                                 16.36 kB │ gzip:   5.27 kB
#26 216.2 web:build: build/client/assets/odin-B1RWQWA5.js                                             16.50 kB │ gzip:   2.92 kB
#26 216.2 web:build: build/client/assets/isEmpty-B4XP56lu.js                                          16.52 kB │ gzip:   6.15 kB
#26 216.2 web:build: build/client/assets/activity-CaqczcUz.js                                         16.54 kB │ gzip:   2.94 kB
#26 216.2 web:build: build/client/assets/mermaid-parser.core-BCOGZFb-.js                              16.59 kB │ gzip:   3.93 kB
#26 216.2 web:build: build/client/assets/page-axduKFtL.js                                             16.65 kB │ gzip:   5.44 kB
#26 216.2 web:build: build/client/assets/work-item-Bjs_x5xm.js                                        16.73 kB │ gzip:   4.01 kB
#26 216.2 web:build: build/client/assets/integration-Dn0FksU7.js                                      16.76 kB │ gzip:   4.42 kB
#26 216.2 web:build: build/client/assets/integration-QxD-UH6q.js                                      16.76 kB │ gzip:   4.42 kB
#26 216.2 web:build: build/client/assets/work-item-CXTCZ__Z.js                                        16.79 kB │ gzip:   4.15 kB
#26 216.2 web:build: build/client/assets/project-settings-D6mA4kbQ.js                                 16.82 kB │ gzip:   5.23 kB
#26 216.2 web:build: build/client/assets/use-navigation-items-D75ZLicK.js                             16.84 kB │ gzip:   5.72 kB
#26 216.2 web:build: build/client/assets/project-settings-VS536DnH.js                                 16.91 kB │ gzip:   5.26 kB
#26 216.2 web:build: build/client/assets/bird2-C2hNVINV.js                                            16.96 kB │ gzip:   3.84 kB
#26 216.2 web:build: build/client/assets/project-settings-C3ltfbH9.js                                 17.03 kB │ gzip:   5.04 kB
#26 216.2 web:build: build/client/assets/project-settings-DaI3_wLh.js                                 17.03 kB │ gzip:   5.26 kB
#26 216.2 web:build: build/client/assets/kanagawa-wave-CTweb8Dz.js                                    17.12 kB │ gzip:   2.90 kB
#26 216.2 web:build: build/client/assets/kanagawa-lotus-BN08jTvb.js                                   17.12 kB │ gzip:   2.90 kB
#26 216.2 web:build: build/client/assets/kanagawa-dragon-CXtmUGW6.js                                  17.12 kB │ gzip:   2.92 kB
#26 216.2 web:build: build/client/assets/ishikawaDiagram-5VMMS53U-Da5O8aKq.js                         17.33 kB │ gzip:   6.53 kB
#26 216.2 web:build: build/client/assets/project-D9RotxtO.js                                          17.38 kB │ gzip:   4.66 kB
#26 216.2 web:build: build/client/assets/integration-DCzUQgDV.js                                      17.40 kB │ gzip:   4.70 kB
#26 216.2 web:build: build/client/assets/workspace-dveVzlXl.js                                        17.43 kB │ gzip:   5.05 kB
#26 216.2 web:build: build/client/assets/move-B1IS1UjX.js                                             17.49 kB │ gzip:   3.06 kB
#26 216.2 web:build: build/client/assets/project-settings-DZxCLxbg.js                                 17.53 kB │ gzip:   4.99 kB
#26 216.2 web:build: build/client/assets/project-settings-BZG8i75v.js                                 17.71 kB │ gzip:   5.12 kB
#26 216.2 web:build: build/client/assets/page-CegNlB6S.js                                             17.75 kB │ gzip:   5.26 kB
#26 216.2 web:build: build/client/assets/project-settings-CXjyoaV1.js                                 17.75 kB │ gzip:   5.21 kB
#26 216.2 web:build: build/client/assets/project-settings-C9iSmFtq.js                                 17.80 kB │ gzip:   5.00 kB
#26 216.2 web:build: build/client/assets/workspace-settings-C_fXs_WA.js                               17.95 kB │ gzip:   6.37 kB
#26 216.2 web:build: build/client/assets/work-item-CGSjTIng.js                                        17.99 kB │ gzip:   3.85 kB
#26 216.2 web:build: build/client/assets/page-BgtQ2_ty.js                                             18.02 kB │ gzip:   4.26 kB
#26 216.2 web:build: build/client/assets/graphql-rSMgrzOq.js                                          18.07 kB │ gzip:   2.53 kB
#26 216.2 web:build: build/client/assets/liquid-BDaup0TZ.js                                           18.10 kB │ gzip:   3.14 kB
#26 216.2 web:build: build/client/assets/web-hooks-BEJwf02r.js                                        18.14 kB │ gzip:   6.10 kB
#26 216.2 web:build: build/client/assets/project-settings-DnxXekDD.js                                 18.20 kB │ gzip:   5.05 kB
#26 216.2 web:build: build/client/assets/adapter-B_d2vXi-.js                                          18.21 kB │ gzip:   5.52 kB
#26 216.2 web:build: build/client/assets/integration-DMCPP2Oc.js                                      18.22 kB │ gzip:   5.16 kB
#26 216.2 web:build: build/client/assets/empty-state-DCdbr8HR.js                                      18.22 kB │ gzip:   4.55 kB
#26 216.2 web:build: build/client/assets/svelte-VVDv9FMD.js                                           18.24 kB │ gzip:   3.14 kB
#26 216.2 web:build: build/client/assets/workspace-settings-CohLmsMh.js                               18.25 kB │ gzip:   6.44 kB
#26 216.2 web:build: build/client/assets/workspace-D3eKlO1U.js                                        18.25 kB │ gzip:   5.10 kB
#26 216.2 web:build: build/client/assets/integration-TS_Y5nCw.js                                      18.29 kB │ gzip:   4.99 kB
#26 216.2 web:build: build/client/assets/project-settings-F-dyIkNA.js                                 18.34 kB │ gzip:   5.13 kB
#26 216.2 web:build: build/client/assets/integration-CQo7pb3O.js                                      18.34 kB │ gzip:   5.10 kB
#26 216.2 web:build: build/client/assets/base-Bc6s-JF2.js                                             18.45 kB │ gzip:   6.01 kB
#26 216.2 web:build: build/client/assets/page-CIY9uKNH.js                                             18.53 kB │ gzip:   6.34 kB
#26 216.2 web:build: build/client/assets/integration-DfwCp6rJ.js                                      18.54 kB │ gzip:   5.18 kB
#26 216.2 web:build: build/client/assets/integration-C7r-YskA.js                                      18.55 kB │ gzip:   5.16 kB
#26 216.2 web:build: build/client/assets/integration-CRSfy-ms.js                                      18.56 kB │ gzip:   5.10 kB
#26 216.2 web:build: build/client/assets/material-theme-Bm3Qr25_.js                                   18.61 kB │ gzip:   3.10 kB
#26 216.2 web:build: build/client/assets/material-theme-darker-2IIEA8gg.js                            18.62 kB │ gzip:   3.10 kB
#26 216.2 web:build: build/client/assets/material-theme-ocean-CHQ94UKr.js                             18.62 kB │ gzip:   3.12 kB
#26 216.2 web:build: build/client/assets/material-theme-lighter-uhdI0v04.js                           18.63 kB │ gzip:   3.10 kB
#26 216.2 web:build: build/client/assets/material-theme-palenight-B5W6OYN7.js                         18.63 kB │ gzip:   3.11 kB
#26 216.2 web:build: build/client/assets/integration-uu99enR3.js                                      18.67 kB │ gzip:   5.00 kB
#26 216.2 web:build: build/client/assets/integration-DVqYDqcm.js                                      18.73 kB │ gzip:   5.26 kB
#26 216.2 web:build: build/client/assets/project-settings-D1Uzxkoh.js                                 18.78 kB │ gzip:   5.20 kB
#26 216.2 web:build: build/client/assets/empty-state-DONHOhK9.js                                      18.82 kB │ gzip:   4.63 kB
#26 216.2 web:build: build/client/assets/integration-BqgZXNXg.js                                      18.92 kB │ gzip:   5.12 kB
#26 216.2 web:build: build/client/assets/gdscript-Cp2uCuqX.js                                         18.98 kB │ gzip:   3.75 kB
#26 216.2 web:build: build/client/assets/workspace-settings-BcoE1c4x.js                               19.03 kB │ gzip:   5.77 kB
#26 216.2 web:build: build/client/assets/integration-Dhs0csJv.js                                      19.10 kB │ gzip:   5.12 kB
#26 216.2 web:build: build/client/assets/groovy-CacY0gHj.js                                           19.17 kB │ gzip:   3.59 kB
#26 216.2 web:build: build/client/assets/integration-CsBaywPD.js                                      19.19 kB │ gzip:   5.21 kB
#26 216.2 web:build: build/client/assets/mdc-Dn4nw8Bi.js                                              19.54 kB │ gzip:   6.66 kB
#26 216.2 web:build: build/client/assets/project-settings-DY7T431c.js                                 19.63 kB │ gzip:   5.12 kB
#26 216.2 web:build: build/client/assets/floating-ui.react-dom-C8w0JLnB.js                            19.71 kB │ gzip:   7.70 kB
#26 216.2 web:build: build/client/assets/toast-CPJAF7h0.js                                            19.83 kB │ gzip:   6.85 kB
#26 216.2 web:build: build/client/assets/string-CcpFXn6f.js                                           19.85 kB │ gzip:   6.65 kB
#26 216.2 web:build: build/client/assets/work-item-type-DfX5XewP.js                                   20.00 kB │ gzip:   4.69 kB
#26 216.2 web:build: build/client/assets/ayu-dark-DluEY0Gj.js                                         20.07 kB │ gzip:   3.93 kB
#26 216.2 web:build: build/client/assets/ayu-mirage-Bqwy1Gya.js                                       20.08 kB │ gzip:   3.91 kB
#26 216.2 web:build: build/client/assets/workspace-settings-EW6mpYJ0.js                               20.08 kB │ gzip:   5.99 kB
#26 216.2 web:build: build/client/assets/glimmer-js-DU0XCRN2.js                                       20.08 kB │ gzip:   2.94 kB
#26 216.2 web:build: build/client/assets/glimmer-ts-DJWNSNUP.js                                       20.08 kB │ gzip:   2.93 kB
#26 216.2 web:build: build/client/assets/integration-D0QGuTeY.js                                      20.11 kB │ gzip:   5.08 kB
#26 216.2 web:build: build/client/assets/powershell-DshXNtvi.js                                       20.14 kB │ gzip:   4.05 kB
#26 216.2 web:build: build/client/assets/ayu-light-C3h-C4tm.js                                        20.14 kB │ gzip:   3.89 kB
#26 216.2 web:build: build/client/assets/work-item-type-mRHoENmw.js                                   20.18 kB │ gzip:   4.68 kB
#26 216.2 web:build: build/client/assets/kanban-definition-UXKFOSKX-Crat6b1X.js                       20.35 kB │ gzip:   7.18 kB
#26 216.2 web:build: build/client/assets/viml-DvXPmvsu.js                                             20.35 kB │ gzip:   6.73 kB
#26 216.2 web:build: build/client/assets/nushell-DcLAeLz5.js                                          20.40 kB │ gzip:   5.21 kB
#26 216.2 web:build: build/client/assets/integration-CtXTFiaS.js                                      20.43 kB │ gzip:   5.37 kB
#26 216.2 web:build: build/client/assets/project-settings-BQ4x6UuQ.js                                 20.58 kB │ gzip:   5.33 kB
#26 216.2 web:build: build/client/assets/snazzy-light-4G7pJPwS.js                                     20.77 kB │ gzip:   3.80 kB
#26 216.2 web:build: build/client/assets/workspace-settings-D2UJmaKQ.js                               20.86 kB │ gzip:   6.68 kB
#26 216.2 web:build: build/client/assets/utils-DsKTM82P.js                                            20.87 kB │ gzip:   8.22 kB
#26 216.2 web:build: build/client/assets/twig-DW91jh5e.js                                             20.90 kB │ gzip:   3.66 kB
#26 216.2 web:build: build/client/assets/base-list-root-CcxRlx70.js                                   20.96 kB │ gzip:   7.46 kB
#26 216.2 web:build: build/client/assets/workspace-settings-DZ_qqwPL.js                               20.96 kB │ gzip:   6.71 kB
#26 216.2 web:build: build/client/assets/dracula-BHWKrbxM.js                                          21.06 kB │ gzip:   3.99 kB
#26 216.2 web:build: build/client/assets/dracula-soft-5eyTD99u.js                                     21.07 kB │ gzip:   4.02 kB
#26 216.2 web:build: build/client/assets/workspace-settings-BcQaEoo6.js                               21.19 kB │ gzip:   6.79 kB
#26 216.2 web:build: build/client/assets/workspace-settings-CHqVv-rs.js                               21.32 kB │ gzip:   6.53 kB
#26 216.2 web:build: build/client/assets/workspace-settings-DzrxCRIa.js                               21.40 kB │ gzip:   6.52 kB
#26 216.2 web:build: build/client/assets/wit-DdvCle-K.js                                              21.46 kB │ gzip:   2.87 kB
#26 216.2 web:build: build/client/assets/workspace-settings-BCX7e3tH.js                               21.48 kB │ gzip:   6.60 kB
#26 216.2 web:build: build/client/assets/quick-add-BDj5kLJw.js                                        21.70 kB │ gzip:   5.50 kB
#26 216.2 web:build: build/client/assets/rose-pine-BthvhNj6.js                                        21.74 kB │ gzip:   3.86 kB
#26 216.2 web:build: build/client/assets/page-DwNOQE-x.js                                             21.74 kB │ gzip:   6.57 kB
#26 216.2 web:build: build/client/assets/rose-pine-moon-hon4tzzS.js                                   21.75 kB │ gzip:   3.87 kB
#26 216.2 web:build: build/client/assets/rose-pine-dawn-Dg85fqjY.js                                   21.75 kB │ gzip:   3.88 kB
#26 216.2 web:build: build/client/assets/project-settings-CuFt3oGw.js                                 21.85 kB │ gzip:   5.49 kB
#26 216.2 web:build: build/client/assets/workspace-Bi2R3mYw.js                                        21.87 kB │ gzip:   5.01 kB
#26 216.2 web:build: build/client/assets/workspace-settings-Hm3IWNlt.js                               21.96 kB │ gzip:   6.57 kB
#26 216.2 web:build: build/client/assets/page-BBhy5Fvr.js                                             21.96 kB │ gzip:   6.93 kB
#26 216.2 web:build: build/client/assets/workspace-settings-BnStH7kI.js                               22.31 kB │ gzip:   6.64 kB
#26 216.2 web:build: build/client/assets/nim-CTtD0l1l.js                                              22.45 kB │ gzip:   3.15 kB
#26 216.2 web:build: build/client/assets/workspace-settings-C-hk2zLQ.js                               22.49 kB │ gzip:   6.71 kB
#26 216.2 web:build: build/client/assets/common-lisp-Cv5bFMCO.js                                      22.57 kB │ gzip:   6.07 kB
#26 216.2 web:build: build/client/assets/surrealql-DxbeTTnI.js                                        22.58 kB │ gzip:   4.31 kB
#26 216.2 web:build: build/client/assets/auth-base-DiwiDEy7.js                                        22.62 kB │ gzip:   7.04 kB
#26 216.2 web:build: build/client/assets/gruvbox-dark-hard-C820rvS2.js                                22.63 kB │ gzip:   4.15 kB
#26 216.2 web:build: build/client/assets/gruvbox-dark-soft-MrdJrrXF.js                                22.63 kB │ gzip:   4.15 kB
#26 216.2 web:build: build/client/assets/gruvbox-light-hard-BC_s9l72.js                               22.63 kB │ gzip:   4.16 kB
#26 216.2 web:build: build/client/assets/gruvbox-light-soft-BSMLrYjP.js                               22.63 kB │ gzip:   4.16 kB
#26 216.2 web:build: build/client/assets/gruvbox-dark-medium-BPjhmG05.js                              22.63 kB │ gzip:   4.15 kB
#26 216.2 web:build: build/client/assets/gruvbox-light-medium-BAWPOn9u.js                             22.63 kB │ gzip:   4.16 kB
#26 216.2 web:build: build/client/assets/workspace-settings-CnJcBM-s.js                               22.75 kB │ gzip:   6.83 kB
#26 216.2 web:build: build/client/assets/mindmap-definition-YA3MSWOX-BtfcC2mS.js                      22.77 kB │ gzip:   7.63 kB
#26 216.2 web:build: build/client/assets/sankeyDiagram-P5KCCOFB-BGJlQGc0.js                           22.81 kB │ gzip:   8.26 kB
#26 216.2 web:build: build/client/assets/base-kanban-root-jY37zNoB.js                                 23.00 kB │ gzip:   7.36 kB
#26 216.2 web:build: build/client/assets/page-B-UH6Skf2.js                                            23.00 kB │ gzip:   7.71 kB
#26 216.2 web:build: build/client/assets/journeyDiagram-3NMN7TZE-DDy4dIcj.js                          23.20 kB │ gzip:   8.18 kB
#26 216.2 web:build: build/client/assets/chunk-75Z2AOVW-Cpsibjxm.js                                   23.21 kB │ gzip:   7.30 kB
#26 216.2 web:build: build/client/assets/workspace-settings-48i0zbEU.js                               23.31 kB │ gzip:   6.89 kB
#26 216.2 web:build: build/client/assets/sql-DJ9kaT5m.js                                              23.46 kB │ gzip:   7.48 kB
#26 216.2 web:build: build/client/assets/cadence-CQ2zXKGN.js                                          23.66 kB │ gzip:   3.65 kB
#26 216.2 web:build: build/client/assets/workspace-settings-zb5KNnIj.js                               23.70 kB │ gzip:   6.59 kB
#26 216.2 web:build: build/client/assets/project-settings-D0jFxKKx.js                                 23.87 kB │ gzip:   5.94 kB
#26 216.2 web:build: build/client/assets/properties-DtWY6Eaq.js                                       23.98 kB │ gzip:   7.12 kB
#26 216.2 web:build: build/client/assets/typespec-B88KGewJ.js                                         24.01 kB │ gzip:   2.58 kB
#26 216.2 web:build: build/client/assets/astro-C7JVYOne.js                                            24.02 kB │ gzip:   7.60 kB
#26 216.2 web:build: build/client/assets/apl-D_0wHQUg.js                                              24.02 kB │ gzip:   4.16 kB
#26 216.2 web:build: build/client/assets/templ-BshgNo7X.js                                            24.06 kB │ gzip:   5.41 kB
#26 216.2 web:build: build/client/assets/angular-html-DRv4WgpF.js                                     24.23 kB │ gzip:   3.98 kB
#26 216.2 web:build: build/client/assets/vhdl-BroJfC0k.js                                             24.25 kB │ gzip:   3.86 kB
#26 216.2 web:build: build/client/assets/vue-BsnNpAEl.js                                              24.48 kB │ gzip:   2.96 kB
#26 216.2 web:build: build/client/assets/purescript-9MfHhQsQ.js                                       24.67 kB │ gzip:   3.24 kB
#26 216.2 web:build: build/client/assets/project-wydIATxO.js                                          24.82 kB │ gzip:   5.04 kB
#26 216.2 web:build: build/client/assets/quick-action-dropdowns-Dsnp6qdP.js                           25.07 kB │ gzip:   4.78 kB
#26 216.2 web:build: build/client/assets/page-B1Pemf-6.js                                             25.18 kB │ gzip:   6.68 kB
#26 216.2 web:build: build/client/assets/wardleyDiagram-VM6X3IG4-CNmTeXE4.js                          25.22 kB │ gzip:   6.55 kB
#26 216.2 web:build: build/client/assets/one-light-D7Lr4KcI.js                                        25.29 kB │ gzip:   3.63 kB
#26 216.2 web:build: build/client/assets/fsharp-D13ZGOAj.js                                           25.30 kB │ gzip:   4.12 kB
#26 216.2 web:build: build/client/assets/integration-C7hHJHQL.js                                      25.30 kB │ gzip:   5.85 kB
#26 216.2 web:build: build/client/assets/workspace-settings-CmHhS92I.js                               25.31 kB │ gzip:   6.77 kB
#26 216.2 web:build: build/client/assets/marko-CHa0F7xg.js                                            25.48 kB │ gzip:   3.59 kB
#26 216.2 web:build: build/client/assets/workspace-settings-DR_U2Mj7.js                               25.55 kB │ gzip:   6.81 kB
#26 216.2 web:build: build/client/assets/c3-CnJL0r0V.js                                               25.62 kB │ gzip:   3.85 kB
#26 216.2 web:build: build/client/assets/integration-_rZMZw6W.js                                      25.86 kB │ gzip:   5.81 kB
#26 216.2 web:build: build/client/assets/night-owl-light-eJ-hLW7d.js                                  25.89 kB │ gzip:   4.23 kB
#26 216.2 web:build: build/client/assets/project-settings-BWGv4dZ5.js                                 25.94 kB │ gzip:   6.16 kB
#26 216.2 web:build: build/client/assets/layout-BCTjNoXc.js                                           26.01 kB │ gzip:   7.74 kB
#26 216.2 web:build: build/client/assets/bundle-mjs-BeY4Dw7-.js                                       26.09 kB │ gzip:   8.44 kB
#26 216.2 web:build: build/client/assets/system-verilog-DJ5XKQeo.js                                   26.19 kB │ gzip:   4.82 kB
#26 216.2 web:build: build/client/assets/empty-state-BWUUn9zP.js                                      26.26 kB │ gzip:   4.37 kB
#26 216.2 web:build: build/client/assets/nord-Cb4Vim4T.js                                             26.72 kB │ gzip:   4.35 kB
#26 216.2 web:build: build/client/assets/codeql-oeQT6MSM.js                                           26.87 kB │ gzip:   3.79 kB
#26 216.2 web:build: build/client/assets/rough.esm-CSKSodPl.js                                        27.10 kB │ gzip:   8.85 kB
#26 216.2 web:build: build/client/assets/scss-Bv9vhZCe.js                                             27.25 kB │ gzip:   4.22 kB
#26 216.2 web:build: build/client/assets/java-BvXLEmtK.js                                             27.27 kB │ gzip:   4.30 kB
#26 216.2 web:build: build/client/assets/coffee-BplaQ6IY.js                                           27.42 kB │ gzip:   6.35 kB
#26 216.2 web:build: build/client/assets/razor-CEfnZm5C.js                                            27.45 kB │ gzip:   3.54 kB
#26 216.2 web:build: build/client/assets/dagre-afyljun2.js                                            27.85 kB │ gzip:   9.82 kB
#26 216.2 web:build: build/client/assets/list-t-hj0U2b.js                                             28.37 kB │ gzip:   8.13 kB
#26 216.2 web:build: build/client/assets/scala-DKOlJaKm.js                                            28.87 kB │ gzip:   3.92 kB
#26 216.2 web:build: build/client/assets/night-owl-DhmEMT88.js                                        28.91 kB │ gzip:   5.14 kB
#26 216.2 web:build: build/client/assets/page-t0GLI-oq.js                                             28.94 kB │ gzip:   8.22 kB
#26 216.2 web:build: build/client/assets/gitGraphDiagram-WWUBYQGX-CWD84jpR.js                         29.01 kB │ gzip:   8.54 kB
#26 216.2 web:build: build/client/assets/crystal-Dojg-BOQ.js                                          29.41 kB │ gzip:   4.44 kB
#26 216.2 web:build: build/client/assets/mermaid-Bk4SNUv9.js                                          29.50 kB │ gzip:   3.64 kB
#26 216.2 web:build: build/client/assets/applescript-CCn79oCD.js                                      29.56 kB │ gzip:   5.94 kB
#26 216.2 web:build: build/client/assets/page-WlOTHpdW.js                                             29.67 kB │ gzip:   6.82 kB
#26 216.2 web:build: build/client/assets/workspace-settings-naczeU6N.js                               30.21 kB │ gzip:   7.67 kB
#26 216.2 web:build: build/client/assets/base-spreadsheet-root-CKprtv2n.js                            30.35 kB │ gzip:   9.17 kB
#26 216.2 web:build: build/client/assets/timeline-definition-24CTP7MA-B1tjLavY.js                     30.43 kB │ gzip:   9.97 kB
#26 216.2 web:build: build/client/assets/workspace-settings-DuQAZ4Y1.js                               30.62 kB │ gzip:   7.67 kB
#26 216.2 web:build: build/client/assets/erDiagram-RLTQ6QDP-CU1juI4i.js                               30.72 kB │ gzip:  10.56 kB
#26 216.2 web:build: build/client/assets/julia-Bjl0u5bi.js                                            30.99 kB │ gzip:   4.30 kB
#26 216.2 web:build: build/client/assets/requirementDiagram-BXWQKSXE-BzJMOxSS.js                      31.03 kB │ gzip:   9.78 kB
#26 216.2 web:build: build/client/assets/stylus-B6D30XZt.js                                           31.06 kB │ gzip:   8.01 kB
#26 216.2 web:build: build/client/assets/workflow-BNYn2R1b.js                                         32.05 kB │ gzip:   7.59 kB
#26 216.2 web:build: build/client/assets/errorBoundaries-LAZu_PI2.js                                  32.20 kB │ gzip:  11.23 kB
#26 216.2 web:build: build/client/assets/combobox-WubTiZ3N.js                                         33.00 kB │ gzip:  11.93 kB
#26 216.2 web:build: build/client/assets/page-DtMbutuL.js                                             33.34 kB │ gzip:  10.05 kB
#26 216.2 web:build: build/client/assets/poimandres-DRFjx7u4.js                                       33.49 kB │ gzip:   5.49 kB
#26 216.2 web:build: build/client/assets/quadrantDiagram-AXDQQJYC-DEU1Zbcz.js                         33.55 kB │ gzip:   9.75 kB
#26 216.2 web:build: build/client/assets/one-dark-pro-CLwyXe_n.js                                     33.78 kB │ gzip:   5.50 kB
#26 216.2 web:build: build/client/assets/bsl-BkkzgIyY.js                                              33.86 kB │ gzip:   8.34 kB
#26 216.2 web:build: build/client/assets/content-DqrqRu61.js                                          34.09 kB │ gzip:   9.68 kB
#26 216.2 web:build: build/client/assets/page-CWhXG0aG.js                                             34.14 kB │ gzip:  10.01 kB
#26 216.2 web:build: build/client/assets/haxe-OTjmBuCE.js                                             35.15 kB │ gzip:   5.90 kB
#26 216.2 web:build: build/client/assets/nginx-D_PdP7KV.js                                            35.35 kB │ gzip:   4.45 kB
#26 216.2 web:build: build/client/assets/houston-CsvMBhTu.js                                          35.41 kB │ gzip:   5.76 kB
#26 216.2 web:build: build/client/assets/tokyo-night-oM2G3aXe.js                                      35.66 kB │ gzip:   6.22 kB
#26 216.2 web:build: build/client/assets/area-chart-Bx1sfTZZ.js                                       35.89 kB │ gzip:   8.98 kB
#26 216.2 web:build: build/client/assets/index.esm-BcoDhGo9.js                                        36.17 kB │ gzip:  12.69 kB
#26 216.2 web:build: build/client/assets/mermaid.core-CMU1_W5w.js                                     36.17 kB │ gzip:  12.21 kB
#26 216.2 web:build: build/client/assets/chunk-OSK3NFVY-Au8cUcwz.js                                   36.46 kB │ gzip:   7.91 kB
#26 216.2 web:build: build/client/assets/src-LkizuOSg.js                                              37.23 kB │ gzip:  12.43 kB
#26 216.2 web:build: build/client/assets/common-DWaarlRK.js                                           37.31 kB │ gzip:  14.21 kB
#26 216.2 web:build: build/client/assets/erlang-Cphh6RMH.js                                           37.47 kB │ gzip:   4.36 kB
#26 216.2 web:build: build/client/assets/common-BOAHUmO8.js                                           37.61 kB │ gzip:  14.25 kB
#26 216.2 web:build: build/client/assets/chunk-IMKFNOWR-C_Y4F5y9.js                                   37.71 kB │ gzip:  12.28 kB
#26 216.2 web:build: build/client/assets/common-C2yROvaR.js                                           38.17 kB │ gzip:  13.14 kB
#26 216.2 web:build: build/client/assets/cobol-By77_Eob.js                                            39.09 kB │ gzip:  10.89 kB
#26 216.2 web:build: build/client/assets/marked.esm-DLdcrU5H.js                                       39.30 kB │ gzip:  11.88 kB
#26 216.2 web:build: build/client/assets/common-B5VRy63N.js                                           39.69 kB │ gzip:  13.58 kB
#26 216.2 web:build: build/client/assets/modal-DJ8gXh1B.js                                            40.00 kB │ gzip:  12.65 kB
#26 216.2 web:build: build/client/assets/common-Df-Ddg5r.js                                           40.56 kB │ gzip:  14.05 kB
#26 216.2 web:build: build/client/assets/asm-Cmm7eHzH.js                                              40.71 kB │ gzip:   8.16 kB
#26 216.2 web:build: build/client/assets/common-J3RRldPP.js                                           40.89 kB │ gzip:  14.51 kB
#26 216.2 web:build: build/client/assets/vennDiagram-4TSXK5OY-DFas2Ec7.js                             41.18 kB │ gzip:  15.10 kB
#26 216.2 web:build: build/client/assets/icons-DWzY_Ct4-CITOwqVy.js                                   41.23 kB │ gzip:  14.42 kB
#26 216.2 web:build: build/client/assets/common-DWGFA2ns.js                                           41.40 kB │ gzip:  14.60 kB
#26 216.2 web:build: build/client/assets/blockDiagram-I7D4REHJ-RDJNuYIY.js                            41.48 kB │ gzip:  13.35 kB
#26 216.2 web:build: build/client/assets/haskell-D8IpX4py.js                                          41.48 kB │ gzip:   6.41 kB
#26 216.2 web:build: build/client/assets/common-BVcL32Bq.js                                           41.52 kB │ gzip:  14.71 kB
#26 216.2 web:build: build/client/assets/shellscript-CeI57MxR.js                                      41.53 kB │ gzip:   6.12 kB
#26 216.2 web:build: build/client/assets/common-DpqmDHzM.js                                           41.55 kB │ gzip:  14.11 kB
#26 216.2 web:build: build/client/assets/date-UZJSRCQT.js                                             41.70 kB │ gzip:  13.43 kB
#26 216.2 web:build: build/client/assets/common-BlSnB0Qw.js                                           41.83 kB │ gzip:  14.14 kB
#26 216.2 web:build: build/client/assets/common-Domnhawl.js                                           41.83 kB │ gzip:  14.18 kB
#26 216.2 web:build: build/client/assets/common-D8GvZII3.js                                           41.96 kB │ gzip:  14.42 kB
#26 216.2 web:build: build/client/assets/common-DaSd3YU9.js                                           42.34 kB │ gzip:  14.34 kB
#26 216.2 web:build: build/client/assets/common-GQlILOfU.js                                           42.52 kB │ gzip:  14.49 kB
#26 216.2 web:build: build/client/assets/xychartDiagram-S5SC5T6Z-CDv5kF5_.js                          42.92 kB │ gzip:  11.78 kB
#26 216.2 web:build: build/client/assets/common-Dw2Ft66N.js                                           42.92 kB │ gzip:  14.47 kB
#26 216.2 web:build: build/client/assets/perl-_aSBXkFd.js                                             43.14 kB │ gzip:   4.64 kB
#26 216.2 web:build: build/client/assets/d-qD-0Kul2.js                                                43.78 kB │ gzip:   8.43 kB
#26 216.2 web:build: build/client/assets/common-zZHPFWSL.js                                           44.64 kB │ gzip:  14.32 kB
#26 216.2 web:build: build/client/assets/api.service-f3XDMHwY.js                                      45.66 kB │ gzip:  17.30 kB
#26 216.2 web:build: build/client/assets/common-CGbmlRXa.js                                           45.67 kB │ gzip:  14.98 kB
#26 216.2 web:build: build/client/assets/ruby-pxBiZ5sO.js                                             45.83 kB │ gzip:   5.56 kB
#26 216.2 web:build: build/client/assets/chunk-LNGE3PJU-OosUmKKA.js                                   46.39 kB │ gzip:  15.54 kB
#26 216.2 web:build: build/client/assets/go-BJwz_mda.js                                               46.80 kB │ gzip:   5.15 kB
#26 216.2 web:build: build/client/assets/apex-CGTLDQj6.js                                             46.97 kB │ gzip:   6.72 kB
#26 216.2 web:build: build/client/assets/catppuccin-mocha-DYhrFGRu.js                                 47.25 kB │ gzip:   7.98 kB
#26 216.2 web:build: build/client/assets/catppuccin-latte-DwIHMF0Q.js                                 47.25 kB │ gzip:   7.98 kB
#26 216.2 web:build: build/client/assets/catppuccin-frappe-3VR1Za6u.js                                47.25 kB │ gzip:   7.99 kB
#26 216.2 web:build: build/client/assets/catppuccin-macchiato-DYnBP6_5.js                             47.26 kB │ gzip:   7.99 kB
#26 216.2 web:build: build/client/assets/ada-C5qYipkI.js                                              48.07 kB │ gzip:   5.96 kB
#26 216.2 web:build: build/client/assets/chunk-TICWLB2K-DhSq2aF9.js                                   48.85 kB │ gzip:  15.75 kB
#26 216.2 web:build: build/client/assets/css-CAy5-eU3.js                                              49.07 kB │ gzip:  11.94 kB
#26 216.2 web:build: build/client/assets/imba-DsUTQ-LC.js                                             49.92 kB │ gzip:   9.47 kB
#26 216.2 web:build: build/client/assets/page-EA0g78is.js                                             52.93 kB │ gzip:  16.08 kB
#26 216.2 web:build: build/client/assets/everforest-dark-sB-x3p7T.js                                  53.74 kB │ gzip:   8.37 kB
#26 216.2 web:build: build/client/assets/everforest-light-Df2xbC6M.js                                 53.74 kB │ gzip:   8.36 kB
#26 216.2 web:build: build/client/assets/common-DhSOIYSE.js                                           53.82 kB │ gzip:  16.02 kB
#26 216.2 web:build: build/client/assets/common-DfL65yPq.js                                           54.09 kB │ gzip:  16.20 kB
#26 216.2 web:build: build/client/assets/projects-app-provider-CgXA71LY.js                            54.31 kB │ gzip:  14.83 kB
#26 216.2 web:build: build/client/assets/ganttDiagram-EL5Y4UJY-Cn7Z6uSP.js                            54.73 kB │ gzip:  18.37 kB
#26 216.2 web:build: build/client/assets/dist-icSs1q2t.js                                             55.50 kB │ gzip:  13.98 kB
#26 216.2 web:build: build/client/assets/wikitext-ClFFjSW2.js                                         55.87 kB │ gzip:   4.81 kB
#26 216.2 web:build: build/client/assets/stata-bJ7vQPBP.js                                            56.99 kB │ gzip:  12.39 kB
#26 216.2 web:build: build/client/assets/html-CuNUWIbi.js                                             57.31 kB │ gzip:  11.78 kB
#26 216.2 web:build: build/client/assets/ballerina-B7ZEbQpA.js                                        58.68 kB │ gzip:   8.10 kB
#26 216.2 web:build: build/client/assets/tooltip-CMhJZ9-A.js                                          58.81 kB │ gzip:  19.81 kB
#26 216.2 web:build: build/client/assets/markdown-BYOwaDjH.js                                         59.32 kB │ gzip:   5.66 kB
#26 216.2 web:build: build/client/assets/filters-zd2h5M1K.js                                          59.32 kB │ gzip:  14.40 kB
#26 216.2 web:build: build/client/assets/es-DgYm8eOZ.js                                               59.37 kB │ gzip:  16.15 kB
#26 216.2 web:build: build/client/assets/chunk-SHT3W25Y-D5LoY-NU.js                                   61.27 kB │ gzip:  19.86 kB
#26 216.2 web:build: build/client/assets/ocaml-O90oeIOV.js                                            62.44 kB │ gzip:   5.04 kB
#26 216.2 web:build: build/client/assets/mobxreact.esm-DDdy5_2j.js                                    63.14 kB │ gzip:  18.65 kB
#26 216.2 web:build: build/client/assets/components-CKy5sCfo.js                                       63.44 kB │ gzip:  20.46 kB
#26 216.2 web:build: build/client/assets/c4Diagram-7LVT6UL2-BTx_4lz1.js                               64.76 kB │ gzip:  18.55 kB
#26 216.2 web:build: build/client/assets/common-CI3orYVc.js                                           65.98 kB │ gzip:  15.79 kB
#26 216.2 web:build: build/client/assets/mojo-BgCJLMeH.js                                             69.79 kB │ gzip:   9.21 kB
#26 216.2 web:build: build/client/assets/python-gzcpVVnB.js                                           69.94 kB │ gzip:   9.09 kB
#26 216.2 web:build: build/client/assets/stickies-list-C5V9g5Mb.js                                    70.02 kB │ gzip:  21.86 kB
#26 216.2 web:build: build/client/assets/label-5EnmEoJJ.js                                            70.10 kB │ gzip:  18.37 kB
#26 216.2 web:build: build/client/assets/c-Dle3-GeH.js                                                72.16 kB │ gzip:  10.55 kB
#26 216.2 web:build: build/client/assets/latex-BZqz9r0T.js                                            72.61 kB │ gzip:   6.68 kB
#26 216.2 web:build: build/client/assets/layout-BbwDCrYi.js                                           73.63 kB │ gzip:  19.12 kB
#26 216.2 web:build: build/client/assets/vyper-CgoNMtux.js                                            74.64 kB │ gzip:  10.69 kB
#26 216.2 web:build: build/client/assets/workitems-insight-table-DWO---c7.js                          76.18 kB │ gzip:  21.80 kB
#26 216.2 web:build: build/client/assets/footer-BBLaPOhA.js                                           78.12 kB │ gzip:  23.67 kB
#26 216.2 web:build: build/client/assets/hack-C5iFX-l3.js                                             80.18 kB │ gzip:  26.27 kB
#26 216.2 web:build: build/client/assets/cose-bilkent-JH36ORCC-BuMA21oE.js                            81.43 kB │ gzip:  21.59 kB
#26 216.2 web:build: build/client/assets/emoji-icon-picker-E13js2wT.js                                83.96 kB │ gzip:  27.39 kB
#26 216.2 web:build: build/client/assets/swift-DonLKvLd.js                                            86.68 kB │ gzip:  14.69 kB
#26 216.2 web:build: build/client/assets/menu-BFPzLFYn.js                                             87.02 kB │ gzip:  29.09 kB
#26 216.2 web:build: build/client/assets/fortran-free-form-CYNrtFtB.js                                88.96 kB │ gzip:  11.18 kB
#26 216.2 web:build: build/client/assets/csharp-Ct8U2NOr.js                                           89.68 kB │ gzip:  10.64 kB
#26 216.2 web:build: build/client/assets/racket-DcIDlBhZ.js                                           92.38 kB │ gzip:  15.07 kB
#26 216.2 web:build: build/client/assets/peek-overview-gGBVRi1p.js                                    95.89 kB │ gzip:  22.78 kB
#26 216.2 web:build: build/client/assets/less-DVTAwKKz.js                                             97.62 kB │ gzip:  14.84 kB
#26 216.2 web:build: build/client/assets/chunk-4HAMMTFA-BI_ct1wp.js                                  104.85 kB │ gzip:  25.29 kB
#26 216.2 web:build: build/client/assets/blade-DNKlCNRR.js                                           104.97 kB │ gzip:  28.30 kB
#26 216.2 web:build: build/client/assets/objective-c-D1A_Heim.js                                     105.40 kB │ gzip:  23.63 kB
#26 216.2 web:build: build/client/assets/modules-Bnudd4IB.js                                         108.73 kB │ gzip:  27.15 kB
#26 216.2 web:build: build/client/assets/php-Co9J6dhd.js                                             111.05 kB │ gzip:  28.65 kB
#26 216.2 web:build: build/client/assets/swimlanes-42K2YHIH-CtteUFHq.js                              111.17 kB │ gzip:  38.02 kB
#26 216.2 web:build: build/client/assets/sequenceDiagram-WJ2MYXX4-DNWdfOgL.js                        115.86 kB │ gzip:  30.67 kB
#26 216.2 web:build: build/client/assets/asciidoc-DE70LPWp.js                                        131.52 kB │ gzip:   9.31 kB
#26 216.2 web:build: build/client/assets/mdx-DQZ5AkYe.js                                             136.10 kB │ gzip:  23.54 kB
#26 216.2 web:build: build/client/assets/dist-1H2OYvSA.js                                            144.22 kB │ gzip:  38.71 kB
#26 216.2 web:build: build/client/assets/architectureDiagram-5GKGNRK7-DinQtDTk.js                    149.33 kB │ gzip:  41.23 kB
#26 216.2 web:build: build/client/assets/tab-navigation-root-CBoSR-KW.js                             151.94 kB │ gzip:  50.36 kB
#26 216.2 web:build: build/client/assets/chunk-JAPRZBRM-DG-bCzn0.js                                  161.25 kB │ gzip:  49.71 kB
#26 216.2 web:build: build/client/assets/objective-cpp-BsSzOQcm.js                                   171.96 kB │ gzip:  30.98 kB
#26 216.2 web:build: build/client/assets/javascript-BZr2kJlW.js                                      174.88 kB │ gzip:  16.68 kB
#26 216.2 web:build: build/client/assets/tsx-BFuTmWX2.js                                             175.59 kB │ gzip:  16.67 kB
#26 216.2 web:build: build/client/assets/jsx-DxrMxadd.js                                             177.84 kB │ gzip:  16.76 kB
#26 216.2 web:build: build/client/assets/client-DbgwVzsP.js                                          178.88 kB │ gzip:  56.49 kB
#26 216.2 web:build: build/client/assets/typescript-BuZ3SX_C.js                                      181.13 kB │ gzip:  16.28 kB
#26 216.2 web:build: build/client/assets/angular-ts-C7d2UF80.js                                      183.73 kB │ gzip:  16.78 kB
#26 216.2 web:build: build/client/assets/vue-vine-D76y0ohV.js                                        190.05 kB │ gzip:  18.07 kB
#26 216.2 web:build: build/client/assets/code-block-IT6T5CEO-DM9S3Tqa.js                             190.17 kB │ gzip:  61.53 kB
#26 216.2 web:build: build/client/assets/chunk-DU6HZSFF-08AqaBwq.js                                  235.76 kB │ gzip:  38.39 kB
#26 216.2 web:build: build/client/assets/katex-B_ypc1If.js                                           259.23 kB │ gzip:  77.47 kB
#26 216.2 web:build: build/client/assets/wolfram-DLL8P-h_.js                                         262.38 kB │ gzip:  77.63 kB
#26 216.2 web:build: build/client/assets/use-parse-editor-content-KxVEcgvl.js                        298.52 kB │ gzip: 101.00 kB
#26 216.2 web:build: build/client/assets/generateCategoricalChart-BBPLoDW5.js                        304.61 kB │ gzip:  77.32 kB
#26 216.2 web:build: build/client/assets/dist-B1H-sTIs.js                                            333.91 kB │ gzip:  93.42 kB
#26 216.2 web:build: build/client/assets/store-context-CiIWSZpn.js                                   394.17 kB │ gzip:  83.72 kB
#26 216.2 web:build: build/client/assets/directive-Di1DB8iq.js                                       397.66 kB │ gzip: 103.57 kB
#26 216.2 web:build: build/client/assets/dist-uC3BmFfp2.js                                           407.99 kB │ gzip: 132.05 kB
#26 216.2 web:build: build/client/assets/cytoscape.esm-CnKOMcDN.js                                   435.57 kB │ gzip: 137.96 kB
#26 216.2 web:build: build/client/assets/layout-B3ILPmpV.js                                          468.78 kB │ gzip: 137.77 kB
#26 216.2 web:build: build/client/assets/wasm-BnjxR4X6.js                                            622.32 kB │ gzip: 232.09 kB
#26 216.2 web:build: build/client/assets/cpp-Xl0Fx6l0.js                                             626.12 kB │ gzip:  48.09 kB
#26 216.2 web:build: build/client/assets/empty-state-81CEKObt.js                                     641.15 kB │ gzip: 212.58 kB
#26 216.2 web:build: build/client/assets/chunk-FOHPRMQF-Crrb2Aik.js                                  662.67 kB │ gzip: 143.23 kB
#26 216.2 web:build: build/client/assets/emacs-lisp-C9PiwqqW.js                                      779.84 kB │ gzip: 197.53 kB
#26 216.2 web:build: build/client/assets/dist-k6-HGpK8.js                                            862.41 kB │ gzip: 194.39 kB
#26 216.2 web:build: build/client/assets/document-collaborative-events-NWWO-tl_-BUHZVX6b.js        1,343.03 kB │ gzip: 345.14 kB
#26 216.2 web:build: build/client/assets/toolbar-CsfUS3hO.js                                       1,821.84 kB │ gzip: 603.68 kB
#26 216.2 web:build: 
#26 216.2 web:build: ✓ built in 1m 20s
#26 216.2 web:build: vite v8.0.16 building ssr environment for production...
#26 223.3 web:build: [2Kweb:build: transforming...✓ 430 modules transformed.
#26 223.4 web:build: rendering chunks...
#26 223.5 web:build: 
#26 223.5 web:build: ✓ 34 assets cleaned from React Router server build.
#26 223.5 web:build: build/client/assets/globals-9vPDuFWq.css
#26 223.5 web:build: build/client/assets/icon-180x180-ArenqHjH.png
#26 223.5 web:build: build/client/assets/icon-512x512-CyS1mcXS.png
#26 223.5 web:build: build/client/assets/og-image-DL-1GVBU.png
#26 223.5 web:build: build/client/assets/tanfold-rebrand-favicon-Bof-_oO5.png
#26 223.5 web:build: build/client/assets/tenfold-clipart-002-B42sTEsy.png
#26 223.5 web:build: build/client/assets/maintenance-mode-dark-DAfHd5vC.svg
#26 223.5 web:build: build/client/assets/maintenance-mode-light-Dqp39OMJ.svg
#26 223.5 web:build: build/client/assets/inter-latin-wght-normal-Dx4kXJAl.woff2
#26 223.5 web:build: build/client/assets/inter-cyrillic-ext-wght-normal-BOeWTOD4.woff2
#26 223.5 web:build: build/client/assets/inter-cyrillic-wght-normal-DqGufNeO.woff2
#26 223.5 web:build: build/client/assets/inter-greek-ext-wght-normal-DlzME5K_.woff2
#26 223.6 web:build: build/client/assets/inter-greek-wght-normal-CkhJZR-_.woff2
#26 223.6 web:build: build/client/assets/inter-vietnamese-wght-normal-CBcvBZtf.woff2
#26 223.6 web:build: build/client/assets/inter-latin-ext-wght-normal-DO1Apj_S.woff2
#26 223.6 web:build: build/client/assets/material-symbols-rounded-latin-100-normal-StOoOijZ.woff2
#26 223.6 web:build: build/client/assets/material-symbols-rounded-latin-100-normal-CyR9BGN8.woff
#26 223.6 web:build: build/client/assets/material-symbols-rounded-latin-200-normal-Dy_97ylg.woff2
#26 223.6 web:build: build/client/assets/material-symbols-rounded-latin-200-normal-B9_93z2O.woff
#26 223.6 web:build: build/client/assets/material-symbols-rounded-latin-300-normal-CGYRw1-j.woff2
#26 223.6 web:build: build/client/assets/material-symbols-rounded-latin-300-normal-CexQLkYr.woff
#26 223.6 web:build: build/client/assets/material-symbols-rounded-latin-400-normal-BVRwnNJJ.woff2
#26 223.6 web:build: build/client/assets/material-symbols-rounded-latin-400-normal-3TtrvaAx.woff
#26 223.6 web:build: build/client/assets/ibm-plex-mono-cyrillic-ext-400-normal-xuaO2J-f.woff2
#26 223.6 web:build: build/client/assets/ibm-plex-mono-cyrillic-ext-400-normal-DMdlQ8Kv.woff
#26 223.6 web:build: build/client/assets/ibm-plex-mono-cyrillic-400-normal-BSMlKf0J.woff2
#26 223.6 web:build: build/client/assets/ibm-plex-mono-cyrillic-400-normal-CEL4l2ZJ.woff
#26 223.6 web:build: build/client/assets/ibm-plex-mono-vietnamese-400-normal-BulugwFq.woff2
#26 223.6 web:build: build/client/assets/ibm-plex-mono-vietnamese-400-normal-DDuiU_S-.woff
#26 223.6 web:build: build/client/assets/ibm-plex-mono-latin-ext-400-normal-BmRBH3aV.woff2
#26 223.6 web:build: build/client/assets/ibm-plex-mono-latin-ext-400-normal-D3D2R8hC.woff
#26 223.6 web:build: build/client/assets/ibm-plex-mono-latin-400-normal-DMJ8VG8y.woff2
#26 223.6 web:build: build/client/assets/ibm-plex-mono-latin-400-normal-CvHOgSBP.woff
#26 223.6 web:build: build/server/assets/server-build-CzK3JmXp.css
#26 223.6 web:build: 
#26 223.6 web:build: computing gzip size...
#26 223.6 web:build: build/server/assets/icon-180x180-ArenqHjH.png                                   2.70 kB
#26 223.6 web:build: build/server/assets/tanfold-rebrand-favicon-Bof-_oO5.png                        5.31 kB
#26 223.6 web:build: build/server/assets/ibm-plex-mono-vietnamese-400-normal-DDuiU_S-.woff           5.62 kB
#26 223.6 web:build: build/server/assets/ibm-plex-mono-cyrillic-ext-400-normal-DMdlQ8Kv.woff         5.82 kB
#26 223.6 web:build: build/server/assets/ibm-plex-mono-vietnamese-400-normal-BulugwFq.woff2          5.86 kB
#26 223.6 web:build: build/server/assets/ibm-plex-mono-cyrillic-ext-400-normal-xuaO2J-f.woff2        6.91 kB
#26 223.6 web:build: build/server/assets/ibm-plex-mono-cyrillic-400-normal-CEL4l2ZJ.woff             7.20 kB
#26 223.6 web:build: build/server/assets/ibm-plex-mono-cyrillic-400-normal-BSMlKf0J.woff2            8.35 kB
#26 223.6 web:build: build/server/assets/icon-512x512-CyS1mcXS.png                                   8.70 kB
#26 223.6 web:build: build/server/assets/inter-vietnamese-wght-normal-CBcvBZtf.woff2                10.25 kB
#26 223.6 web:build: build/server/assets/inter-greek-ext-wght-normal-DlzME5K_.woff2                 11.23 kB
#26 223.6 web:build: build/server/assets/ibm-plex-mono-latin-ext-400-normal-D3D2R8hC.woff           11.76 kB
#26 223.6 web:build: build/server/assets/ibm-plex-mono-latin-400-normal-CvHOgSBP.woff               13.14 kB
#26 223.6 web:build: build/server/assets/ibm-plex-mono-latin-ext-400-normal-BmRBH3aV.woff2          13.34 kB
#26 223.6 web:build: build/server/.vite/manifest.json                                               13.44 kB │ gzip:  1.21 kB
#26 223.6 web:build: build/server/assets/ibm-plex-mono-latin-400-normal-DMJ8VG8y.woff2              14.70 kB
#26 223.6 web:build: build/server/assets/inter-cyrillic-wght-normal-DqGufNeO.woff2                  18.74 kB
#26 223.6 web:build: build/server/assets/inter-greek-wght-normal-CkhJZR-_.woff2                     18.99 kB
#26 223.6 web:build: build/server/assets/inter-cyrillic-ext-wght-normal-BOeWTOD4.woff2              25.96 kB
#26 223.6 web:build: build/server/assets/maintenance-mode-light-Dqp39OMJ.svg                        31.93 kB │ gzip: 10.16 kB
#26 223.6 web:build: build/server/assets/maintenance-mode-dark-DAfHd5vC.svg                         32.01 kB │ gzip: 10.16 kB
#26 223.6 web:build: build/server/assets/inter-latin-wght-normal-Dx4kXJAl.woff2                     48.25 kB
#26 223.6 web:build: build/server/assets/og-image-DL-1GVBU.png                                      71.42 kB
#26 223.6 web:build: build/server/assets/inter-latin-ext-wght-normal-DO1Apj_S.woff2                 85.06 kB
#26 223.6 web:build: build/server/assets/tenfold-clipart-002-B42sTEsy.png                          319.01 kB
#26 223.6 web:build: build/server/assets/material-symbols-rounded-latin-400-normal-BVRwnNJJ.woff2  348.77 kB
#26 223.6 web:build: build/server/assets/material-symbols-rounded-latin-100-normal-StOoOijZ.woff2  363.56 kB
#26 223.6 web:build: build/server/assets/material-symbols-rounded-latin-300-normal-CGYRw1-j.woff2  388.05 kB
#26 223.6 web:build: build/server/assets/material-symbols-rounded-latin-200-normal-Dy_97ylg.woff2  389.09 kB
#26 223.6 web:build: build/server/assets/material-symbols-rounded-latin-400-normal-3TtrvaAx.woff   454.56 kB
#26 223.6 web:build: build/server/assets/material-symbols-rounded-latin-100-normal-CyR9BGN8.woff   485.69 kB
#26 223.6 web:build: build/server/assets/material-symbols-rounded-latin-300-normal-CexQLkYr.woff   506.70 kB
#26 223.6 web:build: build/server/assets/material-symbols-rounded-latin-200-normal-B9_93z2O.woff   507.90 kB
#26 223.6 web:build: build/server/assets/server-build-CzK3JmXp.css                                   4.86 kB │ gzip:  0.92 kB
#26 223.6 web:build: build/server/assets/globals-9vPDuFWq.css                                      422.14 kB │ gzip: 61.94 kB
#26 223.6 web:build: build/server/index.js                                                         771.16 kB │ gzip: 88.80 kB
#26 223.6 web:build: 
#26 223.6 web:build: [33m[PLUGIN_TIMINGS] [0mYour build spent significant time in plugins. Here is a breakdown:
#26 223.6 web:build:   - react-router:virtual-modules (70%)
#26 223.6 web:build:   - react-router:dot-server (12%)
#26 223.6 web:build:   - react-router:inject-hmr-runtime (5%)
#26 223.6 web:build:   - react-router:hmr-runtime (5%)
#26 223.6 web:build: See https://rolldown.rs/options/checks#plugintimings for more details.
#26 223.6 web:build: 
#26 223.6 web:build: ✓ built in 7.47s
#26 224.6 web:build: SPA Mode: Generated build/client/index.html
#26 225.0 
#26 225.0  Tasks:    11 successful, 11 total
#26 225.0 Cached:    0 cached, 11 total
#26 225.0   Time:    3m35.136s 
#26 225.0 
#26 DONE 226.6s

#27 [production 2/4] RUN apk update && apk upgrade --no-cache && apk add --no-cache curl && rm -rf /var/cache/apk/*
#27 CACHED

#28 [production 3/4] COPY apps/web/caddy/Caddyfile /etc/caddy/Caddyfile
#28 CACHED

#29 [production 4/4] COPY --from=installer /app/apps/web/build/client /usr/share/caddy/html
#29 DONE 1.0s

#30 exporting to image
#30 exporting layers
#30 exporting layers 3.6s done
#30 exporting manifest sha256:c665c998b4624090732a7cf074f6324a5ff5158bf95a69f41871c6504cfad1bb 0.0s done
#30 exporting config sha256:09e598730f71bce2d13db0789afa3b6f4a19c19f83a7da60d96986e29a1d9650 0.0s done
#30 exporting attestation manifest sha256:2c1cb6614c94bf74cad839cfab73b440bbb0213b2073e47bfbd4c2560acf73b4 0.0s done
#30 exporting manifest list sha256:43a9f13da4ba7f0bfc40058f394b929700122b43166d9aeb2c07d9ee4ccee53e 0.0s done
#30 naming to docker.io/library/ten-fold-plane-web:latest
#30 naming to docker.io/library/ten-fold-plane-web:latest done
#30 unpacking to docker.io/library/ten-fold-plane-web:latest
#30 unpacking to docker.io/library/ten-fold-plane-web:latest 1.0s done
#30 DONE 4.9s

#31 resolving provenance for metadata file
#31 DONE 0.3s
 Image ten-fold-plane-web Built 
 Image ten-fold-plane-space Building 
#1 [internal] load local bake definitions
#1 reading from stdin 1.72kB done
#1 DONE 0.0s

#2 [internal] load build definition from Dockerfile.space
#2 transferring dockerfile: 3.43kB 0.0s done
#2 DONE 0.1s

#3 [internal] load metadata for docker.io/library/node:22-alpine
#3 DONE 1.2s

#4 [internal] load .dockerignore
#4 transferring context: 882B done
#4 DONE 0.0s

#5 [internal] load build context
#5 DONE 0.0s

#6 [base 1/3] FROM docker.io/library/node:22-alpine@sha256:b6f26b36c8ff49624cfdac716b8ea1138d606df02586a77d364bb5536a634f85
#6 resolve docker.io/library/node:22-alpine@sha256:b6f26b36c8ff49624cfdac716b8ea1138d606df02586a77d364bb5536a634f85 0.0s done
#6 DONE 0.1s

#5 [internal] load build context
#5 transferring context: 572.41kB 1.5s done
#5 DONE 1.6s

#7 [base 2/3] WORKDIR /app
#7 CACHED

#8 [base 3/3] RUN corepack enable pnpm
#8 CACHED

#9 [builder 1/3] RUN pnpm add -g turbo@2.9.18
#9 CACHED

#10 [builder 2/3] COPY . .
#10 CACHED

#11 [builder 3/3] RUN turbo prune --scope=space --docker
#11 0.682  WARNING  --scope is deprecated and will be removed in a future major version. Use positional arguments instead (e.g. `turbo prune web`)
#11 0.903 Generating pruned monorepo for space in /app/out
#11 0.949  - Added @plane/constants
#11 1.108  - Added @plane/editor
#11 1.122  - Added @plane/hooks
#11 1.438  - Added @plane/i18n
#11 1.631  - Added @plane/propel
#11 1.661  - Added @plane/services
#11 1.668  - Added @plane/tailwind-config
#11 1.726  - Added @plane/types
#11 1.737  - Added @plane/typescript-config
#11 1.790  - Added @plane/ui
#11 1.840  - Added @plane/utils
#11 1.962  - Added space
#11 DONE 2.2s

#12 [installer 1/8] COPY .gitignore .gitignore
#12 CACHED

#13 [installer 2/8] COPY --from=builder /app/out/json/ .
#13 DONE 0.1s

#14 [installer 3/8] COPY --from=builder /app/out/pnpm-lock.yaml ./pnpm-lock.yaml
#14 DONE 0.1s

#15 [installer 4/8] COPY --from=builder /app/out/full/ .
#15 DONE 0.5s

#16 [installer 5/8] COPY turbo.json turbo.json
#16 DONE 0.2s

#17 [installer 6/8] RUN --mount=type=cache,id=pnpm-store,target=/pnpm/store pnpm fetch --store-dir=/pnpm/store
#17 0.447 ! Corepack is about to download https://registry.npmjs.org/pnpm/-/pnpm-11.10.0.tgz
#17 3.488 ? Verifying lockfile against supply-chain policies (1322 entries)...
#17 3.517 Importing packages to virtual store
#17 4.091 Already up to date
#17 4.201 Progress: resolved 1, reused 0, downloaded 0, added 0
#17 5.206 Progress: resolved 1107, reused 10, downloaded 0, added 0
#17 6.207 Progress: resolved 1107, reused 55, downloaded 0, added 0
#17 7.278 Progress: resolved 1107, reused 112, downloaded 0, added 0
#17 8.279 Progress: resolved 1107, reused 169, downloaded 0, added 0
#17 9.286 Progress: resolved 1107, reused 223, downloaded 0, added 0
#17 10.31 Progress: resolved 1107, reused 264, downloaded 0, added 0
#17 11.35 Progress: resolved 1107, reused 280, downloaded 0, added 0
#17 12.36 Progress: resolved 1107, reused 303, downloaded 0, added 0
#17 13.38 Progress: resolved 1107, reused 348, downloaded 0, added 0
#17 14.38 Progress: resolved 1107, reused 391, downloaded 0, added 0
#17 15.41 Progress: resolved 1107, reused 432, downloaded 0, added 0
#17 16.41 Progress: resolved 1107, reused 476, downloaded 0, added 0
#17 17.41 Progress: resolved 1107, reused 543, downloaded 0, added 0
#17 18.57 Progress: resolved 1107, reused 627, downloaded 0, added 0
#17 19.43 ✓ Lockfile passes supply-chain policies (1322 entries in 15.9s)
#17 19.57 Progress: resolved 1107, reused 809, downloaded 0, added 0
#17 20.57 Progress: resolved 1107, reused 1101, downloaded 0, added 35
#17 21.57 Progress: resolved 1107, reused 1101, downloaded 0, added 50
#17 22.57 Progress: resolved 1107, reused 1101, downloaded 0, added 66
#17 23.57 Progress: resolved 1107, reused 1101, downloaded 0, added 76
#17 24.57 Progress: resolved 1107, reused 1101, downloaded 0, added 83
#17 25.57 Progress: resolved 1107, reused 1101, downloaded 0, added 93
#17 26.58 Progress: resolved 1107, reused 1101, downloaded 0, added 133
#17 27.58 Progress: resolved 1107, reused 1101, downloaded 0, added 143
#17 28.58 Progress: resolved 1107, reused 1101, downloaded 0, added 157
#17 29.58 Progress: resolved 1107, reused 1101, downloaded 0, added 191
#17 30.58 Progress: resolved 1107, reused 1101, downloaded 0, added 239
#17 31.58 Progress: resolved 1107, reused 1101, downloaded 0, added 260
#17 32.58 Progress: resolved 1107, reused 1101, downloaded 0, added 264
#17 34.59 Progress: resolved 1107, reused 1101, downloaded 0, added 265
#17 35.59 Progress: resolved 1107, reused 1101, downloaded 0, added 276
#17 37.67 Progress: resolved 1107, reused 1101, downloaded 0, added 277
#17 38.68 Progress: resolved 1107, reused 1101, downloaded 0, added 278
#17 39.69 Progress: resolved 1107, reused 1101, downloaded 0, added 279
#17 40.69 Progress: resolved 1107, reused 1101, downloaded 0, added 282
#17 41.69 Progress: resolved 1107, reused 1101, downloaded 0, added 286
#17 42.78 Progress: resolved 1107, reused 1101, downloaded 0, added 287
#17 43.78 Progress: resolved 1107, reused 1101, downloaded 0, added 288
#17 44.78 Progress: resolved 1107, reused 1101, downloaded 0, added 291
#17 45.78 Progress: resolved 1107, reused 1101, downloaded 0, added 393
#17 47.25 Progress: resolved 1107, reused 1101, downloaded 0, added 394
#17 48.25 Progress: resolved 1107, reused 1101, downloaded 0, added 444
#17 49.25 Progress: resolved 1107, reused 1101, downloaded 0, added 478
#17 50.25 Progress: resolved 1107, reused 1101, downloaded 0, added 540
#17 51.25 Progress: resolved 1107, reused 1101, downloaded 0, added 545
#17 52.25 Progress: resolved 1107, reused 1101, downloaded 0, added 563
#17 53.25 Progress: resolved 1107, reused 1101, downloaded 0, added 616
#17 54.25 Progress: resolved 1107, reused 1101, downloaded 0, added 655
#17 55.25 Progress: resolved 1107, reused 1101, downloaded 0, added 658
#17 56.25 Progress: resolved 1107, reused 1101, downloaded 0, added 689
#17 57.25 Progress: resolved 1107, reused 1101, downloaded 0, added 695
#17 58.26 Progress: resolved 1107, reused 1101, downloaded 0, added 741
#17 59.26 Progress: resolved 1107, reused 1101, downloaded 0, added 794
#17 60.26 Progress: resolved 1107, reused 1101, downloaded 0, added 866
#17 61.26 Progress: resolved 1107, reused 1101, downloaded 0, added 875
#17 62.84 Progress: resolved 1107, reused 1101, downloaded 0, added 876
#17 63.85 Progress: resolved 1107, reused 1101, downloaded 0, added 938
#17 64.85 Progress: resolved 1107, reused 1101, downloaded 0, added 1053
#17 65.32 Progress: resolved 1107, reused 1101, downloaded 0, added 1107, done
#17 65.37 .../node_modules/@swc/core postinstall$ node postinstall.js
#17 65.54 .../node_modules/@swc/core postinstall: Done
#17 66.15 
#17 DONE 66.6s

#18 [installer 7/8] RUN --mount=type=cache,id=pnpm-store,target=/pnpm/store CI=true pnpm install --offline --frozen-lockfile --store-dir=/pnpm/store --prod=false
#18 3.853 Scope: all 13 workspace projects
#18 4.306 ✓ Lockfile passes supply-chain policies (verified 51s ago)
#18 4.332 Lockfile is up to date, resolution step is skipped
#18 5.075 Already up to date
#18 10.06 
#18 10.06 devDependencies:
#18 10.06 + husky 9.1.7
#18 10.06 + lint-staged 16.2.7
#18 10.06 + oxfmt 0.35.0
#18 10.06 + oxlint 1.51.0
#18 10.06 + react-doctor 0.4.2
#18 10.06 + turbo 2.10.11
#18 10.06 
#18 10.08 . prepare$ husky
#18 10.23 . prepare: .git can't be found
#18 10.24 . prepare: Done
#18 10.68 Done in 8.1s using pnpm v11.10.0
#18 DONE 11.0s

#19 [installer 8/8] RUN pnpm turbo run build --filter=space
#19 2.547 
#19 2.547    • Packages in scope: space
#19 2.547    • Running build in 1 packages
#19 2.547    • Remote caching disabled
#19 2.547 
#19 3.101 @plane/hooks:build: cache miss, executing d0aef673d47062f7
#19 3.102 @plane/types:build: cache miss, executing 16c61a7421a75478
#19 3.292 @plane/i18n:build: cache miss, executing 5dbd7ff96bc08b5a
#19 7.130 @plane/i18n:build: $ pnpm run generate:types && tsdown
#19 7.876 @plane/hooks:build: $ tsdown
#19 7.985 @plane/types:build: $ tsdown
#19 8.895 @plane/hooks:build: [34mℹ[39m tsdown [2mv0.16.0[22m powered by rolldown [2mv1.0.0-beta.46[22m
#19 8.899 @plane/types:build: [34mℹ[39m tsdown [2mv0.16.0[22m powered by rolldown [2mv1.0.0-beta.46[22m
#19 10.19 @plane/hooks:build: [34mℹ[39m Using tsdown config: [4m/app/packages/hooks/tsdown.config.ts[24m
#19 10.25 @plane/types:build: [34mℹ[39m Using tsdown config: [4m/app/packages/types/tsdown.config.ts[24m
#19 10.28 @plane/types:build: [34mℹ[39m entry: [34msrc/index.ts[39m
#19 10.28 @plane/types:build: [34mℹ[39m tsconfig: [34mtsconfig.json[39m
#19 10.28 @plane/hooks:build: [34mℹ[39m entry: [34msrc/index.ts[39m
#19 10.28 @plane/types:build: [34mℹ[39m Build start
#19 10.30 @plane/hooks:build: [34mℹ[39m tsconfig: [34mtsconfig.json[39m
#19 10.30 @plane/hooks:build: [34mℹ[39m Build start
#19 13.03 @plane/i18n:build: $ tsx scripts/generate-types.ts
#19 15.89 @plane/i18n:build: Generated 3838 keys from 28 namespace files
#19 16.85 @plane/i18n:build: [34mℹ[39m tsdown [2mv0.16.0[22m powered by rolldown [2mv1.0.0-beta.46[22m
#19 17.56 @plane/i18n:build: [34mℹ[39m Using tsdown config: [4m/app/packages/i18n/tsdown.config.ts[24m
#19 17.61 @plane/i18n:build: [34mℹ[39m entry: [34msrc/index.ts[39m
#19 17.61 @plane/i18n:build: [34mℹ[39m tsconfig: [34mtsconfig.json[39m
#19 17.61 @plane/i18n:build: [34mℹ[39m Build start
#19 26.43 @plane/hooks:build: [34mℹ[39m [2mdist/[22m[1mindex.js[22m        [2m 5.82 kB[22m [2m│ gzip: 1.93 kB[22m
#19 26.44 @plane/hooks:build: [34mℹ[39m [2mdist/[22mindex.js.map    [2m11.13 kB[22m [2m│ gzip: 3.57 kB[22m
#19 26.44 @plane/hooks:build: [34mℹ[39m [2mdist/[22mindex.d.ts.map  [2m 0.66 kB[22m [2m│ gzip: 0.39 kB[22m
#19 26.44 @plane/hooks:build: [34mℹ[39m [2mdist/[22m[32m[1mindex.d.ts[22m[39m      [2m 2.00 kB[22m [2m│ gzip: 0.80 kB[22m
#19 26.44 @plane/hooks:build: [34mℹ[39m 4 files, total: 19.61 kB
#19 26.47 @plane/hooks:build: [32m✔[39m Build complete in [32m16164ms[39m
#19 28.47 @plane/types:build: [34mℹ[39m [2mdist/[22m[1mindex.mjs[22m        [2m 16.84 kB[22m [2m│ gzip:  3.67 kB[22m
#19 28.47 @plane/types:build: [34mℹ[39m [2mdist/[22mindex.d.mts.map  [2m 89.23 kB[22m [2m│ gzip: 29.36 kB[22m
#19 28.47 @plane/types:build: [34mℹ[39m [2mdist/[22mindex.mjs.map    [2m 65.53 kB[22m [2m│ gzip: 13.53 kB[22m
#19 28.47 @plane/types:build: [34mℹ[39m [2mdist/[22m[32m[1mindex.d.mts[22m[39m      [2m146.98 kB[22m [2m│ gzip: 28.71 kB[22m
#19 28.47 @plane/types:build: [34mℹ[39m 4 files, total: 318.56 kB
#19 28.53 @plane/types:build: [32m✔[39m Build complete in [32m18241ms[39m
#19 28.86 @plane/constants:build: cache miss, executing 4a521265da9d6995
#19 31.49 @plane/constants:build: $ tsdown
#19 31.75 @plane/i18n:build: [34mℹ[39m [2mdist/[22m[1mindex.js[22m        [2m  5.66 kB[22m [2m│ gzip:  2.15 kB[22m
#19 31.75 @plane/i18n:build: [34mℹ[39m [2mdist/[22mindex.d.ts.map  [2m 43.17 kB[22m [2m│ gzip:  5.39 kB[22m
#19 31.75 @plane/i18n:build: [34mℹ[39m [2mdist/[22mindex.js.map    [2m 12.36 kB[22m [2m│ gzip:  4.16 kB[22m
#19 31.75 @plane/i18n:build: [34mℹ[39m [2mdist/[22m[32m[1mindex.d.ts[22m[39m      [2m176.39 kB[22m [2m│ gzip: 23.79 kB[22m
#19 31.75 @plane/i18n:build: [34mℹ[39m 4 files, total: 237.59 kB
#19 31.76 @plane/i18n:build: [32m✔[39m Build complete in [32m14148ms[39m
#19 31.93 @plane/constants:build: [34mℹ[39m tsdown [2mv0.16.0[22m powered by rolldown [2mv1.0.0-beta.46[22m
#19 32.15 @plane/constants:build: [34mℹ[39m Using tsdown config: [4m/app/packages/constants/tsdown.config.ts[24m
#19 32.17 @plane/constants:build: [34mℹ[39m entry: [34msrc/index.ts[39m
#19 32.17 @plane/constants:build: [34mℹ[39m tsconfig: [34mtsconfig.json[39m
#19 32.17 @plane/constants:build: [34mℹ[39m Build start
#19 38.35 @plane/constants:build: [34mℹ[39m [2mdist/[22m[1mindex.mjs[22m        [2m108.95 kB[22m [2m│ gzip: 21.94 kB[22m
#19 38.35 @plane/constants:build: [34mℹ[39m [2mdist/[22mindex.mjs.map    [2m176.20 kB[22m [2m│ gzip: 30.67 kB[22m
#19 38.35 @plane/constants:build: [34mℹ[39m [2mdist/[22mindex.d.mts.map  [2m 24.27 kB[22m [2m│ gzip:  8.83 kB[22m
#19 38.35 @plane/constants:build: [34mℹ[39m [2mdist/[22m[32m[1mindex.d.mts[22m[39m      [2m 52.02 kB[22m [2m│ gzip: 11.44 kB[22m
#19 38.35 @plane/constants:build: [34mℹ[39m 4 files, total: 361.43 kB
#19 38.36 @plane/constants:build: [32m✔[39m Build complete in [32m6181ms[39m
#19 38.46 @plane/utils:build: cache miss, executing d1a5a6b465eac32f
#19 38.46 @plane/services:build: cache miss, executing 8cd608cd5ab2cfbc
#19 40.05 @plane/utils:build: $ tsdown
#19 40.09 @plane/services:build: $ tsdown
#19 40.33 @plane/utils:build: [34mℹ[39m tsdown [2mv0.16.0[22m powered by rolldown [2mv1.0.0-beta.46[22m
#19 40.35 @plane/services:build: [34mℹ[39m tsdown [2mv0.16.0[22m powered by rolldown [2mv1.0.0-beta.46[22m
#19 40.59 @plane/utils:build: [34mℹ[39m Using tsdown config: [4m/app/packages/utils/tsdown.config.ts[24m
#19 40.61 @plane/utils:build: [34mℹ[39m entry: [34msrc/index.ts[39m
#19 40.62 @plane/utils:build: [34mℹ[39m tsconfig: [34mtsconfig.json[39m
#19 40.62 @plane/utils:build: [34mℹ[39m Build start
#19 40.68 @plane/services:build: [34mℹ[39m Using tsdown config: [4m/app/packages/services/tsdown.config.ts[24m
#19 40.72 @plane/services:build: [34mℹ[39m entry: [34msrc/index.ts[39m
#19 40.73 @plane/services:build: [34mℹ[39m tsconfig: [34mtsconfig.json[39m
#19 40.73 @plane/services:build: [34mℹ[39m Build start
#19 49.63 @plane/services:build: [34mℹ[39m [2mdist/[22m[1mindex.js[22m        [2m 97.92 kB[22m [2m│ gzip: 11.24 kB[22m
#19 49.63 @plane/services:build: [34mℹ[39m [2mdist/[22mindex.js.map    [2m154.04 kB[22m [2m│ gzip: 17.93 kB[22m
#19 49.63 @plane/services:build: [34mℹ[39m [2mdist/[22mindex.d.ts.map  [2m 21.01 kB[22m [2m│ gzip:  5.70 kB[22m
#19 49.63 @plane/services:build: [34mℹ[39m [2mdist/[22m[32m[1mindex.d.ts[22m[39m      [2m 70.26 kB[22m [2m│ gzip:  9.05 kB[22m
#19 49.63 @plane/services:build: [34mℹ[39m 4 files, total: 343.23 kB
#19 49.64 @plane/services:build: [32m✔[39m Build complete in [32m8909ms[39m
#19 56.11 @plane/utils:build: [34mℹ[39m [2mdist/[22m[1mindex.js[22m        [2m220.02 kB[22m [2m│ gzip: 55.20 kB[22m
#19 56.11 @plane/utils:build: [34mℹ[39m [2mdist/[22mindex.js.map    [2m400.12 kB[22m [2m│ gzip: 88.79 kB[22m
#19 56.11 @plane/utils:build: [34mℹ[39m [2mdist/[22mindex.d.ts.map  [2m 43.35 kB[22m [2m│ gzip: 14.47 kB[22m
#19 56.11 @plane/utils:build: [34mℹ[39m [2mdist/[22m[32m[1mindex.d.ts[22m[39m      [2m117.11 kB[22m [2m│ gzip: 27.19 kB[22m
#19 56.11 @plane/utils:build: [34mℹ[39m 4 files, total: 780.60 kB
#19 56.12 @plane/utils:build: [32m✔[39m Build complete in [32m15494ms[39m
#19 56.24 @plane/propel:build: cache miss, executing 24c32274c198712c
#19 57.66 @plane/propel:build: $ tsdown
#19 57.88 @plane/propel:build: [34mℹ[39m tsdown [2mv0.16.0[22m powered by rolldown [2mv1.0.0-beta.46[22m
#19 58.11 @plane/propel:build: [34mℹ[39m Using tsdown config: [4m/app/packages/propel/tsdown.config.ts[24m
#19 58.19 @plane/propel:build: [34mℹ[39m entry: [34msrc/animated-counter/index.ts, src/accordion/index.ts, src/badge/index.ts, src/avatar/index.ts, src/banner/index.ts, src/button/index.ts, src/calendar/index.ts, src/card/index.ts, src/collapsible/index.ts, src/combobox/index.ts, src/command/index.ts, src/context-menu/index.ts, src/dialog/index.ts, src/emoji-icon-picker/index.ts, src/empty-state/index.ts, src/icon-button/index.ts, src/input/index.ts, src/icons/index.ts, src/emoji-reaction/index.ts, src/menu/index.ts, src/popover/index.ts, src/pill/index.ts, src/portal/index.ts, src/scrollarea/index.ts, src/spinners/index.ts, src/skeleton/index.ts, src/switch/index.ts, src/table/index.ts, src/tab-navigation/index.ts, src/toolbar/index.ts, src/toast/index.ts, src/tooltip/index.ts, src/tabs/index.ts, src/utils/index.ts, src/charts/line-chart/index.ts, src/charts/pie-chart/index.ts, src/charts/area-chart/index.ts, src/charts/tree-map/index.ts, src/charts/bar-chart/index.ts, src/charts/scatter-chart/index.ts, src/charts/radar-chart/index.ts[39m
#19 58.19 @plane/propel:build: [34mℹ[39m tsconfig: [34mtsconfig.json[39m
#19 58.19 @plane/propel:build: [34mℹ[39m Build start
#19 74.14 @plane/propel:build: [34mℹ[39m [2mdist/[22m[1mempty-state/index.js[22m                  [2m749.12 kB[22m [2m│ gzip: 213.69 kB[22m
#19 74.14 @plane/propel:build: [34mℹ[39m [2mdist/[22m[1mcharts/bar-chart/index.js[22m             [2m  9.75 kB[22m [2m│ gzip:   3.19 kB[22m
#19 74.14 @plane/propel:build: [34mℹ[39m [2mdist/[22m[1mcharts/tree-map/index.js[22m              [2m  9.39 kB[22m [2m│ gzip:   2.77 kB[22m
#19 74.14 @plane/propel:build: [34mℹ[39m [2mdist/[22m[1mtoast/index.js[22m                        [2m  9.08 kB[22m [2m│ gzip:   2.30 kB[22m
#19 74.14 @plane/propel:build: [34mℹ[39m [2mdist/[22m[1mportal/index.js[22m                       [2m  6.41 kB[22m [2m│ gzip:   2.15 kB[22m
#19 74.14 @plane/propel:build: [34mℹ[39m [2mdist/[22m[1mcharts/pie-chart/index.js[22m             [2m  6.25 kB[22m [2m│ gzip:   2.03 kB[22m
#19 74.14 @plane/propel:build: [34mℹ[39m [2mdist/[22m[1micons/index.js[22m                        [2m  6.18 kB[22m [2m│ gzip:   1.86 kB[22m
#19 74.14 @plane/propel:build: [34mℹ[39m [2mdist/[22m[1mmenu/index.js[22m                         [2m  5.60 kB[22m [2m│ gzip:   1.87 kB[22m
#19 74.14 @plane/propel:build: [34mℹ[39m [2mdist/[22m[1memoji-reaction/index.js[22m               [2m  5.57 kB[22m [2m│ gzip:   1.94 kB[22m
#19 74.14 @plane/propel:build: [34mℹ[39m [2mdist/[22m[1mcharts/area-chart/index.js[22m            [2m  5.21 kB[22m [2m│ gzip:   1.92 kB[22m
#19 74.14 @plane/propel:build: [34mℹ[39m [2mdist/[22m[1mcombobox/index.js[22m                     [2m  4.83 kB[22m [2m│ gzip:   1.74 kB[22m
#19 74.14 @plane/propel:build: [34mℹ[39m [2mdist/[22m[1mcharts/line-chart/index.js[22m            [2m  4.50 kB[22m [2m│ gzip:   1.69 kB[22m
#19 74.14 @plane/propel:build: [34mℹ[39m [2mdist/[22m[1mcharts/scatter-chart/index.js[22m         [2m  4.24 kB[22m [2m│ gzip:   1.56 kB[22m
#19 74.14 @plane/propel:build: [34mℹ[39m [2mdist/[22m[1mtoolbar/index.js[22m                      [2m  4.05 kB[22m [2m│ gzip:   1.43 kB[22m
#19 74.14 @plane/propel:build: [34mℹ[39m [2mdist/[22m[1mcontext-menu/index.js[22m                 [2m  3.68 kB[22m [2m│ gzip:   1.14 kB[22m
#19 74.14 @plane/propel:build: [34mℹ[39m [2mdist/[22m[1mbanner/index.js[22m                       [2m  3.43 kB[22m [2m│ gzip:   1.34 kB[22m
#19 74.14 @plane/propel:build: [34mℹ[39m [2mdist/[22m[1mdialog/index.js[22m                       [2m  3.33 kB[22m [2m│ gzip:   1.12 kB[22m
#19 74.14 @plane/propel:build: [34mℹ[39m [2mdist/[22m[1mscrollarea/index.js[22m                   [2m  2.96 kB[22m [2m│ gzip:   1.08 kB[22m
#19 74.14 @plane/propel:build: [34mℹ[39m [2mdist/[22m[1mtabs/index.js[22m                         [2m  2.87 kB[22m [2m│ gzip:   1.13 kB[22m
#19 74.14 @plane/propel:build: [34mℹ[39m [2mdist/[22m[1mcharts/radar-chart/index.js[22m           [2m  2.83 kB[22m [2m│ gzip:   1.19 kB[22m
#19 74.14 @plane/propel:build: [34mℹ[39m [2mdist/[22m[1mtable/index.js[22m                        [2m  2.72 kB[22m [2m│ gzip:   0.84 kB[22m
#19 74.14 @plane/propel:build: [34mℹ[39m [2mdist/[22m[1mavatar/index.js[22m                       [2m  2.69 kB[22m [2m│ gzip:   1.02 kB[22m
#19 74.14 @plane/propel:build: [34mℹ[39m [2mdist/[22m[1mpill/index.js[22m                         [2m  2.37 kB[22m [2m│ gzip:   1.02 kB[22m
#19 74.14 @plane/propel:build: [34mℹ[39m [2mdist/[22m[1mcollapsible/index.js[22m                  [2m  2.17 kB[22m [2m│ gzip:   0.91 kB[22m
#19 74.14 @plane/propel:build: [34mℹ[39m [2mdist/[22m[1mbadge/index.js[22m                        [2m  2.12 kB[22m [2m│ gzip:   0.97 kB[22m
#19 74.14 @plane/propel:build: [34mℹ[39m [2mdist/[22m[1maccordion/index.js[22m                    [2m  1.96 kB[22m [2m│ gzip:   0.74 kB[22m
#19 74.14 @plane/propel:build: [34mℹ[39m [2mdist/[22m[1mtab-navigation/index.js[22m               [2m  1.90 kB[22m [2m│ gzip:   0.80 kB[22m
#19 74.14 @plane/propel:build: [34mℹ[39m [2mdist/[22m[1mspinners/index.js[22m                     [2m  1.89 kB[22m [2m│ gzip:   1.00 kB[22m
#19 74.14 @plane/propel:build: [34mℹ[39m [2mdist/[22m[1mcommand/index.js[22m                      [2m  1.48 kB[22m [2m│ gzip:   0.58 kB[22m
#19 74.14 @plane/propel:build: [34mℹ[39m [2mdist/[22m[1mswitch/index.js[22m                       [2m  1.46 kB[22m [2m│ gzip:   0.71 kB[22m
#19 74.14 @plane/propel:build: [34mℹ[39m [2mdist/[22m[1minput/index.js[22m                        [2m  1.42 kB[22m [2m│ gzip:   0.77 kB[22m
#19 74.14 @plane/propel:build: [34mℹ[39m [2mdist/[22m[1mcalendar/index.js[22m                     [2m  1.16 kB[22m [2m│ gzip:   0.59 kB[22m
#19 74.14 @plane/propel:build: [34mℹ[39m [2mdist/[22m[1mskeleton/index.js[22m                     [2m  0.92 kB[22m [2m│ gzip:   0.46 kB[22m
#19 74.14 @plane/propel:build: [34mℹ[39m [2mdist/[22m[1memoji-icon-picker/index.js[22m            [2m  0.71 kB[22m [2m│ gzip:   0.35 kB[22m
#19 74.14 @plane/propel:build: [34mℹ[39m [2mdist/[22m[1mutils/index.js[22m                        [2m  0.25 kB[22m [2m│ gzip:   0.17 kB[22m
#19 74.14 @plane/propel:build: [34mℹ[39m [2mdist/[22m[1micon-button/index.js[22m                  [2m  0.23 kB[22m [2m│ gzip:   0.17 kB[22m
#19 74.14 @plane/propel:build: [34mℹ[39m [2mdist/[22m[1mbutton/index.js[22m                       [2m  0.21 kB[22m [2m│ gzip:   0.16 kB[22m
#19 74.14 @plane/propel:build: [34mℹ[39m [2mdist/[22m[1mcard/index.js[22m                         [2m  0.20 kB[22m [2m│ gzip:   0.15 kB[22m
#19 74.14 @plane/propel:build: [34mℹ[39m [2mdist/[22m[1manimated-counter/index.js[22m             [2m  0.20 kB[22m [2m│ gzip:   0.15 kB[22m
#19 74.14 @plane/propel:build: [34mℹ[39m [2mdist/[22m[1mtooltip/index.js[22m                      [2m  0.18 kB[22m [2m│ gzip:   0.14 kB[22m
#19 74.14 @plane/propel:build: [34mℹ[39m [2mdist/[22m[1mpopover/index.js[22m                      [2m  0.11 kB[22m [2m│ gzip:   0.10 kB[22m
#19 74.14 @plane/propel:build: [34mℹ[39m [2mdist/[22mempty-state/index.js.map              [2m859.86 kB[22m [2m│ gzip: 218.29 kB[22m
#19 74.14 @plane/propel:build: [34mℹ[39m [2mdist/[22micons-DWzY_Ct4.js.map                 [2m391.68 kB[22m [2m│ gzip: 100.97 kB[22m
#19 74.14 @plane/propel:build: [34mℹ[39m [2mdist/[22micons-DWzY_Ct4.js                     [2m309.50 kB[22m [2m│ gzip:  94.69 kB[22m
#19 74.14 @plane/propel:build: [34mℹ[39m [2mdist/[22memoji-icon-picker-CbLNblhQ.js.map     [2m 58.16 kB[22m [2m│ gzip:  13.24 kB[22m
#19 74.14 @plane/propel:build: [34mℹ[39m [2mdist/[22memoji-icon-picker-CbLNblhQ.js         [2m 32.67 kB[22m [2m│ gzip:   8.54 kB[22m
#19 74.14 @plane/propel:build: [34mℹ[39m [2mdist/[22mcharts/bar-chart/index.js.map         [2m 18.54 kB[22m [2m│ gzip:   5.83 kB[22m
#19 74.14 @plane/propel:build: [34mℹ[39m [2mdist/[22mindex-BUyOAoiw.d.ts.map               [2m 17.31 kB[22m [2m│ gzip:   3.08 kB[22m
#19 74.14 @plane/propel:build: [34mℹ[39m [2mdist/[22mcharts/tree-map/index.js.map          [2m 16.84 kB[22m [2m│ gzip:   4.95 kB[22m
#19 74.14 @plane/propel:build: [34mℹ[39m [2mdist/[22mtoast/index.js.map                    [2m 14.78 kB[22m [2m│ gzip:   4.07 kB[22m
#19 74.14 @plane/propel:build: [34mℹ[39m [2mdist/[22mcharts/pie-chart/index.js.map         [2m 10.95 kB[22m [2m│ gzip:   3.47 kB[22m
#19 74.14 @plane/propel:build: [34mℹ[39m [2mdist/[22mcombobox/index.js.map                 [2m  9.95 kB[22m [2m│ gzip:   3.34 kB[22m
#19 74.14 @plane/propel:build: [34mℹ[39m [2mdist/[22mcharts/area-chart/index.js.map        [2m  9.79 kB[22m [2m│ gzip:   3.31 kB[22m
#19 74.14 @plane/propel:build: [34mℹ[39m [2mdist/[22memoji-reaction/index.js.map           [2m  9.74 kB[22m [2m│ gzip:   3.24 kB[22m
#19 74.14 @plane/propel:build: [34mℹ[39m [2mdist/[22mempty-state/index.d.ts.map            [2m  9.61 kB[22m [2m│ gzip:   2.39 kB[22m
#19 74.14 @plane/propel:build: [34mℹ[39m [2mdist/[22mportal/index.js.map                   [2m  9.54 kB[22m [2m│ gzip:   3.32 kB[22m
#19 74.14 @plane/propel:build: [34mℹ[39m [2mdist/[22mmenu/index.js.map                     [2m  9.53 kB[22m [2m│ gzip:   3.20 kB[22m
#19 74.14 @plane/propel:build: [34mℹ[39m [2mdist/[22mcharts/line-chart/index.js.map        [2m  8.10 kB[22m [2m│ gzip:   2.75 kB[22m
#19 74.14 @plane/propel:build: [34mℹ[39m [2mdist/[22mcharts/scatter-chart/index.js.map     [2m  7.53 kB[22m [2m│ gzip:   2.53 kB[22m
#19 74.14 @plane/propel:build: [34mℹ[39m [2mdist/[22mtoolbar/index.js.map                  [2m  7.21 kB[22m [2m│ gzip:   2.34 kB[22m
#19 74.14 @plane/propel:build: [34mℹ[39m [2mdist/[22mcontext-menu/index.js.map             [2m  7.16 kB[22m [2m│ gzip:   1.94 kB[22m
#19 74.14 @plane/propel:build: [34mℹ[39m [2mdist/[22mbanner/index.js.map                   [2m  6.96 kB[22m [2m│ gzip:   2.58 kB[22m
#19 74.14 @plane/propel:build: [34mℹ[39m [2mdist/[22mtabs/index.js.map                     [2m  6.21 kB[22m [2m│ gzip:   1.86 kB[22m
#19 74.14 @plane/propel:build: [34mℹ[39m [2mdist/[22mtooltip-2hD27cLV.js.map               [2m  5.98 kB[22m [2m│ gzip:   2.15 kB[22m
#19 74.14 @plane/propel:build: [34mℹ[39m [2mdist/[22mdialog/index.js.map                   [2m  5.75 kB[22m [2m│ gzip:   1.97 kB[22m
#19 74.14 @plane/propel:build: [34mℹ[39m [2mdist/[22mbutton-CjcOirFK.js.map                [2m  5.70 kB[22m [2m│ gzip:   1.99 kB[22m
#19 74.14 @plane/propel:build: [34mℹ[39m [2mdist/[22mavatar/index.js.map                   [2m  5.14 kB[22m [2m│ gzip:   1.78 kB[22m
#19 74.14 @plane/propel:build: [34mℹ[39m [2mdist/[22mcharts/radar-chart/index.js.map       [2m  4.91 kB[22m [2m│ gzip:   1.89 kB[22m
#19 74.14 @plane/propel:build: [34mℹ[39m [2mdist/[22mscrollarea/index.js.map               [2m  4.86 kB[22m [2m│ gzip:   1.64 kB[22m
#19 74.14 @plane/propel:build: [34mℹ[39m [2mdist/[22micon-button-DP8eQgGI.js.map           [2m  4.86 kB[22m [2m│ gzip:   1.66 kB[22m
#19 74.14 @plane/propel:build: [34mℹ[39m [2mdist/[22mtable/index.js.map                    [2m  4.83 kB[22m [2m│ gzip:   1.32 kB[22m
#19 74.14 @plane/propel:build: [34mℹ[39m [2mdist/[22mpopover-CrZ8wRJs.js.map               [2m  4.12 kB[22m [2m│ gzip:   1.50 kB[22m
#19 74.14 @plane/propel:build: [34mℹ[39m [2mdist/[22mbadge/index.js.map                    [2m  4.08 kB[22m [2m│ gzip:   1.63 kB[22m
#19 74.15 @plane/propel:build: [34mℹ[39m [2mdist/[22manimated-counter-CqtqTlrG.js.map      [2m  3.95 kB[22m [2m│ gzip:   1.52 kB[22m
#19 74.15 @plane/propel:build: [34mℹ[39m [2mdist/[22mcollapsible/index.js.map              [2m  3.95 kB[22m [2m│ gzip:   1.53 kB[22m
#19 74.15 @plane/propel:build: [34mℹ[39m [2mdist/[22mtooltip-C7tfs8kr.js.map               [2m  3.83 kB[22m [2m│ gzip:   1.57 kB[22m
#19 74.15 @plane/propel:build: [34mℹ[39m [2mdist/[22mlegend-HUzGLN3O.js.map                [2m  3.79 kB[22m [2m│ gzip:   1.65 kB[22m
#19 74.15 @plane/propel:build: [34mℹ[39m [2mdist/[22mtooltip-2hD27cLV.js                   [2m  3.75 kB[22m [2m│ gzip:   1.29 kB[22m
#19 74.15 @plane/propel:build: [34mℹ[39m [2mdist/[22maccordion/index.js.map                [2m  3.72 kB[22m [2m│ gzip:   1.34 kB[22m
#19 74.15 @plane/propel:build: [34mℹ[39m [2mdist/[22mpill/index.js.map                     [2m  3.46 kB[22m [2m│ gzip:   1.38 kB[22m
#19 74.15 @plane/propel:build: [34mℹ[39m [2mdist/[22mcard-BJ9a4xMU.js.map                  [2m  3.43 kB[22m [2m│ gzip:   1.35 kB[22m
#19 74.15 @plane/propel:build: [34mℹ[39m [2mdist/[22mbutton-CjcOirFK.js                    [2m  3.31 kB[22m [2m│ gzip:   1.22 kB[22m
#19 74.15 @plane/propel:build: [34mℹ[39m [2mdist/[22mclassname-BokbBhj4.js.map             [2m  3.14 kB[22m [2m│ gzip:   1.30 kB[22m
#19 74.15 @plane/propel:build: [34mℹ[39m [2mdist/[22micon-button-DP8eQgGI.js               [2m  2.93 kB[22m [2m│ gzip:   1.09 kB[22m
#19 74.15 @plane/propel:build: [34mℹ[39m [2mdist/[22mcircular-bar-spinner-Cp6QEb9r.js.map  [2m  2.86 kB[22m [2m│ gzip:   0.97 kB[22m
#19 74.15 @plane/propel:build: [34mℹ[39m [2mdist/[22mplacement-Db9Qu3XD.js.map             [2m  2.73 kB[22m [2m│ gzip:   0.82 kB[22m
#19 74.15 @plane/propel:build: [34mℹ[39m [2mdist/[22mswitch/index.js.map                   [2m  2.71 kB[22m [2m│ gzip:   1.19 kB[22m
#19 74.15 @plane/propel:build: [34mℹ[39m [2mdist/[22mtab-navigation/index.js.map           [2m  2.65 kB[22m [2m│ gzip:   1.04 kB[22m
#19 74.15 @plane/propel:build: [34mℹ[39m [2mdist/[22mcommand/index.js.map                  [2m  2.48 kB[22m [2m│ gzip:   0.95 kB[22m
#19 74.15 @plane/propel:build: [34mℹ[39m [2mdist/[22mspinners/index.js.map                 [2m  2.42 kB[22m [2m│ gzip:   1.33 kB[22m
#19 74.15 @plane/propel:build: [34mℹ[39m [2mdist/[22minput/index.js.map                    [2m  2.34 kB[22m [2m│ gzip:   1.11 kB[22m
#19 74.15 @plane/propel:build: [34mℹ[39m [2mdist/[22mpopover-CrZ8wRJs.js                   [2m  2.30 kB[22m [2m│ gzip:   0.85 kB[22m
#19 74.15 @plane/propel:build: [34mℹ[39m [2mdist/[22manimated-counter-CqtqTlrG.js          [2m  2.27 kB[22m [2m│ gzip:   0.93 kB[22m
#19 74.15 @plane/propel:build: [34mℹ[39m [2mdist/[22mcard-BJ9a4xMU.js                      [2m  2.13 kB[22m [2m│ gzip:   0.90 kB[22m
#19 74.15 @plane/propel:build: [34mℹ[39m [2mdist/[22mlegend-HUzGLN3O.js                    [2m  2.08 kB[22m [2m│ gzip:   1.03 kB[22m
#19 74.15 @plane/propel:build: [34mℹ[39m [2mdist/[22mcircular-bar-spinner-Cp6QEb9r.js      [2m  2.08 kB[22m [2m│ gzip:   0.60 kB[22m
#19 74.15 @plane/propel:build: [34mℹ[39m [2mdist/[22mtooltip-C7tfs8kr.js                   [2m  2.05 kB[22m [2m│ gzip:   0.96 kB[22m
#19 74.15 @plane/propel:build: [34mℹ[39m [2mdist/[22mcombobox/index.d.ts.map               [2m  1.95 kB[22m [2m│ gzip:   0.65 kB[22m
#19 74.15 @plane/propel:build: [34mℹ[39m [2mdist/[22mcalendar/index.js.map                 [2m  1.94 kB[22m [2m│ gzip:   0.92 kB[22m
#19 74.15 @plane/propel:build: [34mℹ[39m [2mdist/[22memoji-icon-picker/index.d.ts.map      [2m  1.79 kB[22m [2m│ gzip:   0.77 kB[22m
#19 74.15 @plane/propel:build: [34mℹ[39m [2mdist/[22memoji-reaction/index.d.ts.map         [2m  1.71 kB[22m [2m│ gzip:   0.62 kB[22m
#19 74.15 @plane/propel:build: [34mℹ[39m [2mdist/[22mskeleton/index.js.map                 [2m  1.66 kB[22m [2m│ gzip:   0.82 kB[22m
#19 74.15 @plane/propel:build: [34mℹ[39m [2mdist/[22mtable/index.d.ts.map                  [2m  1.61 kB[22m [2m│ gzip:   0.46 kB[22m
#19 74.15 @plane/propel:build: [34mℹ[39m [2mdist/[22mportal/index.d.ts.map                 [2m  1.57 kB[22m [2m│ gzip:   0.64 kB[22m
#19 74.15 @plane/propel:build: [34mℹ[39m [2mdist/[22mclassname-BokbBhj4.js                 [2m  1.47 kB[22m [2m│ gzip:   0.74 kB[22m
#19 74.15 @plane/propel:build: [34mℹ[39m [2mdist/[22mtoast/index.d.ts.map                  [2m  1.46 kB[22m [2m│ gzip:   0.68 kB[22m
#19 74.15 @plane/propel:build: [34mℹ[39m [2mdist/[22mtabs/index.d.ts.map                   [2m  1.42 kB[22m [2m│ gzip:   0.47 kB[22m
#19 74.15 @plane/propel:build: [34mℹ[39m [2mdist/[22maccordion/index.d.ts.map              [2m  1.28 kB[22m [2m│ gzip:   0.49 kB[22m
#19 74.15 @plane/propel:build: [34mℹ[39m [2mdist/[22mplacement-Db9Qu3XD.js                 [2m  1.13 kB[22m [2m│ gzip:   0.36 kB[22m
#19 74.15 @plane/propel:build: [34mℹ[39m [2mdist/[22mbadge/index.d.ts.map                  [2m  1.12 kB[22m [2m│ gzip:   0.42 kB[22m
#19 74.15 @plane/propel:build: [34mℹ[39m [2mdist/[22mdialog/index.d.ts.map                 [2m  1.09 kB[22m [2m│ gzip:   0.50 kB[22m
#19 74.15 @plane/propel:build: [34mℹ[39m [2mdist/[22mmenu/index.d.ts.map                   [2m  1.09 kB[22m [2m│ gzip:   0.47 kB[22m
#19 74.15 @plane/propel:build: [34mℹ[39m [2mdist/[22mtoolbar/index.d.ts.map                [2m  1.00 kB[22m [2m│ gzip:   0.45 kB[22m
#19 74.15 @plane/propel:build: [34mℹ[39m [2mdist/[22mpill/index.d.ts.map                   [2m  0.99 kB[22m [2m│ gzip:   0.45 kB[22m
#19 74.15 @plane/propel:build: [34mℹ[39m [2mdist/[22micon-button/index.d.ts.map            [2m  0.96 kB[22m [2m│ gzip:   0.44 kB[22m
#19 74.15 @plane/propel:build: [34mℹ[39m [2mdist/[22mcollapsible/index.d.ts.map            [2m  0.95 kB[22m [2m│ gzip:   0.44 kB[22m
#19 74.15 @plane/propel:build: [34mℹ[39m [2mdist/[22mcontext-menu/index.d.ts.map           [2m  0.94 kB[22m [2m│ gzip:   0.40 kB[22m
#19 74.15 @plane/propel:build: [34mℹ[39m [2mdist/[22mcommand/index.d.ts.map                [2m  0.93 kB[22m [2m│ gzip:   0.39 kB[22m
#19 74.15 @plane/propel:build: [34mℹ[39m [2mdist/[22mhelper-B5ybNdp8.d.ts.map              [2m  0.76 kB[22m [2m│ gzip:   0.38 kB[22m
#19 74.15 @plane/propel:build: [34mℹ[39m [2mdist/[22mcard/index.d.ts.map                   [2m  0.69 kB[22m [2m│ gzip:   0.38 kB[22m
#19 74.15 @plane/propel:build: [34mℹ[39m [2mdist/[22mskeleton/index.d.ts.map               [2m  0.63 kB[22m [2m│ gzip:   0.31 kB[22m
#19 74.15 @plane/propel:build: [34mℹ[39m [2mdist/[22mscrollarea/index.d.ts.map             [2m  0.60 kB[22m [2m│ gzip:   0.33 kB[22m
#19 74.15 @plane/propel:build: [34mℹ[39m [2mdist/[22mbanner/index.d.ts.map                 [2m  0.59 kB[22m [2m│ gzip:   0.31 kB[22m
#19 74.15 @plane/propel:build: [34mℹ[39m [2mdist/[22mpopover/index.d.ts.map                [2m  0.58 kB[22m [2m│ gzip:   0.32 kB[22m
#19 74.15 @plane/propel:build: [34mℹ[39m [2mdist/[22mspinners/index.d.ts.map               [2m  0.57 kB[22m [2m│ gzip:   0.28 kB[22m
#19 74.15 @plane/propel:build: [34mℹ[39m [2mdist/[22mbutton/index.d.ts.map                 [2m  0.52 kB[22m [2m│ gzip:   0.24 kB[22m
#19 74.15 @plane/propel:build: [34mℹ[39m [2mdist/[22mtab-navigation/index.d.ts.map         [2m  0.52 kB[22m [2m│ gzip:   0.28 kB[22m
#19 74.15 @plane/propel:build: [34mℹ[39m [2mdist/[22mplacement-qJjmdCXt.d.ts.map           [2m  0.49 kB[22m [2m│ gzip:   0.26 kB[22m
#19 74.15 @plane/propel:build: [34mℹ[39m [2mdist/[22mswitch/index.d.ts.map                 [2m  0.48 kB[22m [2m│ gzip:   0.25 kB[22m
#19 74.15 @plane/propel:build: [34mℹ[39m [2mdist/[22mtooltip/index.d.ts.map                [2m  0.40 kB[22m [2m│ gzip:   0.26 kB[22m
#19 74.15 @plane/propel:build: [34mℹ[39m [2mdist/[22manimated-counter/index.d.ts.map       [2m  0.38 kB[22m [2m│ gzip:   0.22 kB[22m
#19 74.15 @plane/propel:build: [34mℹ[39m [2mdist/[22minput/index.d.ts.map                  [2m  0.35 kB[22m [2m│ gzip:   0.21 kB[22m
#19 74.15 @plane/propel:build: [34mℹ[39m [2mdist/[22mavatar/index.d.ts.map                 [2m  0.34 kB[22m [2m│ gzip:   0.22 kB[22m
#19 74.15 @plane/propel:build: [34mℹ[39m [2mdist/[22mcharts/scatter-chart/index.d.ts.map   [2m  0.32 kB[22m [2m│ gzip:   0.20 kB[22m
#19 74.15 @plane/propel:build: [34mℹ[39m [2mdist/[22mcharts/bar-chart/index.d.ts.map       [2m  0.32 kB[22m [2m│ gzip:   0.20 kB[22m
#19 74.15 @plane/propel:build: [34mℹ[39m [2mdist/[22mcharts/pie-chart/index.d.ts.map       [2m  0.32 kB[22m [2m│ gzip:   0.20 kB[22m
#19 74.15 @plane/propel:build: [34mℹ[39m [2mdist/[22mcharts/area-chart/index.d.ts.map      [2m  0.31 kB[22m [2m│ gzip:   0.20 kB[22m
#19 74.15 @plane/propel:build: [34mℹ[39m [2mdist/[22mcharts/line-chart/index.d.ts.map      [2m  0.31 kB[22m [2m│ gzip:   0.20 kB[22m
#19 74.15 @plane/propel:build: [34mℹ[39m [2mdist/[22mcalendar/index.d.ts.map               [2m  0.29 kB[22m [2m│ gzip:   0.21 kB[22m
#19 74.15 @plane/propel:build: [34mℹ[39m [2mdist/[22mcharts/radar-chart/index.d.ts.map     [2m  0.27 kB[22m [2m│ gzip:   0.18 kB[22m
#19 74.15 @plane/propel:build: [34mℹ[39m [2mdist/[22mcharts/tree-map/index.d.ts.map        [2m  0.16 kB[22m [2m│ gzip:   0.14 kB[22m
#19 74.15 @plane/propel:build: [34mℹ[39m [2mdist/[22mutils/index.d.ts.map                  [2m  0.14 kB[22m [2m│ gzip:   0.13 kB[22m
#19 74.15 @plane/propel:build: [34mℹ[39m [2mdist/[22mutils-MPqvUdqq.js                     [2m  0.00 kB[22m [2m│ gzip:   0.02 kB[22m
#19 74.15 @plane/propel:build: [34mℹ[39m [2mdist/[22m[32m[1mempty-state/index.d.ts[22m[39m                [2m 14.64 kB[22m [2m│ gzip:   2.17 kB[22m
#19 74.15 @plane/propel:build: [34mℹ[39m [2mdist/[22m[32m[1micons/index.d.ts[22m[39m                      [2m  6.31 kB[22m [2m│ gzip:   1.89 kB[22m
#19 74.15 @plane/propel:build: [34mℹ[39m [2mdist/[22m[32m[1memoji-icon-picker/index.d.ts[22m[39m          [2m  4.14 kB[22m [2m│ gzip:   1.41 kB[22m
#19 74.15 @plane/propel:build: [34mℹ[39m [2mdist/[22m[32m[1mportal/index.d.ts[22m[39m                     [2m  3.97 kB[22m [2m│ gzip:   1.42 kB[22m
#19 74.15 @plane/propel:build: [34mℹ[39m [2mdist/[22m[32m[1mcombobox/index.d.ts[22m[39m                   [2m  2.23 kB[22m [2m│ gzip:   0.74 kB[22m
#19 74.15 @plane/propel:build: [34mℹ[39m [2mdist/[22m[32m[1memoji-reaction/index.d.ts[22m[39m             [2m  2.20 kB[22m [2m│ gzip:   0.67 kB[22m
#19 74.15 @plane/propel:build: [34mℹ[39m [2mdist/[22m[32m[1mtabs/index.d.ts[22m[39m                       [2m  2.03 kB[22m [2m│ gzip:   0.45 kB[22m
#19 74.15 @plane/propel:build: [34mℹ[39m [2mdist/[22m[32m[1mtable/index.d.ts[22m[39m                      [2m  1.95 kB[22m [2m│ gzip:   0.37 kB[22m
#19 74.15 @plane/propel:build: [34mℹ[39m [2mdist/[22m[32m[1mcontext-menu/index.d.ts[22m[39m               [2m  1.95 kB[22m [2m│ gzip:   0.53 kB[22m
#19 74.15 @plane/propel:build: [34mℹ[39m [2mdist/[22m[32m[1mmenu/index.d.ts[22m[39m                       [2m  1.83 kB[22m [2m│ gzip:   0.74 kB[22m
#19 74.15 @plane/propel:build: [34mℹ[39m [2mdist/[22m[32m[1mtoolbar/index.d.ts[22m[39m                    [2m  1.80 kB[22m [2m│ gzip:   0.54 kB[22m
#19 74.15 @plane/propel:build: [34mℹ[39m [2mdist/[22m[32m[1mtoast/index.d.ts[22m[39m                      [2m  1.79 kB[22m [2m│ gzip:   0.62 kB[22m
#19 74.15 @plane/propel:build: [34mℹ[39m [2mdist/[22m[32m[1mbadge/index.d.ts[22m[39m                      [2m  1.61 kB[22m [2m│ gzip:   0.55 kB[22m
#19 74.15 @plane/propel:build: [34mℹ[39m [2mdist/[22m[32m[1maccordion/index.d.ts[22m[39m                  [2m  1.48 kB[22m [2m│ gzip:   0.45 kB[22m
#19 74.15 @plane/propel:build: [34mℹ[39m [2mdist/[22m[32m[1mdialog/index.d.ts[22m[39m                     [2m  1.38 kB[22m [2m│ gzip:   0.52 kB[22m
#19 74.15 @plane/propel:build: [34mℹ[39m [2mdist/[22m[32m[1mtab-navigation/index.d.ts[22m[39m             [2m  1.27 kB[22m [2m│ gzip:   0.47 kB[22m
#19 74.15 @plane/propel:build: [34mℹ[39m [2mdist/[22m[32m[1micon-button/index.d.ts[22m[39m                [2m  1.26 kB[22m [2m│ gzip:   0.55 kB[22m
#19 74.15 @plane/propel:build: [34mℹ[39m [2mdist/[22m[32m[1mbanner/index.d.ts[22m[39m                     [2m  1.22 kB[22m [2m│ gzip:   0.61 kB[22m
#19 74.15 @plane/propel:build: [34mℹ[39m [2mdist/[22m[32m[1mavatar/index.d.ts[22m[39m                     [2m  1.21 kB[22m [2m│ gzip:   0.53 kB[22m
#19 74.15 @plane/propel:build: [34mℹ[39m [2mdist/[22m[32m[1mcard/index.d.ts[22m[39m                       [2m  1.11 kB[22m [2m│ gzip:   0.56 kB[22m
#19 74.15 @plane/propel:build: [34mℹ[39m [2mdist/[22m[32m[1mpill/index.d.ts[22m[39m                       [2m  1.05 kB[22m [2m│ gzip:   0.52 kB[22m
#19 74.15 @plane/propel:build: [34mℹ[39m [2mdist/[22m[32m[1mbutton/index.d.ts[22m[39m                     [2m  1.05 kB[22m [2m│ gzip:   0.49 kB[22m
#19 74.15 @plane/propel:build: [34mℹ[39m [2mdist/[22m[32m[1mcollapsible/index.d.ts[22m[39m                [2m  0.96 kB[22m [2m│ gzip:   0.39 kB[22m
#19 74.15 @plane/propel:build: [34mℹ[39m [2mdist/[22m[32m[1mcommand/index.d.ts[22m[39m                    [2m  0.95 kB[22m [2m│ gzip:   0.31 kB[22m
#19 74.15 @plane/propel:build: [34mℹ[39m [2mdist/[22m[32m[1mscrollarea/index.d.ts[22m[39m                 [2m  0.90 kB[22m [2m│ gzip:   0.41 kB[22m
#19 74.15 @plane/propel:build: [34mℹ[39m [2mdist/[22m[32m[1mpopover/index.d.ts[22m[39m                    [2m  0.84 kB[22m [2m│ gzip:   0.44 kB[22m
#19 74.15 @plane/propel:build: [34mℹ[39m [2mdist/[22m[32m[1mspinners/index.d.ts[22m[39m                   [2m  0.75 kB[22m [2m│ gzip:   0.30 kB[22m
#19 74.15 @plane/propel:build: [34mℹ[39m [2mdist/[22m[32m[1mskeleton/index.d.ts[22m[39m                   [2m  0.75 kB[22m [2m│ gzip:   0.32 kB[22m
#19 74.15 @plane/propel:build: [34mℹ[39m [2mdist/[22m[32m[1mtooltip/index.d.ts[22m[39m                    [2m  0.68 kB[22m [2m│ gzip:   0.39 kB[22m
#19 74.15 @plane/propel:build: [34mℹ[39m [2mdist/[22m[32m[1manimated-counter/index.d.ts[22m[39m           [2m  0.56 kB[22m [2m│ gzip:   0.36 kB[22m
#19 74.15 @plane/propel:build: [34mℹ[39m [2mdist/[22m[32m[1mswitch/index.d.ts[22m[39m                     [2m  0.52 kB[22m [2m│ gzip:   0.31 kB[22m
#19 74.15 @plane/propel:build: [34mℹ[39m [2mdist/[22m[32m[1mutils/index.d.ts[22m[39m                      [2m  0.45 kB[22m [2m│ gzip:   0.28 kB[22m
#19 74.15 @plane/propel:build: [34mℹ[39m [2mdist/[22m[32m[1minput/index.d.ts[22m[39m                      [2m  0.45 kB[22m [2m│ gzip:   0.29 kB[22m
#19 74.15 @plane/propel:build: [34mℹ[39m [2mdist/[22m[32m[1mcalendar/index.d.ts[22m[39m                   [2m  0.42 kB[22m [2m│ gzip:   0.28 kB[22m
#19 74.15 @plane/propel:build: [34mℹ[39m [2mdist/[22m[32m[1mcharts/scatter-chart/index.d.ts[22m[39m       [2m  0.35 kB[22m [2m│ gzip:   0.24 kB[22m
#19 74.15 @plane/propel:build: [34mℹ[39m [2mdist/[22m[32m[1mcharts/area-chart/index.d.ts[22m[39m          [2m  0.33 kB[22m [2m│ gzip:   0.24 kB[22m
#19 74.15 @plane/propel:build: [34mℹ[39m [2mdist/[22m[32m[1mcharts/line-chart/index.d.ts[22m[39m          [2m  0.33 kB[22m [2m│ gzip:   0.24 kB[22m
#19 74.15 @plane/propel:build: [34mℹ[39m [2mdist/[22m[32m[1mcharts/bar-chart/index.d.ts[22m[39m           [2m  0.33 kB[22m [2m│ gzip:   0.24 kB[22m
#19 74.15 @plane/propel:build: [34mℹ[39m [2mdist/[22m[32m[1mcharts/pie-chart/index.d.ts[22m[39m           [2m  0.33 kB[22m [2m│ gzip:   0.23 kB[22m
#19 74.15 @plane/propel:build: [34mℹ[39m [2mdist/[22m[32m[1mcharts/radar-chart/index.d.ts[22m[39m         [2m  0.32 kB[22m [2m│ gzip:   0.23 kB[22m
#19 74.15 @plane/propel:build: [34mℹ[39m [2mdist/[22m[32m[1mcharts/tree-map/index.d.ts[22m[39m            [2m  0.27 kB[22m [2m│ gzip:   0.19 kB[22m
#19 74.15 @plane/propel:build: [34mℹ[39m [2mdist/[22m[32mindex-BUyOAoiw.d.ts[39m                   [2m 35.59 kB[22m [2m│ gzip:   5.29 kB[22m
#19 74.15 @plane/propel:build: [34mℹ[39m [2mdist/[22m[32mhelper-B5ybNdp8.d.ts[39m                  [2m  1.03 kB[22m [2m│ gzip:   0.50 kB[22m
#19 74.15 @plane/propel:build: [34mℹ[39m [2mdist/[22m[32mplacement-qJjmdCXt.d.ts[39m               [2m  0.75 kB[22m [2m│ gzip:   0.40 kB[22m
#19 74.15 @plane/propel:build: [34mℹ[39m 187 files, total: 2971.60 kB
#19 74.67 @plane/propel:build: [32m✔[39m Build complete in [32m16471ms[39m
#19 74.80 @plane/ui:build: cache miss, executing 673bb52148e7bd36
#19 76.36 @plane/ui:build: $ tsdown
#19 76.60 @plane/ui:build: [34mℹ[39m tsdown [2mv0.16.0[22m powered by rolldown [2mv1.0.0-beta.46[22m
#19 76.79 @plane/ui:build: [34mℹ[39m Using tsdown config: [4m/app/packages/ui/tsdown.config.ts[24m
#19 76.82 @plane/ui:build: [34mℹ[39m entry: [34msrc/index.ts[39m
#19 76.82 @plane/ui:build: [34mℹ[39m tsconfig: [34mtsconfig.json[39m
#19 76.82 @plane/ui:build: [34mℹ[39m Build start
#19 85.48 @plane/ui:build: [34mℹ[39m [2mdist/[22m[1mindex.js[22m        [2m110.88 kB[22m [2m│ gzip: 22.00 kB[22m
#19 85.48 @plane/ui:build: [34mℹ[39m [2mdist/[22mindex.js.map    [2m204.62 kB[22m [2m│ gzip: 43.58 kB[22m
#19 85.48 @plane/ui:build: [34mℹ[39m [2mdist/[22mindex.d.ts.map  [2m 17.64 kB[22m [2m│ gzip:  6.10 kB[22m
#19 85.48 @plane/ui:build: [34mℹ[39m [2mdist/[22m[32m[1mindex.d.ts[22m[39m      [2m 25.39 kB[22m [2m│ gzip:  5.51 kB[22m
#19 85.48 @plane/ui:build: [34mℹ[39m 4 files, total: 358.53 kB
#19 85.49 @plane/ui:build: [32m✔[39m Build complete in [32m8668ms[39m
#19 85.61 @plane/editor:build: cache miss, executing db847bb971fb2e69
#19 86.96 @plane/editor:build: $ tsc && tsdown
#19 108.8 @plane/editor:build: [34mℹ[39m tsdown [2mv0.16.0[22m powered by rolldown [2mv1.0.0-beta.46[22m
#19 109.0 @plane/editor:build: [34mℹ[39m Using tsdown config: [4m/app/packages/editor/tsdown.config.ts[24m
#19 109.0 @plane/editor:build: [34mℹ[39m entry: [34msrc/index.ts, src/lib.ts[39m
#19 109.0 @plane/editor:build: [34mℹ[39m tsconfig: [34mtsconfig.json[39m
#19 109.0 @plane/editor:build: [34mℹ[39m Build start
#19 121.6 @plane/editor:build: [34mℹ[39m [2mdist/[22m[1mindex.js[22m                                       [2m203.73 kB[22m [2m│ gzip: 44.71 kB[22m
#19 121.6 @plane/editor:build: [34mℹ[39m [2mdist/[22m[1mlib.js[22m                                         [2m  2.66 kB[22m [2m│ gzip:  0.84 kB[22m
#19 121.6 @plane/editor:build: [34mℹ[39m [2mdist/[22mdocument-collaborative-events-NWWO-tl_.js.map  [2m446.63 kB[22m [2m│ gzip: 93.63 kB[22m
#19 121.6 @plane/editor:build: [34mℹ[39m [2mdist/[22mindex.js.map                                   [2m427.84 kB[22m [2m│ gzip: 94.00 kB[22m
#19 121.6 @plane/editor:build: [34mℹ[39m [2mdist/[22mdocument-collaborative-events-NWWO-tl_.js      [2m212.28 kB[22m [2m│ gzip: 45.98 kB[22m
#19 121.6 @plane/editor:build: [34mℹ[39m [2mdist/[22myjs-utils-X9TG3ouQ.d.ts.map                    [2m 13.68 kB[22m [2m│ gzip:  5.06 kB[22m
#19 121.6 @plane/editor:build: [34mℹ[39m [2mdist/[22mlib.js.map                                     [2m  4.80 kB[22m [2m│ gzip:  1.32 kB[22m
#19 121.6 @plane/editor:build: [34mℹ[39m [2mdist/[22mindex.d.ts.map                                 [2m  1.66 kB[22m [2m│ gzip:  0.74 kB[22m
#19 121.6 @plane/editor:build: [34mℹ[39m [2mdist/[22mlib.d.ts.map                                   [2m  0.16 kB[22m [2m│ gzip:  0.14 kB[22m
#19 121.6 @plane/editor:build: [34mℹ[39m [2mdist/[22m[32m[1mindex.d.ts[22m[39m                                     [2m  9.15 kB[22m [2m│ gzip:  2.62 kB[22m
#19 121.6 @plane/editor:build: [34mℹ[39m [2mdist/[22m[32m[1mlib.d.ts[22m[39m                                       [2m  2.43 kB[22m [2m│ gzip:  0.79 kB[22m
#19 121.6 @plane/editor:build: [34mℹ[39m [2mdist/[22m[32myjs-utils-X9TG3ouQ.d.ts[39m                        [2m 32.21 kB[22m [2m│ gzip:  7.99 kB[22m
#19 121.6 @plane/editor:build: [34mℹ[39m 12 files, total: 1357.22 kB
#19 121.9 @plane/editor:build: [32m✔[39m Build complete in [32m12863ms[39m
#19 122.3 space:build: cache miss, executing 0c49dd2727bb1608
#19 123.6 space:build: $ react-router build
#19 132.3 space:build: [33mThe plugin "vite-tsconfig-paths" is detected. Vite now supports tsconfig paths resolution natively via the [1mresolve.tsconfigPaths[22m option. You can remove the plugin and set [1mresolve.tsconfigPaths: true[22m in your Vite config instead.[39m
#19 132.4 space:build: [33mThe plugin "vite-tsconfig-paths" is detected. Vite now supports tsconfig paths resolution natively via the [1mresolve.tsconfigPaths[22m option. You can remove the plugin and set [1mresolve.tsconfigPaths: true[22m in your Vite config instead.[39m
#19 132.7 space:build: (node:663) [MODULE_TYPELESS_PACKAGE_JSON] Warning: Module type of file:///app/packages/tailwind-config/postcss.config.js is not specified and it doesn't parse as CommonJS.
#19 132.7 space:build: Reparsing as ES module because module syntax was detected. This incurs a performance overhead.
#19 132.7 space:build: To eliminate this warning, add "type": "module" to /app/packages/tailwind-config/package.json.
#19 132.7 space:build: (Use `node --trace-warnings ...` to show where the warning was created)
#19 132.8 space:build: Using Vite Environment API
#19 132.8 space:build: [36mvite v8.0.16 [32mbuilding client environment for production...[36m[39m
#19 152.2 space:build: [2Kspace:build: transforming...✓ 6857 modules transformed.
#19 153.2 space:build: rendering chunks...
#19 155.0 space:build: computing gzip size...
#19 155.1 space:build: build/client/assets/google-logo-r0ky5Kfn.svg                                      0.74 kB │ gzip:   0.43 kB
#19 155.1 space:build: build/client/assets/gitlab-logo-BL2xQyij.svg                                      1.06 kB │ gzip:   0.47 kB
#19 155.1 space:build: build/client/assets/github-dark-DlyHSwTQ.svg                                      1.45 kB │ gzip:   0.68 kB
#19 155.1 space:build: build/client/assets/gitea-logo-BAYfzmEl.svg                                       2.13 kB │ gzip:   1.04 kB
#19 155.1 space:build: build/client/assets/user-logged-in-BukBPDLP.svg                                   2.32 kB │ gzip:   1.04 kB
#19 155.1 space:build: build/client/assets/something-went-wrong-CL3KAzG8.svg                             2.60 kB │ gzip:   1.23 kB
#19 155.1 space:build: build/client/assets/instance-failure-C1aRKNan.svg                                 4.10 kB │ gzip:   1.27 kB
#19 155.1 space:build: build/client/assets/instance-failure-dark-DE7I22mw.svg                            4.10 kB │ gzip:   1.27 kB
#19 155.1 space:build: build/client/assets/tenfold-logo-square-rebrand-loader-v4-BGe6lAJP.png            5.21 kB
#19 155.1 space:build: build/client/assets/404-DWCFZzXK.svg                                              5.42 kB │ gzip:   1.58 kB
#19 155.1 space:build: build/client/assets/ibm-plex-mono-vietnamese-400-normal-DDuiU_S-.woff             5.62 kB
#19 155.1 space:build: build/client/assets/ibm-plex-mono-cyrillic-ext-400-normal-DMdlQ8Kv.woff           5.82 kB
#19 155.1 space:build: build/client/assets/ibm-plex-mono-vietnamese-400-normal-BulugwFq.woff2            5.86 kB
#19 155.1 space:build: build/client/assets/background-pattern-dark-CmVIYUu1.svg                          6.18 kB │ gzip:   0.90 kB
#19 155.1 space:build: build/client/assets/background-pattern-DUvEFmph.svg                               6.22 kB │ gzip:   0.88 kB
#19 155.1 space:build: build/client/assets/ibm-plex-mono-cyrillic-ext-400-normal-xuaO2J-f.woff2          6.91 kB
#19 155.1 space:build: build/client/assets/ibm-plex-mono-cyrillic-400-normal-CEL4l2ZJ.woff               7.20 kB
#19 155.1 space:build: build/client/assets/ibm-plex-mono-cyrillic-400-normal-BSMlKf0J.woff2              8.35 kB
#19 155.1 space:build: build/client/assets/inter-vietnamese-wght-normal-CBcvBZtf.woff2                  10.25 kB
#19 155.1 space:build: build/client/assets/inter-greek-ext-wght-normal-DlzME5K_.woff2                   11.23 kB
#19 155.1 space:build: build/client/assets/ibm-plex-mono-latin-ext-400-normal-D3D2R8hC.woff             11.76 kB
#19 155.1 space:build: build/client/assets/ibm-plex-mono-latin-400-normal-CvHOgSBP.woff                 13.14 kB
#19 155.1 space:build: build/client/assets/ibm-plex-mono-latin-ext-400-normal-BmRBH3aV.woff2            13.34 kB
#19 155.1 space:build: build/client/assets/github-black-DmZ70PA_.png                                    14.03 kB
#19 155.1 space:build: build/client/assets/ibm-plex-mono-latin-400-normal-DMJ8VG8y.woff2                14.70 kB
#19 155.1 space:build: build/client/assets/inter-cyrillic-wght-normal-DqGufNeO.woff2                    18.74 kB
#19 155.1 space:build: build/client/assets/inter-greek-wght-normal-CkhJZR-_.woff2                       18.99 kB
#19 155.1 space:build: build/client/assets/inter-cyrillic-ext-wght-normal-BOeWTOD4.woff2                25.96 kB
#19 155.1 space:build: build/client/assets/inter-latin-wght-normal-Dx4kXJAl.woff2                       48.25 kB
#19 155.1 space:build: build/client/assets/inter-latin-ext-wght-normal-DO1Apj_S.woff2                   85.06 kB
#19 155.1 space:build: build/client/.vite/manifest.json                                                178.10 kB │ gzip:  14.25 kB
#19 155.1 space:build: build/client/assets/material-symbols-rounded-latin-400-normal-BVRwnNJJ.woff2    348.77 kB
#19 155.1 space:build: build/client/assets/material-symbols-rounded-latin-100-normal-StOoOijZ.woff2    363.56 kB
#19 155.1 space:build: build/client/assets/material-symbols-rounded-latin-300-normal-CGYRw1-j.woff2    388.05 kB
#19 155.1 space:build: build/client/assets/material-symbols-rounded-latin-200-normal-Dy_97ylg.woff2    389.09 kB
#19 155.1 space:build: build/client/assets/material-symbols-rounded-latin-400-normal-3TtrvaAx.woff     454.56 kB
#19 155.1 space:build: build/client/assets/material-symbols-rounded-latin-100-normal-CyR9BGN8.woff     485.69 kB
#19 155.1 space:build: build/client/assets/material-symbols-rounded-latin-300-normal-CexQLkYr.woff     506.70 kB
#19 155.1 space:build: build/client/assets/material-symbols-rounded-latin-200-normal-B9_93z2O.woff     507.90 kB
#19 155.1 space:build: build/client/assets/root-cFtSsau3.css                                             7.38 kB │ gzip:   1.56 kB
#19 155.1 space:build: build/client/assets/globals-CpnR1L98.css                                        257.72 kB │ gzip:  37.60 kB
#19 155.1 space:build: build/client/assets/something-went-wrong-CIH9Z423.js                              0.07 kB │ gzip:   0.09 kB
#19 155.1 space:build: build/client/assets/module-CBmDK-r8.js                                            0.15 kB │ gzip:   0.14 kB
#19 155.1 space:build: build/client/assets/module-CqkBiNVo.js                                            0.15 kB │ gzip:   0.12 kB
#19 155.1 space:build: build/client/assets/module-DHnxYUVF.js                                            0.15 kB │ gzip:   0.14 kB
#19 155.1 space:build: build/client/assets/module-CvIFK8hH.js                                            0.15 kB │ gzip:   0.13 kB
#19 155.1 space:build: build/client/assets/module-B-SuAtWZ.js                                            0.15 kB │ gzip:   0.13 kB
#19 155.1 space:build: build/client/assets/module-Cch3xccA.js                                            0.15 kB │ gzip:   0.13 kB
#19 155.1 space:build: build/client/assets/module-BB6BeQ68.js                                            0.15 kB │ gzip:   0.14 kB
#19 155.1 space:build: build/client/assets/module-CuXx-xao.js                                            0.15 kB │ gzip:   0.13 kB
#19 155.1 space:build: build/client/assets/module-BNvGDGhS.js                                            0.16 kB │ gzip:   0.14 kB
#19 155.1 space:build: build/client/assets/module-cHoMoKfV.js                                            0.16 kB │ gzip:   0.13 kB
#19 155.1 space:build: build/client/assets/module-B18kWWd5.js                                            0.16 kB │ gzip:   0.14 kB
#19 155.1 space:build: build/client/assets/module-Bcix-__k.js                                            0.16 kB │ gzip:   0.14 kB
#19 155.1 space:build: build/client/assets/module-DdInhj06.js                                            0.17 kB │ gzip:   0.14 kB
#19 155.1 space:build: build/client/assets/module-ZoQofTpt.js                                            0.17 kB │ gzip:   0.14 kB
#19 155.1 space:build: build/client/assets/module-CLBRp3xt.js                                            0.17 kB │ gzip:   0.15 kB
#19 155.1 space:build: build/client/assets/module-DwXKbgcy.js                                            0.17 kB │ gzip:   0.15 kB
#19 155.1 space:build: build/client/assets/module-CUaw4_9p.js                                            0.19 kB │ gzip:   0.16 kB
#19 155.1 space:build: build/client/assets/module-CSM4Xl7u.js                                            0.19 kB │ gzip:   0.15 kB
#19 155.1 space:build: build/client/assets/module-D3Tjczhe.js                                            0.20 kB │ gzip:   0.16 kB
#19 155.1 space:build: build/client/assets/module-CRES8QCi.js                                            0.21 kB │ gzip:   0.17 kB
#19 155.1 space:build: build/client/assets/page-main-Ds7xfAt8.js                                         0.31 kB │ gzip:   0.24 kB
#19 155.1 space:build: build/client/assets/logo-spinner-BDgEH-75.js                                      0.51 kB │ gzip:   0.34 kB
#19 155.1 space:build: build/client/assets/navigation-DsEcaPnM.js                                        0.57 kB │ gzip:   0.44 kB
#19 155.1 space:build: build/client/assets/string.helper-m0RWj4v7.js                                     0.57 kB │ gzip:   0.37 kB
#19 155.1 space:build: build/client/assets/page-client-loader-BezvYkCI.js                                0.57 kB │ gzip:   0.38 kB
#19 155.1 space:build: build/client/assets/navigation-ClIMaUBq.js                                        0.58 kB │ gzip:   0.36 kB
#19 155.1 space:build: build/client/assets/navigation-s6a8rjUD.js                                        0.58 kB │ gzip:   0.45 kB
#19 155.1 space:build: build/client/assets/navigation-DUAfbkEx.js                                        0.59 kB │ gzip:   0.35 kB
#19 155.1 space:build: build/client/assets/navigation-DT5O4Z06.js                                        0.60 kB │ gzip:   0.40 kB
#19 155.1 space:build: build/client/assets/navigation-DtYXdE2H.js                                        0.61 kB │ gzip:   0.38 kB
#19 155.1 space:build: build/client/assets/navigation-BZYqrf-W.js                                        0.62 kB │ gzip:   0.42 kB
#19 155.1 space:build: build/client/assets/navigation-Du-1i_qK.js                                        0.62 kB │ gzip:   0.43 kB
#19 155.1 space:build: build/client/assets/navigation-DWVC0oVz.js                                        0.62 kB │ gzip:   0.39 kB
#19 155.1 space:build: build/client/assets/navigation-C7YqBTdQ.js                                        0.63 kB │ gzip:   0.43 kB
#19 155.1 space:build: build/client/assets/navigation-DfwLdwcN.js                                        0.63 kB │ gzip:   0.43 kB
#19 155.1 space:build: build/client/assets/navigation-B8IM1-1L.js                                        0.64 kB │ gzip:   0.42 kB
#19 155.1 space:build: build/client/assets/navigation-D2aoAdRE.js                                        0.64 kB │ gzip:   0.39 kB
#19 155.1 space:build: build/client/assets/navigation-BSXINBHD.js                                        0.64 kB │ gzip:   0.47 kB
#19 155.1 space:build: build/client/assets/navigation-lWodteL8.js                                        0.64 kB │ gzip:   0.41 kB
#19 155.1 space:build: build/client/assets/navigation-q8E9nnQX.js                                        0.70 kB │ gzip:   0.49 kB
#19 155.1 space:build: build/client/assets/navigation-97ZehB03.js                                        0.74 kB │ gzip:   0.52 kB
#19 155.1 space:build: build/client/assets/navigation-Dx9tK-qf.js                                        0.79 kB │ gzip:   0.51 kB
#19 155.1 space:build: build/client/assets/navigation-CQ5CgCod.js                                        0.83 kB │ gzip:   0.52 kB
#19 155.1 space:build: build/client/assets/not-found-CF3DHjQ3.js                                         0.84 kB │ gzip:   0.45 kB
#19 155.1 space:build: build/client/assets/cycle-DeWIh6z9.js                                             0.94 kB │ gzip:   0.39 kB
#19 155.1 space:build: build/client/assets/cycle-B5PS1b5t.js                                             0.97 kB │ gzip:   0.33 kB
#19 155.1 space:build: build/client/assets/navigation-BOup1Hr4.js                                        0.98 kB │ gzip:   0.50 kB
#19 155.1 space:build: build/client/assets/cycle-dvriEX0g.js                                             0.99 kB │ gzip:   0.48 kB
#19 155.1 space:build: build/client/assets/cycle-DxkYXGor.js                                             1.01 kB │ gzip:   0.44 kB
#19 155.1 space:build: build/client/assets/cycle-D5t8Y-7W.js                                             1.02 kB │ gzip:   0.46 kB
#19 155.1 space:build: build/client/assets/cycle-CfQe845I.js                                             1.02 kB │ gzip:   0.46 kB
#19 155.1 space:build: build/client/assets/accessibility-D4EXqEnb.js                                     1.07 kB │ gzip:   0.43 kB
#19 155.1 space:build: build/client/assets/accessibility-BQcIZjYx.js                                     1.09 kB │ gzip:   0.47 kB
#19 155.1 space:build: build/client/assets/cycle-CyvzUTW7.js                                             1.10 kB │ gzip:   0.41 kB
#19 155.1 space:build: build/client/assets/accessibility-B8UHxxw1.js                                     1.10 kB │ gzip:   0.57 kB
#19 155.1 space:build: build/client/assets/accessibility-BLUhcc8y.js                                     1.11 kB │ gzip:   0.58 kB
#19 155.1 space:build: build/client/assets/cycle-DiwsS6oM.js                                             1.11 kB │ gzip:   0.39 kB
#19 155.1 space:build: build/client/assets/cycle-DF493Btw.js                                             1.12 kB │ gzip:   0.49 kB
#19 155.1 space:build: build/client/assets/update-C8w1XOVM.js                                            1.13 kB │ gzip:   0.48 kB
#19 155.1 space:build: build/client/assets/cycle-D7vs53Oo.js                                             1.13 kB │ gzip:   0.42 kB
#19 155.1 space:build: build/client/assets/update-CjAZ4z4G.js                                            1.13 kB │ gzip:   0.48 kB
#19 155.1 space:build: build/client/assets/cycle-DrVqS3NR.js                                             1.14 kB │ gzip:   0.37 kB
#19 155.1 space:build: build/client/assets/cycle-BLCWoNiO.js                                             1.15 kB │ gzip:   0.37 kB
#19 155.1 space:build: build/client/assets/cycle-B2ZyR9pF.js                                             1.16 kB │ gzip:   0.41 kB
#19 155.1 space:build: build/client/assets/accessibility-NhUQVmjG.js                                     1.17 kB │ gzip:   0.50 kB
#19 155.1 space:build: build/client/assets/cycle-LxEDU9lI.js                                             1.17 kB │ gzip:   0.46 kB
#19 155.1 space:build: build/client/assets/notification-B9m_tc1v.js                                      1.19 kB │ gzip:   0.59 kB
#19 155.1 space:build: build/client/assets/accessibility-DgBZYeJ0.js                                     1.19 kB │ gzip:   0.51 kB
#19 155.1 space:build: build/client/assets/notification-C7-pa3Tg.js                                      1.19 kB │ gzip:   0.49 kB
#19 155.1 space:build: build/client/assets/accessibility-ipHRSZbw.js                                     1.21 kB │ gzip:   0.54 kB
#19 155.1 space:build: build/client/assets/notification-B7BA7R9W.js                                      1.21 kB │ gzip:   0.59 kB
#19 155.1 space:build: build/client/assets/notification-jgmydpsu.js                                      1.22 kB │ gzip:   0.61 kB
#19 155.1 space:build: build/client/assets/accessibility-D-Mt4Scb.js                                     1.22 kB │ gzip:   0.59 kB
#19 155.1 space:build: build/client/assets/accessibility-CnzUlPkz.js                                     1.23 kB │ gzip:   0.59 kB
#19 155.1 space:build: build/client/assets/cycle-d_QSGM59.js                                             1.23 kB │ gzip:   0.43 kB
#19 155.1 space:build: build/client/assets/notification-CBArI57Q.js                                      1.23 kB │ gzip:   0.59 kB
#19 155.1 space:build: build/client/assets/accessibility-Cr2PD2yM.js                                     1.24 kB │ gzip:   0.52 kB
#19 155.1 space:build: build/client/assets/cycle-CMLNxEac.js                                             1.25 kB │ gzip:   0.48 kB
#19 155.1 space:build: build/client/assets/accessibility-BQmUWERD.js                                     1.25 kB │ gzip:   0.53 kB
#19 155.1 space:build: build/client/assets/accessibility-CzmFrBCk.js                                     1.26 kB │ gzip:   0.56 kB
#19 155.1 space:build: build/client/assets/notification-Dxoprgql.js                                      1.26 kB │ gzip:   0.57 kB
#19 155.1 space:build: build/client/assets/notification-CxnFVmWu.js                                      1.27 kB │ gzip:   0.63 kB
#19 155.1 space:build: build/client/assets/accessibility-CR_KmoJP.js                                     1.28 kB │ gzip:   0.54 kB
#19 155.1 space:build: build/client/assets/accessibility-CNFqTqc1.js                                     1.28 kB │ gzip:   0.56 kB
#19 155.1 space:build: build/client/assets/accessibility-DCWBpQfM.js                                     1.28 kB │ gzip:   0.57 kB
#19 155.1 space:build: build/client/assets/cycle-Br4_kFbg.js                                             1.30 kB │ gzip:   0.49 kB
#19 155.1 space:build: build/client/assets/update-Bs0CYcQG.js                                            1.31 kB │ gzip:   0.42 kB
#19 155.1 space:build: build/client/assets/update-CSsa5wh_.js                                            1.31 kB │ gzip:   0.42 kB
#19 155.1 space:build: build/client/assets/accessibility-DrP5yOuM.js                                     1.32 kB │ gzip:   0.55 kB
#19 155.1 space:build: build/client/assets/notification-Cf_dwYO-.js                                      1.32 kB │ gzip:   0.56 kB
#19 155.1 space:build: build/client/assets/update-iA32HFHc.js                                            1.34 kB │ gzip:   0.42 kB
#19 155.1 space:build: build/client/assets/notification-Cc0LF_0s.js                                      1.36 kB │ gzip:   0.59 kB
#19 155.1 space:build: build/client/assets/editor-C8d3c6f1.js                                            1.36 kB │ gzip:   0.88 kB
#19 155.1 space:build: build/client/assets/stickies-ClHcN2yG.js                                          1.36 kB │ gzip:   0.61 kB
#19 155.1 space:build: build/client/assets/notification-D-HP9dIZ.js                                      1.37 kB │ gzip:   0.60 kB
#19 155.1 space:build: build/client/assets/editor-Dz__fgJl.js                                            1.37 kB │ gzip:   0.88 kB
#19 155.1 space:build: build/client/assets/notification-DV3pkMeg.js                                      1.38 kB │ gzip:   0.58 kB
#19 155.1 space:build: build/client/assets/stickies-BOopgToa.js                                          1.40 kB │ gzip:   0.64 kB
#19 155.1 space:build: build/client/assets/notification-C2NymONr.js                                      1.40 kB │ gzip:   0.54 kB
#19 155.1 space:build: build/client/assets/stickies-BD412TOZ.js                                          1.40 kB │ gzip:   0.62 kB
#19 155.1 space:build: build/client/assets/editor-CjJvmzeg.js                                            1.41 kB │ gzip:   0.71 kB
#19 155.1 space:build: build/client/assets/editor-D55xgWbP.js                                            1.41 kB │ gzip:   0.71 kB
#19 155.1 space:build: build/client/assets/update-CnPj348P.js                                            1.42 kB │ gzip:   0.49 kB
#19 155.1 space:build: build/client/assets/notification-B_rPo2wZ.js                                      1.43 kB │ gzip:   0.58 kB
#19 155.1 space:build: build/client/assets/stickies-DLZST_b8.js                                          1.43 kB │ gzip:   0.75 kB
#19 155.1 space:build: build/client/assets/update-Dd9QvDnX.js                                            1.44 kB │ gzip:   0.49 kB
#19 155.1 space:build: build/client/assets/update-LhyR9QJh.js                                            1.44 kB │ gzip:   0.47 kB
#19 155.1 space:build: build/client/assets/update-BfrENPvc.js                                            1.44 kB │ gzip:   0.47 kB
#19 155.1 space:build: build/client/assets/update-C6IA3k25.js                                            1.45 kB │ gzip:   0.47 kB
#19 155.1 space:build: build/client/assets/stickies-EYuu1GDb.js                                          1.45 kB │ gzip:   0.74 kB
#19 155.1 space:build: build/client/assets/cycle-DR2rymXL.js                                             1.45 kB │ gzip:   0.59 kB
#19 155.1 space:build: build/client/assets/stickies-DHGGcv1S.js                                          1.45 kB │ gzip:   0.61 kB
#19 155.1 space:build: build/client/assets/notification-SbuGAHCn.js                                      1.46 kB │ gzip:   0.61 kB
#19 155.1 space:build: build/client/assets/update-DmPqVTRS.js                                            1.47 kB │ gzip:   0.49 kB
#19 155.1 space:build: build/client/assets/notification-BFc03mUq.js                                      1.48 kB │ gzip:   0.66 kB
#19 155.1 space:build: build/client/assets/accessibility-yEraC9NC.js                                     1.49 kB │ gzip:   0.64 kB
#19 155.1 space:build: build/client/assets/update-CCLJ_fJo.js                                            1.50 kB │ gzip:   0.48 kB
#19 155.1 space:build: build/client/assets/editor-CLwEiGz0.js                                            1.50 kB │ gzip:   0.78 kB
#19 155.1 space:build: build/client/assets/notification-6Oqa1k0M.js                                      1.52 kB │ gzip:   0.67 kB
#19 155.1 space:build: build/client/assets/editor-CeIv_70r.js                                            1.53 kB │ gzip:   0.80 kB
#19 155.1 space:build: build/client/assets/editor-Bh_GAXPM.js                                            1.53 kB │ gzip:   0.78 kB
#19 155.1 space:build: build/client/assets/editor-DJ2FH1dc.js                                            1.53 kB │ gzip:   0.87 kB
#19 155.1 space:build: build/client/assets/update-ChLrr9fs.js                                            1.54 kB │ gzip:   0.48 kB
#19 155.1 space:build: build/client/assets/editor-CsclI_l7.js                                            1.55 kB │ gzip:   0.84 kB
#19 155.1 space:build: build/client/assets/update-C3Jt3B0_.js                                            1.55 kB │ gzip:   0.51 kB
#19 155.1 space:build: build/client/assets/stickies-BAsQSArt.js                                          1.56 kB │ gzip:   0.63 kB
#19 155.1 space:build: build/client/assets/update-BUEafTml.js                                            1.56 kB │ gzip:   0.50 kB
#19 155.1 space:build: build/client/assets/editor-1TMSTfmz.js                                            1.56 kB │ gzip:   0.86 kB
#19 155.1 space:build: build/client/assets/editor-Dls9mXQz.js                                            1.57 kB │ gzip:   0.81 kB
#19 155.1 space:build: build/client/assets/editor-De5TxNi3.js                                            1.59 kB │ gzip:   0.87 kB
#19 155.1 space:build: build/client/assets/editor-CYBhW5_V.js                                            1.60 kB │ gzip:   0.87 kB
#19 155.1 space:build: build/client/assets/editor-B02bGHct.js                                            1.63 kB │ gzip:   0.86 kB
#19 155.1 space:build: build/client/assets/stickies-4F7kLiLw.js                                          1.63 kB │ gzip:   0.68 kB
#19 155.1 space:build: build/client/assets/notification-BgWacxht.js                                      1.64 kB │ gzip:   0.66 kB
#19 155.1 space:build: build/client/assets/cycle-BmdOrFeq.js                                             1.64 kB │ gzip:   0.59 kB
#19 155.1 space:build: build/client/assets/editor-CsyWhYw0.js                                            1.64 kB │ gzip:   0.85 kB
#19 155.1 space:build: build/client/assets/editor-K-zlyR8a.js                                            1.65 kB │ gzip:   0.96 kB
#19 155.1 space:build: build/client/assets/update-BptTTuGs.js                                            1.65 kB │ gzip:   0.55 kB
#19 155.1 space:build: build/client/assets/update-BIZQAU3t.js                                            1.66 kB │ gzip:   0.53 kB
#19 155.1 space:build: build/client/assets/update-B1F3qxUG.js                                            1.67 kB │ gzip:   0.54 kB
#19 155.1 space:build: build/client/assets/stickies-Cd_MpKOS.js                                          1.69 kB │ gzip:   0.71 kB
#19 155.1 space:build: build/client/assets/inbox-CyXjmfio.js                                             1.69 kB │ gzip:   0.68 kB
#19 155.1 space:build: build/client/assets/editor-xMRfWQKg.js                                            1.72 kB │ gzip:   0.95 kB
#19 155.1 space:build: build/client/assets/accessibility-BuaoyyHR.js                                     1.73 kB │ gzip:   0.67 kB
#19 155.1 space:build: build/client/assets/inbox-BGoYM5RD.js                                             1.73 kB │ gzip:   0.83 kB
#19 155.1 space:build: build/client/assets/stickies-DXkko7pj.js                                          1.75 kB │ gzip:   0.73 kB
#19 155.1 space:build: build/client/assets/accessibility-S0A2pM7w.js                                     1.75 kB │ gzip:   0.68 kB
#19 155.1 space:build: build/client/assets/stickies-xezFSRlG.js                                          1.76 kB │ gzip:   0.69 kB
#19 155.1 space:build: build/client/assets/notification-0D78fylh.js                                      1.77 kB │ gzip:   0.73 kB
#19 155.1 space:build: build/client/assets/inbox-BdSBIQGa.js                                             1.79 kB │ gzip:   0.84 kB
#19 155.1 space:build: build/client/assets/cycle-_hsDpoFZ.js                                             1.81 kB │ gzip:   0.56 kB
#19 155.1 space:build: build/client/assets/stickies-BWp1zEGf.js                                          1.81 kB │ gzip:   0.69 kB
#19 155.1 space:build: build/client/assets/stickies-zxCdHD6X.js                                          1.81 kB │ gzip:   0.66 kB
#19 155.1 space:build: build/client/assets/inbox-CzSbXCuf.js                                             1.83 kB │ gzip:   0.73 kB
#19 155.1 space:build: build/client/assets/stickies-_TRS2pEo.js                                          1.86 kB │ gzip:   0.72 kB
#19 155.1 space:build: build/client/assets/stickies-CXZ7apo0.js                                          1.87 kB │ gzip:   0.79 kB
#19 155.1 space:build: build/client/assets/editor-8uPv90T0.js                                            1.88 kB │ gzip:   1.01 kB
#19 155.1 space:build: build/client/assets/update-CbRXisSh.js                                            1.89 kB │ gzip:   0.57 kB
#19 155.1 space:build: build/client/assets/inbox-Cbnl-aS7.js                                             1.91 kB │ gzip:   0.80 kB
#19 155.1 space:build: build/client/assets/stickies-D2nrXJGB.js                                          1.92 kB │ gzip:   0.82 kB
#19 155.1 space:build: build/client/assets/stickies-Bg8J5S7L.js                                          1.94 kB │ gzip:   0.74 kB
#19 155.1 space:build: build/client/assets/inbox-ComAIQ3F.js                                             1.95 kB │ gzip:   0.82 kB
#19 155.1 space:build: build/client/assets/stickies-COKdzQ12.js                                          1.96 kB │ gzip:   0.80 kB
#19 155.1 space:build: build/client/assets/inbox-BKRXQltC.js                                             1.97 kB │ gzip:   0.86 kB
#19 155.1 space:build: build/client/assets/home-CbmHN0It.js                                              1.98 kB │ gzip:   1.16 kB
#19 155.1 space:build: build/client/assets/inbox-B34C7Je0.js                                             1.98 kB │ gzip:   0.79 kB
#19 155.1 space:build: build/client/assets/home-DznqmMiT.js                                              1.99 kB │ gzip:   0.94 kB
#19 155.1 space:build: build/client/assets/inbox-D4dXh12P.js                                             2.01 kB │ gzip:   0.77 kB
#19 155.1 space:build: build/client/assets/publish-DGI-1XX1.js                                           2.01 kB │ gzip:   0.87 kB
#19 155.1 space:build: build/client/assets/inbox-B7NrK4yx.js                                             2.02 kB │ gzip:   0.83 kB
#19 155.1 space:build: build/client/assets/inbox-1vO_HSZF.js                                             2.02 kB │ gzip:   0.84 kB
#19 155.1 space:build: build/client/assets/notification-B1iKTLvc.js                                      2.02 kB │ gzip:   0.77 kB
#19 155.1 space:build: build/client/assets/home-DrP0GoER.js                                              2.04 kB │ gzip:   1.18 kB
#19 155.1 space:build: build/client/assets/inbox-CXVoxsYS.js                                             2.05 kB │ gzip:   0.89 kB
#19 155.1 space:build: build/client/assets/home-C9Lgq3pX.js                                              2.10 kB │ gzip:   0.98 kB
#19 155.1 space:build: build/client/assets/inbox-B_YbFchw.js                                             2.12 kB │ gzip:   0.77 kB
#19 155.1 space:build: build/client/assets/inbox-CwZXCT-7.js                                             2.12 kB │ gzip:   0.79 kB
#19 155.1 space:build: build/client/assets/home-TJ8b8-e-.js                                              2.17 kB │ gzip:   1.03 kB
#19 155.1 space:build: build/client/assets/inbox-BWlEr0sU.js                                             2.19 kB │ gzip:   0.83 kB
#19 155.1 space:build: build/client/assets/home-Cv3rrnsh.js                                              2.19 kB │ gzip:   1.15 kB
#19 155.1 space:build: build/client/assets/editor-M5eH8WNJ.js                                            2.20 kB │ gzip:   1.07 kB
#19 155.1 space:build: build/client/assets/home-fJdaOPRY.js                                              2.21 kB │ gzip:   1.14 kB
#19 155.1 space:build: build/client/assets/home-CmlRYo28.js                                              2.21 kB │ gzip:   1.16 kB
#19 155.1 space:build: build/client/assets/inbox-Cz_NVkRG.js                                             2.21 kB │ gzip:   0.90 kB
#19 155.1 space:build: build/client/assets/home-BhjFvhuS.js                                              2.21 kB │ gzip:   1.05 kB
#19 155.1 space:build: build/client/assets/home-CD58KrrL.js                                              2.21 kB │ gzip:   1.06 kB
#19 155.1 space:build: build/client/assets/editor-sGPtM-Uv.js                                            2.22 kB │ gzip:   1.09 kB
#19 155.1 space:build: build/client/assets/home-Btoy6BFS.js                                              2.23 kB │ gzip:   1.15 kB
#19 155.1 space:build: build/client/assets/home-ByA440WL.js                                              2.26 kB │ gzip:   1.12 kB
#19 155.1 space:build: build/client/assets/update-iyaPkiRF.js                                            2.28 kB │ gzip:   0.65 kB
#19 155.1 space:build: build/client/assets/stickies-DD4JejTI.js                                          2.29 kB │ gzip:   0.86 kB
#19 155.1 space:build: build/client/assets/home-Dy8bBDEt.js                                              2.31 kB │ gzip:   1.10 kB
#19 155.1 space:build: build/client/assets/inbox-Cwge4mjU.js                                             2.35 kB │ gzip:   0.91 kB
#19 155.1 space:build: build/client/assets/page-BSBmCdaC.js                                              2.35 kB │ gzip:   1.12 kB
#19 155.1 space:build: build/client/assets/page-Iq87XgFL.js                                              2.37 kB │ gzip:   1.12 kB
#19 155.1 space:build: build/client/assets/home-19ejGelt.js                                              2.42 kB │ gzip:   1.13 kB
#19 155.1 space:build: build/client/assets/accessibility-BLs6FtkI.js                                     2.43 kB │ gzip:   0.68 kB
#19 155.1 space:build: build/client/assets/home-CWzZvCqh.js                                              2.45 kB │ gzip:   1.18 kB
#19 155.1 space:build: build/client/assets/workflow-Dh9iyg3x.js                                          2.51 kB │ gzip:   1.00 kB
#19 155.1 space:build: build/client/assets/page-B-qqsVU5.js                                              2.51 kB │ gzip:   0.96 kB
#19 155.1 space:build: build/client/assets/page-BzMZlBLz.js                                              2.54 kB │ gzip:   0.92 kB
#19 155.1 space:build: build/client/assets/page-C2Z-01cy.js                                              2.63 kB │ gzip:   1.02 kB
#19 155.1 space:build: build/client/assets/workflow-Dwi8rDk3.js                                          2.65 kB │ gzip:   1.04 kB
#19 155.1 space:build: build/client/assets/workflow-BatDgCt6.js                                          2.66 kB │ gzip:   0.89 kB
#19 155.1 space:build: build/client/assets/workflow-Ew7VFxDI.js                                          2.66 kB │ gzip:   0.89 kB
#19 155.1 space:build: build/client/assets/home-DiUaQetM.js                                              2.69 kB │ gzip:   1.26 kB
#19 155.1 space:build: build/client/assets/page-CVUaxNls.js                                              2.70 kB │ gzip:   1.05 kB
#19 155.1 space:build: build/client/assets/page-BJgS1H5Z.js                                              2.71 kB │ gzip:   1.08 kB
#19 155.1 space:build: build/client/assets/page-EbCyRKDJ.js                                              2.71 kB │ gzip:   1.09 kB
#19 155.1 space:build: build/client/assets/page-B1dFOgm5.js                                              2.72 kB │ gzip:   1.10 kB
#19 155.1 space:build: build/client/assets/page-Cyd7YAwP.js                                              2.74 kB │ gzip:   1.06 kB
#19 155.1 space:build: build/client/assets/notification-BwqraDHd.js                                      2.77 kB │ gzip:   0.71 kB
#19 155.1 space:build: build/client/assets/page-CoFQ8F40.js                                              2.77 kB │ gzip:   1.07 kB
#19 155.1 space:build: build/client/assets/page-DNnhT77q.js                                              2.78 kB │ gzip:   1.07 kB
#19 155.1 space:build: build/client/assets/home-CnQzXAVR.js                                              2.79 kB │ gzip:   1.33 kB
#19 155.1 space:build: build/client/assets/page-mXzuG_Al.js                                              2.82 kB │ gzip:   1.08 kB
#19 155.1 space:build: build/client/assets/page-CKScVs8i.js                                              2.83 kB │ gzip:   1.08 kB
#19 155.1 space:build: build/client/assets/inbox-XAeVgV7H.js                                             2.84 kB │ gzip:   1.00 kB
#19 155.1 space:build: build/client/assets/page-Dwt4QfuJ.js                                              2.93 kB │ gzip:   1.16 kB
#19 155.1 space:build: build/client/assets/inbox--pqPOLiJ.js                                             2.94 kB │ gzip:   1.02 kB
#19 155.1 space:build: build/client/assets/workflow-BUoU7ZzI.js                                          2.95 kB │ gzip:   0.94 kB
#19 155.1 space:build: build/client/assets/workflow-Nc8SC44r.js                                          2.98 kB │ gzip:   1.11 kB
#19 155.1 space:build: build/client/assets/page-DwSpmwtd.js                                              2.99 kB │ gzip:   1.18 kB
#19 155.1 space:build: build/client/assets/stickies-DqwqRMj9.js                                          3.00 kB │ gzip:   0.88 kB
#19 155.1 space:build: build/client/assets/workflow-DgOrxPAk.js                                          3.01 kB │ gzip:   1.12 kB
#19 155.1 space:build: build/client/assets/workflow-BDLDWeRA.js                                          3.04 kB │ gzip:   1.12 kB
#19 155.1 space:build: build/client/assets/workflow-5cWTcX7m.js                                          3.07 kB │ gzip:   0.99 kB
#19 155.1 space:build: build/client/assets/home-CzGisFD7.js                                              3.13 kB │ gzip:   1.36 kB
#19 155.1 space:build: build/client/assets/page-DtN48SQ2.js                                              3.16 kB │ gzip:   1.12 kB
#19 155.1 space:build: build/client/assets/workflow-T9Kc1C_5.js                                          3.17 kB │ gzip:   1.06 kB
#19 155.1 space:build: build/client/assets/workflow-DmuJhhx0.js                                          3.19 kB │ gzip:   1.03 kB
#19 155.1 space:build: build/client/assets/workflow-DTNuaXNE.js                                          3.20 kB │ gzip:   1.04 kB
#19 155.1 space:build: build/client/assets/workflow-BxPw5C6C.js                                          3.23 kB │ gzip:   1.08 kB
#19 155.1 space:build: build/client/assets/page-Dbf4dlpo.js                                              3.25 kB │ gzip:   1.22 kB
#19 155.1 space:build: build/client/assets/workflow-CmwGjn7f.js                                          3.25 kB │ gzip:   1.09 kB
#19 155.1 space:build: build/client/assets/home-CBNeUG-X.js                                              3.30 kB │ gzip:   1.43 kB
#19 155.1 space:build: build/client/assets/settings-1oTnovtB.js                                          3.30 kB │ gzip:   1.62 kB
#19 155.1 space:build: build/client/assets/workflow-DnHLfcbb.js                                          3.32 kB │ gzip:   1.09 kB
#19 155.1 space:build: build/client/assets/settings-CpN4wDSl.js                                          3.37 kB │ gzip:   1.35 kB
#19 155.1 space:build: build/client/assets/wiki-B62tfS1b.js                                              3.39 kB │ gzip:   1.63 kB
#19 155.1 space:build: build/client/assets/wiki-CUA5sqe5.js                                              3.39 kB │ gzip:   1.62 kB
#19 155.1 space:build: build/client/assets/workflow-0IV0hzcb.js                                          3.40 kB │ gzip:   1.11 kB
#19 155.1 space:build: build/client/assets/settings-3SdCSnK-.js                                          3.42 kB │ gzip:   1.62 kB
#19 155.1 space:build: build/client/assets/settings-C2kGG8X2.js                                          3.43 kB │ gzip:   1.54 kB
#19 155.1 space:build: build/client/assets/settings-HVDTV7pp.js                                          3.44 kB │ gzip:   1.53 kB
#19 155.1 space:build: build/client/assets/use-instance-BQeBdSy0.js                                      3.45 kB │ gzip:   1.55 kB
#19 155.1 space:build: build/client/assets/settings-D9dTfhuc.js                                          3.47 kB │ gzip:   1.54 kB
#19 155.1 space:build: build/client/assets/settings-D_4k_c4W.js                                          3.53 kB │ gzip:   1.43 kB
#19 155.1 space:build: build/client/assets/workflow-CIebLVFx.js                                          3.54 kB │ gzip:   1.13 kB
#19 155.1 space:build: build/client/assets/settings-DoR5xAWj.js                                          3.62 kB │ gzip:   1.47 kB
#19 155.1 space:build: build/client/assets/workflow-B37GdfAM.js                                          3.64 kB │ gzip:   1.10 kB
#19 155.1 space:build: build/client/assets/page-CWf2co6G.js                                              3.67 kB │ gzip:   1.28 kB
#19 155.1 space:build: build/client/assets/wiki-CzI7ECRU.js                                              3.67 kB │ gzip:   1.37 kB
#19 155.1 space:build: build/client/assets/wiki-DbR-_bo4.js                                              3.67 kB │ gzip:   1.37 kB
#19 155.1 space:build: build/client/assets/settings-BSQU3AbO.js                                          3.72 kB │ gzip:   1.59 kB
#19 155.1 space:build: build/client/assets/settings-B29muPrg.js                                          3.74 kB │ gzip:   1.52 kB
#19 155.1 space:build: build/client/assets/page-B8Xuys5w.js                                              3.78 kB │ gzip:   1.33 kB
#19 155.1 space:build: build/client/assets/wiki-_JxSmtAp.js                                              3.78 kB │ gzip:   1.43 kB
#19 155.1 space:build: build/client/assets/settings-DIt6VNfz.js                                          3.80 kB │ gzip:   1.55 kB
#19 155.1 space:build: build/client/assets/settings-acryoDrC.js                                          3.82 kB │ gzip:   1.59 kB
#19 155.1 space:build: build/client/assets/settings-D1fguWwl.js                                          3.83 kB │ gzip:   1.68 kB
#19 155.1 space:build: build/client/assets/wiki-C9Mu0g3G.js                                              3.88 kB │ gzip:   1.58 kB
#19 155.1 space:build: build/client/assets/home-CBNMPMHB.js                                              3.88 kB │ gzip:   1.31 kB
#19 155.1 space:build: build/client/assets/wiki-BkEmvvq-.js                                              3.92 kB │ gzip:   1.59 kB
#19 155.1 space:build: build/client/assets/inbox-B0omNI6L.js                                             3.92 kB │ gzip:   0.95 kB
#19 155.1 space:build: build/client/assets/wiki-f5tbGH3h.js                                              3.92 kB │ gzip:   1.53 kB
#19 155.1 space:build: build/client/assets/settings-lfbqN20j.js                                          4.01 kB │ gzip:   1.56 kB
#19 155.1 space:build: build/client/assets/wiki-Bu6Q1DFZ.js                                              4.02 kB │ gzip:   1.65 kB
#19 155.1 space:build: build/client/assets/settings-BFqQwKkC.js                                          4.04 kB │ gzip:   1.61 kB
#19 155.1 space:build: build/client/assets/wiki-JrQctgBN.js                                              4.07 kB │ gzip:   1.54 kB
#19 155.1 space:build: build/client/assets/wiki-balVREkt.js                                              4.11 kB │ gzip:   1.54 kB
#19 155.1 space:build: build/client/assets/wiki-BexTJmb1.js                                              4.11 kB │ gzip:   1.64 kB
#19 155.1 space:build: build/client/assets/wiki-B7aijnzf.js                                              4.17 kB │ gzip:   1.63 kB
#19 155.1 space:build: build/client/assets/settings-DCJ68NZ5.js                                          4.20 kB │ gzip:   1.71 kB
#19 155.1 space:build: build/client/assets/wiki-d_1LHuly.js                                              4.24 kB │ gzip:   1.65 kB
#19 155.1 space:build: build/client/assets/wiki-CQIqaPDw.js                                              4.31 kB │ gzip:   1.69 kB
#19 155.1 space:build: build/client/assets/wiki-Bu5QPjq8.js                                              4.35 kB │ gzip:   1.63 kB
#19 155.1 space:build: build/client/assets/workflow-D7vW2Wkx.js                                          4.37 kB │ gzip:   1.30 kB
#19 155.1 space:build: build/client/assets/settings-Lhhh3oHO.js                                          4.45 kB │ gzip:   1.80 kB
#19 155.1 space:build: build/client/assets/wiki-BxwEuEQ9.js                                              4.45 kB │ gzip:   1.72 kB
#19 155.1 space:build: build/client/assets/wiki-ydKFokyx.js                                              4.94 kB │ gzip:   1.74 kB
#19 155.1 space:build: build/client/assets/settings-DAeOb0ek.js                                          4.99 kB │ gzip:   1.85 kB
#19 155.1 space:build: build/client/assets/workflow-isp9AKQy.js                                          5.10 kB │ gzip:   1.35 kB
#19 155.1 space:build: build/client/assets/settings-CaxbHeg1.js                                          5.30 kB │ gzip:   1.90 kB
#19 155.1 space:build: build/client/assets/automation-Cqgil4Q3.js                                        5.57 kB │ gzip:   2.28 kB
#19 155.1 space:build: build/client/assets/automation-CnoWamTe.js                                        5.59 kB │ gzip:   2.28 kB
#19 155.1 space:build: build/client/assets/automation-8SQZg96F.js                                        5.74 kB │ gzip:   1.99 kB
#19 155.1 space:build: build/client/assets/automation-DIoarNQ4.js                                        5.74 kB │ gzip:   1.99 kB
#19 155.1 space:build: build/client/assets/power-k-Cjghq2Mj.js                                           5.78 kB │ gzip:   1.95 kB
#19 155.1 space:build: build/client/assets/tour-C-JopYpk.js                                              5.81 kB │ gzip:   2.61 kB
#19 155.1 space:build: build/client/assets/wiki-Ds9YjdsV.js                                              5.81 kB │ gzip:   1.90 kB
#19 155.1 space:build: build/client/assets/tour-BlaRjN6g.js                                              5.84 kB │ gzip:   2.61 kB
#19 155.1 space:build: build/client/assets/power-k-VDliYLql.js                                           5.89 kB │ gzip:   1.95 kB
#19 155.1 space:build: build/client/assets/wiki--l6C5tTa.js                                              5.98 kB │ gzip:   1.94 kB
#19 155.1 space:build: build/client/assets/automation-BrVZtCjy.js                                        5.99 kB │ gzip:   2.11 kB
#19 155.1 space:build: build/client/assets/power-k-DdBbNJxd.js                                           6.02 kB │ gzip:   1.61 kB
#19 155.1 space:build: build/client/assets/power-k-hw266zFl.js                                           6.02 kB │ gzip:   1.61 kB
#19 155.1 space:build: build/client/assets/power-k-CrawIpZi.js                                           6.06 kB │ gzip:   1.76 kB
#19 155.1 space:build: build/client/assets/tour-Cv7qvrCB.js                                              6.06 kB │ gzip:   2.34 kB
#19 155.1 space:build: build/client/assets/tour-DLb1MQFK.js                                              6.06 kB │ gzip:   2.34 kB
#19 155.1 space:build: build/client/assets/automation-qs2RE9GK.js                                        6.25 kB │ gzip:   2.28 kB
#19 155.1 space:build: build/client/assets/automation-Su53vjGS.js                                        6.29 kB │ gzip:   2.22 kB
#19 155.1 space:build: build/client/assets/automation-Cr8leGUZ.js                                        6.29 kB │ gzip:   2.39 kB
#19 155.1 space:build: build/client/assets/automation-BML3iZCR.js                                        6.31 kB │ gzip:   2.19 kB
#19 155.1 space:build: build/client/assets/automation-B7jGNQ9x.js                                        6.40 kB │ gzip:   2.40 kB
#19 155.1 space:build: build/client/assets/automation-CgmvKGKW.js                                        6.44 kB │ gzip:   2.35 kB
#19 155.1 space:build: build/client/assets/power-k-Dykc40lg.js                                           6.45 kB │ gzip:   1.93 kB
#19 155.1 space:build: build/client/assets/automation-ykXvm54U.js                                        6.46 kB │ gzip:   2.36 kB
#19 155.1 space:build: build/client/assets/automation-B-LP4a9N.js                                        6.54 kB │ gzip:   2.30 kB
#19 155.1 space:build: build/client/assets/automation-BiStXLVF.js                                        6.57 kB │ gzip:   2.24 kB
#19 155.1 space:build: build/client/assets/settings-DbTB1dwk.js                                          6.64 kB │ gzip:   1.80 kB
#19 155.1 space:build: build/client/assets/power-k-DnYW3Tvi.js                                           6.66 kB │ gzip:   1.88 kB
#19 155.1 space:build: build/client/assets/automation-UyenNHx7.js                                        6.73 kB │ gzip:   2.32 kB
#19 155.1 space:build: build/client/assets/power-k-pp0PtjOL.js                                           6.78 kB │ gzip:   1.99 kB
#19 155.1 space:build: build/client/assets/automation-CfRuw0UX.js                                        6.85 kB │ gzip:   2.34 kB
#19 155.1 space:build: build/client/assets/tour-BZSJMeR8.js                                              6.85 kB │ gzip:   2.40 kB
#19 155.1 space:build: build/client/assets/power-k-DFc1k4YO.js                                           6.89 kB │ gzip:   1.86 kB
#19 155.1 space:build: build/client/assets/power-k-CaUEryV9.js                                           6.93 kB │ gzip:   1.94 kB
#19 155.1 space:build: build/client/assets/automation-Cu-Uyt41.js                                        6.95 kB │ gzip:   2.47 kB
#19 155.1 space:build: build/client/assets/power-k-DS3gcd6C.js                                           6.95 kB │ gzip:   1.90 kB
#19 155.1 space:build: build/client/assets/power-k-CsyjsYIJ.js                                           6.96 kB │ gzip:   2.01 kB
#19 155.1 space:build: build/client/assets/power-k-DFl-x_w8.js                                           6.98 kB │ gzip:   2.06 kB
#19 155.1 space:build: build/client/assets/tour-DQlLS0HT.js                                              6.98 kB │ gzip:   2.84 kB
#19 155.1 space:build: build/client/assets/tour-zV_XMvta.js                                              7.02 kB │ gzip:   2.75 kB
#19 155.1 space:build: build/client/assets/power-k-CXNgMQZY.js                                           7.02 kB │ gzip:   2.02 kB
#19 155.1 space:build: build/client/assets/tour-CPGkLD2R.js                                              7.02 kB │ gzip:   2.61 kB
#19 155.1 space:build: build/client/assets/tour-C_kzjdpV.js                                              7.03 kB │ gzip:   2.73 kB
#19 155.1 space:build: build/client/assets/power-k-CAwnqx3F.js                                           7.08 kB │ gzip:   1.91 kB
#19 155.1 space:build: build/client/assets/tour-7V7TeXnO.js                                              7.09 kB │ gzip:   2.60 kB
#19 155.1 space:build: build/client/assets/automation-BY4vN16S.js                                        7.10 kB │ gzip:   2.41 kB
#19 155.1 space:build: build/client/assets/tour-CFWnrfEI.js                                              7.19 kB │ gzip:   2.64 kB
#19 155.1 space:build: build/client/assets/tour-By-e1_e6.js                                              7.25 kB │ gzip:   2.71 kB
#19 155.1 space:build: build/client/assets/power-k-BYPZkJ-X.js                                           7.41 kB │ gzip:   2.04 kB
#19 155.1 space:build: build/client/assets/power-k-DAVHncb2.js                                           7.42 kB │ gzip:   1.96 kB
#19 155.1 space:build: build/client/assets/template-ClnJHnQs.js                                          7.43 kB │ gzip:   2.65 kB
#19 155.1 space:build: build/client/assets/template-CBVN_bcb.js                                          7.43 kB │ gzip:   2.63 kB
#19 155.1 space:build: build/client/assets/tour-BXI_mTDb.js                                              7.44 kB │ gzip:   2.69 kB
#19 155.1 space:build: build/client/assets/tour-BuXpo7Y4.js                                              7.48 kB │ gzip:   2.72 kB
#19 155.1 space:build: build/client/assets/tour-B61hdTbL.js                                              7.60 kB │ gzip:   2.80 kB
#19 155.1 space:build: build/client/assets/tour-pjzQmE1F.js                                              7.61 kB │ gzip:   2.75 kB
#19 155.1 space:build: build/client/assets/power-k-Cld5dczR.js                                           7.77 kB │ gzip:   2.17 kB
#19 155.1 space:build: build/client/assets/template-bMFqSxsA.js                                          8.07 kB │ gzip:   2.36 kB
#19 155.1 space:build: build/client/assets/template-bjtmnR9A.js                                          8.07 kB │ gzip:   2.36 kB
#19 155.1 space:build: build/client/assets/tour-rtTtH9IQ.js                                              8.22 kB │ gzip:   2.79 kB
#19 155.1 space:build: build/client/assets/tour-CTQwFT0K.js                                              8.27 kB │ gzip:   2.91 kB
#19 155.1 space:build: build/client/assets/template-DB2CeHgD.js                                          8.46 kB │ gzip:   2.39 kB
#19 155.1 space:build: build/client/assets/template-B3q1v2mC.js                                          8.71 kB │ gzip:   2.76 kB
#19 155.1 space:build: build/client/assets/template-PH6OjQXR.js                                          8.74 kB │ gzip:   2.69 kB
#19 155.1 space:build: build/client/assets/automation-D5NE3cce.js                                        8.74 kB │ gzip:   2.67 kB
#19 155.1 space:build: build/client/assets/template-DL5Begcn.js                                          8.80 kB │ gzip:   2.83 kB
#19 155.1 space:build: build/client/assets/automation-C5hW8t_H.js                                        8.93 kB │ gzip:   2.71 kB
#19 155.1 space:build: build/client/assets/template-CSR3Xy3Z.js                                          8.94 kB │ gzip:   2.82 kB
#19 155.1 space:build: build/client/assets/template-DG9hcOdb.js                                          8.99 kB │ gzip:   2.80 kB
#19 155.1 space:build: build/client/assets/auth-Cc1MPTlF.js                                              9.01 kB │ gzip:   2.91 kB
#19 155.1 space:build: build/client/assets/template-URxNXPjP.js                                          9.09 kB │ gzip:   2.60 kB
#19 155.1 space:build: build/client/assets/work-item-CnWu3TRU.js                                         9.10 kB │ gzip:   3.28 kB
#19 155.1 space:build: build/client/assets/auth-CJFLF46-.js                                              9.22 kB │ gzip:   2.93 kB
#19 155.1 space:build: build/client/assets/auth-Djr-NUSJ.js                                              9.33 kB │ gzip:   2.58 kB
#19 155.1 space:build: build/client/assets/template-BFQSqx5H.js                                          9.34 kB │ gzip:   2.78 kB
#19 155.1 space:build: build/client/assets/template-C5ag49b1.js                                          9.39 kB │ gzip:   2.74 kB
#19 155.1 space:build: build/client/assets/empty-state-Bq3G7gyR.js                                       9.40 kB │ gzip:   3.56 kB
#19 155.1 space:build: build/client/assets/empty-state-DxPqV7qd.js                                       9.40 kB │ gzip:   3.53 kB
#19 155.1 space:build: build/client/assets/template-CseVeTmS.js                                          9.42 kB │ gzip:   2.71 kB
#19 155.1 space:build: build/client/assets/template-BJmBKP-P.js                                          9.48 kB │ gzip:   2.76 kB
#19 155.1 space:build: build/client/assets/work-item-DiNfWMa5.js                                         9.54 kB │ gzip:   3.38 kB
#19 155.1 space:build: build/client/assets/template-C_Kj7Apw.js                                          9.56 kB │ gzip:   2.78 kB
#19 155.1 space:build: build/client/assets/work-item-BcsNL1Fo.js                                         9.74 kB │ gzip:   2.97 kB
#19 155.1 space:build: build/client/assets/auth-C2Cxr9Zz.js                                              9.87 kB │ gzip:   2.69 kB
#19 155.1 space:build: build/client/assets/project-C0o497tv.js                                           9.94 kB │ gzip:   3.51 kB
#19 155.1 space:build: build/client/assets/empty-state-BNt6sbyW.js                                       9.94 kB │ gzip:   3.21 kB
#19 155.1 space:build: build/client/assets/project-CnRyzmlr.js                                           9.95 kB │ gzip:   3.55 kB
#19 155.1 space:build: build/client/assets/project-C4kd0cHF.js                                          10.02 kB │ gzip:   3.55 kB
#19 155.1 space:build: build/client/assets/power-k-CaWVjKt2.js                                          10.07 kB │ gzip:   2.39 kB
#19 155.1 space:build: build/client/assets/auth-C1-zi8fx.js                                             10.09 kB │ gzip:   2.80 kB
#19 155.1 space:build: build/client/assets/template-BvMilhBT.js                                         10.16 kB │ gzip:   2.88 kB
#19 155.1 space:build: build/client/assets/auth-CvAgSoOb.js                                             10.30 kB │ gzip:   3.07 kB
#19 155.1 space:build: build/client/assets/power-k-D8VR1XlU.js                                          10.32 kB │ gzip:   2.43 kB
#19 155.1 space:build: build/client/assets/auth-CgOTuNKv.js                                             10.38 kB │ gzip:   2.86 kB
#19 155.1 space:build: build/client/assets/work-item-C0FiMJsi.js                                        10.39 kB │ gzip:   3.07 kB
#19 155.1 space:build: build/client/assets/auth-D9KKDi2E.js                                             10.43 kB │ gzip:   3.09 kB
#19 155.1 space:build: build/client/assets/project-D4WQNT9M.js                                          10.55 kB │ gzip:   3.46 kB
#19 155.1 space:build: build/client/assets/auth-B6cByhO0.js                                             10.57 kB │ gzip:   3.11 kB
#19 155.1 space:build: build/client/assets/work-item-type-ZX4MXiXf.js                                   10.60 kB │ gzip:   3.69 kB
#19 155.1 space:build: build/client/assets/workspace-DHYBynUW.js                                        10.69 kB │ gzip:   4.36 kB
#19 155.1 space:build: build/client/assets/auth-C2pym3f3.js                                             10.78 kB │ gzip:   3.01 kB
#19 155.1 space:build: build/client/assets/work-item-CeDlM3C5.js                                        10.83 kB │ gzip:   3.32 kB
#19 155.1 space:build: build/client/assets/workspace-BXw5BU12.js                                        10.84 kB │ gzip:   4.41 kB
#19 155.1 space:build: build/client/assets/work-item-type-BIxIFyIv.js                                   10.89 kB │ gzip:   3.78 kB
#19 155.1 space:build: build/client/assets/auth-CzM4are9.js                                             10.94 kB │ gzip:   3.02 kB
#19 155.1 space:build: build/client/assets/tour-Np_cJqdr.js                                             10.96 kB │ gzip:   3.30 kB
#19 155.1 space:build: build/client/assets/auth-BbC7GZsQ.js                                             10.99 kB │ gzip:   2.96 kB
#19 155.1 space:build: build/client/assets/auth-BD92_Pj8.js                                             11.00 kB │ gzip:   2.90 kB
#19 155.1 space:build: build/client/assets/empty-state-aOlDk0BH.js                                      11.03 kB │ gzip:   3.29 kB
#19 155.1 space:build: build/client/assets/workspace-C0wgOcBZ.js                                        11.08 kB │ gzip:   3.86 kB
#19 155.1 space:build: build/client/assets/auth-CIl-H_9f.js                                             11.16 kB │ gzip:   3.10 kB
#19 155.1 space:build: build/client/assets/project-CnRajxhz.js                                          11.16 kB │ gzip:   4.17 kB
#19 155.1 space:build: build/client/assets/work-item-BIs4_-ll.js                                        11.19 kB │ gzip:   3.49 kB
#19 155.1 space:build: build/client/assets/work-item-type-Aof6SdAr.js                                   11.29 kB │ gzip:   3.26 kB
#19 155.1 space:build: build/client/assets/work-item-type-CTPufGj2.js                                   11.29 kB │ gzip:   3.26 kB
#19 155.1 space:build: build/client/assets/auth-CPRZs6tL.js                                             11.36 kB │ gzip:   3.04 kB
#19 155.1 space:build: build/client/assets/work-item-Rjf9yG_c.js                                        11.38 kB │ gzip:   3.40 kB
#19 155.1 space:build: build/client/assets/project-BAIWpDRH.js                                          11.44 kB │ gzip:   4.32 kB
#19 155.1 space:build: build/client/assets/template-DP8X_DA4.js                                         11.48 kB │ gzip:   2.98 kB
#19 155.1 space:build: build/client/assets/work-item-C3gqMnSF.js                                        11.51 kB │ gzip:   3.57 kB
#19 155.1 space:build: build/client/assets/tour-CsNY5xTT.js                                             11.55 kB │ gzip:   3.40 kB
#19 155.1 space:build: build/client/assets/project-BM1JIObL.js                                          11.55 kB │ gzip:   3.75 kB
#19 155.1 space:build: build/client/assets/work-item-e3nX2803.js                                        11.56 kB │ gzip:   3.32 kB
#19 155.1 space:build: build/client/assets/empty-state-CT_StX9m.js                                      11.62 kB │ gzip:   3.52 kB
#19 155.1 space:build: build/client/assets/work-item-DaYfRq2P.js                                        11.66 kB │ gzip:   3.37 kB
#19 155.1 space:build: build/client/assets/empty-state-B99-siie.js                                      11.68 kB │ gzip:   3.67 kB
#19 155.1 space:build: build/client/assets/work-item-D8pvbnwt.js                                        11.68 kB │ gzip:   3.30 kB
#19 155.1 space:build: build/client/assets/work-item-BB48tQEz.js                                        11.76 kB │ gzip:   3.52 kB
#19 155.1 space:build: build/client/assets/auth-D11eE3K-.js                                             11.79 kB │ gzip:   3.02 kB
#19 155.1 space:build: build/client/assets/empty-state-BjP8VPxP.js                                      11.79 kB │ gzip:   3.91 kB
#19 155.1 space:build: build/client/assets/workspace-QQffJ3pe.js                                        11.80 kB │ gzip:   4.32 kB
#19 155.1 space:build: build/client/assets/workspace-Bhmlh9a5.js                                        11.84 kB │ gzip:   4.39 kB
#19 155.1 space:build: build/client/assets/work-item-4Np-IS29.js                                        11.86 kB │ gzip:   3.46 kB
#19 155.1 space:build: build/client/assets/empty-state-C5ElAZuw.js                                      11.86 kB │ gzip:   3.64 kB
#19 155.1 space:build: build/client/assets/workspace-ClDSYYBb.js                                        11.87 kB │ gzip:   4.38 kB
#19 155.1 space:build: build/client/assets/empty-state-CMl7SJFD.js                                      11.94 kB │ gzip:   3.63 kB
#19 155.1 space:build: build/client/assets/workspace-BvK9LU9q.js                                        11.96 kB │ gzip:   3.96 kB
#19 155.1 space:build: build/client/assets/work-item-type-DlspNmuX.js                                   12.03 kB │ gzip:   3.42 kB
#19 155.1 space:build: build/client/assets/empty-state-AI4fcd76.js                                      12.08 kB │ gzip:   3.87 kB
#19 155.1 space:build: build/client/assets/work-item-MxyKucbm.js                                        12.12 kB │ gzip:   3.47 kB
#19 155.1 space:build: build/client/assets/empty-state-BLuYoJ6v.js                                      12.14 kB │ gzip:   3.94 kB
#19 155.1 space:build: build/client/assets/auth-pZhIDssA.js                                             12.28 kB │ gzip:   3.18 kB
#19 155.1 space:build: build/client/assets/empty-state-DNIE8bOl.js                                      12.33 kB │ gzip:   3.72 kB
#19 155.1 space:build: build/client/assets/root-gT7n5h9R.js                                             12.38 kB │ gzip:   4.24 kB
#19 155.1 space:build: build/client/assets/empty-state-CRUFpmQB.js                                      12.39 kB │ gzip:   3.87 kB
#19 155.1 space:build: build/client/assets/auth-C_uMRudM.js                                             12.49 kB │ gzip:   3.07 kB
#19 155.1 space:build: build/client/assets/empty-state-DfNJCK4e.js                                      12.49 kB │ gzip:   3.72 kB
#19 155.1 space:build: build/client/assets/workspace-DecbUjX7.js                                        12.51 kB │ gzip:   4.30 kB
#19 155.1 space:build: build/client/assets/work-item-CFUpCP44.js                                        12.53 kB │ gzip:   3.58 kB
#19 155.1 space:build: build/client/assets/workspace-DvtNpwt0.js                                        12.56 kB │ gzip:   4.40 kB
#19 155.1 space:build: build/client/assets/work-item-B48iYDTX.js                                        12.58 kB │ gzip:   3.48 kB
#19 155.1 space:build: build/client/assets/work-item-HHwVbXT9.js                                        12.71 kB │ gzip:   3.49 kB
#19 155.1 space:build: build/client/assets/workspace-BYV0Z2GE.js                                        12.72 kB │ gzip:   4.25 kB
#19 155.1 space:build: build/client/assets/project-CzlWPj4o.js                                          12.80 kB │ gzip:   3.90 kB
#19 155.1 space:build: build/client/assets/workspace-DSTnec_G.js                                        12.86 kB │ gzip:   4.33 kB
#19 155.1 space:build: build/client/assets/workspace-DCZd2l6f.js                                        12.86 kB │ gzip:   4.37 kB
#19 155.1 space:build: build/client/assets/workspace-CPB_be9k.js                                        12.97 kB │ gzip:   4.57 kB
#19 155.1 space:build: build/client/assets/empty-state-WFJ71lb_.js                                      13.03 kB │ gzip:   3.86 kB
#19 155.1 space:build: build/client/assets/project-BPzqf34c.js                                          13.03 kB │ gzip:   4.15 kB
#19 155.1 space:build: build/client/assets/workspace-D-sM0reN.js                                        13.09 kB │ gzip:   4.45 kB
#19 155.1 space:build: build/client/assets/project-CkyvoVmT.js                                          13.30 kB │ gzip:   4.41 kB
#19 155.1 space:build: build/client/assets/work-item-type-BMrX5Ijz.js                                   13.30 kB │ gzip:   3.85 kB
#19 155.1 space:build: build/client/assets/project-BfDUdmny.js                                          13.36 kB │ gzip:   4.15 kB
#19 155.1 space:build: build/client/assets/work-item-type-DVT3_5N_.js                                   13.58 kB │ gzip:   3.82 kB
#19 155.1 space:build: build/client/assets/project-Aozhl21f.js                                          13.58 kB │ gzip:   4.31 kB
#19 155.1 space:build: build/client/assets/work-item-type-DsfupjLf.js                                   13.61 kB │ gzip:   4.12 kB
#19 155.1 space:build: build/client/assets/workspace-BojPHmju.js                                        13.63 kB │ gzip:   4.52 kB
#19 155.1 space:build: build/client/assets/project-DhvJfikU.js                                          13.65 kB │ gzip:   4.38 kB
#19 155.1 space:build: build/client/assets/work-item-type-CVUqJQuC.js                                   13.72 kB │ gzip:   4.12 kB
#19 155.1 space:build: build/client/assets/work-item-type-St_Im-sM.js                                   13.80 kB │ gzip:   4.18 kB
#19 155.1 space:build: build/client/assets/work-item-type-CYalL6hu.js                                   13.81 kB │ gzip:   3.78 kB
#19 155.1 space:build: build/client/assets/project-2nRqqtWi.js                                          13.82 kB │ gzip:   4.35 kB
#19 155.1 space:build: build/client/assets/template-BnL_YN39.js                                         13.83 kB │ gzip:   3.36 kB
#19 155.1 space:build: build/client/assets/empty-state-D5QrzW2A.js                                      13.86 kB │ gzip:   3.88 kB
#19 155.1 space:build: build/client/assets/template--IvPQfFu.js                                         13.88 kB │ gzip:   3.40 kB
#19 155.1 space:build: build/client/assets/empty-state-_Fn1fnOd.js                                      13.97 kB │ gzip:   3.92 kB
#19 155.1 space:build: build/client/assets/project-yib9wCm4.js                                          14.00 kB │ gzip:   4.47 kB
#19 155.1 space:build: build/client/assets/work-item-type-CiNl8er5.js                                   14.05 kB │ gzip:   4.01 kB
#19 155.1 space:build: build/client/assets/work-item-type-DS69mSwJ.js                                   14.08 kB │ gzip:   3.87 kB
#19 155.1 space:build: build/client/assets/project-settings-D3YZRosU.js                                 14.09 kB │ gzip:   4.91 kB
#19 155.1 space:build: build/client/assets/work-item-type-DXQdNtwV.js                                   14.09 kB │ gzip:   4.01 kB
#19 155.1 space:build: build/client/assets/project-settings-DP_Pxggz.js                                 14.34 kB │ gzip:   4.99 kB
#19 155.1 space:build: build/client/assets/workspace-BrAf2UNS.js                                        14.51 kB │ gzip:   4.47 kB
#19 155.1 space:build: build/client/assets/project-ChMwp71D.js                                          14.54 kB │ gzip:   4.26 kB
#19 155.1 space:build: build/client/assets/work-item-type-DsKHlb22.js                                   14.54 kB │ gzip:   4.01 kB
#19 155.1 space:build: build/client/assets/work-item-type-CtaP6hJR.js                                   14.56 kB │ gzip:   4.08 kB
#19 155.1 space:build: build/client/assets/work-item-type-BolDFBZn.js                                   14.86 kB │ gzip:   3.95 kB
#19 155.1 space:build: build/client/assets/project-zgRPG_3c.js                                          15.02 kB │ gzip:   4.31 kB
#19 155.1 space:build: build/client/assets/auth-DYjrefTo.js                                             15.08 kB │ gzip:   3.62 kB
#19 155.1 space:build: build/client/assets/workspace-CyNSBSE4.js                                        15.20 kB │ gzip:   4.77 kB
#19 155.1 space:build: build/client/assets/auth-kKLdR1R0.js                                             15.25 kB │ gzip:   3.59 kB
#19 155.1 space:build: build/client/assets/project-settings-By3MFAUi.js                                 15.37 kB │ gzip:   4.49 kB
#19 155.1 space:build: build/client/assets/work-item-type-CTODUd1R.js                                   15.63 kB │ gzip:   4.14 kB
#19 155.1 space:build: build/client/assets/integration-DowBhzuY.js                                      15.75 kB │ gzip:   4.93 kB
#19 155.1 space:build: build/client/assets/user-avatar-DtrASYpZ.js                                      15.77 kB │ gzip:   6.03 kB
#19 155.1 space:build: build/client/assets/integration-Cp4OHnho.js                                      15.80 kB │ gzip:   4.97 kB
#19 155.1 space:build: build/client/assets/project-BePP7fe1.js                                          15.98 kB │ gzip:   4.62 kB
#19 155.1 space:build: build/client/assets/layout-DdE3QLXU.js                                           16.19 kB │ gzip:   5.32 kB
#19 155.1 space:build: build/client/assets/project-settings-5p9d_-li.js                                 16.22 kB │ gzip:   4.63 kB
#19 155.1 space:build: build/client/assets/work-item-Bjs_x5xm.js                                        16.73 kB │ gzip:   4.01 kB
#19 155.1 space:build: build/client/assets/integration-Dn0FksU7.js                                      16.76 kB │ gzip:   4.42 kB
#19 155.1 space:build: build/client/assets/integration-QxD-UH6q.js                                      16.76 kB │ gzip:   4.42 kB
#19 155.1 space:build: build/client/assets/work-item-CXTCZ__Z.js                                        16.79 kB │ gzip:   4.15 kB
#19 155.1 space:build: build/client/assets/project-settings-D6mA4kbQ.js                                 16.82 kB │ gzip:   5.23 kB
#19 155.1 space:build: build/client/assets/project-settings-VS536DnH.js                                 16.91 kB │ gzip:   5.26 kB
#19 155.1 space:build: build/client/assets/project-settings-C3ltfbH9.js                                 17.03 kB │ gzip:   5.04 kB
#19 155.1 space:build: build/client/assets/project-settings-DaI3_wLh.js                                 17.03 kB │ gzip:   5.26 kB
#19 155.1 space:build: build/client/assets/project-D9RotxtO.js                                          17.38 kB │ gzip:   4.66 kB
#19 155.1 space:build: build/client/assets/integration-DCzUQgDV.js                                      17.40 kB │ gzip:   4.70 kB
#19 155.1 space:build: build/client/assets/workspace-dveVzlXl.js                                        17.43 kB │ gzip:   5.05 kB
#19 155.1 space:build: build/client/assets/project-settings-DZxCLxbg.js                                 17.53 kB │ gzip:   4.99 kB
#19 155.1 space:build: build/client/assets/project-settings-BZG8i75v.js                                 17.71 kB │ gzip:   5.12 kB
#19 155.1 space:build: build/client/assets/project-settings-CXjyoaV1.js                                 17.75 kB │ gzip:   5.21 kB
#19 155.1 space:build: build/client/assets/project-settings-C9iSmFtq.js                                 17.80 kB │ gzip:   5.00 kB
#19 155.1 space:build: build/client/assets/workspace-settings-C_fXs_WA.js                               17.95 kB │ gzip:   6.37 kB
#19 155.1 space:build: build/client/assets/work-item-CGSjTIng.js                                        17.99 kB │ gzip:   3.85 kB
#19 155.1 space:build: build/client/assets/project-settings-DnxXekDD.js                                 18.20 kB │ gzip:   5.05 kB
#19 155.1 space:build: build/client/assets/integration-DMCPP2Oc.js                                      18.22 kB │ gzip:   5.16 kB
#19 155.1 space:build: build/client/assets/empty-state-DCdbr8HR.js                                      18.22 kB │ gzip:   4.55 kB
#19 155.1 space:build: build/client/assets/workspace-settings-CohLmsMh.js                               18.25 kB │ gzip:   6.44 kB
#19 155.1 space:build: build/client/assets/workspace-D3eKlO1U.js                                        18.25 kB │ gzip:   5.10 kB
#19 155.1 space:build: build/client/assets/integration-TS_Y5nCw.js                                      18.29 kB │ gzip:   4.99 kB
#19 155.1 space:build: build/client/assets/project-settings-F-dyIkNA.js                                 18.34 kB │ gzip:   5.13 kB
#19 155.1 space:build: build/client/assets/integration-CQo7pb3O.js                                      18.34 kB │ gzip:   5.10 kB
#19 155.1 space:build: build/client/assets/integration-DfwCp6rJ.js                                      18.54 kB │ gzip:   5.18 kB
#19 155.1 space:build: build/client/assets/integration-C7r-YskA.js                                      18.55 kB │ gzip:   5.16 kB
#19 155.1 space:build: build/client/assets/integration-CRSfy-ms.js                                      18.56 kB │ gzip:   5.10 kB
#19 155.1 space:build: build/client/assets/integration-uu99enR3.js                                      18.67 kB │ gzip:   5.00 kB
#19 155.1 space:build: build/client/assets/integration-DVqYDqcm.js                                      18.73 kB │ gzip:   5.26 kB
#19 155.1 space:build: build/client/assets/project-settings-D1Uzxkoh.js                                 18.78 kB │ gzip:   5.20 kB
#19 155.1 space:build: build/client/assets/empty-state-DONHOhK9.js                                      18.82 kB │ gzip:   4.63 kB
#19 155.1 space:build: build/client/assets/integration-BqgZXNXg.js                                      18.92 kB │ gzip:   5.12 kB
#19 155.1 space:build: build/client/assets/workspace-settings-BcoE1c4x.js                               19.03 kB │ gzip:   5.77 kB
#19 155.1 space:build: build/client/assets/integration-Dhs0csJv.js                                      19.10 kB │ gzip:   5.12 kB
#19 155.1 space:build: build/client/assets/integration-CsBaywPD.js                                      19.19 kB │ gzip:   5.21 kB
#19 155.1 space:build: build/client/assets/project-settings-DY7T431c.js                                 19.63 kB │ gzip:   5.12 kB
#19 155.1 space:build: build/client/assets/work-item-type-DfX5XewP.js                                   20.00 kB │ gzip:   4.69 kB
#19 155.1 space:build: build/client/assets/workspace-settings-EW6mpYJ0.js                               20.08 kB │ gzip:   5.99 kB
#19 155.1 space:build: build/client/assets/integration-D0QGuTeY.js                                      20.11 kB │ gzip:   5.08 kB
#19 155.1 space:build: build/client/assets/work-item-type-mRHoENmw.js                                   20.18 kB │ gzip:   4.68 kB
#19 155.1 space:build: build/client/assets/integration-CtXTFiaS.js                                      20.43 kB │ gzip:   5.37 kB
#19 155.1 space:build: build/client/assets/project-settings-BQ4x6UuQ.js                                 20.58 kB │ gzip:   5.33 kB
#19 155.1 space:build: build/client/assets/workspace-settings-D2UJmaKQ.js                               20.86 kB │ gzip:   6.68 kB
#19 155.1 space:build: build/client/assets/utils-DsKTM82P.js                                            20.87 kB │ gzip:   8.22 kB
#19 155.1 space:build: build/client/assets/workspace-settings-DZ_qqwPL.js                               20.96 kB │ gzip:   6.71 kB
#19 155.1 space:build: build/client/assets/workspace-settings-BcQaEoo6.js                               21.19 kB │ gzip:   6.79 kB
#19 155.1 space:build: build/client/assets/workspace-settings-CHqVv-rs.js                               21.32 kB │ gzip:   6.53 kB
#19 155.1 space:build: build/client/assets/workspace-settings-DzrxCRIa.js                               21.40 kB │ gzip:   6.52 kB
#19 155.1 space:build: build/client/assets/workspace-settings-BCX7e3tH.js                               21.48 kB │ gzip:   6.60 kB
#19 155.1 space:build: build/client/assets/project-settings-CuFt3oGw.js                                 21.85 kB │ gzip:   5.49 kB
#19 155.1 space:build: build/client/assets/workspace-Bi2R3mYw.js                                        21.87 kB │ gzip:   5.01 kB
#19 155.1 space:build: build/client/assets/workspace-settings-Hm3IWNlt.js                               21.96 kB │ gzip:   6.57 kB
#19 155.1 space:build: build/client/assets/workspace-settings-BnStH7kI.js                               22.31 kB │ gzip:   6.64 kB
#19 155.1 space:build: build/client/assets/workspace-settings-C-hk2zLQ.js                               22.49 kB │ gzip:   6.71 kB
#19 155.1 space:build: build/client/assets/workspace-settings-CnJcBM-s.js                               22.75 kB │ gzip:   6.83 kB
#19 155.1 space:build: build/client/assets/toast-CTCKYyt0.js                                            22.84 kB │ gzip:   8.04 kB
#19 155.1 space:build: build/client/assets/workspace-settings-48i0zbEU.js                               23.31 kB │ gzip:   6.89 kB
#19 155.1 space:build: build/client/assets/icons-wpPxkrDQ.js                                            23.59 kB │ gzip:   9.74 kB
#19 155.1 space:build: build/client/assets/workspace-settings-zb5KNnIj.js                               23.70 kB │ gzip:   6.59 kB
#19 155.1 space:build: build/client/assets/project-settings-D0jFxKKx.js                                 23.87 kB │ gzip:   5.94 kB
#19 155.1 space:build: build/client/assets/project-wydIATxO.js                                          24.82 kB │ gzip:   5.04 kB
#19 155.1 space:build: build/client/assets/integration-C7hHJHQL.js                                      25.30 kB │ gzip:   5.85 kB
#19 155.1 space:build: build/client/assets/workspace-settings-CmHhS92I.js                               25.31 kB │ gzip:   6.77 kB
#19 155.1 space:build: build/client/assets/workspace-settings-DR_U2Mj7.js                               25.55 kB │ gzip:   6.81 kB
#19 155.1 space:build: build/client/assets/integration-_rZMZw6W.js                                      25.86 kB │ gzip:   5.81 kB
#19 155.1 space:build: build/client/assets/project-settings-BWGv4dZ5.js                                 25.94 kB │ gzip:   6.16 kB
#19 155.1 space:build: build/client/assets/empty-state-BWUUn9zP.js                                      26.26 kB │ gzip:   4.37 kB
#19 155.1 space:build: build/client/assets/workspace-settings-naczeU6N.js                               30.21 kB │ gzip:   7.67 kB
#19 155.1 space:build: build/client/assets/page-CLHL-vb_.js                                             30.31 kB │ gzip:   8.28 kB
#19 155.1 space:build: build/client/assets/workspace-settings-DuQAZ4Y1.js                               30.62 kB │ gzip:   7.67 kB
#19 155.1 space:build: build/client/assets/common-DWaarlRK.js                                           37.31 kB │ gzip:  14.21 kB
#19 155.1 space:build: build/client/assets/common-BOAHUmO8.js                                           37.61 kB │ gzip:  14.25 kB
#19 155.1 space:build: build/client/assets/errorBoundaries--WnkX_Fd.js                                  37.61 kB │ gzip:  13.06 kB
#19 155.1 space:build: build/client/assets/common-C2yROvaR.js                                           38.17 kB │ gzip:  13.14 kB
#19 155.1 space:build: build/client/assets/common-B5VRy63N.js                                           39.69 kB │ gzip:  13.58 kB
#19 155.1 space:build: build/client/assets/common-Df-Ddg5r.js                                           40.56 kB │ gzip:  14.05 kB
#19 155.1 space:build: build/client/assets/common-J3RRldPP.js                                           40.89 kB │ gzip:  14.51 kB
#19 155.1 space:build: build/client/assets/common-DWGFA2ns.js                                           41.40 kB │ gzip:  14.60 kB
#19 155.1 space:build: build/client/assets/common-BVcL32Bq.js                                           41.52 kB │ gzip:  14.71 kB
#19 155.1 space:build: build/client/assets/common-DpqmDHzM.js                                           41.55 kB │ gzip:  14.11 kB
#19 155.1 space:build: build/client/assets/common-BlSnB0Qw.js                                           41.83 kB │ gzip:  14.14 kB
#19 155.1 space:build: build/client/assets/common-Domnhawl.js                                           41.83 kB │ gzip:  14.18 kB
#19 155.1 space:build: build/client/assets/common-D8GvZII3.js                                           41.96 kB │ gzip:  14.42 kB
#19 155.1 space:build: build/client/assets/common-DaSd3YU9.js                                           42.34 kB │ gzip:  14.34 kB
#19 155.1 space:build: build/client/assets/common-GQlILOfU.js                                           42.52 kB │ gzip:  14.49 kB
#19 155.1 space:build: build/client/assets/common-Dw2Ft66N.js                                           42.92 kB │ gzip:  14.47 kB
#19 155.1 space:build: build/client/assets/common-zZHPFWSL.js                                           44.64 kB │ gzip:  14.32 kB
#19 155.1 space:build: build/client/assets/common-CGbmlRXa.js                                           45.67 kB │ gzip:  14.98 kB
#19 155.1 space:build: build/client/assets/common-DhSOIYSE.js                                           53.82 kB │ gzip:  16.02 kB
#19 155.1 space:build: build/client/assets/common-DfL65yPq.js                                           54.09 kB │ gzip:  16.20 kB
#19 155.1 space:build: build/client/assets/components-Ckd1zakt.js                                       63.83 kB │ gzip:  20.64 kB
#19 155.1 space:build: build/client/assets/common-CI3orYVc.js                                           65.98 kB │ gzip:  15.79 kB
#19 155.1 space:build: build/client/assets/dist-4mH0cp8V.js                                            138.49 kB │ gzip:  41.71 kB
#19 155.1 space:build: build/client/assets/dist-BWsDQ7HO.js                                            140.36 kB │ gzip:  37.35 kB
#19 155.1 space:build: build/client/assets/entry.client-DLDOk5y2.js                                    182.53 kB │ gzip:  57.82 kB
#19 155.1 space:build: build/client/assets/query-param-generator-DHvqN6st.js                           384.26 kB │ gzip: 113.64 kB
#19 155.1 space:build: build/client/assets/dist-BwYYYlx3.js                                            508.88 kB │ gzip: 160.57 kB
#19 155.1 space:build: build/client/assets/page-B_1Na8X6.js                                          1,911.68 kB │ gzip: 525.65 kB
#19 155.1 space:build: 
#19 155.2 space:build: [33m[33m[PLUGIN_TIMINGS] [0mYour build spent significant time in plugins. Here is a breakdown:
#19 155.2 space:build:   - react-router:virtual-modules (36%)
#19 155.2 space:build:   - react-router:dot-server (36%)
#19 155.2 space:build:   - react-router:inject-hmr-runtime (15%)
#19 155.2 space:build:   - react-router:hmr-runtime (3%)
#19 155.2 space:build:   - vite-tsconfig-paths (3%)
#19 155.2 space:build: See https://rolldown.rs/options/checks#plugintimings for more details.
#19 155.2 space:build: [39m
#19 155.2 space:build: [33m[plugin builtin:vite-reporter] 
#19 155.2 space:build: (!) Some chunks are larger than 500 kB after minification. Consider:
#19 155.2 space:build: - Using dynamic import() to code-split the application
#19 155.2 space:build: - Use build.rolldownOptions.output.codeSplitting to improve chunking: https://rolldown.rs/reference/OutputOptions.codeSplitting
#19 155.2 space:build: - Adjust chunk size limit for this warning via build.chunkSizeWarningLimit.[39m
#19 155.2 space:build: [32m✓ built in 22.35s[39m
#19 155.2 space:build: [36mvite v8.0.16 [32mbuilding ssr environment for production...[36m[39m
#19 162.0 space:build: [2Kspace:build: transforming...✓ 2460 modules transformed.
#19 162.8 space:build: rendering chunks...
#19 163.9 space:build: 
#19 163.9 space:build: [32m✓[39m 40 assets cleaned from React Router server build.
#19 163.9 space:build: [2mbuild/client/assets/globals-CpnR1L98.css[22m
#19 163.9 space:build: [2mbuild/client/assets/tenfold-logo-square-rebrand-loader-v4-BGe6lAJP.png[22m
#19 163.9 space:build: [2mbuild/client/assets/background-pattern-dark-CmVIYUu1.svg[22m
#19 163.9 space:build: [2mbuild/client/assets/background-pattern-DUvEFmph.svg[22m
#19 163.9 space:build: [2mbuild/client/assets/instance-failure-dark-DE7I22mw.svg[22m
#19 163.9 space:build: [2mbuild/client/assets/instance-failure-C1aRKNan.svg[22m
#19 163.9 space:build: [2mbuild/client/assets/inter-latin-wght-normal-Dx4kXJAl.woff2[22m
#19 163.9 space:build: [2mbuild/client/assets/user-logged-in-BukBPDLP.svg[22m
#19 163.9 space:build: [2mbuild/client/assets/gitea-logo-BAYfzmEl.svg[22m
#19 163.9 space:build: [2mbuild/client/assets/github-black-DmZ70PA_.png[22m
#19 163.9 space:build: [2mbuild/client/assets/github-dark-DlyHSwTQ.svg[22m
#19 163.9 space:build: [2mbuild/client/assets/gitlab-logo-BL2xQyij.svg[22m
#19 163.9 space:build: [2mbuild/client/assets/google-logo-r0ky5Kfn.svg[22m
#19 163.9 space:build: [2mbuild/client/assets/something-went-wrong-CL3KAzG8.svg[22m
#19 163.9 space:build: [2mbuild/client/assets/404-DWCFZzXK.svg[22m
#19 163.9 space:build: [2mbuild/client/assets/inter-cyrillic-ext-wght-normal-BOeWTOD4.woff2[22m
#19 163.9 space:build: [2mbuild/client/assets/inter-cyrillic-wght-normal-DqGufNeO.woff2[22m
#19 163.9 space:build: [2mbuild/client/assets/inter-greek-ext-wght-normal-DlzME5K_.woff2[22m
#19 163.9 space:build: [2mbuild/client/assets/inter-greek-wght-normal-CkhJZR-_.woff2[22m
#19 163.9 space:build: [2mbuild/client/assets/inter-vietnamese-wght-normal-CBcvBZtf.woff2[22m
#19 163.9 space:build: [2mbuild/client/assets/inter-latin-ext-wght-normal-DO1Apj_S.woff2[22m
#19 163.9 space:build: [2mbuild/client/assets/material-symbols-rounded-latin-100-normal-StOoOijZ.woff2[22m
#19 163.9 space:build: [2mbuild/client/assets/material-symbols-rounded-latin-100-normal-CyR9BGN8.woff[22m
#19 163.9 space:build: [2mbuild/client/assets/material-symbols-rounded-latin-200-normal-Dy_97ylg.woff2[22m
#19 163.9 space:build: [2mbuild/client/assets/material-symbols-rounded-latin-200-normal-B9_93z2O.woff[22m
#19 163.9 space:build: [2mbuild/client/assets/material-symbols-rounded-latin-300-normal-CGYRw1-j.woff2[22m
#19 163.9 space:build: [2mbuild/client/assets/material-symbols-rounded-latin-300-normal-CexQLkYr.woff[22m
#19 163.9 space:build: [2mbuild/client/assets/material-symbols-rounded-latin-400-normal-BVRwnNJJ.woff2[22m
#19 163.9 space:build: [2mbuild/client/assets/material-symbols-rounded-latin-400-normal-3TtrvaAx.woff[22m
#19 163.9 space:build: [2mbuild/client/assets/ibm-plex-mono-cyrillic-ext-400-normal-xuaO2J-f.woff2[22m
#19 163.9 space:build: [2mbuild/client/assets/ibm-plex-mono-cyrillic-ext-400-normal-DMdlQ8Kv.woff[22m
#19 163.9 space:build: [2mbuild/client/assets/ibm-plex-mono-cyrillic-400-normal-BSMlKf0J.woff2[22m
#19 163.9 space:build: [2mbuild/client/assets/ibm-plex-mono-cyrillic-400-normal-CEL4l2ZJ.woff[22m
#19 163.9 space:build: [2mbuild/client/assets/ibm-plex-mono-vietnamese-400-normal-BulugwFq.woff2[22m
#19 163.9 space:build: [2mbuild/client/assets/ibm-plex-mono-vietnamese-400-normal-DDuiU_S-.woff[22m
#19 163.9 space:build: [2mbuild/client/assets/ibm-plex-mono-latin-ext-400-normal-BmRBH3aV.woff2[22m
#19 163.9 space:build: [2mbuild/client/assets/ibm-plex-mono-latin-ext-400-normal-D3D2R8hC.woff[22m
#19 163.9 space:build: [2mbuild/client/assets/ibm-plex-mono-latin-400-normal-DMJ8VG8y.woff2[22m
#19 163.9 space:build: [2mbuild/client/assets/ibm-plex-mono-latin-400-normal-CvHOgSBP.woff[22m
#19 163.9 space:build: [2mbuild/server/assets/server-build-cFtSsau3.css[22m
#19 163.9 space:build: 
#19 163.9 space:build: computing gzip size...
#19 164.1 space:build: build/server/assets/google-logo-r0ky5Kfn.svg                                      0.74 kB │ gzip:     0.43 kB
#19 164.1 space:build: build/server/assets/gitlab-logo-BL2xQyij.svg                                      1.06 kB │ gzip:     0.47 kB
#19 164.1 space:build: build/server/assets/github-dark-DlyHSwTQ.svg                                      1.45 kB │ gzip:     0.68 kB
#19 164.1 space:build: build/server/assets/gitea-logo-BAYfzmEl.svg                                       2.13 kB │ gzip:     1.04 kB
#19 164.1 space:build: build/server/assets/user-logged-in-BukBPDLP.svg                                   2.32 kB │ gzip:     1.04 kB
#19 164.1 space:build: build/server/assets/something-went-wrong-CL3KAzG8.svg                             2.60 kB │ gzip:     1.23 kB
#19 164.1 space:build: build/server/assets/instance-failure-C1aRKNan.svg                                 4.10 kB │ gzip:     1.27 kB
#19 164.1 space:build: build/server/assets/instance-failure-dark-DE7I22mw.svg                            4.10 kB │ gzip:     1.27 kB
#19 164.1 space:build: build/server/assets/tenfold-logo-square-rebrand-loader-v4-BGe6lAJP.png            5.21 kB
#19 164.1 space:build: build/server/assets/404-DWCFZzXK.svg                                              5.42 kB │ gzip:     1.58 kB
#19 164.1 space:build: build/server/assets/ibm-plex-mono-vietnamese-400-normal-DDuiU_S-.woff             5.62 kB
#19 164.1 space:build: build/server/assets/ibm-plex-mono-cyrillic-ext-400-normal-DMdlQ8Kv.woff           5.82 kB
#19 164.1 space:build: build/server/assets/ibm-plex-mono-vietnamese-400-normal-BulugwFq.woff2            5.86 kB
#19 164.1 space:build: build/server/assets/background-pattern-dark-CmVIYUu1.svg                          6.18 kB │ gzip:     0.90 kB
#19 164.1 space:build: build/server/assets/background-pattern-DUvEFmph.svg                               6.22 kB │ gzip:     0.88 kB
#19 164.1 space:build: build/server/assets/ibm-plex-mono-cyrillic-ext-400-normal-xuaO2J-f.woff2          6.91 kB
#19 164.1 space:build: build/server/assets/ibm-plex-mono-cyrillic-400-normal-CEL4l2ZJ.woff               7.20 kB
#19 164.1 space:build: build/server/assets/ibm-plex-mono-cyrillic-400-normal-BSMlKf0J.woff2              8.35 kB
#19 164.1 space:build: build/server/assets/inter-vietnamese-wght-normal-CBcvBZtf.woff2                  10.25 kB
#19 164.1 space:build: build/server/assets/inter-greek-ext-wght-normal-DlzME5K_.woff2                   11.23 kB
#19 164.1 space:build: build/server/assets/ibm-plex-mono-latin-ext-400-normal-D3D2R8hC.woff             11.76 kB
#19 164.1 space:build: build/server/assets/ibm-plex-mono-latin-400-normal-CvHOgSBP.woff                 13.14 kB
#19 164.1 space:build: build/server/assets/ibm-plex-mono-latin-ext-400-normal-BmRBH3aV.woff2            13.34 kB
#19 164.1 space:build: build/server/assets/github-black-DmZ70PA_.png                                    14.03 kB
#19 164.1 space:build: build/server/assets/ibm-plex-mono-latin-400-normal-DMJ8VG8y.woff2                14.70 kB
#19 164.1 space:build: build/server/assets/inter-cyrillic-wght-normal-DqGufNeO.woff2                    18.74 kB
#19 164.1 space:build: build/server/assets/inter-greek-wght-normal-CkhJZR-_.woff2                       18.99 kB
#19 164.1 space:build: build/server/assets/inter-cyrillic-ext-wght-normal-BOeWTOD4.woff2                25.96 kB
#19 164.1 space:build: build/server/assets/inter-latin-wght-normal-Dx4kXJAl.woff2                       48.25 kB
#19 164.1 space:build: build/server/assets/inter-latin-ext-wght-normal-DO1Apj_S.woff2                   85.06 kB
#19 164.1 space:build: build/server/.vite/manifest.json                                                171.57 kB │ gzip:    13.53 kB
#19 164.1 space:build: build/server/assets/material-symbols-rounded-latin-400-normal-BVRwnNJJ.woff2    348.77 kB
#19 164.1 space:build: build/server/assets/material-symbols-rounded-latin-100-normal-StOoOijZ.woff2    363.56 kB
#19 164.1 space:build: build/server/assets/material-symbols-rounded-latin-300-normal-CGYRw1-j.woff2    388.05 kB
#19 164.1 space:build: build/server/assets/material-symbols-rounded-latin-200-normal-Dy_97ylg.woff2    389.09 kB
#19 164.1 space:build: build/server/assets/material-symbols-rounded-latin-400-normal-3TtrvaAx.woff     454.56 kB
#19 164.1 space:build: build/server/assets/material-symbols-rounded-latin-100-normal-CyR9BGN8.woff     485.69 kB
#19 164.1 space:build: build/server/assets/material-symbols-rounded-latin-300-normal-CexQLkYr.woff     506.70 kB
#19 164.1 space:build: build/server/assets/material-symbols-rounded-latin-200-normal-B9_93z2O.woff     507.90 kB
#19 164.1 space:build: build/server/assets/server-build-cFtSsau3.css                                     7.38 kB │ gzip:     1.56 kB
#19 164.1 space:build: build/server/assets/globals-CpnR1L98.css                                        257.72 kB │ gzip:    37.60 kB
#19 164.1 space:build: build/server/assets/module-zTpJLQrU.js                                            0.27 kB │ gzip:     0.19 kB
#19 164.1 space:build: build/server/assets/module-BIgqrIXB.js                                            0.28 kB │ gzip:     0.21 kB
#19 164.1 space:build: build/server/assets/module-CrvJdRWb.js                                            0.28 kB │ gzip:     0.21 kB
#19 164.1 space:build: build/server/assets/module-D1VxeT_r.js                                            0.28 kB │ gzip:     0.19 kB
#19 164.1 space:build: build/server/assets/module-Dk04omY0.js                                            0.28 kB │ gzip:     0.20 kB
#19 164.1 space:build: build/server/assets/module-sMCpN_Qe.js                                            0.28 kB │ gzip:     0.21 kB
#19 164.1 space:build: build/server/assets/module-qpkdg-1R.js                                            0.28 kB │ gzip:     0.20 kB
#19 164.1 space:build: build/server/assets/module-DNh_m4hv.js                                            0.28 kB │ gzip:     0.20 kB
#19 164.1 space:build: build/server/assets/module-gD3pJkQh.js                                            0.28 kB │ gzip:     0.20 kB
#19 164.1 space:build: build/server/assets/module-p9OTOVFS.js                                            0.29 kB │ gzip:     0.20 kB
#19 164.1 space:build: build/server/assets/module-Bwztg0rt.js                                            0.29 kB │ gzip:     0.21 kB
#19 164.1 space:build: build/server/assets/module-61CJqzrP.js                                            0.29 kB │ gzip:     0.21 kB
#19 164.1 space:build: build/server/assets/module-DXx8ePBA.js                                            0.29 kB │ gzip:     0.21 kB
#19 164.1 space:build: build/server/assets/module-Dly8VRW9.js                                            0.29 kB │ gzip:     0.20 kB
#19 164.1 space:build: build/server/assets/module-CXodhs9J.js                                            0.29 kB │ gzip:     0.22 kB
#19 164.1 space:build: build/server/assets/module-CjxlkJp7.js                                            0.29 kB │ gzip:     0.21 kB
#19 164.1 space:build: build/server/assets/module-DMJ6ay1k.js                                            0.31 kB │ gzip:     0.23 kB
#19 164.1 space:build: build/server/assets/module-Bt-tSRFR.js                                            0.32 kB │ gzip:     0.22 kB
#19 164.1 space:build: build/server/assets/module-BC0uVdH0.js                                            0.33 kB │ gzip:     0.24 kB
#19 164.1 space:build: build/server/assets/module-ChdIJLZJ.js                                            0.33 kB │ gzip:     0.23 kB
#19 164.1 space:build: build/server/assets/navigation-B4gciI6P.js                                        0.84 kB │ gzip:     0.54 kB
#19 164.1 space:build: build/server/assets/navigation-BCG0-izG.js                                        0.85 kB │ gzip:     0.45 kB
#19 164.1 space:build: build/server/assets/navigation-Dsi0mNVO.js                                        0.85 kB │ gzip:     0.54 kB
#19 164.1 space:build: build/server/assets/navigation-azjolGlQ.js                                        0.86 kB │ gzip:     0.44 kB
#19 164.1 space:build: build/server/assets/navigation-PbcDrE1V.js                                        0.87 kB │ gzip:     0.48 kB
#19 164.1 space:build: build/server/assets/navigation-C0RKmGke.js                                        0.88 kB │ gzip:     0.47 kB
#19 164.1 space:build: build/server/assets/navigation-vQiXCtEa.js                                        0.89 kB │ gzip:     0.50 kB
#19 164.1 space:build: build/server/assets/navigation-AFl7CwkE.js                                        0.89 kB │ gzip:     0.51 kB
#19 164.1 space:build: build/server/assets/navigation-5xHrNlzH.js                                        0.89 kB │ gzip:     0.47 kB
#19 164.1 space:build: build/server/assets/navigation-iFLL6iAO.js                                        0.90 kB │ gzip:     0.51 kB
#19 164.1 space:build: build/server/assets/navigation-DSdA4ccI.js                                        0.90 kB │ gzip:     0.52 kB
#19 164.1 space:build: build/server/assets/navigation-D8WgjEqd.js                                        0.90 kB │ gzip:     0.50 kB
#19 164.1 space:build: build/server/assets/navigation-DoIxycBF.js                                        0.90 kB │ gzip:     0.47 kB
#19 164.1 space:build: build/server/assets/navigation-CKRTpHUG.js                                        0.91 kB │ gzip:     0.56 kB
#19 164.1 space:build: build/server/assets/navigation-D3P4r6ey.js                                        0.91 kB │ gzip:     0.49 kB
#19 164.1 space:build: build/server/assets/navigation-DAhAIoOx.js                                        0.97 kB │ gzip:     0.58 kB
#19 164.1 space:build: build/server/assets/navigation-BkGSMAa6.js                                        1.00 kB │ gzip:     0.61 kB
#19 164.1 space:build: build/server/assets/navigation-CTC4VAoy.js                                        1.06 kB │ gzip:     0.60 kB
#19 164.1 space:build: build/server/assets/navigation-f_ZKbRhi.js                                        1.09 kB │ gzip:     0.61 kB
#19 164.1 space:build: build/server/assets/cycle-B2IBAmUr.js                                             1.21 kB │ gzip:     0.48 kB
#19 164.1 space:build: build/server/assets/cycle-BzANpYvS.js                                             1.23 kB │ gzip:     0.40 kB
#19 164.1 space:build: build/server/assets/navigation-4tkNMKWA.js                                        1.25 kB │ gzip:     0.59 kB
#19 164.1 space:build: build/server/assets/cycle-2_Oij7ux.js                                             1.26 kB │ gzip:     0.58 kB
#19 164.1 space:build: build/server/assets/cycle-DC6x2gbI.js                                             1.27 kB │ gzip:     0.52 kB
#19 164.1 space:build: build/server/assets/cycle-CBNCLuOe.js                                             1.28 kB │ gzip:     0.54 kB
#19 164.1 space:build: build/server/assets/cycle-DTTnLkPb.js                                             1.28 kB │ gzip:     0.53 kB
#19 164.1 space:build: build/server/assets/cycle-CupA_8gH.js                                             1.36 kB │ gzip:     0.49 kB
#19 164.1 space:build: build/server/assets/cycle-BuUQh5ZX.js                                             1.37 kB │ gzip:     0.46 kB
#19 164.1 space:build: build/server/assets/accessibility-llE_ywKJ.js                                     1.38 kB │ gzip:     0.52 kB
#19 164.1 space:build: build/server/assets/cycle-7BCTKccf.js                                             1.39 kB │ gzip:     0.57 kB
#19 164.1 space:build: build/server/assets/cycle-CabKBR6G.js                                             1.39 kB │ gzip:     0.50 kB
#19 164.1 space:build: build/server/assets/accessibility-C9dZBFml.js                                     1.40 kB │ gzip:     0.56 kB
#19 164.1 space:build: build/server/assets/cycle-Dmxcbdnk.js                                             1.41 kB │ gzip:     0.44 kB
#19 164.1 space:build: build/server/assets/accessibility-2MtE0Zr0.js                                     1.41 kB │ gzip:     0.67 kB
#19 164.1 space:build: build/server/assets/accessibility-BQKwyIJx.js                                     1.42 kB │ gzip:     0.68 kB
#19 164.1 space:build: build/server/assets/cycle-BJIw9qNT.js                                             1.42 kB │ gzip:     0.45 kB
#19 164.1 space:build: build/server/assets/cycle-CTSG042q.js                                             1.43 kB │ gzip:     0.49 kB
#19 164.1 space:build: build/server/assets/cycle-BpVHj3FH.js                                             1.43 kB │ gzip:     0.54 kB
#19 164.1 space:build: build/server/assets/accessibility-BjNuHqi_.js                                     1.47 kB │ gzip:     0.59 kB
#19 164.1 space:build: build/server/assets/cycle-CYND05yb.js                                             1.50 kB │ gzip:     0.50 kB
#19 164.1 space:build: build/server/assets/accessibility-CnFkB7ds.js                                     1.50 kB │ gzip:     0.60 kB
#19 164.1 space:build: build/server/assets/cycle-zGD3cSGy.js                                             1.51 kB │ gzip:     0.56 kB
#19 164.1 space:build: build/server/assets/accessibility-DJQ49Hk7.js                                     1.51 kB │ gzip:     0.63 kB
#19 164.1 space:build: build/server/assets/accessibility-BKexjY5i.js                                     1.53 kB │ gzip:     0.68 kB
#19 164.1 space:build: build/server/assets/accessibility-BlOgEuY0.js                                     1.53 kB │ gzip:     0.69 kB
#19 164.1 space:build: build/server/assets/accessibility-Cw83ZDSg.js                                     1.54 kB │ gzip:     0.61 kB
#19 164.1 space:build: build/server/assets/accessibility-Bxftf1_W.js                                     1.56 kB │ gzip:     0.62 kB
#19 164.1 space:build: build/server/assets/cycle-BbSHsbZP.js                                             1.56 kB │ gzip:     0.57 kB
#19 164.1 space:build: build/server/assets/accessibility-D0LrsMm9.js                                     1.57 kB │ gzip:     0.66 kB
#19 164.1 space:build: build/server/assets/accessibility-DgY2jY61.js                                     1.58 kB │ gzip:     0.63 kB
#19 164.1 space:build: build/server/assets/accessibility-C5iP0odF.js                                     1.59 kB │ gzip:     0.65 kB
#19 164.1 space:build: build/server/assets/accessibility-C9Yy76Wx.js                                     1.59 kB │ gzip:     0.66 kB
#19 164.1 space:build: build/server/assets/notification-CxfsGjg0.js                                      1.60 kB │ gzip:     0.70 kB
#19 164.1 space:build: build/server/assets/update-Dl1-YZwx.js                                            1.60 kB │ gzip:     0.61 kB
#19 164.1 space:build: build/server/assets/notification-CUUjwQqV.js                                      1.60 kB │ gzip:     0.58 kB
#19 164.1 space:build: build/server/assets/update-CsbffVtU.js                                            1.60 kB │ gzip:     0.61 kB
#19 164.1 space:build: build/server/assets/notification-B_n9pSMn.js                                      1.61 kB │ gzip:     0.68 kB
#19 164.1 space:build: build/server/assets/notification-BS5xU6p5.js                                      1.63 kB │ gzip:     0.72 kB
#19 164.1 space:build: build/server/assets/accessibility-D9BRJkpC.js                                     1.63 kB │ gzip:     0.65 kB
#19 164.1 space:build: build/server/assets/notification-CtZXUYOa.js                                      1.64 kB │ gzip:     0.69 kB
#19 164.1 space:build: build/server/assets/notification-BAcNMAvT.js                                      1.67 kB │ gzip:     0.67 kB
#19 164.1 space:build: build/server/assets/notification-D7ym4KDs.js                                      1.68 kB │ gzip:     0.73 kB
#19 164.1 space:build: build/server/assets/cycle-BZRc5OqZ.js                                             1.72 kB │ gzip:     0.68 kB
#19 164.1 space:build: build/server/assets/notification-2DaTFl-y.js                                      1.73 kB │ gzip:     0.65 kB
#19 164.1 space:build: build/server/assets/notification-DBhMkyPc.js                                      1.77 kB │ gzip:     0.70 kB
#19 164.1 space:build: build/server/assets/stickies-CFprS1BY.js                                          1.77 kB │ gzip:     0.70 kB
#19 164.1 space:build: build/server/assets/update-Ce3vSgQm.js                                            1.78 kB │ gzip:     0.53 kB
#19 164.1 space:build: build/server/assets/notification-BvkoPTI5.js                                      1.78 kB │ gzip:     0.69 kB
#19 164.1 space:build: build/server/assets/update-BKv1rYY2.js                                            1.78 kB │ gzip:     0.53 kB
#19 164.1 space:build: build/server/assets/editor-DPaz5qMj.js                                            1.80 kB │ gzip:     1.01 kB
#19 164.1 space:build: build/server/assets/notification-B4sp_3kn.js                                      1.80 kB │ gzip:     0.69 kB
#19 164.1 space:build: build/server/assets/accessibility-Djkvyjg6.js                                     1.80 kB │ gzip:     0.74 kB
#19 164.1 space:build: build/server/assets/stickies-WTm51ade.js                                          1.81 kB │ gzip:     0.74 kB
#19 164.1 space:build: build/server/assets/editor-B3GInfxA.js                                            1.81 kB │ gzip:     1.01 kB
#19 164.1 space:build: build/server/assets/notification-CKSMdxW5.js                                      1.81 kB │ gzip:     0.64 kB
#19 164.1 space:build: build/server/assets/stickies-CrdE83Qm.js                                          1.81 kB │ gzip:     0.71 kB
#19 164.1 space:build: build/server/assets/update-nurqvLtV.js                                            1.82 kB │ gzip:     0.54 kB
#19 164.1 space:build: build/server/assets/notification-BWZi65U5.js                                      1.84 kB │ gzip:     0.68 kB
#19 164.1 space:build: build/server/assets/editor-BKNAQ0er.js                                            1.84 kB │ gzip:     0.82 kB
#19 164.1 space:build: build/server/assets/editor-Cz7bFciL.js                                            1.84 kB │ gzip:     0.83 kB
#19 164.1 space:build: build/server/assets/stickies-COHR5cE_.js                                          1.84 kB │ gzip:     0.86 kB
#19 164.1 space:build: build/server/assets/stickies-CZv2B9Z3.js                                          1.86 kB │ gzip:     0.70 kB
#19 164.1 space:build: build/server/assets/stickies-DW-T-NYy.js                                          1.86 kB │ gzip:     0.85 kB
#19 164.1 space:build: build/server/assets/notification-Cj-nhchM.js                                      1.87 kB │ gzip:     0.70 kB
#19 164.1 space:build: build/server/assets/notification-DLyXtFmS.js                                      1.89 kB │ gzip:     0.76 kB
#19 164.1 space:build: build/server/assets/update-K3U_6Zj4.js                                            1.89 kB │ gzip:     0.60 kB
#19 164.1 space:build: build/server/assets/cycle-D6QOxI-u.js                                             1.90 kB │ gzip:     0.68 kB
#19 164.1 space:build: build/server/assets/update-DtNjd3-u.js                                            1.91 kB │ gzip:     0.59 kB
#19 164.1 space:build: build/server/assets/update-B47bOaSt.js                                            1.91 kB │ gzip:     0.58 kB
#19 164.1 space:build: build/server/assets/update-ZEAd6hYB.js                                            1.91 kB │ gzip:     0.57 kB
#19 164.1 space:build: build/server/assets/update-B7FXRUdh.js                                            1.92 kB │ gzip:     0.58 kB
#19 164.1 space:build: build/server/assets/notification-Cd0hbPg5.js                                      1.93 kB │ gzip:     0.76 kB
#19 164.1 space:build: build/server/assets/editor-DLGzBePV.js                                            1.94 kB │ gzip:     0.89 kB
#19 164.1 space:build: build/server/assets/update-OoXtsJpE.js                                            1.95 kB │ gzip:     0.61 kB
#19 164.1 space:build: build/server/assets/stickies-Bq2uBgP1.js                                          1.97 kB │ gzip:     0.72 kB
#19 164.1 space:build: build/server/assets/editor-DCrMOPYf.js                                            1.97 kB │ gzip:     0.90 kB
#19 164.1 space:build: build/server/assets/editor-MZ-uWjAw.js                                            1.97 kB │ gzip:     0.92 kB
#19 164.1 space:build: build/server/assets/update-DRJnchO_.js                                            1.97 kB │ gzip:     0.60 kB
#19 164.1 space:build: build/server/assets/editor--H6jGdim.js                                            1.97 kB │ gzip:     0.98 kB
#19 164.1 space:build: build/server/assets/editor-C699j1Y0.js                                            1.98 kB │ gzip:     0.96 kB
#19 164.1 space:build: build/server/assets/editor-tpCrfjec.js                                            1.99 kB │ gzip:     0.98 kB
#19 164.1 space:build: build/server/assets/editor-BsyEezcg.js                                            2.00 kB │ gzip:     0.93 kB
#19 164.1 space:build: build/server/assets/update-BO1qxQnU.js                                            2.01 kB │ gzip:     0.59 kB
#19 164.1 space:build: build/server/assets/update-BnWsOhFs.js                                            2.02 kB │ gzip:     0.62 kB
#19 164.1 space:build: build/server/assets/editor-CJQa36Pq.js                                            2.03 kB │ gzip:     0.99 kB
#19 164.1 space:build: build/server/assets/update-CENSC_2A.js                                            2.03 kB │ gzip:     0.62 kB
#19 164.1 space:build: build/server/assets/accessibility-B7xzPcfm.js                                     2.03 kB │ gzip:     0.76 kB
#19 164.1 space:build: build/server/assets/editor-r063jnoO.js                                            2.04 kB │ gzip:     0.98 kB
#19 164.1 space:build: build/server/assets/stickies-CJf6qaru.js                                          2.04 kB │ gzip:     0.78 kB
#19 164.1 space:build: build/server/assets/notification-J-Zw0Xwy.js                                      2.05 kB │ gzip:     0.76 kB
#19 164.1 space:build: build/server/assets/accessibility-BAmVarKF.js                                     2.06 kB │ gzip:     0.78 kB
#19 164.1 space:build: build/server/assets/editor-BwEMUWGn.js                                            2.06 kB │ gzip:     0.97 kB
#19 164.1 space:build: build/server/assets/editor-DCRdiOxO.js                                            2.08 kB │ gzip:     0.96 kB
#19 164.1 space:build: build/server/assets/cycle-CxYCEsNv.js                                             2.08 kB │ gzip:     0.65 kB
#19 164.1 space:build: build/server/assets/editor-UZw09i_X.js                                            2.08 kB │ gzip:     1.09 kB
#19 164.1 space:build: build/server/assets/stickies-BJpmVjC_.js                                          2.10 kB │ gzip:     0.80 kB
#19 164.1 space:build: build/server/assets/update-CRkmymmx.js                                            2.12 kB │ gzip:     0.67 kB
#19 164.1 space:build: build/server/assets/update-BsN6Dws_.js                                            2.13 kB │ gzip:     0.66 kB
#19 164.1 space:build: build/server/assets/update-CInWVAwL.js                                            2.14 kB │ gzip:     0.66 kB
#19 164.1 space:build: build/server/assets/editor-qDYYQwPV.js                                            2.15 kB │ gzip:     1.07 kB
#19 164.1 space:build: build/server/assets/stickies-B4ay-L07.js                                          2.16 kB │ gzip:     0.83 kB
#19 164.1 space:build: build/server/assets/stickies-k1rNsMNs.js                                          2.17 kB │ gzip:     0.79 kB
#19 164.1 space:build: build/server/assets/notification-B2IiN70u.js                                      2.18 kB │ gzip:     0.83 kB
#19 164.1 space:build: build/server/assets/stickies-DmNuK_Cs.js                                          2.22 kB │ gzip:     0.79 kB
#19 164.1 space:build: build/server/assets/stickies-DxpjHn_I.js                                          2.22 kB │ gzip:     0.75 kB
#19 164.1 space:build: build/server/assets/inbox-CE_7GPju.js                                             2.24 kB │ gzip:     0.78 kB
#19 164.1 space:build: build/server/assets/stickies-DC_gA8kp.js                                          2.27 kB │ gzip:     0.82 kB
#19 164.1 space:build: build/server/assets/inbox-CUxy3rXE.js                                             2.27 kB │ gzip:     0.95 kB
#19 164.1 space:build: build/server/assets/stickies-rT2WF-u9.js                                          2.28 kB │ gzip:     0.89 kB
#19 164.1 space:build: build/server/assets/editor-BvROherI.js                                            2.32 kB │ gzip:     1.14 kB
#19 164.1 space:build: build/server/assets/inbox-D6o9XrBW.js                                             2.33 kB │ gzip:     0.96 kB
#19 164.1 space:build: build/server/assets/stickies-DOu0qYV1.js                                          2.33 kB │ gzip:     0.92 kB
#19 164.1 space:build: build/server/assets/stickies-CcO2ZgZj.js                                          2.35 kB │ gzip:     0.83 kB
#19 164.1 space:build: build/server/assets/update-D56Gx_eO.js                                            2.36 kB │ gzip:     0.69 kB
#19 164.1 space:build: build/server/assets/stickies-BlYD4T5D.js                                          2.37 kB │ gzip:     0.91 kB
#19 164.1 space:build: build/server/assets/inbox-Bdm6oFGD.js                                             2.37 kB │ gzip:     0.83 kB
#19 164.1 space:build: build/server/assets/notification-Dw_t25np.js                                      2.43 kB │ gzip:     0.87 kB
#19 164.1 space:build: build/server/assets/inbox-DFoMmxlO.js                                             2.45 kB │ gzip:     0.90 kB
#19 164.1 space:build: build/server/assets/home-B573ddEy.js                                              2.48 kB │ gzip:     1.29 kB
#19 164.1 space:build: build/server/assets/home-DSsN2_pK.js                                              2.48 kB │ gzip:     1.06 kB
#19 164.1 space:build: build/server/assets/inbox-YlPlCsWr.js                                             2.50 kB │ gzip:     0.93 kB
#19 164.1 space:build: build/server/assets/inbox-C6_X9RTS.js                                             2.51 kB │ gzip:     0.96 kB
#19 164.1 space:build: build/server/assets/inbox-DzFZlNEG.js                                             2.52 kB │ gzip:     0.89 kB
#19 164.1 space:build: build/server/assets/home-8IMws1Zi.js                                              2.53 kB │ gzip:     1.31 kB
#19 164.1 space:build: build/server/assets/inbox-BALMwboi.js                                             2.56 kB │ gzip:     0.88 kB
#19 164.1 space:build: build/server/assets/inbox-MXp8SPQm.js                                             2.56 kB │ gzip:     0.94 kB
#19 164.1 space:build: build/server/assets/inbox-DXE_5lB4.js                                             2.56 kB │ gzip:     0.94 kB
#19 164.1 space:build: build/server/assets/inbox-CXV2dTn2.js                                             2.59 kB │ gzip:     0.99 kB
#19 164.1 space:build: build/server/assets/home-ibh9YG2J.js                                              2.60 kB │ gzip:     1.09 kB
#19 164.1 space:build: build/server/assets/editor-Vz9wEJqr.js                                            2.64 kB │ gzip:     1.19 kB
#19 164.1 space:build: build/server/assets/editor-dPf5IWN4.js                                            2.66 kB │ gzip:     1.21 kB
#19 164.1 space:build: build/server/assets/inbox-xkSCuZcT.js                                             2.66 kB │ gzip:     0.87 kB
#19 164.1 space:build: build/server/assets/inbox-Cqi3mAkw.js                                             2.66 kB │ gzip:     0.90 kB
#19 164.1 space:build: build/server/assets/home-DT2YcPj2.js                                              2.67 kB │ gzip:     1.14 kB
#19 164.1 space:build: build/server/assets/home-CRuHDoIe.js                                              2.68 kB │ gzip:     1.26 kB
#19 164.1 space:build: build/server/assets/stickies-D2cCrg-9.js                                          2.70 kB │ gzip:     0.97 kB
#19 164.1 space:build: build/server/assets/home-fO-b0Yar.js                                              2.70 kB │ gzip:     1.26 kB
#19 164.1 space:build: build/server/assets/home-fXCn-LQg.js                                              2.70 kB │ gzip:     1.27 kB
#19 164.1 space:build: build/server/assets/home-_G7cHZiE.js                                              2.71 kB │ gzip:     1.17 kB
#19 164.1 space:build: build/server/assets/home-15-k4d53.js                                              2.71 kB │ gzip:     1.16 kB
#19 164.1 space:build: build/server/assets/home-DEzvCjKT.js                                              2.73 kB │ gzip:     1.27 kB
#19 164.1 space:build: build/server/assets/inbox-BUY1-n3Y.js                                             2.73 kB │ gzip:     0.94 kB
#19 164.1 space:build: build/server/assets/accessibility-D4QWKrtA.js                                     2.74 kB │ gzip:     0.78 kB
#19 164.1 space:build: build/server/assets/inbox-DyZsahcm.js                                             2.75 kB │ gzip:     1.01 kB
#19 164.1 space:build: build/server/assets/update-CFluHFfA.js                                            2.75 kB │ gzip:     0.77 kB
#19 164.1 space:build: build/server/assets/home-B7EvIa8v.js                                              2.75 kB │ gzip:     1.24 kB
#19 164.1 space:build: build/server/assets/home-CwEZBeq6.js                                              2.80 kB │ gzip:     1.22 kB
#19 164.1 space:build: build/server/assets/inbox-OFeeG7X-.js                                             2.89 kB │ gzip:     1.02 kB
#19 164.1 space:build: build/server/assets/home-C-9s_J8X.js                                              2.92 kB │ gzip:     1.25 kB
#19 164.1 space:build: build/server/assets/home-CDr_U9en.js                                              2.94 kB │ gzip:     1.29 kB
#19 164.1 space:build: build/server/assets/workflow-kUQVpFEI.js                                          3.13 kB │ gzip:     1.15 kB
#19 164.1 space:build: build/server/assets/page-DRW0_ccG.js                                              3.14 kB │ gzip:     1.27 kB
#19 164.1 space:build: build/server/assets/page-eLyZI6uK.js                                              3.16 kB │ gzip:     1.27 kB
#19 164.1 space:build: build/server/assets/notification-CmeVTqsP.js                                      3.18 kB │ gzip:     0.81 kB
#19 164.1 space:build: build/server/assets/home-Da9Oij1g.js                                              3.18 kB │ gzip:     1.38 kB
#19 164.1 space:build: build/server/assets/workflow-s3GKxAKN.js                                          3.28 kB │ gzip:     1.19 kB
#19 164.1 space:build: build/server/assets/home-DtFK-sjV.js                                              3.28 kB │ gzip:     1.45 kB
#19 164.1 space:build: build/server/assets/workflow-COV97CyY.js                                          3.28 kB │ gzip:     1.01 kB
#19 164.1 space:build: build/server/assets/workflow-i5K3JNZ4.js                                          3.29 kB │ gzip:     1.02 kB
#19 164.1 space:build: build/server/assets/page-CRZyluNp.js                                              3.30 kB │ gzip:     1.09 kB
#19 164.1 space:build: build/server/assets/page-CEQrwBEJ.js                                              3.33 kB │ gzip:     1.05 kB
#19 164.1 space:build: build/server/assets/inbox-CK48FtLS.js                                             3.38 kB │ gzip:     1.12 kB
#19 164.1 space:build: build/server/assets/page-DsMBZ6su.js                                              3.41 kB │ gzip:     1.16 kB
#19 164.1 space:build: build/server/assets/stickies-BHQ9uUw1.js                                          3.41 kB │ gzip:     0.97 kB
#19 164.1 space:build: build/server/assets/inbox-ogzBWf3I.js                                             3.49 kB │ gzip:     1.13 kB
#19 164.1 space:build: build/server/assets/page-FpkPVwNO.js                                              3.49 kB │ gzip:     1.19 kB
#19 164.1 space:build: build/server/assets/page-D_2yW7ad.js                                              3.49 kB │ gzip:     1.21 kB
#19 164.1 space:build: build/server/assets/page-BmAJXbD3.js                                              3.50 kB │ gzip:     1.23 kB
#19 164.1 space:build: build/server/assets/page-CG4FCibT.js                                              3.51 kB │ gzip:     1.24 kB
#19 164.1 space:build: build/server/assets/page-C0ciMenP.js                                              3.52 kB │ gzip:     1.19 kB
#19 164.1 space:build: build/server/assets/page-LDI2Mxx4.js                                              3.56 kB │ gzip:     1.20 kB
#19 164.1 space:build: build/server/assets/page-Cd0Wj-N3.js                                              3.57 kB │ gzip:     1.21 kB
#19 164.1 space:build: build/server/assets/workflow-s0-WeXbL.js                                          3.57 kB │ gzip:     1.07 kB
#19 164.1 space:build: build/server/assets/workflow-DKhBKiJA.js                                          3.60 kB │ gzip:     1.24 kB
#19 164.1 space:build: build/server/assets/page-BCP6ZJTS.js                                              3.61 kB │ gzip:     1.21 kB
#19 164.1 space:build: build/server/assets/page-BYxWhLoj.js                                              3.62 kB │ gzip:     1.21 kB
#19 164.1 space:build: build/server/assets/home-CAZJFgAs.js                                              3.62 kB │ gzip:     1.48 kB
#19 164.1 space:build: build/server/assets/workflow-HrL21ahp.js                                          3.64 kB │ gzip:     1.25 kB
#19 164.1 space:build: build/server/assets/workflow-BilhYWUn.js                                          3.66 kB │ gzip:     1.25 kB
#19 164.1 space:build: build/server/assets/workflow-D3towaRc.js                                          3.70 kB │ gzip:     1.12 kB
#19 164.1 space:build: build/server/assets/page-C9fIQDI1.js                                              3.72 kB │ gzip:     1.29 kB
#19 164.1 space:build: build/server/assets/page-ldz3aj9X.js                                              3.77 kB │ gzip:     1.32 kB
#19 164.1 space:build: build/server/assets/home-C5zDjODA.js                                              3.79 kB │ gzip:     1.54 kB
#19 164.1 space:build: build/server/assets/workflow-CnBlbikB.js                                          3.80 kB │ gzip:     1.20 kB
#19 164.1 space:build: build/server/assets/workflow-dLeYgqv7.js                                          3.81 kB │ gzip:     1.16 kB
#19 164.1 space:build: build/server/assets/workflow-DhhakcJ0.js                                          3.83 kB │ gzip:     1.16 kB
#19 164.1 space:build: build/server/assets/workflow-DT6zTE-V.js                                          3.85 kB │ gzip:     1.21 kB
#19 164.1 space:build: build/server/assets/workflow-H-VbzkBp.js                                          3.87 kB │ gzip:     1.22 kB
#19 164.1 space:build: build/server/assets/workflow-BQL7lc-y.js                                          3.95 kB │ gzip:     1.23 kB
#19 164.1 space:build: build/server/assets/page-CrCg4RfS.js                                              3.95 kB │ gzip:     1.26 kB
#19 164.1 space:build: build/server/assets/workflow-DdcZkYUQ.js                                          4.03 kB │ gzip:     1.24 kB
#19 164.1 space:build: build/server/assets/page-CWAejK1r.js                                              4.03 kB │ gzip:     1.36 kB
#19 164.1 space:build: build/server/assets/wiki-BKYzJsW2.js                                              4.08 kB │ gzip:     1.77 kB
#19 164.1 space:build: build/server/assets/wiki-CYyBhvtE.js                                              4.08 kB │ gzip:     1.78 kB
#19 164.1 space:build: build/server/assets/workflow-CW8pcvVn.js                                          4.16 kB │ gzip:     1.27 kB
#19 164.1 space:build: build/server/assets/settings-uHw511JF.js                                          4.22 kB │ gzip:     1.82 kB
#19 164.1 space:build: build/server/assets/workflow-BLskinch.js                                          4.27 kB │ gzip:     1.23 kB
#19 164.1 space:build: build/server/assets/settings-w7-cMHmy.js                                          4.29 kB │ gzip:     1.51 kB
#19 164.1 space:build: build/server/assets/settings-DF2L6bq4.js                                          4.34 kB │ gzip:     1.81 kB
#19 164.1 space:build: build/server/assets/settings-Cpi-9UMe.js                                          4.35 kB │ gzip:     1.72 kB
#19 164.1 space:build: build/server/assets/wiki-Cnf5v5G9.js                                              4.35 kB │ gzip:     1.49 kB
#19 164.1 space:build: build/server/assets/settings-BTrSo3rc.js                                          4.36 kB │ gzip:     1.71 kB
#19 164.1 space:build: build/server/assets/wiki-DIbPqawI.js                                              4.36 kB │ gzip:     1.50 kB
#19 164.1 space:build: build/server/assets/home-CQL9fnop.js                                              4.38 kB │ gzip:     1.42 kB
#19 164.1 space:build: build/server/assets/settings-bWfslvdh.js                                          4.38 kB │ gzip:     1.72 kB
#19 164.1 space:build: build/server/assets/page-Ct6NVOs_.js                                              4.45 kB │ gzip:     1.42 kB
#19 164.1 space:build: build/server/assets/settings-DWSm102M.js                                          4.45 kB │ gzip:     1.62 kB
#19 164.1 space:build: build/server/assets/inbox-BYPDP780.js                                             4.47 kB │ gzip:     1.06 kB
#19 164.1 space:build: build/server/assets/wiki-MJIyW2SN.js                                              4.47 kB │ gzip:     1.57 kB
#19 164.1 space:build: build/server/assets/settings-dP-W9tue.js                                          4.54 kB │ gzip:     1.65 kB
#19 164.1 space:build: build/server/assets/wiki-CGXsftTi.js                                              4.56 kB │ gzip:     1.71 kB
#19 164.1 space:build: build/server/assets/page-DT-1h3ZY.js                                              4.57 kB │ gzip:     1.47 kB
#19 164.1 space:build: build/server/assets/wiki-Bqsd1Pk_.js                                              4.60 kB │ gzip:     1.72 kB
#19 164.1 space:build: build/server/assets/wiki-Dfg8G3bU.js                                              4.61 kB │ gzip:     1.66 kB
#19 164.1 space:build: build/server/assets/settings-Cz5pNT1o.js                                          4.64 kB │ gzip:     1.77 kB
#19 164.1 space:build: build/server/assets/settings-DsB2wTBf.js                                          4.66 kB │ gzip:     1.69 kB
#19 164.1 space:build: build/server/assets/wiki-B3kLM7L2.js                                              4.71 kB │ gzip:     1.77 kB
#19 164.1 space:build: build/server/assets/settings-TE_I9_5C.js                                          4.72 kB │ gzip:     1.73 kB
#19 164.1 space:build: build/server/assets/settings-BVD4vMzw.js                                          4.74 kB │ gzip:     1.76 kB
#19 164.1 space:build: build/server/assets/settings-Djq6vrgp.js                                          4.75 kB │ gzip:     1.86 kB
#19 164.1 space:build: build/server/assets/wiki-2puM1AKI.js                                              4.76 kB │ gzip:     1.69 kB
#19 164.1 space:build: build/server/assets/wiki-C245U_cz.js                                              4.79 kB │ gzip:     1.67 kB
#19 164.1 space:build: build/server/assets/wiki-CT864Xgr.js                                              4.79 kB │ gzip:     1.77 kB
#19 164.1 space:build: build/server/assets/wiki-BGgTHcXp.js                                              4.85 kB │ gzip:     1.76 kB
#19 164.1 space:build: build/server/assets/wiki-CBgR07wj.js                                              4.92 kB │ gzip:     1.79 kB
#19 164.1 space:build: build/server/assets/settings-DIpvnMcm.js                                          4.92 kB │ gzip:     1.73 kB
#19 164.1 space:build: build/server/assets/settings-vusxPeEa.js                                          4.96 kB │ gzip:     1.77 kB
#19 164.1 space:build: build/server/assets/workflow-CD_FOnzA.js                                          4.99 kB │ gzip:     1.43 kB
#19 164.1 space:build: build/server/assets/wiki-D3WbVeKn.js                                              5.00 kB │ gzip:     1.83 kB
#19 164.1 space:build: build/server/assets/wiki-qBO6bGHO.js                                              5.03 kB │ gzip:     1.76 kB
#19 164.1 space:build: build/server/assets/settings-mUhxAdIL.js                                          5.12 kB │ gzip:     1.89 kB
#19 164.1 space:build: build/server/assets/wiki-CESQsIJ5.js                                              5.14 kB │ gzip:     1.85 kB
#19 164.1 space:build: build/server/assets/settings-D-NJG3J4.js                                          5.36 kB │ gzip:     1.98 kB
#19 164.1 space:build: build/server/assets/wiki-Wdk-K8jt.js                                              5.62 kB │ gzip:     1.88 kB
#19 164.1 space:build: build/server/assets/workflow-D-Ty5CGd.js                                          5.73 kB │ gzip:     1.49 kB
#19 164.1 space:build: build/server/assets/settings-CA0R2pww.js                                          5.91 kB │ gzip:     2.03 kB
#19 164.1 space:build: build/server/assets/settings-wNDuD6C9.js                                          6.22 kB │ gzip:     2.08 kB
#19 164.1 space:build: build/server/assets/wiki-by6ePYg2.js                                              6.50 kB │ gzip:     2.04 kB
#19 164.1 space:build: build/server/assets/wiki-BOrzrrpR.js                                              6.67 kB │ gzip:     2.08 kB
#19 164.1 space:build: build/server/assets/tour-BdkvDjDC.js                                              6.95 kB │ gzip:     2.78 kB
#19 164.1 space:build: build/server/assets/tour-BNFUOBnA.js                                              6.97 kB │ gzip:     2.77 kB
#19 164.1 space:build: build/server/assets/power-k-F7swHhcp.js                                           7.01 kB │ gzip:     2.10 kB
#19 164.1 space:build: build/server/assets/power-k-CJSIMYSD.js                                           7.11 kB │ gzip:     2.11 kB
#19 164.1 space:build: build/server/assets/tour-B0bRx_72.js                                              7.19 kB │ gzip:     2.49 kB
#19 164.1 space:build: build/server/assets/tour-BA9o8f5_.js                                              7.19 kB │ gzip:     2.49 kB
#19 164.1 space:build: build/server/assets/automation-DPwFkt2B.js                                        7.23 kB │ gzip:     2.51 kB
#19 164.1 space:build: build/server/assets/automation-DkKSvqJT.js                                        7.24 kB │ gzip:     2.51 kB
#19 164.1 space:build: build/server/assets/power-k-Of8j1-S0.js                                           7.25 kB │ gzip:     1.75 kB
#19 164.1 space:build: build/server/assets/power-k-DSa0DlNs.js                                           7.25 kB │ gzip:     1.75 kB
#19 164.1 space:build: build/server/assets/power-k-CE_Q3bQM.js                                           7.28 kB │ gzip:     1.90 kB
#19 164.1 space:build: build/server/assets/automation-DuaSSwdz.js                                        7.40 kB │ gzip:     2.22 kB
#19 164.1 space:build: build/server/assets/automation-Cz_fU_6x.js                                        7.40 kB │ gzip:     2.22 kB
#19 164.1 space:build: build/server/assets/settings-DZwQesxN.js                                          7.56 kB │ gzip:     1.96 kB
#19 164.1 space:build: build/server/assets/automation-zbzXm5VT.js                                        7.64 kB │ gzip:     2.35 kB
#19 164.1 space:build: build/server/assets/power-k-D1VpoJAT.js                                           7.68 kB │ gzip:     2.08 kB
#19 164.1 space:build: build/server/assets/power-k-Cgi6D2bX.js                                           7.88 kB │ gzip:     2.01 kB
#19 164.1 space:build: build/server/assets/automation-DJiDZx3q.js                                        7.91 kB │ gzip:     2.53 kB
#19 164.1 space:build: build/server/assets/automation-QgZxigs2.js                                        7.94 kB │ gzip:     2.46 kB
#19 164.1 space:build: build/server/assets/automation-BsZRcNMM.js                                        7.94 kB │ gzip:     2.62 kB
#19 164.1 space:build: build/server/assets/automation-CSQQpAQN.js                                        7.96 kB │ gzip:     2.43 kB
#19 164.1 space:build: build/server/assets/tour-BEbgzs3H.js                                              7.98 kB │ gzip:     2.56 kB
#19 164.1 space:build: build/server/assets/power-k-0851raBT.js                                           8.00 kB │ gzip:     2.13 kB
#19 164.1 space:build: build/server/assets/automation-DsACaqJx.js                                        8.05 kB │ gzip:     2.63 kB
#19 164.1 space:build: build/server/assets/automation-BEqDNq_O.js                                        8.09 kB │ gzip:     2.59 kB
#19 164.1 space:build: build/server/assets/automation-CxRMpfSs.js                                        8.11 kB │ gzip:     2.58 kB
#19 164.1 space:build: build/server/assets/power-k-q6Fg78Vo.js                                           8.11 kB │ gzip:     1.99 kB
#19 164.1 space:build: build/server/assets/tour-DuC_IiIx.js                                              8.11 kB │ gzip:     2.99 kB
#19 164.1 space:build: build/server/assets/power-k-NemcRTRr.js                                           8.15 kB │ gzip:     2.08 kB
#19 164.1 space:build: build/server/assets/tour-DaoHy0qY.js                                              8.15 kB │ gzip:     2.91 kB
#19 164.1 space:build: build/server/assets/tour-CaI3dNzK.js                                              8.16 kB │ gzip:     2.77 kB
#19 164.1 space:build: build/server/assets/tour-BypcSQ4G.js                                              8.17 kB │ gzip:     2.89 kB
#19 164.1 space:build: build/server/assets/power-k-Bg6jsxo_.js                                           8.18 kB │ gzip:     2.03 kB
#19 164.1 space:build: build/server/assets/power-k-BN6S5doQ.js                                           8.18 kB │ gzip:     2.15 kB
#19 164.1 space:build: build/server/assets/automation-By0Phwo1.js                                        8.19 kB │ gzip:     2.54 kB
#19 164.1 space:build: build/server/assets/power-k-CqrepJAd.js                                           8.20 kB │ gzip:     2.20 kB
#19 164.1 space:build: build/server/assets/automation-xmFRa47W.js                                        8.22 kB │ gzip:     2.47 kB
#19 164.1 space:build: build/server/assets/tour-BhvRMDdq.js                                              8.23 kB │ gzip:     2.75 kB
#19 164.1 space:build: build/server/assets/power-k-BIj4ZQmi.js                                           8.24 kB │ gzip:     2.17 kB
#19 164.1 space:build: build/server/assets/power-k-DQm0rWpa.js                                           8.31 kB │ gzip:     2.05 kB
#19 164.1 space:build: build/server/assets/tour-CPsoj93y.js                                              8.32 kB │ gzip:     2.79 kB
#19 164.1 space:build: build/server/assets/automation-DC50E5av.js                                        8.38 kB │ gzip:     2.55 kB
#19 164.1 space:build: build/server/assets/tour-BTNxNJp4.js                                              8.39 kB │ gzip:     2.88 kB
#19 164.1 space:build: build/server/assets/automation-COeyJ-OO.js                                        8.50 kB │ gzip:     2.57 kB
#19 164.1 space:build: build/server/assets/tour-Cc8SkKFQ.js                                              8.58 kB │ gzip:     2.85 kB
#19 164.1 space:build: build/server/assets/automation-BcX3iqjj.js                                        8.60 kB │ gzip:     2.71 kB
#19 164.1 space:build: build/server/assets/tour-DNfc1pk6.js                                              8.61 kB │ gzip:     2.89 kB
#19 164.1 space:build: build/server/assets/power-k-DOcVRI8m.js                                           8.63 kB │ gzip:     2.19 kB
#19 164.1 space:build: build/server/assets/power-k-CkJSJ-rJ.js                                           8.64 kB │ gzip:     2.10 kB
#19 164.1 space:build: build/server/assets/tour-BYkLoqIs.js                                              8.73 kB │ gzip:     2.96 kB
#19 164.1 space:build: build/server/assets/tour-CedB26ui.js                                              8.75 kB │ gzip:     2.91 kB
#19 164.1 space:build: build/server/assets/automation-BVLUC3GP.js                                        8.75 kB │ gzip:     2.65 kB
#19 164.1 space:build: build/server/assets/power-k-Bx59CWAP.js                                           8.99 kB │ gzip:     2.31 kB
#19 164.1 space:build: build/server/assets/tour-DOtKDDZl.js                                              9.35 kB │ gzip:     2.96 kB
#19 164.1 space:build: build/server/assets/tour-BnF0nNcs.js                                              9.39 kB │ gzip:     3.08 kB
#19 164.1 space:build: build/server/assets/template-DQSEoLot.js                                          9.67 kB │ gzip:     2.92 kB
#19 164.1 space:build: build/server/assets/template-oLDpebDk.js                                          9.67 kB │ gzip:     2.90 kB
#19 164.1 space:build: build/server/assets/template-Dk3FzMFp.js                                         10.31 kB │ gzip:     2.62 kB
#19 164.1 space:build: build/server/assets/template-BEOOLyvN.js                                         10.31 kB │ gzip:     2.62 kB
#19 164.1 space:build: build/server/assets/automation-CaUfPV5f.js                                       10.39 kB │ gzip:     2.91 kB
#19 164.1 space:build: build/server/assets/automation-CTEVBx8n.js                                       10.58 kB │ gzip:     2.94 kB
#19 164.1 space:build: build/server/assets/template-BXavbfeO.js                                         10.70 kB │ gzip:     2.64 kB
#19 164.1 space:build: build/server/assets/power-k-DISQf45X.js                                          10.83 kB │ gzip:     2.51 kB
#19 164.1 space:build: build/server/assets/empty-state-CUgyC-oN.js                                      10.84 kB │ gzip:     3.75 kB
#19 164.1 space:build: build/server/assets/empty-state-7u4HiEaf.js                                      10.84 kB │ gzip:     3.72 kB
#19 164.1 space:build: build/server/assets/template-DH4rp0tg.js                                         10.95 kB │ gzip:     3.01 kB
#19 164.1 space:build: build/server/assets/template-CCD-X5iQ.js                                         10.98 kB │ gzip:     2.96 kB
#19 164.1 space:build: build/server/assets/template-jlmFbtDj.js                                         11.03 kB │ gzip:     2.99 kB
#19 164.1 space:build: build/server/assets/template-DGP9osb0.js                                         11.04 kB │ gzip:     3.11 kB
#19 164.1 space:build: build/server/assets/power-k-BWeNbfm5.js                                          11.08 kB │ gzip:     2.54 kB
#19 164.1 space:build: build/server/assets/template-B2CIVIVs.js                                         11.18 kB │ gzip:     3.09 kB
#19 164.1 space:build: build/server/assets/template-BkjNeZ2I.js                                         11.22 kB │ gzip:     3.07 kB
#19 164.1 space:build: build/server/assets/template-0qy05iS9.js                                         11.33 kB │ gzip:     2.86 kB
#19 164.1 space:build: build/server/assets/empty-state-D2JFSscD.js                                      11.38 kB │ gzip:     3.38 kB
#19 164.1 space:build: build/server/assets/work-item-CS54asFZ.js                                        11.43 kB │ gzip:     3.62 kB
#19 164.1 space:build: build/server/assets/auth-CUVyb9m5.js                                             11.55 kB │ gzip:     3.25 kB
#19 164.1 space:build: build/server/assets/template-DS-VzZdL.js                                         11.58 kB │ gzip:     3.04 kB
#19 164.1 space:build: build/server/assets/template-DC9fj4kB.js                                         11.63 kB │ gzip:     3.00 kB
#19 164.1 space:build: build/server/assets/template-DhhTc5n-.js                                         11.66 kB │ gzip:     2.98 kB
#19 164.1 space:build: build/server/assets/template-Ce2va_sG.js                                         11.72 kB │ gzip:     3.03 kB
#19 164.1 space:build: build/server/assets/auth-BEDNXygv.js                                             11.76 kB │ gzip:     3.27 kB
#19 164.1 space:build: build/server/assets/template-CLSIpKC_.js                                         11.80 kB │ gzip:     3.05 kB
#19 164.1 space:build: build/server/assets/auth-CrhigKol.js                                             11.86 kB │ gzip:     2.90 kB
#19 164.1 space:build: build/server/assets/work-item-D6D6gP1O.js                                        11.87 kB │ gzip:     3.72 kB
#19 164.1 space:build: build/server/assets/work-item-C8mDq7UK.js                                        12.06 kB │ gzip:     3.28 kB
#19 164.1 space:build: build/server/assets/tour-BbOZ5C4V.js                                             12.09 kB │ gzip:     3.46 kB
#19 164.1 space:build: build/server/assets/tour-DcxSty13.js                                             12.24 kB │ gzip:     3.55 kB
#19 164.1 space:build: build/server/assets/project-C-OTgqCr.js                                          12.24 kB │ gzip:     3.82 kB
#19 164.1 space:build: build/server/assets/project-C1G63YwZ.js                                          12.25 kB │ gzip:     3.86 kB
#19 164.1 space:build: build/server/assets/project-x31sIfMR.js                                          12.33 kB │ gzip:     3.86 kB
#19 164.1 space:build: build/server/assets/template-NzLsnr5I.js                                         12.36 kB │ gzip:     3.10 kB
#19 164.1 space:build: build/server/assets/auth-D4pOUoWs.js                                             12.40 kB │ gzip:     3.02 kB
#19 164.1 space:build: build/server/assets/empty-state-DZrHuvcz.js                                      12.47 kB │ gzip:     3.46 kB
#19 164.1 space:build: build/server/assets/auth-dh-20Hiz.js                                             12.63 kB │ gzip:     3.14 kB
#19 164.1 space:build: build/server/assets/work-item-CbiTLtNN.js                                        12.72 kB │ gzip:     3.39 kB
#19 164.1 space:build: build/server/assets/workspace-B1RIfjrl.js                                        12.82 kB │ gzip:     4.64 kB
#19 164.1 space:build: build/server/assets/auth-D50OYBQD.js                                             12.84 kB │ gzip:     3.42 kB
#19 164.1 space:build: build/server/assets/project-DvxNU3Oz.js                                          12.86 kB │ gzip:     3.77 kB
#19 164.1 space:build: build/server/assets/auth-DkL8p_TF.js                                             12.92 kB │ gzip:     3.20 kB
#19 164.1 space:build: build/server/assets/workspace-Ctr1RLGf.js                                        12.97 kB │ gzip:     4.69 kB
#19 164.1 space:build: build/server/assets/auth-CM7lyPu7.js                                             12.97 kB │ gzip:     3.43 kB
#19 164.1 space:build: build/server/assets/empty-state-DJ2XnElk.js                                      13.06 kB │ gzip:     3.68 kB
#19 164.1 space:build: build/server/assets/auth-BBPAZzpR.js                                             13.11 kB │ gzip:     3.45 kB
#19 164.1 space:build: build/server/assets/empty-state-CT2vAsHI.js                                      13.12 kB │ gzip:     3.84 kB
#19 164.1 space:build: build/server/assets/work-item-DJXbhqYj.js                                        13.16 kB │ gzip:     3.66 kB
#19 164.1 space:build: build/server/assets/workspace-Dltyd-Es.js                                        13.20 kB │ gzip:     4.13 kB
#19 164.1 space:build: build/server/assets/empty-state-CVKCFdYT.js                                      13.23 kB │ gzip:     4.07 kB
#19 164.1 space:build: build/server/assets/empty-state-m-Tqxv1a.js                                      13.30 kB │ gzip:     3.81 kB
#19 164.1 space:build: build/server/assets/auth-AC8nrMOB.js                                             13.32 kB │ gzip:     3.36 kB
#19 164.1 space:build: build/server/assets/empty-state-CcOK39gX.js                                      13.38 kB │ gzip:     3.79 kB
#19 164.1 space:build: build/server/assets/project-BiITtfpE.js                                          13.47 kB │ gzip:     4.49 kB
#19 164.1 space:build: build/server/assets/auth-CH05A7wB.js                                             13.48 kB │ gzip:     3.38 kB
#19 164.1 space:build: build/server/assets/work-item-BSoL1PNF.js                                        13.51 kB │ gzip:     3.84 kB
#19 164.1 space:build: build/server/assets/empty-state-BKY8gWMU.js                                      13.52 kB │ gzip:     4.04 kB
#19 164.1 space:build: build/server/assets/auth-V7JEupCU.js                                             13.53 kB │ gzip:     3.29 kB
#19 164.1 space:build: build/server/assets/auth-Bh5uCWzt.js                                             13.53 kB │ gzip:     3.22 kB
#19 164.1 space:build: build/server/assets/empty-state-Ccr6A-JF.js                                      13.58 kB │ gzip:     4.10 kB
#19 164.1 space:build: build/server/assets/auth-SLScaSKb.js                                             13.70 kB │ gzip:     3.44 kB
#19 164.1 space:build: build/server/assets/work-item-DS4zsaK_.js                                        13.71 kB │ gzip:     3.74 kB
#19 164.1 space:build: build/server/assets/work-item-type-DGSCeIkH.js                                   13.74 kB │ gzip:     4.14 kB
#19 164.1 space:build: build/server/assets/project-Zpf0ONiy.js                                          13.74 kB │ gzip:     4.66 kB
#19 164.1 space:build: build/server/assets/empty-state-CIa0pFsW.js                                      13.77 kB │ gzip:     3.88 kB
#19 164.1 space:build: build/server/assets/empty-state-5bP5580Q.js                                      13.83 kB │ gzip:     4.03 kB
#19 164.1 space:build: build/server/assets/work-item-CekM8dPR.js                                        13.84 kB │ gzip:     3.90 kB
#19 164.1 space:build: build/server/assets/project-DbySMbyT.js                                          13.85 kB │ gzip:     4.05 kB
#19 164.1 space:build: build/server/assets/work-item-CliWzbMd.js                                        13.89 kB │ gzip:     3.66 kB
#19 164.1 space:build: build/server/assets/auth-DJZLbexo.js                                             13.89 kB │ gzip:     3.37 kB
#19 164.1 space:build: build/server/assets/workspace-DkCZaNrz.js                                        13.93 kB │ gzip:     4.61 kB
#19 164.1 space:build: build/server/assets/empty-state-CFfxuVYN.js                                      13.93 kB │ gzip:     3.89 kB
#19 164.1 space:build: build/server/assets/workspace-qfXbQg_U.js                                        13.96 kB │ gzip:     4.68 kB
#19 164.1 space:build: build/server/assets/work-item-Crezduj3.js                                        13.99 kB │ gzip:     3.70 kB
#19 164.1 space:build: build/server/assets/workspace-DbyqMUlT.js                                        13.99 kB │ gzip:     4.66 kB
#19 164.1 space:build: build/server/assets/work-item-BH58O-ze.js                                        14.01 kB │ gzip:     3.63 kB
#19 164.1 space:build: build/server/assets/work-item-type-BCVw0C_r.js                                   14.03 kB │ gzip:     4.23 kB
#19 164.1 space:build: build/server/assets/workspace-CcXm8wbJ.js                                        14.08 kB │ gzip:     4.23 kB
#19 164.1 space:build: build/server/assets/work-item-ThljCvMB.js                                        14.09 kB │ gzip:     3.84 kB
#19 164.1 space:build: build/server/assets/work-item-D9rKK_5I.js                                        14.18 kB │ gzip:     3.79 kB
#19 164.1 space:build: build/server/assets/auth-BxVX_3I7.js                                             14.33 kB │ gzip:     3.35 kB
#19 164.1 space:build: build/server/assets/work-item-type-DrMCDj4b.js                                   14.43 kB │ gzip:     3.69 kB
#19 164.1 space:build: build/server/assets/work-item-type-D8SXCkNr.js                                   14.43 kB │ gzip:     3.69 kB
#19 164.1 space:build: build/server/assets/work-item-BIoA_HI9.js                                        14.44 kB │ gzip:     3.80 kB
#19 164.1 space:build: build/server/assets/empty-state-UQNhTTBC.js                                      14.47 kB │ gzip:     4.01 kB
#19 164.1 space:build: build/server/assets/workspace-CNBY-sGv.js                                        14.64 kB │ gzip:     4.57 kB
#19 164.1 space:build: build/server/assets/workspace-BHvhFlgN.js                                        14.68 kB │ gzip:     4.67 kB
#19 164.1 space:build: build/server/assets/template-DmYKj0_i.js                                         14.71 kB │ gzip:     3.47 kB
#19 164.1 space:build: build/server/assets/template-BIl6THME.js                                         14.75 kB │ gzip:     3.51 kB
#19 164.1 space:build: build/server/assets/auth-zZlj1QYZ.js                                             14.81 kB │ gzip:     3.52 kB
#19 164.1 space:build: build/server/assets/workspace-DgQKNX3u.js                                        14.85 kB │ gzip:     4.52 kB
#19 164.1 space:build: build/server/assets/work-item-type-JPt5wvwM.js                                   14.85 kB │ gzip:     4.05 kB
#19 164.1 space:build: build/server/assets/work-item-VM-fj9uR.js                                        14.86 kB │ gzip:     3.91 kB
#19 164.1 space:build: build/server/assets/work-item-CvadYhUr.js                                        14.91 kB │ gzip:     3.82 kB
#19 164.1 space:build: build/server/assets/workspace-Bi3IvRKP.js                                        14.98 kB │ gzip:     4.59 kB
#19 164.1 space:build: build/server/assets/workspace-Dhs9GD7Q.js                                        14.99 kB │ gzip:     4.64 kB
#19 164.1 space:build: build/server/assets/auth-0-4E97CJ.js                                             15.03 kB │ gzip:     3.41 kB
#19 164.1 space:build: build/server/assets/work-item-BY8Sb154.js                                        15.04 kB │ gzip:     3.83 kB
#19 164.1 space:build: build/server/assets/workspace-DPaUScgk.js                                        15.10 kB │ gzip:     4.84 kB
#19 164.1 space:build: build/server/assets/project--X_6DPM8.js                                          15.10 kB │ gzip:     4.23 kB
#19 164.1 space:build: build/server/assets/work-item-type-D66Pywpj.js                                   15.12 kB │ gzip:     4.01 kB
#19 164.1 space:build: build/server/assets/work-item-type-uSFQV-S6.js                                   15.15 kB │ gzip:     4.31 kB
#19 164.1 space:build: build/server/assets/work-item-type-C8bkDj1p.js                                   15.17 kB │ gzip:     3.86 kB
#19 164.1 space:build: build/server/assets/workspace-kzdbEelb.js                                        15.21 kB │ gzip:     4.71 kB
#19 164.1 space:build: build/server/assets/work-item-type-CUrvAK7o.js                                   15.26 kB │ gzip:     4.32 kB
#19 164.1 space:build: build/server/assets/empty-state-DNHpv-5Q.js                                      15.31 kB │ gzip:     4.04 kB
#19 164.1 space:build: build/server/assets/project-Dq4K_9YZ.js                                          15.34 kB │ gzip:     4.49 kB
#19 164.1 space:build: build/server/assets/work-item-type-BnLnCGeb.js                                   15.35 kB │ gzip:     4.38 kB
#19 164.1 space:build: build/server/assets/work-item-type-2kmXyGGt.js                                   15.35 kB │ gzip:     3.97 kB
#19 164.1 space:build: build/server/assets/empty-state-DfGOYFcZ.js                                      15.41 kB │ gzip:     4.09 kB
#19 164.1 space:build: build/server/assets/work-item-type-rHzABL3r.js                                   15.60 kB │ gzip:     4.20 kB
#19 164.1 space:build: build/server/assets/project-BEzxna_k.js                                          15.61 kB │ gzip:     4.72 kB
#19 164.1 space:build: build/server/assets/work-item-type-6A4oTA4p.js                                   15.63 kB │ gzip:     4.06 kB
#19 164.1 space:build: build/server/assets/work-item-type-DvYSeREs.js                                   15.64 kB │ gzip:     4.20 kB
#19 164.1 space:build: build/server/assets/project-settings-DbzgaBSO.js                                 15.64 kB │ gzip:     5.06 kB
#19 164.1 space:build: build/server/assets/project-DLySZDIj.js                                          15.67 kB │ gzip:     4.48 kB
#19 164.1 space:build: build/server/assets/workspace-C1xdY07M.js                                        15.76 kB │ gzip:     4.80 kB
#19 164.1 space:build: build/server/assets/project-RodJYXhk.js                                          15.89 kB │ gzip:     4.62 kB
#19 164.1 space:build: build/server/assets/project-settings-Cxk_sz3z.js                                 15.89 kB │ gzip:     5.14 kB
#19 164.1 space:build: build/server/assets/project-BmvBbAaT.js                                          15.96 kB │ gzip:     4.69 kB
#19 164.1 space:build: build/server/assets/work-item-type-DdhCFDEO.js                                   16.08 kB │ gzip:     4.21 kB
#19 164.1 space:build: build/server/assets/work-item-type-BR1zVLFe.js                                   16.11 kB │ gzip:     4.29 kB
#19 164.1 space:build: build/server/assets/project-DZso-424.js                                          16.12 kB │ gzip:     4.63 kB
#19 164.1 space:build: build/server/assets/project-BVpb7dO3.js                                          16.31 kB │ gzip:     4.79 kB
#19 164.1 space:build: build/server/assets/work-item-type-CrAJXKcl.js                                   16.41 kB │ gzip:     4.14 kB
#19 164.1 space:build: build/server/assets/workspace-BPMKFbm2.js                                        16.64 kB │ gzip:     4.76 kB
#19 164.1 space:build: build/server/assets/auth-BuesAqsB.js                                             16.83 kB │ gzip:     3.85 kB
#19 164.1 space:build: build/server/assets/project-UIDpBLjH.js                                          16.84 kB │ gzip:     4.57 kB
#19 164.1 space:build: build/server/assets/project-settings-B1DEWXnX.js                                 16.92 kB │ gzip:     4.63 kB
#19 164.1 space:build: build/server/assets/work-item-type-CSC8Qf3S.js                                   17.17 kB │ gzip:     4.34 kB
#19 164.1 space:build: build/server/assets/project-BXGw-35B.js                                          17.33 kB │ gzip:     4.63 kB
#19 164.1 space:build: build/server/assets/workspace-BVaLFA0F.js                                        17.33 kB │ gzip:     5.04 kB
#19 164.1 space:build: build/server/assets/auth-DA8ZRBfx.js                                             17.61 kB │ gzip:     3.96 kB
#19 164.1 space:build: build/server/assets/integration-68pR-x6t.js                                      17.75 kB │ gzip:     5.09 kB
#19 164.1 space:build: build/server/assets/project-settings-B05AZmc7.js                                 17.77 kB │ gzip:     4.79 kB
#19 164.1 space:build: build/server/assets/integration-s-QSzbE1.js                                      17.80 kB │ gzip:     5.14 kB
#19 164.1 space:build: build/server/assets/project-D8T4lda8.js                                          18.29 kB │ gzip:     4.94 kB
#19 164.1 space:build: build/server/assets/project-settings-kL-FsR0G.js                                 18.37 kB │ gzip:     5.38 kB
#19 164.1 space:build: build/server/assets/work-item-B-lAV9mH.js                                        18.41 kB │ gzip:     4.38 kB
#19 164.1 space:build: build/server/assets/project-settings-CLD1Zw-M.js                                 18.46 kB │ gzip:     5.40 kB
#19 164.1 space:build: build/server/assets/project-settings-CUgip9tU.js                                 18.58 kB │ gzip:     5.41 kB
#19 164.1 space:build: build/server/assets/project-settings-DN4Rykn7.js                                 18.58 kB │ gzip:     5.19 kB
#19 164.1 space:build: build/server/assets/integration-F7nKCyUC.js                                      18.75 kB │ gzip:     4.59 kB
#19 164.1 space:build: build/server/assets/integration-Diw7nZtL.js                                      18.75 kB │ gzip:     4.60 kB
#19 164.1 space:build: build/server/assets/work-item-DDFy_tCF.js                                        19.06 kB │ gzip:     4.34 kB
#19 164.1 space:build: build/server/assets/project-settings-5vnkvTuD.js                                 19.08 kB │ gzip:     5.13 kB
#19 164.1 space:build: build/server/assets/project-settings-DswecyCC.js                                 19.26 kB │ gzip:     5.27 kB
#19 164.1 space:build: build/server/assets/project-settings-CPlvxaTj.js                                 19.31 kB │ gzip:     5.36 kB
#19 164.1 space:build: build/server/assets/project-settings-LWEoAxiu.js                                 19.35 kB │ gzip:     5.16 kB
#19 164.1 space:build: build/server/assets/integration-1TtojpQM.js                                      19.39 kB │ gzip:     4.87 kB
#19 164.1 space:build: build/server/assets/workspace-uoep2I01.js                                        19.55 kB │ gzip:     5.32 kB
#19 164.1 space:build: build/server/assets/work-item-JeC7pBU3.js                                        19.60 kB │ gzip:     4.08 kB
#19 164.1 space:build: build/server/assets/empty-state-DuFpvVzT.js                                      19.66 kB │ gzip:     4.72 kB
#19 164.1 space:build: build/server/assets/project-C5IxpEuy.js                                          19.68 kB │ gzip:     4.98 kB
#19 164.1 space:build: build/server/assets/workspace-settings-CXBukUwB.js                               19.69 kB │ gzip:     6.54 kB
#19 164.1 space:build: build/server/assets/project-settings-DI_Nj8zt.js                                 19.75 kB │ gzip:     5.20 kB
#19 164.1 space:build: build/server/assets/project-settings-09H6Dz_G.js                                 19.89 kB │ gzip:     5.28 kB
#19 164.1 space:build: build/server/assets/workspace-settings-CvO9nkgV.js                               19.99 kB │ gzip:     6.61 kB
#19 164.1 space:build: build/server/assets/integration-BoyxvDI2.js                                      20.21 kB │ gzip:     5.33 kB
#19 164.1 space:build: build/server/assets/empty-state-CC0e8dAO.js                                      20.26 kB │ gzip:     4.81 kB
#19 164.1 space:build: build/server/assets/integration-CQS39d9Z.js                                      20.28 kB │ gzip:     5.17 kB
#19 164.1 space:build: build/server/assets/project-settings-DbX6FQPI.js                                 20.33 kB │ gzip:     5.34 kB
#19 164.1 space:build: build/server/assets/integration-D3-rt9s_.js                                      20.34 kB │ gzip:     5.28 kB
#19 164.1 space:build: build/server/assets/workspace-DItYzKyn.js                                        20.38 kB │ gzip:     5.39 kB
#19 164.1 space:build: build/server/assets/integration-ZPhRVCBY.js                                      20.54 kB │ gzip:     5.35 kB
#19 164.1 space:build: build/server/assets/integration--Cdqf7Jn.js                                      20.54 kB │ gzip:     5.33 kB
#19 164.1 space:build: build/server/assets/integration-tz0a5gCL.js                                      20.56 kB │ gzip:     5.28 kB
#19 164.1 space:build: build/server/assets/integration-BmIFaUKF.js                                      20.66 kB │ gzip:     5.18 kB
#19 164.1 space:build: build/server/assets/integration-CNpto24r.js                                      20.72 kB │ gzip:     5.44 kB
#19 164.1 space:build: build/server/assets/workspace-settings-DZcK8acJ.js                               20.76 kB │ gzip:     5.93 kB
#19 164.1 space:build: build/server/assets/integration-mFKtxytM.js                                      20.91 kB │ gzip:     5.29 kB
#19 164.1 space:build: build/server/assets/integration-BMHNdv5I.js                                      21.09 kB │ gzip:     5.30 kB
#19 164.1 space:build: build/server/assets/project-settings-BdEAjPIX.js                                 21.18 kB │ gzip:     5.27 kB
#19 164.1 space:build: build/server/assets/integration-maVnbHVK.js                                      21.19 kB │ gzip:     5.36 kB
#19 164.1 space:build: build/server/assets/work-item-type-BHboKFsY.js                                   21.54 kB │ gzip:     4.89 kB
#19 164.1 space:build: build/server/assets/work-item-type-ccKDlLn8.js                                   21.73 kB │ gzip:     4.87 kB
#19 164.1 space:build: build/server/assets/workspace-settings-CBCZ6ku8.js                               21.81 kB │ gzip:     6.16 kB
#19 164.1 space:build: build/server/assets/integration-Zo3hr9-O.js                                      22.11 kB │ gzip:     5.25 kB
#19 164.1 space:build: build/server/assets/project-settings-BxiT5Iwt.js                                 22.13 kB │ gzip:     5.47 kB
#19 164.1 space:build: build/server/assets/integration-DHZS4q6f.js                                      22.42 kB │ gzip:     5.53 kB
#19 164.1 space:build: build/server/assets/workspace-settings-CxZHqYfb.js                               22.60 kB │ gzip:     6.84 kB
#19 164.1 space:build: build/server/assets/workspace-settings-BxokoWm0.js                               22.69 kB │ gzip:     6.87 kB
#19 164.1 space:build: build/server/assets/workspace-settings-Dstm0FIY.js                               22.93 kB │ gzip:     6.95 kB
#19 164.1 space:build: build/server/assets/workspace-settings-BZXu-PV2.js                               23.06 kB │ gzip:     6.69 kB
#19 164.1 space:build: build/server/assets/workspace-settings-CZ2LVX0S.js                               23.13 kB │ gzip:     6.67 kB
#19 164.1 space:build: build/server/assets/workspace-settings-b1zo6QVy.js                               23.22 kB │ gzip:     6.76 kB
#19 164.1 space:build: build/server/assets/project-settings-BozU1kPC.js                                 23.40 kB │ gzip:     5.64 kB
#19 164.1 space:build: build/server/assets/workspace-settings-DNkv6xqY.js                               23.70 kB │ gzip:     6.74 kB
#19 164.1 space:build: build/server/assets/workspace-DnmUnbVR.js                                        24.00 kB │ gzip:     5.26 kB
#19 164.1 space:build: build/server/assets/workspace-settings-aU9UTfbp.js                               24.04 kB │ gzip:     6.79 kB
#19 164.1 space:build: build/server/assets/workspace-settings-CboqrJ7M.js                               24.23 kB │ gzip:     6.86 kB
#19 164.1 space:build: build/server/assets/workspace-settings-BEN6-WAf.js                               24.48 kB │ gzip:     6.99 kB
#19 164.1 space:build: build/server/assets/workspace-settings-cgyI0je-.js                               25.04 kB │ gzip:     7.05 kB
#19 164.1 space:build: build/server/assets/project-settings-Bu5tUlTK.js                                 25.42 kB │ gzip:     6.09 kB
#19 164.1 space:build: build/server/assets/workspace-settings-B48mCutJ.js                               25.43 kB │ gzip:     6.74 kB
#19 164.1 space:build: build/server/assets/workspace-settings-BjEcZoEO.js                               27.04 kB │ gzip:     6.92 kB
#19 164.1 space:build: build/server/assets/project-8TZucmnA.js                                          27.12 kB │ gzip:     5.32 kB
#19 164.1 space:build: build/server/assets/workspace-settings-C38DdpO9.js                               27.29 kB │ gzip:     6.96 kB
#19 164.1 space:build: build/server/assets/integration-JjujIVyC.js                                      27.29 kB │ gzip:     6.03 kB
#19 164.1 space:build: build/server/assets/project-settings-Bi_EeX8g.js                                 27.49 kB │ gzip:     6.30 kB
#19 164.1 space:build: build/server/assets/empty-state-G4ZhXokc.js                                      27.71 kB │ gzip:     4.53 kB
#19 164.1 space:build: build/server/assets/integration-D9ZvsFYP.js                                      27.86 kB │ gzip:     5.99 kB
#19 164.1 space:build: build/server/assets/workspace-settings-v4YRUC88.js                               31.94 kB │ gzip:     7.81 kB
#19 164.1 space:build: build/server/assets/workspace-settings-CpeOqMtG.js                               32.35 kB │ gzip:     7.80 kB
#19 164.1 space:build: build/server/assets/common-BJZIH-bv.js                                           45.83 kB │ gzip:    14.03 kB
#19 164.1 space:build: build/server/assets/common-rkmuZHqG.js                                           46.12 kB │ gzip:    14.06 kB
#19 164.1 space:build: build/server/assets/common-B2ooqp7q.js                                           46.68 kB │ gzip:    12.70 kB
#19 164.1 space:build: build/server/assets/common-CPNTQyVP.js                                           48.18 kB │ gzip:    13.39 kB
#19 164.1 space:build: build/server/assets/common-_awYHJns.js                                           49.08 kB │ gzip:    13.92 kB
#19 164.1 space:build: build/server/assets/common-BPc7cfvV.js                                           49.39 kB │ gzip:    14.45 kB
#19 164.1 space:build: build/server/assets/common-DQlvHAnu.js                                           49.90 kB │ gzip:    14.56 kB
#19 164.1 space:build: build/server/assets/common-Cwpmi62J.js                                           50.02 kB │ gzip:    14.69 kB
#19 164.1 space:build: build/server/assets/common-DWn4sREa.js                                           50.04 kB │ gzip:    14.04 kB
#19 164.1 space:build: build/server/assets/common-CuM9Lo3W.js                                           50.33 kB │ gzip:    14.06 kB
#19 164.1 space:build: build/server/assets/common-BPT-7a6R.js                                           50.33 kB │ gzip:    14.10 kB
#19 164.1 space:build: build/server/assets/common-gkG7Ny8Y.js                                           50.47 kB │ gzip:    14.37 kB
#19 164.1 space:build: build/server/assets/common-CAeaBaKZ.js                                           50.84 kB │ gzip:    14.34 kB
#19 164.1 space:build: build/server/assets/common-BE1io0eJ.js                                           51.02 kB │ gzip:    14.42 kB
#19 164.1 space:build: build/server/assets/common-C_5u9Foa.js                                           51.43 kB │ gzip:    14.47 kB
#19 164.1 space:build: build/server/assets/common-T6WgFoE9.js                                           53.14 kB │ gzip:    14.46 kB
#19 164.1 space:build: build/server/assets/common-DFyPLH2d.js                                           54.17 kB │ gzip:    15.03 kB
#19 164.1 space:build: build/server/assets/common-C_UWggTD.js                                           61.93 kB │ gzip:    16.18 kB
#19 164.1 space:build: build/server/assets/common-1WFzjqzG.js                                           62.20 kB │ gzip:    16.36 kB
#19 164.1 space:build: build/server/assets/common-BCd9ay6x.js                                           74.09 kB │ gzip:    15.92 kB
#19 164.1 space:build: build/server/index.js                                                         5,429.04 kB │ gzip: 1,193.93 kB
#19 164.1 space:build: 
#19 164.1 space:build: [32m✓ built in 8.95s[39m
#19 164.3 
#19 164.3  Tasks:    10 successful, 10 total
#19 164.3 Cached:    0 cached, 10 total
#19 164.3   Time:    2m41.929s 
#19 164.3 
#19 DONE 165.1s

#20 [runner 1/8] RUN apk del go 2>/dev/null || true
#20 CACHED

#21 [runner 2/8] RUN rm -rf /usr/local/lib/node_modules/npm/node_modules/picomatch
#21 CACHED

#22 [runner 3/8] COPY --from=installer /app/apps/space/build ./apps/space/build
#22 DONE 0.5s

#23 [runner 4/8] COPY --from=installer /app/apps/space/node_modules ./apps/space/node_modules
#23 DONE 0.3s

#24 [runner 5/8] COPY --from=installer /app/node_modules ./node_modules
#24 DONE 55.7s

#25 [runner 6/8] RUN find /app/node_modules ( -name 'esbuild' -o -name 'tsgolint' ) -type f -delete 2>/dev/null || true
#25 DONE 4.3s

#26 [runner 7/8] WORKDIR /app/apps/space
#26 DONE 0.1s

#27 [runner 8/8] RUN apk add --no-cache curl
#27 1.145 (1/9) Installing brotli-libs (1.2.0-r1)
#27 1.173 (2/9) Installing c-ares (1.34.8-r0)
#27 1.179 (3/9) Installing libunistring (1.4.2-r0)
#27 1.201 (4/9) Installing libidn2 (2.3.8-r0)
#27 1.207 (5/9) Installing nghttp2-libs (1.69.0-r0)
#27 1.211 (6/9) Installing libpsl (0.21.5-r3)
#27 1.215 (7/9) Installing zstd-libs (1.5.7-r2)
#27 1.226 (8/9) Installing libcurl (8.22.0-r0)
#27 1.239 (9/9) Installing curl (8.22.0-r0)
#27 1.245 Executing busybox-1.37.0-r31.trigger
#27 1.261 OK: 15.9 MiB in 27 packages
#27 DONE 1.4s

#28 exporting to image
#28 exporting layers
#28 exporting layers 89.1s done
#28 exporting manifest sha256:4858eda1c8313be2c68a4cea6f137db18a4d50f8c12804e50ea34decddfb1ff8 0.0s done
#28 exporting config sha256:bc31e2112e7285ee65cf2fa833f6579c856f084d6d1a6350e83c98e4180c0e80 0.0s done
#28 exporting attestation manifest sha256:150978062d8bae94dbb8d1355fd44257e4c0814df05608703a35f0883bf61adb 0.0s done
#28 exporting manifest list sha256:e18d6ae190267913de3e7156d0835571246a4c2fdb38441c8c446a73dfdc8059
#28 exporting manifest list sha256:e18d6ae190267913de3e7156d0835571246a4c2fdb38441c8c446a73dfdc8059 0.0s done
#28 naming to docker.io/library/ten-fold-plane-space:latest done
#28 unpacking to docker.io/library/ten-fold-plane-space:latest
#28 unpacking to docker.io/library/ten-fold-plane-space:latest 37.8s done
#28 DONE 127.0s

#29 resolving provenance for metadata file
#29 DONE 0.3s
 Image ten-fold-plane-space Built 
 Image ten-fold-plane-live Building 
#1 [internal] load local bake definitions
#1 reading from stdin 587B done
#1 DONE 0.0s

#2 [internal] load build definition from Dockerfile.live
#2 transferring dockerfile: 3.05kB 0.0s done
#2 DONE 0.2s

#3 resolve image config for docker-image://docker.io/docker/dockerfile:1.7
#3 DONE 1.4s

#4 docker-image://docker.io/docker/dockerfile:1.7@sha256:a57df69d0ea827fb7266491f2813635de6f17269be881f696fbfdf2d83dda33e
#4 resolve docker.io/docker/dockerfile:1.7@sha256:a57df69d0ea827fb7266491f2813635de6f17269be881f696fbfdf2d83dda33e 0.0s done
#4 CACHED

#5 [internal] load metadata for docker.io/library/node:22-alpine
#5 DONE 1.1s

#6 [internal] load .dockerignore
#6 transferring context: 882B done
#6 DONE 0.0s

#7 [base 1/2] FROM docker.io/library/node:22-alpine@sha256:b6f26b36c8ff49624cfdac716b8ea1138d606df02586a77d364bb5536a634f85
#7 resolve docker.io/library/node:22-alpine@sha256:b6f26b36c8ff49624cfdac716b8ea1138d606df02586a77d364bb5536a634f85 0.0s done
#7 DONE 0.0s

#8 [internal] load build context
#8 transferring context: 572.41kB 1.4s done
#8 DONE 1.5s

#9 [installer  2/12] RUN apk add --no-cache libc6-compat
#9 CACHED

#10 [installer  3/12] WORKDIR /app
#10 CACHED

#11 [base 2/2] RUN corepack enable
#11 CACHED

#12 [installer  1/12] RUN apk update
#12 CACHED

#13 [builder 4/6] RUN corepack enable pnpm && pnpm add -g turbo@2.9.18
#13 CACHED

#14 [builder 5/6] COPY . .
#14 DONE 5.9s

#15 [builder 6/6] RUN turbo prune --scope=live --docker
#15 0.770  WARNING  --scope is deprecated and will be removed in a future major version. Use positional arguments instead (e.g. `turbo prune web`)
#15 0.772 
#15 0.772 Attention:
#15 0.772 Turborepo now collects completely anonymous telemetry regarding usage.
#15 0.772 This information is used to shape the Turborepo roadmap and prioritize features.
#15 0.772 You can learn more, including how to opt-out if you'd not like to participate in this anonymous program, by visiting the following URL:
#15 0.772 https://turborepo.dev/docs/telemetry
#15 0.772 
#15 0.774 • turbo 2.9.18
#15 0.998 Generating pruned monorepo for live in /app/out
#15 1.017  - Added @plane/constants
#15 1.024  - Added @plane/decorators
#15 1.064  - Added @plane/editor
#15 1.070  - Added @plane/hooks
#15 1.077  - Added @plane/logger
#15 1.138  - Added @plane/propel
#15 1.144  - Added @plane/tailwind-config
#15 1.169  - Added @plane/types
#15 1.176  - Added @plane/typescript-config
#15 1.198  - Added @plane/ui
#15 1.219  - Added @plane/utils
#15 1.239  - Added live
#15 DONE 1.5s

#10 [installer  3/12] WORKDIR /app
#10 CACHED

#16 [installer  4/12] COPY .gitignore .gitignore
#16 DONE 0.1s

#17 [installer  5/12] COPY --from=builder /app/out/json/ .
#17 DONE 0.1s

#18 [installer  6/12] COPY --from=builder /app/out/pnpm-lock.yaml ./pnpm-lock.yaml
#18 DONE 0.1s

#19 [installer  7/12] RUN corepack enable pnpm
#19 DONE 0.6s

#20 [installer  8/12] COPY --from=builder /app/out/full/ .
#20 DONE 0.8s

#21 [installer  9/12] COPY turbo.json turbo.json
#21 DONE 0.1s

#22 [installer 10/12] RUN --mount=type=cache,id=pnpm-store,target=/pnpm/store pnpm fetch --store-dir=/pnpm/store
#22 0.538 ! Corepack is about to download https://registry.npmjs.org/pnpm/-/pnpm-11.10.0.tgz
#22 5.134 ? Verifying lockfile against supply-chain policies (1446 entries)...
#22 5.189 Importing packages to virtual store
#22 6.312 Already up to date
#22 6.457 Progress: resolved 1, reused 0, downloaded 0, added 0
#22 7.461 Progress: resolved 1188, reused 28, downloaded 0, added 0
#22 8.469 Progress: resolved 1188, reused 56, downloaded 0, added 0
#22 9.528 Progress: resolved 1188, reused 84, downloaded 0, added 0
#22 10.54 Progress: resolved 1188, reused 134, downloaded 0, added 0
#22 11.54 Progress: resolved 1188, reused 182, downloaded 0, added 0
#22 12.57 Progress: resolved 1188, reused 218, downloaded 0, added 0
#22 13.57 Progress: resolved 1188, reused 249, downloaded 0, added 0
#22 14.59 Progress: resolved 1188, reused 277, downloaded 0, added 0
#22 15.66 Progress: resolved 1188, reused 312, downloaded 0, added 0
#22 16.67 Progress: resolved 1188, reused 349, downloaded 0, added 0
#22 17.67 Progress: resolved 1188, reused 376, downloaded 0, added 0
#22 18.68 Progress: resolved 1188, reused 428, downloaded 0, added 0
#22 19.68 Progress: resolved 1188, reused 498, downloaded 0, added 0
#22 20.68 Progress: resolved 1188, reused 559, downloaded 0, added 0
#22 21.68 Progress: resolved 1188, reused 613, downloaded 0, added 0
#22 22.33 ✓ Lockfile passes supply-chain policies (1446 entries in 17.1s)
#22 22.68 Progress: resolved 1188, reused 643, downloaded 0, added 0
#22 23.68 Progress: resolved 1188, reused 864, downloaded 0, added 0
#22 24.68 Progress: resolved 1188, reused 1180, downloaded 0, added 22
#22 25.69 Progress: resolved 1188, reused 1180, downloaded 0, added 50
#22 26.69 Progress: resolved 1188, reused 1180, downloaded 0, added 66
#22 27.69 Progress: resolved 1188, reused 1180, downloaded 0, added 73
#22 28.69 Progress: resolved 1188, reused 1180, downloaded 0, added 83
#22 29.69 Progress: resolved 1188, reused 1180, downloaded 0, added 134
#22 30.70 Progress: resolved 1188, reused 1180, downloaded 0, added 151
#22 31.70 Progress: resolved 1188, reused 1180, downloaded 0, added 232
#22 32.70 Progress: resolved 1188, reused 1180, downloaded 0, added 249
#22 34.02 Progress: resolved 1188, reused 1180, downloaded 0, added 250
#22 35.02 Progress: resolved 1188, reused 1180, downloaded 0, added 273
#22 36.02 Progress: resolved 1188, reused 1180, downloaded 0, added 294
#22 37.04 Progress: resolved 1188, reused 1180, downloaded 0, added 365
#22 38.04 Progress: resolved 1188, reused 1180, downloaded 0, added 421
#22 39.04 Progress: resolved 1188, reused 1180, downloaded 0, added 559
#22 40.05 Progress: resolved 1188, reused 1180, downloaded 0, added 590
#22 41.05 Progress: resolved 1188, reused 1180, downloaded 0, added 626
#22 43.65 Progress: resolved 1188, reused 1180, downloaded 0, added 627
#22 44.65 Progress: resolved 1188, reused 1180, downloaded 0, added 640
#22 46.64 Progress: resolved 1188, reused 1180, downloaded 0, added 641
#22 47.65 Progress: resolved 1188, reused 1180, downloaded 0, added 642
#22 48.89 Progress: resolved 1188, reused 1180, downloaded 0, added 643
#22 49.89 Progress: resolved 1188, reused 1180, downloaded 0, added 647
#22 51.54 Progress: resolved 1188, reused 1180, downloaded 0, added 648
#22 52.54 Progress: resolved 1188, reused 1180, downloaded 0, added 649
#22 53.54 Progress: resolved 1188, reused 1180, downloaded 0, added 651
#22 54.79 Progress: resolved 1188, reused 1180, downloaded 0, added 652
#22 55.79 Progress: resolved 1188, reused 1180, downloaded 0, added 675
#22 56.80 Progress: resolved 1188, reused 1180, downloaded 0, added 684
#22 57.84 Progress: resolved 1188, reused 1180, downloaded 0, added 685
#22 58.84 Progress: resolved 1188, reused 1180, downloaded 0, added 703
#22 59.85 Progress: resolved 1188, reused 1180, downloaded 0, added 731
#22 60.85 Progress: resolved 1188, reused 1180, downloaded 0, added 763
#22 61.85 Progress: resolved 1188, reused 1180, downloaded 0, added 772
#22 62.85 Progress: resolved 1188, reused 1180, downloaded 0, added 817
#22 63.85 Progress: resolved 1188, reused 1180, downloaded 0, added 869
#22 64.85 Progress: resolved 1188, reused 1180, downloaded 0, added 925
#22 65.85 Progress: resolved 1188, reused 1180, downloaded 0, added 953
#22 68.19 Progress: resolved 1188, reused 1180, downloaded 0, added 954
#22 69.19 Progress: resolved 1188, reused 1180, downloaded 0, added 1012
#22 70.19 Progress: resolved 1188, reused 1180, downloaded 0, added 1112
#22 70.86 Progress: resolved 1188, reused 1180, downloaded 0, added 1188, done
#22 70.92 .../node_modules/@parcel/watcher install$ node scripts/build-from-source.js
#22 70.92 .../node_modules/@swc/core postinstall$ node postinstall.js
#22 71.11 .../node_modules/@parcel/watcher install: Done
#22 71.18 .../node_modules/@swc/core postinstall: Done
#22 71.74 
#22 DONE 72.2s

#23 [installer 11/12] RUN --mount=type=cache,id=pnpm-store,target=/pnpm/store CI=true pnpm install --offline --frozen-lockfile --store-dir=/pnpm/store
#23 4.023 Scope: all 13 workspace projects
#23 4.573 ✓ Lockfile passes supply-chain policies (verified 54s ago)
#23 4.599 Lockfile is up to date, resolution step is skipped
#23 5.408 Already up to date
