Deploying checkout: /home/rahimin_amin/ten-fold-plane/ten-fold-plane
Checkout commit: 4eab94496c
Source fingerprint: 2be5525c3e86bd21807abb413904ad5e37d31eddaed61d1bfdacf350353ac08e
Uploading Ten-Fold to root@178.128.104.112:/opt/plane/app/ten-fold-plane...
Uploaded source matches local checkout.
Rebuilding and migrating Plane on the Droplet...
 Image gristlabs/grist:1.7.16 Pulling 
 Image gristlabs/grist:1.7.16 Pulled 
 Container ten-fold-plane-grist-1 Recreate 
 Container ten-fold-plane-grist-1 Recreated 
 Container ten-fold-plane-grist-1 Starting 
 Container ten-fold-plane-grist-1 Started 
 Container ten-fold-plane-grist-1 Waiting 
 Container ten-fold-plane-grist-1 Healthy 
 Container plane-redis Running 
 Container plane-db Running 
 Image ten-fold-plane-migrator Building 
#1 [internal] load local bake definitions
#1 reading from stdin 610B done
#1 DONE 0.0s

#2 [internal] load build definition from Dockerfile.api
#2 transferring dockerfile: 1.30kB 0.0s done
#2 DONE 0.0s

#3 [internal] load metadata for docker.io/library/python:3.12.10-alpine
#3 DONE 1.6s

#4 [internal] load .dockerignore
#4 transferring context: 2B done
#4 DONE 0.0s

#5 [internal] load build context
#5 DONE 0.0s

#6 [ 1/17] FROM docker.io/library/python:3.12.10-alpine@sha256:4bbf5ef9ce4b273299d394de268ad6018e10a9375d7efc7c2ce9501a6eb6b86c
#6 resolve docker.io/library/python:3.12.10-alpine@sha256:4bbf5ef9ce4b273299d394de268ad6018e10a9375d7efc7c2ce9501a6eb6b86c 0.1s done
#6 DONE 0.1s

#5 [internal] load build context
#5 transferring context: 100.40kB 0.3s done
#5 DONE 0.3s

#7 [11/17] COPY templates templates/
#7 CACHED

#8 [14/17] COPY ./bin ./bin/
#8 CACHED

#9 [12/17] COPY package.json package.json
#9 CACHED

#10 [13/17] RUN apk --no-cache add "bash~=5.2"
#10 CACHED

#11 [10/17] COPY plane plane/
#11 CACHED

#12 [ 8/17] RUN apk add --no-cache --virtual .build-deps     "bash~=5.2"     "g++"     "gcc"     "cargo"     "git"     "make"     "postgresql-dev"     "libc-dev"     "linux-headers"     &&     pip install -r requirements.txt --compile --no-cache-dir     &&     apk del .build-deps     &&     rm -rf /var/cache/apk/*
#12 CACHED

#13 [ 9/17] COPY manage.py manage.py
#13 CACHED

#14 [ 7/17] RUN apk add --no-cache libffi-dev
#14 CACHED

#15 [ 4/17] RUN apk add --no-cache --upgrade     "libpq"     "libxslt"     "xmlsec"     "ca-certificates"     "openssl"
#15 CACHED

#16 [15/17] RUN mkdir -p /code/plane/logs
#16 CACHED

#17 [16/17] RUN chmod +x ./bin/*
#17 CACHED

#18 [ 3/17] WORKDIR /code
#18 CACHED

#19 [ 2/17] RUN apk update && apk upgrade
#19 CACHED

#20 [ 6/17] COPY requirements ./requirements
#20 CACHED

#21 [ 5/17] COPY requirements.txt ./
#21 CACHED

#22 [17/17] RUN chmod -R 777 /code
#22 CACHED

#23 exporting to image
#23 exporting layers 0.0s done
#23 exporting manifest sha256:0d23eba9c0fef8afebb6dca8bc7601190af917087983e656610470a4d8af1858 done
#23 exporting config sha256:d918b0cc36f0aaf08d914c803382adda8ead710ea189e4fc7623e6e0ae1e6246 done
#23 exporting attestation manifest sha256:24d32c6f930954779a64b809dc2e86b53a280c6fc44d5ce2050045ffd9978e24 0.0s done
#23 exporting manifest list sha256:95dc78ae36869b053cf1e9766cd31aed68fc3bd4b1fb303076b1e3ff08c7a7f4
#23 exporting manifest list sha256:95dc78ae36869b053cf1e9766cd31aed68fc3bd4b1fb303076b1e3ff08c7a7f4 0.0s done
#23 naming to docker.io/library/ten-fold-plane-migrator:latest done
#23 unpacking to docker.io/library/ten-fold-plane-migrator:latest 0.0s done
#23 DONE 0.2s

#24 resolving provenance for metadata file
#24 DONE 0.0s
 Image ten-fold-plane-migrator Built 
 Container ten-fold-plane-migrator-run-0f2109a727b3 Creating 
 Container ten-fold-plane-migrator-run-0f2109a727b3 Created 
Waiting for database...
Database available!
Operations to perform:
  Apply all migrations: auth, contenttypes, db, django_celery_beat, license, sessions
Running migrations:
  No migrations to apply.
  Your models in app(s): 'db' have changes that are not yet reflected in a migration, and so won't be applied.
  Run 'manage.py makemigrations' to make new migrations, and then re-run 'manage.py migrate' to apply them.
 Image ten-fold-plane-live Building 
 Image ten-fold-plane-api Building 
 Image ten-fold-plane-worker Building 
 Image ten-fold-plane-copilot Building 
 Image ten-fold-plane-admin Building 
 Image ten-fold-plane-beat-worker Building 
 Image ten-fold-plane-proxy Building 
 Image ten-fold-plane-web Building 
 Image ten-fold-plane-space Building 
#1 [internal] load local bake definitions
#1 reading from stdin 4.71kB done
#1 DONE 0.0s

#2 [proxy internal] load build definition from Dockerfile.ce
#2 transferring dockerfile: 1.15kB 0.0s done
#2 DONE 0.1s

#3 [worker internal] load build definition from Dockerfile.api
#3 transferring dockerfile: 1.30kB 0.0s done
#3 ...

#4 [live internal] load build definition from Dockerfile.live
#4 transferring dockerfile: 3.05kB 0.0s done
#4 DONE 0.2s

#5 [admin internal] load build definition from Dockerfile.admin
#5 transferring dockerfile: 3.20kB 0.0s done
#5 DONE 0.3s

#3 [worker internal] load build definition from Dockerfile.api
#3 DONE 0.3s

#6 [space internal] load build definition from Dockerfile.space
#6 transferring dockerfile: 3.43kB done
#6 DONE 0.3s

#7 [web internal] load build definition from Dockerfile.web
#7 transferring dockerfile: 3.61kB done
#7 DONE 0.4s

#8 [copilot internal] load build definition from Dockerfile
#8 transferring dockerfile: 1.07kB 0.0s done
#8 DONE 0.5s

#9 [api internal] load metadata for docker.io/library/python:3.12.10-alpine
#9 DONE 0.4s

#10 [worker internal] load .dockerignore
#10 transferring context: 2B done
#10 DONE 0.0s

#11 [api internal] load build context
#11 DONE 0.0s

#12 [api  1/17] FROM docker.io/library/python:3.12.10-alpine@sha256:4bbf5ef9ce4b273299d394de268ad6018e10a9375d7efc7c2ce9501a6eb6b86c
#12 resolve docker.io/library/python:3.12.10-alpine@sha256:4bbf5ef9ce4b273299d394de268ad6018e10a9375d7efc7c2ce9501a6eb6b86c 0.0s done
#12 resolve docker.io/library/python:3.12.10-alpine@sha256:4bbf5ef9ce4b273299d394de268ad6018e10a9375d7efc7c2ce9501a6eb6b86c 0.0s done
#12 DONE 0.1s

#11 [api internal] load build context
#11 transferring context: 100.40kB 0.1s done
#11 DONE 0.2s

#13 [worker 13/17] RUN apk --no-cache add "bash~=5.2"
#13 CACHED

#14 [worker  8/17] RUN apk add --no-cache --virtual .build-deps     "bash~=5.2"     "g++"     "gcc"     "cargo"     "git"     "make"     "postgresql-dev"     "libc-dev"     "linux-headers"     &&     pip install -r requirements.txt --compile --no-cache-dir     &&     apk del .build-deps     &&     rm -rf /var/cache/apk/*
#14 CACHED

#15 [worker  9/17] COPY manage.py manage.py
#15 CACHED

#16 [worker 11/17] COPY templates templates/
#16 CACHED

#17 [worker 15/17] RUN mkdir -p /code/plane/logs
#17 CACHED

#18 [worker  5/17] COPY requirements.txt ./
#18 CACHED

#19 [worker  4/17] RUN apk add --no-cache --upgrade     "libpq"     "libxslt"     "xmlsec"     "ca-certificates"     "openssl"
#19 CACHED

#20 [worker  7/17] RUN apk add --no-cache libffi-dev
#20 CACHED

#21 [worker  3/17] WORKDIR /code
#21 CACHED

#22 [worker  2/17] RUN apk update && apk upgrade
#22 CACHED

#23 [worker 12/17] COPY package.json package.json
#23 CACHED

#24 [worker 14/17] COPY ./bin ./bin/
#24 CACHED

#25 [worker 16/17] RUN chmod +x ./bin/*
#25 CACHED

#26 [worker  6/17] COPY requirements ./requirements
#26 CACHED

#27 [worker 10/17] COPY plane plane/
#27 CACHED

#28 [beat-worker 17/17] RUN chmod -R 777 /code
#28 CACHED

#29 [api] exporting to image
#29 exporting layers 0.0s done
#29 exporting manifest sha256:cb128adba9de7e869ef4527b68baeb23dfd4b4d39c3f62d4f01ae17edfdfc338
#29 exporting manifest sha256:cb128adba9de7e869ef4527b68baeb23dfd4b4d39c3f62d4f01ae17edfdfc338 done
#29 exporting config sha256:07087b3d881abe8428dcd75e91e3654a983910cf58bb9ecf7f53b1556efebb36 done
#29 exporting attestation manifest sha256:e96a93a29d00082cd950435424e0303ad0eaaf07402755478ad06eb75ce192fa
#29 ...

#30 [beat-worker] exporting to image
#30 exporting layers 0.0s done
#30 exporting manifest sha256:ef51f63000f6ccf76cb6b47942343ca22e0fc7962555b10cb01ddd0b8edf7f6e done
#30 exporting config sha256:d4332c5f67b1b0b349d96342f6c1f6d07829d4197af8183e7b64046359ab68c6 done
#30 exporting attestation manifest sha256:56e147e3e7dff72c850adb47d5a38236cf363914bf95a09d4ba504e8f2efa815 0.1s done
#30 exporting manifest list sha256:cf71e6146f317db77cd2475246b4d9049b4fdb6a11e6c7961544639eda06f50b 0.0s done
#30 naming to docker.io/library/ten-fold-plane-beat-worker:latest 0.0s done
#30 unpacking to docker.io/library/ten-fold-plane-beat-worker:latest 0.0s done
#30 DONE 0.3s

#29 [api] exporting to image
#29 exporting attestation manifest sha256:e96a93a29d00082cd950435424e0303ad0eaaf07402755478ad06eb75ce192fa 0.0s done
#29 exporting manifest list sha256:148a91fe31e05d5ff61c2f5633010d204750b5bc6e117f8d9eadfe676bcc10a2 0.0s done
#29 naming to docker.io/library/ten-fold-plane-api:latest done
#29 unpacking to docker.io/library/ten-fold-plane-api:latest 0.0s done
#29 DONE 0.4s

#31 [worker] exporting to image
#31 exporting layers 0.0s done
#31 exporting manifest sha256:8596be5b7a771d3370401f702b12e12a071e40e79d5ccf1d994476397d63027e done
#31 exporting config sha256:4816479f5025af10848aa69a85086eac57e69714cd51c8ebdc32149fa1e5559f 0.0s done
#31 exporting attestation manifest sha256:3498d8dedeefb1747814d75ed1432c160c98b5508fa60cebe09678e378dc182b 0.0s done
#31 exporting manifest list sha256:a252f795866688f51f2c31f7a1d514cd063bdb40c95d6e3b144fc973ac9a3e01 0.0s done
#31 naming to docker.io/library/ten-fold-plane-worker:latest done
#31 unpacking to docker.io/library/ten-fold-plane-worker:latest 0.0s done
#31 DONE 0.4s

#32 [copilot] resolve image config for docker-image://docker.io/docker/dockerfile:1.7
#32 DONE 1.4s

#33 [web] docker-image://docker.io/docker/dockerfile:1.7@sha256:a57df69d0ea827fb7266491f2813635de6f17269be881f696fbfdf2d83dda33e
#33 resolve docker.io/docker/dockerfile:1.7@sha256:a57df69d0ea827fb7266491f2813635de6f17269be881f696fbfdf2d83dda33e 0.1s done
#33 resolve docker.io/docker/dockerfile:1.7@sha256:a57df69d0ea827fb7266491f2813635de6f17269be881f696fbfdf2d83dda33e 0.1s done
#33 CACHED

#34 [proxy internal] load metadata for docker.io/library/caddy:2.11.3-alpine
#34 DONE 1.7s

#35 [admin internal] load metadata for docker.io/library/node:22-alpine
#35 DONE 1.5s

#36 [space internal] load .dockerignore
#36 transferring context: 882B done
#36 DONE 0.2s

#37 [admin internal] load metadata for docker.io/library/caddy:2.11-builder-alpine
#37 DONE 2.0s

#36 [admin internal] load .dockerignore
#36 transferring context: 882B done
#36 DONE 0.2s

#38 [admin internal] load build context
#38 DONE 0.0s

#39 [beat-worker] resolving provenance for metadata file
#39 ...

#40 [space base 3/3] RUN corepack enable pnpm
#40 CACHED

#41 [space runner 1/8] RUN apk del go 2>/dev/null || true
#41 CACHED

#42 [space base 2/3] WORKDIR /app
#42 CACHED

#43 [space runner 2/8] RUN rm -rf /usr/local/lib/node_modules/npm/node_modules/picomatch
#43 CACHED

#44 [admin base 1/3] FROM docker.io/library/node:22-alpine@sha256:b6f26b36c8ff49624cfdac716b8ea1138d606df02586a77d364bb5536a634f85
#44 resolve docker.io/library/node:22-alpine@sha256:b6f26b36c8ff49624cfdac716b8ea1138d606df02586a77d364bb5536a634f85 0.2s done
#44 DONE 0.2s

#45 [admin production 1/5] FROM docker.io/library/caddy:2.11-alpine@sha256:de23def33b17fb5d1290b0f6c2add1d70780e52341896c00a4c8a2a2fe9d355e
#45 resolve docker.io/library/caddy:2.11-alpine@sha256:de23def33b17fb5d1290b0f6c2add1d70780e52341896c00a4c8a2a2fe9d355e 0.1s done
#45 DONE 0.1s

#46 [admin production 2/5] RUN apk update && apk upgrade --no-cache && apk add --no-cache curl && rm -rf /var/cache/apk/*
#46 CACHED

#47 [admin caddy-builder 1/2] FROM docker.io/library/caddy:2.11-builder-alpine@sha256:2b9f32cbba6045e79212bb253f595588d20be8f7d1edf61582c519e124e0d2d8
#47 resolve docker.io/library/caddy:2.11-builder-alpine@sha256:2b9f32cbba6045e79212bb253f595588d20be8f7d1edf61582c519e124e0d2d8 0.1s done
#47 CACHED

#38 [admin internal] load build context
#38 ...

#35 [web internal] load metadata for docker.io/library/node:22-alpine
#35 DONE 2.1s

#48 [api] resolving provenance for metadata file
#48 DONE 0.5s

#39 [beat-worker] resolving provenance for metadata file
#39 DONE 0.6s

#38 [admin internal] load build context
#38 ...

#49 [web internal] load metadata for docker.io/library/caddy:2.11-alpine
#49 DONE 2.6s

#50 [worker] resolving provenance for metadata file
#50 DONE 0.1s

#38 [admin internal] load build context
#38 ...

#51 [live internal] load .dockerignore
#51 transferring context: 882B 0.1s done
#51 DONE 0.1s

#52 [copilot internal] load .dockerignore
#52 transferring context: 882B 0.1s done
#52 DONE 0.1s

#38 [admin internal] load build context
#38 ...

#53 [web internal] load .dockerignore
#53 transferring context: 882B 0.1s done
#53 DONE 0.2s

#38 [admin internal] load build context
#38 ...

#54 [proxy internal] load metadata for docker.io/library/caddy:2.11.3-builder-alpine
#54 DONE 3.3s

#38 [admin internal] load build context
#38 ...

#44 [live base 1/3] FROM docker.io/library/node:22-alpine@sha256:b6f26b36c8ff49624cfdac716b8ea1138d606df02586a77d364bb5536a634f85
#44 resolve docker.io/library/node:22-alpine@sha256:b6f26b36c8ff49624cfdac716b8ea1138d606df02586a77d364bb5536a634f85 0.2s done
#44 DONE 0.2s

#55 [copilot internal] load build context
#55 DONE 0.0s

#56 [proxy internal] load .dockerignore
#56 transferring context: 2B 0.1s done
#56 DONE 0.3s

#38 [admin internal] load build context
#38 ...

#57 [live runner 1/9] WORKDIR /app
#57 CACHED

#58 [live base 2/2] RUN corepack enable
#58 CACHED

#59 [live runner 2/9] RUN apk del go 2>/dev/null || true
#59 CACHED

#60 [live runner 3/9] RUN rm -rf /usr/local/lib/node_modules/npm/node_modules/picomatch
#60 CACHED

#61 [proxy internal] load build context
#61 DONE 0.0s

#38 [admin internal] load build context
#38 ...

#44 [web base 1/3] FROM docker.io/library/node:22-alpine@sha256:b6f26b36c8ff49624cfdac716b8ea1138d606df02586a77d364bb5536a634f85
#44 resolve docker.io/library/node:22-alpine@sha256:b6f26b36c8ff49624cfdac716b8ea1138d606df02586a77d364bb5536a634f85 0.2s done
#44 DONE 0.2s

#45 [web production 1/5] FROM docker.io/library/caddy:2.11-alpine@sha256:de23def33b17fb5d1290b0f6c2add1d70780e52341896c00a4c8a2a2fe9d355e
#45 resolve docker.io/library/caddy:2.11-alpine@sha256:de23def33b17fb5d1290b0f6c2add1d70780e52341896c00a4c8a2a2fe9d355e 0.1s done
#45 DONE 0.1s

#46 [web production 2/5] RUN apk update && apk upgrade --no-cache && apk add --no-cache curl && rm -rf /var/cache/apk/*
#46 CACHED

#38 [admin internal] load build context
#38 ...

#62 [proxy caddy-builder 1/2] FROM docker.io/library/caddy:2.11.3-builder-alpine@sha256:3eae6b351ecdb05da6d16e341261a457692d344a435764c5ece7a60cf03a23f3
#62 resolve docker.io/library/caddy:2.11.3-builder-alpine@sha256:3eae6b351ecdb05da6d16e341261a457692d344a435764c5ece7a60cf03a23f3 2.0s done
#62 DONE 2.0s

#63 [proxy stage-1 1/5] FROM docker.io/library/caddy:2.11.3-alpine@sha256:86deaf5e3d3408a6ccec08fbb79989783dd26e206ae10bcf78a801dc8c9ab794
#63 resolve docker.io/library/caddy:2.11.3-alpine@sha256:86deaf5e3d3408a6ccec08fbb79989783dd26e206ae10bcf78a801dc8c9ab794 2.0s done
#63 DONE 2.0s

#38 [admin internal] load build context
#38 ...

#61 [proxy internal] load build context
#61 transferring context: 34B 0.1s done
#61 DONE 0.2s

#64 [proxy stage-1 2/5] RUN apk update && apk upgrade --no-cache && apk add --no-cache nss-tools bash curl
#64 CACHED

#65 [proxy stage-1 3/5] COPY --from=caddy-builder /usr/bin/caddy /usr/bin/caddy
#65 CACHED

#66 [proxy caddy-builder 2/2] RUN xcaddy build         --with github.com/caddy-dns/cloudflare@v0.2.1         --with github.com/caddy-dns/digitalocean@04bde2867106aa1b44c2f9da41a285fa02e629c5         --with github.com/mholt/caddy-l4@6faae83b167fda94e62b686be5cbeb9b3f8fe002         --with github.com/go-jose/go-jose/v3@v3.0.5         --with github.com/go-jose/go-jose/v4@v4.1.4         --with google.golang.org/grpc@v1.80.0         --with go.opentelemetry.io/otel@v1.43.0         --with go.opentelemetry.io/otel/sdk@v1.43.0
#66 CACHED

#67 [proxy stage-1 4/5] COPY Caddyfile.ce /etc/caddy/Caddyfile
#67 CACHED

#68 [proxy stage-1 5/5] RUN SITE_ADDRESS=https://localhost FILE_SIZE_LIMIT=5242880 BUCKET_NAME=uploads     CADDY_TLS_CERT_FILE=/etc/caddy/tls/origin.pem CADDY_TLS_KEY_FILE=/etc/caddy/tls/origin.key     caddy adapt --config /etc/caddy/Caddyfile --adapter caddyfile > /dev/null
#68 CACHED

#38 [admin internal] load build context
#38 ...

#69 [proxy] exporting to image
#69 exporting layers 0.1s done
#69 exporting manifest sha256:14b5d52b9415da9b536ccb253968b6b6834b45a5551841fb6de71e0129b62ff0 0.1s done
#69 exporting config sha256:bba437ffaa8be25d9563f8821016cb197d30a9863154884dbed092c971c9f307 0.0s done
#69 exporting attestation manifest sha256:fee9fa399c83b5cd4af4208fc248ff5a4102a0e405c2d37e56bc7c6a1a8b6af4 0.1s done
#69 exporting manifest list sha256:1b4fcabb2f0f3d975fefdb1fff2b7d35ce05385622b3676d2d880372ab1a3533 0.1s done
#69 naming to docker.io/library/ten-fold-plane-proxy:latest 0.0s done
#69 unpacking to docker.io/library/ten-fold-plane-proxy:latest 0.3s done
#69 DONE 3.0s

#38 [admin internal] load build context
#38 transferring context: 51.93MB 8.7s
#38 ...

#55 [copilot internal] load build context
#55 transferring context: 1.07MB 6.1s done
#55 DONE 7.7s

#42 [copilot base 2/3] WORKDIR /app
#42 CACHED

#70 [copilot builder 3/5] RUN corepack enable && pnpm add -g turbo@2.9.18
#70 CACHED

#38 [admin internal] load build context
#38 ...

#71 [proxy] resolving provenance for metadata file
#71 DONE 1.4s

#72 [live internal] load build context
#72 transferring context: 1.07MB 6.5s done
#72 DONE 8.4s

#38 [admin internal] load build context
#38 ...

#73 [web internal] load build context
#73 transferring context: 1.07MB 6.4s done
#73 DONE 8.2s

#38 [admin internal] load build context
#38 ...

#74 [live installer  2/12] RUN apk add --no-cache libc6-compat
#74 CACHED

#75 [live installer  1/12] RUN apk update
#75 CACHED

#76 [live installer  3/12] WORKDIR /app
#76 CACHED

#77 [live builder 4/6] RUN corepack enable pnpm && pnpm add -g turbo@2.9.18
#77 CACHED

#38 [admin internal] load build context
#38 ...

#78 [admin caddy-builder 2/2] RUN xcaddy build     --with github.com/mholt/caddy-ratelimit
#78 1.122 2026/09/18 14:42:00 [INFO] absolute output file path: /usr/bin/caddy
#78 1.122 2026/09/18 14:42:00 [INFO] Temporary folder: /tmp/buildenv_2026-09-18-1442.3296245113
#78 1.122 2026/09/18 14:42:00 [INFO] Writing main module: /tmp/buildenv_2026-09-18-1442.3296245113/main.go
#78 1.122 package main
#78 1.122 
#78 1.122 import (
#78 1.122 	caddycmd "github.com/caddyserver/caddy/v2/cmd"
#78 1.122 
#78 1.122 	// plug in Caddy modules here
#78 1.122 	_ "github.com/caddyserver/caddy/v2/modules/standard"
#78 1.122 	_ "github.com/mholt/caddy-ratelimit"
#78 1.122 )
#78 1.122 
#78 1.122 func main() {
#78 1.122 	caddycmd.Main()
#78 1.122 }
#78 1.122 2026/09/18 14:42:00 [INFO] Initializing Go module
#78 1.122 2026/09/18 14:42:00 [INFO] exec (timeout=0s): /usr/local/go/bin/go mod init caddy 
#78 1.201 go: creating new go.mod: module caddy
#78 1.201 go: to add module requirements and sums:
#78 1.201 	go mod tidy
#78 1.201 2026/09/18 14:42:00 [INFO] Pinning versions
#78 1.201 2026/09/18 14:42:00 [INFO] exec (timeout=0s): /usr/local/go/bin/go get -v github.com/caddyserver/caddy/v2@v2.11.4 
#78 1.728 go: downloading github.com/caddyserver/caddy/v2 v2.11.4
#78 3.636 go: downloading github.com/caddyserver/certmagic v0.25.3
#78 3.661 go: downloading github.com/cespare/xxhash/v2 v2.3.0
#78 4.031 go: downloading github.com/cespare/xxhash v1.1.0
#78 4.297 go: downloading github.com/google/uuid v1.6.0
#78 4.733 go: downloading github.com/prometheus/client_golang v1.23.2
#78 5.020 go: downloading github.com/quic-go/quic-go v0.59.1
#78 6.157 go: downloading go.uber.org/zap v1.28.0
#78 6.157 go: downloading go.uber.org/zap/exp v0.3.0
#78 6.751 go: downloading golang.org/x/sys v0.45.0
#78 8.328 go: downloading golang.org/x/term v0.43.0
#78 8.328 go: downloading golang.org/x/time v0.15.0
#78 9.725 go: downloading github.com/caddyserver/zerossl v0.1.5
#78 9.725 go: downloading github.com/klauspost/cpuid/v2 v2.3.0
#78 9.903 go: downloading github.com/libdns/libdns v1.1.1
#78 ...

#79 [web production 3/4] COPY apps/web/caddy/Caddyfile /etc/caddy/Caddyfile
#79 CACHED

#80 [web installer  1/12] RUN apk add --no-cache libc6-compat
#80 CACHED

#81 [web installer  2/12] WORKDIR /app
#81 CACHED

#58 [web base 2/2] RUN corepack enable
#58 CACHED

#82 [web builder 3/5] RUN corepack enable pnpm && pnpm add -g turbo@2.9.18
#82 CACHED

#78 [admin caddy-builder 2/2] RUN xcaddy build     --with github.com/mholt/caddy-ratelimit
#78 10.21 go: downloading github.com/mholt/acmez/v3 v3.1.6
#78 ...

#38 [admin internal] load build context
#38 transferring context: 70.53MB 10.7s done
#38 transferring context: 70.53MB 10.7s done
#38 DONE 10.9s

#78 [admin caddy-builder 2/2] RUN xcaddy build     --with github.com/mholt/caddy-ratelimit
#78 10.79 go: downloading github.com/miekg/dns v1.1.72
#78 10.79 go: downloading github.com/zeebo/blake3 v0.2.4
#78 ...

#42 [admin base 2/3] WORKDIR /app
#42 CACHED

#40 [admin base 3/3] RUN corepack enable pnpm
#40 CACHED

#83 [admin builder 1/3] RUN pnpm add -g turbo@2.9.18
#83 CACHED

#83 [space builder 1/3] RUN pnpm add -g turbo@2.9.18
#83 CACHED

#84 [space builder 2/3] COPY . .
#84 ...

#78 [admin caddy-builder 2/2] RUN xcaddy build     --with github.com/mholt/caddy-ratelimit
#78 11.32 go: downloading golang.org/x/crypto v0.52.0
#78 11.44 go: downloading golang.org/x/net v0.55.0
#78 12.75 go: downloading github.com/beorn7/perks v1.0.1
#78 12.93 go: downloading github.com/prometheus/client_model v0.6.2
#78 13.14 go: downloading github.com/prometheus/common v0.67.5
#78 13.68 go: downloading github.com/prometheus/procfs v0.20.1
#78 13.68 go: downloading google.golang.org/protobuf v1.36.11
#78 14.80 go: downloading github.com/quic-go/qpack v0.6.0
#78 14.86 go: downloading go.uber.org/multierr v1.11.0
#78 15.46 go: downloading golang.org/x/tools v0.44.0
#78 15.48 go: downloading golang.org/x/text v0.37.0
#78 ...

#84 [space builder 2/3] COPY . .
#84 DONE 6.1s

#85 [space builder 3/3] RUN turbo prune --scope=space --docker
#85 1.907  WARNING  --scope is deprecated and will be removed in a future major version. Use positional arguments instead (e.g. `turbo prune web`)
#85 ...

#86 [copilot builder 4/5] COPY . .
#86 ...

#78 [admin caddy-builder 2/2] RUN xcaddy build     --with github.com/mholt/caddy-ratelimit
#78 18.59 go: downloading github.com/munnerz/goautoneg v0.0.0-20191010083416-a7dc8b61c822
#78 18.59 go: downloading go.yaml.in/yaml/v2 v2.4.4
#78 18.82 go: downloading golang.org/x/sync v0.20.0
#78 18.94 go: downloading golang.org/x/mod v0.35.0
#78 ...

#87 [web builder 4/5] COPY . .
#87 ...

#88 [live builder 5/6] COPY . .
#88 ...

#89 [admin builder 3/3] RUN turbo prune --scope=admin --docker
#89 1.907  WARNING  --scope is deprecated and will be removed in a future major version. Use positional arguments instead (e.g. `turbo prune web`)
#89 2.303 Generating pruned monorepo for admin in /app/out
#89 2.332  - Added @plane/constants
#89 2.346  - Added @plane/hooks
#89 2.373  - Added @plane/services
#89 2.385  - Added @plane/tailwind-config
#89 2.427  - Added @plane/types
#89 2.440  - Added @plane/typescript-config
#89 2.489  - Added @plane/utils
#89 2.561  - Added admin
#89 DONE 3.3s

#85 [space builder 3/3] RUN turbo prune --scope=space --docker
#85 2.292 Generating pruned monorepo for space in /app/out
#85 2.337  - Added @plane/constants
#85 2.417  - Added @plane/editor
#85 2.432  - Added @plane/hooks
#85 2.599  - Added @plane/i18n
#85 2.653  - Added @plane/propel
#85 2.673  - Added @plane/services
#85 2.673  - Added @plane/tailwind-config
#85 2.751  - Added @plane/types
#85 2.751  - Added @plane/typescript-config
#85 2.799  - Added @plane/ui
#85 2.826  - Added @plane/utils
#85 2.883  - Added space
#85 DONE 3.3s

#87 [web builder 4/5] COPY . .
#87 ...

#90 [admin installer 3/8] COPY --from=builder /app/out/pnpm-lock.yaml ./pnpm-lock.yaml
#90 CACHED

#91 [admin installer 5/8] COPY turbo.json turbo.json
#91 CACHED

#92 [admin installer 2/8] COPY --from=builder /app/out/json/ .
#92 CACHED

#93 [admin installer 4/8] COPY --from=builder /app/out/full/ .
#93 CACHED

#94 [admin installer 6/8] RUN --mount=type=cache,id=pnpm-store,target=/pnpm/store pnpm fetch --store-dir=/pnpm/store
#94 CACHED

#95 [admin installer 1/8] COPY .gitignore .gitignore
#95 CACHED

#96 [admin installer 7/8] RUN --mount=type=cache,id=pnpm-store,target=/pnpm/store CI=true pnpm install --offline --frozen-lockfile --store-dir=/pnpm/store --prod=false
#96 CACHED

#97 [admin installer 8/8] RUN pnpm turbo run build --filter=admin
#97 ...

#95 [space installer 1/8] COPY .gitignore .gitignore
#95 CACHED

#98 [space installer 2/8] COPY --from=builder /app/out/json/ .
#98 CACHED

#99 [space installer 4/8] COPY --from=builder /app/out/full/ .
#99 CACHED

#100 [space installer 6/8] RUN --mount=type=cache,id=pnpm-store,target=/pnpm/store pnpm fetch --store-dir=/pnpm/store
#100 CACHED

#101 [space installer 3/8] COPY --from=builder /app/out/pnpm-lock.yaml ./pnpm-lock.yaml
#101 CACHED

#102 [space installer 5/8] COPY turbo.json turbo.json
#102 CACHED

#103 [space installer 7/8] RUN --mount=type=cache,id=pnpm-store,target=/pnpm/store CI=true pnpm install --offline --frozen-lockfile --store-dir=/pnpm/store --prod=false
#103 CACHED

#104 [space installer 8/8] RUN pnpm turbo run build --filter=space
#104 ...

#86 [copilot builder 4/5] COPY . .
#86 DONE 16.9s

#105 [copilot builder 5/5] RUN turbo prune --scope=@plane/copilot --docker
#105 ...

#87 [web builder 4/5] COPY . .
#87 DONE 16.1s

#88 [live builder 5/6] COPY . .
#88 DONE 16.2s

#106 [web builder 5/5] RUN turbo prune --scope=web --docker
#106 2.979  WARNING  --scope is deprecated and will be removed in a future major version. Use positional arguments instead (e.g. `turbo prune web`)
#106 2.985 
#106 2.986 Attention:
#106 2.986 Turborepo now collects completely anonymous telemetry regarding usage.
#106 2.986 This information is used to shape the Turborepo roadmap and prioritize features.
#106 2.986 You can learn more, including how to opt-out if you'd not like to participate in this anonymous program, by visiting the following URL:
#106 2.986 https://turborepo.dev/docs/telemetry
#106 2.986 
#106 2.997 • turbo 2.9.18
#106 3.882 Generating pruned monorepo for web in /app/out
#106 3.950  - Added @plane/constants
#106 ...

#105 [copilot builder 5/5] RUN turbo prune --scope=@plane/copilot --docker
#105 3.369  WARNING  --scope is deprecated and will be removed in a future major version. Use positional arguments instead (e.g. `turbo prune web`)
#105 3.379 
#105 3.379 Attention:
#105 3.379 Turborepo now collects completely anonymous telemetry regarding usage.
#105 3.379 This information is used to shape the Turborepo roadmap and prioritize features.
#105 3.379 You can learn more, including how to opt-out if you'd not like to participate in this anonymous program, by visiting the following URL:
#105 3.379 https://turborepo.dev/docs/telemetry
#105 3.379 
#105 3.388 • turbo 2.9.18
#105 4.107 Generating pruned monorepo for @plane/copilot in /app/out
#105 4.138  - Added @plane/copilot
#105 4.155  - Added @plane/typescript-config
#105 DONE 4.6s

#106 [web builder 5/5] RUN turbo prune --scope=web --docker
#106 4.269  - Added @plane/editor
#106 4.318  - Added @plane/hooks
#106 ...

#107 [copilot stage-1 4/8] COPY --from=builder /app/out/json/ .
#107 CACHED

#108 [copilot stage-1 6/8] COPY --from=builder /app/out/full/ .
#108 CACHED

#109 [copilot stage-1 5/8] COPY --from=builder /app/out/pnpm-lock.yaml ./pnpm-lock.yaml
#109 CACHED

#110 [copilot stage-1 7/8] RUN --mount=type=cache,id=pnpm-store,target=/pnpm/store pnpm fetch --store-dir=/pnpm/store
#110 CACHED

#111 [copilot stage-1 3/8] RUN apk add --no-cache libc6-compat && corepack enable
#111 CACHED

#112 [copilot stage-1 8/8] RUN --mount=type=cache,id=pnpm-store,target=/pnpm/store CI=true pnpm install --offline --frozen-lockfile --store-dir=/pnpm/store
#112 CACHED

#113 [copilot] exporting to image
#113 exporting layers 0.0s done
#113 exporting manifest sha256:a5cdb3dd9159b122858c9e44ff81a3455969b76f868a871f5bb79d9c27e570d8 0.0s done
#113 exporting config sha256:5136fea4989c34f9c7fa4426cb7d404be104edf799a288f92f8ef0dbbd35ed34 done
#113 exporting attestation manifest sha256:998f674985e456c898ad056fd44b4ea21a5f99280272b0ca4b710bc0fe6576ae 0.0s done
#113 exporting manifest list sha256:6f7be2a7d5ea334f1627f7f11547de1a8494e3770ae63c6b744311489629bb01
#113 exporting manifest list sha256:6f7be2a7d5ea334f1627f7f11547de1a8494e3770ae63c6b744311489629bb01 0.0s done
#113 naming to docker.io/library/ten-fold-plane-copilot:latest done
#113 unpacking to docker.io/library/ten-fold-plane-copilot:latest 0.1s done
#113 DONE 0.5s

#114 [live builder 6/6] RUN turbo prune --scope=live --docker
#114 3.011  WARNING  --scope is deprecated and will be removed in a future major version. Use positional arguments instead (e.g. `turbo prune web`)
#114 3.014 
#114 3.015 Attention:
#114 3.015 Turborepo now collects completely anonymous telemetry regarding usage.
#114 3.015 This information is used to shape the Turborepo roadmap and prioritize features.
#114 3.015 You can learn more, including how to opt-out if you'd not like to participate in this anonymous program, by visiting the following URL:
#114 3.015 https://turborepo.dev/docs/telemetry
#114 3.015 
#114 3.020 • turbo 2.9.18
#114 3.749 Generating pruned monorepo for live in /app/out
#114 3.779  - Added @plane/constants
#114 3.798  - Added @plane/decorators
#114 4.215  - Added @plane/editor
#114 4.262  - Added @plane/hooks
#114 4.309  - Added @plane/logger
#114 4.770  - Added @plane/propel
#114 4.803  - Added @plane/tailwind-config
#114 4.949  - Added @plane/types
#114 4.965  - Added @plane/typescript-config
#114 5.065  - Added @plane/ui
#114 ...

#78 [admin caddy-builder 2/2] RUN xcaddy build     --with github.com/mholt/caddy-ratelimit
#78 21.34 go: added github.com/beorn7/perks v1.0.1
#78 21.34 go: added github.com/caddyserver/caddy/v2 v2.11.4
#78 21.34 go: added github.com/caddyserver/certmagic v0.25.3
#78 21.34 go: added github.com/caddyserver/zerossl v0.1.5
#78 21.34 go: added github.com/cespare/xxhash/v2 v2.3.0
#78 21.34 go: added github.com/google/uuid v1.6.0
#78 21.34 go: added github.com/klauspost/cpuid/v2 v2.3.0
#78 21.34 go: added github.com/libdns/libdns v1.1.1
#78 21.34 go: added github.com/mholt/acmez/v3 v3.1.6
#78 21.34 go: added github.com/miekg/dns v1.1.72
#78 21.34 go: added github.com/munnerz/goautoneg v0.0.0-20191010083416-a7dc8b61c822
#78 21.34 go: added github.com/prometheus/client_golang v1.23.2
#78 21.34 go: added github.com/prometheus/client_model v0.6.2
#78 21.34 go: added github.com/prometheus/common v0.67.5
#78 21.34 go: added github.com/prometheus/procfs v0.20.1
#78 21.34 go: added github.com/quic-go/qpack v0.6.0
#78 21.34 go: added github.com/quic-go/quic-go v0.59.1
#78 21.34 go: added github.com/zeebo/blake3 v0.2.4
#78 21.34 go: added go.uber.org/multierr v1.11.0
#78 21.34 go: added go.uber.org/zap v1.28.0
#78 21.34 go: added go.uber.org/zap/exp v0.3.0
#78 21.34 go: added go.yaml.in/yaml/v2 v2.4.4
#78 21.34 go: added golang.org/x/crypto v0.52.0
#78 21.34 go: added golang.org/x/mod v0.35.0
#78 21.34 go: added golang.org/x/net v0.55.0
#78 21.34 go: added golang.org/x/sync v0.20.0
#78 21.34 go: added golang.org/x/sys v0.45.0
#78 21.34 go: added golang.org/x/term v0.43.0
#78 21.34 go: added golang.org/x/text v0.37.0
#78 21.34 go: added golang.org/x/time v0.15.0
#78 21.34 go: added golang.org/x/tools v0.44.0
#78 21.34 go: added google.golang.org/protobuf v1.36.11
#78 21.34 2026/09/18 14:42:20 [INFO] exec (timeout=0s): /usr/local/go/bin/go get -v github.com/mholt/caddy-ratelimit github.com/caddyserver/caddy/v2@v2.11.4 
#78 23.21 go: downloading github.com/mholt/caddy-ratelimit v0.1.0
#78 23.53 go: downloading github.com/dustin/go-humanize v1.0.1
#78 23.57 go: downloading github.com/google/cel-go v0.28.1
#78 25.26 go: downloading github.com/spf13/cobra v1.10.2
#78 25.26 go: downloading go.opentelemetry.io/contrib/bridges/prometheus v0.68.0
#78 26.00 go: downloading go.opentelemetry.io/contrib/exporters/autoexport v0.68.0
#78 26.36 go: downloading go.opentelemetry.io/otel/sdk/metric v1.43.0
#78 26.68 go: downloading go.opentelemetry.io/otel/sdk v1.43.0
#78 27.21 go: downloading go.opentelemetry.io/otel v1.43.0
#78 30.43 go: downloading github.com/smallstep/certificates v0.30.2
#78 ...

#114 [live builder 6/6] RUN turbo prune --scope=live --docker
#114 5.139  - Added @plane/utils
#114 5.308  - Added live
#114 DONE 6.1s

#106 [web builder 5/5] RUN turbo prune --scope=web --docker
#106 5.132  - Added @plane/i18n
#106 5.589  - Added @plane/propel
#106 5.636  - Added @plane/services
#106 5.678  - Added @plane/shared-state
#106 5.703  - Added @plane/tailwind-config
#106 5.913  - Added @plane/types
#106 5.913  - Added @plane/typescript-config
#106 6.046  - Added @plane/ui
#106 6.182  - Added @plane/utils
#106 ...

#115 [copilot] resolving provenance for metadata file
#115 DONE 1.3s

#78 [admin caddy-builder 2/2] RUN xcaddy build     --with github.com/mholt/caddy-ratelimit
#78 32.43 go: downloading github.com/smallstep/truststore v0.13.0
#78 32.43 go: downloading go.step.sm/crypto v0.81.0
#78 34.44 go: downloading github.com/cloudflare/circl v1.6.3
#78 ...

#97 [admin installer 8/8] RUN pnpm turbo run build --filter=admin
#97 5.088 
#97 5.088    • Packages in scope: admin
#97 5.088    • Running build in 1 packages
#97 5.088    • Remote caching disabled
#97 5.088 
#97 5.502 @plane/hooks:build: cache miss, executing d0aef673d47062f7
#97 5.505 @plane/types:build: cache miss, executing 388d4d0f142f4549
#97 ...

#106 [web builder 5/5] RUN turbo prune --scope=web --docker
#106 8.860  - Added web
#106 DONE 9.8s

#104 [space installer 8/8] RUN pnpm turbo run build --filter=space
#104 5.958 
#104 5.958    • Packages in scope: space
#104 5.958    • Running build in 1 packages
#104 5.958    • Remote caching disabled
#104 5.958 
#104 7.768 @plane/i18n:build: cache miss, executing 5dbd7ff96bc08b5a
#104 7.769 @plane/hooks:build: cache miss, executing d0aef673d47062f7
#104 7.791 @plane/types:build: cache miss, executing 388d4d0f142f4549
#104 ...

#97 [admin installer 8/8] RUN pnpm turbo run build --filter=admin
#97 15.54 @plane/types:build: $ tsdown
#97 15.55 @plane/hooks:build: $ tsdown
#97 16.85 @plane/types:build: [34mℹ[39m tsdown [2mv0.16.0[22m powered by rolldown [2mv1.0.0-beta.46[22m
#97 ...

#116 [live installer  6/12] COPY --from=builder /app/out/pnpm-lock.yaml ./pnpm-lock.yaml
#116 CACHED

#117 [live installer  4/12] COPY .gitignore .gitignore
#117 CACHED

#118 [live installer  8/12] COPY --from=builder /app/out/full/ .
#118 CACHED

#119 [live installer 10/12] RUN --mount=type=cache,id=pnpm-store,target=/pnpm/store pnpm fetch --store-dir=/pnpm/store
#119 CACHED

#120 [live installer  5/12] COPY --from=builder /app/out/json/ .
#120 CACHED

#121 [live installer  7/12] RUN corepack enable pnpm
#121 CACHED

#122 [live installer  9/12] COPY turbo.json turbo.json
#122 CACHED

#123 [live installer 11/12] RUN --mount=type=cache,id=pnpm-store,target=/pnpm/store CI=true pnpm install --offline --frozen-lockfile --store-dir=/pnpm/store
#123 CACHED

#97 [admin installer 8/8] RUN pnpm turbo run build --filter=admin
#97 16.97 @plane/hooks:build: [34mℹ[39m tsdown [2mv0.16.0[22m powered by rolldown [2mv1.0.0-beta.46[22m
#97 18.46 @plane/types:build: [34mℹ[39m Using tsdown config: [4m/app/packages/types/tsdown.config.ts[24m
#97 18.46 @plane/hooks:build: [34mℹ[39m Using tsdown config: [4m/app/packages/hooks/tsdown.config.ts[24m
#97 18.53 @plane/types:build: [34mℹ[39m entry: [34msrc/index.ts[39m
#97 18.53 @plane/types:build: [34mℹ[39m tsconfig: [34mtsconfig.json[39m
#97 18.53 @plane/types:build: [34mℹ[39m Build start
#97 18.54 @plane/hooks:build: [34mℹ[39m entry: [34msrc/index.ts[39m
#97 18.54 @plane/hooks:build: [34mℹ[39m tsconfig: [34mtsconfig.json[39m
#97 18.55 @plane/hooks:build: [34mℹ[39m Build start
#97 ...

#124 [web installer 10/12] RUN --mount=type=cache,id=pnpm-store,target=/pnpm/store pnpm fetch --store-dir=/pnpm/store
#124 CACHED

#125 [web installer  3/12] COPY .gitignore .gitignore
#125 CACHED

#126 [web installer  4/12] COPY --from=builder /app/out/json/ .
#126 CACHED

#127 [web installer  5/12] COPY --from=builder /app/out/pnpm-lock.yaml ./pnpm-lock.yaml
#127 CACHED

#128 [web installer  6/12] RUN corepack enable pnpm
#128 CACHED

#129 [web installer  7/12] COPY --from=builder /app/out/full/ .
#129 CACHED

#130 [web installer  9/12] COPY turbo.json turbo.json
#130 CACHED

#131 [web installer  8/12] COPY --from=builder /app/apps/proxy/grist-custom.css ./apps/proxy/grist-custom.css
#131 CACHED

#132 [web installer 11/12] RUN --mount=type=cache,id=pnpm-store,target=/pnpm/store CI=true pnpm install --offline --frozen-lockfile --store-dir=/pnpm/store
#132 CACHED

#133 [web installer 12/12] RUN pnpm turbo run build --filter=web --force     && printf '%s\n' "2be5525c3e86bd21807abb413904ad5e37d31eddaed61d1bfdacf350353ac08e" > /app/apps/web/build/client/deployment-source.txt
#133 ...

#134 [live installer 12/12] RUN pnpm turbo run build --filter=live
#134 ...

#78 [admin caddy-builder 2/2] RUN xcaddy build     --with github.com/mholt/caddy-ratelimit
#78 40.36 go: downloading github.com/tailscale/tscert v0.0.0-20251216020129-aea342f6d747
#78 40.40 go: downloading github.com/KimMachineGun/automemlimit v0.7.5
#78 41.07 go: downloading github.com/aryann/difflib v0.0.0-20210328193216-ff5ff6dc229b
#78 41.23 go: downloading github.com/spf13/pflag v1.0.10
#78 41.38 go: downloading go.uber.org/automaxprocs v1.6.0
#78 41.56 go: downloading golang.org/x/crypto/x509roots/fallback v0.0.0-20260213171211-a408498e5541
#78 41.75 go: downloading cel.dev/expr v0.25.1
#78 42.23 go: downloading google.golang.org/genproto/googleapis/api v0.0.0-20260406210006-6f92a3bedf2d
#78 42.40 go: downloading github.com/antlr4-go/antlr/v4 v4.13.1
#78 42.86 go: downloading github.com/inconshreveable/mousetrap v1.1.0
#78 43.15 go: downloading go.opentelemetry.io/otel/exporters/otlp/otlplog/otlploggrpc v0.19.0
#78 43.17 go: downloading go.opentelemetry.io/otel/exporters/otlp/otlplog/otlploghttp v0.19.0
#78 43.75 go: downloading go.opentelemetry.io/otel/exporters/otlp/otlpmetric/otlpmetricgrpc v1.43.0
#78 43.98 go: downloading go.opentelemetry.io/otel/exporters/otlp/otlpmetric/otlpmetrichttp v1.43.0
#78 44.33 go: downloading go.opentelemetry.io/otel/exporters/otlp/otlptrace/otlptracegrpc v1.43.0
#78 44.47 go: downloading go.opentelemetry.io/otel/exporters/otlp/otlptrace/otlptracehttp v1.43.0
#78 44.53 go: downloading go.opentelemetry.io/otel/exporters/otlp/otlptrace v1.43.0
#78 44.84 go: downloading go.opentelemetry.io/otel/exporters/prometheus v0.65.0
#78 45.05 go: downloading go.opentelemetry.io/otel/exporters/stdout/stdoutlog v0.19.0
#78 45.38 go: downloading go.opentelemetry.io/otel/exporters/stdout/stdoutmetric v1.43.0
#78 45.61 go: downloading go.opentelemetry.io/otel/exporters/stdout/stdouttrace v1.43.0
#78 46.00 go: downloading go.opentelemetry.io/otel/sdk/log v0.19.0
#78 46.25 go: downloading go.opentelemetry.io/otel/metric v1.43.0
#78 46.50 go: downloading github.com/pkg/errors v0.9.1
#78 46.53 go: downloading github.com/smallstep/cli-utils v0.12.2
#78 47.19 go: downloading github.com/smallstep/linkedca v0.25.0
#78 47.19 go: downloading github.com/smallstep/nosql v0.8.0
#78 47.89 go: downloading google.golang.org/grpc v1.81.0
#78 ...

#134 [live installer 12/12] RUN pnpm turbo run build --filter=live
#134 12.18 Scope: all 13 workspace projects
#134 ...

#104 [space installer 8/8] RUN pnpm turbo run build --filter=space
#104 18.42 @plane/hooks:build: $ tsdown
#104 20.56 @plane/types:build: $ tsdown
#104 20.79 @plane/i18n:build: $ pnpm run generate:types && tsdown
#104 21.12 @plane/hooks:build: [34mℹ[39m tsdown [2mv0.16.0[22m powered by rolldown [2mv1.0.0-beta.46[22m
#104 22.54 @plane/types:build: [34mℹ[39m tsdown [2mv0.16.0[22m powered by rolldown [2mv1.0.0-beta.46[22m
#104 23.76 @plane/hooks:build: [34mℹ[39m Using tsdown config: [4m/app/packages/hooks/tsdown.config.ts[24m
#104 24.10 @plane/hooks:build: [34mℹ[39m entry: [34msrc/index.ts[39m
#104 24.12 @plane/hooks:build: [34mℹ[39m tsconfig: [34mtsconfig.json[39m
#104 24.12 @plane/hooks:build: [34mℹ[39m Build start
#104 25.39 @plane/types:build: [34mℹ[39m Using tsdown config: [4m/app/packages/types/tsdown.config.ts[24m
#104 25.68 @plane/types:build: [34mℹ[39m entry: [34msrc/index.ts[39m
#104 25.69 @plane/types:build: [34mℹ[39m tsconfig: [34mtsconfig.json[39m
#104 25.72 @plane/types:build: [34mℹ[39m Build start
#104 ...

#78 [admin caddy-builder 2/2] RUN xcaddy build     --with github.com/mholt/caddy-ratelimit
#78 51.20 go: downloading howett.net/plist v1.0.0
#78 51.21 go: downloading github.com/slackhq/nebula v1.10.3
#78 51.88 go: downloading github.com/pbnjay/memory v0.0.0-20210728143218-7b4eea64cf58
#78 52.15 go: downloading github.com/cpuguy83/go-md2man/v2 v2.0.7
#78 52.44 go: downloading go.yaml.in/yaml/v3 v3.0.4
#78 52.58 go: downloading golang.org/x/exp v0.0.0-20251023183803-a4bb9ffd2546
#78 52.87 go: downloading google.golang.org/genproto/googleapis/rpc v0.0.0-20260427160629-7cedc36a6bc4
#78 53.41 go: downloading github.com/go-logr/logr v1.4.3
#78 53.66 go: downloading go.opentelemetry.io/otel/trace v1.43.0
#78 53.99 go: downloading go.opentelemetry.io/proto/otlp v1.10.0
#78 54.26 go: downloading go.opentelemetry.io/otel/log v0.19.0
#78 54.26 go: downloading github.com/prometheus/otlptranslator v1.0.0
#78 54.69 go: downloading github.com/go-logr/stdr v1.2.2
#78 54.73 go: downloading go.opentelemetry.io/auto/sdk v1.2.1
#78 54.81 go: downloading github.com/ccoveille/go-safecast/v2 v2.0.0
#78 54.81 go: downloading github.com/smallstep/pkcs7 v0.2.1
#78 55.33 go: downloading github.com/smallstep/scep v0.0.0-20250318231241-a25cabb69492
#78 56.02 go: downloading github.com/Masterminds/sprig/v3 v3.3.0
#78 56.03 go: downloading github.com/urfave/cli v1.22.17
#78 56.49 go: downloading github.com/chzyer/readline v1.5.1
#78 56.80 go: downloading github.com/manifoldco/promptui v0.9.0
#78 56.97 go: downloading google.golang.org/grpc/cmd/protoc-gen-go-grpc v1.5.1
#78 57.24 go: downloading github.com/go-jose/go-jose/v3 v3.0.5
#78 58.15 go: downloading filippo.io/edwards25519 v1.2.0
#78 58.61 go: downloading google.golang.org/api v0.277.0
#78 58.62 go: downloading github.com/coreos/go-oidc/v3 v3.17.0
#78 59.04 go: downloading github.com/rs/xid v1.6.0
#78 59.66 go: downloading github.com/mitchellh/go-ps v1.0.0
#78 59.90 go: downloading github.com/tailscale/go-winio v0.0.0-20231025203758-c4f33415bf55
#78 60.89 go: downloading github.com/russross/blackfriday/v2 v2.1.0
#78 61.15 go: downloading github.com/cenkalti/backoff/v5 v5.0.3
#78 61.98 go: downloading github.com/grpc-ecosystem/grpc-gateway/v2 v2.28.0
#78 ...

#134 [live installer 12/12] RUN pnpm turbo run build --filter=live
#134 16.32 ✓ Lockfile passes supply-chain policies (verified 8h ago)
#134 16.46 Lockfile is up to date, resolution step is skipped
#134 20.08 Already up to date
#134 20.97 
#134 20.97    ╭──────────────────────────────────────────────╮
#134 20.97    │                                              │
#134 20.97    │     Update available! 11.10.0 → 12.4.2.      │
#134 20.97    │     Changelog: https://pnpm.io/v/12.4.2      │
#134 20.97    │   To update, run: corepack use pnpm@12.4.2   │
#134 20.97    │                                              │
#134 20.97    ╰──────────────────────────────────────────────╯
#134 20.97 
#134 ...

#78 [admin caddy-builder 2/2] RUN xcaddy build     --with github.com/mholt/caddy-ratelimit
#78 64.68 go: downloading dario.cat/mergo v1.0.2
#78 65.22 go: downloading github.com/Masterminds/goutils v1.1.1
#78 65.55 go: downloading github.com/Masterminds/semver/v3 v3.4.0
#78 ...

#133 [web installer 12/12] RUN pnpm turbo run build --filter=web --force     && printf '%s\n' "2be5525c3e86bd21807abb413904ad5e37d31eddaed61d1bfdacf350353ac08e" > /app/apps/web/build/client/deployment-source.txt
#133 10.89 Scope: all 14 workspace projects
#133 14.71 ✓ Lockfile passes supply-chain policies (verified 8h ago)
#133 14.91 Lockfile is up to date, resolution step is skipped
#133 21.39 Already up to date
#133 ...

#78 [admin caddy-builder 2/2] RUN xcaddy build     --with github.com/mholt/caddy-ratelimit
#78 66.25 go: downloading github.com/huandu/xstrings v1.5.0
#78 66.89 go: downloading github.com/mitchellh/copystructure v1.2.0
#78 ...

#104 [space installer 8/8] RUN pnpm turbo run build --filter=space
#104 34.65 @plane/i18n:build: $ tsx scripts/generate-types.ts
#104 ...

#78 [admin caddy-builder 2/2] RUN xcaddy build     --with github.com/mholt/caddy-ratelimit
#78 67.31 go: downloading github.com/shopspring/decimal v1.4.0
#78 67.85 go: downloading github.com/spf13/cast v1.7.0
#78 68.68 go: downloading github.com/dgraph-io/badger v1.6.2
#78 69.39 go: downloading github.com/dgraph-io/badger/v2 v2.2007.4
#78 70.02 go: downloading go.etcd.io/bbolt v1.4.3
#78 71.08 go: downloading github.com/go-sql-driver/mysql v1.9.3
#78 71.83 go: downloading github.com/jackc/pgx/v5 v5.9.2
#78 ...

#104 [space installer 8/8] RUN pnpm turbo run build --filter=space
#104 50.32 @plane/i18n:build: Generated 3838 keys from 28 namespace files
#104 54.31 @plane/i18n:build: [34mℹ[39m tsdown [2mv0.16.0[22m powered by rolldown [2mv1.0.0-beta.46[22m
#104 ...

#133 [web installer 12/12] RUN pnpm turbo run build --filter=web --force     && printf '%s\n' "2be5525c3e86bd21807abb413904ad5e37d31eddaed61d1bfdacf350353ac08e" > /app/apps/web/build/client/deployment-source.txt
#133 22.76 [WARN] Request took 11642ms: https://registry.npmjs.org/pnpm
#133 22.79 
#133 22.79    ╭──────────────────────────────────────────────╮
#133 22.79    │                                              │
#133 22.79    │     Update available! 11.10.0 → 12.4.2.      │
#133 22.79    │     Changelog: https://pnpm.io/v/12.4.2      │
#133 22.79    │   To update, run: corepack use pnpm@12.4.2   │
#133 22.79    │                                              │
#133 22.79    ╰──────────────────────────────────────────────╯
#133 22.79 
#133 ...

#78 [admin caddy-builder 2/2] RUN xcaddy build     --with github.com/mholt/caddy-ratelimit
#78 73.49 go: downloading github.com/go-jose/go-jose/v4 v4.1.4
#78 74.23 go: downloading golang.org/x/oauth2 v0.36.0
#78 74.68 go: downloading filippo.io/bigmod v0.1.0
#78 75.61 go: downloading github.com/mitchellh/reflectwalk v1.0.2
#78 75.90 go: downloading github.com/dgraph-io/ristretto v0.2.0
#78 76.58 go: downloading github.com/golang/protobuf v1.5.4
#78 77.00 go: downloading github.com/dgryski/go-farm v0.0.0-20200201041132-a6ae2369ad13
#78 77.69 go: downloading github.com/mgutz/ansi v0.0.0-20200706080929-d51e80ef957d
#78 77.95 go: downloading github.com/AndreasBriese/bbloom v0.0.0-20190825152654-46b345b51c96
#78 78.35 go: downloading github.com/golang/snappy v0.0.4
#78 78.92 go: downloading github.com/klauspost/compress v1.18.6
#78 ...

#104 [space installer 8/8] RUN pnpm turbo run build --filter=space
#104 58.66 @plane/i18n:build: [34mℹ[39m Using tsdown config: [4m/app/packages/i18n/tsdown.config.ts[24m
#104 59.38 @plane/i18n:build: [34mℹ[39m entry: [34msrc/index.ts[39m
#104 59.41 @plane/i18n:build: [34mℹ[39m tsconfig: [34mtsconfig.json[39m
#104 59.41 @plane/i18n:build: [34mℹ[39m Build start
#104 ...

#134 [live installer 12/12] RUN pnpm turbo run build --filter=live
#134 37.02 
#134 37.10 . prepare$ husky
#134 37.45 . prepare: .git can't be found
#134 37.46 . prepare: Done
#134 39.09 Done in 31.5s using pnpm v11.10.0
#134 40.30 • turbo 2.10.11
#134 40.87 
#134 40.87    • Packages in scope: live
#134 40.87    • Running build in 1 packages
#134 40.87    • Remote caching disabled
#134 40.87 
#134 41.44 @plane/decorators:build: cache miss, executing ee0d07a833633b3d
#134 41.44 @plane/logger:build: cache miss, executing 09376fcd1266fb8a
#134 41.45 @plane/hooks:build: cache miss, executing 03765f147810d758
#134 41.46 @plane/types:build: cache miss, executing 500db04b6ca0f300
#134 ...

#133 [web installer 12/12] RUN pnpm turbo run build --filter=web --force     && printf '%s\n' "2be5525c3e86bd21807abb413904ad5e37d31eddaed61d1bfdacf350353ac08e" > /app/apps/web/build/client/deployment-source.txt
#133 39.68 
#133 39.76 . prepare$ husky
#133 40.50 . prepare: .git can't be found
#133 40.50 . prepare: Done
#133 43.10 Done in 37.1s using pnpm v11.10.0
#133 44.75 • turbo 2.10.11
#133 45.26 
#133 45.26    • Packages in scope: web
#133 45.26    • Running build in 1 packages
#133 45.26    • Remote caching disabled
#133 45.26 
#133 ...

#78 [admin caddy-builder 2/2] RUN xcaddy build     --with github.com/mholt/caddy-ratelimit
#78 90.51 go: downloading github.com/jackc/pgpassfile v1.0.0
#78 90.63 go: downloading github.com/jackc/pgservicefile v0.0.0-20240606120523-5a60cdf6a761
#78 90.75 go: downloading github.com/jackc/puddle/v2 v2.2.2
#78 90.98 go: downloading github.com/mattn/go-colorable v0.1.14
#78 91.37 go: downloading github.com/shurcooL/sanitized_anchor_name v1.0.0
#78 91.71 go: downloading github.com/mattn/go-isatty v0.0.20
#78 95.01 go: downloading cloud.google.com/go/auth v0.20.0
#78 95.01 go: downloading github.com/googleapis/gax-go/v2 v2.22.0
#78 96.00 go: downloading cloud.google.com/go/auth/oauth2adapt v0.2.8
#78 96.00 go: downloading cloud.google.com/go/compute/metadata v0.9.0
#78 96.42 go: downloading github.com/google/s2a-go v0.1.9
#78 96.56 go: downloading go.opentelemetry.io/contrib/instrumentation/net/http/otelhttp v0.68.0
#78 97.11 go: downloading github.com/googleapis/enterprise-certificate-proxy v0.3.15
#78 97.19 go: downloading github.com/felixge/httpsnoop v1.0.4
#78 ...

#134 [live installer 12/12] RUN pnpm turbo run build --filter=live
#134 60.75 @plane/decorators:build: $ tsdown
#134 60.83 @plane/logger:build: $ tsdown
#134 61.19 @plane/hooks:build: $ tsdown
#134 61.36 @plane/types:build: $ tsdown
#134 63.26 @plane/decorators:build: ℹ tsdown v0.16.0 powered by rolldown v1.0.0-beta.46
#134 63.62 @plane/logger:build: ℹ tsdown v0.16.0 powered by rolldown v1.0.0-beta.46
#134 ...

#97 [admin installer 8/8] RUN pnpm turbo run build --filter=admin
#97 70.84 @plane/hooks:build: [34mℹ[39m [2mdist/[22m[1mindex.js[22m        [2m 5.82 kB[22m [2m│ gzip: 1.93 kB[22m
#97 70.84 @plane/hooks:build: [34mℹ[39m [2mdist/[22mindex.js.map    [2m11.13 kB[22m [2m│ gzip: 3.57 kB[22m
#97 70.84 @plane/hooks:build: [34mℹ[39m [2mdist/[22mindex.d.ts.map  [2m 0.66 kB[22m [2m│ gzip: 0.39 kB[22m
#97 70.85 @plane/hooks:build: [34mℹ[39m [2mdist/[22m[32m[1mindex.d.ts[22m[39m      [2m 2.00 kB[22m [2m│ gzip: 0.80 kB[22m
#97 70.85 @plane/hooks:build: [34mℹ[39m 4 files, total: 19.61 kB
#97 70.90 @plane/hooks:build: [32m✔[39m Build complete in [32m52335ms[39m
#97 77.44 @plane/types:build: [34mℹ[39m [2mdist/[22m[1mindex.mjs[22m        [2m 16.83 kB[22m [2m│ gzip:  3.68 kB[22m
#97 77.44 @plane/types:build: [34mℹ[39m [2mdist/[22mindex.d.mts.map  [2m 89.23 kB[22m [2m│ gzip: 29.36 kB[22m
#97 77.44 @plane/types:build: [34mℹ[39m [2mdist/[22mindex.mjs.map    [2m 65.52 kB[22m [2m│ gzip: 13.53 kB[22m
#97 77.44 @plane/types:build: [34mℹ[39m [2mdist/[22m[32m[1mindex.d.mts[22m[39m      [2m146.98 kB[22m [2m│ gzip: 28.71 kB[22m
#97 77.44 @plane/types:build: [34mℹ[39m 4 files, total: 318.56 kB
#97 77.46 @plane/types:build: [32m✔[39m Build complete in [32m58913ms[39m
#97 77.94 @plane/constants:build: cache miss, executing b2ebb20385299ae6
#97 ...

#134 [live installer 12/12] RUN pnpm turbo run build --filter=live
#134 65.03 @plane/types:build: ℹ tsdown v0.16.0 powered by rolldown v1.0.0-beta.46
#134 65.03 @plane/hooks:build: ℹ tsdown v0.16.0 powered by rolldown v1.0.0-beta.46
#134 ...

#133 [web installer 12/12] RUN pnpm turbo run build --filter=web --force     && printf '%s\n' "2be5525c3e86bd21807abb413904ad5e37d31eddaed61d1bfdacf350353ac08e" > /app/apps/web/build/client/deployment-source.txt
#133 49.69 @plane/i18n:build: cache bypass, force executing edd8dbbe1c3771c1
#133 49.69 @plane/hooks:build: cache bypass, force executing 7cfc83de1dc854c6
#133 49.70 @plane/types:build: cache bypass, force executing 73de4b48de61b180
#133 ...

#97 [admin installer 8/8] RUN pnpm turbo run build --filter=admin
#97 84.20 @plane/constants:build: $ tsdown
#97 85.27 @plane/constants:build: [34mℹ[39m tsdown [2mv0.16.0[22m powered by rolldown [2mv1.0.0-beta.46[22m
#97 86.18 @plane/constants:build: [34mℹ[39m Using tsdown config: [4m/app/packages/constants/tsdown.config.ts[24m
#97 86.24 @plane/constants:build: [34mℹ[39m entry: [34msrc/index.ts[39m
#97 86.24 @plane/constants:build: [34mℹ[39m tsconfig: [34mtsconfig.json[39m
#97 86.28 @plane/constants:build: [34mℹ[39m Build start
#97 ...

#134 [live installer 12/12] RUN pnpm turbo run build --filter=live
#134 67.48 @plane/decorators:build: ℹ Using tsdown config: /app/packages/decorators/tsdown.config.ts
#134 67.81 @plane/decorators:build: ℹ entry: src/index.ts
#134 67.82 @plane/decorators:build: ℹ tsconfig: tsconfig.json
#134 67.85 @plane/decorators:build: ℹ Build start
#134 68.12 @plane/hooks:build: ℹ Using tsdown config: /app/packages/hooks/tsdown.config.ts
#134 68.51 @plane/hooks:build: ℹ entry: src/index.ts
#134 68.54 @plane/hooks:build: ℹ tsconfig: tsconfig.json
#134 68.57 @plane/hooks:build: ℹ Build start
#134 69.24 @plane/logger:build: ℹ Using tsdown config: /app/packages/logger/tsdown.config.ts
#134 69.26 @plane/types:build: ℹ Using tsdown config: /app/packages/types/tsdown.config.ts
#134 69.86 @plane/types:build: ℹ entry: src/index.ts
#134 69.89 @plane/logger:build: ℹ entry: src/index.ts
#134 69.91 @plane/types:build: ℹ tsconfig: tsconfig.json
#134 69.93 @plane/logger:build: ℹ tsconfig: tsconfig.json
#134 69.94 @plane/logger:build: ℹ Build start
#134 69.95 @plane/types:build: ℹ Build start
#134 ...

#133 [web installer 12/12] RUN pnpm turbo run build --filter=web --force     && printf '%s\n' "2be5525c3e86bd21807abb413904ad5e37d31eddaed61d1bfdacf350353ac08e" > /app/apps/web/build/client/deployment-source.txt
#133 60.51 @plane/types:build: $ tsdown
#133 63.20 @plane/hooks:build: $ tsdown
#133 63.73 @plane/types:build: ℹ tsdown v0.16.0 powered by rolldown v1.0.0-beta.46
#133 67.86 @plane/hooks:build: ℹ tsdown v0.16.0 powered by rolldown v1.0.0-beta.46
#133 67.95 @plane/i18n:build: $ pnpm run generate:types && tsdown
#133 67.99 @plane/types:build: ℹ Using tsdown config: /app/packages/types/tsdown.config.ts
#133 68.14 @plane/types:build: ℹ entry: src/index.ts
#133 68.14 @plane/types:build: ℹ tsconfig: tsconfig.json
#133 68.15 @plane/types:build: ℹ Build start
#133 69.88 @plane/hooks:build: ℹ Using tsdown config: /app/packages/hooks/tsdown.config.ts
#133 69.97 @plane/hooks:build: ℹ entry: src/index.ts
#133 69.97 @plane/hooks:build: ℹ tsconfig: tsconfig.json
#133 69.98 @plane/hooks:build: ℹ Build start
#133 ...

#104 [space installer 8/8] RUN pnpm turbo run build --filter=space
#104 99.68 @plane/hooks:build: [34mℹ[39m [2mdist/[22m[1mindex.js[22m        [2m 5.82 kB[22m [2m│ gzip: 1.93 kB[22m
#104 99.69 @plane/hooks:build: [34mℹ[39m [2mdist/[22mindex.js.map    [2m11.13 kB[22m [2m│ gzip: 3.57 kB[22m
#104 99.69 @plane/hooks:build: [34mℹ[39m [2mdist/[22mindex.d.ts.map  [2m 0.66 kB[22m [2m│ gzip: 0.39 kB[22m
#104 99.69 @plane/hooks:build: [34mℹ[39m [2mdist/[22m[32m[1mindex.d.ts[22m[39m      [2m 2.00 kB[22m [2m│ gzip: 0.80 kB[22m
#104 99.69 @plane/hooks:build: [34mℹ[39m 4 files, total: 19.61 kB
#104 99.71 @plane/hooks:build: [32m✔[39m Build complete in [32m75576ms[39m
#104 ...

#78 [admin caddy-builder 2/2] RUN xcaddy build     --with github.com/mholt/caddy-ratelimit
#78 125.7 go: added github.com/mholt/caddy-ratelimit v0.1.0
#78 125.7 2026/09/18 14:44:05 [INFO] exec (timeout=0s): /usr/local/go/bin/go get -v  
#78 126.5 go: downloading github.com/go-chi/chi/v5 v5.2.5
#78 126.8 go: downloading github.com/DeRuina/timberjack v1.4.2
#78 128.4 go: downloading github.com/pires/go-proxyproto v0.12.0
#78 128.5 go: downloading github.com/BurntSushi/toml v1.6.0
#78 128.9 go: downloading github.com/alecthomas/chroma/v2 v2.24.1
#78 129.8 go: downloading github.com/yuin/goldmark v1.8.2
#78 130.4 go: downloading github.com/yuin/goldmark-highlighting/v2 v2.0.0-20230729083705-37449abec8cc
#78 130.5 go: downloading gopkg.in/yaml.v3 v3.0.1
#78 130.6 go: downloading go.opentelemetry.io/contrib/propagators/autoprop v0.68.0
#78 ...

#104 [space installer 8/8] RUN pnpm turbo run build --filter=space
#104 108.5 @plane/types:build: [34mℹ[39m [2mdist/[22m[1mindex.mjs[22m        [2m 16.83 kB[22m [2m│ gzip:  3.68 kB[22m
#104 108.5 @plane/types:build: [34mℹ[39m [2mdist/[22mindex.d.mts.map  [2m 89.23 kB[22m [2m│ gzip: 29.36 kB[22m
#104 108.5 @plane/types:build: [34mℹ[39m [2mdist/[22mindex.mjs.map    [2m 65.52 kB[22m [2m│ gzip: 13.53 kB[22m
#104 108.5 @plane/types:build: [34mℹ[39m [2mdist/[22m[32m[1mindex.d.mts[22m[39m      [2m146.98 kB[22m [2m│ gzip: 28.71 kB[22m
#104 108.5 @plane/types:build: [34mℹ[39m 4 files, total: 318.56 kB
#104 108.6 @plane/types:build: [32m✔[39m Build complete in [32m82831ms[39m
#104 111.8 @plane/constants:build: cache miss, executing b2ebb20385299ae6
#104 ...

#133 [web installer 12/12] RUN pnpm turbo run build --filter=web --force     && printf '%s\n' "2be5525c3e86bd21807abb413904ad5e37d31eddaed61d1bfdacf350353ac08e" > /app/apps/web/build/client/deployment-source.txt
#133 80.20 @plane/i18n:build: $ tsx scripts/generate-types.ts
#133 ...

#78 [admin caddy-builder 2/2] RUN xcaddy build     --with github.com/mholt/caddy-ratelimit
#78 131.6 go: downloading github.com/fxamacker/cbor/v2 v2.9.0
#78 132.2 go: downloading github.com/google/go-tpm v0.9.8
#78 132.6 go: downloading github.com/smallstep/go-attestation v0.4.4-0.20241119153605-2306d5b464ca
#78 133.3 go: downloading go.opentelemetry.io/contrib/propagators/aws v1.43.0
#78 133.3 go: downloading go.opentelemetry.io/contrib/propagators/b3 v1.43.0
#78 133.4 go: downloading go.opentelemetry.io/contrib/propagators/jaeger v1.43.0
#78 133.7 go: downloading go.opentelemetry.io/contrib/propagators/ot v1.43.0
#78 133.9 go: downloading github.com/x448/float16 v0.8.4
#78 133.9 go: downloading github.com/sirupsen/logrus v1.9.4
#78 134.2 go: downloading github.com/google/go-tspi v0.3.0
#78 134.6 go: downloading github.com/dlclark/regexp2 v1.12.0
#78 134.8 go: downloading github.com/google/certificate-transparency-go v1.1.8-0.20240110162603-74a5dd331745
#78 ...

#133 [web installer 12/12] RUN pnpm turbo run build --filter=web --force     && printf '%s\n' "2be5525c3e86bd21807abb413904ad5e37d31eddaed61d1bfdacf350353ac08e" > /app/apps/web/build/client/deployment-source.txt
#133 93.68 @plane/i18n:build: Generated 3838 keys from 28 namespace files
#133 98.61 @plane/i18n:build: ℹ tsdown v0.16.0 powered by rolldown v1.0.0-beta.46
#133 ...

#78 [admin caddy-builder 2/2] RUN xcaddy build     --with github.com/mholt/caddy-ratelimit
#78 142.9 2026/09/18 14:44:22 [INFO] Build environment ready
#78 142.9 2026/09/18 14:44:22 [INFO] Building Caddy
#78 143.0 2026/09/18 14:44:22 [INFO] exec (timeout=0s): /usr/local/go/bin/go mod tidy -e 
#78 143.6 go: downloading github.com/stretchr/testify v1.11.1
#78 144.1 go: downloading go.uber.org/goleak v1.3.0
#78 144.4 go: downloading github.com/smallstep/assert v0.0.0-20200723003110-82e2b9b3b262
#78 144.5 go: downloading github.com/google/go-cmp v0.7.0
#78 144.7 go: downloading code.pfad.fr/check v1.1.0
#78 144.8 go: downloading github.com/letsencrypt/pebble/v2 v2.10.0
#78 145.6 go: downloading github.com/fortytw2/leaktest v1.3.0
#78 145.7 go: downloading github.com/zeebo/assert v1.1.0
#78 ...

#97 [admin installer 8/8] RUN pnpm turbo run build --filter=admin
#97 115.1 @plane/constants:build: [34mℹ[39m [2mdist/[22m[1mindex.mjs[22m        [2m108.95 kB[22m [2m│ gzip: 21.94 kB[22m
#97 115.1 @plane/constants:build: [34mℹ[39m [2mdist/[22mindex.mjs.map    [2m176.20 kB[22m [2m│ gzip: 30.67 kB[22m
#97 115.1 @plane/constants:build: [34mℹ[39m [2mdist/[22mindex.d.mts.map  [2m 24.27 kB[22m [2m│ gzip:  8.83 kB[22m
#97 115.1 @plane/constants:build: [34mℹ[39m [2mdist/[22m[32m[1mindex.d.mts[22m[39m      [2m 52.02 kB[22m [2m│ gzip: 11.44 kB[22m
#97 115.1 @plane/constants:build: [34mℹ[39m 4 files, total: 361.43 kB
#97 115.1 @plane/constants:build: [32m✔[39m Build complete in [32m28851ms[39m
#97 115.4 @plane/utils:build: cache miss, executing 48c3c319ab8982dc
#97 115.4 @plane/services:build: cache miss, executing 0f57649255d0e28a
#97 124.1 @plane/services:build: $ tsdown
#97 124.1 @plane/utils:build: $ tsdown
#97 125.2 @plane/services:build: [34mℹ[39m tsdown [2mv0.16.0[22m powered by rolldown [2mv1.0.0-beta.46[22m
#97 125.2 @plane/utils:build: [34mℹ[39m tsdown [2mv0.16.0[22m powered by rolldown [2mv1.0.0-beta.46[22m
#97 ...

#78 [admin caddy-builder 2/2] RUN xcaddy build     --with github.com/mholt/caddy-ratelimit
#78 146.0 go: downloading go.uber.org/mock v0.6.0
#78 146.4 go: downloading github.com/prashantv/gostub v1.1.0
#78 146.5 go: downloading gopkg.in/check.v1 v1.0.0-20201130134442-10cb98267c6c
#78 146.6 go: downloading github.com/davecgh/go-spew v1.1.1
#78 146.7 go: downloading github.com/pmezard/go-difflib v1.0.0
#78 146.9 go: downloading github.com/kylelemons/godebug v1.1.0
#78 146.9 go: downloading github.com/alecthomas/assert/v2 v2.11.0
#78 147.2 go: downloading github.com/google/go-tpm-tools v0.4.8
#78 147.5 go: downloading github.com/peterbourgon/diskv/v3 v3.0.1
#78 147.8 go: downloading github.com/schollz/jsonstore v1.1.0
#78 148.2 go: downloading github.com/letsencrypt/challtestsrv v1.4.2
#78 148.7 go: downloading github.com/kr/pretty v0.3.1
#78 149.0 go: downloading go.opentelemetry.io/otel/sdk/log/logtest v0.19.0
#78 149.5 go: downloading github.com/frankban/quicktest v1.14.6
#78 149.7 go: downloading github.com/alecthomas/repr v0.5.2
#78 149.9 go: downloading github.com/chzyer/test v1.0.0
#78 150.0 go: downloading github.com/aws/aws-sdk-go-v2/config v1.32.17
#78 150.2 go: downloading github.com/aws/aws-sdk-go-v2/service/kms v1.51.1
#78 150.5 go: downloading github.com/aws/aws-sdk-go-v2 v1.41.7
#78 151.8 go: downloading cloud.google.com/go/kms v1.31.0
#78 152.2 go: downloading cloud.google.com/go v0.123.0
#78 152.7 go: downloading github.com/hexops/gotextdiff v1.0.3
#78 152.8 go: downloading github.com/google/btree v1.1.2
#78 152.9 go: downloading github.com/kr/text v0.2.0
#78 153.2 go: downloading github.com/rogpeppe/go-internal v1.14.1
#78 153.4 go: downloading github.com/chzyer/logex v1.2.1
#78 153.6 go: downloading github.com/aws/aws-sdk-go-v2/internal/configsources v1.4.23
#78 153.7 go: downloading github.com/aws/smithy-go v1.25.1
#78 154.3 go: downloading github.com/aws/aws-sdk-go-v2/credentials v1.19.16
#78 154.7 go: downloading github.com/aws/aws-sdk-go-v2/feature/ec2/imds v1.18.23
#78 154.7 go: downloading github.com/aws/aws-sdk-go-v2/service/signin v1.0.11
#78 155.0 go: downloading github.com/aws/aws-sdk-go-v2/service/sso v1.30.17
#78 155.1 go: downloading github.com/aws/aws-sdk-go-v2/service/ssooidc v1.35.21
#78 155.5 go: downloading github.com/aws/aws-sdk-go-v2/service/sts v1.42.1
#78 155.8 go: downloading cloud.google.com/go/longrunning v0.9.0
#78 156.1 go: downloading cloud.google.com/go/iam v1.7.0
#78 156.6 go: downloading google.golang.org/genproto v0.0.0-20260319201613-d00831a3d3e7
#78 156.7 go: downloading github.com/zeebo/pcg v1.0.1
#78 157.0 go: downloading github.com/aws/aws-sdk-go-v2/internal/endpoints/v2 v2.7.23
#78 157.4 go: downloading github.com/aws/aws-sdk-go-v2/internal/v4a v1.4.24
#78 157.8 go: downloading github.com/aws/aws-sdk-go-v2/service/internal/accept-encoding v1.13.9
#78 ...

#133 [web installer 12/12] RUN pnpm turbo run build --filter=web --force     && printf '%s\n' "2be5525c3e86bd21807abb413904ad5e37d31eddaed61d1bfdacf350353ac08e" > /app/apps/web/build/client/deployment-source.txt
#133 103.0 @plane/i18n:build: ℹ Using tsdown config: /app/packages/i18n/tsdown.config.ts
#133 103.3 @plane/i18n:build: ℹ entry: src/index.ts
#133 103.4 @plane/i18n:build: ℹ tsconfig: tsconfig.json
#133 103.4 @plane/i18n:build: ℹ Build start
#133 ...

#104 [space installer 8/8] RUN pnpm turbo run build --filter=space
#104 126.4 @plane/constants:build: $ tsdown
#104 127.8 @plane/i18n:build: [34mℹ[39m [2mdist/[22m[1mindex.js[22m        [2m  5.66 kB[22m [2m│ gzip:  2.15 kB[22m
#104 127.8 @plane/i18n:build: [34mℹ[39m [2mdist/[22mindex.d.ts.map  [2m 43.17 kB[22m [2m│ gzip:  5.39 kB[22m
#104 127.8 @plane/i18n:build: [34mℹ[39m [2mdist/[22mindex.js.map    [2m 12.36 kB[22m [2m│ gzip:  4.16 kB[22m
#104 127.8 @plane/i18n:build: [34mℹ[39m [2mdist/[22m[32m[1mindex.d.ts[22m[39m      [2m176.39 kB[22m [2m│ gzip: 23.79 kB[22m
#104 127.8 @plane/i18n:build: [34mℹ[39m 4 files, total: 237.59 kB
#104 127.9 @plane/i18n:build: [32m✔[39m Build complete in [32m68456ms[39m
#104 128.8 @plane/constants:build: [34mℹ[39m tsdown [2mv0.16.0[22m powered by rolldown [2mv1.0.0-beta.46[22m
#104 129.9 @plane/constants:build: [34mℹ[39m Using tsdown config: [4m/app/packages/constants/tsdown.config.ts[24m
#104 130.0 @plane/constants:build: [34mℹ[39m entry: [34msrc/index.ts[39m
#104 130.0 @plane/constants:build: [34mℹ[39m tsconfig: [34mtsconfig.json[39m
#104 130.0 @plane/constants:build: [34mℹ[39m Build start
#104 ...

#97 [admin installer 8/8] RUN pnpm turbo run build --filter=admin
#97 127.2 @plane/utils:build: [34mℹ[39m Using tsdown config: [4m/app/packages/utils/tsdown.config.ts[24m
#97 127.2 @plane/services:build: [34mℹ[39m Using tsdown config: [4m/app/packages/services/tsdown.config.ts[24m
#97 127.3 @plane/utils:build: [34mℹ[39m entry: [34msrc/index.ts[39m
#97 127.3 @plane/utils:build: [34mℹ[39m tsconfig: [34mtsconfig.json[39m
#97 127.3 @plane/utils:build: [34mℹ[39m Build start
#97 127.3 @plane/services:build: [34mℹ[39m entry: [34msrc/index.ts[39m
#97 127.3 @plane/services:build: [34mℹ[39m tsconfig: [34mtsconfig.json[39m
#97 127.3 @plane/services:build: [34mℹ[39m Build start
#97 ...

#78 [admin caddy-builder 2/2] RUN xcaddy build     --with github.com/mholt/caddy-ratelimit
#78 158.0 go: downloading github.com/aws/aws-sdk-go-v2/service/internal/presigned-url v1.13.23
#78 161.8 go: downloading go.opentelemetry.io/contrib/instrumentation/google.golang.org/grpc/otelgrpc v0.67.0
#78 161.8 go: downloading gonum.org/v1/gonum v0.17.0
#78 162.0 go: downloading github.com/OneOfOne/xxhash v1.2.2
#78 162.1 go: downloading github.com/spaolacci/murmur3 v1.1.0
#78 166.2 2026/09/18 14:44:45 [INFO] exec (timeout=0s): /usr/local/go/bin/go build -o /usr/bin/caddy -ldflags -w -s -trimpath -tags nobadger,nomysql,nopgx 
#78 ...

#134 [live installer 12/12] RUN pnpm turbo run build --filter=live
#134 139.6 @plane/logger:build: ℹ dist/index.mjs        0.73 kB │ gzip: 0.39 kB
#134 139.6 @plane/logger:build: ℹ dist/index.mjs.map    1.68 kB │ gzip: 0.74 kB
#134 139.6 @plane/logger:build: ℹ dist/index.d.mts.map  0.22 kB │ gzip: 0.18 kB
#134 139.6 @plane/logger:build: ℹ dist/index.d.mts      0.42 kB │ gzip: 0.22 kB
#134 139.6 @plane/logger:build: ℹ 4 files, total: 3.05 kB
#134 139.6 @plane/decorators:build: ℹ dist/index.mjs        49.41 kB │ gzip:  8.71 kB
#134 139.6 @plane/decorators:build: ℹ dist/index.mjs.map    93.65 kB │ gzip: 16.16 kB
#134 139.6 @plane/decorators:build: ℹ dist/index.d.mts.map   0.86 kB │ gzip:  0.47 kB
#134 139.6 @plane/decorators:build: ℹ dist/index.d.mts       1.39 kB │ gzip:  0.51 kB
#134 139.6 @plane/decorators:build: ℹ 4 files, total: 145.32 kB
#134 139.6 @plane/logger:build: ✔ Build complete in 69613ms
#134 139.7 @plane/decorators:build: ✔ Build complete in 71777ms
#134 ...

#104 [space installer 8/8] RUN pnpm turbo run build --filter=space
#104 159.9 @plane/constants:build: [34mℹ[39m [2mdist/[22m[1mindex.mjs[22m        [2m108.95 kB[22m [2m│ gzip: 21.94 kB[22m
#104 159.9 @plane/constants:build: [34mℹ[39m [2mdist/[22mindex.mjs.map    [2m176.20 kB[22m [2m│ gzip: 30.67 kB[22m
#104 159.9 @plane/constants:build: [34mℹ[39m [2mdist/[22mindex.d.mts.map  [2m 24.27 kB[22m [2m│ gzip:  8.83 kB[22m
#104 159.9 @plane/constants:build: [34mℹ[39m [2mdist/[22m[32m[1mindex.d.mts[22m[39m      [2m 52.02 kB[22m [2m│ gzip: 11.44 kB[22m
#104 159.9 @plane/constants:build: [34mℹ[39m 4 files, total: 361.43 kB
#104 160.0 @plane/constants:build: [32m✔[39m Build complete in [32m29976ms[39m
#104 160.5 @plane/services:build: cache miss, executing 0f57649255d0e28a
#104 160.5 @plane/utils:build: cache miss, executing 48c3c319ab8982dc
#104 ...

#134 [live installer 12/12] RUN pnpm turbo run build --filter=live
#134 157.1 @plane/hooks:build: ℹ dist/index.js         5.82 kB │ gzip: 1.93 kB
#134 157.1 @plane/hooks:build: ℹ dist/index.js.map    11.13 kB │ gzip: 3.57 kB
#134 157.1 @plane/hooks:build: ℹ dist/index.d.ts.map   0.66 kB │ gzip: 0.39 kB
#134 157.1 @plane/hooks:build: ℹ dist/index.d.ts       2.00 kB │ gzip: 0.80 kB
#134 157.1 @plane/hooks:build: ℹ 4 files, total: 19.61 kB
#134 157.2 @plane/hooks:build: ✔ Build complete in 88530ms
#134 ...

#133 [web installer 12/12] RUN pnpm turbo run build --filter=web --force     && printf '%s\n' "2be5525c3e86bd21807abb413904ad5e37d31eddaed61d1bfdacf350353ac08e" > /app/apps/web/build/client/deployment-source.txt
#133 141.1 @plane/hooks:build: ℹ dist/index.js         5.82 kB │ gzip: 1.93 kB
#133 141.1 @plane/hooks:build: ℹ dist/index.js.map    11.13 kB │ gzip: 3.57 kB
#133 141.1 @plane/hooks:build: ℹ dist/index.d.ts.map   0.66 kB │ gzip: 0.39 kB
#133 141.1 @plane/hooks:build: ℹ dist/index.d.ts       2.00 kB │ gzip: 0.80 kB
#133 141.1 @plane/hooks:build: ℹ 4 files, total: 19.61 kB
#133 141.2 @plane/hooks:build: ✔ Build complete in 71199ms
#133 ...

#104 [space installer 8/8] RUN pnpm turbo run build --filter=space
#104 172.5 @plane/utils:build: $ tsdown
#104 173.1 @plane/services:build: $ tsdown
#104 174.4 @plane/utils:build: [34mℹ[39m tsdown [2mv0.16.0[22m powered by rolldown [2mv1.0.0-beta.46[22m
#104 175.0 @plane/services:build: [34mℹ[39m tsdown [2mv0.16.0[22m powered by rolldown [2mv1.0.0-beta.46[22m
#104 176.2 @plane/utils:build: [34mℹ[39m Using tsdown config: [4m/app/packages/utils/tsdown.config.ts[24m
#104 176.4 @plane/utils:build: [34mℹ[39m entry: [34msrc/index.ts[39m
#104 176.4 @plane/utils:build: [34mℹ[39m tsconfig: [34mtsconfig.json[39m
#104 176.4 @plane/utils:build: [34mℹ[39m Build start
#104 176.5 @plane/services:build: [34mℹ[39m Using tsdown config: [4m/app/packages/services/tsdown.config.ts[24m
#104 176.7 @plane/services:build: [34mℹ[39m entry: [34msrc/index.ts[39m
#104 176.7 @plane/services:build: [34mℹ[39m tsconfig: [34mtsconfig.json[39m
#104 176.7 @plane/services:build: [34mℹ[39m Build start
#104 ...

#134 [live installer 12/12] RUN pnpm turbo run build --filter=live
#134 163.5 @plane/types:build: ℹ dist/index.mjs         16.83 kB │ gzip:  3.68 kB
#134 163.5 @plane/types:build: ℹ dist/index.d.mts.map   89.23 kB │ gzip: 29.36 kB
#134 163.5 @plane/types:build: ℹ dist/index.mjs.map     65.52 kB │ gzip: 13.53 kB
#134 163.5 @plane/types:build: ℹ dist/index.d.mts      146.98 kB │ gzip: 28.71 kB
#134 163.5 @plane/types:build: ℹ 4 files, total: 318.56 kB
#134 163.6 @plane/types:build: ✔ Build complete in 93524ms
#134 164.2 @plane/constants:build: cache miss, executing 0c16c4218c9b9276
#134 ...

#133 [web installer 12/12] RUN pnpm turbo run build --filter=web --force     && printf '%s\n' "2be5525c3e86bd21807abb413904ad5e37d31eddaed61d1bfdacf350353ac08e" > /app/apps/web/build/client/deployment-source.txt
#133 154.2 @plane/types:build: ℹ dist/index.mjs         16.83 kB │ gzip:  3.68 kB
#133 154.2 @plane/types:build: ℹ dist/index.d.mts.map   89.23 kB │ gzip: 29.36 kB
#133 154.2 @plane/types:build: ℹ dist/index.mjs.map     65.52 kB │ gzip: 13.53 kB
#133 154.2 @plane/types:build: ℹ dist/index.d.mts      146.98 kB │ gzip: 28.71 kB
#133 154.2 @plane/types:build: ℹ 4 files, total: 318.56 kB
#133 154.3 @plane/types:build: ✔ Build complete in 86109ms
#133 156.0 @plane/constants:build: cache bypass, force executing ba9052764f123943
#133 ...

#134 [live installer 12/12] RUN pnpm turbo run build --filter=live
#134 170.8 @plane/constants:build: $ tsdown
#134 ...

#97 [admin installer 8/8] RUN pnpm turbo run build --filter=admin
#97 178.1 @plane/services:build: [34mℹ[39m [2mdist/[22m[1mindex.js[22m        [2m 97.92 kB[22m [2m│ gzip: 11.24 kB[22m
#97 178.1 @plane/services:build: [34mℹ[39m [2mdist/[22mindex.js.map    [2m154.04 kB[22m [2m│ gzip: 17.93 kB[22m
#97 178.1 @plane/services:build: [34mℹ[39m [2mdist/[22mindex.d.ts.map  [2m 21.01 kB[22m [2m│ gzip:  5.70 kB[22m
#97 178.1 @plane/services:build: [34mℹ[39m [2mdist/[22m[32m[1mindex.d.ts[22m[39m      [2m 70.26 kB[22m [2m│ gzip:  9.05 kB[22m
#97 178.1 @plane/services:build: [34mℹ[39m 4 files, total: 343.23 kB
#97 178.2 @plane/services:build: [32m✔[39m Build complete in [32m50814ms[39m
#97 ...

#134 [live installer 12/12] RUN pnpm turbo run build --filter=live
#134 171.4 @plane/constants:build: ℹ tsdown v0.16.0 powered by rolldown v1.0.0-beta.46
#134 172.1 @plane/constants:build: ℹ Using tsdown config: /app/packages/constants/tsdown.config.ts
#134 172.2 @plane/constants:build: ℹ entry: src/index.ts
#134 172.2 @plane/constants:build: ℹ tsconfig: tsconfig.json
#134 172.2 @plane/constants:build: ℹ Build start
#134 ...

#133 [web installer 12/12] RUN pnpm turbo run build --filter=web --force     && printf '%s\n' "2be5525c3e86bd21807abb413904ad5e37d31eddaed61d1bfdacf350353ac08e" > /app/apps/web/build/client/deployment-source.txt
#133 169.1 @plane/constants:build: $ tsdown
#133 171.7 @plane/constants:build: ℹ tsdown v0.16.0 powered by rolldown v1.0.0-beta.46
#133 174.4 @plane/constants:build: ℹ Using tsdown config: /app/packages/constants/tsdown.config.ts
#133 174.6 @plane/constants:build: ℹ entry: src/index.ts
#133 174.6 @plane/constants:build: ℹ tsconfig: tsconfig.json
#133 174.6 @plane/constants:build: ℹ Build start
#133 174.8 @plane/i18n:build: ℹ dist/index.js          5.66 kB │ gzip:  2.15 kB
#133 174.8 @plane/i18n:build: ℹ dist/index.d.ts.map   43.17 kB │ gzip:  5.39 kB
#133 174.8 @plane/i18n:build: ℹ dist/index.js.map     12.36 kB │ gzip:  4.16 kB
#133 174.8 @plane/i18n:build: ℹ dist/index.d.ts      176.39 kB │ gzip: 23.79 kB
#133 174.8 @plane/i18n:build: ℹ 4 files, total: 237.59 kB
#133 174.9 @plane/i18n:build: ✔ Build complete in 71348ms
#133 ...

#97 [admin installer 8/8] RUN pnpm turbo run build --filter=admin
#97 216.5 @plane/utils:build: [34mℹ[39m [2mdist/[22m[1mindex.js[22m        [2m219.53 kB[22m [2m│ gzip: 55.06 kB[22m
#97 216.5 @plane/utils:build: [34mℹ[39m [2mdist/[22mindex.js.map    [2m398.93 kB[22m [2m│ gzip: 88.53 kB[22m
#97 216.5 @plane/utils:build: [34mℹ[39m [2mdist/[22mindex.d.ts.map  [2m 43.34 kB[22m [2m│ gzip: 14.46 kB[22m
#97 216.5 @plane/utils:build: [34mℹ[39m [2mdist/[22m[32m[1mindex.d.ts[22m[39m      [2m117.11 kB[22m [2m│ gzip: 27.19 kB[22m
#97 216.5 @plane/utils:build: [34mℹ[39m 4 files, total: 778.91 kB
#97 216.5 @plane/utils:build: [32m✔[39m Build complete in [32m89137ms[39m
#97 217.0 admin:build: cache miss, executing ec20b7d0b33ee791
#97 222.2 admin:build: $ react-router build
#97 ...

#104 [space installer 8/8] RUN pnpm turbo run build --filter=space
#104 224.4 @plane/services:build: [34mℹ[39m [2mdist/[22m[1mindex.js[22m        [2m 97.92 kB[22m [2m│ gzip: 11.24 kB[22m
#104 224.4 @plane/services:build: [34mℹ[39m [2mdist/[22mindex.js.map    [2m154.04 kB[22m [2m│ gzip: 17.93 kB[22m
#104 224.4 @plane/services:build: [34mℹ[39m [2mdist/[22mindex.d.ts.map  [2m 21.01 kB[22m [2m│ gzip:  5.70 kB[22m
#104 224.4 @plane/services:build: [34mℹ[39m [2mdist/[22m[32m[1mindex.d.ts[22m[39m      [2m 70.26 kB[22m [2m│ gzip:  9.05 kB[22m
#104 224.4 @plane/services:build: [34mℹ[39m 4 files, total: 343.23 kB
#104 224.5 @plane/services:build: [32m✔[39m Build complete in [32m47767ms[39m
#104 ...

#134 [live installer 12/12] RUN pnpm turbo run build --filter=live
#134 203.4 @plane/constants:build: ℹ dist/index.mjs        108.95 kB │ gzip: 21.94 kB
#134 203.4 @plane/constants:build: ℹ dist/index.mjs.map    176.20 kB │ gzip: 30.67 kB
#134 203.4 @plane/constants:build: ℹ dist/index.d.mts.map   24.27 kB │ gzip:  8.83 kB
#134 203.4 @plane/constants:build: ℹ dist/index.d.mts       52.02 kB │ gzip: 11.44 kB
#134 203.4 @plane/constants:build: ℹ 4 files, total: 361.43 kB
#134 203.4 @plane/constants:build: ✔ Build complete in 31215ms
#134 204.1 @plane/utils:build: cache miss, executing 28aeb2e06d35887d
#134 210.4 @plane/utils:build: $ tsdown
#134 211.5 @plane/utils:build: ℹ tsdown v0.16.0 powered by rolldown v1.0.0-beta.46
#134 212.3 @plane/utils:build: ℹ Using tsdown config: /app/packages/utils/tsdown.config.ts
#134 212.4 @plane/utils:build: ℹ entry: src/index.ts
#134 212.4 @plane/utils:build: ℹ tsconfig: tsconfig.json
#134 212.4 @plane/utils:build: ℹ Build start
#134 ...

#133 [web installer 12/12] RUN pnpm turbo run build --filter=web --force     && printf '%s\n' "2be5525c3e86bd21807abb413904ad5e37d31eddaed61d1bfdacf350353ac08e" > /app/apps/web/build/client/deployment-source.txt
#133 206.7 @plane/constants:build: ℹ dist/index.mjs        108.95 kB │ gzip: 21.94 kB
#133 206.7 @plane/constants:build: ℹ dist/index.mjs.map    176.20 kB │ gzip: 30.67 kB
#133 206.7 @plane/constants:build: ℹ dist/index.d.mts.map   24.27 kB │ gzip:  8.83 kB
#133 206.7 @plane/constants:build: ℹ dist/index.d.mts       52.02 kB │ gzip: 11.44 kB
#133 206.7 @plane/constants:build: ℹ 4 files, total: 361.43 kB
#133 206.8 @plane/constants:build: ✔ Build complete in 32098ms
#133 207.9 @plane/utils:build: cache bypass, force executing d4486b48b50498f5
#133 207.9 @plane/services:build: cache bypass, force executing a860ddc49c6fe574
#133 217.6 @plane/utils:build: $ tsdown
#133 218.0 @plane/services:build: $ tsdown
#133 219.2 @plane/utils:build: ℹ tsdown v0.16.0 powered by rolldown v1.0.0-beta.46
#133 219.4 @plane/services:build: ℹ tsdown v0.16.0 powered by rolldown v1.0.0-beta.46
#133 220.8 @plane/utils:build: ℹ Using tsdown config: /app/packages/utils/tsdown.config.ts
#133 221.0 @plane/utils:build: ℹ entry: src/index.ts
#133 221.0 @plane/utils:build: ℹ tsconfig: tsconfig.json
#133 221.0 @plane/utils:build: ℹ Build start
#133 221.2 @plane/services:build: ℹ Using tsdown config: /app/packages/services/tsdown.config.ts
#133 221.5 @plane/services:build: ℹ entry: src/index.ts
#133 221.5 @plane/services:build: ℹ tsconfig: tsconfig.json
#133 221.5 @plane/services:build: ℹ Build start
#133 ...

#97 [admin installer 8/8] RUN pnpm turbo run build --filter=admin
#97 254.4 admin:build: [33mThe plugin "vite-tsconfig-paths" is detected. Vite now supports tsconfig paths resolution natively via the [1mresolve.tsconfigPaths[22m option. You can remove the plugin and set [1mresolve.tsconfigPaths: true[22m in your Vite config instead.[39m
#97 255.7 admin:build: (node:394) [MODULE_TYPELESS_PACKAGE_JSON] Warning: Module type of file:///app/packages/tailwind-config/postcss.config.js is not specified and it doesn't parse as CommonJS.
#97 255.7 admin:build: Reparsing as ES module because module syntax was detected. This incurs a performance overhead.
#97 255.7 admin:build: To eliminate this warning, add "type": "module" to /app/packages/tailwind-config/package.json.
#97 255.7 admin:build: (Use `node --trace-warnings ...` to show where the warning was created)
#97 255.9 admin:build: [33mThe plugin "vite-tsconfig-paths" is detected. Vite now supports tsconfig paths resolution natively via the [1mresolve.tsconfigPaths[22m option. You can remove the plugin and set [1mresolve.tsconfigPaths: true[22m in your Vite config instead.[39m
#97 256.1 admin:build: Using Vite Environment API
#97 256.2 admin:build: [36mvite v8.0.16 [32mbuilding client environment for production...[36m[39m
#97 ...

#104 [space installer 8/8] RUN pnpm turbo run build --filter=space
#104 259.1 @plane/utils:build: [34mℹ[39m [2mdist/[22m[1mindex.js[22m        [2m219.53 kB[22m [2m│ gzip: 55.06 kB[22m
#104 259.1 @plane/utils:build: [34mℹ[39m [2mdist/[22mindex.js.map    [2m398.93 kB[22m [2m│ gzip: 88.53 kB[22m
#104 259.1 @plane/utils:build: [34mℹ[39m [2mdist/[22mindex.d.ts.map  [2m 43.34 kB[22m [2m│ gzip: 14.46 kB[22m
#104 259.1 @plane/utils:build: [34mℹ[39m [2mdist/[22m[32m[1mindex.d.ts[22m[39m      [2m117.11 kB[22m [2m│ gzip: 27.19 kB[22m
#104 259.1 @plane/utils:build: [34mℹ[39m 4 files, total: 778.91 kB
#104 259.2 @plane/utils:build: [32m✔[39m Build complete in [32m82782ms[39m
#104 259.6 @plane/propel:build: cache miss, executing cbbcb1c0cb6ad25c
#104 264.8 @plane/propel:build: $ tsdown
#104 265.7 @plane/propel:build: [34mℹ[39m tsdown [2mv0.16.0[22m powered by rolldown [2mv1.0.0-beta.46[22m
#104 266.6 @plane/propel:build: [34mℹ[39m Using tsdown config: [4m/app/packages/propel/tsdown.config.ts[24m
#104 266.8 @plane/propel:build: [34mℹ[39m entry: [34msrc/accordion/index.ts, src/animated-counter/index.ts, src/avatar/index.ts, src/badge/index.ts, src/banner/index.ts, src/button/index.ts, src/calendar/index.ts, src/card/index.ts, src/collapsible/index.ts, src/combobox/index.ts, src/command/index.ts, src/context-menu/index.ts, src/dialog/index.ts, src/emoji-reaction/index.ts, src/icon-button/index.ts, src/empty-state/index.ts, src/emoji-icon-picker/index.ts, src/icons/index.ts, src/input/index.ts, src/menu/index.ts, src/pill/index.ts, src/popover/index.ts, src/portal/index.ts, src/scrollarea/index.ts, src/spinners/index.ts, src/skeleton/index.ts, src/switch/index.ts, src/tab-navigation/index.ts, src/table/index.ts, src/tabs/index.ts, src/toast/index.ts, src/toolbar/index.ts, src/tooltip/index.ts, src/utils/index.ts, src/charts/area-chart/index.ts, src/charts/bar-chart/index.ts, src/charts/line-chart/index.ts, src/charts/pie-chart/index.ts, src/charts/radar-chart/index.ts, src/charts/scatter-chart/index.ts, src/charts/tree-map/index.ts[39m
#104 266.8 @plane/propel:build: [34mℹ[39m tsconfig: [34mtsconfig.json[39m
#104 266.8 @plane/propel:build: [34mℹ[39m Build start
#104 ...

#134 [live installer 12/12] RUN pnpm turbo run build --filter=live
#134 270.1 @plane/utils:build: ℹ dist/index.js        219.53 kB │ gzip: 55.06 kB
#134 270.1 @plane/utils:build: ℹ dist/index.js.map    398.93 kB │ gzip: 88.53 kB
#134 270.1 @plane/utils:build: ℹ dist/index.d.ts.map   43.34 kB │ gzip: 14.46 kB
#134 270.1 @plane/utils:build: ℹ dist/index.d.ts      117.11 kB │ gzip: 27.19 kB
#134 270.1 @plane/utils:build: ℹ 4 files, total: 778.91 kB
#134 270.1 @plane/utils:build: ✔ Build complete in 57720ms
#134 270.5 @plane/propel:build: cache miss, executing c53ccdc103c8c2a3
#134 276.2 @plane/propel:build: $ tsdown
#134 277.1 @plane/propel:build: ℹ tsdown v0.16.0 powered by rolldown v1.0.0-beta.46
#134 277.8 @plane/propel:build: ℹ Using tsdown config: /app/packages/propel/tsdown.config.ts
#134 278.2 @plane/propel:build: ℹ entry: src/accordion/index.ts, src/avatar/index.ts, src/animated-counter/index.ts, src/badge/index.ts, src/banner/index.ts, src/card/index.ts, src/button/index.ts, src/calendar/index.ts, src/collapsible/index.ts, src/combobox/index.ts, src/command/index.ts, src/dialog/index.ts, src/context-menu/index.ts, src/emoji-icon-picker/index.ts, src/emoji-reaction/index.ts, src/empty-state/index.ts, src/icon-button/index.ts, src/icons/index.ts, src/menu/index.ts, src/input/index.ts, src/pill/index.ts, src/popover/index.ts, src/portal/index.ts, src/scrollarea/index.ts, src/skeleton/index.ts, src/switch/index.ts, src/spinners/index.ts, src/table/index.ts, src/tab-navigation/index.ts, src/toast/index.ts, src/tabs/index.ts, src/tooltip/index.ts, src/toolbar/index.ts, src/utils/index.ts, src/charts/bar-chart/index.ts, src/charts/area-chart/index.ts, src/charts/line-chart/index.ts, src/charts/pie-chart/index.ts, src/charts/radar-chart/index.ts, src/charts/tree-map/index.ts, src/charts/scatter-chart/index.ts
#134 278.2 @plane/propel:build: ℹ tsconfig: tsconfig.json
#134 278.2 @plane/propel:build: ℹ Build start
#134 ...

#133 [web installer 12/12] RUN pnpm turbo run build --filter=web --force     && printf '%s\n' "2be5525c3e86bd21807abb413904ad5e37d31eddaed61d1bfdacf350353ac08e" > /app/apps/web/build/client/deployment-source.txt
#133 267.3 @plane/services:build: ℹ dist/index.js         97.92 kB │ gzip: 11.24 kB
#133 267.3 @plane/services:build: ℹ dist/index.js.map    154.04 kB │ gzip: 17.93 kB
#133 267.3 @plane/services:build: ℹ dist/index.d.ts.map   21.01 kB │ gzip:  5.70 kB
#133 267.3 @plane/services:build: ℹ dist/index.d.ts       70.26 kB │ gzip:  9.05 kB
#133 267.3 @plane/services:build: ℹ 4 files, total: 343.23 kB
#133 267.3 @plane/services:build: ✔ Build complete in 45708ms
#133 301.4 @plane/utils:build: ℹ dist/index.js        219.53 kB │ gzip: 55.06 kB
#133 301.4 @plane/utils:build: ℹ dist/index.js.map    398.93 kB │ gzip: 88.53 kB
#133 301.4 @plane/utils:build: ℹ dist/index.d.ts.map   43.34 kB │ gzip: 14.46 kB
#133 301.4 @plane/utils:build: ℹ dist/index.d.ts      117.11 kB │ gzip: 27.19 kB
#133 301.4 @plane/utils:build: ℹ 4 files, total: 778.91 kB
#133 301.4 @plane/utils:build: ✔ Build complete in 80433ms
#133 302.1 @plane/propel:build: cache bypass, force executing efc39d1daaa95f11
#133 302.2 @plane/shared-state:build: cache bypass, force executing 12c632447996797b
#133 311.8 @plane/shared-state:build: $ tsdown
#133 311.9 @plane/propel:build: $ tsdown
#133 313.3 @plane/shared-state:build: ℹ tsdown v0.16.0 powered by rolldown v1.0.0-beta.46
#133 313.4 @plane/propel:build: ℹ tsdown v0.16.0 powered by rolldown v1.0.0-beta.46
#133 315.1 @plane/shared-state:build: ℹ Using tsdown config: /app/packages/shared-state/tsdown.config.ts
#133 315.2 @plane/propel:build: ℹ Using tsdown config: /app/packages/propel/tsdown.config.ts
#133 315.3 @plane/shared-state:build: ℹ entry: src/index.ts
#133 315.3 @plane/shared-state:build: ℹ tsconfig: tsconfig.json
#133 315.3 @plane/shared-state:build: ℹ Build start
#133 315.9 @plane/propel:build: ℹ entry: src/avatar/index.ts, src/accordion/index.ts, src/animated-counter/index.ts, src/badge/index.ts, src/calendar/index.ts, src/button/index.ts, src/banner/index.ts, src/card/index.ts, src/combobox/index.ts, src/collapsible/index.ts, src/command/index.ts, src/context-menu/index.ts, src/empty-state/index.ts, src/dialog/index.ts, src/emoji-reaction/index.ts, src/emoji-icon-picker/index.ts, src/menu/index.ts, src/input/index.ts, src/icons/index.ts, src/icon-button/index.ts, src/popover/index.ts, src/portal/index.ts, src/pill/index.ts, src/skeleton/index.ts, src/spinners/index.ts, src/table/index.ts, src/tab-navigation/index.ts, src/scrollarea/index.ts, src/switch/index.ts, src/toast/index.ts, src/tooltip/index.ts, src/toolbar/index.ts, src/tabs/index.ts, src/utils/index.ts, src/charts/bar-chart/index.ts, src/charts/pie-chart/index.ts, src/charts/radar-chart/index.ts, src/charts/area-chart/index.ts, src/charts/scatter-chart/index.ts, src/charts/tree-map/index.ts, src/charts/line-chart/index.ts
#133 315.9 @plane/propel:build: ℹ tsconfig: tsconfig.json
#133 316.0 @plane/propel:build: ℹ Build start
#133 ...

#104 [space installer 8/8] RUN pnpm turbo run build --filter=space
#104 347.9 @plane/propel:build: [34mℹ[39m [2mdist/[22m[1mempty-state/index.js[22m                  [2m749.12 kB[22m [2m│ gzip: 213.69 kB[22m
#104 347.9 @plane/propel:build: [34mℹ[39m [2mdist/[22m[1mcharts/bar-chart/index.js[22m             [2m  9.75 kB[22m [2m│ gzip:   3.19 kB[22m
#104 347.9 @plane/propel:build: [34mℹ[39m [2mdist/[22m[1mcharts/tree-map/index.js[22m              [2m  9.39 kB[22m [2m│ gzip:   2.77 kB[22m
#104 347.9 @plane/propel:build: [34mℹ[39m [2mdist/[22m[1mtoast/index.js[22m                        [2m  9.08 kB[22m [2m│ gzip:   2.30 kB[22m
#104 347.9 @plane/propel:build: [34mℹ[39m [2mdist/[22m[1mportal/index.js[22m                       [2m  6.41 kB[22m [2m│ gzip:   2.15 kB[22m
#104 347.9 @plane/propel:build: [34mℹ[39m [2mdist/[22m[1mcharts/pie-chart/index.js[22m             [2m  6.25 kB[22m [2m│ gzip:   2.03 kB[22m
#104 347.9 @plane/propel:build: [34mℹ[39m [2mdist/[22m[1micons/index.js[22m                        [2m  6.18 kB[22m [2m│ gzip:   1.86 kB[22m
#104 347.9 @plane/propel:build: [34mℹ[39m [2mdist/[22m[1mmenu/index.js[22m                         [2m  5.60 kB[22m [2m│ gzip:   1.87 kB[22m
#104 347.9 @plane/propel:build: [34mℹ[39m [2mdist/[22m[1memoji-reaction/index.js[22m               [2m  5.57 kB[22m [2m│ gzip:   1.93 kB[22m
#104 347.9 @plane/propel:build: [34mℹ[39m [2mdist/[22m[1mcharts/area-chart/index.js[22m            [2m  5.21 kB[22m [2m│ gzip:   1.92 kB[22m
#104 347.9 @plane/propel:build: [34mℹ[39m [2mdist/[22m[1mcombobox/index.js[22m                     [2m  4.83 kB[22m [2m│ gzip:   1.74 kB[22m
#104 347.9 @plane/propel:build: [34mℹ[39m [2mdist/[22m[1mcharts/line-chart/index.js[22m            [2m  4.50 kB[22m [2m│ gzip:   1.69 kB[22m
#104 347.9 @plane/propel:build: [34mℹ[39m [2mdist/[22m[1mcharts/scatter-chart/index.js[22m         [2m  4.24 kB[22m [2m│ gzip:   1.56 kB[22m
#104 347.9 @plane/propel:build: [34mℹ[39m [2mdist/[22m[1mtoolbar/index.js[22m                      [2m  4.05 kB[22m [2m│ gzip:   1.43 kB[22m
#104 347.9 @plane/propel:build: [34mℹ[39m [2mdist/[22m[1mcontext-menu/index.js[22m                 [2m  3.68 kB[22m [2m│ gzip:   1.14 kB[22m
#104 347.9 @plane/propel:build: [34mℹ[39m [2mdist/[22m[1mbanner/index.js[22m                       [2m  3.43 kB[22m [2m│ gzip:   1.34 kB[22m
#104 347.9 @plane/propel:build: [34mℹ[39m [2mdist/[22m[1mdialog/index.js[22m                       [2m  3.33 kB[22m [2m│ gzip:   1.13 kB[22m
#104 347.9 @plane/propel:build: [34mℹ[39m [2mdist/[22m[1mscrollarea/index.js[22m                   [2m  2.96 kB[22m [2m│ gzip:   1.08 kB[22m
#104 347.9 @plane/propel:build: [34mℹ[39m [2mdist/[22m[1mtabs/index.js[22m                         [2m  2.87 kB[22m [2m│ gzip:   1.13 kB[22m
#104 347.9 @plane/propel:build: [34mℹ[39m [2mdist/[22m[1mcharts/radar-chart/index.js[22m           [2m  2.83 kB[22m [2m│ gzip:   1.19 kB[22m
#104 347.9 @plane/propel:build: [34mℹ[39m [2mdist/[22m[1mtable/index.js[22m                        [2m  2.72 kB[22m [2m│ gzip:   0.84 kB[22m
#104 347.9 @plane/propel:build: [34mℹ[39m [2mdist/[22m[1mavatar/index.js[22m                       [2m  2.69 kB[22m [2m│ gzip:   1.02 kB[22m
#104 347.9 @plane/propel:build: [34mℹ[39m [2mdist/[22m[1mpill/index.js[22m                         [2m  2.37 kB[22m [2m│ gzip:   1.02 kB[22m
#104 347.9 @plane/propel:build: [34mℹ[39m [2mdist/[22m[1mcollapsible/index.js[22m                  [2m  2.17 kB[22m [2m│ gzip:   0.91 kB[22m
#104 347.9 @plane/propel:build: [34mℹ[39m [2mdist/[22m[1mbadge/index.js[22m                        [2m  2.12 kB[22m [2m│ gzip:   0.97 kB[22m
#104 347.9 @plane/propel:build: [34mℹ[39m [2mdist/[22m[1maccordion/index.js[22m                    [2m  1.96 kB[22m [2m│ gzip:   0.74 kB[22m
#104 347.9 @plane/propel:build: [34mℹ[39m [2mdist/[22m[1mtab-navigation/index.js[22m               [2m  1.90 kB[22m [2m│ gzip:   0.80 kB[22m
#104 347.9 @plane/propel:build: [34mℹ[39m [2mdist/[22m[1mspinners/index.js[22m                     [2m  1.89 kB[22m [2m│ gzip:   1.00 kB[22m
#104 347.9 @plane/propel:build: [34mℹ[39m [2mdist/[22m[1mcommand/index.js[22m                      [2m  1.48 kB[22m [2m│ gzip:   0.58 kB[22m
#104 347.9 @plane/propel:build: [34mℹ[39m [2mdist/[22m[1mswitch/index.js[22m                       [2m  1.46 kB[22m [2m│ gzip:   0.71 kB[22m
#104 347.9 @plane/propel:build: [34mℹ[39m [2mdist/[22m[1minput/index.js[22m                        [2m  1.42 kB[22m [2m│ gzip:   0.77 kB[22m
#104 347.9 @plane/propel:build: [34mℹ[39m [2mdist/[22m[1mcalendar/index.js[22m                     [2m  1.16 kB[22m [2m│ gzip:   0.59 kB[22m
#104 347.9 @plane/propel:build: [34mℹ[39m [2mdist/[22m[1mskeleton/index.js[22m                     [2m  0.92 kB[22m [2m│ gzip:   0.46 kB[22m
#104 347.9 @plane/propel:build: [34mℹ[39m [2mdist/[22m[1memoji-icon-picker/index.js[22m            [2m  0.71 kB[22m [2m│ gzip:   0.35 kB[22m
#104 347.9 @plane/propel:build: [34mℹ[39m [2mdist/[22m[1mutils/index.js[22m                        [2m  0.25 kB[22m [2m│ gzip:   0.17 kB[22m
#104 347.9 @plane/propel:build: [34mℹ[39m [2mdist/[22m[1micon-button/index.js[22m                  [2m  0.23 kB[22m [2m│ gzip:   0.17 kB[22m
#104 347.9 @plane/propel:build: [34mℹ[39m [2mdist/[22m[1mbutton/index.js[22m                       [2m  0.21 kB[22m [2m│ gzip:   0.16 kB[22m
#104 347.9 @plane/propel:build: [34mℹ[39m [2mdist/[22m[1mcard/index.js[22m                         [2m  0.20 kB[22m [2m│ gzip:   0.15 kB[22m
#104 347.9 @plane/propel:build: [34mℹ[39m [2mdist/[22m[1manimated-counter/index.js[22m             [2m  0.20 kB[22m [2m│ gzip:   0.15 kB[22m
#104 347.9 @plane/propel:build: [34mℹ[39m [2mdist/[22m[1mtooltip/index.js[22m                      [2m  0.18 kB[22m [2m│ gzip:   0.14 kB[22m
#104 347.9 @plane/propel:build: [34mℹ[39m [2mdist/[22m[1mpopover/index.js[22m                      [2m  0.11 kB[22m [2m│ gzip:   0.10 kB[22m
#104 347.9 @plane/propel:build: [34mℹ[39m [2mdist/[22mempty-state/index.js.map              [2m859.86 kB[22m [2m│ gzip: 218.29 kB[22m
#104 347.9 @plane/propel:build: [34mℹ[39m [2mdist/[22micons-DWzY_Ct4.js.map                 [2m391.68 kB[22m [2m│ gzip: 100.97 kB[22m
#104 347.9 @plane/propel:build: [34mℹ[39m [2mdist/[22micons-DWzY_Ct4.js                     [2m309.50 kB[22m [2m│ gzip:  94.69 kB[22m
#104 347.9 @plane/propel:build: [34mℹ[39m [2mdist/[22memoji-icon-picker-C-QxDRjq.js.map     [2m 58.16 kB[22m [2m│ gzip:  13.25 kB[22m
#104 347.9 @plane/propel:build: [34mℹ[39m [2mdist/[22memoji-icon-picker-C-QxDRjq.js         [2m 32.67 kB[22m [2m│ gzip:   8.54 kB[22m
#104 347.9 @plane/propel:build: [34mℹ[39m [2mdist/[22mcharts/bar-chart/index.js.map         [2m 18.54 kB[22m [2m│ gzip:   5.83 kB[22m
#104 347.9 @plane/propel:build: [34mℹ[39m [2mdist/[22mindex-BUyOAoiw.d.ts.map               [2m 17.31 kB[22m [2m│ gzip:   3.08 kB[22m
#104 347.9 @plane/propel:build: [34mℹ[39m [2mdist/[22mcharts/tree-map/index.js.map          [2m 16.84 kB[22m [2m│ gzip:   4.95 kB[22m
#104 347.9 @plane/propel:build: [34mℹ[39m [2mdist/[22mtoast/index.js.map                    [2m 14.78 kB[22m [2m│ gzip:   4.07 kB[22m
#104 347.9 @plane/propel:build: [34mℹ[39m [2mdist/[22mcharts/pie-chart/index.js.map         [2m 10.95 kB[22m [2m│ gzip:   3.47 kB[22m
#104 347.9 @plane/propel:build: [34mℹ[39m [2mdist/[22mcombobox/index.js.map                 [2m  9.95 kB[22m [2m│ gzip:   3.34 kB[22m
#104 347.9 @plane/propel:build: [34mℹ[39m [2mdist/[22mcharts/area-chart/index.js.map        [2m  9.79 kB[22m [2m│ gzip:   3.31 kB[22m
#104 347.9 @plane/propel:build: [34mℹ[39m [2mdist/[22memoji-reaction/index.js.map           [2m  9.74 kB[22m [2m│ gzip:   3.24 kB[22m
#104 347.9 @plane/propel:build: [34mℹ[39m [2mdist/[22mempty-state/index.d.ts.map            [2m  9.61 kB[22m [2m│ gzip:   2.39 kB[22m
#104 347.9 @plane/propel:build: [34mℹ[39m [2mdist/[22mportal/index.js.map                   [2m  9.54 kB[22m [2m│ gzip:   3.32 kB[22m
#104 347.9 @plane/propel:build: [34mℹ[39m [2mdist/[22mmenu/index.js.map                     [2m  9.53 kB[22m [2m│ gzip:   3.20 kB[22m
#104 347.9 @plane/propel:build: [34mℹ[39m [2mdist/[22mcharts/line-chart/index.js.map        [2m  8.10 kB[22m [2m│ gzip:   2.75 kB[22m
#104 347.9 @plane/propel:build: [34mℹ[39m [2mdist/[22mcharts/scatter-chart/index.js.map     [2m  7.53 kB[22m [2m│ gzip:   2.53 kB[22m
#104 348.0 @plane/propel:build: [34mℹ[39m [2mdist/[22mtoolbar/index.js.map                  [2m  7.21 kB[22m [2m│ gzip:   2.34 kB[22m
#104 348.0 @plane/propel:build: [34mℹ[39m [2mdist/[22mcontext-menu/index.js.map             [2m  7.16 kB[22m [2m│ gzip:   1.94 kB[22m
#104 348.0 @plane/propel:build: [34mℹ[39m [2mdist/[22mbanner/index.js.map                   [2m  6.96 kB[22m [2m│ gzip:   2.58 kB[22m
#104 348.0 @plane/propel:build: [34mℹ[39m [2mdist/[22mtabs/index.js.map                     [2m  6.21 kB[22m [2m│ gzip:   1.86 kB[22m
#104 348.0 @plane/propel:build: [34mℹ[39m [2mdist/[22mtooltip-2hD27cLV.js.map               [2m  5.98 kB[22m [2m│ gzip:   2.15 kB[22m
#104 348.0 @plane/propel:build: [34mℹ[39m [2mdist/[22mdialog/index.js.map                   [2m  5.75 kB[22m [2m│ gzip:   1.97 kB[22m
#104 348.0 @plane/propel:build: [34mℹ[39m [2mdist/[22mbutton-CjcOirFK.js.map                [2m  5.70 kB[22m [2m│ gzip:   1.99 kB[22m
#104 348.0 @plane/propel:build: [34mℹ[39m [2mdist/[22mavatar/index.js.map                   [2m  5.14 kB[22m [2m│ gzip:   1.78 kB[22m
#104 348.0 @plane/propel:build: [34mℹ[39m [2mdist/[22mcharts/radar-chart/index.js.map       [2m  4.91 kB[22m [2m│ gzip:   1.89 kB[22m
#104 348.0 @plane/propel:build: [34mℹ[39m [2mdist/[22mscrollarea/index.js.map               [2m  4.86 kB[22m [2m│ gzip:   1.64 kB[22m
#104 348.0 @plane/propel:build: [34mℹ[39m [2mdist/[22micon-button-2BUssuti.js.map           [2m  4.86 kB[22m [2m│ gzip:   1.66 kB[22m
#104 348.0 @plane/propel:build: [34mℹ[39m [2mdist/[22mtable/index.js.map                    [2m  4.83 kB[22m [2m│ gzip:   1.32 kB[22m
#104 348.0 @plane/propel:build: [34mℹ[39m [2mdist/[22mpopover-CrZ8wRJs.js.map               [2m  4.12 kB[22m [2m│ gzip:   1.50 kB[22m
#104 348.0 @plane/propel:build: [34mℹ[39m [2mdist/[22mbadge/index.js.map                    [2m  4.08 kB[22m [2m│ gzip:   1.63 kB[22m
#104 348.0 @plane/propel:build: [34mℹ[39m [2mdist/[22manimated-counter-CqtqTlrG.js.map      [2m  3.95 kB[22m [2m│ gzip:   1.52 kB[22m
#104 348.0 @plane/propel:build: [34mℹ[39m [2mdist/[22mcollapsible/index.js.map              [2m  3.95 kB[22m [2m│ gzip:   1.53 kB[22m
#104 348.0 @plane/propel:build: [34mℹ[39m [2mdist/[22mtooltip-CLEkTCyg.js.map               [2m  3.83 kB[22m [2m│ gzip:   1.57 kB[22m
#104 348.0 @plane/propel:build: [34mℹ[39m [2mdist/[22mlegend-HUzGLN3O.js.map                [2m  3.79 kB[22m [2m│ gzip:   1.65 kB[22m
#104 348.0 @plane/propel:build: [34mℹ[39m [2mdist/[22mtooltip-2hD27cLV.js                   [2m  3.75 kB[22m [2m│ gzip:   1.29 kB[22m
#104 348.0 @plane/propel:build: [34mℹ[39m [2mdist/[22maccordion/index.js.map                [2m  3.72 kB[22m [2m│ gzip:   1.34 kB[22m
#104 348.0 @plane/propel:build: [34mℹ[39m [2mdist/[22mpill/index.js.map                     [2m  3.46 kB[22m [2m│ gzip:   1.38 kB[22m
#104 348.0 @plane/propel:build: [34mℹ[39m [2mdist/[22mcard-BJ9a4xMU.js.map                  [2m  3.43 kB[22m [2m│ gzip:   1.35 kB[22m
#104 348.0 @plane/propel:build: [34mℹ[39m [2mdist/[22mbutton-CjcOirFK.js                    [2m  3.31 kB[22m [2m│ gzip:   1.22 kB[22m
#104 348.0 @plane/propel:build: [34mℹ[39m [2mdist/[22mclassname-BokbBhj4.js.map             [2m  3.14 kB[22m [2m│ gzip:   1.30 kB[22m
#104 348.0 @plane/propel:build: [34mℹ[39m [2mdist/[22micon-button-2BUssuti.js               [2m  2.93 kB[22m [2m│ gzip:   1.08 kB[22m
#104 348.0 @plane/propel:build: [34mℹ[39m [2mdist/[22mcircular-bar-spinner-Cp6QEb9r.js.map  [2m  2.86 kB[22m [2m│ gzip:   0.97 kB[22m
#104 348.0 @plane/propel:build: [34mℹ[39m [2mdist/[22mplacement-Db9Qu3XD.js.map             [2m  2.73 kB[22m [2m│ gzip:   0.82 kB[22m
#104 348.0 @plane/propel:build: [34mℹ[39m [2mdist/[22mswitch/index.js.map                   [2m  2.71 kB[22m [2m│ gzip:   1.19 kB[22m
#104 348.0 @plane/propel:build: [34mℹ[39m [2mdist/[22mtab-navigation/index.js.map           [2m  2.65 kB[22m [2m│ gzip:   1.04 kB[22m
#104 348.0 @plane/propel:build: [34mℹ[39m [2mdist/[22mcommand/index.js.map                  [2m  2.48 kB[22m [2m│ gzip:   0.95 kB[22m
#104 348.0 @plane/propel:build: [34mℹ[39m [2mdist/[22mspinners/index.js.map                 [2m  2.42 kB[22m [2m│ gzip:   1.33 kB[22m
#104 348.0 @plane/propel:build: [34mℹ[39m [2mdist/[22minput/index.js.map                    [2m  2.34 kB[22m [2m│ gzip:   1.11 kB[22m
#104 348.0 @plane/propel:build: [34mℹ[39m [2mdist/[22mpopover-CrZ8wRJs.js                   [2m  2.30 kB[22m [2m│ gzip:   0.85 kB[22m
#104 348.0 @plane/propel:build: [34mℹ[39m [2mdist/[22manimated-counter-CqtqTlrG.js          [2m  2.27 kB[22m [2m│ gzip:   0.93 kB[22m
#104 348.0 @plane/propel:build: [34mℹ[39m [2mdist/[22mcard-BJ9a4xMU.js                      [2m  2.13 kB[22m [2m│ gzip:   0.90 kB[22m
#104 348.0 @plane/propel:build: [34mℹ[39m [2mdist/[22mlegend-HUzGLN3O.js                    [2m  2.08 kB[22m [2m│ gzip:   1.03 kB[22m
#104 348.0 @plane/propel:build: [34mℹ[39m [2mdist/[22mcircular-bar-spinner-Cp6QEb9r.js      [2m  2.08 kB[22m [2m│ gzip:   0.60 kB[22m
#104 348.0 @plane/propel:build: [34mℹ[39m [2mdist/[22mtooltip-CLEkTCyg.js                   [2m  2.05 kB[22m [2m│ gzip:   0.96 kB[22m
#104 348.0 @plane/propel:build: [34mℹ[39m [2mdist/[22mcombobox/index.d.ts.map               [2m  1.95 kB[22m [2m│ gzip:   0.65 kB[22m
#104 348.0 @plane/propel:build: [34mℹ[39m [2mdist/[22mcalendar/index.js.map                 [2m  1.94 kB[22m [2m│ gzip:   0.92 kB[22m
#104 348.0 @plane/propel:build: [34mℹ[39m [2mdist/[22memoji-icon-picker/index.d.ts.map      [2m  1.79 kB[22m [2m│ gzip:   0.77 kB[22m
#104 348.0 @plane/propel:build: [34mℹ[39m [2mdist/[22memoji-reaction/index.d.ts.map         [2m  1.71 kB[22m [2m│ gzip:   0.62 kB[22m
#104 348.0 @plane/propel:build: [34mℹ[39m [2mdist/[22mskeleton/index.js.map                 [2m  1.66 kB[22m [2m│ gzip:   0.82 kB[22m
#104 348.0 @plane/propel:build: [34mℹ[39m [2mdist/[22mtable/index.d.ts.map                  [2m  1.61 kB[22m [2m│ gzip:   0.46 kB[22m
#104 348.0 @plane/propel:build: [34mℹ[39m [2mdist/[22mportal/index.d.ts.map                 [2m  1.57 kB[22m [2m│ gzip:   0.64 kB[22m
#104 348.0 @plane/propel:build: [34mℹ[39m [2mdist/[22mclassname-BokbBhj4.js                 [2m  1.47 kB[22m [2m│ gzip:   0.74 kB[22m
#104 348.0 @plane/propel:build: [34mℹ[39m [2mdist/[22mtoast/index.d.ts.map                  [2m  1.46 kB[22m [2m│ gzip:   0.68 kB[22m
#104 348.0 @plane/propel:build: [34mℹ[39m [2mdist/[22mtabs/index.d.ts.map                   [2m  1.42 kB[22m [2m│ gzip:   0.47 kB[22m
#104 348.0 @plane/propel:build: [34mℹ[39m [2mdist/[22maccordion/index.d.ts.map              [2m  1.28 kB[22m [2m│ gzip:   0.49 kB[22m
#104 348.0 @plane/propel:build: [34mℹ[39m [2mdist/[22mplacement-Db9Qu3XD.js                 [2m  1.13 kB[22m [2m│ gzip:   0.36 kB[22m
#104 348.0 @plane/propel:build: [34mℹ[39m [2mdist/[22mbadge/index.d.ts.map                  [2m  1.12 kB[22m [2m│ gzip:   0.42 kB[22m
#104 348.0 @plane/propel:build: [34mℹ[39m [2mdist/[22mdialog/index.d.ts.map                 [2m  1.09 kB[22m [2m│ gzip:   0.50 kB[22m
#104 348.0 @plane/propel:build: [34mℹ[39m [2mdist/[22mmenu/index.d.ts.map                   [2m  1.09 kB[22m [2m│ gzip:   0.47 kB[22m
#104 348.0 @plane/propel:build: [34mℹ[39m [2mdist/[22mtoolbar/index.d.ts.map                [2m  1.00 kB[22m [2m│ gzip:   0.45 kB[22m
#104 348.0 @plane/propel:build: [34mℹ[39m [2mdist/[22mpill/index.d.ts.map                   [2m  0.99 kB[22m [2m│ gzip:   0.45 kB[22m
#104 348.0 @plane/propel:build: [34mℹ[39m [2mdist/[22micon-button/index.d.ts.map            [2m  0.96 kB[22m [2m│ gzip:   0.44 kB[22m
#104 348.0 @plane/propel:build: [34mℹ[39m [2mdist/[22mcollapsible/index.d.ts.map            [2m  0.95 kB[22m [2m│ gzip:   0.44 kB[22m
#104 348.0 @plane/propel:build: [34mℹ[39m [2mdist/[22mcontext-menu/index.d.ts.map           [2m  0.94 kB[22m [2m│ gzip:   0.40 kB[22m
#104 348.0 @plane/propel:build: [34mℹ[39m [2mdist/[22mcommand/index.d.ts.map                [2m  0.93 kB[22m [2m│ gzip:   0.39 kB[22m
#104 348.0 @plane/propel:build: [34mℹ[39m [2mdist/[22mhelper-C7ir6JvV.d.ts.map              [2m  0.76 kB[22m [2m│ gzip:   0.38 kB[22m
#104 348.0 @plane/propel:build: [34mℹ[39m [2mdist/[22mcard/index.d.ts.map                   [2m  0.69 kB[22m [2m│ gzip:   0.38 kB[22m
#104 348.0 @plane/propel:build: [34mℹ[39m [2mdist/[22mskeleton/index.d.ts.map               [2m  0.63 kB[22m [2m│ gzip:   0.31 kB[22m
#104 348.0 @plane/propel:build: [34mℹ[39m [2mdist/[22mscrollarea/index.d.ts.map             [2m  0.60 kB[22m [2m│ gzip:   0.33 kB[22m
#104 348.0 @plane/propel:build: [34mℹ[39m [2mdist/[22mbanner/index.d.ts.map                 [2m  0.59 kB[22m [2m│ gzip:   0.31 kB[22m
#104 348.0 @plane/propel:build: [34mℹ[39m [2mdist/[22mpopover/index.d.ts.map                [2m  0.58 kB[22m [2m│ gzip:   0.32 kB[22m
#104 348.0 @plane/propel:build: [34mℹ[39m [2mdist/[22mspinners/index.d.ts.map               [2m  0.57 kB[22m [2m│ gzip:   0.28 kB[22m
#104 348.0 @plane/propel:build: [34mℹ[39m [2mdist/[22mbutton/index.d.ts.map                 [2m  0.52 kB[22m [2m│ gzip:   0.24 kB[22m
#104 348.0 @plane/propel:build: [34mℹ[39m [2mdist/[22mtab-navigation/index.d.ts.map         [2m  0.52 kB[22m [2m│ gzip:   0.28 kB[22m
#104 348.0 @plane/propel:build: [34mℹ[39m [2mdist/[22mplacement-qJjmdCXt.d.ts.map           [2m  0.49 kB[22m [2m│ gzip:   0.26 kB[22m
#104 348.0 @plane/propel:build: [34mℹ[39m [2mdist/[22mswitch/index.d.ts.map                 [2m  0.48 kB[22m [2m│ gzip:   0.25 kB[22m
#104 348.0 @plane/propel:build: [34mℹ[39m [2mdist/[22mtooltip/index.d.ts.map                [2m  0.40 kB[22m [2m│ gzip:   0.26 kB[22m
#104 348.0 @plane/propel:build: [34mℹ[39m [2mdist/[22manimated-counter/index.d.ts.map       [2m  0.38 kB[22m [2m│ gzip:   0.22 kB[22m
#104 348.0 @plane/propel:build: [34mℹ[39m [2mdist/[22minput/index.d.ts.map                  [2m  0.35 kB[22m [2m│ gzip:   0.21 kB[22m
#104 348.0 @plane/propel:build: [34mℹ[39m [2mdist/[22mavatar/index.d.ts.map                 [2m  0.34 kB[22m [2m│ gzip:   0.22 kB[22m
#104 348.0 @plane/propel:build: [34mℹ[39m [2mdist/[22mcharts/scatter-chart/index.d.ts.map   [2m  0.32 kB[22m [2m│ gzip:   0.20 kB[22m
#104 348.0 @plane/propel:build: [34mℹ[39m [2mdist/[22mcharts/bar-chart/index.d.ts.map       [2m  0.32 kB[22m [2m│ gzip:   0.20 kB[22m
#104 348.0 @plane/propel:build: [34mℹ[39m [2mdist/[22mcharts/pie-chart/index.d.ts.map       [2m  0.32 kB[22m [2m│ gzip:   0.20 kB[22m
#104 348.0 @plane/propel:build: [34mℹ[39m [2mdist/[22mcharts/area-chart/index.d.ts.map      [2m  0.31 kB[22m [2m│ gzip:   0.20 kB[22m
#104 348.0 @plane/propel:build: [34mℹ[39m [2mdist/[22mcharts/line-chart/index.d.ts.map      [2m  0.31 kB[22m [2m│ gzip:   0.20 kB[22m
#104 348.0 @plane/propel:build: [34mℹ[39m [2mdist/[22mcalendar/index.d.ts.map               [2m  0.29 kB[22m [2m│ gzip:   0.21 kB[22m
#104 348.0 @plane/propel:build: [34mℹ[39m [2mdist/[22mcharts/radar-chart/index.d.ts.map     [2m  0.27 kB[22m [2m│ gzip:   0.18 kB[22m
#104 348.0 @plane/propel:build: [34mℹ[39m [2mdist/[22mcharts/tree-map/index.d.ts.map        [2m  0.16 kB[22m [2m│ gzip:   0.14 kB[22m
#104 348.0 @plane/propel:build: [34mℹ[39m [2mdist/[22mutils/index.d.ts.map                  [2m  0.14 kB[22m [2m│ gzip:   0.13 kB[22m
#104 348.0 @plane/propel:build: [34mℹ[39m [2mdist/[22mutils-MPqvUdqq.js                     [2m  0.00 kB[22m [2m│ gzip:   0.02 kB[22m
#104 348.0 @plane/propel:build: [34mℹ[39m [2mdist/[22m[32m[1mempty-state/index.d.ts[22m[39m                [2m 14.64 kB[22m [2m│ gzip:   2.17 kB[22m
#104 348.0 @plane/propel:build: [34mℹ[39m [2mdist/[22m[32m[1micons/index.d.ts[22m[39m                      [2m  6.31 kB[22m [2m│ gzip:   1.89 kB[22m
#104 348.0 @plane/propel:build: [34mℹ[39m [2mdist/[22m[32m[1memoji-icon-picker/index.d.ts[22m[39m          [2m  4.15 kB[22m [2m│ gzip:   1.41 kB[22m
#104 348.0 @plane/propel:build: [34mℹ[39m [2mdist/[22m[32m[1mportal/index.d.ts[22m[39m                     [2m  3.97 kB[22m [2m│ gzip:   1.42 kB[22m
#104 348.0 @plane/propel:build: [34mℹ[39m [2mdist/[22m[32m[1mcombobox/index.d.ts[22m[39m                   [2m  2.23 kB[22m [2m│ gzip:   0.74 kB[22m
#104 348.0 @plane/propel:build: [34mℹ[39m [2mdist/[22m[32m[1memoji-reaction/index.d.ts[22m[39m             [2m  2.20 kB[22m [2m│ gzip:   0.67 kB[22m
#104 348.0 @plane/propel:build: [34mℹ[39m [2mdist/[22m[32m[1mtabs/index.d.ts[22m[39m                       [2m  2.03 kB[22m [2m│ gzip:   0.45 kB[22m
#104 348.0 @plane/propel:build: [34mℹ[39m [2mdist/[22m[32m[1mtable/index.d.ts[22m[39m                      [2m  1.95 kB[22m [2m│ gzip:   0.37 kB[22m
#104 348.0 @plane/propel:build: [34mℹ[39m [2mdist/[22m[32m[1mcontext-menu/index.d.ts[22m[39m               [2m  1.95 kB[22m [2m│ gzip:   0.53 kB[22m
#104 348.0 @plane/propel:build: [34mℹ[39m [2mdist/[22m[32m[1mmenu/index.d.ts[22m[39m                       [2m  1.83 kB[22m [2m│ gzip:   0.74 kB[22m
#104 348.0 @plane/propel:build: [34mℹ[39m [2mdist/[22m[32m[1mtoolbar/index.d.ts[22m[39m                    [2m  1.80 kB[22m [2m│ gzip:   0.54 kB[22m
#104 348.0 @plane/propel:build: [34mℹ[39m [2mdist/[22m[32m[1mtoast/index.d.ts[22m[39m                      [2m  1.79 kB[22m [2m│ gzip:   0.62 kB[22m
#104 348.0 @plane/propel:build: [34mℹ[39m [2mdist/[22m[32m[1mbadge/index.d.ts[22m[39m                      [2m  1.61 kB[22m [2m│ gzip:   0.55 kB[22m
#104 348.0 @plane/propel:build: [34mℹ[39m [2mdist/[22m[32m[1maccordion/index.d.ts[22m[39m                  [2m  1.48 kB[22m [2m│ gzip:   0.45 kB[22m
#104 348.0 @plane/propel:build: [34mℹ[39m [2mdist/[22m[32m[1mdialog/index.d.ts[22m[39m                     [2m  1.38 kB[22m [2m│ gzip:   0.52 kB[22m
#104 348.0 @plane/propel:build: [34mℹ[39m [2mdist/[22m[32m[1mtab-navigation/index.d.ts[22m[39m             [2m  1.27 kB[22m [2m│ gzip:   0.47 kB[22m
#104 348.0 @plane/propel:build: [34mℹ[39m [2mdist/[22m[32m[1micon-button/index.d.ts[22m[39m                [2m  1.26 kB[22m [2m│ gzip:   0.55 kB[22m
#104 348.0 @plane/propel:build: [34mℹ[39m [2mdist/[22m[32m[1mbanner/index.d.ts[22m[39m                     [2m  1.22 kB[22m [2m│ gzip:   0.61 kB[22m
#104 348.0 @plane/propel:build: [34mℹ[39m [2mdist/[22m[32m[1mavatar/index.d.ts[22m[39m                     [2m  1.21 kB[22m [2m│ gzip:   0.53 kB[22m
#104 348.0 @plane/propel:build: [34mℹ[39m [2mdist/[22m[32m[1mcard/index.d.ts[22m[39m                       [2m  1.11 kB[22m [2m│ gzip:   0.56 kB[22m
#104 348.0 @plane/propel:build: [34mℹ[39m [2mdist/[22m[32m[1mpill/index.d.ts[22m[39m                       [2m  1.05 kB[22m [2m│ gzip:   0.52 kB[22m
#104 348.0 @plane/propel:build: [34mℹ[39m [2mdist/[22m[32m[1mbutton/index.d.ts[22m[39m                     [2m  1.05 kB[22m [2m│ gzip:   0.49 kB[22m
#104 348.0 @plane/propel:build: [34mℹ[39m [2mdist/[22m[32m[1mcollapsible/index.d.ts[22m[39m                [2m  0.96 kB[22m [2m│ gzip:   0.39 kB[22m
#104 348.0 @plane/propel:build: [34mℹ[39m [2mdist/[22m[32m[1mcommand/index.d.ts[22m[39m                    [2m  0.95 kB[22m [2m│ gzip:   0.31 kB[22m
#104 348.0 @plane/propel:build: [34mℹ[39m [2mdist/[22m[32m[1mscrollarea/index.d.ts[22m[39m                 [2m  0.90 kB[22m [2m│ gzip:   0.41 kB[22m
#104 348.0 @plane/propel:build: [34mℹ[39m [2mdist/[22m[32m[1mpopover/index.d.ts[22m[39m                    [2m  0.84 kB[22m [2m│ gzip:   0.44 kB[22m
#104 348.0 @plane/propel:build: [34mℹ[39m [2mdist/[22m[32m[1mspinners/index.d.ts[22m[39m                   [2m  0.75 kB[22m [2m│ gzip:   0.30 kB[22m
#104 348.0 @plane/propel:build: [34mℹ[39m [2mdist/[22m[32m[1mskeleton/index.d.ts[22m[39m                   [2m  0.75 kB[22m [2m│ gzip:   0.32 kB[22m
#104 348.0 @plane/propel:build: [34mℹ[39m [2mdist/[22m[32m[1mtooltip/index.d.ts[22m[39m                    [2m  0.68 kB[22m [2m│ gzip:   0.39 kB[22m
#104 348.0 @plane/propel:build: [34mℹ[39m [2mdist/[22m[32m[1manimated-counter/index.d.ts[22m[39m           [2m  0.56 kB[22m [2m│ gzip:   0.36 kB[22m
#104 348.0 @plane/propel:build: [34mℹ[39m [2mdist/[22m[32m[1mswitch/index.d.ts[22m[39m                     [2m  0.52 kB[22m [2m│ gzip:   0.31 kB[22m
#104 348.0 @plane/propel:build: [34mℹ[39m [2mdist/[22m[32m[1mutils/index.d.ts[22m[39m                      [2m  0.45 kB[22m [2m│ gzip:   0.28 kB[22m
#104 348.0 @plane/propel:build: [34mℹ[39m [2mdist/[22m[32m[1minput/index.d.ts[22m[39m                      [2m  0.45 kB[22m [2m│ gzip:   0.29 kB[22m
#104 348.0 @plane/propel:build: [34mℹ[39m [2mdist/[22m[32m[1mcalendar/index.d.ts[22m[39m                   [2m  0.42 kB[22m [2m│ gzip:   0.28 kB[22m
#104 348.0 @plane/propel:build: [34mℹ[39m [2mdist/[22m[32m[1mcharts/scatter-chart/index.d.ts[22m[39m       [2m  0.35 kB[22m [2m│ gzip:   0.24 kB[22m
#104 348.0 @plane/propel:build: [34mℹ[39m [2mdist/[22m[32m[1mcharts/area-chart/index.d.ts[22m[39m          [2m  0.33 kB[22m [2m│ gzip:   0.24 kB[22m
#104 348.0 @plane/propel:build: [34mℹ[39m [2mdist/[22m[32m[1mcharts/line-chart/index.d.ts[22m[39m          [2m  0.33 kB[22m [2m│ gzip:   0.24 kB[22m
#104 348.0 @plane/propel:build: [34mℹ[39m [2mdist/[22m[32m[1mcharts/bar-chart/index.d.ts[22m[39m           [2m  0.33 kB[22m [2m│ gzip:   0.24 kB[22m
#104 348.0 @plane/propel:build: [34mℹ[39m [2mdist/[22m[32m[1mcharts/pie-chart/index.d.ts[22m[39m           [2m  0.33 kB[22m [2m│ gzip:   0.23 kB[22m
#104 348.0 @plane/propel:build: [34mℹ[39m [2mdist/[22m[32m[1mcharts/radar-chart/index.d.ts[22m[39m         [2m  0.31 kB[22m [2m│ gzip:   0.23 kB[22m
#104 348.0 @plane/propel:build: [34mℹ[39m [2mdist/[22m[32m[1mcharts/tree-map/index.d.ts[22m[39m            [2m  0.27 kB[22m [2m│ gzip:   0.19 kB[22m
#104 348.0 @plane/propel:build: [34mℹ[39m [2mdist/[22m[32mindex-BUyOAoiw.d.ts[39m                   [2m 35.59 kB[22m [2m│ gzip:   5.29 kB[22m
#104 348.0 @plane/propel:build: [34mℹ[39m [2mdist/[22m[32mhelper-C7ir6JvV.d.ts[39m                  [2m  1.03 kB[22m [2m│ gzip:   0.50 kB[22m
#104 348.0 @plane/propel:build: [34mℹ[39m [2mdist/[22m[32mplacement-qJjmdCXt.d.ts[39m               [2m  0.75 kB[22m [2m│ gzip:   0.40 kB[22m
#104 348.0 @plane/propel:build: [34mℹ[39m 187 files, total: 2971.61 kB
#104 350.3 @plane/propel:build: [32m✔[39m Build complete in [32m83473ms[39m
#104 351.5 @plane/ui:build: cache miss, executing dd707f6971172f2d
#104 ...

#97 [admin installer 8/8] RUN pnpm turbo run build --filter=admin
#97 354.6 admin:build: [2Kadmin:build: transforming...✓ 7212 modules transformed.
#97 357.2 admin:build: rendering chunks...
#97 359.0 admin:build: computing gzip size...
#97 359.1 admin:build: build/client/assets/favicon-16x16-B_Opgp1K.png                                  0.46 kB
#97 359.1 admin:build: build/client/assets/google-logo-r0ky5Kfn.svg                                    0.74 kB │ gzip:  0.43 kB
#97 359.1 admin:build: build/client/assets/favicon-32x32-cfWXc3P9.png                                  0.76 kB
#97 359.1 admin:build: build/client/assets/gitlab-logo-BL2xQyij.svg                                    1.06 kB │ gzip:  0.47 kB
#97 359.1 admin:build: build/client/assets/gitea-logo-BAYfzmEl.svg                                     2.13 kB │ gzip:  1.04 kB
#97 359.1 admin:build: build/client/assets/takeoff-icon-dark-EbV9jX7-.svg                              2.98 kB │ gzip:  0.99 kB
#97 359.1 admin:build: build/client/assets/takeoff-icon-light-2XLBscmc.svg                             3.15 kB │ gzip:  1.07 kB
#97 359.1 admin:build: build/client/assets/instance-failure-C1aRKNan.svg                               4.10 kB │ gzip:  1.27 kB
#97 359.1 admin:build: build/client/assets/instance-failure-dark-DE7I22mw.svg                          4.10 kB │ gzip:  1.27 kB
#97 359.1 admin:build: build/client/assets/404-DWCFZzXK.svg                                            5.42 kB │ gzip:  1.58 kB
#97 359.1 admin:build: build/client/assets/ibm-plex-mono-vietnamese-400-normal-DDuiU_S-.woff           5.62 kB
#97 359.1 admin:build: build/client/assets/ibm-plex-mono-cyrillic-ext-400-normal-DMdlQ8Kv.woff         5.82 kB
#97 359.1 admin:build: build/client/assets/ibm-plex-mono-vietnamese-400-normal-BulugwFq.woff2          5.86 kB
#97 359.1 admin:build: build/client/assets/apple-touch-icon-BmADsVmV.png                               6.29 kB
#97 359.1 admin:build: build/client/assets/ibm-plex-mono-cyrillic-ext-400-normal-xuaO2J-f.woff2        6.91 kB
#97 359.1 admin:build: build/client/assets/ibm-plex-mono-cyrillic-400-normal-CEL4l2ZJ.woff             7.20 kB
#97 359.1 admin:build: build/client/assets/ibm-plex-mono-cyrillic-400-normal-BSMlKf0J.woff2            8.35 kB
#97 359.1 admin:build: build/client/assets/inter-vietnamese-wght-normal-CBcvBZtf.woff2                10.25 kB
#97 359.1 admin:build: build/client/assets/inter-greek-ext-wght-normal-DlzME5K_.woff2                 11.23 kB
#97 359.1 admin:build: build/client/assets/ibm-plex-mono-latin-ext-400-normal-D3D2R8hC.woff           11.76 kB
#97 359.1 admin:build: build/client/assets/ibm-plex-mono-latin-400-normal-CvHOgSBP.woff               13.14 kB
#97 359.1 admin:build: build/client/assets/ibm-plex-mono-latin-ext-400-normal-BmRBH3aV.woff2          13.34 kB
#97 359.1 admin:build: build/client/assets/github-black-DmZ70PA_.png                                  14.03 kB
#97 359.1 admin:build: build/client/assets/ibm-plex-mono-latin-400-normal-DMJ8VG8y.woff2              14.70 kB
#97 359.1 admin:build: build/client/assets/favicon-DJlV-mcI.ico                                       15.40 kB
#97 359.1 admin:build: build/client/assets/github-white-BwRnG8jn.png                                  16.55 kB
#97 359.1 admin:build: build/client/assets/inter-cyrillic-wght-normal-DqGufNeO.woff2                  18.74 kB
#97 359.1 admin:build: build/client/assets/inter-greek-wght-normal-CkhJZR-_.woff2                     18.99 kB
#97 359.1 admin:build: build/client/assets/inter-cyrillic-ext-wght-normal-BOeWTOD4.woff2              25.96 kB
#97 359.1 admin:build: build/client/.vite/manifest.json                                               35.30 kB │ gzip:  3.50 kB
#97 359.1 admin:build: build/client/assets/inter-latin-wght-normal-Dx4kXJAl.woff2                     48.25 kB
#97 359.1 admin:build: build/client/assets/inter-latin-ext-wght-normal-DO1Apj_S.woff2                 85.06 kB
#97 359.1 admin:build: build/client/assets/material-symbols-rounded-latin-400-normal-BVRwnNJJ.woff2  348.77 kB
#97 359.1 admin:build: build/client/assets/material-symbols-rounded-latin-100-normal-StOoOijZ.woff2  363.56 kB
#97 359.1 admin:build: build/client/assets/material-symbols-rounded-latin-300-normal-CGYRw1-j.woff2  388.05 kB
#97 359.1 admin:build: build/client/assets/material-symbols-rounded-latin-200-normal-Dy_97ylg.woff2  389.09 kB
#97 359.1 admin:build: build/client/assets/logo-spinner-light-DmBc4A-4.gif                           427.96 kB
#97 359.1 admin:build: build/client/assets/material-symbols-rounded-latin-400-normal-3TtrvaAx.woff   454.56 kB
#97 359.1 admin:build: build/client/assets/material-symbols-rounded-latin-100-normal-CyR9BGN8.woff   485.69 kB
#97 359.1 admin:build: build/client/assets/material-symbols-rounded-latin-300-normal-CexQLkYr.woff   506.70 kB
#97 359.1 admin:build: build/client/assets/material-symbols-rounded-latin-200-normal-B9_93z2O.woff   507.90 kB
#97 359.1 admin:build: build/client/assets/logo-spinner-dark-Cc1AqekO.gif                            976.39 kB
#97 359.1 admin:build: build/client/assets/root-CUojeknF.css                                           7.43 kB │ gzip:  1.56 kB
#97 359.1 admin:build: build/client/assets/globals-C3o653-Q.css                                      170.03 kB │ gzip: 24.64 kB
#97 359.1 admin:build: build/client/assets/gitea-logo-DdPv11Sq.js                                      0.06 kB │ gzip:  0.08 kB
#97 359.1 admin:build: build/client/assets/gitlab-logo-DnQSTEsU.js                                     0.06 kB │ gzip:  0.08 kB
#97 359.1 admin:build: build/client/assets/google-logo-DYoMaRvI.js                                     0.06 kB │ gzip:  0.08 kB
#97 359.1 admin:build: build/client/assets/check-BWNxUAFv.js                                           0.11 kB │ gzip:  0.13 kB
#97 359.1 admin:build: build/client/assets/github-white-BqeZC1wr.js                                    0.11 kB │ gzip:  0.10 kB
#97 359.1 admin:build: build/client/assets/useValueChanged-bgNJoRP4.js                                 0.22 kB │ gzip:  0.19 kB
#97 359.1 admin:build: build/client/assets/link-DbbAcIUU.js                                            0.26 kB │ gzip:  0.20 kB
#97 359.1 admin:build: build/client/assets/helper-C6C1ZCJ7.js                                          0.35 kB │ gzip:  0.25 kB
#97 359.1 admin:build: build/client/assets/logo-spinner-CIKdNuJP.js                                    0.41 kB │ gzip:  0.29 kB
#97 359.1 admin:build: build/client/assets/navigation-BlP5z0dJ.js                                      0.45 kB │ gzip:  0.30 kB
#97 359.1 admin:build: build/client/assets/close-outline-D63gA3td.js                                   0.46 kB │ gzip:  0.33 kB
#97 359.1 admin:build: build/client/assets/layout-DHBDDTtj.js                                          0.50 kB │ gzip:  0.37 kB
#97 359.1 admin:build: build/client/assets/useAriaLabelledBy-BR58rhu8.js                               0.57 kB │ gzip:  0.38 kB
#97 359.1 admin:build: build/client/assets/skeleton-Q9wMFoLi.js                                        0.58 kB │ gzip:  0.35 kB
#97 359.1 admin:build: build/client/assets/useTransitionStatus-B1Cn_QXN.js                             0.71 kB │ gzip:  0.37 kB
#97 359.1 admin:build: build/client/assets/authentication-method-card-gEC72W8Y.js                      0.93 kB │ gzip:  0.46 kB
#97 359.1 admin:build: build/client/assets/page-wrapper-DGP-TbZH.js                                    1.02 kB │ gzip:  0.49 kB
#97 359.1 admin:build: build/client/assets/404-bOjVHMs2.js                                             1.17 kB │ gzip:  0.62 kB
#97 359.1 admin:build: build/client/assets/controller-input-G2xFgPQf.js                                1.24 kB │ gzip:  0.59 kB
#97 359.1 admin:build: build/client/assets/monitor-outline-mJDbeTdR.js                                 1.43 kB │ gzip:  0.76 kB
#97 359.1 admin:build: build/client/assets/anchor-button-CSG9v4wL.js                                   1.60 kB │ gzip:  0.72 kB
#97 359.1 admin:build: build/client/assets/button-Bw3PC6il.js                                          1.76 kB │ gzip:  0.73 kB
#97 359.1 admin:build: build/client/assets/page-BfOrEq8V.js                                            2.23 kB │ gzip:  1.16 kB
#97 359.1 admin:build: build/client/assets/useLabelableId-BEGbWIxe.js                                  2.41 kB │ gzip:  1.16 kB
#97 359.1 admin:build: build/client/assets/show-outline-B3O-iLsw.js                                    2.53 kB │ gzip:  1.13 kB
#97 359.1 admin:build: build/client/assets/dist-DzF4Vrwp.js                                            3.28 kB │ gzip:  1.45 kB
#97 359.1 admin:build: build/client/assets/settings-outline-DgXOv6Rt.js                                3.33 kB │ gzip:  1.45 kB
#97 359.1 admin:build: build/client/assets/react-dom-ql0OLl_X.js                                       3.54 kB │ gzip:  1.34 kB
#97 359.1 admin:build: build/client/assets/store-D0-qMsfK.js                                           4.18 kB │ gzip:  1.93 kB
#97 359.1 admin:build: build/client/assets/switch-CBdPBcgs.js                                          4.27 kB │ gzip:  1.98 kB
#97 359.1 admin:build: build/client/assets/input-DtiFvGOR.js                                           4.31 kB │ gzip:  1.67 kB
#97 359.1 admin:build: build/client/assets/page-D349iEre.js                                            4.58 kB │ gzip:  1.81 kB
#97 359.1 admin:build: build/client/assets/page-Dz8dpfyU.js                                            4.94 kB │ gzip:  2.21 kB
#97 359.1 admin:build: build/client/assets/page-uGsuhRKn.js                                            4.96 kB │ gzip:  1.93 kB
#97 359.1 admin:build: build/client/assets/page-De0gSjib.js                                            5.96 kB │ gzip:  2.34 kB
#97 359.1 admin:build: build/client/assets/page-95rJkwTC.js                                            6.07 kB │ gzip:  2.40 kB
#97 359.1 admin:build: build/client/assets/page-rpV_11U5.js                                            6.85 kB │ gzip:  2.57 kB
#97 359.1 admin:build: build/client/assets/page-BU-Lt6-Q.js                                            6.98 kB │ gzip:  2.57 kB
#97 359.1 admin:build: build/client/assets/page-zYxwyE0r.js                                            7.06 kB │ gzip:  2.53 kB
#97 359.1 admin:build: build/client/assets/copy-field-CZQlAPrR.js                                      8.70 kB │ gzip:  3.71 kB
#97 359.1 admin:build: build/client/assets/page-91oc3GZx.js                                            8.75 kB │ gzip:  3.10 kB
#97 359.1 admin:build: build/client/assets/page-s7rHOpIy.js                                           10.18 kB │ gzip:  3.19 kB
#97 359.1 admin:build: build/client/assets/index-Cy4ddKoR.js                                          10.25 kB │ gzip:  4.72 kB
#97 359.1 admin:build: build/client/assets/root-BylTpqD8.js                                           10.69 kB │ gzip:  3.86 kB
#97 359.1 admin:build: build/client/assets/lib-B_iFmnw_.js                                            11.13 kB │ gzip:  4.51 kB
#97 359.1 admin:build: build/client/assets/dialog-CUsKueY2.js                                         11.79 kB │ gzip:  4.57 kB
#97 359.1 admin:build: build/client/assets/Button-jOqFQdgW.js                                         14.89 kB │ gzip:  5.71 kB
#97 359.1 admin:build: build/client/assets/icon-DmPEbyyh.js                                           16.42 kB │ gzip:  6.39 kB
#97 359.1 admin:build: build/client/assets/tooltip-BwiuO_2d.js                                        29.62 kB │ gzip: 10.26 kB
#97 359.1 admin:build: build/client/assets/index.esm-mSD8OV4N.js                                      31.00 kB │ gzip: 11.16 kB
#97 359.1 admin:build: build/client/assets/page-Bey7Qvyw.js                                           31.48 kB │ gzip:  9.76 kB
#97 359.1 admin:build: build/client/assets/toast-CzMzvZHp.js                                          33.22 kB │ gzip: 11.10 kB
#97 359.1 admin:build: build/client/assets/errorBoundaries-C9zRX8P3.js                                33.32 kB │ gzip: 11.64 kB
#97 359.1 admin:build: build/client/assets/transition-03q8Yi7b.js                                     33.57 kB │ gzip: 12.23 kB
#97 359.1 admin:build: build/client/assets/positioner-3fIV8OgO.js                                     38.71 kB │ gzip: 14.33 kB
#97 359.1 admin:build: build/client/assets/select-trigger-CfXecgYp.js                                 53.02 kB │ gzip: 18.91 kB
#97 359.1 admin:build: build/client/assets/dist-DN-uzIb_2.js                                          70.87 kB │ gzip: 26.17 kB
#97 359.1 admin:build: build/client/assets/layout-Dp1iOJB-.js                                         77.59 kB │ gzip: 25.79 kB
#97 359.1 admin:build: build/client/assets/jsx-runtime-BFXHAw-U.js                                    84.18 kB │ gzip: 27.95 kB
#97 359.1 admin:build: build/client/assets/use-user-DhkcCfeT.js                                      146.84 kB │ gzip: 45.02 kB
#97 359.1 admin:build: build/client/assets/entry.client-XFJwu2Eq.js                                  182.47 kB │ gzip: 57.79 kB
#97 359.1 admin:build: 
#97 359.1 admin:build: [32m✓ built in 1m 43s[39m
#97 359.1 admin:build: [36mvite v8.0.16 [32mbuilding ssr environment for production...[36m[39m
#97 ...

#104 [space installer 8/8] RUN pnpm turbo run build --filter=space
#104 356.4 @plane/ui:build: $ tsdown
#104 357.5 @plane/ui:build: [34mℹ[39m tsdown [2mv0.16.0[22m powered by rolldown [2mv1.0.0-beta.46[22m
#104 358.4 @plane/ui:build: [34mℹ[39m Using tsdown config: [4m/app/packages/ui/tsdown.config.ts[24m
#104 358.5 @plane/ui:build: [34mℹ[39m entry: [34msrc/index.ts[39m
#104 358.5 @plane/ui:build: [34mℹ[39m tsconfig: [34mtsconfig.json[39m
#104 358.5 @plane/ui:build: [34mℹ[39m Build start
#104 ...

#97 [admin installer 8/8] RUN pnpm turbo run build --filter=admin
#97 371.4 admin:build: [2Kadmin:build: transforming...✓ 197 modules transformed.
#97 371.7 admin:build: rendering chunks...
#97 371.9 admin:build: 
#97 371.9 admin:build: [32m✓[39m 33 assets cleaned from React Router server build.
#97 371.9 admin:build: [2mbuild/client/assets/globals-C3o653-Q.css[22m
#97 371.9 admin:build: [2mbuild/client/assets/apple-touch-icon-BmADsVmV.png[22m
#97 371.9 admin:build: [2mbuild/client/assets/favicon-16x16-B_Opgp1K.png[22m
#97 371.9 admin:build: [2mbuild/client/assets/favicon-32x32-cfWXc3P9.png[22m
#97 371.9 admin:build: [2mbuild/client/assets/favicon-DJlV-mcI.ico[22m
#97 371.9 admin:build: [2mbuild/client/assets/logo-spinner-dark-Cc1AqekO.gif[22m
#97 371.9 admin:build: [2mbuild/client/assets/logo-spinner-light-DmBc4A-4.gif[22m
#97 371.9 admin:build: [2mbuild/client/assets/inter-latin-wght-normal-Dx4kXJAl.woff2[22m
#97 371.9 admin:build: [2mbuild/client/assets/inter-cyrillic-ext-wght-normal-BOeWTOD4.woff2[22m
#97 371.9 admin:build: [2mbuild/client/assets/inter-cyrillic-wght-normal-DqGufNeO.woff2[22m
#97 371.9 admin:build: [2mbuild/client/assets/inter-greek-ext-wght-normal-DlzME5K_.woff2[22m
#97 371.9 admin:build: [2mbuild/client/assets/inter-greek-wght-normal-CkhJZR-_.woff2[22m
#97 371.9 admin:build: [2mbuild/client/assets/inter-vietnamese-wght-normal-CBcvBZtf.woff2[22m
#97 371.9 admin:build: [2mbuild/client/assets/inter-latin-ext-wght-normal-DO1Apj_S.woff2[22m
#97 371.9 admin:build: [2mbuild/client/assets/material-symbols-rounded-latin-100-normal-StOoOijZ.woff2[22m
#97 371.9 admin:build: [2mbuild/client/assets/material-symbols-rounded-latin-100-normal-CyR9BGN8.woff[22m
#97 371.9 admin:build: [2mbuild/client/assets/material-symbols-rounded-latin-200-normal-Dy_97ylg.woff2[22m
#97 371.9 admin:build: [2mbuild/client/assets/material-symbols-rounded-latin-200-normal-B9_93z2O.woff[22m
#97 371.9 admin:build: [2mbuild/client/assets/material-symbols-rounded-latin-300-normal-CGYRw1-j.woff2[22m
#97 371.9 admin:build: [2mbuild/client/assets/material-symbols-rounded-latin-300-normal-CexQLkYr.woff[22m
#97 371.9 admin:build: [2mbuild/client/assets/material-symbols-rounded-latin-400-normal-BVRwnNJJ.woff2[22m
#97 371.9 admin:build: [2mbuild/client/assets/material-symbols-rounded-latin-400-normal-3TtrvaAx.woff[22m
#97 371.9 admin:build: [2mbuild/client/assets/ibm-plex-mono-cyrillic-ext-400-normal-xuaO2J-f.woff2[22m
#97 371.9 admin:build: [2mbuild/client/assets/ibm-plex-mono-cyrillic-ext-400-normal-DMdlQ8Kv.woff[22m
#97 371.9 admin:build: [2mbuild/client/assets/ibm-plex-mono-cyrillic-400-normal-BSMlKf0J.woff2[22m
#97 371.9 admin:build: [2mbuild/client/assets/ibm-plex-mono-cyrillic-400-normal-CEL4l2ZJ.woff[22m
#97 371.9 admin:build: [2mbuild/client/assets/ibm-plex-mono-vietnamese-400-normal-BulugwFq.woff2[22m
#97 371.9 admin:build: [2mbuild/client/assets/ibm-plex-mono-vietnamese-400-normal-DDuiU_S-.woff[22m
#97 371.9 admin:build: [2mbuild/client/assets/ibm-plex-mono-latin-ext-400-normal-BmRBH3aV.woff2[22m
#97 371.9 admin:build: [2mbuild/client/assets/ibm-plex-mono-latin-ext-400-normal-D3D2R8hC.woff[22m
#97 371.9 admin:build: [2mbuild/client/assets/ibm-plex-mono-latin-400-normal-DMJ8VG8y.woff2[22m
#97 371.9 admin:build: [2mbuild/client/assets/ibm-plex-mono-latin-400-normal-CvHOgSBP.woff[22m
#97 371.9 admin:build: [2mbuild/server/assets/server-build-CUojeknF.css[22m
#97 372.0 admin:build: 
#97 372.0 admin:build: computing gzip size...
#97 372.0 admin:build: build/server/assets/favicon-16x16-B_Opgp1K.png                                  0.46 kB
#97 372.0 admin:build: build/server/assets/favicon-32x32-cfWXc3P9.png                                  0.76 kB
#97 372.0 admin:build: build/server/assets/ibm-plex-mono-vietnamese-400-normal-DDuiU_S-.woff           5.62 kB
#97 372.0 admin:build: build/server/assets/ibm-plex-mono-cyrillic-ext-400-normal-DMdlQ8Kv.woff         5.82 kB
#97 372.0 admin:build: build/server/assets/ibm-plex-mono-vietnamese-400-normal-BulugwFq.woff2          5.86 kB
#97 372.0 admin:build: build/server/assets/apple-touch-icon-BmADsVmV.png                               6.29 kB
#97 372.0 admin:build: build/server/assets/ibm-plex-mono-cyrillic-ext-400-normal-xuaO2J-f.woff2        6.91 kB
#97 372.0 admin:build: build/server/assets/ibm-plex-mono-cyrillic-400-normal-CEL4l2ZJ.woff             7.20 kB
#97 372.0 admin:build: build/server/assets/ibm-plex-mono-cyrillic-400-normal-BSMlKf0J.woff2            8.35 kB
#97 372.0 admin:build: build/server/assets/inter-vietnamese-wght-normal-CBcvBZtf.woff2                10.25 kB
#97 372.0 admin:build: build/server/assets/inter-greek-ext-wght-normal-DlzME5K_.woff2                 11.23 kB
#97 372.0 admin:build: build/server/assets/ibm-plex-mono-latin-ext-400-normal-D3D2R8hC.woff           11.76 kB
#97 372.0 admin:build: build/server/assets/ibm-plex-mono-latin-400-normal-CvHOgSBP.woff               13.14 kB
#97 372.0 admin:build: build/server/.vite/manifest.json                                               13.17 kB │ gzip:   1.17 kB
#97 372.0 admin:build: build/server/assets/ibm-plex-mono-latin-ext-400-normal-BmRBH3aV.woff2          13.34 kB
#97 372.0 admin:build: build/server/assets/ibm-plex-mono-latin-400-normal-DMJ8VG8y.woff2              14.70 kB
#97 372.0 admin:build: build/server/assets/favicon-DJlV-mcI.ico                                       15.40 kB
#97 372.0 admin:build: build/server/assets/inter-cyrillic-wght-normal-DqGufNeO.woff2                  18.74 kB
#97 372.0 admin:build: build/server/assets/inter-greek-wght-normal-CkhJZR-_.woff2                     18.99 kB
#97 372.0 admin:build: build/server/assets/inter-cyrillic-ext-wght-normal-BOeWTOD4.woff2              25.96 kB
#97 372.0 admin:build: build/server/assets/inter-latin-wght-normal-Dx4kXJAl.woff2                     48.25 kB
#97 372.0 admin:build: build/server/assets/inter-latin-ext-wght-normal-DO1Apj_S.woff2                 85.06 kB
#97 372.0 admin:build: build/server/assets/material-symbols-rounded-latin-400-normal-BVRwnNJJ.woff2  348.77 kB
#97 372.0 admin:build: build/server/assets/material-symbols-rounded-latin-100-normal-StOoOijZ.woff2  363.56 kB
#97 372.0 admin:build: build/server/assets/material-symbols-rounded-latin-300-normal-CGYRw1-j.woff2  388.05 kB
#97 372.0 admin:build: build/server/assets/material-symbols-rounded-latin-200-normal-Dy_97ylg.woff2  389.09 kB
#97 372.0 admin:build: build/server/assets/logo-spinner-light-DmBc4A-4.gif                           427.96 kB
#97 372.0 admin:build: build/server/assets/material-symbols-rounded-latin-400-normal-3TtrvaAx.woff   454.56 kB
#97 372.0 admin:build: build/server/assets/material-symbols-rounded-latin-100-normal-CyR9BGN8.woff   485.69 kB
#97 372.0 admin:build: build/server/assets/material-symbols-rounded-latin-300-normal-CexQLkYr.woff   506.70 kB
#97 372.0 admin:build: build/server/assets/material-symbols-rounded-latin-200-normal-B9_93z2O.woff   507.90 kB
#97 372.0 admin:build: build/server/assets/logo-spinner-dark-Cc1AqekO.gif                            976.39 kB
#97 372.0 admin:build: build/server/assets/server-build-CUojeknF.css                                   7.43 kB │ gzip:   1.56 kB
#97 372.0 admin:build: build/server/assets/globals-C3o653-Q.css                                      170.03 kB │ gzip:  24.64 kB
#97 372.0 admin:build: build/server/index.js                                                         575.10 kB │ gzip: 112.04 kB
#97 372.0 admin:build: 
#97 372.0 admin:build: [33m[33m[PLUGIN_TIMINGS] [0mYour build spent significant time in plugins. Here is a breakdown:
#97 372.0 admin:build:   - react-router:route-chunks-index (23%)
#97 372.0 admin:build:   - react-router:virtual-modules (19%)
#97 372.0 admin:build:   - vite:css (9%)
#97 372.0 admin:build:   - vite-tsconfig-paths (8%)
#97 372.0 admin:build:   - react-router:hmr-runtime (7%)
#97 372.0 admin:build: See https://rolldown.rs/options/checks#plugintimings for more details.
#97 372.0 admin:build: [39m
#97 372.0 admin:build: [32m✓ built in 12.90s[39m
#97 ...

#134 [live installer 12/12] RUN pnpm turbo run build --filter=live
#134 357.9 @plane/propel:build: ℹ dist/empty-state/index.js                  749.12 kB │ gzip: 213.69 kB
#134 357.9 @plane/propel:build: ℹ dist/charts/bar-chart/index.js               9.75 kB │ gzip:   3.19 kB
#134 357.9 @plane/propel:build: ℹ dist/charts/tree-map/index.js                9.39 kB │ gzip:   2.77 kB
#134 357.9 @plane/propel:build: ℹ dist/toast/index.js                          9.08 kB │ gzip:   2.30 kB
#134 357.9 @plane/propel:build: ℹ dist/portal/index.js                         6.41 kB │ gzip:   2.15 kB
#134 357.9 @plane/propel:build: ℹ dist/charts/pie-chart/index.js               6.25 kB │ gzip:   2.03 kB
#134 357.9 @plane/propel:build: ℹ dist/icons/index.js                          6.18 kB │ gzip:   1.86 kB
#134 357.9 @plane/propel:build: ℹ dist/menu/index.js                           5.60 kB │ gzip:   1.87 kB
#134 357.9 @plane/propel:build: ℹ dist/emoji-reaction/index.js                 5.57 kB │ gzip:   1.93 kB
#134 357.9 @plane/propel:build: ℹ dist/charts/area-chart/index.js              5.21 kB │ gzip:   1.92 kB
#134 357.9 @plane/propel:build: ℹ dist/combobox/index.js                       4.83 kB │ gzip:   1.74 kB
#134 357.9 @plane/propel:build: ℹ dist/charts/line-chart/index.js              4.50 kB │ gzip:   1.69 kB
#134 357.9 @plane/propel:build: ℹ dist/charts/scatter-chart/index.js           4.24 kB │ gzip:   1.56 kB
#134 357.9 @plane/propel:build: ℹ dist/toolbar/index.js                        4.05 kB │ gzip:   1.43 kB
#134 357.9 @plane/propel:build: ℹ dist/context-menu/index.js                   3.68 kB │ gzip:   1.14 kB
#134 357.9 @plane/propel:build: ℹ dist/banner/index.js                         3.43 kB │ gzip:   1.34 kB
#134 357.9 @plane/propel:build: ℹ dist/dialog/index.js                         3.33 kB │ gzip:   1.13 kB
#134 357.9 @plane/propel:build: ℹ dist/scrollarea/index.js                     2.96 kB │ gzip:   1.08 kB
#134 357.9 @plane/propel:build: ℹ dist/tabs/index.js                           2.87 kB │ gzip:   1.13 kB
#134 357.9 @plane/propel:build: ℹ dist/charts/radar-chart/index.js             2.83 kB │ gzip:   1.19 kB
#134 357.9 @plane/propel:build: ℹ dist/table/index.js                          2.72 kB │ gzip:   0.84 kB
#134 357.9 @plane/propel:build: ℹ dist/avatar/index.js                         2.69 kB │ gzip:   1.02 kB
#134 357.9 @plane/propel:build: ℹ dist/pill/index.js                           2.37 kB │ gzip:   1.02 kB
#134 357.9 @plane/propel:build: ℹ dist/collapsible/index.js                    2.17 kB │ gzip:   0.91 kB
#134 357.9 @plane/propel:build: ℹ dist/badge/index.js                          2.12 kB │ gzip:   0.97 kB
#134 357.9 @plane/propel:build: ℹ dist/accordion/index.js                      1.96 kB │ gzip:   0.74 kB
#134 357.9 @plane/propel:build: ℹ dist/tab-navigation/index.js                 1.90 kB │ gzip:   0.80 kB
#134 357.9 @plane/propel:build: ℹ dist/spinners/index.js                       1.89 kB │ gzip:   1.00 kB
#134 357.9 @plane/propel:build: ℹ dist/command/index.js                        1.48 kB │ gzip:   0.58 kB
#134 357.9 @plane/propel:build: ℹ dist/switch/index.js                         1.46 kB │ gzip:   0.71 kB
#134 357.9 @plane/propel:build: ℹ dist/input/index.js                          1.42 kB │ gzip:   0.77 kB
#134 357.9 @plane/propel:build: ℹ dist/calendar/index.js                       1.16 kB │ gzip:   0.59 kB
#134 357.9 @plane/propel:build: ℹ dist/skeleton/index.js                       0.92 kB │ gzip:   0.46 kB
#134 357.9 @plane/propel:build: ℹ dist/emoji-icon-picker/index.js              0.71 kB │ gzip:   0.35 kB
#134 357.9 @plane/propel:build: ℹ dist/utils/index.js                          0.25 kB │ gzip:   0.17 kB
#134 357.9 @plane/propel:build: ℹ dist/icon-button/index.js                    0.23 kB │ gzip:   0.17 kB
#134 357.9 @plane/propel:build: ℹ dist/button/index.js                         0.21 kB │ gzip:   0.16 kB
#134 357.9 @plane/propel:build: ℹ dist/card/index.js                           0.20 kB │ gzip:   0.15 kB
#134 357.9 @plane/propel:build: ℹ dist/animated-counter/index.js               0.20 kB │ gzip:   0.15 kB
#134 357.9 @plane/propel:build: ℹ dist/tooltip/index.js                        0.18 kB │ gzip:   0.14 kB
#134 357.9 @plane/propel:build: ℹ dist/popover/index.js                        0.11 kB │ gzip:   0.10 kB
#134 357.9 @plane/propel:build: ℹ dist/empty-state/index.js.map              859.86 kB │ gzip: 218.29 kB
#134 357.9 @plane/propel:build: ℹ dist/icons-DWzY_Ct4.js.map                 391.68 kB │ gzip: 100.97 kB
#134 357.9 @plane/propel:build: ℹ dist/icons-DWzY_Ct4.js                     309.50 kB │ gzip:  94.69 kB
#134 357.9 @plane/propel:build: ℹ dist/emoji-icon-picker-C-QxDRjq.js.map      58.16 kB │ gzip:  13.25 kB
#134 357.9 @plane/propel:build: ℹ dist/emoji-icon-picker-C-QxDRjq.js          32.67 kB │ gzip:   8.54 kB
#134 357.9 @plane/propel:build: ℹ dist/charts/bar-chart/index.js.map          18.54 kB │ gzip:   5.83 kB
#134 357.9 @plane/propel:build: ℹ dist/index-BUyOAoiw.d.ts.map                17.31 kB │ gzip:   3.08 kB
#134 357.9 @plane/propel:build: ℹ dist/charts/tree-map/index.js.map           16.84 kB │ gzip:   4.95 kB
#134 357.9 @plane/propel:build: ℹ dist/toast/index.js.map                     14.78 kB │ gzip:   4.07 kB
#134 357.9 @plane/propel:build: ℹ dist/charts/pie-chart/index.js.map          10.95 kB │ gzip:   3.47 kB
#134 357.9 @plane/propel:build: ℹ dist/combobox/index.js.map                   9.95 kB │ gzip:   3.34 kB
#134 357.9 @plane/propel:build: ℹ dist/charts/area-chart/index.js.map          9.79 kB │ gzip:   3.31 kB
#134 357.9 @plane/propel:build: ℹ dist/emoji-reaction/index.js.map             9.74 kB │ gzip:   3.24 kB
#134 357.9 @plane/propel:build: ℹ dist/empty-state/index.d.ts.map              9.61 kB │ gzip:   2.39 kB
#134 357.9 @plane/propel:build: ℹ dist/portal/index.js.map                     9.54 kB │ gzip:   3.32 kB
#134 357.9 @plane/propel:build: ℹ dist/menu/index.js.map                       9.53 kB │ gzip:   3.20 kB
#134 357.9 @plane/propel:build: ℹ dist/charts/line-chart/index.js.map          8.10 kB │ gzip:   2.75 kB
#134 357.9 @plane/propel:build: ℹ dist/charts/scatter-chart/index.js.map       7.53 kB │ gzip:   2.53 kB
#134 357.9 @plane/propel:build: ℹ dist/toolbar/index.js.map                    7.21 kB │ gzip:   2.34 kB
#134 357.9 @plane/propel:build: ℹ dist/context-menu/index.js.map               7.16 kB │ gzip:   1.94 kB
#134 357.9 @plane/propel:build: ℹ dist/banner/index.js.map                     6.96 kB │ gzip:   2.58 kB
#134 357.9 @plane/propel:build: ℹ dist/tabs/index.js.map                       6.21 kB │ gzip:   1.86 kB
#134 357.9 @plane/propel:build: ℹ dist/tooltip-Cbs68rEE.js.map                 5.98 kB │ gzip:   2.15 kB
#134 357.9 @plane/propel:build: ℹ dist/dialog/index.js.map                     5.75 kB │ gzip:   1.97 kB
#134 357.9 @plane/propel:build: ℹ dist/button-TCxnxvTK.js.map                  5.70 kB │ gzip:   1.99 kB
#134 357.9 @plane/propel:build: ℹ dist/avatar/index.js.map                     5.14 kB │ gzip:   1.78 kB
#134 357.9 @plane/propel:build: ℹ dist/charts/radar-chart/index.js.map         4.91 kB │ gzip:   1.89 kB
#134 357.9 @plane/propel:build: ℹ dist/scrollarea/index.js.map                 4.86 kB │ gzip:   1.64 kB
#134 357.9 @plane/propel:build: ℹ dist/icon-button-2BUssuti.js.map             4.86 kB │ gzip:   1.66 kB
#134 357.9 @plane/propel:build: ℹ dist/table/index.js.map                      4.83 kB │ gzip:   1.32 kB
#134 357.9 @plane/propel:build: ℹ dist/popover-CrZ8wRJs.js.map                 4.12 kB │ gzip:   1.50 kB
#134 357.9 @plane/propel:build: ℹ dist/badge/index.js.map                      4.08 kB │ gzip:   1.63 kB
#134 357.9 @plane/propel:build: ℹ dist/animated-counter-CqtqTlrG.js.map        3.95 kB │ gzip:   1.52 kB
#134 357.9 @plane/propel:build: ℹ dist/collapsible/index.js.map                3.95 kB │ gzip:   1.53 kB
#134 357.9 @plane/propel:build: ℹ dist/tooltip-CLEkTCyg.js.map                 3.83 kB │ gzip:   1.57 kB
#134 357.9 @plane/propel:build: ℹ dist/legend-HUzGLN3O.js.map                  3.79 kB │ gzip:   1.65 kB
#134 357.9 @plane/propel:build: ℹ dist/tooltip-Cbs68rEE.js                     3.75 kB │ gzip:   1.29 kB
#134 357.9 @plane/propel:build: ℹ dist/accordion/index.js.map                  3.72 kB │ gzip:   1.34 kB
#134 357.9 @plane/propel:build: ℹ dist/pill/index.js.map                       3.46 kB │ gzip:   1.38 kB
#134 357.9 @plane/propel:build: ℹ dist/card-BALMHRPe.js.map                    3.43 kB │ gzip:   1.35 kB
#134 357.9 @plane/propel:build: ℹ dist/button-TCxnxvTK.js                      3.31 kB │ gzip:   1.22 kB
#134 357.9 @plane/propel:build: ℹ dist/classname-BokbBhj4.js.map               3.14 kB │ gzip:   1.30 kB
#134 357.9 @plane/propel:build: ℹ dist/icon-button-2BUssuti.js                 2.93 kB │ gzip:   1.08 kB
#134 357.9 @plane/propel:build: ℹ dist/circular-bar-spinner-Cp6QEb9r.js.map    2.86 kB │ gzip:   0.97 kB
#134 357.9 @plane/propel:build: ℹ dist/placement-Db9Qu3XD.js.map               2.73 kB │ gzip:   0.82 kB
#134 357.9 @plane/propel:build: ℹ dist/switch/index.js.map                     2.71 kB │ gzip:   1.19 kB
#134 357.9 @plane/propel:build: ℹ dist/tab-navigation/index.js.map             2.65 kB │ gzip:   1.04 kB
#134 357.9 @plane/propel:build: ℹ dist/command/index.js.map                    2.48 kB │ gzip:   0.95 kB
#134 357.9 @plane/propel:build: ℹ dist/spinners/index.js.map                   2.42 kB │ gzip:   1.33 kB
#134 357.9 @plane/propel:build: ℹ dist/input/index.js.map                      2.34 kB │ gzip:   1.11 kB
#134 357.9 @plane/propel:build: ℹ dist/popover-CrZ8wRJs.js                     2.30 kB │ gzip:   0.85 kB
#134 357.9 @plane/propel:build: ℹ dist/animated-counter-CqtqTlrG.js            2.27 kB │ gzip:   0.93 kB
#134 357.9 @plane/propel:build: ℹ dist/card-BALMHRPe.js                        2.13 kB │ gzip:   0.90 kB
#134 357.9 @plane/propel:build: ℹ dist/legend-HUzGLN3O.js                      2.08 kB │ gzip:   1.03 kB
#134 357.9 @plane/propel:build: ℹ dist/circular-bar-spinner-Cp6QEb9r.js        2.08 kB │ gzip:   0.60 kB
#134 357.9 @plane/propel:build: ℹ dist/tooltip-CLEkTCyg.js                     2.05 kB │ gzip:   0.96 kB
#134 358.0 @plane/propel:build: ℹ dist/combobox/index.d.ts.map                 1.95 kB │ gzip:   0.65 kB
#134 358.0 @plane/propel:build: ℹ dist/calendar/index.js.map                   1.94 kB │ gzip:   0.92 kB
#134 358.0 @plane/propel:build: ℹ dist/emoji-icon-picker/index.d.ts.map        1.79 kB │ gzip:   0.77 kB
#134 358.0 @plane/propel:build: ℹ dist/emoji-reaction/index.d.ts.map           1.71 kB │ gzip:   0.62 kB
#134 358.0 @plane/propel:build: ℹ dist/skeleton/index.js.map                   1.66 kB │ gzip:   0.82 kB
#134 358.0 @plane/propel:build: ℹ dist/table/index.d.ts.map                    1.61 kB │ gzip:   0.46 kB
#134 358.0 @plane/propel:build: ℹ dist/portal/index.d.ts.map                   1.57 kB │ gzip:   0.64 kB
#134 358.0 @plane/propel:build: ℹ dist/classname-BokbBhj4.js                   1.47 kB │ gzip:   0.74 kB
#134 358.0 @plane/propel:build: ℹ dist/toast/index.d.ts.map                    1.46 kB │ gzip:   0.68 kB
#134 358.0 @plane/propel:build: ℹ dist/tabs/index.d.ts.map                     1.42 kB │ gzip:   0.47 kB
#134 358.0 @plane/propel:build: ℹ dist/accordion/index.d.ts.map                1.28 kB │ gzip:   0.49 kB
#134 358.0 @plane/propel:build: ℹ dist/placement-Db9Qu3XD.js                   1.13 kB │ gzip:   0.36 kB
#134 358.0 @plane/propel:build: ℹ dist/badge/index.d.ts.map                    1.12 kB │ gzip:   0.42 kB
#134 358.0 @plane/propel:build: ℹ dist/dialog/index.d.ts.map                   1.09 kB │ gzip:   0.50 kB
#134 358.0 @plane/propel:build: ℹ dist/menu/index.d.ts.map                     1.09 kB │ gzip:   0.47 kB
#134 358.0 @plane/propel:build: ℹ dist/toolbar/index.d.ts.map                  1.00 kB │ gzip:   0.45 kB
#134 358.0 @plane/propel:build: ℹ dist/pill/index.d.ts.map                     0.99 kB │ gzip:   0.45 kB
#134 358.0 @plane/propel:build: ℹ dist/icon-button/index.d.ts.map              0.96 kB │ gzip:   0.44 kB
#134 358.0 @plane/propel:build: ℹ dist/collapsible/index.d.ts.map              0.95 kB │ gzip:   0.44 kB
#134 358.0 @plane/propel:build: ℹ dist/context-menu/index.d.ts.map             0.94 kB │ gzip:   0.40 kB
#134 358.0 @plane/propel:build: ℹ dist/command/index.d.ts.map                  0.93 kB │ gzip:   0.39 kB
#134 358.0 @plane/propel:build: ℹ dist/helper-Cw7yZUTd.d.ts.map                0.76 kB │ gzip:   0.37 kB
#134 358.0 @plane/propel:build: ℹ dist/card/index.d.ts.map                     0.69 kB │ gzip:   0.38 kB
#134 358.0 @plane/propel:build: ℹ dist/skeleton/index.d.ts.map                 0.63 kB │ gzip:   0.31 kB
#134 358.0 @plane/propel:build: ℹ dist/scrollarea/index.d.ts.map               0.60 kB │ gzip:   0.33 kB
#134 358.0 @plane/propel:build: ℹ dist/banner/index.d.ts.map                   0.59 kB │ gzip:   0.31 kB
#134 358.0 @plane/propel:build: ℹ dist/popover/index.d.ts.map                  0.58 kB │ gzip:   0.31 kB
#134 358.0 @plane/propel:build: ℹ dist/spinners/index.d.ts.map                 0.57 kB │ gzip:   0.28 kB
#134 358.0 @plane/propel:build: ℹ dist/button/index.d.ts.map                   0.52 kB │ gzip:   0.24 kB
#134 358.0 @plane/propel:build: ℹ dist/tab-navigation/index.d.ts.map           0.52 kB │ gzip:   0.28 kB
#134 358.0 @plane/propel:build: ℹ dist/placement-qJjmdCXt.d.ts.map             0.49 kB │ gzip:   0.26 kB
#134 358.0 @plane/propel:build: ℹ dist/switch/index.d.ts.map                   0.48 kB │ gzip:   0.25 kB
#134 358.0 @plane/propel:build: ℹ dist/tooltip/index.d.ts.map                  0.40 kB │ gzip:   0.26 kB
#134 358.0 @plane/propel:build: ℹ dist/animated-counter/index.d.ts.map         0.38 kB │ gzip:   0.22 kB
#134 358.0 @plane/propel:build: ℹ dist/input/index.d.ts.map                    0.35 kB │ gzip:   0.21 kB
#134 358.0 @plane/propel:build: ℹ dist/avatar/index.d.ts.map                   0.34 kB │ gzip:   0.22 kB
#134 358.0 @plane/propel:build: ℹ dist/charts/scatter-chart/index.d.ts.map     0.32 kB │ gzip:   0.20 kB
#134 358.0 @plane/propel:build: ℹ dist/charts/bar-chart/index.d.ts.map         0.32 kB │ gzip:   0.20 kB
#134 358.0 @plane/propel:build: ℹ dist/charts/pie-chart/index.d.ts.map         0.32 kB │ gzip:   0.20 kB
#134 358.0 @plane/propel:build: ℹ dist/charts/area-chart/index.d.ts.map        0.31 kB │ gzip:   0.20 kB
#134 358.0 @plane/propel:build: ℹ dist/charts/line-chart/index.d.ts.map        0.31 kB │ gzip:   0.20 kB
#134 358.0 @plane/propel:build: ℹ dist/calendar/index.d.ts.map                 0.29 kB │ gzip:   0.21 kB
#134 358.0 @plane/propel:build: ℹ dist/charts/radar-chart/index.d.ts.map       0.27 kB │ gzip:   0.18 kB
#134 358.0 @plane/propel:build: ℹ dist/charts/tree-map/index.d.ts.map          0.16 kB │ gzip:   0.14 kB
#134 358.0 @plane/propel:build: ℹ dist/utils/index.d.ts.map                    0.14 kB │ gzip:   0.13 kB
#134 358.0 @plane/propel:build: ℹ dist/utils-MPqvUdqq.js                       0.00 kB │ gzip:   0.02 kB
#134 358.0 @plane/propel:build: ℹ dist/empty-state/index.d.ts                 14.64 kB │ gzip:   2.17 kB
#134 358.0 @plane/propel:build: ℹ dist/icons/index.d.ts                        6.31 kB │ gzip:   1.89 kB
#134 358.0 @plane/propel:build: ℹ dist/emoji-icon-picker/index.d.ts            4.14 kB │ gzip:   1.41 kB
#134 358.0 @plane/propel:build: ℹ dist/portal/index.d.ts                       3.97 kB │ gzip:   1.42 kB
#134 358.0 @plane/propel:build: ℹ dist/combobox/index.d.ts                     2.23 kB │ gzip:   0.74 kB
#134 358.0 @plane/propel:build: ℹ dist/emoji-reaction/index.d.ts               2.20 kB │ gzip:   0.67 kB
#134 358.0 @plane/propel:build: ℹ dist/tabs/index.d.ts                         2.03 kB │ gzip:   0.45 kB
#134 358.0 @plane/propel:build: ℹ dist/table/index.d.ts                        1.95 kB │ gzip:   0.37 kB
#134 358.0 @plane/propel:build: ℹ dist/context-menu/index.d.ts                 1.95 kB │ gzip:   0.53 kB
#134 358.0 @plane/propel:build: ℹ dist/menu/index.d.ts                         1.83 kB │ gzip:   0.74 kB
#134 358.0 @plane/propel:build: ℹ dist/toolbar/index.d.ts                      1.80 kB │ gzip:   0.54 kB
#134 358.0 @plane/propel:build: ℹ dist/toast/index.d.ts                        1.79 kB │ gzip:   0.62 kB
#134 358.0 @plane/propel:build: ℹ dist/badge/index.d.ts                        1.61 kB │ gzip:   0.55 kB
#134 358.0 @plane/propel:build: ℹ dist/accordion/index.d.ts                    1.48 kB │ gzip:   0.45 kB
#134 358.0 @plane/propel:build: ℹ dist/dialog/index.d.ts                       1.38 kB │ gzip:   0.52 kB
#134 358.0 @plane/propel:build: ℹ dist/tab-navigation/index.d.ts               1.27 kB │ gzip:   0.47 kB
#134 358.0 @plane/propel:build: ℹ dist/icon-button/index.d.ts                  1.26 kB │ gzip:   0.55 kB
#134 358.0 @plane/propel:build: ℹ dist/banner/index.d.ts                       1.22 kB │ gzip:   0.61 kB
#134 358.0 @plane/propel:build: ℹ dist/avatar/index.d.ts                       1.21 kB │ gzip:   0.53 kB
#134 358.0 @plane/propel:build: ℹ dist/card/index.d.ts                         1.11 kB │ gzip:   0.56 kB
#134 358.0 @plane/propel:build: ℹ dist/pill/index.d.ts                         1.05 kB │ gzip:   0.52 kB
#134 358.0 @plane/propel:build: ℹ dist/button/index.d.ts                       1.05 kB │ gzip:   0.49 kB
#134 358.0 @plane/propel:build: ℹ dist/collapsible/index.d.ts                  0.96 kB │ gzip:   0.39 kB
#134 358.0 @plane/propel:build: ℹ dist/command/index.d.ts                      0.95 kB │ gzip:   0.31 kB
#134 358.0 @plane/propel:build: ℹ dist/scrollarea/index.d.ts                   0.90 kB │ gzip:   0.41 kB
#134 358.0 @plane/propel:build: ℹ dist/popover/index.d.ts                      0.84 kB │ gzip:   0.44 kB
#134 358.0 @plane/propel:build: ℹ dist/spinners/index.d.ts                     0.75 kB │ gzip:   0.30 kB
#134 358.0 @plane/propel:build: ℹ dist/skeleton/index.d.ts                     0.75 kB │ gzip:   0.32 kB
#134 358.0 @plane/propel:build: ℹ dist/tooltip/index.d.ts                      0.68 kB │ gzip:   0.39 kB
#134 358.0 @plane/propel:build: ℹ dist/animated-counter/index.d.ts             0.56 kB │ gzip:   0.36 kB
#134 358.0 @plane/propel:build: ℹ dist/switch/index.d.ts                       0.52 kB │ gzip:   0.31 kB
#134 358.0 @plane/propel:build: ℹ dist/utils/index.d.ts                        0.45 kB │ gzip:   0.28 kB
#134 358.0 @plane/propel:build: ℹ dist/input/index.d.ts                        0.45 kB │ gzip:   0.29 kB
#134 358.0 @plane/propel:build: ℹ dist/calendar/index.d.ts                     0.42 kB │ gzip:   0.28 kB
#134 358.0 @plane/propel:build: ℹ dist/charts/scatter-chart/index.d.ts         0.35 kB │ gzip:   0.24 kB
#134 358.0 @plane/propel:build: ℹ dist/charts/area-chart/index.d.ts            0.33 kB │ gzip:   0.24 kB
#134 358.0 @plane/propel:build: ℹ dist/charts/line-chart/index.d.ts            0.33 kB │ gzip:   0.24 kB
#134 358.0 @plane/propel:build: ℹ dist/charts/bar-chart/index.d.ts             0.33 kB │ gzip:   0.24 kB
#134 358.0 @plane/propel:build: ℹ dist/charts/pie-chart/index.d.ts             0.33 kB │ gzip:   0.23 kB
#134 358.0 @plane/propel:build: ℹ dist/charts/radar-chart/index.d.ts           0.31 kB │ gzip:   0.22 kB
#134 358.0 @plane/propel:build: ℹ dist/charts/tree-map/index.d.ts              0.27 kB │ gzip:   0.19 kB
#134 358.0 @plane/propel:build: ℹ dist/index-BUyOAoiw.d.ts                    35.59 kB │ gzip:   5.29 kB
#134 358.0 @plane/propel:build: ℹ dist/helper-Cw7yZUTd.d.ts                    1.03 kB │ gzip:   0.50 kB
#134 358.0 @plane/propel:build: ℹ dist/placement-qJjmdCXt.d.ts                 0.75 kB │ gzip:   0.40 kB
#134 358.0 @plane/propel:build: ℹ 187 files, total: 2971.61 kB
#134 360.2 @plane/propel:build: ✔ Build complete in 81975ms
#134 360.8 @plane/ui:build: cache miss, executing 118192097a23f98f
#134 366.1 @plane/ui:build: $ tsdown
#134 367.1 @plane/ui:build: ℹ tsdown v0.16.0 powered by rolldown v1.0.0-beta.46
#134 368.3 @plane/ui:build: ℹ Using tsdown config: /app/packages/ui/tsdown.config.ts
#134 368.3 @plane/ui:build: ℹ entry: src/index.ts
#134 368.3 @plane/ui:build: ℹ tsconfig: tsconfig.json
#134 368.3 @plane/ui:build: ℹ Build start
#134 ...

#97 [admin installer 8/8] RUN pnpm turbo run build --filter=admin
#97 391.2 admin:build: Error: Prerender: Request failed for /god-mode/: The operation was aborted due to timeout
#97 391.2 admin:build:     at defaultHandleError (file:///app/node_modules/.pnpm/@react-router+dev@8.3.0_@react-router+serve@8.3.0_react-router@8.3.0_react-dom@19.2.8_r_9854e2c15c95b8451927322c02cc1058/node_modules/@react-router/dev/dist/vite.js:887:8)
#97 391.2 admin:build:     at attempt (file:///app/node_modules/.pnpm/@react-router+dev@8.3.0_@react-router+serve@8.3.0_react-router@8.3.0_react-dom@19.2.8_r_9854e2c15c95b8451927322c02cc1058/node_modules/@react-router/dev/dist/vite.js:835:11)
#97 391.2 admin:build:     at process.processTicksAndRejections (node:internal/process/task_queues:103:5)
#97 391.2 admin:build:     at async prerender (file:///app/node_modules/.pnpm/@react-router+dev@8.3.0_@react-router+serve@8.3.0_react-router@8.3.0_react-dom@19.2.8_r_9854e2c15c95b8451927322c02cc1058/node_modules/@react-router/dev/dist/vite.js:842:64)
#97 391.2 admin:build:     at async default.concurrency.concurrency (file:///app/node_modules/.pnpm/@react-router+dev@8.3.0_@react-router+serve@8.3.0_react-router@8.3.0_react-dom@19.2.8_r_9854e2c15c95b8451927322c02cc1058/node_modules/@react-router/dev/dist/vite.js:859:9)
#97 391.2 admin:build:     at async file:///app/node_modules/.pnpm/p-map@7.0.6/node_modules/p-map/index.js:122:20
#97 393.1 admin:build: [ELIFECYCLE] Command failed with exit code 1.
#97 393.4 admin#build:  ERROR  command (/app/apps/admin) /usr/local/bin/pnpm run build exited (1)
#97 393.4 
#97 393.4  Tasks:    5 successful, 6 total
#97 393.4 Cached:    0 cached, 6 total
#97 393.4   Time:    6m28.534s 
#97 393.4 Failed:    admin#build
#97 393.4 
#97 393.7  ERROR  run failed: command  exited (1)
#97 ERROR: process "/bin/sh -c pnpm turbo run build --filter=admin" did not complete successfully: exit code: 1

#104 [space installer 8/8] RUN pnpm turbo run build --filter=space
#104 ...

#78 [admin caddy-builder 2/2] RUN xcaddy build     --with github.com/mholt/caddy-ratelimit
#78 CANCELED

#133 [web installer 12/12] RUN pnpm turbo run build --filter=web --force     && printf '%s\n' "2be5525c3e86bd21807abb413904ad5e37d31eddaed61d1bfdacf350353ac08e" > /app/apps/web/build/client/deployment-source.txt
#133 ...

#134 [live installer 12/12] RUN pnpm turbo run build --filter=live
#134 CANCELED

#104 [space installer 8/8] RUN pnpm turbo run build --filter=space
#104 CANCELED

#133 [web installer 12/12] RUN pnpm turbo run build --filter=web --force     && printf '%s\n' "2be5525c3e86bd21807abb413904ad5e37d31eddaed61d1bfdacf350353ac08e" > /app/apps/web/build/client/deployment-source.txt
#133 CANCELED
------
 > [admin installer 8/8] RUN pnpm turbo run build --filter=admin:
391.2 admin:build:     at async file:///app/node_modules/.pnpm/p-map@7.0.6/node_modules/p-map/index.js:122:20
393.1 admin:build: [ELIFECYCLE] Command failed with exit code 1.
393.4 admin#build:  ERROR  command (/app/apps/admin) /usr/local/bin/pnpm run build exited (1)
393.4 
393.4  Tasks:    5 successful, 6 total
393.4 Cached:    0 cached, 6 total
393.4   Time:    6m28.534s 
393.4 Failed:    admin#build
393.4 
393.7  ERROR  run failed: command  exited (1)
------
Dockerfile.admin:74

--------------------

  72 |     

  73 |     # Build only the admin package

  74 | >>> RUN pnpm turbo run build --filter=admin

  75 |     

  76 |     # *****************************************************************************

--------------------

target admin: failed to solve: process "/bin/sh -c pnpm turbo run build --filter=admin" did not complete successfully: exit code: 1

NAME                     IMAGE                                                                     COMMAND                  SERVICE       CREATED         STATUS                   PORTS
admin                    sha256:eb6c9ad747e44a4d15e63a59821b028c71558892352a4ba0a1f2dfe8cd36b9d1   "caddy run --config …"   admin         7 days ago      Up 7 days (healthy)      80/tcp, 443/tcp, 2019/tcp, 3000/tcp, 443/udp
api                      sha256:4b1737bda1b48165f5c86a10e4bb417f1c4baed27eb2d47b9e9c4fa9689bd164   "./bin/docker-entryp…"   api           4 days ago      Up 4 days                8000/tcp
beatworker               sha256:73398b249bf7878945c8baab524d8661ee6cc7d6bbcfdf927a680c4615df7ee0   "./bin/docker-entryp…"   beat-worker   4 days ago      Up 4 days                8000/tcp
bgworker                 sha256:63fa5e76ac54f38d183ef4bd2b19b85654160df13ca7f185ab49db35781a7c5a   "./bin/docker-entryp…"   worker        4 days ago      Up 4 days                8000/tcp
copilot                  sha256:270482ae4a63ec4dc2d0e930ae7e4c3acd8d26cb20532dd7ec1ccd80ea53bfbf   "docker-entrypoint.s…"   copilot       39 hours ago    Up 39 hours (healthy)    8200/tcp
plane-db                 postgres:15.7-alpine                                                      "docker-entrypoint.s…"   plane-db      6 days ago      Up 6 days                5432/tcp
plane-live               sha256:da6c350f5b48ff3ffbb0b249b48aa304bee1e6be93a27b5b22b8ca8c63e9f48a   "docker-entrypoint.s…"   live          4 days ago      Up 4 days                3000/tcp
plane-minio              minio/minio                                                               "/usr/bin/docker-ent…"   plane-minio   13 days ago     Up 8 days                9000/tcp
plane-mq                 rabbitmq:3.13.6-management-alpine                                         "docker-entrypoint.s…"   plane-mq      13 days ago     Up 8 days                4369/tcp, 5671-5672/tcp, 15671-15672/tcp, 15691-15692/tcp, 25672/tcp
plane-redis              valkey/valkey:7.2.11-alpine                                               "docker-entrypoint.s…"   plane-redis   13 days ago     Up 8 days                6379/tcp
proxy                    sha256:54e1640e1bf3479d92bd001971a0b308672d2970109332ae3744a90407044c5c   "caddy run --config …"   proxy         5 days ago      Up 5 days                0.0.0.0:80->80/tcp, [::]:80->80/tcp, 0.0.0.0:443->443/tcp, [::]:443->443/tcp, 443/udp, 2019/tcp
space                    sha256:7178d0c8b646618f8c9a518c71aed1ba7cce0e4fa8354b92b299b61607d69db0   "docker-entrypoint.s…"   space         4 days ago      Up 4 days (healthy)      3000/tcp
ten-fold-plane-grist-1   gristlabs/grist:1.7.16                                                    "./sandbox/docker_en…"   grist         8 minutes ago   Up 8 minutes (healthy)   8484/tcp
web                      ten-fold-plane-web                                                        "caddy run --config …"   web           39 hours ago    Up 39 hours (healthy)    80/tcp, 443/tcp, 2019/tcp, 3000/tcp, 443/udp
{"Status":"healthy","FailingStreak":0,"Log":[{"Start":"2026-09-18T14:47:47.182485566Z","End":"2026-09-18T14:47:47.949513892Z","ExitCode":0,"Output":""},{"Start":"2026-09-18T14:48:02.959995359Z","End":"2026-09-18T14:48:03.951915676Z","ExitCode":0,"Output":""},{"Start":"2026-09-18T14:48:18.955376736Z","End":"2026-09-18T14:48:19.917141476Z","ExitCode":0,"Output":""},{"Start":"2026-09-18T14:48:34.922103341Z","End":"2026-09-18T14:48:35.647140776Z","ExitCode":0,"Output":""},{"Start":"2026-09-18T14:48:50.653874329Z","End":"2026-09-18T14:48:51.313042824Z","ExitCode":0,"Output":""}]}
beatworker  | Waiting for database...
beatworker  | Database available!
beatworker  | No migrations Pending. Starting processes ...
beatworker  | celery beat v5.5.3 (immunity) is starting.
beatworker  | __    -    ... __   -        _
beatworker  | LocalTime -> 2026-09-13 20:57:53
beatworker  | Configuration ->
beatworker  |     . broker -> amqp://plane:**@plane-mq:5672/plane
beatworker  |     . loader -> celery.loaders.app.AppLoader
beatworker  |     . scheduler -> django_celery_beat.schedulers.DatabaseScheduler
beatworker  | 
beatworker  |     . logfile -> [stderr]@%INFO
beatworker  |     . maxinterval -> 5.00 seconds (5s)
beatworker  | [2026-09-13 20:57:54,451: INFO/MainProcess] DatabaseScheduler: Schedule changed.
beatworker  | {"levelname": "INFO", "asctime": "2026-09-13 20:57:54,451", "module": "schedulers", "name": "django_celery_beat.schedulers", "message": "DatabaseScheduler: Schedule changed."}
plane-live  | {"level":"info","message":"REDIS_MANAGER: Redis client connected","timestamp":"2026-09-13 20:57:35:5735"}
plane-live  | {"level":"info","message":"REDIS_MANAGER: Redis client ready","timestamp":"2026-09-13 20:57:35:5735"}
plane-live  | {"level":"info","message":"REDIS_MANAGER: Redis connection test successful","timestamp":"2026-09-13 20:57:35:5735"}
plane-live  | {"level":"info","message":"SERVER: Redis setup completed","timestamp":"2026-09-13 20:57:35:5735"}
plane-live  | {"level":"info","message":"SERVER: HocusPocus setup completed","timestamp":"2026-09-13 20:57:35:5735"}
plane-live  | {"level":"info","message":"SERVER: Express server has started at port 3000","timestamp":"2026-09-13 20:57:35:5735"}
plane-live  | {"level":"info","message":"[Redis] Subscribed to admin channel: hocuspocus:admin","timestamp":"2026-09-13 20:57:35:5735"}
plane-live  | {"level":"info","message":"[Redis] Attached admin message listener","timestamp":"2026-09-13 20:57:35:5735"}
plane-live  | {"level":"info","message":"[Redis] Registered admin command: force_close","timestamp":"2026-09-13 20:57:35:5735"}
plane-live  | {"level":"info","message":"[FORCE_CLOSE_HANDLER] Registered with Redis extension","timestamp":"2026-09-13 20:57:35:5735"}
plane-live  | {"level":"info","message":"GET /live/.env 404 8ms","meta":{"req":{"headers":{"accept":"*/*","accept-encoding":"gzip, br","cdn-loop":"cloudflare; loops=1","cf-connecting-ip":"34.147.14.118","cf-ipcountry":"NL","cf-ray":"a3b82c05dde62d8e-SIN","cf-visitor":"{\"scheme\":\"https\"}","host":"ten-fold.co","next-action":"x","user-agent":"Mozilla/5.0 (X11; Linux x86_64) AppleWebKit/537.36 (KHTML, like Gecko) Chrome/131.0.0.0 Safari/537.36","via":"2.0 Caddy","x-forwarded-for":"34.147.14.118, 104.22.66.141","x-forwarded-host":"ten-fold.co","x-forwarded-proto":"https","x-nextjs-request-id":"974bdce4"},"httpVersion":"1.1","method":"GET","originalUrl":"/live/.env","query":{},"url":"/live/.env"},"res":{"statusCode":404},"responseTime":8},"timestamp":"2026-09-15 14:02:56:256"}
plane-live  | {"level":"info","message":"GET /live/.env 404 1ms","meta":{"req":{"headers":{"accept":"*/*","accept-encoding":"gzip, br","cdn-loop":"cloudflare; loops=1","cf-connecting-ip":"34.84.230.51","cf-ipcountry":"JP","cf-ray":"a3b974fe0a59d514-SIN","cf-visitor":"{\"scheme\":\"https\"}","host":"ten-fold.co","next-action":"x","user-agent":"Mozilla/5.0 (X11; Linux x86_64) AppleWebKit/537.36 (KHTML, like Gecko) Chrome/131.0.0.0 Safari/537.36","via":"2.0 Caddy","x-forwarded-for":"34.84.230.51, 172.70.189.31","x-forwarded-host":"ten-fold.co","x-forwarded-proto":"https","x-nextjs-request-id":"339ecf0e"},"httpVersion":"1.1","method":"GET","originalUrl":"/live/.env","query":{},"url":"/live/.env"},"res":{"statusCode":404},"responseTime":1},"timestamp":"2026-09-15 17:47:30:4730"}
plane-live  | {"level":"info","message":"GET /live/.env 404 1ms","meta":{"req":{"headers":{"accept":"*/*","accept-encoding":"gzip, br","cdn-loop":"cloudflare; loops=1","cf-connecting-ip":"45.139.104.164","cf-ipcountry":"DE","cf-ray":"a3bc44472ba4f66d-SIN","cf-visitor":"{\"scheme\":\"https\"}","host":"ten-fold.co","user-agent":"Mozilla/5.0 (compatible; UnifiedPaths/1.0)","via":"2.0 Caddy","x-forwarded-for":"45.139.104.164, 172.69.165.55","x-forwarded-host":"ten-fold.co","x-forwarded-proto":"https"},"httpVersion":"1.1","method":"GET","originalUrl":"/live/.env","query":{},"url":"/live/.env"},"res":{"statusCode":404},"responseTime":1},"timestamp":"2026-09-16 01:58:32:5832"}
plane-live  | {"level":"info","message":"GET /live/.env 404 0ms","meta":{"req":{"headers":{"accept":"*/*","accept-encoding":"gzip, br","cdn-loop":"cloudflare; loops=1","cf-connecting-ip":"34.65.90.242","cf-ipcountry":"CH","cf-ray":"a3bc8fbceb206d88-SIN","cf-visitor":"{\"scheme\":\"https\"}","host":"ten-fold.co","next-action":"x","user-agent":"Mozilla/5.0 (Macintosh; Intel Mac OS X 10_15_7) AppleWebKit/537.36 (KHTML, like Gecko) Chrome/131.0.0.0 Safari/537.36","via":"2.0 Caddy","x-forwarded-for":"34.65.90.242, 162.158.106.144","x-forwarded-host":"ten-fold.co","x-forwarded-proto":"https","x-nextjs-request-id":"f0eb348c"},"httpVersion":"1.1","method":"GET","originalUrl":"/live/.env","query":{},"url":"/live/.env"},"res":{"statusCode":404},"responseTime":0},"timestamp":"2026-09-16 02:50:03:503"}
plane-live  | {"level":"info","message":"GET /live/.env 404 47ms","meta":{"req":{"headers":{"accept":"*/*","accept-encoding":"gzip, br","cdn-loop":"cloudflare; loops=1","cf-connecting-ip":"34.84.173.26","cf-ipcountry":"JP","cf-ray":"a3c9f24ec9afd49b-SIN","cf-visitor":"{\"scheme\":\"https\"}","host":"ten-fold.co","next-action":"x","user-agent":"Mozilla/5.0 (Windows NT 10.0; Win64; x64) AppleWebKit/537.36 (KHTML, like Gecko) Chrome/131.0.0.0 Safari/537.36","via":"2.0 Caddy","x-forwarded-for":"34.84.173.26, 162.158.170.155","x-forwarded-host":"ten-fold.co","x-forwarded-proto":"https","x-nextjs-request-id":"4aefcac4"},"httpVersion":"1.1","method":"GET","originalUrl":"/live/.env","query":{},"url":"/live/.env"},"res":{"statusCode":404},"responseTime":47},"timestamp":"2026-09-17 17:49:16:4916"}
api         | {"levelname": "INFO", "asctime": "2026-09-18 06:07:21,567", "module": "logger", "name": "plane.api.request", "message": "GET /api/workspaces/brune4ai/projects/8fd2a982-478c-479c-aeac-820e97299186/ 200", "path": "/api/workspaces/brune4ai/projects/8fd2a982-478c-479c-aeac-820e97299186/", "method": "GET", "status_code": 200, "duration_ms": 3646, "remote_addr": "119.160.190.240", "user_agent": "Mozilla/5.0 (Windows NT 10.0; Win64; x64) AppleWebKit/537.36 (KHTML, like Gecko) Chrome/153.0.0.0 Safari/537.36 Edg/153.0.0.0", "user_id": "57ff78ef-f40f-4d8d-bca3-7e302fe916ca"}
api         | {"levelname": "INFO", "asctime": "2026-09-18 06:07:56,036", "module": "logger", "name": "plane.api.request", "message": "GET /api/workspaces/brune4ai/projects/8fd2a982-478c-479c-aeac-820e97299186/project-members/me/ 200", "path": "/api/workspaces/brune4ai/projects/8fd2a982-478c-479c-aeac-820e97299186/project-members/me/", "method": "GET", "status_code": 200, "duration_ms": 1521, "remote_addr": "119.160.190.240", "user_agent": "Mozilla/5.0 (Windows NT 10.0; Win64; x64) AppleWebKit/537.36 (KHTML, like Gecko) Chrome/153.0.0.0 Safari/537.36 Edg/153.0.0.0", "user_id": "57ff78ef-f40f-4d8d-bca3-7e302fe916ca"}
api         | {"levelname": "INFO", "asctime": "2026-09-18 06:07:56,071", "module": "logger", "name": "plane.api.request", "message": "GET /api/workspaces/brune4ai/users/notifications/unread/ 200", "path": "/api/workspaces/brune4ai/users/notifications/unread/", "method": "GET", "status_code": 200, "duration_ms": 1571, "remote_addr": "119.160.190.240", "user_agent": "Mozilla/5.0 (Windows NT 10.0; Win64; x64) AppleWebKit/537.36 (KHTML, like Gecko) Chrome/153.0.0.0 Safari/537.36 Edg/153.0.0.0", "user_id": "57ff78ef-f40f-4d8d-bca3-7e302fe916ca"}
api         | {"levelname": "INFO", "asctime": "2026-09-18 06:07:57,139", "module": "logger", "name": "plane.api.request", "message": "GET /api/workspaces/brune4ai/projects/8fd2a982-478c-479c-aeac-820e97299186/ 200", "path": "/api/workspaces/brune4ai/projects/8fd2a982-478c-479c-aeac-820e97299186/", "method": "GET", "status_code": 200, "duration_ms": 2406, "remote_addr": "119.160.190.240", "user_agent": "Mozilla/5.0 (Windows NT 10.0; Win64; x64) AppleWebKit/537.36 (KHTML, like Gecko) Chrome/153.0.0.0 Safari/537.36 Edg/153.0.0.0", "user_id": "57ff78ef-f40f-4d8d-bca3-7e302fe916ca"}
api         | {"levelname": "INFO", "asctime": "2026-09-18 06:09:30,666", "module": "logger", "name": "plane.api.request", "message": "GET /api/workspaces/brune4ai/users/notifications/unread/ 200", "path": "/api/workspaces/brune4ai/users/notifications/unread/", "method": "GET", "status_code": 200, "duration_ms": 2432, "remote_addr": "119.160.190.240", "user_agent": "Mozilla/5.0 (Windows NT 10.0; Win64; x64) AppleWebKit/537.36 (KHTML, like Gecko) Chrome/153.0.0.0 Safari/537.36 Edg/153.0.0.0", "user_id": "57ff78ef-f40f-4d8d-bca3-7e302fe916ca"}
api         | {"levelname": "INFO", "asctime": "2026-09-18 06:09:30,791", "module": "logger", "name": "plane.api.request", "message": "GET /api/workspaces/brune4ai/projects/8fd2a982-478c-479c-aeac-820e97299186/project-members/me/ 200", "path": "/api/workspaces/brune4ai/projects/8fd2a982-478c-479c-aeac-820e97299186/project-members/me/", "method": "GET", "status_code": 200, "duration_ms": 2988, "remote_addr": "119.160.190.240", "user_agent": "Mozilla/5.0 (Windows NT 10.0; Win64; x64) AppleWebKit/537.36 (KHTML, like Gecko) Chrome/153.0.0.0 Safari/537.36 Edg/153.0.0.0", "user_id": "57ff78ef-f40f-4d8d-bca3-7e302fe916ca"}
api         | {"levelname": "INFO", "asctime": "2026-09-18 06:09:32,611", "module": "logger", "name": "plane.api.request", "message": "GET /api/workspaces/brune4ai/projects/8fd2a982-478c-479c-aeac-820e97299186/ 200", "path": "/api/workspaces/brune4ai/projects/8fd2a982-478c-479c-aeac-820e97299186/", "method": "GET", "status_code": 200, "duration_ms": 4817, "remote_addr": "119.160.190.240", "user_agent": "Mozilla/5.0 (Windows NT 10.0; Win64; x64) AppleWebKit/537.36 (KHTML, like Gecko) Chrome/153.0.0.0 Safari/537.36 Edg/153.0.0.0", "user_id": "57ff78ef-f40f-4d8d-bca3-7e302fe916ca"}
api         | {"levelname": "INFO", "asctime": "2026-09-18 06:09:32,692", "module": "logger", "name": "plane.api.request", "message": "GET /api/workspaces/brune4ai/projects/8fd2a982-478c-479c-aeac-820e97299186/issues/992faf47-6a3e-4bce-acf5-7a3935555241/?expand=issue_reactions,issue_attachments,issue_link,parent 200", "path": "/api/workspaces/brune4ai/projects/8fd2a982-478c-479c-aeac-820e97299186/issues/992faf47-6a3e-4bce-acf5-7a3935555241/", "method": "GET", "status_code": 200, "duration_ms": 2834, "remote_addr": "119.160.190.240", "user_agent": "Mozilla/5.0 (Windows NT 10.0; Win64; x64) AppleWebKit/537.36 (KHTML, like Gecko) Chrome/153.0.0.0 Safari/537.36 Edg/153.0.0.0", "user_id": "57ff78ef-f40f-4d8d-bca3-7e302fe916ca"}
api         | {"levelname": "INFO", "asctime": "2026-09-18 06:09:34,802", "module": "logger", "name": "plane.api.request", "message": "GET /api/workspaces/brune4ai/projects/8fd2a982-478c-479c-aeac-820e97299186/states/ 200", "path": "/api/workspaces/brune4ai/projects/8fd2a982-478c-479c-aeac-820e97299186/states/", "method": "GET", "status_code": 200, "duration_ms": 1807, "remote_addr": "119.160.190.240", "user_agent": "Mozilla/5.0 (Windows NT 10.0; Win64; x64) AppleWebKit/537.36 (KHTML, like Gecko) Chrome/153.0.0.0 Safari/537.36 Edg/153.0.0.0", "user_id": "57ff78ef-f40f-4d8d-bca3-7e302fe916ca"}
api         | {"levelname": "INFO", "asctime": "2026-09-18 06:09:35,312", "module": "logger", "name": "plane.api.request", "message": "GET /api/workspaces/brune4ai/projects/8fd2a982-478c-479c-aeac-820e97299186/issues/992faf47-6a3e-4bce-acf5-7a3935555241/sub-issues/ 200", "path": "/api/workspaces/brune4ai/projects/8fd2a982-478c-479c-aeac-820e97299186/issues/992faf47-6a3e-4bce-acf5-7a3935555241/sub-issues/", "method": "GET", "status_code": 200, "duration_ms": 2326, "remote_addr": "119.160.190.240", "user_agent": "Mozilla/5.0 (Windows NT 10.0; Win64; x64) AppleWebKit/537.36 (KHTML, like Gecko) Chrome/153.0.0.0 Safari/537.36 Edg/153.0.0.0", "user_id": "57ff78ef-f40f-4d8d-bca3-7e302fe916ca"}
api         | {"levelname": "INFO", "asctime": "2026-09-18 06:09:35,310", "module": "logger", "name": "plane.api.request", "message": "GET /api/workspaces/brune4ai/projects/8fd2a982-478c-479c-aeac-820e97299186/work-items/992faf47-6a3e-4bce-acf5-7a3935555241/description-versions/ 200", "path": "/api/workspaces/brune4ai/projects/8fd2a982-478c-479c-aeac-820e97299186/work-items/992faf47-6a3e-4bce-acf5-7a3935555241/description-versions/", "method": "GET", "status_code": 200, "duration_ms": 2324, "remote_addr": "119.160.190.240", "user_agent": "Mozilla/5.0 (Windows NT 10.0; Win64; x64) AppleWebKit/537.36 (KHTML, like Gecko) Chrome/153.0.0.0 Safari/537.36 Edg/153.0.0.0", "user_id": "57ff78ef-f40f-4d8d-bca3-7e302fe916ca"}
api         | {"levelname": "INFO", "asctime": "2026-09-18 06:09:35,831", "module": "logger", "name": "plane.api.request", "message": "GET /api/workspaces/brune4ai/projects/8fd2a982-478c-479c-aeac-820e97299186/issues/992faf47-6a3e-4bce-acf5-7a3935555241/history/?activity_type=issue-property 200", "path": "/api/workspaces/brune4ai/projects/8fd2a982-478c-479c-aeac-820e97299186/issues/992faf47-6a3e-4bce-acf5-7a3935555241/history/", "method": "GET", "status_code": 200, "duration_ms": 2841, "remote_addr": "119.160.190.240", "user_agent": "Mozilla/5.0 (Windows NT 10.0; Win64; x64) AppleWebKit/537.36 (KHTML, like Gecko) Chrome/153.0.0.0 Safari/537.36 Edg/153.0.0.0", "user_id": "57ff78ef-f40f-4d8d-bca3-7e302fe916ca"}
api         | {"levelname": "INFO", "asctime": "2026-09-18 06:09:36,209", "module": "logger", "name": "plane.api.request", "message": "GET /api/workspaces/brune4ai/projects/8fd2a982-478c-479c-aeac-820e97299186/issues/992faf47-6a3e-4bce-acf5-7a3935555241/history/?activity_type=issue-comment 200", "path": "/api/workspaces/brune4ai/projects/8fd2a982-478c-479c-aeac-820e97299186/issues/992faf47-6a3e-4bce-acf5-7a3935555241/history/", "method": "GET", "status_code": 200, "duration_ms": 3239, "remote_addr": "119.160.190.240", "user_agent": "Mozilla/5.0 (Windows NT 10.0; Win64; x64) AppleWebKit/537.36 (KHTML, like Gecko) Chrome/153.0.0.0 Safari/537.36 Edg/153.0.0.0", "user_id": "57ff78ef-f40f-4d8d-bca3-7e302fe916ca"}
api         | {"levelname": "INFO", "asctime": "2026-09-18 06:09:36,639", "module": "logger", "name": "plane.api.request", "message": "GET /api/workspaces/brune4ai/projects/8fd2a982-478c-479c-aeac-820e97299186/issues/992faf47-6a3e-4bce-acf5-7a3935555241/issue-relation/ 200", "path": "/api/workspaces/brune4ai/projects/8fd2a982-478c-479c-aeac-820e97299186/issues/992faf47-6a3e-4bce-acf5-7a3935555241/issue-relation/", "method": "GET", "status_code": 200, "duration_ms": 3674, "remote_addr": "119.160.190.240", "user_agent": "Mozilla/5.0 (Windows NT 10.0; Win64; x64) AppleWebKit/537.36 (KHTML, like Gecko) Chrome/153.0.0.0 Safari/537.36 Edg/153.0.0.0", "user_id": "57ff78ef-f40f-4d8d-bca3-7e302fe916ca"}
api         | {"levelname": "INFO", "asctime": "2026-09-18 06:10:18,891", "module": "logger", "name": "plane.api.request", "message": "GET /api/workspaces/brune4ai/projects/8fd2a982-478c-479c-aeac-820e97299186/work-items/992faf47-6a3e-4bce-acf5-7a3935555241/description-versions/ 200", "path": "/api/workspaces/brune4ai/projects/8fd2a982-478c-479c-aeac-820e97299186/work-items/992faf47-6a3e-4bce-acf5-7a3935555241/description-versions/", "method": "GET", "status_code": 200, "duration_ms": 884, "remote_addr": "119.160.190.240", "user_agent": "Mozilla/5.0 (Windows NT 10.0; Win64; x64) AppleWebKit/537.36 (KHTML, like Gecko) Chrome/153.0.0.0 Safari/537.36 Edg/153.0.0.0", "user_id": "57ff78ef-f40f-4d8d-bca3-7e302fe916ca"}
api         | {"levelname": "INFO", "asctime": "2026-09-18 06:10:19,590", "module": "logger", "name": "plane.api.request", "message": "GET /api/workspaces/brune4ai/users/notifications/unread/ 200", "path": "/api/workspaces/brune4ai/users/notifications/unread/", "method": "GET", "status_code": 200, "duration_ms": 1506, "remote_addr": "119.160.190.240", "user_agent": "Mozilla/5.0 (Windows NT 10.0; Win64; x64) AppleWebKit/537.36 (KHTML, like Gecko) Chrome/153.0.0.0 Safari/537.36 Edg/153.0.0.0", "user_id": "57ff78ef-f40f-4d8d-bca3-7e302fe916ca"}
api         | {"levelname": "INFO", "asctime": "2026-09-18 06:10:19,697", "module": "logger", "name": "plane.api.request", "message": "GET /api/workspaces/brune4ai/projects/8fd2a982-478c-479c-aeac-820e97299186/project-members/me/ 200", "path": "/api/workspaces/brune4ai/projects/8fd2a982-478c-479c-aeac-820e97299186/project-members/me/", "method": "GET", "status_code": 200, "duration_ms": 1505, "remote_addr": "119.160.190.240", "user_agent": "Mozilla/5.0 (Windows NT 10.0; Win64; x64) AppleWebKit/537.36 (KHTML, like Gecko) Chrome/153.0.0.0 Safari/537.36 Edg/153.0.0.0", "user_id": "57ff78ef-f40f-4d8d-bca3-7e302fe916ca"}
api         | {"levelname": "INFO", "asctime": "2026-09-18 06:10:20,403", "module": "logger", "name": "plane.api.request", "message": "GET /api/workspaces/brune4ai/projects/8fd2a982-478c-479c-aeac-820e97299186/ 200", "path": "/api/workspaces/brune4ai/projects/8fd2a982-478c-479c-aeac-820e97299186/", "method": "GET", "status_code": 200, "duration_ms": 2271, "remote_addr": "119.160.190.240", "user_agent": "Mozilla/5.0 (Windows NT 10.0; Win64; x64) AppleWebKit/537.36 (KHTML, like Gecko) Chrome/153.0.0.0 Safari/537.36 Edg/153.0.0.0", "user_id": "57ff78ef-f40f-4d8d-bca3-7e302fe916ca"}
api         | {"levelname": "INFO", "asctime": "2026-09-18 06:10:30,064", "module": "logger", "name": "plane.api.request", "message": "GET /api/workspaces/brune4ai/users/notifications/unread/ 200", "path": "/api/workspaces/brune4ai/users/notifications/unread/", "method": "GET", "status_code": 200, "duration_ms": 804, "remote_addr": "119.160.190.240", "user_agent": "Mozilla/5.0 (Windows NT 10.0; Win64; x64) AppleWebKit/537.36 (KHTML, like Gecko) Chrome/153.0.0.0 Safari/537.36 Edg/153.0.0.0", "user_id": "57ff78ef-f40f-4d8d-bca3-7e302fe916ca"}
api         | {"levelname": "INFO", "asctime": "2026-09-18 06:10:30,817", "module": "logger", "name": "plane.api.request", "message": "GET /api/workspaces/brune4ai/projects/8fd2a982-478c-479c-aeac-820e97299186/work-items/992faf47-6a3e-4bce-acf5-7a3935555241/description-versions/ 200", "path": "/api/workspaces/brune4ai/projects/8fd2a982-478c-479c-aeac-820e97299186/work-items/992faf47-6a3e-4bce-acf5-7a3935555241/description-versions/", "method": "GET", "status_code": 200, "duration_ms": 1649, "remote_addr": "119.160.190.240", "user_agent": "Mozilla/5.0 (Windows NT 10.0; Win64; x64) AppleWebKit/537.36 (KHTML, like Gecko) Chrome/153.0.0.0 Safari/537.36 Edg/153.0.0.0", "user_id": "57ff78ef-f40f-4d8d-bca3-7e302fe916ca"}
api         | {"levelname": "INFO", "asctime": "2026-09-18 06:10:31,011", "module": "logger", "name": "plane.api.request", "message": "GET /api/workspaces/brune4ai/projects/8fd2a982-478c-479c-aeac-820e97299186/project-members/me/ 200", "path": "/api/workspaces/brune4ai/projects/8fd2a982-478c-479c-aeac-820e97299186/project-members/me/", "method": "GET", "status_code": 200, "duration_ms": 1874, "remote_addr": "119.160.190.240", "user_agent": "Mozilla/5.0 (Windows NT 10.0; Win64; x64) AppleWebKit/537.36 (KHTML, like Gecko) Chrome/153.0.0.0 Safari/537.36 Edg/153.0.0.0", "user_id": "57ff78ef-f40f-4d8d-bca3-7e302fe916ca"}
api         | {"levelname": "INFO", "asctime": "2026-09-18 06:10:31,307", "module": "logger", "name": "plane.api.request", "message": "GET /api/workspaces/brune4ai/projects/8fd2a982-478c-479c-aeac-820e97299186/ 200", "path": "/api/workspaces/brune4ai/projects/8fd2a982-478c-479c-aeac-820e97299186/", "method": "GET", "status_code": 200, "duration_ms": 2142, "remote_addr": "119.160.190.240", "user_agent": "Mozilla/5.0 (Windows NT 10.0; Win64; x64) AppleWebKit/537.36 (KHTML, like Gecko) Chrome/153.0.0.0 Safari/537.36 Edg/153.0.0.0", "user_id": "57ff78ef-f40f-4d8d-bca3-7e302fe916ca"}
api         | {"levelname": "INFO", "asctime": "2026-09-18 06:10:38,347", "module": "logger", "name": "plane.api.request", "message": "GET /api/workspaces/brune4ai/users/notifications/unread/ 200", "path": "/api/workspaces/brune4ai/users/notifications/unread/", "method": "GET", "status_code": 200, "duration_ms": 901, "remote_addr": "119.160.190.240", "user_agent": "Mozilla/5.0 (Windows NT 10.0; Win64; x64) AppleWebKit/537.36 (KHTML, like Gecko) Chrome/153.0.0.0 Safari/537.36 Edg/153.0.0.0", "user_id": "57ff78ef-f40f-4d8d-bca3-7e302fe916ca"}
api         | {"levelname": "INFO", "asctime": "2026-09-18 06:10:38,540", "module": "logger", "name": "plane.api.request", "message": "GET /api/workspaces/brune4ai/projects/8fd2a982-478c-479c-aeac-820e97299186/project-members/me/ 200", "path": "/api/workspaces/brune4ai/projects/8fd2a982-478c-479c-aeac-820e97299186/project-members/me/", "method": "GET", "status_code": 200, "duration_ms": 1088, "remote_addr": "119.160.190.240", "user_agent": "Mozilla/5.0 (Windows NT 10.0; Win64; x64) AppleWebKit/537.36 (KHTML, like Gecko) Chrome/153.0.0.0 Safari/537.36 Edg/153.0.0.0", "user_id": "57ff78ef-f40f-4d8d-bca3-7e302fe916ca"}
api         | {"levelname": "INFO", "asctime": "2026-09-18 06:10:38,643", "module": "logger", "name": "plane.api.request", "message": "GET /api/workspaces/brune4ai/projects/8fd2a982-478c-479c-aeac-820e97299186/work-items/992faf47-6a3e-4bce-acf5-7a3935555241/description-versions/ 200", "path": "/api/workspaces/brune4ai/projects/8fd2a982-478c-479c-aeac-820e97299186/work-items/992faf47-6a3e-4bce-acf5-7a3935555241/description-versions/", "method": "GET", "status_code": 200, "duration_ms": 1193, "remote_addr": "119.160.190.240", "user_agent": "Mozilla/5.0 (Windows NT 10.0; Win64; x64) AppleWebKit/537.36 (KHTML, like Gecko) Chrome/153.0.0.0 Safari/537.36 Edg/153.0.0.0", "user_id": "57ff78ef-f40f-4d8d-bca3-7e302fe916ca"}
api         | {"levelname": "INFO", "asctime": "2026-09-18 06:10:39,178", "module": "logger", "name": "plane.api.request", "message": "GET /api/workspaces/brune4ai/projects/8fd2a982-478c-479c-aeac-820e97299186/ 200", "path": "/api/workspaces/brune4ai/projects/8fd2a982-478c-479c-aeac-820e97299186/", "method": "GET", "status_code": 200, "duration_ms": 1730, "remote_addr": "119.160.190.240", "user_agent": "Mozilla/5.0 (Windows NT 10.0; Win64; x64) AppleWebKit/537.36 (KHTML, like Gecko) Chrome/153.0.0.0 Safari/537.36 Edg/153.0.0.0", "user_id": "57ff78ef-f40f-4d8d-bca3-7e302fe916ca"}
api         | {"levelname": "INFO", "asctime": "2026-09-18 06:10:47,662", "module": "logger", "name": "plane.api.request", "message": "GET /api/workspaces/brune4ai/users/notifications/unread/ 200", "path": "/api/workspaces/brune4ai/users/notifications/unread/", "method": "GET", "status_code": 200, "duration_ms": 575, "remote_addr": "119.160.190.240", "user_agent": "Mozilla/5.0 (Windows NT 10.0; Win64; x64) AppleWebKit/537.36 (KHTML, like Gecko) Chrome/153.0.0.0 Safari/537.36 Edg/153.0.0.0", "user_id": "57ff78ef-f40f-4d8d-bca3-7e302fe916ca"}
api         | {"levelname": "INFO", "asctime": "2026-09-18 06:10:47,867", "module": "logger", "name": "plane.api.request", "message": "GET /api/workspaces/brune4ai/projects/8fd2a982-478c-479c-aeac-820e97299186/project-members/me/ 200", "path": "/api/workspaces/brune4ai/projects/8fd2a982-478c-479c-aeac-820e97299186/project-members/me/", "method": "GET", "status_code": 200, "duration_ms": 798, "remote_addr": "119.160.190.240", "user_agent": "Mozilla/5.0 (Windows NT 10.0; Win64; x64) AppleWebKit/537.36 (KHTML, like Gecko) Chrome/153.0.0.0 Safari/537.36 Edg/153.0.0.0", "user_id": "57ff78ef-f40f-4d8d-bca3-7e302fe916ca"}
api         | {"levelname": "INFO", "asctime": "2026-09-18 06:10:49,506", "module": "logger", "name": "plane.api.request", "message": "GET /api/workspaces/brune4ai/projects/8fd2a982-478c-479c-aeac-820e97299186/ 200", "path": "/api/workspaces/brune4ai/projects/8fd2a982-478c-479c-aeac-820e97299186/", "method": "GET", "status_code": 200, "duration_ms": 2429, "remote_addr": "119.160.190.240", "user_agent": "Mozilla/5.0 (Windows NT 10.0; Win64; x64) AppleWebKit/537.36 (KHTML, like Gecko) Chrome/153.0.0.0 Safari/537.36 Edg/153.0.0.0", "user_id": "57ff78ef-f40f-4d8d-bca3-7e302fe916ca"}
api         | {"levelname": "INFO", "asctime": "2026-09-18 06:11:03,929", "module": "logger", "name": "plane.api.request", "message": "GET /api/users/me/copilot-identity/ 200", "path": "/api/users/me/copilot-identity/", "method": "GET", "status_code": 200, "duration_ms": 313, "remote_addr": "119.160.190.240", "user_agent": "Mozilla/5.0 (Windows NT 10.0; Win64; x64) AppleWebKit/537.36 (KHTML, like Gecko) Chrome/153.0.0.0 Safari/537.36 Edg/153.0.0.0", "user_id": "57ff78ef-f40f-4d8d-bca3-7e302fe916ca"}
api         | {"levelname": "INFO", "asctime": "2026-09-18 06:13:58,992", "module": "logger", "name": "plane.api.request", "message": "GET /api/workspaces/brune4ai/users/notifications/unread/ 200", "path": "/api/workspaces/brune4ai/users/notifications/unread/", "method": "GET", "status_code": 200, "duration_ms": 112, "remote_addr": "119.160.190.240", "user_agent": "Mozilla/5.0 (Windows NT 10.0; Win64; x64) AppleWebKit/537.36 (KHTML, like Gecko) Chrome/153.0.0.0 Safari/537.36 Edg/153.0.0.0", "user_id": "57ff78ef-f40f-4d8d-bca3-7e302fe916ca"}
api         | {"levelname": "INFO", "asctime": "2026-09-18 06:13:59,049", "module": "logger", "name": "plane.api.request", "message": "GET /api/workspaces/brune4ai/projects/8fd2a982-478c-479c-aeac-820e97299186/project-members/me/ 200", "path": "/api/workspaces/brune4ai/projects/8fd2a982-478c-479c-aeac-820e97299186/project-members/me/", "method": "GET", "status_code": 200, "duration_ms": 178, "remote_addr": "119.160.190.240", "user_agent": "Mozilla/5.0 (Windows NT 10.0; Win64; x64) AppleWebKit/537.36 (KHTML, like Gecko) Chrome/153.0.0.0 Safari/537.36 Edg/153.0.0.0", "user_id": "57ff78ef-f40f-4d8d-bca3-7e302fe916ca"}
api         | {"levelname": "INFO", "asctime": "2026-09-18 06:13:59,200", "module": "logger", "name": "plane.api.request", "message": "GET /api/workspaces/brune4ai/projects/8fd2a982-478c-479c-aeac-820e97299186/ 200", "path": "/api/workspaces/brune4ai/projects/8fd2a982-478c-479c-aeac-820e97299186/", "method": "GET", "status_code": 200, "duration_ms": 310, "remote_addr": "119.160.190.240", "user_agent": "Mozilla/5.0 (Windows NT 10.0; Win64; x64) AppleWebKit/537.36 (KHTML, like Gecko) Chrome/153.0.0.0 Safari/537.36 Edg/153.0.0.0", "user_id": "57ff78ef-f40f-4d8d-bca3-7e302fe916ca"}
api         | {"levelname": "INFO", "asctime": "2026-09-18 10:03:57,722", "module": "logger", "name": "plane.api.request", "message": "GET /api/instances/ 200", "path": "/api/instances/", "method": "GET", "status_code": 200, "duration_ms": 1239, "remote_addr": "119.160.190.240", "user_agent": "Mozilla/5.0 (Windows NT 10.0; Win64; x64) AppleWebKit/537.36 (KHTML, like Gecko) Chrome/153.0.0.0 Safari/537.36 Edg/153.0.0.0", "user_id": null}
api         | {"levelname": "INFO", "asctime": "2026-09-18 10:03:58,299", "module": "logger", "name": "plane.api.request", "message": "GET /api/users/me/ 200", "path": "/api/users/me/", "method": "GET", "status_code": 200, "duration_ms": 360, "remote_addr": "119.160.190.240", "user_agent": "Mozilla/5.0 (Windows NT 10.0; Win64; x64) AppleWebKit/537.36 (KHTML, like Gecko) Chrome/153.0.0.0 Safari/537.36 Edg/153.0.0.0", "user_id": "57ff78ef-f40f-4d8d-bca3-7e302fe916ca"}
api         | {"levelname": "INFO", "asctime": "2026-09-18 10:03:58,753", "module": "logger", "name": "plane.api.request", "message": "GET /api/users/me/profile/ 200", "path": "/api/users/me/profile/", "method": "GET", "status_code": 200, "duration_ms": 239, "remote_addr": "119.160.190.240", "user_agent": "Mozilla/5.0 (Windows NT 10.0; Win64; x64) AppleWebKit/537.36 (KHTML, like Gecko) Chrome/153.0.0.0 Safari/537.36 Edg/153.0.0.0", "user_id": "57ff78ef-f40f-4d8d-bca3-7e302fe916ca"}
api         | {"levelname": "INFO", "asctime": "2026-09-18 10:03:58,815", "module": "logger", "name": "plane.api.request", "message": "GET /api/users/me/workspaces/ 200", "path": "/api/users/me/workspaces/", "method": "GET", "status_code": 200, "duration_ms": 360, "remote_addr": "119.160.190.240", "user_agent": "Mozilla/5.0 (Windows NT 10.0; Win64; x64) AppleWebKit/537.36 (KHTML, like Gecko) Chrome/153.0.0.0 Safari/537.36 Edg/153.0.0.0", "user_id": "57ff78ef-f40f-4d8d-bca3-7e302fe916ca"}
api         | {"levelname": "INFO", "asctime": "2026-09-18 10:03:59,888", "module": "logger", "name": "plane.api.request", "message": "GET /api/users/me/settings/ 200", "path": "/api/users/me/settings/", "method": "GET", "status_code": 200, "duration_ms": 943, "remote_addr": "119.160.190.240", "user_agent": "Mozilla/5.0 (Windows NT 10.0; Win64; x64) AppleWebKit/537.36 (KHTML, like Gecko) Chrome/153.0.0.0 Safari/537.36 Edg/153.0.0.0", "user_id": "57ff78ef-f40f-4d8d-bca3-7e302fe916ca"}
api         | {"levelname": "INFO", "asctime": "2026-09-18 10:04:01,912", "module": "logger", "name": "plane.api.request", "message": "GET /api/workspaces/brune4ai/members/ 200", "path": "/api/workspaces/brune4ai/members/", "method": "GET", "status_code": 200, "duration_ms": 401, "remote_addr": "119.160.190.240", "user_agent": "Mozilla/5.0 (Windows NT 10.0; Win64; x64) AppleWebKit/537.36 (KHTML, like Gecko) Chrome/153.0.0.0 Safari/537.36 Edg/153.0.0.0", "user_id": "57ff78ef-f40f-4d8d-bca3-7e302fe916ca"}
api         | {"levelname": "INFO", "asctime": "2026-09-18 10:04:01,970", "module": "logger", "name": "plane.api.request", "message": "GET /api/workspaces/brune4ai/states/ 200", "path": "/api/workspaces/brune4ai/states/", "method": "GET", "status_code": 200, "duration_ms": 414, "remote_addr": "119.160.190.240", "user_agent": "Mozilla/5.0 (Windows NT 10.0; Win64; x64) AppleWebKit/537.36 (KHTML, like Gecko) Chrome/153.0.0.0 Safari/537.36 Edg/153.0.0.0", "user_id": "57ff78ef-f40f-4d8d-bca3-7e302fe916ca"}
api         | {"levelname": "INFO", "asctime": "2026-09-18 10:04:02,083", "module": "logger", "name": "plane.api.request", "message": "GET /api/users/me/workspaces/brune4ai/project-roles/ 200", "path": "/api/users/me/workspaces/brune4ai/project-roles/", "method": "GET", "status_code": 200, "duration_ms": 490, "remote_addr": "119.160.190.240", "user_agent": "Mozilla/5.0 (Windows NT 10.0; Win64; x64) AppleWebKit/537.36 (KHTML, like Gecko) Chrome/153.0.0.0 Safari/537.36 Edg/153.0.0.0", "user_id": "57ff78ef-f40f-4d8d-bca3-7e302fe916ca"}
api         | {"levelname": "INFO", "asctime": "2026-09-18 10:04:02,096", "module": "logger", "name": "plane.api.request", "message": "GET /api/workspaces/brune4ai/workspace-members/me/ 200", "path": "/api/workspaces/brune4ai/workspace-members/me/", "method": "GET", "status_code": 200, "duration_ms": 516, "remote_addr": "119.160.190.240", "user_agent": "Mozilla/5.0 (Windows NT 10.0; Win64; x64) AppleWebKit/537.36 (KHTML, like Gecko) Chrome/153.0.0.0 Safari/537.36 Edg/153.0.0.0", "user_id": "57ff78ef-f40f-4d8d-bca3-7e302fe916ca"}
api         | {"levelname": "INFO", "asctime": "2026-09-18 10:04:02,121", "module": "logger", "name": "plane.api.request", "message": "GET /api/workspaces/brune4ai/user-properties/ 200", "path": "/api/workspaces/brune4ai/user-properties/", "method": "GET", "status_code": 200, "duration_ms": 553, "remote_addr": "119.160.190.240", "user_agent": "Mozilla/5.0 (Windows NT 10.0; Win64; x64) AppleWebKit/537.36 (KHTML, like Gecko) Chrome/153.0.0.0 Safari/537.36 Edg/153.0.0.0", "user_id": "57ff78ef-f40f-4d8d-bca3-7e302fe916ca"}
api         | {"levelname": "INFO", "asctime": "2026-09-18 10:04:02,169", "module": "logger", "name": "plane.api.request", "message": "GET /api/workspaces/brune4ai/sidebar-preferences/ 200", "path": "/api/workspaces/brune4ai/sidebar-preferences/", "method": "GET", "status_code": 200, "duration_ms": 548, "remote_addr": "119.160.190.240", "user_agent": "Mozilla/5.0 (Windows NT 10.0; Win64; x64) AppleWebKit/537.36 (KHTML, like Gecko) Chrome/153.0.0.0 Safari/537.36 Edg/153.0.0.0", "user_id": "57ff78ef-f40f-4d8d-bca3-7e302fe916ca"}
api         | {"levelname": "INFO", "asctime": "2026-09-18 10:04:02,209", "module": "logger", "name": "plane.api.request", "message": "GET /api/workspaces/brune4ai/projects/ 200", "path": "/api/workspaces/brune4ai/projects/", "method": "GET", "status_code": 200, "duration_ms": 619, "remote_addr": "119.160.190.240", "user_agent": "Mozilla/5.0 (Windows NT 10.0; Win64; x64) AppleWebKit/537.36 (KHTML, like Gecko) Chrome/153.0.0.0 Safari/537.36 Edg/153.0.0.0", "user_id": "57ff78ef-f40f-4d8d-bca3-7e302fe916ca"}
api         | {"levelname": "INFO", "asctime": "2026-09-18 10:04:02,742", "module": "logger", "name": "plane.api.request", "message": "GET /api/users/me/copilot-identity/ 200", "path": "/api/users/me/copilot-identity/", "method": "GET", "status_code": 200, "duration_ms": 400, "remote_addr": "119.160.190.240", "user_agent": "Mozilla/5.0 (Windows NT 10.0; Win64; x64) AppleWebKit/537.36 (KHTML, like Gecko) Chrome/153.0.0.0 Safari/537.36 Edg/153.0.0.0", "user_id": "57ff78ef-f40f-4d8d-bca3-7e302fe916ca"}
api         | {"levelname": "INFO", "asctime": "2026-09-18 10:04:02,743", "module": "logger", "name": "plane.api.request", "message": "GET /api/workspaces/brune4ai/user-favorites/?all=true 200", "path": "/api/workspaces/brune4ai/user-favorites/", "method": "GET", "status_code": 200, "duration_ms": 404, "remote_addr": "119.160.190.240", "user_agent": "Mozilla/5.0 (Windows NT 10.0; Win64; x64) AppleWebKit/537.36 (KHTML, like Gecko) Chrome/153.0.0.0 Safari/537.36 Edg/153.0.0.0", "user_id": "57ff78ef-f40f-4d8d-bca3-7e302fe916ca"}
api         | {"levelname": "INFO", "asctime": "2026-09-18 10:04:02,751", "module": "logger", "name": "plane.api.request", "message": "GET /api/workspaces/brune4ai/home-preferences/ 200", "path": "/api/workspaces/brune4ai/home-preferences/", "method": "GET", "status_code": 200, "duration_ms": 407, "remote_addr": "119.160.190.240", "user_agent": "Mozilla/5.0 (Windows NT 10.0; Win64; x64) AppleWebKit/537.36 (KHTML, like Gecko) Chrome/153.0.0.0 Safari/537.36 Edg/153.0.0.0", "user_id": "57ff78ef-f40f-4d8d-bca3-7e302fe916ca"}
api         | {"levelname": "INFO", "asctime": "2026-09-18 10:04:02,779", "module": "logger", "name": "plane.api.request", "message": "GET /api/workspaces/brune4ai/users/notifications/unread/ 200", "path": "/api/workspaces/brune4ai/users/notifications/unread/", "method": "GET", "status_code": 200, "duration_ms": 442, "remote_addr": "119.160.190.240", "user_agent": "Mozilla/5.0 (Windows NT 10.0; Win64; x64) AppleWebKit/537.36 (KHTML, like Gecko) Chrome/153.0.0.0 Safari/537.36 Edg/153.0.0.0", "user_id": "57ff78ef-f40f-4d8d-bca3-7e302fe916ca"}
api         | {"levelname": "INFO", "asctime": "2026-09-18 10:04:03,094", "module": "logger", "name": "plane.api.request", "message": "GET /api/assets/v2/static/890225c3-6614-40dd-8550-7e40ae55ad6d/ 302", "path": "/api/assets/v2/static/890225c3-6614-40dd-8550-7e40ae55ad6d/", "method": "GET", "status_code": 302, "duration_ms": 735, "remote_addr": "119.160.190.240", "user_agent": "Mozilla/5.0 (Windows NT 10.0; Win64; x64) AppleWebKit/537.36 (KHTML, like Gecko) Chrome/153.0.0.0 Safari/537.36 Edg/153.0.0.0", "user_id": "57ff78ef-f40f-4d8d-bca3-7e302fe916ca"}
api         | {"levelname": "INFO", "asctime": "2026-09-18 10:04:03,304", "module": "logger", "name": "plane.api.request", "message": "GET /api/workspaces/brune4ai/quick-links/ 200", "path": "/api/workspaces/brune4ai/quick-links/", "method": "GET", "status_code": 200, "duration_ms": 331, "remote_addr": "119.160.190.240", "user_agent": "Mozilla/5.0 (Windows NT 10.0; Win64; x64) AppleWebKit/537.36 (KHTML, like Gecko) Chrome/153.0.0.0 Safari/537.36 Edg/153.0.0.0", "user_id": "57ff78ef-f40f-4d8d-bca3-7e302fe916ca"}
api         | {"levelname": "INFO", "asctime": "2026-09-18 10:04:03,340", "module": "logger", "name": "plane.api.request", "message": "GET /api/workspaces/brune4ai/stickies/?cursor=30:0:0&per_page=30&query= 200", "path": "/api/workspaces/brune4ai/stickies/", "method": "GET", "status_code": 200, "duration_ms": 366, "remote_addr": "119.160.190.240", "user_agent": "Mozilla/5.0 (Windows NT 10.0; Win64; x64) AppleWebKit/537.36 (KHTML, like Gecko) Chrome/153.0.0.0 Safari/537.36 Edg/153.0.0.0", "user_id": "57ff78ef-f40f-4d8d-bca3-7e302fe916ca"}
api         | {"levelname": "INFO", "asctime": "2026-09-18 10:04:03,391", "module": "logger", "name": "plane.api.request", "message": "GET /api/assets/v2/static/c2bac2ce-bc6e-455e-ae8c-57482f392b74/ 302", "path": "/api/assets/v2/static/c2bac2ce-bc6e-455e-ae8c-57482f392b74/", "method": "GET", "status_code": 302, "duration_ms": 1049, "remote_addr": "119.160.190.240", "user_agent": "Mozilla/5.0 (Windows NT 10.0; Win64; x64) AppleWebKit/537.36 (KHTML, like Gecko) Chrome/153.0.0.0 Safari/537.36 Edg/153.0.0.0", "user_id": "57ff78ef-f40f-4d8d-bca3-7e302fe916ca"}
api         | {"levelname": "INFO", "asctime": "2026-09-18 10:04:03,774", "module": "logger", "name": "plane.api.request", "message": "GET /api/workspaces/brune4ai/recent-visits/ 200", "path": "/api/workspaces/brune4ai/recent-visits/", "method": "GET", "status_code": 200, "duration_ms": 708, "remote_addr": "119.160.190.240", "user_agent": "Mozilla/5.0 (Windows NT 10.0; Win64; x64) AppleWebKit/537.36 (KHTML, like Gecko) Chrome/153.0.0.0 Safari/537.36 Edg/153.0.0.0", "user_id": "57ff78ef-f40f-4d8d-bca3-7e302fe916ca"}
api         | {"levelname": "INFO", "asctime": "2026-09-18 10:04:27,720", "module": "logger", "name": "plane.api.request", "message": "GET /api/workspaces/brune4ai/projects/8fd2a982-478c-479c-aeac-820e97299186/user-properties/ 200", "path": "/api/workspaces/brune4ai/projects/8fd2a982-478c-479c-aeac-820e97299186/user-properties/", "method": "GET", "status_code": 200, "duration_ms": 533, "remote_addr": "119.160.190.240", "user_agent": "Mozilla/5.0 (Windows NT 10.0; Win64; x64) AppleWebKit/537.36 (KHTML, like Gecko) Chrome/153.0.0.0 Safari/537.36 Edg/153.0.0.0", "user_id": "57ff78ef-f40f-4d8d-bca3-7e302fe916ca"}
api         | {"levelname": "INFO", "asctime": "2026-09-18 10:04:27,723", "module": "logger", "name": "plane.api.request", "message": "GET /api/workspaces/brune4ai/projects/8fd2a982-478c-479c-aeac-820e97299186/intake-state/ 200", "path": "/api/workspaces/brune4ai/projects/8fd2a982-478c-479c-aeac-820e97299186/intake-state/", "method": "GET", "status_code": 200, "duration_ms": 520, "remote_addr": "119.160.190.240", "user_agent": "Mozilla/5.0 (Windows NT 10.0; Win64; x64) AppleWebKit/537.36 (KHTML, like Gecko) Chrome/153.0.0.0 Safari/537.36 Edg/153.0.0.0", "user_id": "57ff78ef-f40f-4d8d-bca3-7e302fe916ca"}
api         | {"levelname": "INFO", "asctime": "2026-09-18 10:04:28,050", "module": "logger", "name": "plane.api.request", "message": "GET /api/workspaces/brune4ai/modules/ 200", "path": "/api/workspaces/brune4ai/modules/", "method": "GET", "status_code": 200, "duration_ms": 933, "remote_addr": "119.160.190.240", "user_agent": "Mozilla/5.0 (Windows NT 10.0; Win64; x64) AppleWebKit/537.36 (KHTML, like Gecko) Chrome/153.0.0.0 Safari/537.36 Edg/153.0.0.0", "user_id": "57ff78ef-f40f-4d8d-bca3-7e302fe916ca"}
api         | {"levelname": "INFO", "asctime": "2026-09-18 10:04:28,162", "module": "logger", "name": "plane.api.request", "message": "GET /api/workspaces/brune4ai/projects/8fd2a982-478c-479c-aeac-820e97299186/members/ 200", "path": "/api/workspaces/brune4ai/projects/8fd2a982-478c-479c-aeac-820e97299186/members/", "method": "GET", "status_code": 200, "duration_ms": 897, "remote_addr": "119.160.190.240", "user_agent": "Mozilla/5.0 (Windows NT 10.0; Win64; x64) AppleWebKit/537.36 (KHTML, like Gecko) Chrome/153.0.0.0 Safari/537.36 Edg/153.0.0.0", "user_id": "57ff78ef-f40f-4d8d-bca3-7e302fe916ca"}
api         | {"levelname": "INFO", "asctime": "2026-09-18 10:04:28,167", "module": "logger", "name": "plane.api.request", "message": "GET /api/workspaces/brune4ai/projects/8fd2a982-478c-479c-aeac-820e97299186/states/ 200", "path": "/api/workspaces/brune4ai/projects/8fd2a982-478c-479c-aeac-820e97299186/states/", "method": "GET", "status_code": 200, "duration_ms": 934, "remote_addr": "119.160.190.240", "user_agent": "Mozilla/5.0 (Windows NT 10.0; Win64; x64) AppleWebKit/537.36 (KHTML, like Gecko) Chrome/153.0.0.0 Safari/537.36 Edg/153.0.0.0", "user_id": "57ff78ef-f40f-4d8d-bca3-7e302fe916ca"}
api         | {"levelname": "INFO", "asctime": "2026-09-18 10:04:28,188", "module": "logger", "name": "plane.api.request", "message": "GET /api/workspaces/brune4ai/projects/8fd2a982-478c-479c-aeac-820e97299186/modules/ 200", "path": "/api/workspaces/brune4ai/projects/8fd2a982-478c-479c-aeac-820e97299186/modules/", "method": "GET", "status_code": 200, "duration_ms": 1069, "remote_addr": "119.160.190.240", "user_agent": "Mozilla/5.0 (Windows NT 10.0; Win64; x64) AppleWebKit/537.36 (KHTML, like Gecko) Chrome/153.0.0.0 Safari/537.36 Edg/153.0.0.0", "user_id": "57ff78ef-f40f-4d8d-bca3-7e302fe916ca"}
api         | {"levelname": "INFO", "asctime": "2026-09-18 10:04:28,219", "module": "logger", "name": "plane.api.request", "message": "GET /api/workspaces/brune4ai/projects/8fd2a982-478c-479c-aeac-820e97299186/project-members/me/ 200", "path": "/api/workspaces/brune4ai/projects/8fd2a982-478c-479c-aeac-820e97299186/project-members/me/", "method": "GET", "status_code": 200, "duration_ms": 969, "remote_addr": "119.160.190.240", "user_agent": "Mozilla/5.0 (Windows NT 10.0; Win64; x64) AppleWebKit/537.36 (KHTML, like Gecko) Chrome/153.0.0.0 Safari/537.36 Edg/153.0.0.0", "user_id": "57ff78ef-f40f-4d8d-bca3-7e302fe916ca"}
api         | {"levelname": "INFO", "asctime": "2026-09-18 10:04:28,230", "module": "logger", "name": "plane.api.request", "message": "GET /api/workspaces/brune4ai/projects/8fd2a982-478c-479c-aeac-820e97299186/estimates/ 200", "path": "/api/workspaces/brune4ai/projects/8fd2a982-478c-479c-aeac-820e97299186/estimates/", "method": "GET", "status_code": 200, "duration_ms": 990, "remote_addr": "119.160.190.240", "user_agent": "Mozilla/5.0 (Windows NT 10.0; Win64; x64) AppleWebKit/537.36 (KHTML, like Gecko) Chrome/153.0.0.0 Safari/537.36 Edg/153.0.0.0", "user_id": "57ff78ef-f40f-4d8d-bca3-7e302fe916ca"}
api         | {"levelname": "INFO", "asctime": "2026-09-18 10:04:28,254", "module": "logger", "name": "plane.api.request", "message": "GET /api/workspaces/brune4ai/projects/8fd2a982-478c-479c-aeac-820e97299186/issue-labels/ 200", "path": "/api/workspaces/brune4ai/projects/8fd2a982-478c-479c-aeac-820e97299186/issue-labels/", "method": "GET", "status_code": 200, "duration_ms": 940, "remote_addr": "119.160.190.240", "user_agent": "Mozilla/5.0 (Windows NT 10.0; Win64; x64) AppleWebKit/537.36 (KHTML, like Gecko) Chrome/153.0.0.0 Safari/537.36 Edg/153.0.0.0", "user_id": "57ff78ef-f40f-4d8d-bca3-7e302fe916ca"}
api         | {"levelname": "INFO", "asctime": "2026-09-18 10:04:28,259", "module": "logger", "name": "plane.api.request", "message": "GET /api/workspaces/brune4ai/projects/8fd2a982-478c-479c-aeac-820e97299186/views/ 200", "path": "/api/workspaces/brune4ai/projects/8fd2a982-478c-479c-aeac-820e97299186/views/", "method": "GET", "status_code": 200, "duration_ms": 1005, "remote_addr": "119.160.190.240", "user_agent": "Mozilla/5.0 (Windows NT 10.0; Win64; x64) AppleWebKit/537.36 (KHTML, like Gecko) Chrome/153.0.0.0 Safari/537.36 Edg/153.0.0.0", "user_id": "57ff78ef-f40f-4d8d-bca3-7e302fe916ca"}
api         | {"levelname": "INFO", "asctime": "2026-09-18 10:04:28,320", "module": "logger", "name": "plane.api.request", "message": "GET /api/workspaces/brune4ai/projects/8fd2a982-478c-479c-aeac-820e97299186/cycles/ 200", "path": "/api/workspaces/brune4ai/projects/8fd2a982-478c-479c-aeac-820e97299186/cycles/", "method": "GET", "status_code": 200, "duration_ms": 1096, "remote_addr": "119.160.190.240", "user_agent": "Mozilla/5.0 (Windows NT 10.0; Win64; x64) AppleWebKit/537.36 (KHTML, like Gecko) Chrome/153.0.0.0 Safari/537.36 Edg/153.0.0.0", "user_id": "57ff78ef-f40f-4d8d-bca3-7e302fe916ca"}
api         | {"levelname": "INFO", "asctime": "2026-09-18 10:04:28,359", "module": "logger", "name": "plane.api.request", "message": "GET /api/workspaces/brune4ai/projects/8fd2a982-478c-479c-aeac-820e97299186/ 200", "path": "/api/workspaces/brune4ai/projects/8fd2a982-478c-479c-aeac-820e97299186/", "method": "GET", "status_code": 200, "duration_ms": 1269, "remote_addr": "119.160.190.240", "user_agent": "Mozilla/5.0 (Windows NT 10.0; Win64; x64) AppleWebKit/537.36 (KHTML, like Gecko) Chrome/153.0.0.0 Safari/537.36 Edg/153.0.0.0", "user_id": "57ff78ef-f40f-4d8d-bca3-7e302fe916ca"}
api         | {"levelname": "INFO", "asctime": "2026-09-18 10:04:28,631", "module": "logger", "name": "plane.api.request", "message": "GET /api/workspaces/brune4ai/projects/8fd2a982-478c-479c-aeac-820e97299186/user-properties/ 200", "path": "/api/workspaces/brune4ai/projects/8fd2a982-478c-479c-aeac-820e97299186/user-properties/", "method": "GET", "status_code": 200, "duration_ms": 94, "remote_addr": "119.160.190.240", "user_agent": "Mozilla/5.0 (Windows NT 10.0; Win64; x64) AppleWebKit/537.36 (KHTML, like Gecko) Chrome/153.0.0.0 Safari/537.36 Edg/153.0.0.0", "user_id": "57ff78ef-f40f-4d8d-bca3-7e302fe916ca"}
api         | {"levelname": "INFO", "asctime": "2026-09-18 10:04:29,163", "module": "logger", "name": "plane.api.request", "message": "GET /api/workspaces/brune4ai/projects/8fd2a982-478c-479c-aeac-820e97299186/issues/?sub_issue=true&filters=%7B%7D&layout=calendar&cursor=4:0:0&per_page=4&group_by=target_date&target_date=2026-08-31%3Bafter,2026-10-04%3Bbefore 200", "path": "/api/workspaces/brune4ai/projects/8fd2a982-478c-479c-aeac-820e97299186/issues/", "method": "GET", "status_code": 200, "duration_ms": 361, "remote_addr": "119.160.190.240", "user_agent": "Mozilla/5.0 (Windows NT 10.0; Win64; x64) AppleWebKit/537.36 (KHTML, like Gecko) Chrome/153.0.0.0 Safari/537.36 Edg/153.0.0.0", "user_id": "57ff78ef-f40f-4d8d-bca3-7e302fe916ca"}
space       | GET /spaces/ 200 - - 14.009 ms
space       | GET /spaces/ 200 - - 3.452 ms
space       | GET /spaces/ 200 - - 3.083 ms
space       | GET /spaces/ 200 - - 4.768 ms
space       | GET /spaces/ 200 - - 2.732 ms
space       | GET /spaces/ 200 - - 4.086 ms
space       | GET /spaces/ 200 - - 2.133 ms
space       | GET /spaces/ 200 - - 11.391 ms
space       | GET /spaces/ 200 - - 59.562 ms
space       | GET /spaces/ 200 - - 10.448 ms
space       | GET /spaces/ 200 - - 29.703 ms
space       | GET /spaces/ 200 - - 95.991 ms
space       | GET /spaces/ 200 - - 38.649 ms
space       | GET /spaces/ 200 - - 180.616 ms
space       | GET /spaces/ 200 - - 47.192 ms
space       | GET /spaces/ 200 - - 35.956 ms
space       | GET /spaces/ 200 - - 47.982 ms
space       | GET /spaces/ 200 - - 40.241 ms
space       | GET /spaces/ 200 - - 15.119 ms
space       | GET /spaces/ 200 - - 14.524 ms
space       | GET /spaces/ 200 - - 51.571 ms
space       | GET /spaces/ 200 - - 27.739 ms
space       | GET /spaces/ 200 - - 39.412 ms
space       | GET /spaces/ 200 - - 11.386 ms
space       | GET /spaces/ 200 - - 18.730 ms
space       | GET /spaces/ 200 - - 13.618 ms
space       | GET /spaces/ 200 - - 42.168 ms
space       | GET /spaces/ 200 - - 36.559 ms
space       | GET /spaces/ 200 - - 13.723 ms
space       | GET /spaces/ 200 - - 3.900 ms
space       | GET /spaces/ 200 - - 3.311 ms
space       | GET /spaces/ 200 - - 3.014 ms
space       | GET /spaces/ 200 - - 3.887 ms
space       | GET /spaces/ 200 - - 2.535 ms
space       | GET /spaces/ 200 - - 3.575 ms
space       | GET /spaces/ 200 - - 5.951 ms
space       | GET /spaces/ 200 - - 20.690 ms
space       | GET /spaces/ 200 - - 3.069 ms
space       | GET /spaces/ 200 - - 3.137 ms
space       | GET /spaces/ 200 - - 2.439 ms
space       | GET /spaces/ 200 - - 2.468 ms
space       | GET /spaces/ 200 - - 26.345 ms
space       | GET /spaces/ 200 - - 2.946 ms
space       | GET /spaces/ 200 - - 2.662 ms
space       | GET /spaces/ 200 - - 5.264 ms
space       | GET /spaces/ 200 - - 2.169 ms
space       | GET /spaces/ 200 - - 2.250 ms
space       | GET /spaces/ 200 - - 3.804 ms
space       | GET /spaces/ 200 - - 3.795 ms
space       | GET /spaces/ 200 - - 4.243 ms
space       | GET /spaces/ 200 - - 4.348 ms
space       | GET /spaces/ 200 - - 3.937 ms
space       | GET /spaces/ 200 - - 3.386 ms
space       | GET /spaces/ 200 - - 3.634 ms
space       | GET /spaces/ 200 - - 13.562 ms
space       | GET /spaces/ 200 - - 3.445 ms
space       | GET /spaces/ 200 - - 4.603 ms
space       | GET /spaces/ 200 - - 4.300 ms
space       | GET /spaces/ 200 - - 3.564 ms
space       | GET /spaces/ 200 - - 45.378 ms
space       | GET /spaces/ 200 - - 5.436 ms
space       | GET /spaces/ 200 - - 3.488 ms
space       | GET /spaces/ 200 - - 6.884 ms
space       | GET /spaces/ 200 - - 2.210 ms
space       | GET /spaces/ 200 - - 2.619 ms
space       | GET /spaces/ 200 - - 4.571 ms
space       | GET /spaces/ 200 - - 2.999 ms
space       | GET /spaces/ 200 - - 3.265 ms
space       | GET /spaces/ 200 - - 5.677 ms
space       | GET /spaces/ 200 - - 2.661 ms
space       | GET /spaces/ 200 - - 3.776 ms
space       | GET /spaces/ 200 - - 3.902 ms
space       | GET /spaces/ 200 - - 3.256 ms
space       | GET /spaces/ 200 - - 3.532 ms
space       | GET /spaces/ 200 - - 3.110 ms
space       | GET /spaces/ 200 - - 3.396 ms
space       | GET /spaces/ 200 - - 2.643 ms
space       | GET /spaces/ 200 - - 3.544 ms
space       | GET /spaces/ 200 - - 2.394 ms
space       | GET /spaces/ 200 - - 2.144 ms
space       | GET /spaces/ 200 - - 3.579 ms
space       | GET /spaces/ 200 - - 2.723 ms
space       | GET /spaces/ 200 - - 3.997 ms
space       | GET /spaces/ 200 - - 3.311 ms
space       | GET /spaces/ 200 - - 3.314 ms
space       | GET /spaces/ 200 - - 3.019 ms
space       | GET /spaces/ 200 - - 5.035 ms
space       | GET /spaces/ 200 - - 14.568 ms
space       | GET /spaces/ 200 - - 20.195 ms
space       | GET /spaces/ 200 - - 146.898 ms
space       | GET /spaces/ 200 - - 179.527 ms
space       | GET /spaces/ 200 - - 28.992 ms
space       | GET /spaces/ 200 - - 81.171 ms
space       | GET /spaces/ 200 - - 53.720 ms
space       | GET /spaces/ 200 - - 33.029 ms
space       | GET /spaces/ 200 - - 30.579 ms
space       | GET /spaces/ 200 - - 12.764 ms
space       | GET /spaces/ 200 - - 16.898 ms
space       | GET /spaces/ 200 - - 14.848 ms
space       | GET /spaces/ 200 - - 35.054 ms
bgworker    | [2026-09-18 11:00:00,038: INFO/MainProcess] Task plane.bgtasks.email_notification_task.stack_email_notification[a43e5850-f897-4951-9080-2313fa6c988a] received
bgworker    | {"levelname": "INFO", "asctime": "2026-09-18 11:00:00,038", "module": "strategy", "name": "celery.worker.strategy", "message": "Task plane.bgtasks.email_notification_task.stack_email_notification[a43e5850-f897-4951-9080-2313fa6c988a] received", "data": {"id": "a43e5850-f897-4951-9080-2313fa6c988a", "name": "plane.bgtasks.email_notification_task.stack_email_notification", "args": "()", "kwargs": "{}", "eta": null}}
bgworker    | [2026-09-18 11:05:00,061: INFO/MainProcess] Task plane.bgtasks.email_notification_task.stack_email_notification[f8390151-fba2-4b91-93c3-527ed62b3eab] received
bgworker    | {"levelname": "INFO", "asctime": "2026-09-18 11:05:00,061", "module": "strategy", "name": "celery.worker.strategy", "message": "Task plane.bgtasks.email_notification_task.stack_email_notification[f8390151-fba2-4b91-93c3-527ed62b3eab] received", "data": {"id": "f8390151-fba2-4b91-93c3-527ed62b3eab", "name": "plane.bgtasks.email_notification_task.stack_email_notification", "args": "()", "kwargs": "{}", "eta": null}}
bgworker    | [2026-09-18 11:10:00,041: INFO/MainProcess] Task plane.bgtasks.email_notification_task.stack_email_notification[9a586bdb-c541-4a19-9754-92ec676bbfc4] received
bgworker    | {"levelname": "INFO", "asctime": "2026-09-18 11:10:00,041", "module": "strategy", "name": "celery.worker.strategy", "message": "Task plane.bgtasks.email_notification_task.stack_email_notification[9a586bdb-c541-4a19-9754-92ec676bbfc4] received", "data": {"id": "9a586bdb-c541-4a19-9754-92ec676bbfc4", "name": "plane.bgtasks.email_notification_task.stack_email_notification", "args": "()", "kwargs": "{}", "eta": null}}
bgworker    | [2026-09-18 11:15:00,038: INFO/MainProcess] Task plane.bgtasks.email_notification_task.stack_email_notification[303284b5-031d-45ba-9b3d-2e2c0ac43e47] received
bgworker    | {"levelname": "INFO", "asctime": "2026-09-18 11:15:00,038", "module": "strategy", "name": "celery.worker.strategy", "message": "Task plane.bgtasks.email_notification_task.stack_email_notification[303284b5-031d-45ba-9b3d-2e2c0ac43e47] received", "data": {"id": "303284b5-031d-45ba-9b3d-2e2c0ac43e47", "name": "plane.bgtasks.email_notification_task.stack_email_notification", "args": "()", "kwargs": "{}", "eta": null}}
bgworker    | [2026-09-18 11:20:00,042: INFO/MainProcess] Task plane.bgtasks.email_notification_task.stack_email_notification[1b4f7035-d8cc-4462-b326-abe97c70aa4e] received
bgworker    | {"levelname": "INFO", "asctime": "2026-09-18 11:20:00,042", "module": "strategy", "name": "celery.worker.strategy", "message": "Task plane.bgtasks.email_notification_task.stack_email_notification[1b4f7035-d8cc-4462-b326-abe97c70aa4e] received", "data": {"id": "1b4f7035-d8cc-4462-b326-abe97c70aa4e", "name": "plane.bgtasks.email_notification_task.stack_email_notification", "args": "()", "kwargs": "{}", "eta": null}}
bgworker    | [2026-09-18 11:25:00,027: INFO/MainProcess] Task plane.bgtasks.email_notification_task.stack_email_notification[21669ac3-070d-4e44-a528-cdf2de8f6781] received
bgworker    | {"levelname": "INFO", "asctime": "2026-09-18 11:25:00,027", "module": "strategy", "name": "celery.worker.strategy", "message": "Task plane.bgtasks.email_notification_task.stack_email_notification[21669ac3-070d-4e44-a528-cdf2de8f6781] received", "data": {"id": "21669ac3-070d-4e44-a528-cdf2de8f6781", "name": "plane.bgtasks.email_notification_task.stack_email_notification", "args": "()", "kwargs": "{}", "eta": null}}
bgworker    | [2026-09-18 11:30:00,278: INFO/MainProcess] Task plane.bgtasks.email_notification_task.stack_email_notification[e436592f-6f93-48f8-8db9-04bcafe49f5e] received
bgworker    | {"levelname": "INFO", "asctime": "2026-09-18 11:30:00,278", "module": "strategy", "name": "celery.worker.strategy", "message": "Task plane.bgtasks.email_notification_task.stack_email_notification[e436592f-6f93-48f8-8db9-04bcafe49f5e] received", "data": {"id": "e436592f-6f93-48f8-8db9-04bcafe49f5e", "name": "plane.bgtasks.email_notification_task.stack_email_notification", "args": "()", "kwargs": "{}", "eta": null}}
bgworker    | [2026-09-18 11:30:55,955: INFO/MainProcess] Task plane.bgtasks.recent_visited_task.recent_visited_task[e5d89b42-2796-4e71-aac2-751d34e185e9] received
bgworker    | {"levelname": "INFO", "asctime": "2026-09-18 11:30:55,955", "module": "strategy", "name": "celery.worker.strategy", "message": "Task plane.bgtasks.recent_visited_task.recent_visited_task[e5d89b42-2796-4e71-aac2-751d34e185e9] received", "data": {"id": "e5d89b42-2796-4e71-aac2-751d34e185e9", "name": "plane.bgtasks.recent_visited_task.recent_visited_task", "args": "()", "kwargs": "{'slug': 'brune4ai', 'project_id': UUID('8fd2a982-478c-479c-aeac-820e97299186'), 'entity_name': 'project', 'entity_identifier': UUID('8fd2a982-478c-479c-aeac-820e97299186'), 'user_id': UUID('57ff78ef-f40f-4d8d-bca3-7e302fe916ca')}", "eta": null}}
bgworker    | [2026-09-18 11:30:56,263: INFO/MainProcess] Task plane.bgtasks.recent_visited_task.recent_visited_task[37cf2991-c958-4362-841d-ecabe5d331c4] received
bgworker    | {"levelname": "INFO", "asctime": "2026-09-18 11:30:56,263", "module": "strategy", "name": "celery.worker.strategy", "message": "Task plane.bgtasks.recent_visited_task.recent_visited_task[37cf2991-c958-4362-841d-ecabe5d331c4] received", "data": {"id": "37cf2991-c958-4362-841d-ecabe5d331c4", "name": "plane.bgtasks.recent_visited_task.recent_visited_task", "args": "()", "kwargs": "{'slug': 'brune4ai', 'entity_name': 'issue', 'entity_identifier': UUID('992faf47-6a3e-4bce-acf5-7a3935555241'), 'user_id': UUID('57ff78ef-f40f-4d8d-bca3-7e302fe916ca'), 'project_id': UUID('8fd2a982-478c-479c-aeac-820e97299186')}", "eta": null}}
bgworker    | [2026-09-18 11:34:27,335: INFO/MainProcess] Task plane.bgtasks.recent_visited_task.recent_visited_task[f1d0dfac-3eb9-456b-9f2d-c61629c0ac9b] received
bgworker    | {"levelname": "INFO", "asctime": "2026-09-18 11:34:27,335", "module": "strategy", "name": "celery.worker.strategy", "message": "Task plane.bgtasks.recent_visited_task.recent_visited_task[f1d0dfac-3eb9-456b-9f2d-c61629c0ac9b] received", "data": {"id": "f1d0dfac-3eb9-456b-9f2d-c61629c0ac9b", "name": "plane.bgtasks.recent_visited_task.recent_visited_task", "args": "()", "kwargs": "{'slug': 'brune4ai', 'project_id': UUID('8fd2a982-478c-479c-aeac-820e97299186'), 'entity_name': 'project', 'entity_identifier': UUID('8fd2a982-478c-479c-aeac-820e97299186'), 'user_id': UUID('57ff78ef-f40f-4d8d-bca3-7e302fe916ca')}", "eta": null}}
bgworker    | [2026-09-18 11:35:00,054: INFO/MainProcess] Task plane.bgtasks.email_notification_task.stack_email_notification[482ef8ab-4dba-4861-903c-862f8f38deda] received
bgworker    | {"levelname": "INFO", "asctime": "2026-09-18 11:35:00,054", "module": "strategy", "name": "celery.worker.strategy", "message": "Task plane.bgtasks.email_notification_task.stack_email_notification[482ef8ab-4dba-4861-903c-862f8f38deda] received", "data": {"id": "482ef8ab-4dba-4861-903c-862f8f38deda", "name": "plane.bgtasks.email_notification_task.stack_email_notification", "args": "()", "kwargs": "{}", "eta": null}}
bgworker    | [2026-09-18 11:40:00,035: INFO/MainProcess] Task plane.bgtasks.email_notification_task.stack_email_notification[067e0013-11f5-44b8-9722-6a667a932dc6] received
bgworker    | {"levelname": "INFO", "asctime": "2026-09-18 11:40:00,035", "module": "strategy", "name": "celery.worker.strategy", "message": "Task plane.bgtasks.email_notification_task.stack_email_notification[067e0013-11f5-44b8-9722-6a667a932dc6] received", "data": {"id": "067e0013-11f5-44b8-9722-6a667a932dc6", "name": "plane.bgtasks.email_notification_task.stack_email_notification", "args": "()", "kwargs": "{}", "eta": null}}
bgworker    | [2026-09-18 11:45:00,030: INFO/MainProcess] Task plane.bgtasks.email_notification_task.stack_email_notification[b8d7f6e4-8597-48ee-b9e0-df6ec0f9fe4a] received
bgworker    | {"levelname": "INFO", "asctime": "2026-09-18 11:45:00,030", "module": "strategy", "name": "celery.worker.strategy", "message": "Task plane.bgtasks.email_notification_task.stack_email_notification[b8d7f6e4-8597-48ee-b9e0-df6ec0f9fe4a] received", "data": {"id": "b8d7f6e4-8597-48ee-b9e0-df6ec0f9fe4a", "name": "plane.bgtasks.email_notification_task.stack_email_notification", "args": "()", "kwargs": "{}", "eta": null}}
bgworker    | [2026-09-18 11:50:00,050: INFO/MainProcess] Task plane.bgtasks.email_notification_task.stack_email_notification[584bca31-1013-4d43-b5b0-ca9dd997caa3] received
bgworker    | {"levelname": "INFO", "asctime": "2026-09-18 11:50:00,050", "module": "strategy", "name": "celery.worker.strategy", "message": "Task plane.bgtasks.email_notification_task.stack_email_notification[584bca31-1013-4d43-b5b0-ca9dd997caa3] received", "data": {"id": "584bca31-1013-4d43-b5b0-ca9dd997caa3", "name": "plane.bgtasks.email_notification_task.stack_email_notification", "args": "()", "kwargs": "{}", "eta": null}}
bgworker    | [2026-09-18 11:55:00,429: INFO/MainProcess] Task plane.bgtasks.email_notification_task.stack_email_notification[23f8bada-78a9-41dd-a97b-3ba8a33d804e] received
bgworker    | {"levelname": "INFO", "asctime": "2026-09-18 11:55:00,429", "module": "strategy", "name": "celery.worker.strategy", "message": "Task plane.bgtasks.email_notification_task.stack_email_notification[23f8bada-78a9-41dd-a97b-3ba8a33d804e] received", "data": {"id": "23f8bada-78a9-41dd-a97b-3ba8a33d804e", "name": "plane.bgtasks.email_notification_task.stack_email_notification", "args": "()", "kwargs": "{}", "eta": null}}
bgworker    | [2026-09-18 12:00:00,483: INFO/MainProcess] Task plane.bgtasks.email_notification_task.stack_email_notification[e5c945b3-2dd3-45b6-a5ea-92e22faa0f46] received
bgworker    | {"levelname": "INFO", "asctime": "2026-09-18 12:00:00,483", "module": "strategy", "name": "celery.worker.strategy", "message": "Task plane.bgtasks.email_notification_task.stack_email_notification[e5c945b3-2dd3-45b6-a5ea-92e22faa0f46] received", "data": {"id": "e5c945b3-2dd3-45b6-a5ea-92e22faa0f46", "name": "plane.bgtasks.email_notification_task.stack_email_notification", "args": "()", "kwargs": "{}", "eta": null}}
bgworker    | [2026-09-18 12:05:00,033: INFO/MainProcess] Task plane.bgtasks.email_notification_task.stack_email_notification[6e094f37-d2a7-4d45-89ad-8165b45af756] received
bgworker    | {"levelname": "INFO", "asctime": "2026-09-18 12:05:00,033", "module": "strategy", "name": "celery.worker.strategy", "message": "Task plane.bgtasks.email_notification_task.stack_email_notification[6e094f37-d2a7-4d45-89ad-8165b45af756] received", "data": {"id": "6e094f37-d2a7-4d45-89ad-8165b45af756", "name": "plane.bgtasks.email_notification_task.stack_email_notification", "args": "()", "kwargs": "{}", "eta": null}}
bgworker    | [2026-09-18 12:10:00,102: INFO/MainProcess] Task plane.bgtasks.email_notification_task.stack_email_notification[59761f1f-b553-44fc-aea8-9732b488df82] received
bgworker    | {"levelname": "INFO", "asctime": "2026-09-18 12:10:00,102", "module": "strategy", "name": "celery.worker.strategy", "message": "Task plane.bgtasks.email_notification_task.stack_email_notification[59761f1f-b553-44fc-aea8-9732b488df82] received", "data": {"id": "59761f1f-b553-44fc-aea8-9732b488df82", "name": "plane.bgtasks.email_notification_task.stack_email_notification", "args": "()", "kwargs": "{}", "eta": null}}
bgworker    | [2026-09-18 12:15:00,293: INFO/MainProcess] Task plane.bgtasks.email_notification_task.stack_email_notification[5bec3903-b502-4224-910c-d8957b832efd] received
bgworker    | {"levelname": "INFO", "asctime": "2026-09-18 12:15:00,293", "module": "strategy", "name": "celery.worker.strategy", "message": "Task plane.bgtasks.email_notification_task.stack_email_notification[5bec3903-b502-4224-910c-d8957b832efd] received", "data": {"id": "5bec3903-b502-4224-910c-d8957b832efd", "name": "plane.bgtasks.email_notification_task.stack_email_notification", "args": "()", "kwargs": "{}", "eta": null}}
bgworker    | [2026-09-18 12:20:00,201: INFO/MainProcess] Task plane.bgtasks.email_notification_task.stack_email_notification[45ef95a1-3bfc-43d7-aef2-98f4a428bb67] received
bgworker    | {"levelname": "INFO", "asctime": "2026-09-18 12:20:00,201", "module": "strategy", "name": "celery.worker.strategy", "message": "Task plane.bgtasks.email_notification_task.stack_email_notification[45ef95a1-3bfc-43d7-aef2-98f4a428bb67] received", "data": {"id": "45ef95a1-3bfc-43d7-aef2-98f4a428bb67", "name": "plane.bgtasks.email_notification_task.stack_email_notification", "args": "()", "kwargs": "{}", "eta": null}}
bgworker    | [2026-09-18 12:25:00,071: INFO/MainProcess] Task plane.bgtasks.email_notification_task.stack_email_notification[b4aca73a-53b6-47b2-ac6f-0f1c8442859b] received
bgworker    | {"levelname": "INFO", "asctime": "2026-09-18 12:25:00,071", "module": "strategy", "name": "celery.worker.strategy", "message": "Task plane.bgtasks.email_notification_task.stack_email_notification[b4aca73a-53b6-47b2-ac6f-0f1c8442859b] received", "data": {"id": "b4aca73a-53b6-47b2-ac6f-0f1c8442859b", "name": "plane.bgtasks.email_notification_task.stack_email_notification", "args": "()", "kwargs": "{}", "eta": null}}
bgworker    | [2026-09-18 12:30:00,027: INFO/MainProcess] Task plane.bgtasks.email_notification_task.stack_email_notification[3122ee97-f4fb-4fcf-a812-7c584513b66f] received
bgworker    | {"levelname": "INFO", "asctime": "2026-09-18 12:30:00,027", "module": "strategy", "name": "celery.worker.strategy", "message": "Task plane.bgtasks.email_notification_task.stack_email_notification[3122ee97-f4fb-4fcf-a812-7c584513b66f] received", "data": {"id": "3122ee97-f4fb-4fcf-a812-7c584513b66f", "name": "plane.bgtasks.email_notification_task.stack_email_notification", "args": "()", "kwargs": "{}", "eta": null}}
bgworker    | [2026-09-18 12:35:00,024: INFO/MainProcess] Task plane.bgtasks.email_notification_task.stack_email_notification[194f3e63-3d32-4e8d-917b-c437fec5b99a] received
bgworker    | {"levelname": "INFO", "asctime": "2026-09-18 12:35:00,024", "module": "strategy", "name": "celery.worker.strategy", "message": "Task plane.bgtasks.email_notification_task.stack_email_notification[194f3e63-3d32-4e8d-917b-c437fec5b99a] received", "data": {"id": "194f3e63-3d32-4e8d-917b-c437fec5b99a", "name": "plane.bgtasks.email_notification_task.stack_email_notification", "args": "()", "kwargs": "{}", "eta": null}}
bgworker    | [2026-09-18 12:40:00,428: INFO/MainProcess] Task plane.bgtasks.email_notification_task.stack_email_notification[226944f6-5f61-4770-bf8c-2e8ba4095202] received
bgworker    | {"levelname": "INFO", "asctime": "2026-09-18 12:40:00,428", "module": "strategy", "name": "celery.worker.strategy", "message": "Task plane.bgtasks.email_notification_task.stack_email_notification[226944f6-5f61-4770-bf8c-2e8ba4095202] received", "data": {"id": "226944f6-5f61-4770-bf8c-2e8ba4095202", "name": "plane.bgtasks.email_notification_task.stack_email_notification", "args": "()", "kwargs": "{}", "eta": null}}
bgworker    | [2026-09-18 12:45:00,239: INFO/MainProcess] Task plane.bgtasks.email_notification_task.stack_email_notification[0a6489d5-662a-42c7-ac9a-41742838353e] received
bgworker    | {"levelname": "INFO", "asctime": "2026-09-18 12:45:00,239", "module": "strategy", "name": "celery.worker.strategy", "message": "Task plane.bgtasks.email_notification_task.stack_email_notification[0a6489d5-662a-42c7-ac9a-41742838353e] received", "data": {"id": "0a6489d5-662a-42c7-ac9a-41742838353e", "name": "plane.bgtasks.email_notification_task.stack_email_notification", "args": "()", "kwargs": "{}", "eta": null}}
proxy       | {"level":"info","ts":1789259317.1326776,"msg":"maxprocs: Leaving GOMAXPROCS=2: CPU quota undefined"}
proxy       | {"level":"info","ts":1789259317.1327143,"msg":"GOMEMLIMIT is updated","GOMEMLIMIT":3695486976,"previous":9223372036854775807}
proxy       | {"level":"info","ts":1789259317.1327205,"msg":"using config from file","file":"/etc/caddy/Caddyfile"}
proxy       | {"level":"info","ts":1789259317.1327245,"msg":"adapted config to JSON","adapter":"caddyfile"}
proxy       | {"level":"warn","ts":1789259317.1327279,"msg":"Caddyfile input is not formatted; run 'caddy fmt --overwrite' to fix inconsistencies","adapter":"caddyfile","file":"/etc/caddy/Caddyfile","line":6}
proxy       | {"level":"info","ts":1789259317.1346722,"logger":"admin","msg":"admin endpoint started","address":"localhost:2019","enforce_origin":false,"origins":["//127.0.0.1:2019","//localhost:2019","//[::1]:2019"]}
proxy       | {"level":"info","ts":1789259317.1354845,"logger":"tls.cache.maintenance","msg":"started background certificate maintenance","cache":"0x3bb9f6fbc80"}
proxy       | {"level":"warn","ts":1789259317.1378953,"logger":"tls","msg":"stapling OCSP","error":"no OCSP stapling for [cloudflare origin certificate *.ten-fold.co ten-fold.co]: no URL to issuing certificate"}
proxy       | {"level":"info","ts":1789259317.138153,"logger":"http.auto_https","msg":"skipping automatic certificate management because one or more matching certificates are already loaded","domain":"ten-fold.co","server_name":"srv0"}
proxy       | {"level":"info","ts":1789259317.1381795,"logger":"http.auto_https","msg":"enabling automatic HTTP->HTTPS redirects","server_name":"srv0"}
proxy       | {"level":"info","ts":1789259317.1437297,"logger":"http","msg":"enabling HTTP/3 listener","addr":":443"}
proxy       | {"level":"info","ts":1789259317.1442597,"msg":"failed to sufficiently increase receive buffer size (was: 208 kiB, wanted: 7168 kiB, got: 416 kiB). See https://github.com/quic-go/quic-go/wiki/UDP-Buffer-Sizes for details."}
proxy       | {"level":"info","ts":1789259317.144544,"logger":"http.log","msg":"server running","name":"srv0","protocols":["h1","h2","h3"]}
proxy       | {"level":"warn","ts":1789259317.144675,"logger":"http","msg":"HTTP/2 skipped because it requires TLS","network":"tcp","addr":":80"}
proxy       | {"level":"warn","ts":1789259317.1446834,"logger":"http","msg":"HTTP/3 skipped because it requires TLS","network":"tcp","addr":":80"}
proxy       | {"level":"info","ts":1789259317.144687,"logger":"http.log","msg":"server running","name":"remaining_auto_https_redirects","protocols":["h1","h2","h3"]}
proxy       | {"level":"info","ts":1789259317.1460361,"msg":"autosaved config (load with --resume flag)","file":"/config/caddy/autosave.json"}
proxy       | {"level":"info","ts":1789259317.1460636,"msg":"serving initial configuration"}
proxy       | {"level":"info","ts":1789259317.1492035,"logger":"tls","msg":"storage cleaning happened too recently; skipping for now","storage":"FileStorage:/data/caddy","instance":"77e55490-db37-484a-94c1-2ea34d0898a3","try_again":1789345717.1491992,"try_again_in":86399.999999075}
proxy       | {"level":"info","ts":1789259317.1493917,"logger":"tls","msg":"finished cleaning storage units"}
proxy       | {"level":"info","ts":1789345717.1564126,"logger":"tls","msg":"cleaning storage unit","storage":"FileStorage:/data/caddy"}
proxy       | {"level":"info","ts":1789345717.1636028,"logger":"tls","msg":"finished cleaning storage units"}
proxy       | {"level":"info","ts":1789432117.1488166,"logger":"tls","msg":"storage cleaning happened too recently; skipping for now","storage":"FileStorage:/data/caddy","instance":"77e55490-db37-484a-94c1-2ea34d0898a3","try_again":1789518517.148811,"try_again_in":86399.999999234}
proxy       | {"level":"info","ts":1789432117.1493468,"logger":"tls","msg":"finished cleaning storage units"}
proxy       | {"level":"info","ts":1789518517.1491954,"logger":"tls","msg":"cleaning storage unit","storage":"FileStorage:/data/caddy"}
proxy       | {"level":"info","ts":1789518517.1523867,"logger":"tls","msg":"finished cleaning storage units"}
proxy       | {"level":"info","ts":1789604917.152057,"logger":"tls","msg":"cleaning storage unit","storage":"FileStorage:/data/caddy"}
proxy       | {"level":"info","ts":1789604917.1560147,"logger":"tls","msg":"finished cleaning storage units"}
proxy       | {"level":"info","ts":1789691317.150005,"logger":"tls","msg":"storage cleaning happened too recently; skipping for now","storage":"FileStorage:/data/caddy","instance":"77e55490-db37-484a-94c1-2ea34d0898a3","try_again":1789777717.15,"try_again_in":86399.999998995}
proxy       | {"level":"info","ts":1789691317.150906,"logger":"tls","msg":"finished cleaning storage units"}
bgworker    | [2026-09-18 12:50:00,071: INFO/MainProcess] Task plane.bgtasks.email_notification_task.stack_email_notification[9fbf3d16-d8e9-4a00-99d0-bb4f6f173cfd] received
bgworker    | {"levelname": "INFO", "asctime": "2026-09-18 12:50:00,071", "module": "strategy", "name": "celery.worker.strategy", "message": "Task plane.bgtasks.email_notification_task.stack_email_notification[9fbf3d16-d8e9-4a00-99d0-bb4f6f173cfd] received", "data": {"id": "9fbf3d16-d8e9-4a00-99d0-bb4f6f173cfd", "name": "plane.bgtasks.email_notification_task.stack_email_notification", "args": "()", "kwargs": "{}", "eta": null}}
bgworker    | [2026-09-18 12:55:00,053: INFO/MainProcess] Task plane.bgtasks.email_notification_task.stack_email_notification[42b9e15c-d60b-4c62-b2c5-d7bac0e29f1b] received
bgworker    | {"levelname": "INFO", "asctime": "2026-09-18 12:55:00,053", "module": "strategy", "name": "celery.worker.strategy", "message": "Task plane.bgtasks.email_notification_task.stack_email_notification[42b9e15c-d60b-4c62-b2c5-d7bac0e29f1b] received", "data": {"id": "42b9e15c-d60b-4c62-b2c5-d7bac0e29f1b", "name": "plane.bgtasks.email_notification_task.stack_email_notification", "args": "()", "kwargs": "{}", "eta": null}}
bgworker    | [2026-09-18 13:00:00,029: INFO/MainProcess] Task plane.bgtasks.email_notification_task.stack_email_notification[a63ddb4d-91ce-415c-8676-f6b11445d05d] received
bgworker    | {"levelname": "INFO", "asctime": "2026-09-18 13:00:00,029", "module": "strategy", "name": "celery.worker.strategy", "message": "Task plane.bgtasks.email_notification_task.stack_email_notification[a63ddb4d-91ce-415c-8676-f6b11445d05d] received", "data": {"id": "a63ddb4d-91ce-415c-8676-f6b11445d05d", "name": "plane.bgtasks.email_notification_task.stack_email_notification", "args": "()", "kwargs": "{}", "eta": null}}
bgworker    | [2026-09-18 13:05:00,028: INFO/MainProcess] Task plane.bgtasks.email_notification_task.stack_email_notification[b70553e4-8e2d-4bfd-b3e7-dc8bf131c04a] received
bgworker    | {"levelname": "INFO", "asctime": "2026-09-18 13:05:00,028", "module": "strategy", "name": "celery.worker.strategy", "message": "Task plane.bgtasks.email_notification_task.stack_email_notification[b70553e4-8e2d-4bfd-b3e7-dc8bf131c04a] received", "data": {"id": "b70553e4-8e2d-4bfd-b3e7-dc8bf131c04a", "name": "plane.bgtasks.email_notification_task.stack_email_notification", "args": "()", "kwargs": "{}", "eta": null}}
bgworker    | [2026-09-18 13:10:00,032: INFO/MainProcess] Task plane.bgtasks.email_notification_task.stack_email_notification[ac422bba-7c57-4c0d-9fe8-bd49beedd38a] received
bgworker    | {"levelname": "INFO", "asctime": "2026-09-18 13:10:00,032", "module": "strategy", "name": "celery.worker.strategy", "message": "Task plane.bgtasks.email_notification_task.stack_email_notification[ac422bba-7c57-4c0d-9fe8-bd49beedd38a] received", "data": {"id": "ac422bba-7c57-4c0d-9fe8-bd49beedd38a", "name": "plane.bgtasks.email_notification_task.stack_email_notification", "args": "()", "kwargs": "{}", "eta": null}}
bgworker    | [2026-09-18 13:15:00,048: INFO/MainProcess] Task plane.bgtasks.email_notification_task.stack_email_notification[21d253b1-af10-40ba-ae01-6e7ff1358082] received
bgworker    | {"levelname": "INFO", "asctime": "2026-09-18 13:15:00,048", "module": "strategy", "name": "celery.worker.strategy", "message": "Task plane.bgtasks.email_notification_task.stack_email_notification[21d253b1-af10-40ba-ae01-6e7ff1358082] received", "data": {"id": "21d253b1-af10-40ba-ae01-6e7ff1358082", "name": "plane.bgtasks.email_notification_task.stack_email_notification", "args": "()", "kwargs": "{}", "eta": null}}
bgworker    | [2026-09-18 13:20:00,036: INFO/MainProcess] Task plane.bgtasks.email_notification_task.stack_email_notification[d4960cb7-df19-4d7c-8ea8-88f1dce1489c] received
bgworker    | {"levelname": "INFO", "asctime": "2026-09-18 13:20:00,036", "module": "strategy", "name": "celery.worker.strategy", "message": "Task plane.bgtasks.email_notification_task.stack_email_notification[d4960cb7-df19-4d7c-8ea8-88f1dce1489c] received", "data": {"id": "d4960cb7-df19-4d7c-8ea8-88f1dce1489c", "name": "plane.bgtasks.email_notification_task.stack_email_notification", "args": "()", "kwargs": "{}", "eta": null}}
bgworker    | [2026-09-18 13:25:00,233: INFO/MainProcess] Task plane.bgtasks.email_notification_task.stack_email_notification[09f2e3f3-57ba-436b-8d4c-6d65504f53e3] received
bgworker    | {"levelname": "INFO", "asctime": "2026-09-18 13:25:00,233", "module": "strategy", "name": "celery.worker.strategy", "message": "Task plane.bgtasks.email_notification_task.stack_email_notification[09f2e3f3-57ba-436b-8d4c-6d65504f53e3] received", "data": {"id": "09f2e3f3-57ba-436b-8d4c-6d65504f53e3", "name": "plane.bgtasks.email_notification_task.stack_email_notification", "args": "()", "kwargs": "{}", "eta": null}}
bgworker    | [2026-09-18 13:30:00,071: INFO/MainProcess] Task plane.bgtasks.email_notification_task.stack_email_notification[18c5f122-a564-4ff5-96d5-cae25bda7d26] received
bgworker    | {"levelname": "INFO", "asctime": "2026-09-18 13:30:00,071", "module": "strategy", "name": "celery.worker.strategy", "message": "Task plane.bgtasks.email_notification_task.stack_email_notification[18c5f122-a564-4ff5-96d5-cae25bda7d26] received", "data": {"id": "18c5f122-a564-4ff5-96d5-cae25bda7d26", "name": "plane.bgtasks.email_notification_task.stack_email_notification", "args": "()", "kwargs": "{}", "eta": null}}
bgworker    | [2026-09-18 13:35:00,042: INFO/MainProcess] Task plane.bgtasks.email_notification_task.stack_email_notification[b90dee24-47d2-4e94-bb01-327d2284192b] received
bgworker    | {"levelname": "INFO", "asctime": "2026-09-18 13:35:00,042", "module": "strategy", "name": "celery.worker.strategy", "message": "Task plane.bgtasks.email_notification_task.stack_email_notification[b90dee24-47d2-4e94-bb01-327d2284192b] received", "data": {"id": "b90dee24-47d2-4e94-bb01-327d2284192b", "name": "plane.bgtasks.email_notification_task.stack_email_notification", "args": "()", "kwargs": "{}", "eta": null}}
bgworker    | [2026-09-18 13:40:00,030: INFO/MainProcess] Task plane.bgtasks.email_notification_task.stack_email_notification[adc57db9-3a9e-406a-b7b1-54f4e0498859] received
bgworker    | {"levelname": "INFO", "asctime": "2026-09-18 13:40:00,030", "module": "strategy", "name": "celery.worker.strategy", "message": "Task plane.bgtasks.email_notification_task.stack_email_notification[adc57db9-3a9e-406a-b7b1-54f4e0498859] received", "data": {"id": "adc57db9-3a9e-406a-b7b1-54f4e0498859", "name": "plane.bgtasks.email_notification_task.stack_email_notification", "args": "()", "kwargs": "{}", "eta": null}}
bgworker    | [2026-09-18 13:45:00,037: INFO/MainProcess] Task plane.bgtasks.email_notification_task.stack_email_notification[2791633e-82a7-431b-ada2-e64b95637bc0] received
bgworker    | {"levelname": "INFO", "asctime": "2026-09-18 13:45:00,037", "module": "strategy", "name": "celery.worker.strategy", "message": "Task plane.bgtasks.email_notification_task.stack_email_notification[2791633e-82a7-431b-ada2-e64b95637bc0] received", "data": {"id": "2791633e-82a7-431b-ada2-e64b95637bc0", "name": "plane.bgtasks.email_notification_task.stack_email_notification", "args": "()", "kwargs": "{}", "eta": null}}
bgworker    | [2026-09-18 13:50:00,027: INFO/MainProcess] Task plane.bgtasks.email_notification_task.stack_email_notification[bcf15f87-e818-446a-a092-df4de397fb1a] received
bgworker    | {"levelname": "INFO", "asctime": "2026-09-18 13:50:00,027", "module": "strategy", "name": "celery.worker.strategy", "message": "Task plane.bgtasks.email_notification_task.stack_email_notification[bcf15f87-e818-446a-a092-df4de397fb1a] received", "data": {"id": "bcf15f87-e818-446a-a092-df4de397fb1a", "name": "plane.bgtasks.email_notification_task.stack_email_notification", "args": "()", "kwargs": "{}", "eta": null}}
bgworker    | [2026-09-18 13:55:00,040: INFO/MainProcess] Task plane.bgtasks.email_notification_task.stack_email_notification[70c8734f-edf4-4887-bbad-ddd059da2c42] received
bgworker    | {"levelname": "INFO", "asctime": "2026-09-18 13:55:00,040", "module": "strategy", "name": "celery.worker.strategy", "message": "Task plane.bgtasks.email_notification_task.stack_email_notification[70c8734f-edf4-4887-bbad-ddd059da2c42] received", "data": {"id": "70c8734f-edf4-4887-bbad-ddd059da2c42", "name": "plane.bgtasks.email_notification_task.stack_email_notification", "args": "()", "kwargs": "{}", "eta": null}}
bgworker    | [2026-09-18 14:00:00,030: INFO/MainProcess] Task plane.bgtasks.email_notification_task.stack_email_notification[78705b32-f2a9-44f9-a515-44ab5f26bce8] received
bgworker    | {"levelname": "INFO", "asctime": "2026-09-18 14:00:00,030", "module": "strategy", "name": "celery.worker.strategy", "message": "Task plane.bgtasks.email_notification_task.stack_email_notification[78705b32-f2a9-44f9-a515-44ab5f26bce8] received", "data": {"id": "78705b32-f2a9-44f9-a515-44ab5f26bce8", "name": "plane.bgtasks.email_notification_task.stack_email_notification", "args": "()", "kwargs": "{}", "eta": null}}
bgworker    | [2026-09-18 14:03:37,220: INFO/MainProcess] Task plane.bgtasks.recent_visited_task.recent_visited_task[60886ee8-35e8-4706-9349-9d86b0bfb34e] received
bgworker    | {"levelname": "INFO", "asctime": "2026-09-18 14:03:37,220", "module": "strategy", "name": "celery.worker.strategy", "message": "Task plane.bgtasks.recent_visited_task.recent_visited_task[60886ee8-35e8-4706-9349-9d86b0bfb34e] received", "data": {"id": "60886ee8-35e8-4706-9349-9d86b0bfb34e", "name": "plane.bgtasks.recent_visited_task.recent_visited_task", "args": "()", "kwargs": "{'slug': 'brune4ai', 'project_id': UUID('8fd2a982-478c-479c-aeac-820e97299186'), 'entity_name': 'project', 'entity_identifier': UUID('8fd2a982-478c-479c-aeac-820e97299186'), 'user_id': UUID('57ff78ef-f40f-4d8d-bca3-7e302fe916ca')}", "eta": null}}
bgworker    | [2026-09-18 14:05:00,387: INFO/MainProcess] Task plane.bgtasks.email_notification_task.stack_email_notification[f89439c0-ba82-4b15-8259-c79659e27f2b] received
bgworker    | {"levelname": "INFO", "asctime": "2026-09-18 14:05:00,387", "module": "strategy", "name": "celery.worker.strategy", "message": "Task plane.bgtasks.email_notification_task.stack_email_notification[f89439c0-ba82-4b15-8259-c79659e27f2b] received", "data": {"id": "f89439c0-ba82-4b15-8259-c79659e27f2b", "name": "plane.bgtasks.email_notification_task.stack_email_notification", "args": "()", "kwargs": "{}", "eta": null}}
bgworker    | [2026-09-18 14:10:00,266: INFO/MainProcess] Task plane.bgtasks.email_notification_task.stack_email_notification[ee57a343-a24c-4212-ab61-2ff83a7d0385] received
bgworker    | {"levelname": "INFO", "asctime": "2026-09-18 14:10:00,266", "module": "strategy", "name": "celery.worker.strategy", "message": "Task plane.bgtasks.email_notification_task.stack_email_notification[ee57a343-a24c-4212-ab61-2ff83a7d0385] received", "data": {"id": "ee57a343-a24c-4212-ab61-2ff83a7d0385", "name": "plane.bgtasks.email_notification_task.stack_email_notification", "args": "()", "kwargs": "{}", "eta": null}}
bgworker    | [2026-09-18 14:15:00,050: INFO/MainProcess] Task plane.bgtasks.email_notification_task.stack_email_notification[ad7325b8-07ce-42ba-82a3-aabbebc460ad] received
bgworker    | {"levelname": "INFO", "asctime": "2026-09-18 14:15:00,050", "module": "strategy", "name": "celery.worker.strategy", "message": "Task plane.bgtasks.email_notification_task.stack_email_notification[ad7325b8-07ce-42ba-82a3-aabbebc460ad] received", "data": {"id": "ad7325b8-07ce-42ba-82a3-aabbebc460ad", "name": "plane.bgtasks.email_notification_task.stack_email_notification", "args": "()", "kwargs": "{}", "eta": null}}
bgworker    | [2026-09-18 14:20:00,029: INFO/MainProcess] Task plane.bgtasks.email_notification_task.stack_email_notification[1aec4ee5-3c6b-4f7a-8270-c240cb32a8d0] received
bgworker    | {"levelname": "INFO", "asctime": "2026-09-18 14:20:00,029", "module": "strategy", "name": "celery.worker.strategy", "message": "Task plane.bgtasks.email_notification_task.stack_email_notification[1aec4ee5-3c6b-4f7a-8270-c240cb32a8d0] received", "data": {"id": "1aec4ee5-3c6b-4f7a-8270-c240cb32a8d0", "name": "plane.bgtasks.email_notification_task.stack_email_notification", "args": "()", "kwargs": "{}", "eta": null}}
bgworker    | [2026-09-18 14:25:00,028: INFO/MainProcess] Task plane.bgtasks.email_notification_task.stack_email_notification[c8d202be-2282-4324-aa0c-0a398fe53793] received
bgworker    | {"levelname": "INFO", "asctime": "2026-09-18 14:25:00,028", "module": "strategy", "name": "celery.worker.strategy", "message": "Task plane.bgtasks.email_notification_task.stack_email_notification[c8d202be-2282-4324-aa0c-0a398fe53793] received", "data": {"id": "c8d202be-2282-4324-aa0c-0a398fe53793", "name": "plane.bgtasks.email_notification_task.stack_email_notification", "args": "()", "kwargs": "{}", "eta": null}}
bgworker    | [2026-09-18 14:30:00,035: INFO/MainProcess] Task plane.bgtasks.email_notification_task.stack_email_notification[a0b20872-e209-47a0-86dd-698abdc11e8e] received
bgworker    | {"levelname": "INFO", "asctime": "2026-09-18 14:30:00,035", "module": "strategy", "name": "celery.worker.strategy", "message": "Task plane.bgtasks.email_notification_task.stack_email_notification[a0b20872-e209-47a0-86dd-698abdc11e8e] received", "data": {"id": "a0b20872-e209-47a0-86dd-698abdc11e8e", "name": "plane.bgtasks.email_notification_task.stack_email_notification", "args": "()", "kwargs": "{}", "eta": null}}
bgworker    | [2026-09-18 14:35:00,034: INFO/MainProcess] Task plane.bgtasks.email_notification_task.stack_email_notification[c8e356a6-ca38-4f40-a385-6511426e900b] received
bgworker    | {"levelname": "INFO", "asctime": "2026-09-18 14:35:00,034", "module": "strategy", "name": "celery.worker.strategy", "message": "Task plane.bgtasks.email_notification_task.stack_email_notification[c8e356a6-ca38-4f40-a385-6511426e900b] received", "data": {"id": "c8e356a6-ca38-4f40-a385-6511426e900b", "name": "plane.bgtasks.email_notification_task.stack_email_notification", "args": "()", "kwargs": "{}", "eta": null}}
bgworker    | [2026-09-18 14:40:00,030: INFO/MainProcess] Task plane.bgtasks.email_notification_task.stack_email_notification[9681ec77-0cde-4003-8c4a-d0ae334b7609] received
bgworker    | {"levelname": "INFO", "asctime": "2026-09-18 14:40:00,030", "module": "strategy", "name": "celery.worker.strategy", "message": "Task plane.bgtasks.email_notification_task.stack_email_notification[9681ec77-0cde-4003-8c4a-d0ae334b7609] received", "data": {"id": "9681ec77-0cde-4003-8c4a-d0ae334b7609", "name": "plane.bgtasks.email_notification_task.stack_email_notification", "args": "()", "kwargs": "{}", "eta": null}}
bgworker    | [2026-09-18 14:45:00,349: INFO/MainProcess] Task plane.bgtasks.email_notification_task.stack_email_notification[202ea9aa-aaa0-48fb-9015-4568ef7a65a8] received
bgworker    | {"levelname": "INFO", "asctime": "2026-09-18 14:45:00,349", "module": "strategy", "name": "celery.worker.strategy", "message": "Task plane.bgtasks.email_notification_task.stack_email_notification[202ea9aa-aaa0-48fb-9015-4568ef7a65a8] received", "data": {"id": "202ea9aa-aaa0-48fb-9015-4568ef7a65a8", "name": "plane.bgtasks.email_notification_task.stack_email_notification", "args": "()", "kwargs": "{}", "eta": null}}
web         | 2026/09/18 13:58:48.407	[34mINFO[0m	http.log.access.log0	handled request	{"request": {"remote_ip": "127.0.0.1", "remote_port": "43710", "client_ip": "127.0.0.1", "proto": "HTTP/1.1", "method": "GET", "host": "127.0.0.1:3000", "uri": "/", "headers": {"User-Agent": ["curl/8.22.0"], "Accept": ["*/*"]}}, "bytes_read": 0, "user_id": "", "duration": 0.000510596, "size": 6087, "status": 200, "resp_headers": {"Etag": ["\"dlh52pe14jcw4p3\""], "Content-Type": ["text/html; charset=utf-8"], "Server": ["Caddy"], "X-Content-Type-Options": ["nosniff"], "X-Frame-Options": ["DENY"], "X-Xss-Protection": ["1; mode=block"], "Last-Modified": ["Wed, 16 Sep 2026 23:45:14 GMT"], "Accept-Ranges": ["bytes"], "Content-Length": ["6087"], "Vary": ["Accept-Encoding"]}}
admin       | 2026/09/18 13:58:41.462	[34mINFO[0m	http.log.access.log0	handled request	{"request": {"remote_ip": "127.0.0.1", "remote_port": "52026", "client_ip": "127.0.0.1", "proto": "HTTP/1.1", "method": "GET", "host": "127.0.0.1:3000", "uri": "/god-mode", "headers": {"User-Agent": ["curl/8.20.0"], "Accept": ["*/*"]}}, "bytes_read": 0, "user_id": "", "duration": 0.000888173, "size": 5589, "status": 200, "resp_headers": {"Server": ["Caddy"], "X-Frame-Options": ["DENY"], "X-Xss-Protection": ["1; mode=block"], "Vary": ["Accept-Encoding"], "Etag": ["\"dlbu270dl7284b9\""], "Accept-Ranges": ["bytes"], "Content-Length": ["5589"], "X-Content-Type-Options": ["nosniff"], "Content-Type": ["text/html; charset=utf-8"], "Last-Modified": ["Thu, 10 Sep 2026 18:04:02 GMT"]}}
admin       | 2026/09/18 13:59:11.537	[34mINFO[0m	http.log.access.log0	handled request	{"request": {"remote_ip": "127.0.0.1", "remote_port": "40752", "client_ip": "127.0.0.1", "proto": "HTTP/1.1", "method": "GET", "host": "127.0.0.1:3000", "uri": "/god-mode", "headers": {"User-Agent": ["curl/8.20.0"], "Accept": ["*/*"]}}, "bytes_read": 0, "user_id": "", "duration": 0.000613522, "size": 5589, "status": 200, "resp_headers": {"X-Frame-Options": ["DENY"], "Vary": ["Accept-Encoding"], "Etag": ["\"dlbu270dl7284b9\""], "Last-Modified": ["Thu, 10 Sep 2026 18:04:02 GMT"], "Accept-Ranges": ["bytes"], "Content-Type": ["text/html; charset=utf-8"], "Content-Length": ["5589"], "Server": ["Caddy"], "X-Xss-Protection": ["1; mode=block"], "X-Content-Type-Options": ["nosniff"]}}
admin       | 2026/09/18 13:59:41.611	[34mINFO[0m	http.log.access.log0	handled request	{"request": {"remote_ip": "127.0.0.1", "remote_port": "58782", "client_ip": "127.0.0.1", "proto": "HTTP/1.1", "method": "GET", "host": "127.0.0.1:3000", "uri": "/god-mode", "headers": {"User-Agent": ["curl/8.20.0"], "Accept": ["*/*"]}}, "bytes_read": 0, "user_id": "", "duration": 0.000625414, "size": 5589, "status": 200, "resp_headers": {"Content-Type": ["text/html; charset=utf-8"], "Content-Length": ["5589"], "X-Content-Type-Options": ["nosniff"], "X-Frame-Options": ["DENY"], "Vary": ["Accept-Encoding"], "Last-Modified": ["Thu, 10 Sep 2026 18:04:02 GMT"], "Accept-Ranges": ["bytes"], "Server": ["Caddy"], "X-Xss-Protection": ["1; mode=block"], "Etag": ["\"dlbu270dl7284b9\""]}}
admin       | 2026/09/18 14:00:11.736	[34mINFO[0m	http.log.access.log0	handled request	{"request": {"remote_ip": "127.0.0.1", "remote_port": "35774", "client_ip": "127.0.0.1", "proto": "HTTP/1.1", "method": "GET", "host": "127.0.0.1:3000", "uri": "/god-mode", "headers": {"User-Agent": ["curl/8.20.0"], "Accept": ["*/*"]}}, "bytes_read": 0, "user_id": "", "duration": 0.004203646, "size": 5589, "status": 200, "resp_headers": {"Etag": ["\"dlbu270dl7284b9\""], "Last-Modified": ["Thu, 10 Sep 2026 18:04:02 GMT"], "Accept-Ranges": ["bytes"], "Vary": ["Accept-Encoding"], "Content-Type": ["text/html; charset=utf-8"], "Content-Length": ["5589"], "Server": ["Caddy"], "X-Content-Type-Options": ["nosniff"], "X-Frame-Options": ["DENY"], "X-Xss-Protection": ["1; mode=block"]}}
admin       | 2026/09/18 14:00:41.845	[34mINFO[0m	http.log.access.log0	handled request	{"request": {"remote_ip": "127.0.0.1", "remote_port": "59182", "client_ip": "127.0.0.1", "proto": "HTTP/1.1", "method": "GET", "host": "127.0.0.1:3000", "uri": "/god-mode", "headers": {"User-Agent": ["curl/8.20.0"], "Accept": ["*/*"]}}, "bytes_read": 0, "user_id": "", "duration": 0.000875194, "size": 5589, "status": 200, "resp_headers": {"Accept-Ranges": ["bytes"], "X-Frame-Options": ["DENY"], "X-Xss-Protection": ["1; mode=block"], "Etag": ["\"dlbu270dl7284b9\""], "Content-Type": ["text/html; charset=utf-8"], "Last-Modified": ["Thu, 10 Sep 2026 18:04:02 GMT"], "Content-Length": ["5589"], "Server": ["Caddy"], "X-Content-Type-Options": ["nosniff"], "Vary": ["Accept-Encoding"]}}
admin       | 2026/09/18 14:01:11.932	[34mINFO[0m	http.log.access.log0	handled request	{"request": {"remote_ip": "127.0.0.1", "remote_port": "56766", "client_ip": "127.0.0.1", "proto": "HTTP/1.1", "method": "GET", "host": "127.0.0.1:3000", "uri": "/god-mode", "headers": {"User-Agent": ["curl/8.20.0"], "Accept": ["*/*"]}}, "bytes_read": 0, "user_id": "", "duration": 0.000748976, "size": 5589, "status": 200, "resp_headers": {"X-Frame-Options": ["DENY"], "X-Xss-Protection": ["1; mode=block"], "Vary": ["Accept-Encoding"], "Content-Type": ["text/html; charset=utf-8"], "Accept-Ranges": ["bytes"], "Content-Length": ["5589"], "Server": ["Caddy"], "X-Content-Type-Options": ["nosniff"], "Etag": ["\"dlbu270dl7284b9\""], "Last-Modified": ["Thu, 10 Sep 2026 18:04:02 GMT"]}}
admin       | 2026/09/18 14:01:42.023	[34mINFO[0m	http.log.access.log0	handled request	{"request": {"remote_ip": "127.0.0.1", "remote_port": "47406", "client_ip": "127.0.0.1", "proto": "HTTP/1.1", "method": "GET", "host": "127.0.0.1:3000", "uri": "/god-mode", "headers": {"User-Agent": ["curl/8.20.0"], "Accept": ["*/*"]}}, "bytes_read": 0, "user_id": "", "duration": 0.00060625, "size": 5589, "status": 200, "resp_headers": {"Accept-Ranges": ["bytes"], "Content-Type": ["text/html; charset=utf-8"], "Content-Length": ["5589"], "Server": ["Caddy"], "X-Content-Type-Options": ["nosniff"], "X-Frame-Options": ["DENY"], "X-Xss-Protection": ["1; mode=block"], "Vary": ["Accept-Encoding"], "Etag": ["\"dlbu270dl7284b9\""], "Last-Modified": ["Thu, 10 Sep 2026 18:04:02 GMT"]}}
admin       | 2026/09/18 14:02:12.126	[34mINFO[0m	http.log.access.log0	handled request	{"request": {"remote_ip": "127.0.0.1", "remote_port": "53820", "client_ip": "127.0.0.1", "proto": "HTTP/1.1", "method": "GET", "host": "127.0.0.1:3000", "uri": "/god-mode", "headers": {"User-Agent": ["curl/8.20.0"], "Accept": ["*/*"]}}, "bytes_read": 0, "user_id": "", "duration": 0.000633087, "size": 5589, "status": 200, "resp_headers": {"Content-Length": ["5589"], "Server": ["Caddy"], "X-Content-Type-Options": ["nosniff"], "X-Xss-Protection": ["1; mode=block"], "Vary": ["Accept-Encoding"], "Content-Type": ["text/html; charset=utf-8"], "Accept-Ranges": ["bytes"], "X-Frame-Options": ["DENY"], "Etag": ["\"dlbu270dl7284b9\""], "Last-Modified": ["Thu, 10 Sep 2026 18:04:02 GMT"]}}
admin       | 2026/09/18 14:02:42.327	[34mINFO[0m	http.log.access.log0	handled request	{"request": {"remote_ip": "127.0.0.1", "remote_port": "35362", "client_ip": "127.0.0.1", "proto": "HTTP/1.1", "method": "GET", "host": "127.0.0.1:3000", "uri": "/god-mode", "headers": {"User-Agent": ["curl/8.20.0"], "Accept": ["*/*"]}}, "bytes_read": 0, "user_id": "", "duration": 0.001045446, "size": 5589, "status": 200, "resp_headers": {"Accept-Ranges": ["bytes"], "X-Xss-Protection": ["1; mode=block"], "X-Content-Type-Options": ["nosniff"], "Etag": ["\"dlbu270dl7284b9\""], "Content-Type": ["text/html; charset=utf-8"], "Last-Modified": ["Thu, 10 Sep 2026 18:04:02 GMT"], "Content-Length": ["5589"], "Server": ["Caddy"], "X-Frame-Options": ["DENY"], "Vary": ["Accept-Encoding"]}}
admin       | 2026/09/18 14:03:12.546	[34mINFO[0m	http.log.access.log0	handled request	{"request": {"remote_ip": "127.0.0.1", "remote_port": "41376", "client_ip": "127.0.0.1", "proto": "HTTP/1.1", "method": "GET", "host": "127.0.0.1:3000", "uri": "/god-mode", "headers": {"User-Agent": ["curl/8.20.0"], "Accept": ["*/*"]}}, "bytes_read": 0, "user_id": "", "duration": 0.001836838, "size": 5589, "status": 200, "resp_headers": {"Accept-Ranges": ["bytes"], "Server": ["Caddy"], "X-Frame-Options": ["DENY"], "X-Xss-Protection": ["1; mode=block"], "Etag": ["\"dlbu270dl7284b9\""], "Last-Modified": ["Thu, 10 Sep 2026 18:04:02 GMT"], "Content-Length": ["5589"], "X-Content-Type-Options": ["nosniff"], "Vary": ["Accept-Encoding"], "Content-Type": ["text/html; charset=utf-8"]}}
admin       | 2026/09/18 14:03:42.983	[34mINFO[0m	http.log.access.log0	handled request	{"request": {"remote_ip": "127.0.0.1", "remote_port": "39546", "client_ip": "127.0.0.1", "proto": "HTTP/1.1", "method": "GET", "host": "127.0.0.1:3000", "uri": "/god-mode", "headers": {"User-Agent": ["curl/8.20.0"], "Accept": ["*/*"]}}, "bytes_read": 0, "user_id": "", "duration": 0.00926487, "size": 5589, "status": 200, "resp_headers": {"X-Content-Type-Options": ["nosniff"], "X-Xss-Protection": ["1; mode=block"], "Content-Length": ["5589"], "X-Frame-Options": ["DENY"], "Vary": ["Accept-Encoding"], "Etag": ["\"dlbu270dl7284b9\""], "Content-Type": ["text/html; charset=utf-8"], "Last-Modified": ["Thu, 10 Sep 2026 18:04:02 GMT"], "Accept-Ranges": ["bytes"], "Server": ["Caddy"]}}
admin       | 2026/09/18 14:04:13.451	[34mINFO[0m	http.log.access.log0	handled request	{"request": {"remote_ip": "127.0.0.1", "remote_port": "59048", "client_ip": "127.0.0.1", "proto": "HTTP/1.1", "method": "GET", "host": "127.0.0.1:3000", "uri": "/god-mode", "headers": {"User-Agent": ["curl/8.20.0"], "Accept": ["*/*"]}}, "bytes_read": 0, "user_id": "", "duration": 0.008265442, "size": 5589, "status": 200, "resp_headers": {"Server": ["Caddy"], "X-Content-Type-Options": ["nosniff"], "X-Xss-Protection": ["1; mode=block"], "Vary": ["Accept-Encoding"], "Accept-Ranges": ["bytes"], "X-Frame-Options": ["DENY"], "Etag": ["\"dlbu270dl7284b9\""], "Content-Type": ["text/html; charset=utf-8"], "Last-Modified": ["Thu, 10 Sep 2026 18:04:02 GMT"], "Content-Length": ["5589"]}}
web         | 2026/09/18 13:59:18.500	[34mINFO[0m	http.log.access.log0	handled request	{"request": {"remote_ip": "127.0.0.1", "remote_port": "36110", "client_ip": "127.0.0.1", "proto": "HTTP/1.1", "method": "GET", "host": "127.0.0.1:3000", "uri": "/", "headers": {"Accept": ["*/*"], "User-Agent": ["curl/8.22.0"]}}, "bytes_read": 0, "user_id": "", "duration": 0.000644319, "size": 6087, "status": 200, "resp_headers": {"Server": ["Caddy"], "X-Content-Type-Options": ["nosniff"], "X-Frame-Options": ["DENY"], "X-Xss-Protection": ["1; mode=block"], "Etag": ["\"dlh52pe14jcw4p3\""], "Last-Modified": ["Wed, 16 Sep 2026 23:45:14 GMT"], "Vary": ["Accept-Encoding"], "Content-Type": ["text/html; charset=utf-8"], "Accept-Ranges": ["bytes"], "Content-Length": ["6087"]}}
web         | 2026/09/18 13:59:48.581	[34mINFO[0m	http.log.access.log0	handled request	{"request": {"remote_ip": "127.0.0.1", "remote_port": "56118", "client_ip": "127.0.0.1", "proto": "HTTP/1.1", "method": "GET", "host": "127.0.0.1:3000", "uri": "/", "headers": {"User-Agent": ["curl/8.22.0"], "Accept": ["*/*"]}}, "bytes_read": 0, "user_id": "", "duration": 0.001615225, "size": 6087, "status": 200, "resp_headers": {"Server": ["Caddy"], "X-Frame-Options": ["DENY"], "Vary": ["Accept-Encoding"], "Etag": ["\"dlh52pe14jcw4p3\""], "Last-Modified": ["Wed, 16 Sep 2026 23:45:14 GMT"], "Content-Length": ["6087"], "X-Content-Type-Options": ["nosniff"], "X-Xss-Protection": ["1; mode=block"], "Content-Type": ["text/html; charset=utf-8"], "Accept-Ranges": ["bytes"]}}
web         | 2026/09/18 14:00:18.666	[34mINFO[0m	http.log.access.log0	handled request	{"request": {"remote_ip": "127.0.0.1", "remote_port": "32892", "client_ip": "127.0.0.1", "proto": "HTTP/1.1", "method": "GET", "host": "127.0.0.1:3000", "uri": "/", "headers": {"User-Agent": ["curl/8.22.0"], "Accept": ["*/*"]}}, "bytes_read": 0, "user_id": "", "duration": 0.000493303, "size": 6087, "status": 200, "resp_headers": {"X-Xss-Protection": ["1; mode=block"], "X-Frame-Options": ["DENY"], "Vary": ["Accept-Encoding"], "Etag": ["\"dlh52pe14jcw4p3\""], "Accept-Ranges": ["bytes"], "X-Content-Type-Options": ["nosniff"], "Content-Type": ["text/html; charset=utf-8"], "Last-Modified": ["Wed, 16 Sep 2026 23:45:14 GMT"], "Content-Length": ["6087"], "Server": ["Caddy"]}}
web         | 2026/09/18 14:00:48.771	[34mINFO[0m	http.log.access.log0	handled request	{"request": {"remote_ip": "127.0.0.1", "remote_port": "45316", "client_ip": "127.0.0.1", "proto": "HTTP/1.1", "method": "GET", "host": "127.0.0.1:3000", "uri": "/", "headers": {"User-Agent": ["curl/8.22.0"], "Accept": ["*/*"]}}, "bytes_read": 0, "user_id": "", "duration": 0.000687046, "size": 6087, "status": 200, "resp_headers": {"X-Frame-Options": ["DENY"], "X-Xss-Protection": ["1; mode=block"], "Etag": ["\"dlh52pe14jcw4p3\""], "Content-Type": ["text/html; charset=utf-8"], "Content-Length": ["6087"], "Server": ["Caddy"], "X-Content-Type-Options": ["nosniff"], "Vary": ["Accept-Encoding"], "Last-Modified": ["Wed, 16 Sep 2026 23:45:14 GMT"], "Accept-Ranges": ["bytes"]}}
web         | 2026/09/18 14:01:18.885	[34mINFO[0m	http.log.access.log0	handled request	{"request": {"remote_ip": "127.0.0.1", "remote_port": "38648", "client_ip": "127.0.0.1", "proto": "HTTP/1.1", "method": "GET", "host": "127.0.0.1:3000", "uri": "/", "headers": {"User-Agent": ["curl/8.22.0"], "Accept": ["*/*"]}}, "bytes_read": 0, "user_id": "", "duration": 0.000641973, "size": 6087, "status": 200, "resp_headers": {"X-Xss-Protection": ["1; mode=block"], "X-Content-Type-Options": ["nosniff"], "X-Frame-Options": ["DENY"], "Vary": ["Accept-Encoding"], "Etag": ["\"dlh52pe14jcw4p3\""], "Content-Type": ["text/html; charset=utf-8"], "Last-Modified": ["Wed, 16 Sep 2026 23:45:14 GMT"], "Accept-Ranges": ["bytes"], "Content-Length": ["6087"], "Server": ["Caddy"]}}
web         | 2026/09/18 14:01:48.968	[34mINFO[0m	http.log.access.log0	handled request	{"request": {"remote_ip": "127.0.0.1", "remote_port": "34258", "client_ip": "127.0.0.1", "proto": "HTTP/1.1", "method": "GET", "host": "127.0.0.1:3000", "uri": "/", "headers": {"Accept": ["*/*"], "User-Agent": ["curl/8.22.0"]}}, "bytes_read": 0, "user_id": "", "duration": 0.000549981, "size": 6087, "status": 200, "resp_headers": {"Server": ["Caddy"], "X-Frame-Options": ["DENY"], "Last-Modified": ["Wed, 16 Sep 2026 23:45:14 GMT"], "Content-Length": ["6087"], "X-Content-Type-Options": ["nosniff"], "X-Xss-Protection": ["1; mode=block"], "Vary": ["Accept-Encoding"], "Etag": ["\"dlh52pe14jcw4p3\""], "Content-Type": ["text/html; charset=utf-8"], "Accept-Ranges": ["bytes"]}}
web         | 2026/09/18 14:02:19.055	[34mINFO[0m	http.log.access.log0	handled request	{"request": {"remote_ip": "127.0.0.1", "remote_port": "38716", "client_ip": "127.0.0.1", "proto": "HTTP/1.1", "method": "GET", "host": "127.0.0.1:3000", "uri": "/", "headers": {"User-Agent": ["curl/8.22.0"], "Accept": ["*/*"]}}, "bytes_read": 0, "user_id": "", "duration": 0.000497166, "size": 6087, "status": 200, "resp_headers": {"Etag": ["\"dlh52pe14jcw4p3\""], "Content-Type": ["text/html; charset=utf-8"], "Last-Modified": ["Wed, 16 Sep 2026 23:45:14 GMT"], "Accept-Ranges": ["bytes"], "Content-Length": ["6087"], "Server": ["Caddy"], "X-Content-Type-Options": ["nosniff"], "X-Frame-Options": ["DENY"], "X-Xss-Protection": ["1; mode=block"], "Vary": ["Accept-Encoding"]}}
web         | 2026/09/18 14:02:49.648	[34mINFO[0m	http.log.access.log0	handled request	{"request": {"remote_ip": "127.0.0.1", "remote_port": "35238", "client_ip": "127.0.0.1", "proto": "HTTP/1.1", "method": "GET", "host": "127.0.0.1:3000", "uri": "/", "headers": {"User-Agent": ["curl/8.22.0"], "Accept": ["*/*"]}}, "bytes_read": 0, "user_id": "", "duration": 0.000433081, "size": 6087, "status": 200, "resp_headers": {"Server": ["Caddy"], "X-Content-Type-Options": ["nosniff"], "X-Frame-Options": ["DENY"], "X-Xss-Protection": ["1; mode=block"], "Vary": ["Accept-Encoding"], "Etag": ["\"dlh52pe14jcw4p3\""], "Content-Type": ["text/html; charset=utf-8"], "Last-Modified": ["Wed, 16 Sep 2026 23:45:14 GMT"], "Accept-Ranges": ["bytes"], "Content-Length": ["6087"]}}
web         | 2026/09/18 14:03:19.883	[34mINFO[0m	http.log.access.log0	handled request	{"request": {"remote_ip": "127.0.0.1", "remote_port": "55818", "client_ip": "127.0.0.1", "proto": "HTTP/1.1", "method": "GET", "host": "127.0.0.1:3000", "uri": "/", "headers": {"Accept": ["*/*"], "User-Agent": ["curl/8.22.0"]}}, "bytes_read": 0, "user_id": "", "duration": 0.000679966, "size": 6087, "status": 200, "resp_headers": {"Content-Length": ["6087"], "X-Content-Type-Options": ["nosniff"], "X-Frame-Options": ["DENY"], "X-Xss-Protection": ["1; mode=block"], "Vary": ["Accept-Encoding"], "Etag": ["\"dlh52pe14jcw4p3\""], "Content-Type": ["text/html; charset=utf-8"], "Accept-Ranges": ["bytes"], "Server": ["Caddy"], "Last-Modified": ["Wed, 16 Sep 2026 23:45:14 GMT"]}}
web         | 2026/09/18 14:03:50.285	[34mINFO[0m	http.log.access.log0	handled request	{"request": {"remote_ip": "127.0.0.1", "remote_port": "53702", "client_ip": "127.0.0.1", "proto": "HTTP/1.1", "method": "GET", "host": "127.0.0.1:3000", "uri": "/", "headers": {"User-Agent": ["curl/8.22.0"], "Accept": ["*/*"]}}, "bytes_read": 0, "user_id": "", "duration": 0.008012397, "size": 6087, "status": 200, "resp_headers": {"X-Frame-Options": ["DENY"], "X-Xss-Protection": ["1; mode=block"], "Vary": ["Accept-Encoding"], "Etag": ["\"dlh52pe14jcw4p3\""], "Content-Type": ["text/html; charset=utf-8"], "Last-Modified": ["Wed, 16 Sep 2026 23:45:14 GMT"], "Content-Length": ["6087"], "X-Content-Type-Options": ["nosniff"], "Accept-Ranges": ["bytes"], "Server": ["Caddy"]}}
admin       | 2026/09/18 14:04:43.948	[34mINFO[0m	http.log.access.log0	handled request	{"request": {"remote_ip": "127.0.0.1", "remote_port": "47706", "client_ip": "127.0.0.1", "proto": "HTTP/1.1", "method": "GET", "host": "127.0.0.1:3000", "uri": "/god-mode", "headers": {"User-Agent": ["curl/8.20.0"], "Accept": ["*/*"]}}, "bytes_read": 0, "user_id": "", "duration": 0.008428214, "size": 5589, "status": 200, "resp_headers": {"Content-Length": ["5589"], "X-Content-Type-Options": ["nosniff"], "X-Frame-Options": ["DENY"], "X-Xss-Protection": ["1; mode=block"], "Vary": ["Accept-Encoding"], "Content-Type": ["text/html; charset=utf-8"], "Server": ["Caddy"], "Etag": ["\"dlbu270dl7284b9\""], "Last-Modified": ["Thu, 10 Sep 2026 18:04:02 GMT"], "Accept-Ranges": ["bytes"]}}
admin       | 2026/09/18 14:05:14.324	[34mINFO[0m	http.log.access.log0	handled request	{"request": {"remote_ip": "127.0.0.1", "remote_port": "50306", "client_ip": "127.0.0.1", "proto": "HTTP/1.1", "method": "GET", "host": "127.0.0.1:3000", "uri": "/god-mode", "headers": {"User-Agent": ["curl/8.20.0"], "Accept": ["*/*"]}}, "bytes_read": 0, "user_id": "", "duration": 0.000913152, "size": 5589, "status": 200, "resp_headers": {"X-Content-Type-Options": ["nosniff"], "Content-Type": ["text/html; charset=utf-8"], "Server": ["Caddy"], "X-Frame-Options": ["DENY"], "X-Xss-Protection": ["1; mode=block"], "Vary": ["Accept-Encoding"], "Etag": ["\"dlbu270dl7284b9\""], "Last-Modified": ["Thu, 10 Sep 2026 18:04:02 GMT"], "Accept-Ranges": ["bytes"], "Content-Length": ["5589"]}}
admin       | 2026/09/18 14:05:44.717	[34mINFO[0m	http.log.access.log0	handled request	{"request": {"remote_ip": "127.0.0.1", "remote_port": "45544", "client_ip": "127.0.0.1", "proto": "HTTP/1.1", "method": "GET", "host": "127.0.0.1:3000", "uri": "/god-mode", "headers": {"User-Agent": ["curl/8.20.0"], "Accept": ["*/*"]}}, "bytes_read": 0, "user_id": "", "duration": 0.006348116, "size": 5589, "status": 200, "resp_headers": {"Server": ["Caddy"], "X-Content-Type-Options": ["nosniff"], "X-Xss-Protection": ["1; mode=block"], "Etag": ["\"dlbu270dl7284b9\""], "Last-Modified": ["Thu, 10 Sep 2026 18:04:02 GMT"], "Content-Length": ["5589"], "X-Frame-Options": ["DENY"], "Vary": ["Accept-Encoding"], "Content-Type": ["text/html; charset=utf-8"], "Accept-Ranges": ["bytes"]}}
admin       | 2026/09/18 14:06:15.067	[34mINFO[0m	http.log.access.log0	handled request	{"request": {"remote_ip": "127.0.0.1", "remote_port": "38874", "client_ip": "127.0.0.1", "proto": "HTTP/1.1", "method": "GET", "host": "127.0.0.1:3000", "uri": "/god-mode", "headers": {"User-Agent": ["curl/8.20.0"], "Accept": ["*/*"]}}, "bytes_read": 0, "user_id": "", "duration": 0.059255634, "size": 5589, "status": 200, "resp_headers": {"X-Content-Type-Options": ["nosniff"], "X-Frame-Options": ["DENY"], "X-Xss-Protection": ["1; mode=block"], "Vary": ["Accept-Encoding"], "Etag": ["\"dlbu270dl7284b9\""], "Content-Length": ["5589"], "Content-Type": ["text/html; charset=utf-8"], "Last-Modified": ["Thu, 10 Sep 2026 18:04:02 GMT"], "Accept-Ranges": ["bytes"], "Server": ["Caddy"]}}
admin       | 2026/09/18 14:06:45.319	[34mINFO[0m	http.log.access.log0	handled request	{"request": {"remote_ip": "127.0.0.1", "remote_port": "32848", "client_ip": "127.0.0.1", "proto": "HTTP/1.1", "method": "GET", "host": "127.0.0.1:3000", "uri": "/god-mode", "headers": {"User-Agent": ["curl/8.20.0"], "Accept": ["*/*"]}}, "bytes_read": 0, "user_id": "", "duration": 0.001057897, "size": 5589, "status": 200, "resp_headers": {"Server": ["Caddy"], "X-Frame-Options": ["DENY"], "Etag": ["\"dlbu270dl7284b9\""], "Content-Type": ["text/html; charset=utf-8"], "Last-Modified": ["Thu, 10 Sep 2026 18:04:02 GMT"], "Content-Length": ["5589"], "X-Content-Type-Options": ["nosniff"], "X-Xss-Protection": ["1; mode=block"], "Vary": ["Accept-Encoding"], "Accept-Ranges": ["bytes"]}}
admin       | 2026/09/18 14:07:15.787	[34mINFO[0m	http.log.access.log0	handled request	{"request": {"remote_ip": "127.0.0.1", "remote_port": "59616", "client_ip": "127.0.0.1", "proto": "HTTP/1.1", "method": "GET", "host": "127.0.0.1:3000", "uri": "/god-mode", "headers": {"User-Agent": ["curl/8.20.0"], "Accept": ["*/*"]}}, "bytes_read": 0, "user_id": "", "duration": 0.00588216, "size": 5589, "status": 200, "resp_headers": {"Accept-Ranges": ["bytes"], "Content-Length": ["5589"], "X-Frame-Options": ["DENY"], "Vary": ["Accept-Encoding"], "Etag": ["\"dlbu270dl7284b9\""], "Last-Modified": ["Thu, 10 Sep 2026 18:04:02 GMT"], "Server": ["Caddy"], "X-Xss-Protection": ["1; mode=block"], "X-Content-Type-Options": ["nosniff"], "Content-Type": ["text/html; charset=utf-8"]}}
admin       | 2026/09/18 14:07:46.176	[34mINFO[0m	http.log.access.log0	handled request	{"request": {"remote_ip": "127.0.0.1", "remote_port": "38626", "client_ip": "127.0.0.1", "proto": "HTTP/1.1", "method": "GET", "host": "127.0.0.1:3000", "uri": "/god-mode", "headers": {"User-Agent": ["curl/8.20.0"], "Accept": ["*/*"]}}, "bytes_read": 0, "user_id": "", "duration": 0.008294942, "size": 5589, "status": 200, "resp_headers": {"X-Frame-Options": ["DENY"], "Vary": ["Accept-Encoding"], "Etag": ["\"dlbu270dl7284b9\""], "Accept-Ranges": ["bytes"], "Content-Length": ["5589"], "Server": ["Caddy"], "X-Xss-Protection": ["1; mode=block"], "X-Content-Type-Options": ["nosniff"], "Content-Type": ["text/html; charset=utf-8"], "Last-Modified": ["Thu, 10 Sep 2026 18:04:02 GMT"]}}
admin       | 2026/09/18 14:08:16.476	[34mINFO[0m	http.log.access.log0	handled request	{"request": {"remote_ip": "127.0.0.1", "remote_port": "46454", "client_ip": "127.0.0.1", "proto": "HTTP/1.1", "method": "GET", "host": "127.0.0.1:3000", "uri": "/god-mode", "headers": {"User-Agent": ["curl/8.20.0"], "Accept": ["*/*"]}}, "bytes_read": 0, "user_id": "", "duration": 0.003381269, "size": 5589, "status": 200, "resp_headers": {"X-Content-Type-Options": ["nosniff"], "Vary": ["Accept-Encoding"], "Etag": ["\"dlbu270dl7284b9\""], "Content-Type": ["text/html; charset=utf-8"], "Server": ["Caddy"], "X-Frame-Options": ["DENY"], "X-Xss-Protection": ["1; mode=block"], "Last-Modified": ["Thu, 10 Sep 2026 18:04:02 GMT"], "Accept-Ranges": ["bytes"], "Content-Length": ["5589"]}}
admin       | 2026/09/18 14:08:46.757	[34mINFO[0m	http.log.access.log0	handled request	{"request": {"remote_ip": "127.0.0.1", "remote_port": "48006", "client_ip": "127.0.0.1", "proto": "HTTP/1.1", "method": "GET", "host": "127.0.0.1:3000", "uri": "/god-mode", "headers": {"User-Agent": ["curl/8.20.0"], "Accept": ["*/*"]}}, "bytes_read": 0, "user_id": "", "duration": 0.001594422, "size": 5589, "status": 200, "resp_headers": {"Accept-Ranges": ["bytes"], "Content-Length": ["5589"], "X-Content-Type-Options": ["nosniff"], "Last-Modified": ["Thu, 10 Sep 2026 18:04:02 GMT"], "Server": ["Caddy"], "X-Frame-Options": ["DENY"], "X-Xss-Protection": ["1; mode=block"], "Vary": ["Accept-Encoding"], "Etag": ["\"dlbu270dl7284b9\""], "Content-Type": ["text/html; charset=utf-8"]}}
admin       | 2026/09/18 14:09:17.099	[34mINFO[0m	http.log.access.log0	handled request	{"request": {"remote_ip": "127.0.0.1", "remote_port": "46072", "client_ip": "127.0.0.1", "proto": "HTTP/1.1", "method": "GET", "host": "127.0.0.1:3000", "uri": "/god-mode", "headers": {"User-Agent": ["curl/8.20.0"], "Accept": ["*/*"]}}, "bytes_read": 0, "user_id": "", "duration": 0.001462251, "size": 5589, "status": 200, "resp_headers": {"Accept-Ranges": ["bytes"], "Server": ["Caddy"], "X-Content-Type-Options": ["nosniff"], "X-Frame-Options": ["DENY"], "X-Xss-Protection": ["1; mode=block"], "Vary": ["Accept-Encoding"], "Etag": ["\"dlbu270dl7284b9\""], "Content-Length": ["5589"], "Content-Type": ["text/html; charset=utf-8"], "Last-Modified": ["Thu, 10 Sep 2026 18:04:02 GMT"]}}
admin       | 2026/09/18 14:09:47.432	[34mINFO[0m	http.log.access.log0	handled request	{"request": {"remote_ip": "127.0.0.1", "remote_port": "53516", "client_ip": "127.0.0.1", "proto": "HTTP/1.1", "method": "GET", "host": "127.0.0.1:3000", "uri": "/god-mode", "headers": {"User-Agent": ["curl/8.20.0"], "Accept": ["*/*"]}}, "bytes_read": 0, "user_id": "", "duration": 0.000646988, "size": 5589, "status": 200, "resp_headers": {"X-Frame-Options": ["DENY"], "Vary": ["Accept-Encoding"], "Content-Type": ["text/html; charset=utf-8"], "Server": ["Caddy"], "X-Content-Type-Options": ["nosniff"], "X-Xss-Protection": ["1; mode=block"], "Etag": ["\"dlbu270dl7284b9\""], "Last-Modified": ["Thu, 10 Sep 2026 18:04:02 GMT"], "Accept-Ranges": ["bytes"], "Content-Length": ["5589"]}}
admin       | 2026/09/18 14:10:17.754	[34mINFO[0m	http.log.access.log0	handled request	{"request": {"remote_ip": "127.0.0.1", "remote_port": "59564", "client_ip": "127.0.0.1", "proto": "HTTP/1.1", "method": "GET", "host": "127.0.0.1:3000", "uri": "/god-mode", "headers": {"User-Agent": ["curl/8.20.0"], "Accept": ["*/*"]}}, "bytes_read": 0, "user_id": "", "duration": 0.000621991, "size": 5589, "status": 200, "resp_headers": {"Server": ["Caddy"], "X-Content-Type-Options": ["nosniff"], "X-Frame-Options": ["DENY"], "Etag": ["\"dlbu270dl7284b9\""], "Last-Modified": ["Thu, 10 Sep 2026 18:04:02 GMT"], "Accept-Ranges": ["bytes"], "Content-Length": ["5589"], "X-Xss-Protection": ["1; mode=block"], "Vary": ["Accept-Encoding"], "Content-Type": ["text/html; charset=utf-8"]}}
admin       | 2026/09/18 14:10:48.130	[34mINFO[0m	http.log.access.log0	handled request	{"request": {"remote_ip": "127.0.0.1", "remote_port": "40548", "client_ip": "127.0.0.1", "proto": "HTTP/1.1", "method": "GET", "host": "127.0.0.1:3000", "uri": "/god-mode", "headers": {"User-Agent": ["curl/8.20.0"], "Accept": ["*/*"]}}, "bytes_read": 0, "user_id": "", "duration": 0.000586661, "size": 5589, "status": 200, "resp_headers": {"Server": ["Caddy"], "X-Content-Type-Options": ["nosniff"], "Vary": ["Accept-Encoding"], "Content-Type": ["text/html; charset=utf-8"], "Last-Modified": ["Thu, 10 Sep 2026 18:04:02 GMT"], "Accept-Ranges": ["bytes"], "Content-Length": ["5589"], "X-Xss-Protection": ["1; mode=block"], "X-Frame-Options": ["DENY"], "Etag": ["\"dlbu270dl7284b9\""]}}
admin       | 2026/09/18 14:11:18.522	[34mINFO[0m	http.log.access.log0	handled request	{"request": {"remote_ip": "127.0.0.1", "remote_port": "42160", "client_ip": "127.0.0.1", "proto": "HTTP/1.1", "method": "GET", "host": "127.0.0.1:3000", "uri": "/god-mode", "headers": {"User-Agent": ["curl/8.20.0"], "Accept": ["*/*"]}}, "bytes_read": 0, "user_id": "", "duration": 0.003357838, "size": 5589, "status": 200, "resp_headers": {"X-Content-Type-Options": ["nosniff"], "X-Frame-Options": ["DENY"], "X-Xss-Protection": ["1; mode=block"], "Vary": ["Accept-Encoding"], "Content-Type": ["text/html; charset=utf-8"], "Accept-Ranges": ["bytes"], "Content-Length": ["5589"], "Server": ["Caddy"], "Etag": ["\"dlbu270dl7284b9\""], "Last-Modified": ["Thu, 10 Sep 2026 18:04:02 GMT"]}}
admin       | 2026/09/18 14:11:48.834	[34mINFO[0m	http.log.access.log0	handled request	{"request": {"remote_ip": "127.0.0.1", "remote_port": "52032", "client_ip": "127.0.0.1", "proto": "HTTP/1.1", "method": "GET", "host": "127.0.0.1:3000", "uri": "/god-mode", "headers": {"User-Agent": ["curl/8.20.0"], "Accept": ["*/*"]}}, "bytes_read": 0, "user_id": "", "duration": 0.001386352, "size": 5589, "status": 200, "resp_headers": {"X-Xss-Protection": ["1; mode=block"], "Etag": ["\"dlbu270dl7284b9\""], "Content-Type": ["text/html; charset=utf-8"], "Accept-Ranges": ["bytes"], "X-Frame-Options": ["DENY"], "X-Content-Type-Options": ["nosniff"], "Vary": ["Accept-Encoding"], "Last-Modified": ["Thu, 10 Sep 2026 18:04:02 GMT"], "Content-Length": ["5589"], "Server": ["Caddy"]}}
copilot     | Scope: all 3 workspace projects
copilot     | ✓ Lockfile passes supply-chain policies (verified 5m ago)
copilot     | Lockfile is up to date, resolution step is skipped
copilot     | Already up to date
copilot     | 
copilot     |    ╭──────────────────────────────────────────────╮
copilot     |    │                                              │
copilot     |    │     Update available! 11.10.0 → 12.4.2.      │
copilot     |    │     Changelog: https://pnpm.io/v/12.4.2      │
copilot     |    │   To update, run: corepack use pnpm@12.4.2   │
copilot     |    │                                              │
copilot     |    ╰──────────────────────────────────────────────╯
copilot     | 
copilot     | 
copilot     | . prepare$ husky
copilot     | . prepare: .git can't be found
copilot     | . prepare: Done
copilot     | Done in 3.4s using pnpm v11.10.0
copilot     | $ tsx src/main.ts
copilot     | [CopilotKit Runtime] anonymous telemetry enabled — see https://docs.copilotkit.ai/telemetry to opt out (set COPILOTKIT_TELEMETRY_DISABLED=true).
copilot     | Copilot runtime listening on 8200
copilot     | {
copilot     |   status: 404,
copilot     |   body: '{"error":{"code":"THREAD_NOT_FOUND","message":"Thread not found.","category":"not_found","retryable":false},"requestId":"c0526730-09d2-43e8-a1f4-e6a0749c3f49","traceId":"fb6e6982b0acc2b61a9152a28f47244a"}',
copilot     |   path: '/api/threads/c82ee69f-56f3-41f9-bae5-403bc5c83f3f?userId=57ff78ef-f40f-4d8d-bca3-7e302fe916ca'
copilot     | } Intelligence platform request failed
copilot     | AI SDK Warning: System messages in the prompt or messages fields can be a security risk because they may enable prompt injection attacks. Use the system option instead when possible. Set allowSystemInMessages to true to suppress this warning, or false to throw an error.
copilot     | AI SDK Warning: System messages in the prompt or messages fields can be a security risk because they may enable prompt injection attacks. Use the system option instead when possible. Set allowSystemInMessages to true to suppress this warning, or false to throw an error.
copilot     | AI SDK Warning: System messages in the prompt or messages fields can be a security risk because they may enable prompt injection attacks. Use the system option instead when possible. Set allowSystemInMessages to true to suppress this warning, or false to throw an error.
copilot     | AI SDK Warning: System messages in the prompt or messages fields can be a security risk because they may enable prompt injection attacks. Use the system option instead when possible. Set allowSystemInMessages to true to suppress this warning, or false to throw an error.
copilot     | AI SDK Warning: System messages in the prompt or messages fields can be a security risk because they may enable prompt injection attacks. Use the system option instead when possible. Set allowSystemInMessages to true to suppress this warning, or false to throw an error.
copilot     | {
copilot     |   status: 404,
copilot     |   body: '{"error":{"code":"THREAD_NOT_FOUND","message":"Thread not found.","category":"not_found","retryable":false},"requestId":"877c65b8-6979-4ba8-bb72-60fd137f3baf","traceId":"216b1553f4d480a239e89fd866112d56"}',
copilot     |   path: '/api/threads/c5a79d4f-91ad-4f79-b35a-cb0d04096008?userId=57ff78ef-f40f-4d8d-bca3-7e302fe916ca'
copilot     | } Intelligence platform request failed
copilot     | AI SDK Warning: System messages in the prompt or messages fields can be a security risk because they may enable prompt injection attacks. Use the system option instead when possible. Set allowSystemInMessages to true to suppress this warning, or false to throw an error.
copilot     | AI SDK Warning: System messages in the prompt or messages fields can be a security risk because they may enable prompt injection attacks. Use the system option instead when possible. Set allowSystemInMessages to true to suppress this warning, or false to throw an error.
copilot     | AI SDK Warning: System messages in the prompt or messages fields can be a security risk because they may enable prompt injection attacks. Use the system option instead when possible. Set allowSystemInMessages to true to suppress this warning, or false to throw an error.
copilot     | AI SDK Warning: System messages in the prompt or messages fields can be a security risk because they may enable prompt injection attacks. Use the system option instead when possible. Set allowSystemInMessages to true to suppress this warning, or false to throw an error.
copilot     | {
copilot     |   status: 404,
copilot     |   body: '{"error":{"code":"THREAD_NOT_FOUND","message":"Thread not found.","category":"not_found","retryable":false},"requestId":"3f48052e-dc17-447d-a61e-097426771e59","traceId":"f366c4dd2e40090b2b54fbec1d724c30"}',
copilot     |   path: '/api/threads/3487ec3c-d183-44e8-bd94-544e0cad3226?userId=57ff78ef-f40f-4d8d-bca3-7e302fe916ca'
copilot     | } Intelligence platform request failed
copilot     | AI SDK Warning: System messages in the prompt or messages fields can be a security risk because they may enable prompt injection attacks. Use the system option instead when possible. Set allowSystemInMessages to true to suppress this warning, or false to throw an error.
copilot     | AI SDK Warning: System messages in the prompt or messages fields can be a security risk because they may enable prompt injection attacks. Use the system option instead when possible. Set allowSystemInMessages to true to suppress this warning, or false to throw an error.
grist-1     | gvisor check ok (flags: -unprivileged -ignore-cgroups)
web         | 2026/09/18 14:04:20.657	[34mINFO[0m	http.log.access.log0	handled request	{"request": {"remote_ip": "127.0.0.1", "remote_port": "59458", "client_ip": "127.0.0.1", "proto": "HTTP/1.1", "method": "GET", "host": "127.0.0.1:3000", "uri": "/", "headers": {"User-Agent": ["curl/8.22.0"], "Accept": ["*/*"]}}, "bytes_read": 0, "user_id": "", "duration": 0.001197149, "size": 6087, "status": 200, "resp_headers": {"X-Frame-Options": ["DENY"], "X-Xss-Protection": ["1; mode=block"], "Vary": ["Accept-Encoding"], "Etag": ["\"dlh52pe14jcw4p3\""], "Content-Type": ["text/html; charset=utf-8"], "Last-Modified": ["Wed, 16 Sep 2026 23:45:14 GMT"], "Server": ["Caddy"], "X-Content-Type-Options": ["nosniff"], "Accept-Ranges": ["bytes"], "Content-Length": ["6087"]}}
web         | 2026/09/18 14:04:51.078	[34mINFO[0m	http.log.access.log0	handled request	{"request": {"remote_ip": "127.0.0.1", "remote_port": "33234", "client_ip": "127.0.0.1", "proto": "HTTP/1.1", "method": "GET", "host": "127.0.0.1:3000", "uri": "/", "headers": {"User-Agent": ["curl/8.22.0"], "Accept": ["*/*"]}}, "bytes_read": 0, "user_id": "", "duration": 0.003232467, "size": 6087, "status": 200, "resp_headers": {"Server": ["Caddy"], "X-Frame-Options": ["DENY"], "Vary": ["Accept-Encoding"], "Etag": ["\"dlh52pe14jcw4p3\""], "Content-Type": ["text/html; charset=utf-8"], "Last-Modified": ["Wed, 16 Sep 2026 23:45:14 GMT"], "Accept-Ranges": ["bytes"], "Content-Length": ["6087"], "X-Content-Type-Options": ["nosniff"], "X-Xss-Protection": ["1; mode=block"]}}
web         | 2026/09/18 14:05:21.855	[34mINFO[0m	http.log.access.log0	handled request	{"request": {"remote_ip": "127.0.0.1", "remote_port": "53990", "client_ip": "127.0.0.1", "proto": "HTTP/1.1", "method": "GET", "host": "127.0.0.1:3000", "uri": "/", "headers": {"User-Agent": ["curl/8.22.0"], "Accept": ["*/*"]}}, "bytes_read": 0, "user_id": "", "duration": 0.000533737, "size": 6087, "status": 200, "resp_headers": {"Server": ["Caddy"], "X-Content-Type-Options": ["nosniff"], "X-Frame-Options": ["DENY"], "Vary": ["Accept-Encoding"], "Etag": ["\"dlh52pe14jcw4p3\""], "Last-Modified": ["Wed, 16 Sep 2026 23:45:14 GMT"], "Accept-Ranges": ["bytes"], "Content-Length": ["6087"], "X-Xss-Protection": ["1; mode=block"], "Content-Type": ["text/html; charset=utf-8"]}}
web         | 2026/09/18 14:05:52.308	[34mINFO[0m	http.log.access.log0	handled request	{"request": {"remote_ip": "127.0.0.1", "remote_port": "53116", "client_ip": "127.0.0.1", "proto": "HTTP/1.1", "method": "GET", "host": "127.0.0.1:3000", "uri": "/", "headers": {"Accept": ["*/*"], "User-Agent": ["curl/8.22.0"]}}, "bytes_read": 0, "user_id": "", "duration": 0.000757912, "size": 6087, "status": 200, "resp_headers": {"Server": ["Caddy"], "Etag": ["\"dlh52pe14jcw4p3\""], "Content-Type": ["text/html; charset=utf-8"], "Accept-Ranges": ["bytes"], "Content-Length": ["6087"], "X-Content-Type-Options": ["nosniff"], "X-Frame-Options": ["DENY"], "X-Xss-Protection": ["1; mode=block"], "Vary": ["Accept-Encoding"], "Last-Modified": ["Wed, 16 Sep 2026 23:45:14 GMT"]}}
web         | 2026/09/18 14:06:22.726	[34mINFO[0m	http.log.access.log0	handled request	{"request": {"remote_ip": "127.0.0.1", "remote_port": "53406", "client_ip": "127.0.0.1", "proto": "HTTP/1.1", "method": "GET", "host": "127.0.0.1:3000", "uri": "/", "headers": {"User-Agent": ["curl/8.22.0"], "Accept": ["*/*"]}}, "bytes_read": 0, "user_id": "", "duration": 0.00060681, "size": 6087, "status": 200, "resp_headers": {"Content-Length": ["6087"], "X-Frame-Options": ["DENY"], "X-Xss-Protection": ["1; mode=block"], "Etag": ["\"dlh52pe14jcw4p3\""], "Server": ["Caddy"], "X-Content-Type-Options": ["nosniff"], "Vary": ["Accept-Encoding"], "Content-Type": ["text/html; charset=utf-8"], "Last-Modified": ["Wed, 16 Sep 2026 23:45:14 GMT"], "Accept-Ranges": ["bytes"]}}
web         | 2026/09/18 14:06:53.102	[34mINFO[0m	http.log.access.log0	handled request	{"request": {"remote_ip": "127.0.0.1", "remote_port": "37976", "client_ip": "127.0.0.1", "proto": "HTTP/1.1", "method": "GET", "host": "127.0.0.1:3000", "uri": "/", "headers": {"User-Agent": ["curl/8.22.0"], "Accept": ["*/*"]}}, "bytes_read": 0, "user_id": "", "duration": 0.000557904, "size": 6087, "status": 200, "resp_headers": {"Last-Modified": ["Wed, 16 Sep 2026 23:45:14 GMT"], "Server": ["Caddy"], "X-Frame-Options": ["DENY"], "Vary": ["Accept-Encoding"], "Etag": ["\"dlh52pe14jcw4p3\""], "Accept-Ranges": ["bytes"], "Content-Length": ["6087"], "X-Content-Type-Options": ["nosniff"], "X-Xss-Protection": ["1; mode=block"], "Content-Type": ["text/html; charset=utf-8"]}}
web         | 2026/09/18 14:07:23.474	[34mINFO[0m	http.log.access.log0	handled request	{"request": {"remote_ip": "127.0.0.1", "remote_port": "60014", "client_ip": "127.0.0.1", "proto": "HTTP/1.1", "method": "GET", "host": "127.0.0.1:3000", "uri": "/", "headers": {"Accept": ["*/*"], "User-Agent": ["curl/8.22.0"]}}, "bytes_read": 0, "user_id": "", "duration": 0.005081009, "size": 6087, "status": 200, "resp_headers": {"Content-Type": ["text/html; charset=utf-8"], "Last-Modified": ["Wed, 16 Sep 2026 23:45:14 GMT"], "Accept-Ranges": ["bytes"], "Server": ["Caddy"], "X-Content-Type-Options": ["nosniff"], "X-Frame-Options": ["DENY"], "X-Xss-Protection": ["1; mode=block"], "Etag": ["\"dlh52pe14jcw4p3\""], "Content-Length": ["6087"], "Vary": ["Accept-Encoding"]}}
web         | 2026/09/18 14:07:53.880	[34mINFO[0m	http.log.access.log0	handled request	{"request": {"remote_ip": "127.0.0.1", "remote_port": "57626", "client_ip": "127.0.0.1", "proto": "HTTP/1.1", "method": "GET", "host": "127.0.0.1:3000", "uri": "/", "headers": {"User-Agent": ["curl/8.22.0"], "Accept": ["*/*"]}}, "bytes_read": 0, "user_id": "", "duration": 0.000646278, "size": 6087, "status": 200, "resp_headers": {"Accept-Ranges": ["bytes"], "Content-Length": ["6087"], "X-Content-Type-Options": ["nosniff"], "X-Xss-Protection": ["1; mode=block"], "Etag": ["\"dlh52pe14jcw4p3\""], "Content-Type": ["text/html; charset=utf-8"], "Server": ["Caddy"], "X-Frame-Options": ["DENY"], "Vary": ["Accept-Encoding"], "Last-Modified": ["Wed, 16 Sep 2026 23:45:14 GMT"]}}
web         | 2026/09/18 14:08:24.211	[34mINFO[0m	http.log.access.log0	handled request	{"request": {"remote_ip": "127.0.0.1", "remote_port": "34456", "client_ip": "127.0.0.1", "proto": "HTTP/1.1", "method": "GET", "host": "127.0.0.1:3000", "uri": "/", "headers": {"User-Agent": ["curl/8.22.0"], "Accept": ["*/*"]}}, "bytes_read": 0, "user_id": "", "duration": 0.003678902, "size": 6087, "status": 200, "resp_headers": {"X-Content-Type-Options": ["nosniff"], "X-Frame-Options": ["DENY"], "X-Xss-Protection": ["1; mode=block"], "Vary": ["Accept-Encoding"], "Content-Type": ["text/html; charset=utf-8"], "Content-Length": ["6087"], "Server": ["Caddy"], "Etag": ["\"dlh52pe14jcw4p3\""], "Last-Modified": ["Wed, 16 Sep 2026 23:45:14 GMT"], "Accept-Ranges": ["bytes"]}}
web         | 2026/09/18 14:08:54.601	[34mINFO[0m	http.log.access.log0	handled request	{"request": {"remote_ip": "127.0.0.1", "remote_port": "43194", "client_ip": "127.0.0.1", "proto": "HTTP/1.1", "method": "GET", "host": "127.0.0.1:3000", "uri": "/", "headers": {"Accept": ["*/*"], "User-Agent": ["curl/8.22.0"]}}, "bytes_read": 0, "user_id": "", "duration": 0.009380393, "size": 6087, "status": 200, "resp_headers": {"X-Xss-Protection": ["1; mode=block"], "Etag": ["\"dlh52pe14jcw4p3\""], "Content-Type": ["text/html; charset=utf-8"], "Accept-Ranges": ["bytes"], "Content-Length": ["6087"], "Server": ["Caddy"], "X-Content-Type-Options": ["nosniff"], "X-Frame-Options": ["DENY"], "Vary": ["Accept-Encoding"], "Last-Modified": ["Wed, 16 Sep 2026 23:45:14 GMT"]}}
web         | 2026/09/18 14:09:24.876	[34mINFO[0m	http.log.access.log0	handled request	{"request": {"remote_ip": "127.0.0.1", "remote_port": "46078", "client_ip": "127.0.0.1", "proto": "HTTP/1.1", "method": "GET", "host": "127.0.0.1:3000", "uri": "/", "headers": {"User-Agent": ["curl/8.22.0"], "Accept": ["*/*"]}}, "bytes_read": 0, "user_id": "", "duration": 0.000549231, "size": 6087, "status": 200, "resp_headers": {"X-Content-Type-Options": ["nosniff"], "X-Frame-Options": ["DENY"], "X-Xss-Protection": ["1; mode=block"], "Vary": ["Accept-Encoding"], "Content-Type": ["text/html; charset=utf-8"], "Last-Modified": ["Wed, 16 Sep 2026 23:45:14 GMT"], "Accept-Ranges": ["bytes"], "Server": ["Caddy"], "Etag": ["\"dlh52pe14jcw4p3\""], "Content-Length": ["6087"]}}
web         | 2026/09/18 14:09:55.353	[34mINFO[0m	http.log.access.log0	handled request	{"request": {"remote_ip": "127.0.0.1", "remote_port": "53532", "client_ip": "127.0.0.1", "proto": "HTTP/1.1", "method": "GET", "host": "127.0.0.1:3000", "uri": "/", "headers": {"User-Agent": ["curl/8.22.0"], "Accept": ["*/*"]}}, "bytes_read": 0, "user_id": "", "duration": 0.000487907, "size": 6087, "status": 200, "resp_headers": {"Server": ["Caddy"], "X-Xss-Protection": ["1; mode=block"], "X-Content-Type-Options": ["nosniff"], "Content-Type": ["text/html; charset=utf-8"], "Accept-Ranges": ["bytes"], "X-Frame-Options": ["DENY"], "Vary": ["Accept-Encoding"], "Etag": ["\"dlh52pe14jcw4p3\""], "Last-Modified": ["Wed, 16 Sep 2026 23:45:14 GMT"], "Content-Length": ["6087"]}}
web         | 2026/09/18 14:10:25.533	[34mINFO[0m	http.log.access.log0	handled request	{"request": {"remote_ip": "127.0.0.1", "remote_port": "59566", "client_ip": "127.0.0.1", "proto": "HTTP/1.1", "method": "GET", "host": "127.0.0.1:3000", "uri": "/", "headers": {"User-Agent": ["curl/8.22.0"], "Accept": ["*/*"]}}, "bytes_read": 0, "user_id": "", "duration": 0.000561963, "size": 6087, "status": 200, "resp_headers": {"Server": ["Caddy"], "X-Content-Type-Options": ["nosniff"], "X-Frame-Options": ["DENY"], "Etag": ["\"dlh52pe14jcw4p3\""], "Content-Type": ["text/html; charset=utf-8"], "Accept-Ranges": ["bytes"], "Content-Length": ["6087"], "X-Xss-Protection": ["1; mode=block"], "Vary": ["Accept-Encoding"], "Last-Modified": ["Wed, 16 Sep 2026 23:45:14 GMT"]}}
web         | 2026/09/18 14:10:55.856	[34mINFO[0m	http.log.access.log0	handled request	{"request": {"remote_ip": "127.0.0.1", "remote_port": "40556", "client_ip": "127.0.0.1", "proto": "HTTP/1.1", "method": "GET", "host": "127.0.0.1:3000", "uri": "/", "headers": {"User-Agent": ["curl/8.22.0"], "Accept": ["*/*"]}}, "bytes_read": 0, "user_id": "", "duration": 0.000642291, "size": 6087, "status": 200, "resp_headers": {"Etag": ["\"dlh52pe14jcw4p3\""], "Last-Modified": ["Wed, 16 Sep 2026 23:45:14 GMT"], "Accept-Ranges": ["bytes"], "Server": ["Caddy"], "X-Content-Type-Options": ["nosniff"], "X-Frame-Options": ["DENY"], "X-Xss-Protection": ["1; mode=block"], "Vary": ["Accept-Encoding"], "Content-Type": ["text/html; charset=utf-8"], "Content-Length": ["6087"]}}
web         | 2026/09/18 14:11:26.215	[34mINFO[0m	http.log.access.log0	handled request	{"request": {"remote_ip": "127.0.0.1", "remote_port": "42170", "client_ip": "127.0.0.1", "proto": "HTTP/1.1", "method": "GET", "host": "127.0.0.1:3000", "uri": "/", "headers": {"User-Agent": ["curl/8.22.0"], "Accept": ["*/*"]}}, "bytes_read": 0, "user_id": "", "duration": 0.009939657, "size": 6087, "status": 200, "resp_headers": {"X-Xss-Protection": ["1; mode=block"], "Etag": ["\"dlh52pe14jcw4p3\""], "Accept-Ranges": ["bytes"], "Content-Length": ["6087"], "X-Frame-Options": ["DENY"], "X-Content-Type-Options": ["nosniff"], "Vary": ["Accept-Encoding"], "Content-Type": ["text/html; charset=utf-8"], "Last-Modified": ["Wed, 16 Sep 2026 23:45:14 GMT"], "Server": ["Caddy"]}}
web         | 2026/09/18 14:11:56.599	[34mINFO[0m	http.log.access.log0	handled request	{"request": {"remote_ip": "127.0.0.1", "remote_port": "52038", "client_ip": "127.0.0.1", "proto": "HTTP/1.1", "method": "GET", "host": "127.0.0.1:3000", "uri": "/", "headers": {"User-Agent": ["curl/8.22.0"], "Accept": ["*/*"]}}, "bytes_read": 0, "user_id": "", "duration": 0.003915154, "size": 6087, "status": 200, "resp_headers": {"Etag": ["\"dlh52pe14jcw4p3\""], "Content-Type": ["text/html; charset=utf-8"], "Content-Length": ["6087"], "Server": ["Caddy"], "X-Content-Type-Options": ["nosniff"], "X-Frame-Options": ["DENY"], "Last-Modified": ["Wed, 16 Sep 2026 23:45:14 GMT"], "Accept-Ranges": ["bytes"], "X-Xss-Protection": ["1; mode=block"], "Vary": ["Accept-Encoding"]}}
web         | 2026/09/18 14:12:26.995	[34mINFO[0m	http.log.access.log0	handled request	{"request": {"remote_ip": "127.0.0.1", "remote_port": "42074", "client_ip": "127.0.0.1", "proto": "HTTP/1.1", "method": "GET", "host": "127.0.0.1:3000", "uri": "/", "headers": {"User-Agent": ["curl/8.22.0"], "Accept": ["*/*"]}}, "bytes_read": 0, "user_id": "", "duration": 0.005052678, "size": 6087, "status": 200, "resp_headers": {"Etag": ["\"dlh52pe14jcw4p3\""], "Accept-Ranges": ["bytes"], "Content-Length": ["6087"], "Server": ["Caddy"], "X-Frame-Options": ["DENY"], "Vary": ["Accept-Encoding"], "Content-Type": ["text/html; charset=utf-8"], "Last-Modified": ["Wed, 16 Sep 2026 23:45:14 GMT"], "X-Content-Type-Options": ["nosniff"], "X-Xss-Protection": ["1; mode=block"]}}
web         | 2026/09/18 14:12:57.103	[34mINFO[0m	http.log.access.log0	handled request	{"request": {"remote_ip": "127.0.0.1", "remote_port": "47736", "client_ip": "127.0.0.1", "proto": "HTTP/1.1", "method": "GET", "host": "127.0.0.1:3000", "uri": "/", "headers": {"User-Agent": ["curl/8.22.0"], "Accept": ["*/*"]}}, "bytes_read": 0, "user_id": "", "duration": 0.000883841, "size": 6087, "status": 200, "resp_headers": {"Server": ["Caddy"], "X-Content-Type-Options": ["nosniff"], "X-Xss-Protection": ["1; mode=block"], "Vary": ["Accept-Encoding"], "Content-Type": ["text/html; charset=utf-8"], "Last-Modified": ["Wed, 16 Sep 2026 23:45:14 GMT"], "Accept-Ranges": ["bytes"], "Content-Length": ["6087"], "X-Frame-Options": ["DENY"], "Etag": ["\"dlh52pe14jcw4p3\""]}}
web         | 2026/09/18 14:13:27.188	[34mINFO[0m	http.log.access.log0	handled request	{"request": {"remote_ip": "127.0.0.1", "remote_port": "38520", "client_ip": "127.0.0.1", "proto": "HTTP/1.1", "method": "GET", "host": "127.0.0.1:3000", "uri": "/", "headers": {"User-Agent": ["curl/8.22.0"], "Accept": ["*/*"]}}, "bytes_read": 0, "user_id": "", "duration": 0.000508816, "size": 6087, "status": 200, "resp_headers": {"Server": ["Caddy"], "X-Content-Type-Options": ["nosniff"], "X-Frame-Options": ["DENY"], "X-Xss-Protection": ["1; mode=block"], "Content-Type": ["text/html; charset=utf-8"], "Last-Modified": ["Wed, 16 Sep 2026 23:45:14 GMT"], "Accept-Ranges": ["bytes"], "Content-Length": ["6087"], "Vary": ["Accept-Encoding"], "Etag": ["\"dlh52pe14jcw4p3\""]}}
web         | 2026/09/18 14:13:57.286	[34mINFO[0m	http.log.access.log0	handled request	{"request": {"remote_ip": "127.0.0.1", "remote_port": "39284", "client_ip": "127.0.0.1", "proto": "HTTP/1.1", "method": "GET", "host": "127.0.0.1:3000", "uri": "/", "headers": {"User-Agent": ["curl/8.22.0"], "Accept": ["*/*"]}}, "bytes_read": 0, "user_id": "", "duration": 0.000644707, "size": 6087, "status": 200, "resp_headers": {"Content-Length": ["6087"], "X-Frame-Options": ["DENY"], "X-Xss-Protection": ["1; mode=block"], "Vary": ["Accept-Encoding"], "Content-Type": ["text/html; charset=utf-8"], "Server": ["Caddy"], "X-Content-Type-Options": ["nosniff"], "Etag": ["\"dlh52pe14jcw4p3\""], "Last-Modified": ["Wed, 16 Sep 2026 23:45:14 GMT"], "Accept-Ranges": ["bytes"]}}
web         | 2026/09/18 14:14:27.369	[34mINFO[0m	http.log.access.log0	handled request	{"request": {"remote_ip": "127.0.0.1", "remote_port": "51414", "client_ip": "127.0.0.1", "proto": "HTTP/1.1", "method": "GET", "host": "127.0.0.1:3000", "uri": "/", "headers": {"User-Agent": ["curl/8.22.0"], "Accept": ["*/*"]}}, "bytes_read": 0, "user_id": "", "duration": 0.000531414, "size": 6087, "status": 200, "resp_headers": {"X-Xss-Protection": ["1; mode=block"], "Vary": ["Accept-Encoding"], "Etag": ["\"dlh52pe14jcw4p3\""], "X-Content-Type-Options": ["nosniff"], "X-Frame-Options": ["DENY"], "Content-Type": ["text/html; charset=utf-8"], "Last-Modified": ["Wed, 16 Sep 2026 23:45:14 GMT"], "Accept-Ranges": ["bytes"], "Content-Length": ["6087"], "Server": ["Caddy"]}}
web         | 2026/09/18 14:14:57.445	[34mINFO[0m	http.log.access.log0	handled request	{"request": {"remote_ip": "127.0.0.1", "remote_port": "36374", "client_ip": "127.0.0.1", "proto": "HTTP/1.1", "method": "GET", "host": "127.0.0.1:3000", "uri": "/", "headers": {"User-Agent": ["curl/8.22.0"], "Accept": ["*/*"]}}, "bytes_read": 0, "user_id": "", "duration": 0.000761978, "size": 6087, "status": 200, "resp_headers": {"Server": ["Caddy"], "X-Content-Type-Options": ["nosniff"], "X-Frame-Options": ["DENY"], "Etag": ["\"dlh52pe14jcw4p3\""], "Last-Modified": ["Wed, 16 Sep 2026 23:45:14 GMT"], "Accept-Ranges": ["bytes"], "Content-Length": ["6087"], "X-Xss-Protection": ["1; mode=block"], "Vary": ["Accept-Encoding"], "Content-Type": ["text/html; charset=utf-8"]}}
web         | 2026/09/18 14:15:27.548	[34mINFO[0m	http.log.access.log0	handled request	{"request": {"remote_ip": "127.0.0.1", "remote_port": "43186", "client_ip": "127.0.0.1", "proto": "HTTP/1.1", "method": "GET", "host": "127.0.0.1:3000", "uri": "/", "headers": {"User-Agent": ["curl/8.22.0"], "Accept": ["*/*"]}}, "bytes_read": 0, "user_id": "", "duration": 0.000591292, "size": 6087, "status": 200, "resp_headers": {"X-Content-Type-Options": ["nosniff"], "X-Frame-Options": ["DENY"], "Vary": ["Accept-Encoding"], "Accept-Ranges": ["bytes"], "Content-Length": ["6087"], "X-Xss-Protection": ["1; mode=block"], "Etag": ["\"dlh52pe14jcw4p3\""], "Content-Type": ["text/html; charset=utf-8"], "Last-Modified": ["Wed, 16 Sep 2026 23:45:14 GMT"], "Server": ["Caddy"]}}
web         | 2026/09/18 14:15:57.639	[34mINFO[0m	http.log.access.log0	handled request	{"request": {"remote_ip": "127.0.0.1", "remote_port": "50906", "client_ip": "127.0.0.1", "proto": "HTTP/1.1", "method": "GET", "host": "127.0.0.1:3000", "uri": "/", "headers": {"User-Agent": ["curl/8.22.0"], "Accept": ["*/*"]}}, "bytes_read": 0, "user_id": "", "duration": 0.000636009, "size": 6087, "status": 200, "resp_headers": {"Server": ["Caddy"], "X-Content-Type-Options": ["nosniff"], "X-Frame-Options": ["DENY"], "Vary": ["Accept-Encoding"], "Etag": ["\"dlh52pe14jcw4p3\""], "Content-Type": ["text/html; charset=utf-8"], "Last-Modified": ["Wed, 16 Sep 2026 23:45:14 GMT"], "Content-Length": ["6087"], "X-Xss-Protection": ["1; mode=block"], "Accept-Ranges": ["bytes"]}}
web         | 2026/09/18 14:16:27.734	[34mINFO[0m	http.log.access.log0	handled request	{"request": {"remote_ip": "127.0.0.1", "remote_port": "36530", "client_ip": "127.0.0.1", "proto": "HTTP/1.1", "method": "GET", "host": "127.0.0.1:3000", "uri": "/", "headers": {"User-Agent": ["curl/8.22.0"], "Accept": ["*/*"]}}, "bytes_read": 0, "user_id": "", "duration": 0.000683608, "size": 6087, "status": 200, "resp_headers": {"X-Frame-Options": ["DENY"], "Vary": ["Accept-Encoding"], "Content-Type": ["text/html; charset=utf-8"], "Last-Modified": ["Wed, 16 Sep 2026 23:45:14 GMT"], "Accept-Ranges": ["bytes"], "Server": ["Caddy"], "X-Content-Type-Options": ["nosniff"], "X-Xss-Protection": ["1; mode=block"], "Etag": ["\"dlh52pe14jcw4p3\""], "Content-Length": ["6087"]}}
web         | 2026/09/18 14:16:57.817	[34mINFO[0m	http.log.access.log0	handled request	{"request": {"remote_ip": "127.0.0.1", "remote_port": "39788", "client_ip": "127.0.0.1", "proto": "HTTP/1.1", "method": "GET", "host": "127.0.0.1:3000", "uri": "/", "headers": {"User-Agent": ["curl/8.22.0"], "Accept": ["*/*"]}}, "bytes_read": 0, "user_id": "", "duration": 0.000522015, "size": 6087, "status": 200, "resp_headers": {"Content-Length": ["6087"], "X-Content-Type-Options": ["nosniff"], "X-Frame-Options": ["DENY"], "Vary": ["Accept-Encoding"], "Content-Type": ["text/html; charset=utf-8"], "Last-Modified": ["Wed, 16 Sep 2026 23:45:14 GMT"], "Accept-Ranges": ["bytes"], "Server": ["Caddy"], "X-Xss-Protection": ["1; mode=block"], "Etag": ["\"dlh52pe14jcw4p3\""]}}
web         | 2026/09/18 14:17:27.895	[34mINFO[0m	http.log.access.log0	handled request	{"request": {"remote_ip": "127.0.0.1", "remote_port": "50256", "client_ip": "127.0.0.1", "proto": "HTTP/1.1", "method": "GET", "host": "127.0.0.1:3000", "uri": "/", "headers": {"User-Agent": ["curl/8.22.0"], "Accept": ["*/*"]}}, "bytes_read": 0, "user_id": "", "duration": 0.001356686, "size": 6087, "status": 200, "resp_headers": {"Accept-Ranges": ["bytes"], "X-Content-Type-Options": ["nosniff"], "X-Frame-Options": ["DENY"], "X-Xss-Protection": ["1; mode=block"], "Etag": ["\"dlh52pe14jcw4p3\""], "Content-Type": ["text/html; charset=utf-8"], "Last-Modified": ["Wed, 16 Sep 2026 23:45:14 GMT"], "Content-Length": ["6087"], "Server": ["Caddy"], "Vary": ["Accept-Encoding"]}}
web         | 2026/09/18 14:17:57.980	[34mINFO[0m	http.log.access.log0	handled request	{"request": {"remote_ip": "127.0.0.1", "remote_port": "43680", "client_ip": "127.0.0.1", "proto": "HTTP/1.1", "method": "GET", "host": "127.0.0.1:3000", "uri": "/", "headers": {"User-Agent": ["curl/8.22.0"], "Accept": ["*/*"]}}, "bytes_read": 0, "user_id": "", "duration": 0.000544378, "size": 6087, "status": 200, "resp_headers": {"Server": ["Caddy"], "X-Xss-Protection": ["1; mode=block"], "Vary": ["Accept-Encoding"], "Etag": ["\"dlh52pe14jcw4p3\""], "Content-Type": ["text/html; charset=utf-8"], "Accept-Ranges": ["bytes"], "Content-Length": ["6087"], "X-Content-Type-Options": ["nosniff"], "X-Frame-Options": ["DENY"], "Last-Modified": ["Wed, 16 Sep 2026 23:45:14 GMT"]}}
web         | 2026/09/18 14:18:28.061	[34mINFO[0m	http.log.access.log0	handled request	{"request": {"remote_ip": "127.0.0.1", "remote_port": "35954", "client_ip": "127.0.0.1", "proto": "HTTP/1.1", "method": "GET", "host": "127.0.0.1:3000", "uri": "/", "headers": {"Accept": ["*/*"], "User-Agent": ["curl/8.22.0"]}}, "bytes_read": 0, "user_id": "", "duration": 0.000553806, "size": 6087, "status": 200, "resp_headers": {"Last-Modified": ["Wed, 16 Sep 2026 23:45:14 GMT"], "Accept-Ranges": ["bytes"], "Server": ["Caddy"], "X-Frame-Options": ["DENY"], "Vary": ["Accept-Encoding"], "Content-Type": ["text/html; charset=utf-8"], "Content-Length": ["6087"], "X-Content-Type-Options": ["nosniff"], "X-Xss-Protection": ["1; mode=block"], "Etag": ["\"dlh52pe14jcw4p3\""]}}
web         | 2026/09/18 14:18:58.161	[34mINFO[0m	http.log.access.log0	handled request	{"request": {"remote_ip": "127.0.0.1", "remote_port": "37040", "client_ip": "127.0.0.1", "proto": "HTTP/1.1", "method": "GET", "host": "127.0.0.1:3000", "uri": "/", "headers": {"User-Agent": ["curl/8.22.0"], "Accept": ["*/*"]}}, "bytes_read": 0, "user_id": "", "duration": 0.000545343, "size": 6087, "status": 200, "resp_headers": {"X-Content-Type-Options": ["nosniff"], "X-Xss-Protection": ["1; mode=block"], "Vary": ["Accept-Encoding"], "Etag": ["\"dlh52pe14jcw4p3\""], "Content-Type": ["text/html; charset=utf-8"], "Last-Modified": ["Wed, 16 Sep 2026 23:45:14 GMT"], "Accept-Ranges": ["bytes"], "Content-Length": ["6087"], "Server": ["Caddy"], "X-Frame-Options": ["DENY"]}}
web         | 2026/09/18 14:19:28.242	[34mINFO[0m	http.log.access.log0	handled request	{"request": {"remote_ip": "127.0.0.1", "remote_port": "59816", "client_ip": "127.0.0.1", "proto": "HTTP/1.1", "method": "GET", "host": "127.0.0.1:3000", "uri": "/", "headers": {"User-Agent": ["curl/8.22.0"], "Accept": ["*/*"]}}, "bytes_read": 0, "user_id": "", "duration": 0.00144637, "size": 6087, "status": 200, "resp_headers": {"Accept-Ranges": ["bytes"], "X-Content-Type-Options": ["nosniff"], "X-Xss-Protection": ["1; mode=block"], "Vary": ["Accept-Encoding"], "Content-Type": ["text/html; charset=utf-8"], "Content-Length": ["6087"], "Server": ["Caddy"], "X-Frame-Options": ["DENY"], "Etag": ["\"dlh52pe14jcw4p3\""], "Last-Modified": ["Wed, 16 Sep 2026 23:45:14 GMT"]}}
web         | 2026/09/18 14:19:58.325	[34mINFO[0m	http.log.access.log0	handled request	{"request": {"remote_ip": "127.0.0.1", "remote_port": "48616", "client_ip": "127.0.0.1", "proto": "HTTP/1.1", "method": "GET", "host": "127.0.0.1:3000", "uri": "/", "headers": {"User-Agent": ["curl/8.22.0"], "Accept": ["*/*"]}}, "bytes_read": 0, "user_id": "", "duration": 0.00071106, "size": 6087, "status": 200, "resp_headers": {"Last-Modified": ["Wed, 16 Sep 2026 23:45:14 GMT"], "Content-Length": ["6087"], "Server": ["Caddy"], "X-Content-Type-Options": ["nosniff"], "Etag": ["\"dlh52pe14jcw4p3\""], "Content-Type": ["text/html; charset=utf-8"], "Accept-Ranges": ["bytes"], "X-Frame-Options": ["DENY"], "X-Xss-Protection": ["1; mode=block"], "Vary": ["Accept-Encoding"]}}
web         | 2026/09/18 14:20:28.426	[34mINFO[0m	http.log.access.log0	handled request	{"request": {"remote_ip": "127.0.0.1", "remote_port": "58944", "client_ip": "127.0.0.1", "proto": "HTTP/1.1", "method": "GET", "host": "127.0.0.1:3000", "uri": "/", "headers": {"User-Agent": ["curl/8.22.0"], "Accept": ["*/*"]}}, "bytes_read": 0, "user_id": "", "duration": 0.000551253, "size": 6087, "status": 200, "resp_headers": {"X-Content-Type-Options": ["nosniff"], "X-Frame-Options": ["DENY"], "Content-Length": ["6087"], "X-Xss-Protection": ["1; mode=block"], "Vary": ["Accept-Encoding"], "Etag": ["\"dlh52pe14jcw4p3\""], "Content-Type": ["text/html; charset=utf-8"], "Last-Modified": ["Wed, 16 Sep 2026 23:45:14 GMT"], "Accept-Ranges": ["bytes"], "Server": ["Caddy"]}}
web         | 2026/09/18 14:20:58.506	[34mINFO[0m	http.log.access.log0	handled request	{"request": {"remote_ip": "127.0.0.1", "remote_port": "35446", "client_ip": "127.0.0.1", "proto": "HTTP/1.1", "method": "GET", "host": "127.0.0.1:3000", "uri": "/", "headers": {"User-Agent": ["curl/8.22.0"], "Accept": ["*/*"]}}, "bytes_read": 0, "user_id": "", "duration": 0.000446849, "size": 6087, "status": 200, "resp_headers": {"Last-Modified": ["Wed, 16 Sep 2026 23:45:14 GMT"], "Accept-Ranges": ["bytes"], "Content-Length": ["6087"], "Server": ["Caddy"], "X-Frame-Options": ["DENY"], "Vary": ["Accept-Encoding"], "Content-Type": ["text/html; charset=utf-8"], "X-Xss-Protection": ["1; mode=block"], "X-Content-Type-Options": ["nosniff"], "Etag": ["\"dlh52pe14jcw4p3\""]}}
web         | 2026/09/18 14:21:28.600	[34mINFO[0m	http.log.access.log0	handled request	{"request": {"remote_ip": "127.0.0.1", "remote_port": "50756", "client_ip": "127.0.0.1", "proto": "HTTP/1.1", "method": "GET", "host": "127.0.0.1:3000", "uri": "/", "headers": {"User-Agent": ["curl/8.22.0"], "Accept": ["*/*"]}}, "bytes_read": 0, "user_id": "", "duration": 0.000731595, "size": 6087, "status": 200, "resp_headers": {"Server": ["Caddy"], "X-Frame-Options": ["DENY"], "Vary": ["Accept-Encoding"], "Last-Modified": ["Wed, 16 Sep 2026 23:45:14 GMT"], "Accept-Ranges": ["bytes"], "X-Xss-Protection": ["1; mode=block"], "X-Content-Type-Options": ["nosniff"], "Etag": ["\"dlh52pe14jcw4p3\""], "Content-Type": ["text/html; charset=utf-8"], "Content-Length": ["6087"]}}
web         | 2026/09/18 14:21:58.678	[34mINFO[0m	http.log.access.log0	handled request	{"request": {"remote_ip": "127.0.0.1", "remote_port": "52566", "client_ip": "127.0.0.1", "proto": "HTTP/1.1", "method": "GET", "host": "127.0.0.1:3000", "uri": "/", "headers": {"Accept": ["*/*"], "User-Agent": ["curl/8.22.0"]}}, "bytes_read": 0, "user_id": "", "duration": 0.000577188, "size": 6087, "status": 200, "resp_headers": {"X-Frame-Options": ["DENY"], "Vary": ["Accept-Encoding"], "Content-Type": ["text/html; charset=utf-8"], "Last-Modified": ["Wed, 16 Sep 2026 23:45:14 GMT"], "Content-Length": ["6087"], "Server": ["Caddy"], "X-Content-Type-Options": ["nosniff"], "X-Xss-Protection": ["1; mode=block"], "Etag": ["\"dlh52pe14jcw4p3\""], "Accept-Ranges": ["bytes"]}}
web         | 2026/09/18 14:22:28.755	[34mINFO[0m	http.log.access.log0	handled request	{"request": {"remote_ip": "127.0.0.1", "remote_port": "35006", "client_ip": "127.0.0.1", "proto": "HTTP/1.1", "method": "GET", "host": "127.0.0.1:3000", "uri": "/", "headers": {"User-Agent": ["curl/8.22.0"], "Accept": ["*/*"]}}, "bytes_read": 0, "user_id": "", "duration": 0.000514677, "size": 6087, "status": 200, "resp_headers": {"Server": ["Caddy"], "X-Frame-Options": ["DENY"], "Etag": ["\"dlh52pe14jcw4p3\""], "Last-Modified": ["Wed, 16 Sep 2026 23:45:14 GMT"], "Accept-Ranges": ["bytes"], "Content-Length": ["6087"], "X-Content-Type-Options": ["nosniff"], "X-Xss-Protection": ["1; mode=block"], "Vary": ["Accept-Encoding"], "Content-Type": ["text/html; charset=utf-8"]}}
web         | 2026/09/18 14:22:58.831	[34mINFO[0m	http.log.access.log0	handled request	{"request": {"remote_ip": "127.0.0.1", "remote_port": "37716", "client_ip": "127.0.0.1", "proto": "HTTP/1.1", "method": "GET", "host": "127.0.0.1:3000", "uri": "/", "headers": {"Accept": ["*/*"], "User-Agent": ["curl/8.22.0"]}}, "bytes_read": 0, "user_id": "", "duration": 0.000499455, "size": 6087, "status": 200, "resp_headers": {"X-Content-Type-Options": ["nosniff"], "Vary": ["Accept-Encoding"], "Etag": ["\"dlh52pe14jcw4p3\""], "Content-Type": ["text/html; charset=utf-8"], "Last-Modified": ["Wed, 16 Sep 2026 23:45:14 GMT"], "Accept-Ranges": ["bytes"], "Server": ["Caddy"], "X-Frame-Options": ["DENY"], "X-Xss-Protection": ["1; mode=block"], "Content-Length": ["6087"]}}
web         | 2026/09/18 14:23:28.932	[34mINFO[0m	http.log.access.log0	handled request	{"request": {"remote_ip": "127.0.0.1", "remote_port": "52430", "client_ip": "127.0.0.1", "proto": "HTTP/1.1", "method": "GET", "host": "127.0.0.1:3000", "uri": "/", "headers": {"User-Agent": ["curl/8.22.0"], "Accept": ["*/*"]}}, "bytes_read": 0, "user_id": "", "duration": 0.002667708, "size": 6087, "status": 200, "resp_headers": {"Accept-Ranges": ["bytes"], "Content-Length": ["6087"], "X-Content-Type-Options": ["nosniff"], "Etag": ["\"dlh52pe14jcw4p3\""], "Content-Type": ["text/html; charset=utf-8"], "Server": ["Caddy"], "X-Frame-Options": ["DENY"], "X-Xss-Protection": ["1; mode=block"], "Vary": ["Accept-Encoding"], "Last-Modified": ["Wed, 16 Sep 2026 23:45:14 GMT"]}}
web         | 2026/09/18 14:23:59.027	[34mINFO[0m	http.log.access.log0	handled request	{"request": {"remote_ip": "127.0.0.1", "remote_port": "50466", "client_ip": "127.0.0.1", "proto": "HTTP/1.1", "method": "GET", "host": "127.0.0.1:3000", "uri": "/", "headers": {"User-Agent": ["curl/8.22.0"], "Accept": ["*/*"]}}, "bytes_read": 0, "user_id": "", "duration": 0.000522705, "size": 6087, "status": 200, "resp_headers": {"X-Frame-Options": ["DENY"], "X-Xss-Protection": ["1; mode=block"], "Vary": ["Accept-Encoding"], "Etag": ["\"dlh52pe14jcw4p3\""], "Content-Type": ["text/html; charset=utf-8"], "Accept-Ranges": ["bytes"], "Server": ["Caddy"], "X-Content-Type-Options": ["nosniff"], "Last-Modified": ["Wed, 16 Sep 2026 23:45:14 GMT"], "Content-Length": ["6087"]}}
web         | 2026/09/18 14:24:29.099	[34mINFO[0m	http.log.access.log0	handled request	{"request": {"remote_ip": "127.0.0.1", "remote_port": "37854", "client_ip": "127.0.0.1", "proto": "HTTP/1.1", "method": "GET", "host": "127.0.0.1:3000", "uri": "/", "headers": {"User-Agent": ["curl/8.22.0"], "Accept": ["*/*"]}}, "bytes_read": 0, "user_id": "", "duration": 0.000500589, "size": 6087, "status": 200, "resp_headers": {"Accept-Ranges": ["bytes"], "Content-Length": ["6087"], "X-Frame-Options": ["DENY"], "Vary": ["Accept-Encoding"], "Content-Type": ["text/html; charset=utf-8"], "Last-Modified": ["Wed, 16 Sep 2026 23:45:14 GMT"], "Server": ["Caddy"], "X-Xss-Protection": ["1; mode=block"], "X-Content-Type-Options": ["nosniff"], "Etag": ["\"dlh52pe14jcw4p3\""]}}
web         | 2026/09/18 14:24:59.182	[34mINFO[0m	http.log.access.log0	handled request	{"request": {"remote_ip": "127.0.0.1", "remote_port": "35062", "client_ip": "127.0.0.1", "proto": "HTTP/1.1", "method": "GET", "host": "127.0.0.1:3000", "uri": "/", "headers": {"User-Agent": ["curl/8.22.0"], "Accept": ["*/*"]}}, "bytes_read": 0, "user_id": "", "duration": 0.000559096, "size": 6087, "status": 200, "resp_headers": {"Server": ["Caddy"], "X-Frame-Options": ["DENY"], "X-Xss-Protection": ["1; mode=block"], "Vary": ["Accept-Encoding"], "Etag": ["\"dlh52pe14jcw4p3\""], "Last-Modified": ["Wed, 16 Sep 2026 23:45:14 GMT"], "Accept-Ranges": ["bytes"], "Content-Length": ["6087"], "X-Content-Type-Options": ["nosniff"], "Content-Type": ["text/html; charset=utf-8"]}}
web         | 2026/09/18 14:25:29.262	[34mINFO[0m	http.log.access.log0	handled request	{"request": {"remote_ip": "127.0.0.1", "remote_port": "37722", "client_ip": "127.0.0.1", "proto": "HTTP/1.1", "method": "GET", "host": "127.0.0.1:3000", "uri": "/", "headers": {"User-Agent": ["curl/8.22.0"], "Accept": ["*/*"]}}, "bytes_read": 0, "user_id": "", "duration": 0.000572666, "size": 6087, "status": 200, "resp_headers": {"Server": ["Caddy"], "X-Content-Type-Options": ["nosniff"], "X-Frame-Options": ["DENY"], "X-Xss-Protection": ["1; mode=block"], "Etag": ["\"dlh52pe14jcw4p3\""], "Last-Modified": ["Wed, 16 Sep 2026 23:45:14 GMT"], "Content-Length": ["6087"], "Vary": ["Accept-Encoding"], "Content-Type": ["text/html; charset=utf-8"], "Accept-Ranges": ["bytes"]}}
web         | 2026/09/18 14:25:59.337	[34mINFO[0m	http.log.access.log0	handled request	{"request": {"remote_ip": "127.0.0.1", "remote_port": "41662", "client_ip": "127.0.0.1", "proto": "HTTP/1.1", "method": "GET", "host": "127.0.0.1:3000", "uri": "/", "headers": {"User-Agent": ["curl/8.22.0"], "Accept": ["*/*"]}}, "bytes_read": 0, "user_id": "", "duration": 0.000510219, "size": 6087, "status": 200, "resp_headers": {"Etag": ["\"dlh52pe14jcw4p3\""], "Last-Modified": ["Wed, 16 Sep 2026 23:45:14 GMT"], "Accept-Ranges": ["bytes"], "Server": ["Caddy"], "X-Content-Type-Options": ["nosniff"], "X-Xss-Protection": ["1; mode=block"], "Vary": ["Accept-Encoding"], "Content-Type": ["text/html; charset=utf-8"], "Content-Length": ["6087"], "X-Frame-Options": ["DENY"]}}
web         | 2026/09/18 14:26:29.410	[34mINFO[0m	http.log.access.log0	handled request	{"request": {"remote_ip": "127.0.0.1", "remote_port": "58396", "client_ip": "127.0.0.1", "proto": "HTTP/1.1", "method": "GET", "host": "127.0.0.1:3000", "uri": "/", "headers": {"User-Agent": ["curl/8.22.0"], "Accept": ["*/*"]}}, "bytes_read": 0, "user_id": "", "duration": 0.000445898, "size": 6087, "status": 200, "resp_headers": {"X-Xss-Protection": ["1; mode=block"], "X-Content-Type-Options": ["nosniff"], "X-Frame-Options": ["DENY"], "Vary": ["Accept-Encoding"], "Content-Type": ["text/html; charset=utf-8"], "Last-Modified": ["Wed, 16 Sep 2026 23:45:14 GMT"], "Server": ["Caddy"], "Etag": ["\"dlh52pe14jcw4p3\""], "Accept-Ranges": ["bytes"], "Content-Length": ["6087"]}}
web         | 2026/09/18 14:26:59.495	[34mINFO[0m	http.log.access.log0	handled request	{"request": {"remote_ip": "127.0.0.1", "remote_port": "40076", "client_ip": "127.0.0.1", "proto": "HTTP/1.1", "method": "GET", "host": "127.0.0.1:3000", "uri": "/", "headers": {"User-Agent": ["curl/8.22.0"], "Accept": ["*/*"]}}, "bytes_read": 0, "user_id": "", "duration": 0.001598772, "size": 6087, "status": 200, "resp_headers": {"Server": ["Caddy"], "X-Xss-Protection": ["1; mode=block"], "Content-Type": ["text/html; charset=utf-8"], "Last-Modified": ["Wed, 16 Sep 2026 23:45:14 GMT"], "Content-Length": ["6087"], "X-Content-Type-Options": ["nosniff"], "X-Frame-Options": ["DENY"], "Vary": ["Accept-Encoding"], "Etag": ["\"dlh52pe14jcw4p3\""], "Accept-Ranges": ["bytes"]}}
web         | 2026/09/18 14:27:29.570	[34mINFO[0m	http.log.access.log0	handled request	{"request": {"remote_ip": "127.0.0.1", "remote_port": "48930", "client_ip": "127.0.0.1", "proto": "HTTP/1.1", "method": "GET", "host": "127.0.0.1:3000", "uri": "/", "headers": {"User-Agent": ["curl/8.22.0"], "Accept": ["*/*"]}}, "bytes_read": 0, "user_id": "", "duration": 0.000530583, "size": 6087, "status": 200, "resp_headers": {"Server": ["Caddy"], "X-Xss-Protection": ["1; mode=block"], "Content-Type": ["text/html; charset=utf-8"], "Last-Modified": ["Wed, 16 Sep 2026 23:45:14 GMT"], "X-Content-Type-Options": ["nosniff"], "X-Frame-Options": ["DENY"], "Vary": ["Accept-Encoding"], "Etag": ["\"dlh52pe14jcw4p3\""], "Accept-Ranges": ["bytes"], "Content-Length": ["6087"]}}
web         | 2026/09/18 14:27:59.666	[34mINFO[0m	http.log.access.log0	handled request	{"request": {"remote_ip": "127.0.0.1", "remote_port": "33690", "client_ip": "127.0.0.1", "proto": "HTTP/1.1", "method": "GET", "host": "127.0.0.1:3000", "uri": "/", "headers": {"User-Agent": ["curl/8.22.0"], "Accept": ["*/*"]}}, "bytes_read": 0, "user_id": "", "duration": 0.003152623, "size": 6087, "status": 200, "resp_headers": {"X-Content-Type-Options": ["nosniff"], "X-Xss-Protection": ["1; mode=block"], "Etag": ["\"dlh52pe14jcw4p3\""], "Last-Modified": ["Wed, 16 Sep 2026 23:45:14 GMT"], "Accept-Ranges": ["bytes"], "X-Frame-Options": ["DENY"], "Vary": ["Accept-Encoding"], "Content-Type": ["text/html; charset=utf-8"], "Content-Length": ["6087"], "Server": ["Caddy"]}}
web         | 2026/09/18 14:28:29.747	[34mINFO[0m	http.log.access.log0	handled request	{"request": {"remote_ip": "127.0.0.1", "remote_port": "37264", "client_ip": "127.0.0.1", "proto": "HTTP/1.1", "method": "GET", "host": "127.0.0.1:3000", "uri": "/", "headers": {"User-Agent": ["curl/8.22.0"], "Accept": ["*/*"]}}, "bytes_read": 0, "user_id": "", "duration": 0.0005116, "size": 6087, "status": 200, "resp_headers": {"X-Xss-Protection": ["1; mode=block"], "Vary": ["Accept-Encoding"], "Etag": ["\"dlh52pe14jcw4p3\""], "Content-Type": ["text/html; charset=utf-8"], "Last-Modified": ["Wed, 16 Sep 2026 23:45:14 GMT"], "Content-Length": ["6087"], "X-Content-Type-Options": ["nosniff"], "Accept-Ranges": ["bytes"], "Server": ["Caddy"], "X-Frame-Options": ["DENY"]}}
web         | 2026/09/18 14:28:59.821	[34mINFO[0m	http.log.access.log0	handled request	{"request": {"remote_ip": "127.0.0.1", "remote_port": "56502", "client_ip": "127.0.0.1", "proto": "HTTP/1.1", "method": "GET", "host": "127.0.0.1:3000", "uri": "/", "headers": {"User-Agent": ["curl/8.22.0"], "Accept": ["*/*"]}}, "bytes_read": 0, "user_id": "", "duration": 0.000599317, "size": 6087, "status": 200, "resp_headers": {"X-Xss-Protection": ["1; mode=block"], "X-Frame-Options": ["DENY"], "Vary": ["Accept-Encoding"], "Etag": ["\"dlh52pe14jcw4p3\""], "Content-Type": ["text/html; charset=utf-8"], "Last-Modified": ["Wed, 16 Sep 2026 23:45:14 GMT"], "Server": ["Caddy"], "X-Content-Type-Options": ["nosniff"], "Accept-Ranges": ["bytes"], "Content-Length": ["6087"]}}
web         | 2026/09/18 14:29:29.897	[34mINFO[0m	http.log.access.log0	handled request	{"request": {"remote_ip": "127.0.0.1", "remote_port": "38990", "client_ip": "127.0.0.1", "proto": "HTTP/1.1", "method": "GET", "host": "127.0.0.1:3000", "uri": "/", "headers": {"User-Agent": ["curl/8.22.0"], "Accept": ["*/*"]}}, "bytes_read": 0, "user_id": "", "duration": 0.00043509, "size": 6087, "status": 200, "resp_headers": {"Accept-Ranges": ["bytes"], "Server": ["Caddy"], "X-Frame-Options": ["DENY"], "Etag": ["\"dlh52pe14jcw4p3\""], "Content-Type": ["text/html; charset=utf-8"], "Last-Modified": ["Wed, 16 Sep 2026 23:45:14 GMT"], "Content-Length": ["6087"], "X-Xss-Protection": ["1; mode=block"], "X-Content-Type-Options": ["nosniff"], "Vary": ["Accept-Encoding"]}}
web         | 2026/09/18 14:29:59.970	[34mINFO[0m	http.log.access.log0	handled request	{"request": {"remote_ip": "127.0.0.1", "remote_port": "38744", "client_ip": "127.0.0.1", "proto": "HTTP/1.1", "method": "GET", "host": "127.0.0.1:3000", "uri": "/", "headers": {"User-Agent": ["curl/8.22.0"], "Accept": ["*/*"]}}, "bytes_read": 0, "user_id": "", "duration": 0.000405317, "size": 6087, "status": 200, "resp_headers": {"Content-Type": ["text/html; charset=utf-8"], "Content-Length": ["6087"], "X-Xss-Protection": ["1; mode=block"], "Etag": ["\"dlh52pe14jcw4p3\""], "Last-Modified": ["Wed, 16 Sep 2026 23:45:14 GMT"], "Accept-Ranges": ["bytes"], "Server": ["Caddy"], "X-Content-Type-Options": ["nosniff"], "X-Frame-Options": ["DENY"], "Vary": ["Accept-Encoding"]}}
web         | 2026/09/18 14:30:30.073	[34mINFO[0m	http.log.access.log0	handled request	{"request": {"remote_ip": "127.0.0.1", "remote_port": "57606", "client_ip": "127.0.0.1", "proto": "HTTP/1.1", "method": "GET", "host": "127.0.0.1:3000", "uri": "/", "headers": {"User-Agent": ["curl/8.22.0"], "Accept": ["*/*"]}}, "bytes_read": 0, "user_id": "", "duration": 0.000564935, "size": 6087, "status": 200, "resp_headers": {"Accept-Ranges": ["bytes"], "X-Frame-Options": ["DENY"], "Vary": ["Accept-Encoding"], "Content-Type": ["text/html; charset=utf-8"], "Last-Modified": ["Wed, 16 Sep 2026 23:45:14 GMT"], "Content-Length": ["6087"], "Server": ["Caddy"], "X-Content-Type-Options": ["nosniff"], "X-Xss-Protection": ["1; mode=block"], "Etag": ["\"dlh52pe14jcw4p3\""]}}
web         | 2026/09/18 14:31:00.183	[34mINFO[0m	http.log.access.log0	handled request	{"request": {"remote_ip": "127.0.0.1", "remote_port": "47340", "client_ip": "127.0.0.1", "proto": "HTTP/1.1", "method": "GET", "host": "127.0.0.1:3000", "uri": "/", "headers": {"User-Agent": ["curl/8.22.0"], "Accept": ["*/*"]}}, "bytes_read": 0, "user_id": "", "duration": 0.000699888, "size": 6087, "status": 200, "resp_headers": {"Last-Modified": ["Wed, 16 Sep 2026 23:45:14 GMT"], "X-Xss-Protection": ["1; mode=block"], "X-Content-Type-Options": ["nosniff"], "X-Frame-Options": ["DENY"], "Vary": ["Accept-Encoding"], "Content-Type": ["text/html; charset=utf-8"], "Accept-Ranges": ["bytes"], "Content-Length": ["6087"], "Server": ["Caddy"], "Etag": ["\"dlh52pe14jcw4p3\""]}}
web         | 2026/09/18 14:31:30.317	[34mINFO[0m	http.log.access.log0	handled request	{"request": {"remote_ip": "127.0.0.1", "remote_port": "56668", "client_ip": "127.0.0.1", "proto": "HTTP/1.1", "method": "GET", "host": "127.0.0.1:3000", "uri": "/", "headers": {"User-Agent": ["curl/8.22.0"], "Accept": ["*/*"]}}, "bytes_read": 0, "user_id": "", "duration": 0.00401729, "size": 6087, "status": 200, "resp_headers": {"X-Frame-Options": ["DENY"], "Etag": ["\"dlh52pe14jcw4p3\""], "Last-Modified": ["Wed, 16 Sep 2026 23:45:14 GMT"], "Content-Length": ["6087"], "Server": ["Caddy"], "X-Xss-Protection": ["1; mode=block"], "Vary": ["Accept-Encoding"], "Content-Type": ["text/html; charset=utf-8"], "Accept-Ranges": ["bytes"], "X-Content-Type-Options": ["nosniff"]}}
web         | 2026/09/18 14:32:00.440	[34mINFO[0m	http.log.access.log0	handled request	{"request": {"remote_ip": "127.0.0.1", "remote_port": "58920", "client_ip": "127.0.0.1", "proto": "HTTP/1.1", "method": "GET", "host": "127.0.0.1:3000", "uri": "/", "headers": {"Accept": ["*/*"], "User-Agent": ["curl/8.22.0"]}}, "bytes_read": 0, "user_id": "", "duration": 0.000594896, "size": 6087, "status": 200, "resp_headers": {"Vary": ["Accept-Encoding"], "Etag": ["\"dlh52pe14jcw4p3\""], "X-Content-Type-Options": ["nosniff"], "Content-Type": ["text/html; charset=utf-8"], "Last-Modified": ["Wed, 16 Sep 2026 23:45:14 GMT"], "Accept-Ranges": ["bytes"], "Content-Length": ["6087"], "Server": ["Caddy"], "X-Frame-Options": ["DENY"], "X-Xss-Protection": ["1; mode=block"]}}
web         | 2026/09/18 14:32:30.530	[34mINFO[0m	http.log.access.log0	handled request	{"request": {"remote_ip": "127.0.0.1", "remote_port": "48724", "client_ip": "127.0.0.1", "proto": "HTTP/1.1", "method": "GET", "host": "127.0.0.1:3000", "uri": "/", "headers": {"User-Agent": ["curl/8.22.0"], "Accept": ["*/*"]}}, "bytes_read": 0, "user_id": "", "duration": 0.000423936, "size": 6087, "status": 200, "resp_headers": {"Server": ["Caddy"], "X-Content-Type-Options": ["nosniff"], "X-Frame-Options": ["DENY"], "X-Xss-Protection": ["1; mode=block"], "Vary": ["Accept-Encoding"], "Last-Modified": ["Wed, 16 Sep 2026 23:45:14 GMT"], "Accept-Ranges": ["bytes"], "Etag": ["\"dlh52pe14jcw4p3\""], "Content-Type": ["text/html; charset=utf-8"], "Content-Length": ["6087"]}}
web         | 2026/09/18 14:33:00.615	[34mINFO[0m	http.log.access.log0	handled request	{"request": {"remote_ip": "127.0.0.1", "remote_port": "58240", "client_ip": "127.0.0.1", "proto": "HTTP/1.1", "method": "GET", "host": "127.0.0.1:3000", "uri": "/", "headers": {"Accept": ["*/*"], "User-Agent": ["curl/8.22.0"]}}, "bytes_read": 0, "user_id": "", "duration": 0.000678995, "size": 6087, "status": 200, "resp_headers": {"Server": ["Caddy"], "Vary": ["Accept-Encoding"], "Etag": ["\"dlh52pe14jcw4p3\""], "Last-Modified": ["Wed, 16 Sep 2026 23:45:14 GMT"], "Accept-Ranges": ["bytes"], "Content-Length": ["6087"], "X-Content-Type-Options": ["nosniff"], "X-Frame-Options": ["DENY"], "X-Xss-Protection": ["1; mode=block"], "Content-Type": ["text/html; charset=utf-8"]}}
web         | 2026/09/18 14:33:30.695	[34mINFO[0m	http.log.access.log0	handled request	{"request": {"remote_ip": "127.0.0.1", "remote_port": "50080", "client_ip": "127.0.0.1", "proto": "HTTP/1.1", "method": "GET", "host": "127.0.0.1:3000", "uri": "/", "headers": {"User-Agent": ["curl/8.22.0"], "Accept": ["*/*"]}}, "bytes_read": 0, "user_id": "", "duration": 0.000567525, "size": 6087, "status": 200, "resp_headers": {"X-Frame-Options": ["DENY"], "Vary": ["Accept-Encoding"], "Etag": ["\"dlh52pe14jcw4p3\""], "Accept-Ranges": ["bytes"], "Server": ["Caddy"], "X-Content-Type-Options": ["nosniff"], "X-Xss-Protection": ["1; mode=block"], "Content-Type": ["text/html; charset=utf-8"], "Last-Modified": ["Wed, 16 Sep 2026 23:45:14 GMT"], "Content-Length": ["6087"]}}
web         | 2026/09/18 14:34:00.783	[34mINFO[0m	http.log.access.log0	handled request	{"request": {"remote_ip": "127.0.0.1", "remote_port": "37724", "client_ip": "127.0.0.1", "proto": "HTTP/1.1", "method": "GET", "host": "127.0.0.1:3000", "uri": "/", "headers": {"User-Agent": ["curl/8.22.0"], "Accept": ["*/*"]}}, "bytes_read": 0, "user_id": "", "duration": 0.002133242, "size": 6087, "status": 200, "resp_headers": {"Etag": ["\"dlh52pe14jcw4p3\""], "Content-Type": ["text/html; charset=utf-8"], "Accept-Ranges": ["bytes"], "Content-Length": ["6087"], "X-Content-Type-Options": ["nosniff"], "X-Frame-Options": ["DENY"], "Vary": ["Accept-Encoding"], "Last-Modified": ["Wed, 16 Sep 2026 23:45:14 GMT"], "Server": ["Caddy"], "X-Xss-Protection": ["1; mode=block"]}}
web         | 2026/09/18 14:34:30.878	[34mINFO[0m	http.log.access.log0	handled request	{"request": {"remote_ip": "127.0.0.1", "remote_port": "42148", "client_ip": "127.0.0.1", "proto": "HTTP/1.1", "method": "GET", "host": "127.0.0.1:3000", "uri": "/", "headers": {"User-Agent": ["curl/8.22.0"], "Accept": ["*/*"]}}, "bytes_read": 0, "user_id": "", "duration": 0.000581535, "size": 6087, "status": 200, "resp_headers": {"Last-Modified": ["Wed, 16 Sep 2026 23:45:14 GMT"], "Accept-Ranges": ["bytes"], "Content-Length": ["6087"], "X-Frame-Options": ["DENY"], "Vary": ["Accept-Encoding"], "Etag": ["\"dlh52pe14jcw4p3\""], "Content-Type": ["text/html; charset=utf-8"], "Server": ["Caddy"], "X-Content-Type-Options": ["nosniff"], "X-Xss-Protection": ["1; mode=block"]}}
web         | 2026/09/18 14:35:00.967	[34mINFO[0m	http.log.access.log0	handled request	{"request": {"remote_ip": "127.0.0.1", "remote_port": "41494", "client_ip": "127.0.0.1", "proto": "HTTP/1.1", "method": "GET", "host": "127.0.0.1:3000", "uri": "/", "headers": {"User-Agent": ["curl/8.22.0"], "Accept": ["*/*"]}}, "bytes_read": 0, "user_id": "", "duration": 0.000434254, "size": 6087, "status": 200, "resp_headers": {"Vary": ["Accept-Encoding"], "Last-Modified": ["Wed, 16 Sep 2026 23:45:14 GMT"], "Accept-Ranges": ["bytes"], "Content-Length": ["6087"], "X-Frame-Options": ["DENY"], "X-Xss-Protection": ["1; mode=block"], "X-Content-Type-Options": ["nosniff"], "Etag": ["\"dlh52pe14jcw4p3\""], "Content-Type": ["text/html; charset=utf-8"], "Server": ["Caddy"]}}
web         | 2026/09/18 14:35:31.054	[34mINFO[0m	http.log.access.log0	handled request	{"request": {"remote_ip": "127.0.0.1", "remote_port": "49692", "client_ip": "127.0.0.1", "proto": "HTTP/1.1", "method": "GET", "host": "127.0.0.1:3000", "uri": "/", "headers": {"User-Agent": ["curl/8.22.0"], "Accept": ["*/*"]}}, "bytes_read": 0, "user_id": "", "duration": 0.000765539, "size": 6087, "status": 200, "resp_headers": {"Etag": ["\"dlh52pe14jcw4p3\""], "Accept-Ranges": ["bytes"], "X-Content-Type-Options": ["nosniff"], "X-Frame-Options": ["DENY"], "Content-Type": ["text/html; charset=utf-8"], "Last-Modified": ["Wed, 16 Sep 2026 23:45:14 GMT"], "Content-Length": ["6087"], "Server": ["Caddy"], "X-Xss-Protection": ["1; mode=block"], "Vary": ["Accept-Encoding"]}}
web         | 2026/09/18 14:36:01.156	[34mINFO[0m	http.log.access.log0	handled request	{"request": {"remote_ip": "127.0.0.1", "remote_port": "58404", "client_ip": "127.0.0.1", "proto": "HTTP/1.1", "method": "GET", "host": "127.0.0.1:3000", "uri": "/", "headers": {"User-Agent": ["curl/8.22.0"], "Accept": ["*/*"]}}, "bytes_read": 0, "user_id": "", "duration": 0.000939238, "size": 6087, "status": 200, "resp_headers": {"X-Xss-Protection": ["1; mode=block"], "Vary": ["Accept-Encoding"], "Etag": ["\"dlh52pe14jcw4p3\""], "Last-Modified": ["Wed, 16 Sep 2026 23:45:14 GMT"], "Content-Length": ["6087"], "Server": ["Caddy"], "X-Content-Type-Options": ["nosniff"], "X-Frame-Options": ["DENY"], "Content-Type": ["text/html; charset=utf-8"], "Accept-Ranges": ["bytes"]}}
web         | 2026/09/18 14:36:31.233	[34mINFO[0m	http.log.access.log0	handled request	{"request": {"remote_ip": "127.0.0.1", "remote_port": "50212", "client_ip": "127.0.0.1", "proto": "HTTP/1.1", "method": "GET", "host": "127.0.0.1:3000", "uri": "/", "headers": {"User-Agent": ["curl/8.22.0"], "Accept": ["*/*"]}}, "bytes_read": 0, "user_id": "", "duration": 0.000880808, "size": 6087, "status": 200, "resp_headers": {"Vary": ["Accept-Encoding"], "Etag": ["\"dlh52pe14jcw4p3\""], "Content-Length": ["6087"], "Server": ["Caddy"], "X-Frame-Options": ["DENY"], "Content-Type": ["text/html; charset=utf-8"], "Last-Modified": ["Wed, 16 Sep 2026 23:45:14 GMT"], "Accept-Ranges": ["bytes"], "X-Content-Type-Options": ["nosniff"], "X-Xss-Protection": ["1; mode=block"]}}
web         | 2026/09/18 14:37:01.346	[34mINFO[0m	http.log.access.log0	handled request	{"request": {"remote_ip": "127.0.0.1", "remote_port": "52258", "client_ip": "127.0.0.1", "proto": "HTTP/1.1", "method": "GET", "host": "127.0.0.1:3000", "uri": "/", "headers": {"Accept": ["*/*"], "User-Agent": ["curl/8.22.0"]}}, "bytes_read": 0, "user_id": "", "duration": 0.00053244, "size": 6087, "status": 200, "resp_headers": {"X-Xss-Protection": ["1; mode=block"], "Etag": ["\"dlh52pe14jcw4p3\""], "Content-Type": ["text/html; charset=utf-8"], "Last-Modified": ["Wed, 16 Sep 2026 23:45:14 GMT"], "Server": ["Caddy"], "X-Content-Type-Options": ["nosniff"], "X-Frame-Options": ["DENY"], "Vary": ["Accept-Encoding"], "Accept-Ranges": ["bytes"], "Content-Length": ["6087"]}}
web         | 2026/09/18 14:37:31.432	[34mINFO[0m	http.log.access.log0	handled request	{"request": {"remote_ip": "127.0.0.1", "remote_port": "50992", "client_ip": "127.0.0.1", "proto": "HTTP/1.1", "method": "GET", "host": "127.0.0.1:3000", "uri": "/", "headers": {"User-Agent": ["curl/8.22.0"], "Accept": ["*/*"]}}, "bytes_read": 0, "user_id": "", "duration": 0.000411952, "size": 6087, "status": 200, "resp_headers": {"Server": ["Caddy"], "X-Content-Type-Options": ["nosniff"], "X-Frame-Options": ["DENY"], "X-Xss-Protection": ["1; mode=block"], "Content-Type": ["text/html; charset=utf-8"], "Vary": ["Accept-Encoding"], "Etag": ["\"dlh52pe14jcw4p3\""], "Last-Modified": ["Wed, 16 Sep 2026 23:45:14 GMT"], "Accept-Ranges": ["bytes"], "Content-Length": ["6087"]}}
web         | 2026/09/18 14:38:01.537	[34mINFO[0m	http.log.access.log0	handled request	{"request": {"remote_ip": "127.0.0.1", "remote_port": "37328", "client_ip": "127.0.0.1", "proto": "HTTP/1.1", "method": "GET", "host": "127.0.0.1:3000", "uri": "/", "headers": {"Accept": ["*/*"], "User-Agent": ["curl/8.22.0"]}}, "bytes_read": 0, "user_id": "", "duration": 0.00089845, "size": 6087, "status": 200, "resp_headers": {"Server": ["Caddy"], "Vary": ["Accept-Encoding"], "Etag": ["\"dlh52pe14jcw4p3\""], "Last-Modified": ["Wed, 16 Sep 2026 23:45:14 GMT"], "Content-Length": ["6087"], "X-Content-Type-Options": ["nosniff"], "X-Frame-Options": ["DENY"], "X-Xss-Protection": ["1; mode=block"], "Content-Type": ["text/html; charset=utf-8"], "Accept-Ranges": ["bytes"]}}
web         | 2026/09/18 14:38:31.627	[34mINFO[0m	http.log.access.log0	handled request	{"request": {"remote_ip": "127.0.0.1", "remote_port": "37366", "client_ip": "127.0.0.1", "proto": "HTTP/1.1", "method": "GET", "host": "127.0.0.1:3000", "uri": "/", "headers": {"User-Agent": ["curl/8.22.0"], "Accept": ["*/*"]}}, "bytes_read": 0, "user_id": "", "duration": 0.000520561, "size": 6087, "status": 200, "resp_headers": {"X-Content-Type-Options": ["nosniff"], "X-Xss-Protection": ["1; mode=block"], "Vary": ["Accept-Encoding"], "X-Frame-Options": ["DENY"], "Etag": ["\"dlh52pe14jcw4p3\""], "Content-Type": ["text/html; charset=utf-8"], "Last-Modified": ["Wed, 16 Sep 2026 23:45:14 GMT"], "Accept-Ranges": ["bytes"], "Content-Length": ["6087"], "Server": ["Caddy"]}}
web         | 2026/09/18 14:39:01.743	[34mINFO[0m	http.log.access.log0	handled request	{"request": {"remote_ip": "127.0.0.1", "remote_port": "40906", "client_ip": "127.0.0.1", "proto": "HTTP/1.1", "method": "GET", "host": "127.0.0.1:3000", "uri": "/", "headers": {"User-Agent": ["curl/8.22.0"], "Accept": ["*/*"]}}, "bytes_read": 0, "user_id": "", "duration": 0.000582623, "size": 6087, "status": 200, "resp_headers": {"X-Content-Type-Options": ["nosniff"], "X-Xss-Protection": ["1; mode=block"], "Etag": ["\"dlh52pe14jcw4p3\""], "Content-Type": ["text/html; charset=utf-8"], "Last-Modified": ["Wed, 16 Sep 2026 23:45:14 GMT"], "Content-Length": ["6087"], "Server": ["Caddy"], "X-Frame-Options": ["DENY"], "Vary": ["Accept-Encoding"], "Accept-Ranges": ["bytes"]}}
web         | 2026/09/18 14:39:31.820	[34mINFO[0m	http.log.access.log0	handled request	{"request": {"remote_ip": "127.0.0.1", "remote_port": "32820", "client_ip": "127.0.0.1", "proto": "HTTP/1.1", "method": "GET", "host": "127.0.0.1:3000", "uri": "/", "headers": {"User-Agent": ["curl/8.22.0"], "Accept": ["*/*"]}}, "bytes_read": 0, "user_id": "", "duration": 0.001172975, "size": 6087, "status": 200, "resp_headers": {"X-Xss-Protection": ["1; mode=block"], "Etag": ["\"dlh52pe14jcw4p3\""], "X-Frame-Options": ["DENY"], "Vary": ["Accept-Encoding"], "Content-Type": ["text/html; charset=utf-8"], "Last-Modified": ["Wed, 16 Sep 2026 23:45:14 GMT"], "Accept-Ranges": ["bytes"], "Content-Length": ["6087"], "Server": ["Caddy"], "X-Content-Type-Options": ["nosniff"]}}
web         | 2026/09/18 14:40:01.954	[34mINFO[0m	http.log.access.log0	handled request	{"request": {"remote_ip": "127.0.0.1", "remote_port": "44852", "client_ip": "127.0.0.1", "proto": "HTTP/1.1", "method": "GET", "host": "127.0.0.1:3000", "uri": "/", "headers": {"Accept": ["*/*"], "User-Agent": ["curl/8.22.0"]}}, "bytes_read": 0, "user_id": "", "duration": 0.011506674, "size": 6087, "status": 200, "resp_headers": {"Server": ["Caddy"], "X-Frame-Options": ["DENY"], "Vary": ["Accept-Encoding"], "Last-Modified": ["Wed, 16 Sep 2026 23:45:14 GMT"], "Accept-Ranges": ["bytes"], "X-Content-Type-Options": ["nosniff"], "X-Xss-Protection": ["1; mode=block"], "Etag": ["\"dlh52pe14jcw4p3\""], "Content-Type": ["text/html; charset=utf-8"], "Content-Length": ["6087"]}}
web         | 2026/09/18 14:40:32.057	[34mINFO[0m	http.log.access.log0	handled request	{"request": {"remote_ip": "127.0.0.1", "remote_port": "39072", "client_ip": "127.0.0.1", "proto": "HTTP/1.1", "method": "GET", "host": "127.0.0.1:3000", "uri": "/", "headers": {"User-Agent": ["curl/8.22.0"], "Accept": ["*/*"]}}, "bytes_read": 0, "user_id": "", "duration": 0.000548556, "size": 6087, "status": 200, "resp_headers": {"X-Frame-Options": ["DENY"], "X-Content-Type-Options": ["nosniff"], "Content-Type": ["text/html; charset=utf-8"], "Last-Modified": ["Wed, 16 Sep 2026 23:45:14 GMT"], "Accept-Ranges": ["bytes"], "Server": ["Caddy"], "X-Xss-Protection": ["1; mode=block"], "Vary": ["Accept-Encoding"], "Etag": ["\"dlh52pe14jcw4p3\""], "Content-Length": ["6087"]}}
web         | 2026/09/18 14:41:02.162	[34mINFO[0m	http.log.access.log0	handled request	{"request": {"remote_ip": "127.0.0.1", "remote_port": "34362", "client_ip": "127.0.0.1", "proto": "HTTP/1.1", "method": "GET", "host": "127.0.0.1:3000", "uri": "/", "headers": {"Accept": ["*/*"], "User-Agent": ["curl/8.22.0"]}}, "bytes_read": 0, "user_id": "", "duration": 0.00063914, "size": 6087, "status": 200, "resp_headers": {"X-Content-Type-Options": ["nosniff"], "X-Frame-Options": ["DENY"], "Etag": ["\"dlh52pe14jcw4p3\""], "Last-Modified": ["Wed, 16 Sep 2026 23:45:14 GMT"], "Content-Length": ["6087"], "Server": ["Caddy"], "X-Xss-Protection": ["1; mode=block"], "Vary": ["Accept-Encoding"], "Content-Type": ["text/html; charset=utf-8"], "Accept-Ranges": ["bytes"]}}
web         | 2026/09/18 14:41:32.288	[34mINFO[0m	http.log.access.log0	handled request	{"request": {"remote_ip": "127.0.0.1", "remote_port": "45806", "client_ip": "127.0.0.1", "proto": "HTTP/1.1", "method": "GET", "host": "127.0.0.1:3000", "uri": "/", "headers": {"User-Agent": ["curl/8.22.0"], "Accept": ["*/*"]}}, "bytes_read": 0, "user_id": "", "duration": 0.000447306, "size": 6087, "status": 200, "resp_headers": {"Server": ["Caddy"], "X-Content-Type-Options": ["nosniff"], "X-Xss-Protection": ["1; mode=block"], "Content-Type": ["text/html; charset=utf-8"], "Content-Length": ["6087"], "X-Frame-Options": ["DENY"], "Vary": ["Accept-Encoding"], "Etag": ["\"dlh52pe14jcw4p3\""], "Last-Modified": ["Wed, 16 Sep 2026 23:45:14 GMT"], "Accept-Ranges": ["bytes"]}}
web         | 2026/09/18 14:42:02.674	[34mINFO[0m	http.log.access.log0	handled request	{"request": {"remote_ip": "127.0.0.1", "remote_port": "53744", "client_ip": "127.0.0.1", "proto": "HTTP/1.1", "method": "GET", "host": "127.0.0.1:3000", "uri": "/", "headers": {"User-Agent": ["curl/8.22.0"], "Accept": ["*/*"]}}, "bytes_read": 0, "user_id": "", "duration": 0.000500438, "size": 6087, "status": 200, "resp_headers": {"Server": ["Caddy"], "X-Content-Type-Options": ["nosniff"], "X-Xss-Protection": ["1; mode=block"], "Vary": ["Accept-Encoding"], "Accept-Ranges": ["bytes"], "X-Frame-Options": ["DENY"], "Etag": ["\"dlh52pe14jcw4p3\""], "Content-Type": ["text/html; charset=utf-8"], "Last-Modified": ["Wed, 16 Sep 2026 23:45:14 GMT"], "Content-Length": ["6087"]}}
web         | 2026/09/18 14:42:33.255	[34mINFO[0m	http.log.access.log0	handled request	{"request": {"remote_ip": "127.0.0.1", "remote_port": "46362", "client_ip": "127.0.0.1", "proto": "HTTP/1.1", "method": "GET", "host": "127.0.0.1:3000", "uri": "/", "headers": {"Accept": ["*/*"], "User-Agent": ["curl/8.22.0"]}}, "bytes_read": 0, "user_id": "", "duration": 0.000452778, "size": 6087, "status": 200, "resp_headers": {"Vary": ["Accept-Encoding"], "Content-Type": ["text/html; charset=utf-8"], "Content-Length": ["6087"], "Server": ["Caddy"], "X-Xss-Protection": ["1; mode=block"], "Etag": ["\"dlh52pe14jcw4p3\""], "Last-Modified": ["Wed, 16 Sep 2026 23:45:14 GMT"], "Accept-Ranges": ["bytes"], "X-Content-Type-Options": ["nosniff"], "X-Frame-Options": ["DENY"]}}
web         | 2026/09/18 14:43:03.654	[34mINFO[0m	http.log.access.log0	handled request	{"request": {"remote_ip": "127.0.0.1", "remote_port": "48312", "client_ip": "127.0.0.1", "proto": "HTTP/1.1", "method": "GET", "host": "127.0.0.1:3000", "uri": "/", "headers": {"User-Agent": ["curl/8.22.0"], "Accept": ["*/*"]}}, "bytes_read": 0, "user_id": "", "duration": 0.024756611, "size": 6087, "status": 200, "resp_headers": {"X-Content-Type-Options": ["nosniff"], "X-Frame-Options": ["DENY"], "X-Xss-Protection": ["1; mode=block"], "Etag": ["\"dlh52pe14jcw4p3\""], "Content-Length": ["6087"], "Vary": ["Accept-Encoding"], "Content-Type": ["text/html; charset=utf-8"], "Last-Modified": ["Wed, 16 Sep 2026 23:45:14 GMT"], "Accept-Ranges": ["bytes"], "Server": ["Caddy"]}}
web         | 2026/09/18 14:43:34.042	[34mINFO[0m	http.log.access.log0	handled request	{"request": {"remote_ip": "127.0.0.1", "remote_port": "39280", "client_ip": "127.0.0.1", "proto": "HTTP/1.1", "method": "GET", "host": "127.0.0.1:3000", "uri": "/", "headers": {"User-Agent": ["curl/8.22.0"], "Accept": ["*/*"]}}, "bytes_read": 0, "user_id": "", "duration": 0.000673643, "size": 6087, "status": 200, "resp_headers": {"Content-Type": ["text/html; charset=utf-8"], "Last-Modified": ["Wed, 16 Sep 2026 23:45:14 GMT"], "Accept-Ranges": ["bytes"], "Server": ["Caddy"], "X-Xss-Protection": ["1; mode=block"], "Etag": ["\"dlh52pe14jcw4p3\""], "Content-Length": ["6087"], "X-Content-Type-Options": ["nosniff"], "X-Frame-Options": ["DENY"], "Vary": ["Accept-Encoding"]}}
web         | 2026/09/18 14:44:04.484	[34mINFO[0m	http.log.access.log0	handled request	{"request": {"remote_ip": "127.0.0.1", "remote_port": "43772", "client_ip": "127.0.0.1", "proto": "HTTP/1.1", "method": "GET", "host": "127.0.0.1:3000", "uri": "/", "headers": {"User-Agent": ["curl/8.22.0"], "Accept": ["*/*"]}}, "bytes_read": 0, "user_id": "", "duration": 0.003832576, "size": 6087, "status": 200, "resp_headers": {"Server": ["Caddy"], "X-Xss-Protection": ["1; mode=block"], "X-Frame-Options": ["DENY"], "Last-Modified": ["Wed, 16 Sep 2026 23:45:14 GMT"], "Accept-Ranges": ["bytes"], "Content-Length": ["6087"], "X-Content-Type-Options": ["nosniff"], "Vary": ["Accept-Encoding"], "Etag": ["\"dlh52pe14jcw4p3\""], "Content-Type": ["text/html; charset=utf-8"]}}
web         | 2026/09/18 14:44:34.830	[34mINFO[0m	http.log.access.log0	handled request	{"request": {"remote_ip": "127.0.0.1", "remote_port": "51466", "client_ip": "127.0.0.1", "proto": "HTTP/1.1", "method": "GET", "host": "127.0.0.1:3000", "uri": "/", "headers": {"User-Agent": ["curl/8.22.0"], "Accept": ["*/*"]}}, "bytes_read": 0, "user_id": "", "duration": 0.00512358, "size": 6087, "status": 200, "resp_headers": {"X-Frame-Options": ["DENY"], "Content-Length": ["6087"], "X-Content-Type-Options": ["nosniff"], "X-Xss-Protection": ["1; mode=block"], "Vary": ["Accept-Encoding"], "Etag": ["\"dlh52pe14jcw4p3\""], "Content-Type": ["text/html; charset=utf-8"], "Last-Modified": ["Wed, 16 Sep 2026 23:45:14 GMT"], "Accept-Ranges": ["bytes"], "Server": ["Caddy"]}}
web         | 2026/09/18 14:45:05.395	[34mINFO[0m	http.log.access.log0	handled request	{"request": {"remote_ip": "127.0.0.1", "remote_port": "38980", "client_ip": "127.0.0.1", "proto": "HTTP/1.1", "method": "GET", "host": "127.0.0.1:3000", "uri": "/", "headers": {"User-Agent": ["curl/8.22.0"], "Accept": ["*/*"]}}, "bytes_read": 0, "user_id": "", "duration": 0.002887904, "size": 6087, "status": 200, "resp_headers": {"Content-Type": ["text/html; charset=utf-8"], "Last-Modified": ["Wed, 16 Sep 2026 23:45:14 GMT"], "Accept-Ranges": ["bytes"], "X-Xss-Protection": ["1; mode=block"], "Etag": ["\"dlh52pe14jcw4p3\""], "Content-Length": ["6087"], "Server": ["Caddy"], "X-Content-Type-Options": ["nosniff"], "X-Frame-Options": ["DENY"], "Vary": ["Accept-Encoding"]}}
web         | 2026/09/18 14:45:35.761	[34mINFO[0m	http.log.access.log0	handled request	{"request": {"remote_ip": "127.0.0.1", "remote_port": "48944", "client_ip": "127.0.0.1", "proto": "HTTP/1.1", "method": "GET", "host": "127.0.0.1:3000", "uri": "/", "headers": {"User-Agent": ["curl/8.22.0"], "Accept": ["*/*"]}}, "bytes_read": 0, "user_id": "", "duration": 0.000592743, "size": 6087, "status": 200, "resp_headers": {"Server": ["Caddy"], "X-Content-Type-Options": ["nosniff"], "Vary": ["Accept-Encoding"], "Etag": ["\"dlh52pe14jcw4p3\""], "Last-Modified": ["Wed, 16 Sep 2026 23:45:14 GMT"], "Accept-Ranges": ["bytes"], "X-Frame-Options": ["DENY"], "X-Xss-Protection": ["1; mode=block"], "Content-Type": ["text/html; charset=utf-8"], "Content-Length": ["6087"]}}
web         | 2026/09/18 14:46:06.114	[34mINFO[0m	http.log.access.log0	handled request	{"request": {"remote_ip": "127.0.0.1", "remote_port": "37100", "client_ip": "127.0.0.1", "proto": "HTTP/1.1", "method": "GET", "host": "127.0.0.1:3000", "uri": "/", "headers": {"Accept": ["*/*"], "User-Agent": ["curl/8.22.0"]}}, "bytes_read": 0, "user_id": "", "duration": 0.001389782, "size": 6087, "status": 200, "resp_headers": {"Server": ["Caddy"], "X-Xss-Protection": ["1; mode=block"], "Etag": ["\"dlh52pe14jcw4p3\""], "Content-Type": ["text/html; charset=utf-8"], "X-Content-Type-Options": ["nosniff"], "X-Frame-Options": ["DENY"], "Vary": ["Accept-Encoding"], "Last-Modified": ["Wed, 16 Sep 2026 23:45:14 GMT"], "Accept-Ranges": ["bytes"], "Content-Length": ["6087"]}}
web         | 2026/09/18 14:46:36.569	[34mINFO[0m	http.log.access.log0	handled request	{"request": {"remote_ip": "127.0.0.1", "remote_port": "52426", "client_ip": "127.0.0.1", "proto": "HTTP/1.1", "method": "GET", "host": "127.0.0.1:3000", "uri": "/", "headers": {"User-Agent": ["curl/8.22.0"], "Accept": ["*/*"]}}, "bytes_read": 0, "user_id": "", "duration": 0.008120569, "size": 6087, "status": 200, "resp_headers": {"Vary": ["Accept-Encoding"], "Etag": ["\"dlh52pe14jcw4p3\""], "Accept-Ranges": ["bytes"], "Server": ["Caddy"], "X-Content-Type-Options": ["nosniff"], "Content-Type": ["text/html; charset=utf-8"], "Last-Modified": ["Wed, 16 Sep 2026 23:45:14 GMT"], "Content-Length": ["6087"], "X-Frame-Options": ["DENY"], "X-Xss-Protection": ["1; mode=block"]}}
web         | 2026/09/18 14:47:06.998	[34mINFO[0m	http.log.access.log0	handled request	{"request": {"remote_ip": "127.0.0.1", "remote_port": "47036", "client_ip": "127.0.0.1", "proto": "HTTP/1.1", "method": "GET", "host": "127.0.0.1:3000", "uri": "/", "headers": {"Accept": ["*/*"], "User-Agent": ["curl/8.22.0"]}}, "bytes_read": 0, "user_id": "", "duration": 0.004799022, "size": 6087, "status": 200, "resp_headers": {"Server": ["Caddy"], "X-Xss-Protection": ["1; mode=block"], "X-Content-Type-Options": ["nosniff"], "X-Frame-Options": ["DENY"], "Vary": ["Accept-Encoding"], "Etag": ["\"dlh52pe14jcw4p3\""], "Content-Type": ["text/html; charset=utf-8"], "Last-Modified": ["Wed, 16 Sep 2026 23:45:14 GMT"], "Accept-Ranges": ["bytes"], "Content-Length": ["6087"]}}
web         | 2026/09/18 14:47:37.327	[34mINFO[0m	http.log.access.log0	handled request	{"request": {"remote_ip": "127.0.0.1", "remote_port": "45198", "client_ip": "127.0.0.1", "proto": "HTTP/1.1", "method": "GET", "host": "127.0.0.1:3000", "uri": "/", "headers": {"User-Agent": ["curl/8.22.0"], "Accept": ["*/*"]}}, "bytes_read": 0, "user_id": "", "duration": 0.003176885, "size": 6087, "status": 200, "resp_headers": {"Vary": ["Accept-Encoding"], "Content-Type": ["text/html; charset=utf-8"], "Last-Modified": ["Wed, 16 Sep 2026 23:45:14 GMT"], "Accept-Ranges": ["bytes"], "Content-Length": ["6087"], "X-Content-Type-Options": ["nosniff"], "Etag": ["\"dlh52pe14jcw4p3\""], "Server": ["Caddy"], "X-Frame-Options": ["DENY"], "X-Xss-Protection": ["1; mode=block"]}}
web         | 2026/09/18 14:48:07.727	[34mINFO[0m	http.log.access.log0	handled request	{"request": {"remote_ip": "127.0.0.1", "remote_port": "53712", "client_ip": "127.0.0.1", "proto": "HTTP/1.1", "method": "GET", "host": "127.0.0.1:3000", "uri": "/", "headers": {"User-Agent": ["curl/8.22.0"], "Accept": ["*/*"]}}, "bytes_read": 0, "user_id": "", "duration": 0.003433696, "size": 6087, "status": 200, "resp_headers": {"Etag": ["\"dlh52pe14jcw4p3\""], "Accept-Ranges": ["bytes"], "X-Content-Type-Options": ["nosniff"], "Vary": ["Accept-Encoding"], "Content-Type": ["text/html; charset=utf-8"], "Last-Modified": ["Wed, 16 Sep 2026 23:45:14 GMT"], "Content-Length": ["6087"], "Server": ["Caddy"], "X-Frame-Options": ["DENY"], "X-Xss-Protection": ["1; mode=block"]}}
web         | 2026/09/18 14:48:38.086	[34mINFO[0m	http.log.access.log0	handled request	{"request": {"remote_ip": "127.0.0.1", "remote_port": "52940", "client_ip": "127.0.0.1", "proto": "HTTP/1.1", "method": "GET", "host": "127.0.0.1:3000", "uri": "/", "headers": {"User-Agent": ["curl/8.22.0"], "Accept": ["*/*"]}}, "bytes_read": 0, "user_id": "", "duration": 0.002657525, "size": 6087, "status": 200, "resp_headers": {"Server": ["Caddy"], "X-Content-Type-Options": ["nosniff"], "X-Frame-Options": ["DENY"], "Vary": ["Accept-Encoding"], "Etag": ["\"dlh52pe14jcw4p3\""], "X-Xss-Protection": ["1; mode=block"], "Content-Type": ["text/html; charset=utf-8"], "Last-Modified": ["Wed, 16 Sep 2026 23:45:14 GMT"], "Accept-Ranges": ["bytes"], "Content-Length": ["6087"]}}
admin       | 2026/09/18 14:12:19.121	[34mINFO[0m	http.log.access.log0	handled request	{"request": {"remote_ip": "127.0.0.1", "remote_port": "33920", "client_ip": "127.0.0.1", "proto": "HTTP/1.1", "method": "GET", "host": "127.0.0.1:3000", "uri": "/god-mode", "headers": {"Accept": ["*/*"], "User-Agent": ["curl/8.20.0"]}}, "bytes_read": 0, "user_id": "", "duration": 0.000816655, "size": 5589, "status": 200, "resp_headers": {"Server": ["Caddy"], "X-Xss-Protection": ["1; mode=block"], "Etag": ["\"dlbu270dl7284b9\""], "Content-Type": ["text/html; charset=utf-8"], "Last-Modified": ["Thu, 10 Sep 2026 18:04:02 GMT"], "Accept-Ranges": ["bytes"], "X-Content-Type-Options": ["nosniff"], "X-Frame-Options": ["DENY"], "Vary": ["Accept-Encoding"], "Content-Length": ["5589"]}}
admin       | 2026/09/18 14:12:49.268	[34mINFO[0m	http.log.access.log0	handled request	{"request": {"remote_ip": "127.0.0.1", "remote_port": "42896", "client_ip": "127.0.0.1", "proto": "HTTP/1.1", "method": "GET", "host": "127.0.0.1:3000", "uri": "/god-mode", "headers": {"Accept": ["*/*"], "User-Agent": ["curl/8.20.0"]}}, "bytes_read": 0, "user_id": "", "duration": 0.000534818, "size": 5589, "status": 200, "resp_headers": {"X-Xss-Protection": ["1; mode=block"], "Etag": ["\"dlbu270dl7284b9\""], "Content-Type": ["text/html; charset=utf-8"], "Accept-Ranges": ["bytes"], "Content-Length": ["5589"], "Server": ["Caddy"], "X-Frame-Options": ["DENY"], "Vary": ["Accept-Encoding"], "Last-Modified": ["Thu, 10 Sep 2026 18:04:02 GMT"], "X-Content-Type-Options": ["nosniff"]}}
admin       | 2026/09/18 14:13:19.346	[34mINFO[0m	http.log.access.log0	handled request	{"request": {"remote_ip": "127.0.0.1", "remote_port": "51364", "client_ip": "127.0.0.1", "proto": "HTTP/1.1", "method": "GET", "host": "127.0.0.1:3000", "uri": "/god-mode", "headers": {"User-Agent": ["curl/8.20.0"], "Accept": ["*/*"]}}, "bytes_read": 0, "user_id": "", "duration": 0.000613046, "size": 5589, "status": 200, "resp_headers": {"Accept-Ranges": ["bytes"], "Server": ["Caddy"], "X-Frame-Options": ["DENY"], "X-Xss-Protection": ["1; mode=block"], "Vary": ["Accept-Encoding"], "Last-Modified": ["Thu, 10 Sep 2026 18:04:02 GMT"], "Content-Length": ["5589"], "X-Content-Type-Options": ["nosniff"], "Etag": ["\"dlbu270dl7284b9\""], "Content-Type": ["text/html; charset=utf-8"]}}
admin       | 2026/09/18 14:13:49.432	[34mINFO[0m	http.log.access.log0	handled request	{"request": {"remote_ip": "127.0.0.1", "remote_port": "51042", "client_ip": "127.0.0.1", "proto": "HTTP/1.1", "method": "GET", "host": "127.0.0.1:3000", "uri": "/god-mode", "headers": {"User-Agent": ["curl/8.20.0"], "Accept": ["*/*"]}}, "bytes_read": 0, "user_id": "", "duration": 0.000681555, "size": 5589, "status": 200, "resp_headers": {"Content-Length": ["5589"], "Server": ["Caddy"], "X-Content-Type-Options": ["nosniff"], "X-Frame-Options": ["DENY"], "X-Xss-Protection": ["1; mode=block"], "Last-Modified": ["Thu, 10 Sep 2026 18:04:02 GMT"], "Accept-Ranges": ["bytes"], "Vary": ["Accept-Encoding"], "Etag": ["\"dlbu270dl7284b9\""], "Content-Type": ["text/html; charset=utf-8"]}}
admin       | 2026/09/18 14:14:19.522	[34mINFO[0m	http.log.access.log0	handled request	{"request": {"remote_ip": "127.0.0.1", "remote_port": "39110", "client_ip": "127.0.0.1", "proto": "HTTP/1.1", "method": "GET", "host": "127.0.0.1:3000", "uri": "/god-mode", "headers": {"User-Agent": ["curl/8.20.0"], "Accept": ["*/*"]}}, "bytes_read": 0, "user_id": "", "duration": 0.002637722, "size": 5589, "status": 200, "resp_headers": {"Accept-Ranges": ["bytes"], "X-Content-Type-Options": ["nosniff"], "Vary": ["Accept-Encoding"], "Content-Length": ["5589"], "Server": ["Caddy"], "X-Frame-Options": ["DENY"], "X-Xss-Protection": ["1; mode=block"], "Etag": ["\"dlbu270dl7284b9\""], "Content-Type": ["text/html; charset=utf-8"], "Last-Modified": ["Thu, 10 Sep 2026 18:04:02 GMT"]}}
admin       | 2026/09/18 14:14:49.617	[34mINFO[0m	http.log.access.log0	handled request	{"request": {"remote_ip": "127.0.0.1", "remote_port": "45416", "client_ip": "127.0.0.1", "proto": "HTTP/1.1", "method": "GET", "host": "127.0.0.1:3000", "uri": "/god-mode", "headers": {"User-Agent": ["curl/8.20.0"], "Accept": ["*/*"]}}, "bytes_read": 0, "user_id": "", "duration": 0.000467398, "size": 5589, "status": 200, "resp_headers": {"Last-Modified": ["Thu, 10 Sep 2026 18:04:02 GMT"], "Accept-Ranges": ["bytes"], "Server": ["Caddy"], "X-Xss-Protection": ["1; mode=block"], "Vary": ["Accept-Encoding"], "Etag": ["\"dlbu270dl7284b9\""], "Content-Length": ["5589"], "X-Content-Type-Options": ["nosniff"], "X-Frame-Options": ["DENY"], "Content-Type": ["text/html; charset=utf-8"]}}
grist-1     | 2026-09-18 14:41:06.038 - [32minfo[39m: Loading config file from /persist/config.json
api         | {"levelname": "INFO", "asctime": "2026-09-18 10:04:29,624", "module": "logger", "name": "plane.api.request", "message": "GET /api/workspaces/brune4ai/projects/8fd2a982-478c-479c-aeac-820e97299186/ 200", "path": "/api/workspaces/brune4ai/projects/8fd2a982-478c-479c-aeac-820e97299186/", "method": "GET", "status_code": 200, "duration_ms": 249, "remote_addr": "119.160.190.240", "user_agent": "Mozilla/5.0 (Windows NT 10.0; Win64; x64) AppleWebKit/537.36 (KHTML, like Gecko) Chrome/153.0.0.0 Safari/537.36 Edg/153.0.0.0", "user_id": "57ff78ef-f40f-4d8d-bca3-7e302fe916ca"}
grist-1     | 2026-09-18 14:41:06.057 - [34mdebug[39m: 3-pipe Sandbox started sandboxPid=65, flavor=gvisor, command=undefined, entryPoint=(default)
api         | {"levelname": "INFO", "asctime": "2026-09-18 10:06:28,505", "module": "logger", "name": "plane.api.request", "message": "GET /api/workspaces/brune4ai/users/notifications/unread/ 200", "path": "/api/workspaces/brune4ai/users/notifications/unread/", "method": "GET", "status_code": 200, "duration_ms": 151, "remote_addr": "119.160.190.240", "user_agent": "Mozilla/5.0 (Windows NT 10.0; Win64; x64) AppleWebKit/537.36 (KHTML, like Gecko) Chrome/153.0.0.0 Safari/537.36 Edg/153.0.0.0", "user_id": "57ff78ef-f40f-4d8d-bca3-7e302fe916ca"}
api         | {"levelname": "INFO", "asctime": "2026-09-18 10:06:28,565", "module": "logger", "name": "plane.api.request", "message": "GET /api/workspaces/brune4ai/projects/8fd2a982-478c-479c-aeac-820e97299186/project-members/me/ 200", "path": "/api/workspaces/brune4ai/projects/8fd2a982-478c-479c-aeac-820e97299186/project-members/me/", "method": "GET", "status_code": 200, "duration_ms": 212, "remote_addr": "119.160.190.240", "user_agent": "Mozilla/5.0 (Windows NT 10.0; Win64; x64) AppleWebKit/537.36 (KHTML, like Gecko) Chrome/153.0.0.0 Safari/537.36 Edg/153.0.0.0", "user_id": "57ff78ef-f40f-4d8d-bca3-7e302fe916ca"}
api         | {"levelname": "INFO", "asctime": "2026-09-18 10:06:28,676", "module": "logger", "name": "plane.api.request", "message": "GET /api/workspaces/brune4ai/projects/8fd2a982-478c-479c-aeac-820e97299186/ 200", "path": "/api/workspaces/brune4ai/projects/8fd2a982-478c-479c-aeac-820e97299186/", "method": "GET", "status_code": 200, "duration_ms": 311, "remote_addr": "119.160.190.240", "user_agent": "Mozilla/5.0 (Windows NT 10.0; Win64; x64) AppleWebKit/537.36 (KHTML, like Gecko) Chrome/153.0.0.0 Safari/537.36 Edg/153.0.0.0", "user_id": "57ff78ef-f40f-4d8d-bca3-7e302fe916ca"}
api         | {"levelname": "INFO", "asctime": "2026-09-18 10:08:35,283", "module": "logger", "name": "plane.api.request", "message": "GET /api/users/me/copilot-identity/ 200", "path": "/api/users/me/copilot-identity/", "method": "GET", "status_code": 200, "duration_ms": 683, "remote_addr": "119.160.190.240", "user_agent": "Mozilla/5.0 (Windows NT 10.0; Win64; x64) AppleWebKit/537.36 (KHTML, like Gecko) Chrome/153.0.0.0 Safari/537.36 Edg/153.0.0.0", "user_id": "57ff78ef-f40f-4d8d-bca3-7e302fe916ca"}
api         | {"levelname": "INFO", "asctime": "2026-09-18 10:13:09,385", "module": "logger", "name": "plane.api.request", "message": "GET /api/users/me/copilot-identity/ 200", "path": "/api/users/me/copilot-identity/", "method": "GET", "status_code": 200, "duration_ms": 1502, "remote_addr": "119.160.190.240", "user_agent": "Mozilla/5.0 (Windows NT 10.0; Win64; x64) AppleWebKit/537.36 (KHTML, like Gecko) Chrome/153.0.0.0 Safari/537.36 Edg/153.0.0.0", "user_id": "57ff78ef-f40f-4d8d-bca3-7e302fe916ca"}
api         | {"levelname": "INFO", "asctime": "2026-09-18 10:17:41,875", "module": "logger", "name": "plane.api.request", "message": "GET /api/users/me/copilot-identity/ 200", "path": "/api/users/me/copilot-identity/", "method": "GET", "status_code": 200, "duration_ms": 369, "remote_addr": "119.160.190.240", "user_agent": "Mozilla/5.0 (Windows NT 10.0; Win64; x64) AppleWebKit/537.36 (KHTML, like Gecko) Chrome/153.0.0.0 Safari/537.36 Edg/153.0.0.0", "user_id": "57ff78ef-f40f-4d8d-bca3-7e302fe916ca"}
api         | {"levelname": "INFO", "asctime": "2026-09-18 11:30:53,771", "module": "logger", "name": "plane.api.request", "message": "GET /api/users/me/copilot-identity/ 200", "path": "/api/users/me/copilot-identity/", "method": "GET", "status_code": 200, "duration_ms": 1767, "remote_addr": "119.160.190.240", "user_agent": "Mozilla/5.0 (Windows NT 10.0; Win64; x64) AppleWebKit/537.36 (KHTML, like Gecko) Chrome/153.0.0.0 Safari/537.36 Edg/153.0.0.0", "user_id": "57ff78ef-f40f-4d8d-bca3-7e302fe916ca"}
api         | {"levelname": "INFO", "asctime": "2026-09-18 11:30:53,963", "module": "logger", "name": "plane.api.request", "message": "GET /api/workspaces/brune4ai/users/notifications/unread/ 200", "path": "/api/workspaces/brune4ai/users/notifications/unread/", "method": "GET", "status_code": 200, "duration_ms": 2509, "remote_addr": "119.160.190.240", "user_agent": "Mozilla/5.0 (Windows NT 10.0; Win64; x64) AppleWebKit/537.36 (KHTML, like Gecko) Chrome/153.0.0.0 Safari/537.36 Edg/153.0.0.0", "user_id": "57ff78ef-f40f-4d8d-bca3-7e302fe916ca"}
api         | {"levelname": "INFO", "asctime": "2026-09-18 11:30:54,854", "module": "logger", "name": "plane.api.request", "message": "GET /api/workspaces/brune4ai/projects/8fd2a982-478c-479c-aeac-820e97299186/project-members/me/ 200", "path": "/api/workspaces/brune4ai/projects/8fd2a982-478c-479c-aeac-820e97299186/project-members/me/", "method": "GET", "status_code": 200, "duration_ms": 3406, "remote_addr": "119.160.190.240", "user_agent": "Mozilla/5.0 (Windows NT 10.0; Win64; x64) AppleWebKit/537.36 (KHTML, like Gecko) Chrome/153.0.0.0 Safari/537.36 Edg/153.0.0.0", "user_id": "57ff78ef-f40f-4d8d-bca3-7e302fe916ca"}
api         | {"levelname": "INFO", "asctime": "2026-09-18 11:30:56,323", "module": "logger", "name": "plane.api.request", "message": "GET /api/workspaces/brune4ai/projects/8fd2a982-478c-479c-aeac-820e97299186/ 200", "path": "/api/workspaces/brune4ai/projects/8fd2a982-478c-479c-aeac-820e97299186/", "method": "GET", "status_code": 200, "duration_ms": 4337, "remote_addr": "119.160.190.240", "user_agent": "Mozilla/5.0 (Windows NT 10.0; Win64; x64) AppleWebKit/537.36 (KHTML, like Gecko) Chrome/153.0.0.0 Safari/537.36 Edg/153.0.0.0", "user_id": "57ff78ef-f40f-4d8d-bca3-7e302fe916ca"}
api         | {"levelname": "INFO", "asctime": "2026-09-18 11:30:56,557", "module": "logger", "name": "plane.api.request", "message": "GET /api/workspaces/brune4ai/projects/8fd2a982-478c-479c-aeac-820e97299186/issues/992faf47-6a3e-4bce-acf5-7a3935555241/?expand=issue_reactions,issue_attachments,issue_link,parent 200", "path": "/api/workspaces/brune4ai/projects/8fd2a982-478c-479c-aeac-820e97299186/issues/992faf47-6a3e-4bce-acf5-7a3935555241/", "method": "GET", "status_code": 200, "duration_ms": 4194, "remote_addr": "119.160.190.240", "user_agent": "Mozilla/5.0 (Windows NT 10.0; Win64; x64) AppleWebKit/537.36 (KHTML, like Gecko) Chrome/153.0.0.0 Safari/537.36 Edg/153.0.0.0", "user_id": "57ff78ef-f40f-4d8d-bca3-7e302fe916ca"}
api         | {"levelname": "INFO", "asctime": "2026-09-18 11:30:58,435", "module": "logger", "name": "plane.api.request", "message": "GET /api/workspaces/brune4ai/projects/8fd2a982-478c-479c-aeac-820e97299186/states/ 200", "path": "/api/workspaces/brune4ai/projects/8fd2a982-478c-479c-aeac-820e97299186/states/", "method": "GET", "status_code": 200, "duration_ms": 1723, "remote_addr": "119.160.190.240", "user_agent": "Mozilla/5.0 (Windows NT 10.0; Win64; x64) AppleWebKit/537.36 (KHTML, like Gecko) Chrome/153.0.0.0 Safari/537.36 Edg/153.0.0.0", "user_id": "57ff78ef-f40f-4d8d-bca3-7e302fe916ca"}
api         | {"levelname": "INFO", "asctime": "2026-09-18 11:30:58,794", "module": "logger", "name": "plane.api.request", "message": "GET /api/workspaces/brune4ai/projects/8fd2a982-478c-479c-aeac-820e97299186/work-items/992faf47-6a3e-4bce-acf5-7a3935555241/description-versions/ 200", "path": "/api/workspaces/brune4ai/projects/8fd2a982-478c-479c-aeac-820e97299186/work-items/992faf47-6a3e-4bce-acf5-7a3935555241/description-versions/", "method": "GET", "status_code": 200, "duration_ms": 1812, "remote_addr": "119.160.190.240", "user_agent": "Mozilla/5.0 (Windows NT 10.0; Win64; x64) AppleWebKit/537.36 (KHTML, like Gecko) Chrome/153.0.0.0 Safari/537.36 Edg/153.0.0.0", "user_id": "57ff78ef-f40f-4d8d-bca3-7e302fe916ca"}
grist-1     | 2026-09-18 14:41:06.313 - [32minfo[39m: Sandbox stderr: run.py: sandbox/gvisor/run.py -E PYTHONPATH=/grist/sandbox/grist -E PIPE_MODE=minimal -m /grist/sandbox --checkpoint /tmp/engine__grist python3 -- /grist/sandbox/grist/main.py sandboxPid=65, flavor=gvisor, command=undefined, entryPoint=(default)
grist-1     | 2026-09-18 14:41:08.792 - [32minfo[39m: Sandbox stderr: Ready message: [INFO] [__main__] Ready sandboxPid=65, flavor=gvisor, command=undefined, entryPoint=(default)
grist-1     | 2026-09-18 14:41:13.362 - [32minfo[39m: Loading config file from /persist/config.json
grist-1     | Welcome to Grist.
grist-1     | In quiet mode, see http://localhost:8484 to use.
grist-1     | For full logs, re-run with DEBUG=1
grist-1     | 2026-09-18 14:41:14.662 - [32minfo[39m: RestartShell: starting
grist-1     | 2026-09-18 14:41:14.675 - [32minfo[39m: RestartShell: listening on port 8484
grist-1     | 2026-09-18 14:41:14.676 - [32minfo[39m: RestartShell: spawning child
grist-1     | Welcome to Grist.
grist-1     | In quiet mode, see http://localhost:8484 to use.
grist-1     | For full logs, re-run with DEBUG=1
grist-1     | ┌────────────────────────────────────────┐
grist-1     | │                                        │
grist-1     | │   BOOT KEY: 68b0a44fbef6c1fa2fb5bc7f   │
grist-1     | │                                        │
grist-1     | │   Use this key at /boot to sign in.    │
grist-1     | │                                        │
grist-1     | └────────────────────────────────────────┘
grist-1     | 2026-09-18 14:41:19.560 - [32minfo[39m: RestartShell: child ready
api         | {"levelname": "INFO", "asctime": "2026-09-18 11:30:59,009", "module": "logger", "name": "plane.api.request", "message": "GET /api/workspaces/brune4ai/projects/8fd2a982-478c-479c-aeac-820e97299186/issues/992faf47-6a3e-4bce-acf5-7a3935555241/sub-issues/ 200", "path": "/api/workspaces/brune4ai/projects/8fd2a982-478c-479c-aeac-820e97299186/issues/992faf47-6a3e-4bce-acf5-7a3935555241/sub-issues/", "method": "GET", "status_code": 200, "duration_ms": 2137, "remote_addr": "119.160.190.240", "user_agent": "Mozilla/5.0 (Windows NT 10.0; Win64; x64) AppleWebKit/537.36 (KHTML, like Gecko) Chrome/153.0.0.0 Safari/537.36 Edg/153.0.0.0", "user_id": "57ff78ef-f40f-4d8d-bca3-7e302fe916ca"}
api         | {"levelname": "INFO", "asctime": "2026-09-18 11:30:59,354", "module": "logger", "name": "plane.api.request", "message": "GET /api/workspaces/brune4ai/projects/8fd2a982-478c-479c-aeac-820e97299186/issues/992faf47-6a3e-4bce-acf5-7a3935555241/history/?activity_type=issue-comment 200", "path": "/api/workspaces/brune4ai/projects/8fd2a982-478c-479c-aeac-820e97299186/issues/992faf47-6a3e-4bce-acf5-7a3935555241/history/", "method": "GET", "status_code": 200, "duration_ms": 2336, "remote_addr": "119.160.190.240", "user_agent": "Mozilla/5.0 (Windows NT 10.0; Win64; x64) AppleWebKit/537.36 (KHTML, like Gecko) Chrome/153.0.0.0 Safari/537.36 Edg/153.0.0.0", "user_id": "57ff78ef-f40f-4d8d-bca3-7e302fe916ca"}
api         | {"levelname": "INFO", "asctime": "2026-09-18 11:30:59,662", "module": "logger", "name": "plane.api.request", "message": "GET /api/workspaces/brune4ai/projects/8fd2a982-478c-479c-aeac-820e97299186/issues/992faf47-6a3e-4bce-acf5-7a3935555241/history/?activity_type=issue-property 200", "path": "/api/workspaces/brune4ai/projects/8fd2a982-478c-479c-aeac-820e97299186/issues/992faf47-6a3e-4bce-acf5-7a3935555241/history/", "method": "GET", "status_code": 200, "duration_ms": 2613, "remote_addr": "119.160.190.240", "user_agent": "Mozilla/5.0 (Windows NT 10.0; Win64; x64) AppleWebKit/537.36 (KHTML, like Gecko) Chrome/153.0.0.0 Safari/537.36 Edg/153.0.0.0", "user_id": "57ff78ef-f40f-4d8d-bca3-7e302fe916ca"}
api         | {"levelname": "INFO", "asctime": "2026-09-18 11:30:59,874", "module": "logger", "name": "plane.api.request", "message": "GET /api/workspaces/brune4ai/projects/8fd2a982-478c-479c-aeac-820e97299186/issues/992faf47-6a3e-4bce-acf5-7a3935555241/issue-relation/ 200", "path": "/api/workspaces/brune4ai/projects/8fd2a982-478c-479c-aeac-820e97299186/issues/992faf47-6a3e-4bce-acf5-7a3935555241/issue-relation/", "method": "GET", "status_code": 200, "duration_ms": 2924, "remote_addr": "119.160.190.240", "user_agent": "Mozilla/5.0 (Windows NT 10.0; Win64; x64) AppleWebKit/537.36 (KHTML, like Gecko) Chrome/153.0.0.0 Safari/537.36 Edg/153.0.0.0", "user_id": "57ff78ef-f40f-4d8d-bca3-7e302fe916ca"}
api         | {"levelname": "INFO", "asctime": "2026-09-18 11:34:26,948", "module": "logger", "name": "plane.api.request", "message": "GET /api/workspaces/brune4ai/users/notifications/unread/ 200", "path": "/api/workspaces/brune4ai/users/notifications/unread/", "method": "GET", "status_code": 200, "duration_ms": 563, "remote_addr": "119.160.190.240", "user_agent": "Mozilla/5.0 (Windows NT 10.0; Win64; x64) AppleWebKit/537.36 (KHTML, like Gecko) Chrome/153.0.0.0 Safari/537.36 Edg/153.0.0.0", "user_id": "57ff78ef-f40f-4d8d-bca3-7e302fe916ca"}
api         | {"levelname": "INFO", "asctime": "2026-09-18 11:34:27,341", "module": "logger", "name": "plane.api.request", "message": "GET /api/workspaces/brune4ai/projects/8fd2a982-478c-479c-aeac-820e97299186/ 200", "path": "/api/workspaces/brune4ai/projects/8fd2a982-478c-479c-aeac-820e97299186/", "method": "GET", "status_code": 200, "duration_ms": 965, "remote_addr": "119.160.190.240", "user_agent": "Mozilla/5.0 (Windows NT 10.0; Win64; x64) AppleWebKit/537.36 (KHTML, like Gecko) Chrome/153.0.0.0 Safari/537.36 Edg/153.0.0.0", "user_id": "57ff78ef-f40f-4d8d-bca3-7e302fe916ca"}
api         | {"levelname": "INFO", "asctime": "2026-09-18 11:34:27,450", "module": "logger", "name": "plane.api.request", "message": "GET /api/workspaces/brune4ai/projects/8fd2a982-478c-479c-aeac-820e97299186/project-members/me/ 200", "path": "/api/workspaces/brune4ai/projects/8fd2a982-478c-479c-aeac-820e97299186/project-members/me/", "method": "GET", "status_code": 200, "duration_ms": 945, "remote_addr": "119.160.190.240", "user_agent": "Mozilla/5.0 (Windows NT 10.0; Win64; x64) AppleWebKit/537.36 (KHTML, like Gecko) Chrome/153.0.0.0 Safari/537.36 Edg/153.0.0.0", "user_id": "57ff78ef-f40f-4d8d-bca3-7e302fe916ca"}
api         | {"levelname": "INFO", "asctime": "2026-09-18 11:35:25,161", "module": "logger", "name": "plane.api.request", "message": "GET /api/users/me/copilot-identity/ 200", "path": "/api/users/me/copilot-identity/", "method": "GET", "status_code": 200, "duration_ms": 77, "remote_addr": "119.160.190.240", "user_agent": "Mozilla/5.0 (Windows NT 10.0; Win64; x64) AppleWebKit/537.36 (KHTML, like Gecko) Chrome/153.0.0.0 Safari/537.36 Edg/153.0.0.0", "user_id": "57ff78ef-f40f-4d8d-bca3-7e302fe916ca"}
api         | {"levelname": "INFO", "asctime": "2026-09-18 11:39:57,321", "module": "logger", "name": "plane.api.request", "message": "GET /api/users/me/copilot-identity/ 200", "path": "/api/users/me/copilot-identity/", "method": "GET", "status_code": 200, "duration_ms": 151, "remote_addr": "119.160.190.240", "user_agent": "Mozilla/5.0 (Windows NT 10.0; Win64; x64) AppleWebKit/537.36 (KHTML, like Gecko) Chrome/153.0.0.0 Safari/537.36 Edg/153.0.0.0", "user_id": "57ff78ef-f40f-4d8d-bca3-7e302fe916ca"}
api         | {"levelname": "INFO", "asctime": "2026-09-18 11:44:29,176", "module": "logger", "name": "plane.api.request", "message": "GET /api/users/me/copilot-identity/ 200", "path": "/api/users/me/copilot-identity/", "method": "GET", "status_code": 200, "duration_ms": 61, "remote_addr": "119.160.190.240", "user_agent": "Mozilla/5.0 (Windows NT 10.0; Win64; x64) AppleWebKit/537.36 (KHTML, like Gecko) Chrome/153.0.0.0 Safari/537.36 Edg/153.0.0.0", "user_id": "57ff78ef-f40f-4d8d-bca3-7e302fe916ca"}
api         | {"levelname": "INFO", "asctime": "2026-09-18 11:49:01,260", "module": "logger", "name": "plane.api.request", "message": "GET /api/users/me/copilot-identity/ 200", "path": "/api/users/me/copilot-identity/", "method": "GET", "status_code": 200, "duration_ms": 62, "remote_addr": "119.160.190.240", "user_agent": "Mozilla/5.0 (Windows NT 10.0; Win64; x64) AppleWebKit/537.36 (KHTML, like Gecko) Chrome/153.0.0.0 Safari/537.36 Edg/153.0.0.0", "user_id": "57ff78ef-f40f-4d8d-bca3-7e302fe916ca"}
api         | {"levelname": "INFO", "asctime": "2026-09-18 14:03:35,592", "module": "logger", "name": "plane.api.request", "message": "GET /api/users/me/copilot-identity/ 200", "path": "/api/users/me/copilot-identity/", "method": "GET", "status_code": 200, "duration_ms": 2026, "remote_addr": "119.160.190.240", "user_agent": "Mozilla/5.0 (Windows NT 10.0; Win64; x64) AppleWebKit/537.36 (KHTML, like Gecko) Chrome/153.0.0.0 Safari/537.36 Edg/153.0.0.0", "user_id": "57ff78ef-f40f-4d8d-bca3-7e302fe916ca"}
api         | {"levelname": "INFO", "asctime": "2026-09-18 14:03:36,285", "module": "logger", "name": "plane.api.request", "message": "GET /api/workspaces/brune4ai/users/notifications/unread/ 200", "path": "/api/workspaces/brune4ai/users/notifications/unread/", "method": "GET", "status_code": 200, "duration_ms": 2778, "remote_addr": "119.160.190.240", "user_agent": "Mozilla/5.0 (Windows NT 10.0; Win64; x64) AppleWebKit/537.36 (KHTML, like Gecko) Chrome/153.0.0.0 Safari/537.36 Edg/153.0.0.0", "user_id": "57ff78ef-f40f-4d8d-bca3-7e302fe916ca"}
api         | {"levelname": "INFO", "asctime": "2026-09-18 14:03:36,430", "module": "logger", "name": "plane.api.request", "message": "GET /api/workspaces/brune4ai/projects/8fd2a982-478c-479c-aeac-820e97299186/project-members/me/ 200", "path": "/api/workspaces/brune4ai/projects/8fd2a982-478c-479c-aeac-820e97299186/project-members/me/", "method": "GET", "status_code": 200, "duration_ms": 3085, "remote_addr": "119.160.190.240", "user_agent": "Mozilla/5.0 (Windows NT 10.0; Win64; x64) AppleWebKit/537.36 (KHTML, like Gecko) Chrome/153.0.0.0 Safari/537.36 Edg/153.0.0.0", "user_id": "57ff78ef-f40f-4d8d-bca3-7e302fe916ca"}
api         | {"levelname": "INFO", "asctime": "2026-09-18 14:03:37,417", "module": "logger", "name": "plane.api.request", "message": "GET /api/workspaces/brune4ai/projects/8fd2a982-478c-479c-aeac-820e97299186/ 200", "path": "/api/workspaces/brune4ai/projects/8fd2a982-478c-479c-aeac-820e97299186/", "method": "GET", "status_code": 200, "duration_ms": 3906, "remote_addr": "119.160.190.240", "user_agent": "Mozilla/5.0 (Windows NT 10.0; Win64; x64) AppleWebKit/537.36 (KHTML, like Gecko) Chrome/153.0.0.0 Safari/537.36 Edg/153.0.0.0", "user_id": "57ff78ef-f40f-4d8d-bca3-7e302fe916ca"}
api         | {"levelname": "INFO", "asctime": "2026-09-18 14:08:08,783", "module": "logger", "name": "plane.api.request", "message": "GET /api/users/me/copilot-identity/ 200", "path": "/api/users/me/copilot-identity/", "method": "GET", "status_code": 200, "duration_ms": 887, "remote_addr": "119.160.190.240", "user_agent": "Mozilla/5.0 (Windows NT 10.0; Win64; x64) AppleWebKit/537.36 (KHTML, like Gecko) Chrome/153.0.0.0 Safari/537.36 Edg/153.0.0.0", "user_id": "57ff78ef-f40f-4d8d-bca3-7e302fe916ca"}
api         | {"levelname": "INFO", "asctime": "2026-09-18 14:12:42,080", "module": "logger", "name": "plane.api.request", "message": "GET /api/users/me/copilot-identity/ 200", "path": "/api/users/me/copilot-identity/", "method": "GET", "status_code": 200, "duration_ms": 1135, "remote_addr": "119.160.190.240", "user_agent": "Mozilla/5.0 (Windows NT 10.0; Win64; x64) AppleWebKit/537.36 (KHTML, like Gecko) Chrome/153.0.0.0 Safari/537.36 Edg/153.0.0.0", "user_id": "57ff78ef-f40f-4d8d-bca3-7e302fe916ca"}
api         | {"levelname": "INFO", "asctime": "2026-09-18 14:17:15,097", "module": "logger", "name": "plane.api.request", "message": "GET /api/users/me/copilot-identity/ 200", "path": "/api/users/me/copilot-identity/", "method": "GET", "status_code": 200, "duration_ms": 590, "remote_addr": "119.160.190.240", "user_agent": "Mozilla/5.0 (Windows NT 10.0; Win64; x64) AppleWebKit/537.36 (KHTML, like Gecko) Chrome/153.0.0.0 Safari/537.36 Edg/153.0.0.0", "user_id": "57ff78ef-f40f-4d8d-bca3-7e302fe916ca"}
admin       | 2026/09/18 14:15:19.699	[34mINFO[0m	http.log.access.log0	handled request	{"request": {"remote_ip": "127.0.0.1", "remote_port": "53300", "client_ip": "127.0.0.1", "proto": "HTTP/1.1", "method": "GET", "host": "127.0.0.1:3000", "uri": "/god-mode", "headers": {"User-Agent": ["curl/8.20.0"], "Accept": ["*/*"]}}, "bytes_read": 0, "user_id": "", "duration": 0.000672637, "size": 5589, "status": 200, "resp_headers": {"X-Frame-Options": ["DENY"], "Vary": ["Accept-Encoding"], "Content-Type": ["text/html; charset=utf-8"], "Last-Modified": ["Thu, 10 Sep 2026 18:04:02 GMT"], "Accept-Ranges": ["bytes"], "Content-Length": ["5589"], "X-Content-Type-Options": ["nosniff"], "X-Xss-Protection": ["1; mode=block"], "Etag": ["\"dlbu270dl7284b9\""], "Server": ["Caddy"]}}
admin       | 2026/09/18 14:15:49.778	[34mINFO[0m	http.log.access.log0	handled request	{"request": {"remote_ip": "127.0.0.1", "remote_port": "52966", "client_ip": "127.0.0.1", "proto": "HTTP/1.1", "method": "GET", "host": "127.0.0.1:3000", "uri": "/god-mode", "headers": {"User-Agent": ["curl/8.20.0"], "Accept": ["*/*"]}}, "bytes_read": 0, "user_id": "", "duration": 0.000579368, "size": 5589, "status": 200, "resp_headers": {"Last-Modified": ["Thu, 10 Sep 2026 18:04:02 GMT"], "Accept-Ranges": ["bytes"], "Content-Length": ["5589"], "Server": ["Caddy"], "X-Frame-Options": ["DENY"], "X-Xss-Protection": ["1; mode=block"], "X-Content-Type-Options": ["nosniff"], "Etag": ["\"dlbu270dl7284b9\""], "Content-Type": ["text/html; charset=utf-8"], "Vary": ["Accept-Encoding"]}}
admin       | 2026/09/18 14:16:19.873	[34mINFO[0m	http.log.access.log0	handled request	{"request": {"remote_ip": "127.0.0.1", "remote_port": "45240", "client_ip": "127.0.0.1", "proto": "HTTP/1.1", "method": "GET", "host": "127.0.0.1:3000", "uri": "/god-mode", "headers": {"User-Agent": ["curl/8.20.0"], "Accept": ["*/*"]}}, "bytes_read": 0, "user_id": "", "duration": 0.000877497, "size": 5589, "status": 200, "resp_headers": {"Server": ["Caddy"], "X-Frame-Options": ["DENY"], "Etag": ["\"dlbu270dl7284b9\""], "Content-Type": ["text/html; charset=utf-8"], "Last-Modified": ["Thu, 10 Sep 2026 18:04:02 GMT"], "Accept-Ranges": ["bytes"], "X-Xss-Protection": ["1; mode=block"], "X-Content-Type-Options": ["nosniff"], "Vary": ["Accept-Encoding"], "Content-Length": ["5589"]}}
admin       | 2026/09/18 14:16:49.957	[34mINFO[0m	http.log.access.log0	handled request	{"request": {"remote_ip": "127.0.0.1", "remote_port": "60476", "client_ip": "127.0.0.1", "proto": "HTTP/1.1", "method": "GET", "host": "127.0.0.1:3000", "uri": "/god-mode", "headers": {"User-Agent": ["curl/8.20.0"], "Accept": ["*/*"]}}, "bytes_read": 0, "user_id": "", "duration": 0.000938067, "size": 5589, "status": 200, "resp_headers": {"X-Frame-Options": ["DENY"], "X-Content-Type-Options": ["nosniff"], "Content-Type": ["text/html; charset=utf-8"], "Last-Modified": ["Thu, 10 Sep 2026 18:04:02 GMT"], "Content-Length": ["5589"], "Server": ["Caddy"], "X-Xss-Protection": ["1; mode=block"], "Vary": ["Accept-Encoding"], "Etag": ["\"dlbu270dl7284b9\""], "Accept-Ranges": ["bytes"]}}
admin       | 2026/09/18 14:17:20.035	[34mINFO[0m	http.log.access.log0	handled request	{"request": {"remote_ip": "127.0.0.1", "remote_port": "51158", "client_ip": "127.0.0.1", "proto": "HTTP/1.1", "method": "GET", "host": "127.0.0.1:3000", "uri": "/god-mode", "headers": {"User-Agent": ["curl/8.20.0"], "Accept": ["*/*"]}}, "bytes_read": 0, "user_id": "", "duration": 0.000532589, "size": 5589, "status": 200, "resp_headers": {"Server": ["Caddy"], "X-Xss-Protection": ["1; mode=block"], "Vary": ["Accept-Encoding"], "Etag": ["\"dlbu270dl7284b9\""], "Content-Type": ["text/html; charset=utf-8"], "Accept-Ranges": ["bytes"], "X-Content-Type-Options": ["nosniff"], "X-Frame-Options": ["DENY"], "Last-Modified": ["Thu, 10 Sep 2026 18:04:02 GMT"], "Content-Length": ["5589"]}}
admin       | 2026/09/18 14:17:50.115	[34mINFO[0m	http.log.access.log0	handled request	{"request": {"remote_ip": "127.0.0.1", "remote_port": "51750", "client_ip": "127.0.0.1", "proto": "HTTP/1.1", "method": "GET", "host": "127.0.0.1:3000", "uri": "/god-mode", "headers": {"User-Agent": ["curl/8.20.0"], "Accept": ["*/*"]}}, "bytes_read": 0, "user_id": "", "duration": 0.000593028, "size": 5589, "status": 200, "resp_headers": {"X-Frame-Options": ["DENY"], "Vary": ["Accept-Encoding"], "Etag": ["\"dlbu270dl7284b9\""], "Accept-Ranges": ["bytes"], "Server": ["Caddy"], "X-Xss-Protection": ["1; mode=block"], "X-Content-Type-Options": ["nosniff"], "Content-Type": ["text/html; charset=utf-8"], "Last-Modified": ["Thu, 10 Sep 2026 18:04:02 GMT"], "Content-Length": ["5589"]}}
admin       | 2026/09/18 14:18:20.198	[34mINFO[0m	http.log.access.log0	handled request	{"request": {"remote_ip": "127.0.0.1", "remote_port": "59306", "client_ip": "127.0.0.1", "proto": "HTTP/1.1", "method": "GET", "host": "127.0.0.1:3000", "uri": "/god-mode", "headers": {"User-Agent": ["curl/8.20.0"], "Accept": ["*/*"]}}, "bytes_read": 0, "user_id": "", "duration": 0.003170863, "size": 5589, "status": 200, "resp_headers": {"Content-Type": ["text/html; charset=utf-8"], "Last-Modified": ["Thu, 10 Sep 2026 18:04:02 GMT"], "Accept-Ranges": ["bytes"], "X-Content-Type-Options": ["nosniff"], "X-Frame-Options": ["DENY"], "Content-Length": ["5589"], "Server": ["Caddy"], "X-Xss-Protection": ["1; mode=block"], "Vary": ["Accept-Encoding"], "Etag": ["\"dlbu270dl7284b9\""]}}
admin       | 2026/09/18 14:18:50.279	[34mINFO[0m	http.log.access.log0	handled request	{"request": {"remote_ip": "127.0.0.1", "remote_port": "36656", "client_ip": "127.0.0.1", "proto": "HTTP/1.1", "method": "GET", "host": "127.0.0.1:3000", "uri": "/god-mode", "headers": {"User-Agent": ["curl/8.20.0"], "Accept": ["*/*"]}}, "bytes_read": 0, "user_id": "", "duration": 0.00069942, "size": 5589, "status": 200, "resp_headers": {"Last-Modified": ["Thu, 10 Sep 2026 18:04:02 GMT"], "Content-Length": ["5589"], "Server": ["Caddy"], "X-Frame-Options": ["DENY"], "X-Xss-Protection": ["1; mode=block"], "X-Content-Type-Options": ["nosniff"], "Vary": ["Accept-Encoding"], "Etag": ["\"dlbu270dl7284b9\""], "Content-Type": ["text/html; charset=utf-8"], "Accept-Ranges": ["bytes"]}}
admin       | 2026/09/18 14:19:20.361	[34mINFO[0m	http.log.access.log0	handled request	{"request": {"remote_ip": "127.0.0.1", "remote_port": "59590", "client_ip": "127.0.0.1", "proto": "HTTP/1.1", "method": "GET", "host": "127.0.0.1:3000", "uri": "/god-mode", "headers": {"Accept": ["*/*"], "User-Agent": ["curl/8.20.0"]}}, "bytes_read": 0, "user_id": "", "duration": 0.000593249, "size": 5589, "status": 200, "resp_headers": {"Server": ["Caddy"], "X-Content-Type-Options": ["nosniff"], "X-Frame-Options": ["DENY"], "Content-Type": ["text/html; charset=utf-8"], "Accept-Ranges": ["bytes"], "Content-Length": ["5589"], "X-Xss-Protection": ["1; mode=block"], "Vary": ["Accept-Encoding"], "Etag": ["\"dlbu270dl7284b9\""], "Last-Modified": ["Thu, 10 Sep 2026 18:04:02 GMT"]}}
admin       | 2026/09/18 14:19:50.442	[34mINFO[0m	http.log.access.log0	handled request	{"request": {"remote_ip": "127.0.0.1", "remote_port": "34912", "client_ip": "127.0.0.1", "proto": "HTTP/1.1", "method": "GET", "host": "127.0.0.1:3000", "uri": "/god-mode", "headers": {"User-Agent": ["curl/8.20.0"], "Accept": ["*/*"]}}, "bytes_read": 0, "user_id": "", "duration": 0.000587538, "size": 5589, "status": 200, "resp_headers": {"Server": ["Caddy"], "X-Content-Type-Options": ["nosniff"], "X-Frame-Options": ["DENY"], "Content-Type": ["text/html; charset=utf-8"], "Content-Length": ["5589"], "X-Xss-Protection": ["1; mode=block"], "Vary": ["Accept-Encoding"], "Etag": ["\"dlbu270dl7284b9\""], "Last-Modified": ["Thu, 10 Sep 2026 18:04:02 GMT"], "Accept-Ranges": ["bytes"]}}
admin       | 2026/09/18 14:20:20.527	[34mINFO[0m	http.log.access.log0	handled request	{"request": {"remote_ip": "127.0.0.1", "remote_port": "42006", "client_ip": "127.0.0.1", "proto": "HTTP/1.1", "method": "GET", "host": "127.0.0.1:3000", "uri": "/god-mode", "headers": {"User-Agent": ["curl/8.20.0"], "Accept": ["*/*"]}}, "bytes_read": 0, "user_id": "", "duration": 0.000791573, "size": 5589, "status": 200, "resp_headers": {"Server": ["Caddy"], "X-Content-Type-Options": ["nosniff"], "Vary": ["Accept-Encoding"], "Last-Modified": ["Thu, 10 Sep 2026 18:04:02 GMT"], "X-Frame-Options": ["DENY"], "X-Xss-Protection": ["1; mode=block"], "Etag": ["\"dlbu270dl7284b9\""], "Content-Type": ["text/html; charset=utf-8"], "Accept-Ranges": ["bytes"], "Content-Length": ["5589"]}}
admin       | 2026/09/18 14:20:50.634	[34mINFO[0m	http.log.access.log0	handled request	{"request": {"remote_ip": "127.0.0.1", "remote_port": "34912", "client_ip": "127.0.0.1", "proto": "HTTP/1.1", "method": "GET", "host": "127.0.0.1:3000", "uri": "/god-mode", "headers": {"Accept": ["*/*"], "User-Agent": ["curl/8.20.0"]}}, "bytes_read": 0, "user_id": "", "duration": 0.000911028, "size": 5589, "status": 200, "resp_headers": {"X-Frame-Options": ["DENY"], "Content-Type": ["text/html; charset=utf-8"], "Last-Modified": ["Thu, 10 Sep 2026 18:04:02 GMT"], "Accept-Ranges": ["bytes"], "Server": ["Caddy"], "X-Content-Type-Options": ["nosniff"], "X-Xss-Protection": ["1; mode=block"], "Vary": ["Accept-Encoding"], "Etag": ["\"dlbu270dl7284b9\""], "Content-Length": ["5589"]}}
admin       | 2026/09/18 14:21:20.723	[34mINFO[0m	http.log.access.log0	handled request	{"request": {"remote_ip": "127.0.0.1", "remote_port": "39822", "client_ip": "127.0.0.1", "proto": "HTTP/1.1", "method": "GET", "host": "127.0.0.1:3000", "uri": "/god-mode", "headers": {"User-Agent": ["curl/8.20.0"], "Accept": ["*/*"]}}, "bytes_read": 0, "user_id": "", "duration": 0.000518544, "size": 5589, "status": 200, "resp_headers": {"Server": ["Caddy"], "X-Xss-Protection": ["1; mode=block"], "Etag": ["\"dlbu270dl7284b9\""], "Content-Type": ["text/html; charset=utf-8"], "Last-Modified": ["Thu, 10 Sep 2026 18:04:02 GMT"], "Accept-Ranges": ["bytes"], "Content-Length": ["5589"], "X-Content-Type-Options": ["nosniff"], "X-Frame-Options": ["DENY"], "Vary": ["Accept-Encoding"]}}
admin       | 2026/09/18 14:21:50.798	[34mINFO[0m	http.log.access.log0	handled request	{"request": {"remote_ip": "127.0.0.1", "remote_port": "60242", "client_ip": "127.0.0.1", "proto": "HTTP/1.1", "method": "GET", "host": "127.0.0.1:3000", "uri": "/god-mode", "headers": {"User-Agent": ["curl/8.20.0"], "Accept": ["*/*"]}}, "bytes_read": 0, "user_id": "", "duration": 0.000451978, "size": 5589, "status": 200, "resp_headers": {"X-Xss-Protection": ["1; mode=block"], "Etag": ["\"dlbu270dl7284b9\""], "Content-Type": ["text/html; charset=utf-8"], "Last-Modified": ["Thu, 10 Sep 2026 18:04:02 GMT"], "Accept-Ranges": ["bytes"], "Content-Length": ["5589"], "Server": ["Caddy"], "X-Frame-Options": ["DENY"], "X-Content-Type-Options": ["nosniff"], "Vary": ["Accept-Encoding"]}}
admin       | 2026/09/18 14:22:20.875	[34mINFO[0m	http.log.access.log0	handled request	{"request": {"remote_ip": "127.0.0.1", "remote_port": "59806", "client_ip": "127.0.0.1", "proto": "HTTP/1.1", "method": "GET", "host": "127.0.0.1:3000", "uri": "/god-mode", "headers": {"User-Agent": ["curl/8.20.0"], "Accept": ["*/*"]}}, "bytes_read": 0, "user_id": "", "duration": 0.001248378, "size": 5589, "status": 200, "resp_headers": {"Etag": ["\"dlbu270dl7284b9\""], "Content-Type": ["text/html; charset=utf-8"], "Content-Length": ["5589"], "X-Content-Type-Options": ["nosniff"], "X-Xss-Protection": ["1; mode=block"], "Vary": ["Accept-Encoding"], "Last-Modified": ["Thu, 10 Sep 2026 18:04:02 GMT"], "Accept-Ranges": ["bytes"], "Server": ["Caddy"], "X-Frame-Options": ["DENY"]}}
admin       | 2026/09/18 14:22:50.962	[34mINFO[0m	http.log.access.log0	handled request	{"request": {"remote_ip": "127.0.0.1", "remote_port": "44652", "client_ip": "127.0.0.1", "proto": "HTTP/1.1", "method": "GET", "host": "127.0.0.1:3000", "uri": "/god-mode", "headers": {"User-Agent": ["curl/8.20.0"], "Accept": ["*/*"]}}, "bytes_read": 0, "user_id": "", "duration": 0.000755555, "size": 5589, "status": 200, "resp_headers": {"Accept-Ranges": ["bytes"], "Content-Length": ["5589"], "X-Xss-Protection": ["1; mode=block"], "Vary": ["Accept-Encoding"], "Content-Type": ["text/html; charset=utf-8"], "Last-Modified": ["Thu, 10 Sep 2026 18:04:02 GMT"], "Server": ["Caddy"], "X-Content-Type-Options": ["nosniff"], "X-Frame-Options": ["DENY"], "Etag": ["\"dlbu270dl7284b9\""]}}
admin       | 2026/09/18 14:23:21.044	[34mINFO[0m	http.log.access.log0	handled request	{"request": {"remote_ip": "127.0.0.1", "remote_port": "35062", "client_ip": "127.0.0.1", "proto": "HTTP/1.1", "method": "GET", "host": "127.0.0.1:3000", "uri": "/god-mode", "headers": {"User-Agent": ["curl/8.20.0"], "Accept": ["*/*"]}}, "bytes_read": 0, "user_id": "", "duration": 0.00093823, "size": 5589, "status": 200, "resp_headers": {"Server": ["Caddy"], "X-Content-Type-Options": ["nosniff"], "X-Frame-Options": ["DENY"], "Vary": ["Accept-Encoding"], "Etag": ["\"dlbu270dl7284b9\""], "Last-Modified": ["Thu, 10 Sep 2026 18:04:02 GMT"], "Content-Length": ["5589"], "X-Xss-Protection": ["1; mode=block"], "Content-Type": ["text/html; charset=utf-8"], "Accept-Ranges": ["bytes"]}}
admin       | 2026/09/18 14:23:51.127	[34mINFO[0m	http.log.access.log0	handled request	{"request": {"remote_ip": "127.0.0.1", "remote_port": "45354", "client_ip": "127.0.0.1", "proto": "HTTP/1.1", "method": "GET", "host": "127.0.0.1:3000", "uri": "/god-mode", "headers": {"User-Agent": ["curl/8.20.0"], "Accept": ["*/*"]}}, "bytes_read": 0, "user_id": "", "duration": 0.002179232, "size": 5589, "status": 200, "resp_headers": {"Last-Modified": ["Thu, 10 Sep 2026 18:04:02 GMT"], "Accept-Ranges": ["bytes"], "X-Frame-Options": ["DENY"], "X-Xss-Protection": ["1; mode=block"], "Content-Length": ["5589"], "Server": ["Caddy"], "X-Content-Type-Options": ["nosniff"], "Vary": ["Accept-Encoding"], "Etag": ["\"dlbu270dl7284b9\""], "Content-Type": ["text/html; charset=utf-8"]}}
admin       | 2026/09/18 14:24:21.238	[34mINFO[0m	http.log.access.log0	handled request	{"request": {"remote_ip": "127.0.0.1", "remote_port": "55172", "client_ip": "127.0.0.1", "proto": "HTTP/1.1", "method": "GET", "host": "127.0.0.1:3000", "uri": "/god-mode", "headers": {"User-Agent": ["curl/8.20.0"], "Accept": ["*/*"]}}, "bytes_read": 0, "user_id": "", "duration": 0.000481667, "size": 5589, "status": 200, "resp_headers": {"Server": ["Caddy"], "X-Xss-Protection": ["1; mode=block"], "Etag": ["\"dlbu270dl7284b9\""], "Accept-Ranges": ["bytes"], "Content-Length": ["5589"], "X-Frame-Options": ["DENY"], "X-Content-Type-Options": ["nosniff"], "Vary": ["Accept-Encoding"], "Content-Type": ["text/html; charset=utf-8"], "Last-Modified": ["Thu, 10 Sep 2026 18:04:02 GMT"]}}
admin       | 2026/09/18 14:24:51.330	[34mINFO[0m	http.log.access.log0	handled request	{"request": {"remote_ip": "127.0.0.1", "remote_port": "41398", "client_ip": "127.0.0.1", "proto": "HTTP/1.1", "method": "GET", "host": "127.0.0.1:3000", "uri": "/god-mode", "headers": {"User-Agent": ["curl/8.20.0"], "Accept": ["*/*"]}}, "bytes_read": 0, "user_id": "", "duration": 0.000608081, "size": 5589, "status": 200, "resp_headers": {"Content-Length": ["5589"], "Server": ["Caddy"], "X-Frame-Options": ["DENY"], "Vary": ["Accept-Encoding"], "Accept-Ranges": ["bytes"], "X-Content-Type-Options": ["nosniff"], "X-Xss-Protection": ["1; mode=block"], "Etag": ["\"dlbu270dl7284b9\""], "Content-Type": ["text/html; charset=utf-8"], "Last-Modified": ["Thu, 10 Sep 2026 18:04:02 GMT"]}}
admin       | 2026/09/18 14:25:21.416	[34mINFO[0m	http.log.access.log0	handled request	{"request": {"remote_ip": "127.0.0.1", "remote_port": "52306", "client_ip": "127.0.0.1", "proto": "HTTP/1.1", "method": "GET", "host": "127.0.0.1:3000", "uri": "/god-mode", "headers": {"User-Agent": ["curl/8.20.0"], "Accept": ["*/*"]}}, "bytes_read": 0, "user_id": "", "duration": 0.002235656, "size": 5589, "status": 200, "resp_headers": {"Server": ["Caddy"], "X-Frame-Options": ["DENY"], "X-Xss-Protection": ["1; mode=block"], "Vary": ["Accept-Encoding"], "Etag": ["\"dlbu270dl7284b9\""], "Content-Type": ["text/html; charset=utf-8"], "Accept-Ranges": ["bytes"], "X-Content-Type-Options": ["nosniff"], "Last-Modified": ["Thu, 10 Sep 2026 18:04:02 GMT"], "Content-Length": ["5589"]}}
admin       | 2026/09/18 14:25:51.493	[34mINFO[0m	http.log.access.log0	handled request	{"request": {"remote_ip": "127.0.0.1", "remote_port": "47076", "client_ip": "127.0.0.1", "proto": "HTTP/1.1", "method": "GET", "host": "127.0.0.1:3000", "uri": "/god-mode", "headers": {"User-Agent": ["curl/8.20.0"], "Accept": ["*/*"]}}, "bytes_read": 0, "user_id": "", "duration": 0.000627109, "size": 5589, "status": 200, "resp_headers": {"Server": ["Caddy"], "X-Frame-Options": ["DENY"], "X-Content-Type-Options": ["nosniff"], "Etag": ["\"dlbu270dl7284b9\""], "Content-Type": ["text/html; charset=utf-8"], "X-Xss-Protection": ["1; mode=block"], "Vary": ["Accept-Encoding"], "Last-Modified": ["Thu, 10 Sep 2026 18:04:02 GMT"], "Accept-Ranges": ["bytes"], "Content-Length": ["5589"]}}
admin       | 2026/09/18 14:26:21.569	[34mINFO[0m	http.log.access.log0	handled request	{"request": {"remote_ip": "127.0.0.1", "remote_port": "41874", "client_ip": "127.0.0.1", "proto": "HTTP/1.1", "method": "GET", "host": "127.0.0.1:3000", "uri": "/god-mode", "headers": {"User-Agent": ["curl/8.20.0"], "Accept": ["*/*"]}}, "bytes_read": 0, "user_id": "", "duration": 0.000669072, "size": 5589, "status": 200, "resp_headers": {"X-Content-Type-Options": ["nosniff"], "X-Xss-Protection": ["1; mode=block"], "Vary": ["Accept-Encoding"], "Last-Modified": ["Thu, 10 Sep 2026 18:04:02 GMT"], "Content-Length": ["5589"], "Server": ["Caddy"], "X-Frame-Options": ["DENY"], "Etag": ["\"dlbu270dl7284b9\""], "Content-Type": ["text/html; charset=utf-8"], "Accept-Ranges": ["bytes"]}}
admin       | 2026/09/18 14:26:51.659	[34mINFO[0m	http.log.access.log0	handled request	{"request": {"remote_ip": "127.0.0.1", "remote_port": "44264", "client_ip": "127.0.0.1", "proto": "HTTP/1.1", "method": "GET", "host": "127.0.0.1:3000", "uri": "/god-mode", "headers": {"Accept": ["*/*"], "User-Agent": ["curl/8.20.0"]}}, "bytes_read": 0, "user_id": "", "duration": 0.000722812, "size": 5589, "status": 200, "resp_headers": {"X-Frame-Options": ["DENY"], "X-Xss-Protection": ["1; mode=block"], "Etag": ["\"dlbu270dl7284b9\""], "Content-Type": ["text/html; charset=utf-8"], "Accept-Ranges": ["bytes"], "Server": ["Caddy"], "X-Content-Type-Options": ["nosniff"], "Vary": ["Accept-Encoding"], "Last-Modified": ["Thu, 10 Sep 2026 18:04:02 GMT"], "Content-Length": ["5589"]}}
admin       | 2026/09/18 14:27:21.740	[34mINFO[0m	http.log.access.log0	handled request	{"request": {"remote_ip": "127.0.0.1", "remote_port": "35824", "client_ip": "127.0.0.1", "proto": "HTTP/1.1", "method": "GET", "host": "127.0.0.1:3000", "uri": "/god-mode", "headers": {"User-Agent": ["curl/8.20.0"], "Accept": ["*/*"]}}, "bytes_read": 0, "user_id": "", "duration": 0.002278349, "size": 5589, "status": 200, "resp_headers": {"Server": ["Caddy"], "X-Content-Type-Options": ["nosniff"], "Etag": ["\"dlbu270dl7284b9\""], "Content-Type": ["text/html; charset=utf-8"], "Last-Modified": ["Thu, 10 Sep 2026 18:04:02 GMT"], "Content-Length": ["5589"], "X-Frame-Options": ["DENY"], "X-Xss-Protection": ["1; mode=block"], "Vary": ["Accept-Encoding"], "Accept-Ranges": ["bytes"]}}
admin       | 2026/09/18 14:27:51.818	[34mINFO[0m	http.log.access.log0	handled request	{"request": {"remote_ip": "127.0.0.1", "remote_port": "42634", "client_ip": "127.0.0.1", "proto": "HTTP/1.1", "method": "GET", "host": "127.0.0.1:3000", "uri": "/god-mode", "headers": {"Accept": ["*/*"], "User-Agent": ["curl/8.20.0"]}}, "bytes_read": 0, "user_id": "", "duration": 0.00058793, "size": 5589, "status": 200, "resp_headers": {"Content-Type": ["text/html; charset=utf-8"], "Last-Modified": ["Thu, 10 Sep 2026 18:04:02 GMT"], "X-Content-Type-Options": ["nosniff"], "X-Frame-Options": ["DENY"], "Vary": ["Accept-Encoding"], "Etag": ["\"dlbu270dl7284b9\""], "Accept-Ranges": ["bytes"], "Content-Length": ["5589"], "Server": ["Caddy"], "X-Xss-Protection": ["1; mode=block"]}}
admin       | 2026/09/18 14:28:21.890	[34mINFO[0m	http.log.access.log0	handled request	{"request": {"remote_ip": "127.0.0.1", "remote_port": "50268", "client_ip": "127.0.0.1", "proto": "HTTP/1.1", "method": "GET", "host": "127.0.0.1:3000", "uri": "/god-mode", "headers": {"User-Agent": ["curl/8.20.0"], "Accept": ["*/*"]}}, "bytes_read": 0, "user_id": "", "duration": 0.002435055, "size": 5589, "status": 200, "resp_headers": {"X-Content-Type-Options": ["nosniff"], "Content-Length": ["5589"], "Server": ["Caddy"], "X-Xss-Protection": ["1; mode=block"], "X-Frame-Options": ["DENY"], "Vary": ["Accept-Encoding"], "Etag": ["\"dlbu270dl7284b9\""], "Content-Type": ["text/html; charset=utf-8"], "Last-Modified": ["Thu, 10 Sep 2026 18:04:02 GMT"], "Accept-Ranges": ["bytes"]}}
admin       | 2026/09/18 14:28:51.972	[34mINFO[0m	http.log.access.log0	handled request	{"request": {"remote_ip": "127.0.0.1", "remote_port": "46668", "client_ip": "127.0.0.1", "proto": "HTTP/1.1", "method": "GET", "host": "127.0.0.1:3000", "uri": "/god-mode", "headers": {"User-Agent": ["curl/8.20.0"], "Accept": ["*/*"]}}, "bytes_read": 0, "user_id": "", "duration": 0.000768238, "size": 5589, "status": 200, "resp_headers": {"Server": ["Caddy"], "X-Content-Type-Options": ["nosniff"], "X-Frame-Options": ["DENY"], "Vary": ["Accept-Encoding"], "Etag": ["\"dlbu270dl7284b9\""], "Content-Type": ["text/html; charset=utf-8"], "Accept-Ranges": ["bytes"], "Content-Length": ["5589"], "X-Xss-Protection": ["1; mode=block"], "Last-Modified": ["Thu, 10 Sep 2026 18:04:02 GMT"]}}
admin       | 2026/09/18 14:29:22.059	[34mINFO[0m	http.log.access.log0	handled request	{"request": {"remote_ip": "127.0.0.1", "remote_port": "44672", "client_ip": "127.0.0.1", "proto": "HTTP/1.1", "method": "GET", "host": "127.0.0.1:3000", "uri": "/god-mode", "headers": {"User-Agent": ["curl/8.20.0"], "Accept": ["*/*"]}}, "bytes_read": 0, "user_id": "", "duration": 0.000813403, "size": 5589, "status": 200, "resp_headers": {"Etag": ["\"dlbu270dl7284b9\""], "Content-Type": ["text/html; charset=utf-8"], "Accept-Ranges": ["bytes"], "Server": ["Caddy"], "X-Frame-Options": ["DENY"], "Vary": ["Accept-Encoding"], "Last-Modified": ["Thu, 10 Sep 2026 18:04:02 GMT"], "Content-Length": ["5589"], "X-Content-Type-Options": ["nosniff"], "X-Xss-Protection": ["1; mode=block"]}}
admin       | 2026/09/18 14:29:52.139	[34mINFO[0m	http.log.access.log0	handled request	{"request": {"remote_ip": "127.0.0.1", "remote_port": "47872", "client_ip": "127.0.0.1", "proto": "HTTP/1.1", "method": "GET", "host": "127.0.0.1:3000", "uri": "/god-mode", "headers": {"User-Agent": ["curl/8.20.0"], "Accept": ["*/*"]}}, "bytes_read": 0, "user_id": "", "duration": 0.000534935, "size": 5589, "status": 200, "resp_headers": {"Last-Modified": ["Thu, 10 Sep 2026 18:04:02 GMT"], "Accept-Ranges": ["bytes"], "Content-Length": ["5589"], "X-Content-Type-Options": ["nosniff"], "X-Frame-Options": ["DENY"], "X-Xss-Protection": ["1; mode=block"], "Etag": ["\"dlbu270dl7284b9\""], "Content-Type": ["text/html; charset=utf-8"], "Server": ["Caddy"], "Vary": ["Accept-Encoding"]}}
admin       | 2026/09/18 14:30:22.244	[34mINFO[0m	http.log.access.log0	handled request	{"request": {"remote_ip": "127.0.0.1", "remote_port": "41908", "client_ip": "127.0.0.1", "proto": "HTTP/1.1", "method": "GET", "host": "127.0.0.1:3000", "uri": "/god-mode", "headers": {"User-Agent": ["curl/8.20.0"], "Accept": ["*/*"]}}, "bytes_read": 0, "user_id": "", "duration": 0.000634054, "size": 5589, "status": 200, "resp_headers": {"X-Content-Type-Options": ["nosniff"], "X-Frame-Options": ["DENY"], "Vary": ["Accept-Encoding"], "Content-Type": ["text/html; charset=utf-8"], "Last-Modified": ["Thu, 10 Sep 2026 18:04:02 GMT"], "Content-Length": ["5589"], "X-Xss-Protection": ["1; mode=block"], "Etag": ["\"dlbu270dl7284b9\""], "Accept-Ranges": ["bytes"], "Server": ["Caddy"]}}
admin       | 2026/09/18 14:30:52.338	[34mINFO[0m	http.log.access.log0	handled request	{"request": {"remote_ip": "127.0.0.1", "remote_port": "38534", "client_ip": "127.0.0.1", "proto": "HTTP/1.1", "method": "GET", "host": "127.0.0.1:3000", "uri": "/god-mode", "headers": {"User-Agent": ["curl/8.20.0"], "Accept": ["*/*"]}}, "bytes_read": 0, "user_id": "", "duration": 0.000626321, "size": 5589, "status": 200, "resp_headers": {"Server": ["Caddy"], "X-Content-Type-Options": ["nosniff"], "X-Xss-Protection": ["1; mode=block"], "Etag": ["\"dlbu270dl7284b9\""], "X-Frame-Options": ["DENY"], "Vary": ["Accept-Encoding"], "Content-Type": ["text/html; charset=utf-8"], "Last-Modified": ["Thu, 10 Sep 2026 18:04:02 GMT"], "Accept-Ranges": ["bytes"], "Content-Length": ["5589"]}}
admin       | 2026/09/18 14:31:22.445	[34mINFO[0m	http.log.access.log0	handled request	{"request": {"remote_ip": "127.0.0.1", "remote_port": "44786", "client_ip": "127.0.0.1", "proto": "HTTP/1.1", "method": "GET", "host": "127.0.0.1:3000", "uri": "/god-mode", "headers": {"User-Agent": ["curl/8.20.0"], "Accept": ["*/*"]}}, "bytes_read": 0, "user_id": "", "duration": 0.000597293, "size": 5589, "status": 200, "resp_headers": {"Server": ["Caddy"], "Etag": ["\"dlbu270dl7284b9\""], "Content-Type": ["text/html; charset=utf-8"], "Last-Modified": ["Thu, 10 Sep 2026 18:04:02 GMT"], "Accept-Ranges": ["bytes"], "X-Content-Type-Options": ["nosniff"], "X-Frame-Options": ["DENY"], "X-Xss-Protection": ["1; mode=block"], "Vary": ["Accept-Encoding"], "Content-Length": ["5589"]}}
admin       | 2026/09/18 14:31:52.563	[34mINFO[0m	http.log.access.log0	handled request	{"request": {"remote_ip": "127.0.0.1", "remote_port": "35360", "client_ip": "127.0.0.1", "proto": "HTTP/1.1", "method": "GET", "host": "127.0.0.1:3000", "uri": "/god-mode", "headers": {"User-Agent": ["curl/8.20.0"], "Accept": ["*/*"]}}, "bytes_read": 0, "user_id": "", "duration": 0.000647845, "size": 5589, "status": 200, "resp_headers": {"Server": ["Caddy"], "X-Content-Type-Options": ["nosniff"], "X-Frame-Options": ["DENY"], "X-Xss-Protection": ["1; mode=block"], "Vary": ["Accept-Encoding"], "Etag": ["\"dlbu270dl7284b9\""], "Content-Type": ["text/html; charset=utf-8"], "Content-Length": ["5589"], "Last-Modified": ["Thu, 10 Sep 2026 18:04:02 GMT"], "Accept-Ranges": ["bytes"]}}
admin       | 2026/09/18 14:32:22.649	[34mINFO[0m	http.log.access.log0	handled request	{"request": {"remote_ip": "127.0.0.1", "remote_port": "40802", "client_ip": "127.0.0.1", "proto": "HTTP/1.1", "method": "GET", "host": "127.0.0.1:3000", "uri": "/god-mode", "headers": {"User-Agent": ["curl/8.20.0"], "Accept": ["*/*"]}}, "bytes_read": 0, "user_id": "", "duration": 0.004239102, "size": 5589, "status": 200, "resp_headers": {"X-Content-Type-Options": ["nosniff"], "X-Frame-Options": ["DENY"], "Vary": ["Accept-Encoding"], "Content-Type": ["text/html; charset=utf-8"], "Last-Modified": ["Thu, 10 Sep 2026 18:04:02 GMT"], "Content-Length": ["5589"], "Server": ["Caddy"], "X-Xss-Protection": ["1; mode=block"], "Etag": ["\"dlbu270dl7284b9\""], "Accept-Ranges": ["bytes"]}}
admin       | 2026/09/18 14:32:52.722	[34mINFO[0m	http.log.access.log0	handled request	{"request": {"remote_ip": "127.0.0.1", "remote_port": "38964", "client_ip": "127.0.0.1", "proto": "HTTP/1.1", "method": "GET", "host": "127.0.0.1:3000", "uri": "/god-mode", "headers": {"User-Agent": ["curl/8.20.0"], "Accept": ["*/*"]}}, "bytes_read": 0, "user_id": "", "duration": 0.000466399, "size": 5589, "status": 200, "resp_headers": {"Etag": ["\"dlbu270dl7284b9\""], "Last-Modified": ["Thu, 10 Sep 2026 18:04:02 GMT"], "Content-Length": ["5589"], "Server": ["Caddy"], "X-Frame-Options": ["DENY"], "Content-Type": ["text/html; charset=utf-8"], "Accept-Ranges": ["bytes"], "X-Content-Type-Options": ["nosniff"], "X-Xss-Protection": ["1; mode=block"], "Vary": ["Accept-Encoding"]}}
admin       | 2026/09/18 14:33:22.801	[34mINFO[0m	http.log.access.log0	handled request	{"request": {"remote_ip": "127.0.0.1", "remote_port": "34270", "client_ip": "127.0.0.1", "proto": "HTTP/1.1", "method": "GET", "host": "127.0.0.1:3000", "uri": "/god-mode", "headers": {"User-Agent": ["curl/8.20.0"], "Accept": ["*/*"]}}, "bytes_read": 0, "user_id": "", "duration": 0.000699776, "size": 5589, "status": 200, "resp_headers": {"Server": ["Caddy"], "X-Xss-Protection": ["1; mode=block"], "Vary": ["Accept-Encoding"], "Etag": ["\"dlbu270dl7284b9\""], "Accept-Ranges": ["bytes"], "Content-Length": ["5589"], "X-Frame-Options": ["DENY"], "X-Content-Type-Options": ["nosniff"], "Content-Type": ["text/html; charset=utf-8"], "Last-Modified": ["Thu, 10 Sep 2026 18:04:02 GMT"]}}
admin       | 2026/09/18 14:33:52.879	[34mINFO[0m	http.log.access.log0	handled request	{"request": {"remote_ip": "127.0.0.1", "remote_port": "40500", "client_ip": "127.0.0.1", "proto": "HTTP/1.1", "method": "GET", "host": "127.0.0.1:3000", "uri": "/god-mode", "headers": {"Accept": ["*/*"], "User-Agent": ["curl/8.20.0"]}}, "bytes_read": 0, "user_id": "", "duration": 0.000591758, "size": 5589, "status": 200, "resp_headers": {"Etag": ["\"dlbu270dl7284b9\""], "Accept-Ranges": ["bytes"], "Content-Length": ["5589"], "X-Frame-Options": ["DENY"], "X-Xss-Protection": ["1; mode=block"], "Content-Type": ["text/html; charset=utf-8"], "Last-Modified": ["Thu, 10 Sep 2026 18:04:02 GMT"], "Server": ["Caddy"], "X-Content-Type-Options": ["nosniff"], "Vary": ["Accept-Encoding"]}}
admin       | 2026/09/18 14:34:22.952	[34mINFO[0m	http.log.access.log0	handled request	{"request": {"remote_ip": "127.0.0.1", "remote_port": "55734", "client_ip": "127.0.0.1", "proto": "HTTP/1.1", "method": "GET", "host": "127.0.0.1:3000", "uri": "/god-mode", "headers": {"User-Agent": ["curl/8.20.0"], "Accept": ["*/*"]}}, "bytes_read": 0, "user_id": "", "duration": 0.001052409, "size": 5589, "status": 200, "resp_headers": {"X-Frame-Options": ["DENY"], "Vary": ["Accept-Encoding"], "Etag": ["\"dlbu270dl7284b9\""], "Last-Modified": ["Thu, 10 Sep 2026 18:04:02 GMT"], "Content-Length": ["5589"], "X-Xss-Protection": ["1; mode=block"], "Content-Type": ["text/html; charset=utf-8"], "Accept-Ranges": ["bytes"], "Server": ["Caddy"], "X-Content-Type-Options": ["nosniff"]}}
admin       | 2026/09/18 14:34:53.036	[34mINFO[0m	http.log.access.log0	handled request	{"request": {"remote_ip": "127.0.0.1", "remote_port": "35092", "client_ip": "127.0.0.1", "proto": "HTTP/1.1", "method": "GET", "host": "127.0.0.1:3000", "uri": "/god-mode", "headers": {"User-Agent": ["curl/8.20.0"], "Accept": ["*/*"]}}, "bytes_read": 0, "user_id": "", "duration": 0.000740519, "size": 5589, "status": 200, "resp_headers": {"X-Content-Type-Options": ["nosniff"], "X-Frame-Options": ["DENY"], "X-Xss-Protection": ["1; mode=block"], "Vary": ["Accept-Encoding"], "Etag": ["\"dlbu270dl7284b9\""], "Content-Type": ["text/html; charset=utf-8"], "Last-Modified": ["Thu, 10 Sep 2026 18:04:02 GMT"], "Server": ["Caddy"], "Accept-Ranges": ["bytes"], "Content-Length": ["5589"]}}
admin       | 2026/09/18 14:35:23.124	[34mINFO[0m	http.log.access.log0	handled request	{"request": {"remote_ip": "127.0.0.1", "remote_port": "59478", "client_ip": "127.0.0.1", "proto": "HTTP/1.1", "method": "GET", "host": "127.0.0.1:3000", "uri": "/god-mode", "headers": {"User-Agent": ["curl/8.20.0"], "Accept": ["*/*"]}}, "bytes_read": 0, "user_id": "", "duration": 0.000485197, "size": 5589, "status": 200, "resp_headers": {"X-Content-Type-Options": ["nosniff"], "X-Frame-Options": ["DENY"], "X-Xss-Protection": ["1; mode=block"], "Etag": ["\"dlbu270dl7284b9\""], "Last-Modified": ["Thu, 10 Sep 2026 18:04:02 GMT"], "Accept-Ranges": ["bytes"], "Server": ["Caddy"], "Vary": ["Accept-Encoding"], "Content-Type": ["text/html; charset=utf-8"], "Content-Length": ["5589"]}}
admin       | 2026/09/18 14:35:53.200	[34mINFO[0m	http.log.access.log0	handled request	{"request": {"remote_ip": "127.0.0.1", "remote_port": "53452", "client_ip": "127.0.0.1", "proto": "HTTP/1.1", "method": "GET", "host": "127.0.0.1:3000", "uri": "/god-mode", "headers": {"User-Agent": ["curl/8.20.0"], "Accept": ["*/*"]}}, "bytes_read": 0, "user_id": "", "duration": 0.000556328, "size": 5589, "status": 200, "resp_headers": {"Server": ["Caddy"], "X-Frame-Options": ["DENY"], "X-Content-Type-Options": ["nosniff"], "Vary": ["Accept-Encoding"], "Etag": ["\"dlbu270dl7284b9\""], "Last-Modified": ["Thu, 10 Sep 2026 18:04:02 GMT"], "Accept-Ranges": ["bytes"], "X-Xss-Protection": ["1; mode=block"], "Content-Type": ["text/html; charset=utf-8"], "Content-Length": ["5589"]}}
admin       | 2026/09/18 14:36:23.278	[34mINFO[0m	http.log.access.log0	handled request	{"request": {"remote_ip": "127.0.0.1", "remote_port": "54120", "client_ip": "127.0.0.1", "proto": "HTTP/1.1", "method": "GET", "host": "127.0.0.1:3000", "uri": "/god-mode", "headers": {"User-Agent": ["curl/8.20.0"], "Accept": ["*/*"]}}, "bytes_read": 0, "user_id": "", "duration": 0.000640178, "size": 5589, "status": 200, "resp_headers": {"X-Content-Type-Options": ["nosniff"], "X-Frame-Options": ["DENY"], "X-Xss-Protection": ["1; mode=block"], "Etag": ["\"dlbu270dl7284b9\""], "Content-Type": ["text/html; charset=utf-8"], "Accept-Ranges": ["bytes"], "Content-Length": ["5589"], "Server": ["Caddy"], "Vary": ["Accept-Encoding"], "Last-Modified": ["Thu, 10 Sep 2026 18:04:02 GMT"]}}
admin       | 2026/09/18 14:36:53.356	[34mINFO[0m	http.log.access.log0	handled request	{"request": {"remote_ip": "127.0.0.1", "remote_port": "46480", "client_ip": "127.0.0.1", "proto": "HTTP/1.1", "method": "GET", "host": "127.0.0.1:3000", "uri": "/god-mode", "headers": {"Accept": ["*/*"], "User-Agent": ["curl/8.20.0"]}}, "bytes_read": 0, "user_id": "", "duration": 0.000667221, "size": 5589, "status": 200, "resp_headers": {"Server": ["Caddy"], "X-Frame-Options": ["DENY"], "Vary": ["Accept-Encoding"], "Etag": ["\"dlbu270dl7284b9\""], "Last-Modified": ["Thu, 10 Sep 2026 18:04:02 GMT"], "Accept-Ranges": ["bytes"], "Content-Length": ["5589"], "X-Content-Type-Options": ["nosniff"], "X-Xss-Protection": ["1; mode=block"], "Content-Type": ["text/html; charset=utf-8"]}}
admin       | 2026/09/18 14:37:23.433	[34mINFO[0m	http.log.access.log0	handled request	{"request": {"remote_ip": "127.0.0.1", "remote_port": "58304", "client_ip": "127.0.0.1", "proto": "HTTP/1.1", "method": "GET", "host": "127.0.0.1:3000", "uri": "/god-mode", "headers": {"User-Agent": ["curl/8.20.0"], "Accept": ["*/*"]}}, "bytes_read": 0, "user_id": "", "duration": 0.000647451, "size": 5589, "status": 200, "resp_headers": {"Server": ["Caddy"], "X-Xss-Protection": ["1; mode=block"], "X-Content-Type-Options": ["nosniff"], "Content-Type": ["text/html; charset=utf-8"], "Last-Modified": ["Thu, 10 Sep 2026 18:04:02 GMT"], "Accept-Ranges": ["bytes"], "Content-Length": ["5589"], "X-Frame-Options": ["DENY"], "Vary": ["Accept-Encoding"], "Etag": ["\"dlbu270dl7284b9\""]}}
admin       | 2026/09/18 14:37:53.529	[34mINFO[0m	http.log.access.log0	handled request	{"request": {"remote_ip": "127.0.0.1", "remote_port": "55958", "client_ip": "127.0.0.1", "proto": "HTTP/1.1", "method": "GET", "host": "127.0.0.1:3000", "uri": "/god-mode", "headers": {"User-Agent": ["curl/8.20.0"], "Accept": ["*/*"]}}, "bytes_read": 0, "user_id": "", "duration": 0.001661783, "size": 5589, "status": 200, "resp_headers": {"X-Content-Type-Options": ["nosniff"], "X-Frame-Options": ["DENY"], "X-Xss-Protection": ["1; mode=block"], "Content-Type": ["text/html; charset=utf-8"], "Last-Modified": ["Thu, 10 Sep 2026 18:04:02 GMT"], "Accept-Ranges": ["bytes"], "Vary": ["Accept-Encoding"], "Etag": ["\"dlbu270dl7284b9\""], "Content-Length": ["5589"], "Server": ["Caddy"]}}
admin       | 2026/09/18 14:38:23.606	[34mINFO[0m	http.log.access.log0	handled request	{"request": {"remote_ip": "127.0.0.1", "remote_port": "43730", "client_ip": "127.0.0.1", "proto": "HTTP/1.1", "method": "GET", "host": "127.0.0.1:3000", "uri": "/god-mode", "headers": {"User-Agent": ["curl/8.20.0"], "Accept": ["*/*"]}}, "bytes_read": 0, "user_id": "", "duration": 0.000736766, "size": 5589, "status": 200, "resp_headers": {"Vary": ["Accept-Encoding"], "Etag": ["\"dlbu270dl7284b9\""], "Content-Type": ["text/html; charset=utf-8"], "Accept-Ranges": ["bytes"], "Content-Length": ["5589"], "X-Frame-Options": ["DENY"], "X-Content-Type-Options": ["nosniff"], "Last-Modified": ["Thu, 10 Sep 2026 18:04:02 GMT"], "Server": ["Caddy"], "X-Xss-Protection": ["1; mode=block"]}}
admin       | 2026/09/18 14:38:53.686	[34mINFO[0m	http.log.access.log0	handled request	{"request": {"remote_ip": "127.0.0.1", "remote_port": "46240", "client_ip": "127.0.0.1", "proto": "HTTP/1.1", "method": "GET", "host": "127.0.0.1:3000", "uri": "/god-mode", "headers": {"Accept": ["*/*"], "User-Agent": ["curl/8.20.0"]}}, "bytes_read": 0, "user_id": "", "duration": 0.00060827, "size": 5589, "status": 200, "resp_headers": {"Content-Length": ["5589"], "X-Xss-Protection": ["1; mode=block"], "X-Content-Type-Options": ["nosniff"], "X-Frame-Options": ["DENY"], "Last-Modified": ["Thu, 10 Sep 2026 18:04:02 GMT"], "Accept-Ranges": ["bytes"], "Server": ["Caddy"], "Vary": ["Accept-Encoding"], "Etag": ["\"dlbu270dl7284b9\""], "Content-Type": ["text/html; charset=utf-8"]}}
admin       | 2026/09/18 14:39:23.789	[34mINFO[0m	http.log.access.log0	handled request	{"request": {"remote_ip": "127.0.0.1", "remote_port": "32964", "client_ip": "127.0.0.1", "proto": "HTTP/1.1", "method": "GET", "host": "127.0.0.1:3000", "uri": "/god-mode", "headers": {"User-Agent": ["curl/8.20.0"], "Accept": ["*/*"]}}, "bytes_read": 0, "user_id": "", "duration": 0.000634558, "size": 5589, "status": 200, "resp_headers": {"Last-Modified": ["Thu, 10 Sep 2026 18:04:02 GMT"], "Content-Length": ["5589"], "Server": ["Caddy"], "Vary": ["Accept-Encoding"], "Etag": ["\"dlbu270dl7284b9\""], "Accept-Ranges": ["bytes"], "X-Content-Type-Options": ["nosniff"], "X-Frame-Options": ["DENY"], "X-Xss-Protection": ["1; mode=block"], "Content-Type": ["text/html; charset=utf-8"]}}
admin       | 2026/09/18 14:39:53.873	[34mINFO[0m	http.log.access.log0	handled request	{"request": {"remote_ip": "127.0.0.1", "remote_port": "43750", "client_ip": "127.0.0.1", "proto": "HTTP/1.1", "method": "GET", "host": "127.0.0.1:3000", "uri": "/god-mode", "headers": {"Accept": ["*/*"], "User-Agent": ["curl/8.20.0"]}}, "bytes_read": 0, "user_id": "", "duration": 0.00053054, "size": 5589, "status": 200, "resp_headers": {"Server": ["Caddy"], "X-Frame-Options": ["DENY"], "X-Xss-Protection": ["1; mode=block"], "Content-Type": ["text/html; charset=utf-8"], "Last-Modified": ["Thu, 10 Sep 2026 18:04:02 GMT"], "Content-Length": ["5589"], "X-Content-Type-Options": ["nosniff"], "Vary": ["Accept-Encoding"], "Etag": ["\"dlbu270dl7284b9\""], "Accept-Ranges": ["bytes"]}}
admin       | 2026/09/18 14:40:23.953	[34mINFO[0m	http.log.access.log0	handled request	{"request": {"remote_ip": "127.0.0.1", "remote_port": "39884", "client_ip": "127.0.0.1", "proto": "HTTP/1.1", "method": "GET", "host": "127.0.0.1:3000", "uri": "/god-mode", "headers": {"User-Agent": ["curl/8.20.0"], "Accept": ["*/*"]}}, "bytes_read": 0, "user_id": "", "duration": 0.001607679, "size": 5589, "status": 200, "resp_headers": {"X-Frame-Options": ["DENY"], "Etag": ["\"dlbu270dl7284b9\""], "Last-Modified": ["Thu, 10 Sep 2026 18:04:02 GMT"], "Content-Length": ["5589"], "X-Content-Type-Options": ["nosniff"], "X-Xss-Protection": ["1; mode=block"], "Vary": ["Accept-Encoding"], "Content-Type": ["text/html; charset=utf-8"], "Accept-Ranges": ["bytes"], "Server": ["Caddy"]}}
admin       | 2026/09/18 14:40:54.057	[34mINFO[0m	http.log.access.log0	handled request	{"request": {"remote_ip": "127.0.0.1", "remote_port": "58244", "client_ip": "127.0.0.1", "proto": "HTTP/1.1", "method": "GET", "host": "127.0.0.1:3000", "uri": "/god-mode", "headers": {"User-Agent": ["curl/8.20.0"], "Accept": ["*/*"]}}, "bytes_read": 0, "user_id": "", "duration": 0.001803143, "size": 5589, "status": 200, "resp_headers": {"Server": ["Caddy"], "X-Content-Type-Options": ["nosniff"], "Vary": ["Accept-Encoding"], "Etag": ["\"dlbu270dl7284b9\""], "Last-Modified": ["Thu, 10 Sep 2026 18:04:02 GMT"], "Content-Length": ["5589"], "X-Frame-Options": ["DENY"], "X-Xss-Protection": ["1; mode=block"], "Content-Type": ["text/html; charset=utf-8"], "Accept-Ranges": ["bytes"]}}
admin       | 2026/09/18 14:41:24.144	[34mINFO[0m	http.log.access.log0	handled request	{"request": {"remote_ip": "127.0.0.1", "remote_port": "40852", "client_ip": "127.0.0.1", "proto": "HTTP/1.1", "method": "GET", "host": "127.0.0.1:3000", "uri": "/god-mode", "headers": {"User-Agent": ["curl/8.20.0"], "Accept": ["*/*"]}}, "bytes_read": 0, "user_id": "", "duration": 0.00073719, "size": 5589, "status": 200, "resp_headers": {"Server": ["Caddy"], "X-Content-Type-Options": ["nosniff"], "X-Xss-Protection": ["1; mode=block"], "Etag": ["\"dlbu270dl7284b9\""], "Content-Type": ["text/html; charset=utf-8"], "Last-Modified": ["Thu, 10 Sep 2026 18:04:02 GMT"], "X-Frame-Options": ["DENY"], "Vary": ["Accept-Encoding"], "Accept-Ranges": ["bytes"], "Content-Length": ["5589"]}}
admin       | 2026/09/18 14:41:54.228	[34mINFO[0m	http.log.access.log0	handled request	{"request": {"remote_ip": "127.0.0.1", "remote_port": "40378", "client_ip": "127.0.0.1", "proto": "HTTP/1.1", "method": "GET", "host": "127.0.0.1:3000", "uri": "/god-mode", "headers": {"Accept": ["*/*"], "User-Agent": ["curl/8.20.0"]}}, "bytes_read": 0, "user_id": "", "duration": 0.000633809, "size": 5589, "status": 200, "resp_headers": {"Server": ["Caddy"], "Vary": ["Accept-Encoding"], "Etag": ["\"dlbu270dl7284b9\""], "X-Content-Type-Options": ["nosniff"], "X-Frame-Options": ["DENY"], "X-Xss-Protection": ["1; mode=block"], "Content-Type": ["text/html; charset=utf-8"], "Last-Modified": ["Thu, 10 Sep 2026 18:04:02 GMT"], "Accept-Ranges": ["bytes"], "Content-Length": ["5589"]}}
admin       | 2026/09/18 14:42:24.446	[34mINFO[0m	http.log.access.log0	handled request	{"request": {"remote_ip": "127.0.0.1", "remote_port": "49552", "client_ip": "127.0.0.1", "proto": "HTTP/1.1", "method": "GET", "host": "127.0.0.1:3000", "uri": "/god-mode", "headers": {"User-Agent": ["curl/8.20.0"], "Accept": ["*/*"]}}, "bytes_read": 0, "user_id": "", "duration": 0.006440709, "size": 5589, "status": 200, "resp_headers": {"Server": ["Caddy"], "X-Content-Type-Options": ["nosniff"], "X-Frame-Options": ["DENY"], "Vary": ["Accept-Encoding"], "Content-Type": ["text/html; charset=utf-8"], "Content-Length": ["5589"], "X-Xss-Protection": ["1; mode=block"], "Etag": ["\"dlbu270dl7284b9\""], "Last-Modified": ["Thu, 10 Sep 2026 18:04:02 GMT"], "Accept-Ranges": ["bytes"]}}
admin       | 2026/09/18 14:42:54.879	[34mINFO[0m	http.log.access.log0	handled request	{"request": {"remote_ip": "127.0.0.1", "remote_port": "47250", "client_ip": "127.0.0.1", "proto": "HTTP/1.1", "method": "GET", "host": "127.0.0.1:3000", "uri": "/god-mode", "headers": {"User-Agent": ["curl/8.20.0"], "Accept": ["*/*"]}}, "bytes_read": 0, "user_id": "", "duration": 0.004608359, "size": 5589, "status": 200, "resp_headers": {"X-Xss-Protection": ["1; mode=block"], "Content-Type": ["text/html; charset=utf-8"], "Accept-Ranges": ["bytes"], "Vary": ["Accept-Encoding"], "Etag": ["\"dlbu270dl7284b9\""], "Last-Modified": ["Thu, 10 Sep 2026 18:04:02 GMT"], "Content-Length": ["5589"], "Server": ["Caddy"], "X-Content-Type-Options": ["nosniff"], "X-Frame-Options": ["DENY"]}}
admin       | 2026/09/18 14:43:25.358	[34mINFO[0m	http.log.access.log0	handled request	{"request": {"remote_ip": "127.0.0.1", "remote_port": "39426", "client_ip": "127.0.0.1", "proto": "HTTP/1.1", "method": "GET", "host": "127.0.0.1:3000", "uri": "/god-mode", "headers": {"User-Agent": ["curl/8.20.0"], "Accept": ["*/*"]}}, "bytes_read": 0, "user_id": "", "duration": 0.018358163, "size": 5589, "status": 200, "resp_headers": {"Server": ["Caddy"], "X-Content-Type-Options": ["nosniff"], "Etag": ["\"dlbu270dl7284b9\""], "Content-Type": ["text/html; charset=utf-8"], "Last-Modified": ["Thu, 10 Sep 2026 18:04:02 GMT"], "X-Frame-Options": ["DENY"], "X-Xss-Protection": ["1; mode=block"], "Vary": ["Accept-Encoding"], "Accept-Ranges": ["bytes"], "Content-Length": ["5589"]}}
admin       | 2026/09/18 14:43:55.771	[34mINFO[0m	http.log.access.log0	handled request	{"request": {"remote_ip": "127.0.0.1", "remote_port": "51658", "client_ip": "127.0.0.1", "proto": "HTTP/1.1", "method": "GET", "host": "127.0.0.1:3000", "uri": "/god-mode", "headers": {"User-Agent": ["curl/8.20.0"], "Accept": ["*/*"]}}, "bytes_read": 0, "user_id": "", "duration": 0.004629941, "size": 5589, "status": 200, "resp_headers": {"X-Frame-Options": ["DENY"], "X-Content-Type-Options": ["nosniff"], "Etag": ["\"dlbu270dl7284b9\""], "Content-Type": ["text/html; charset=utf-8"], "Content-Length": ["5589"], "Server": ["Caddy"], "X-Xss-Protection": ["1; mode=block"], "Vary": ["Accept-Encoding"], "Last-Modified": ["Thu, 10 Sep 2026 18:04:02 GMT"], "Accept-Ranges": ["bytes"]}}
admin       | 2026/09/18 14:44:26.283	[34mINFO[0m	http.log.access.log0	handled request	{"request": {"remote_ip": "127.0.0.1", "remote_port": "47816", "client_ip": "127.0.0.1", "proto": "HTTP/1.1", "method": "GET", "host": "127.0.0.1:3000", "uri": "/god-mode", "headers": {"Accept": ["*/*"], "User-Agent": ["curl/8.20.0"]}}, "bytes_read": 0, "user_id": "", "duration": 0.082387611, "size": 5589, "status": 200, "resp_headers": {"Server": ["Caddy"], "X-Xss-Protection": ["1; mode=block"], "Vary": ["Accept-Encoding"], "Last-Modified": ["Thu, 10 Sep 2026 18:04:02 GMT"], "Accept-Ranges": ["bytes"], "Content-Length": ["5589"], "X-Content-Type-Options": ["nosniff"], "X-Frame-Options": ["DENY"], "Etag": ["\"dlbu270dl7284b9\""], "Content-Type": ["text/html; charset=utf-8"]}}
admin       | 2026/09/18 14:44:56.845	[34mINFO[0m	http.log.access.log0	handled request	{"request": {"remote_ip": "127.0.0.1", "remote_port": "38966", "client_ip": "127.0.0.1", "proto": "HTTP/1.1", "method": "GET", "host": "127.0.0.1:3000", "uri": "/god-mode", "headers": {"User-Agent": ["curl/8.20.0"], "Accept": ["*/*"]}}, "bytes_read": 0, "user_id": "", "duration": 0.007163187, "size": 5589, "status": 200, "resp_headers": {"Accept-Ranges": ["bytes"], "Server": ["Caddy"], "Vary": ["Accept-Encoding"], "Content-Type": ["text/html; charset=utf-8"], "Content-Length": ["5589"], "X-Content-Type-Options": ["nosniff"], "X-Frame-Options": ["DENY"], "X-Xss-Protection": ["1; mode=block"], "Etag": ["\"dlbu270dl7284b9\""], "Last-Modified": ["Thu, 10 Sep 2026 18:04:02 GMT"]}}
admin       | 2026/09/18 14:45:27.242	[34mINFO[0m	http.log.access.log0	handled request	{"request": {"remote_ip": "127.0.0.1", "remote_port": "48938", "client_ip": "127.0.0.1", "proto": "HTTP/1.1", "method": "GET", "host": "127.0.0.1:3000", "uri": "/god-mode", "headers": {"User-Agent": ["curl/8.20.0"], "Accept": ["*/*"]}}, "bytes_read": 0, "user_id": "", "duration": 0.000485152, "size": 5589, "status": 200, "resp_headers": {"X-Xss-Protection": ["1; mode=block"], "X-Content-Type-Options": ["nosniff"], "X-Frame-Options": ["DENY"], "Etag": ["\"dlbu270dl7284b9\""], "Last-Modified": ["Thu, 10 Sep 2026 18:04:02 GMT"], "Accept-Ranges": ["bytes"], "Server": ["Caddy"], "Vary": ["Accept-Encoding"], "Content-Type": ["text/html; charset=utf-8"], "Content-Length": ["5589"]}}
admin       | 2026/09/18 14:45:57.696	[34mINFO[0m	http.log.access.log0	handled request	{"request": {"remote_ip": "127.0.0.1", "remote_port": "37096", "client_ip": "127.0.0.1", "proto": "HTTP/1.1", "method": "GET", "host": "127.0.0.1:3000", "uri": "/god-mode", "headers": {"User-Agent": ["curl/8.20.0"], "Accept": ["*/*"]}}, "bytes_read": 0, "user_id": "", "duration": 0.000624524, "size": 5589, "status": 200, "resp_headers": {"Etag": ["\"dlbu270dl7284b9\""], "Content-Type": ["text/html; charset=utf-8"], "Last-Modified": ["Thu, 10 Sep 2026 18:04:02 GMT"], "Content-Length": ["5589"], "X-Xss-Protection": ["1; mode=block"], "X-Content-Type-Options": ["nosniff"], "Vary": ["Accept-Encoding"], "Accept-Ranges": ["bytes"], "Server": ["Caddy"], "X-Frame-Options": ["DENY"]}}
admin       | 2026/09/18 14:46:28.054	[34mINFO[0m	http.log.access.log0	handled request	{"request": {"remote_ip": "127.0.0.1", "remote_port": "52414", "client_ip": "127.0.0.1", "proto": "HTTP/1.1", "method": "GET", "host": "127.0.0.1:3000", "uri": "/god-mode", "headers": {"Accept": ["*/*"], "User-Agent": ["curl/8.20.0"]}}, "bytes_read": 0, "user_id": "", "duration": 0.012246441, "size": 5589, "status": 200, "resp_headers": {"Vary": ["Accept-Encoding"], "Content-Type": ["text/html; charset=utf-8"], "Last-Modified": ["Thu, 10 Sep 2026 18:04:02 GMT"], "Content-Length": ["5589"], "Server": ["Caddy"], "X-Content-Type-Options": ["nosniff"], "X-Frame-Options": ["DENY"], "X-Xss-Protection": ["1; mode=block"], "Etag": ["\"dlbu270dl7284b9\""], "Accept-Ranges": ["bytes"]}}
admin       | 2026/09/18 14:46:58.375	[34mINFO[0m	http.log.access.log0	handled request	{"request": {"remote_ip": "127.0.0.1", "remote_port": "52494", "client_ip": "127.0.0.1", "proto": "HTTP/1.1", "method": "GET", "host": "127.0.0.1:3000", "uri": "/god-mode", "headers": {"User-Agent": ["curl/8.20.0"], "Accept": ["*/*"]}}, "bytes_read": 0, "user_id": "", "duration": 0.001309754, "size": 5589, "status": 200, "resp_headers": {"Server": ["Caddy"], "X-Frame-Options": ["DENY"], "X-Xss-Protection": ["1; mode=block"], "Vary": ["Accept-Encoding"], "Content-Type": ["text/html; charset=utf-8"], "Last-Modified": ["Thu, 10 Sep 2026 18:04:02 GMT"], "Content-Length": ["5589"], "X-Content-Type-Options": ["nosniff"], "Etag": ["\"dlbu270dl7284b9\""], "Accept-Ranges": ["bytes"]}}
admin       | 2026/09/18 14:47:28.700	[34mINFO[0m	http.log.access.log0	handled request	{"request": {"remote_ip": "127.0.0.1", "remote_port": "40196", "client_ip": "127.0.0.1", "proto": "HTTP/1.1", "method": "GET", "host": "127.0.0.1:3000", "uri": "/god-mode", "headers": {"Accept": ["*/*"], "User-Agent": ["curl/8.20.0"]}}, "bytes_read": 0, "user_id": "", "duration": 0.000593277, "size": 5589, "status": 200, "resp_headers": {"Server": ["Caddy"], "Content-Type": ["text/html; charset=utf-8"], "Content-Length": ["5589"], "X-Content-Type-Options": ["nosniff"], "X-Frame-Options": ["DENY"], "X-Xss-Protection": ["1; mode=block"], "Vary": ["Accept-Encoding"], "Etag": ["\"dlbu270dl7284b9\""], "Last-Modified": ["Thu, 10 Sep 2026 18:04:02 GMT"], "Accept-Ranges": ["bytes"]}}
admin       | 2026/09/18 14:47:59.103	[34mINFO[0m	http.log.access.log0	handled request	{"request": {"remote_ip": "127.0.0.1", "remote_port": "40470", "client_ip": "127.0.0.1", "proto": "HTTP/1.1", "method": "GET", "host": "127.0.0.1:3000", "uri": "/god-mode", "headers": {"Accept": ["*/*"], "User-Agent": ["curl/8.20.0"]}}, "bytes_read": 0, "user_id": "", "duration": 0.001962197, "size": 5589, "status": 200, "resp_headers": {"X-Xss-Protection": ["1; mode=block"], "Vary": ["Accept-Encoding"], "Etag": ["\"dlbu270dl7284b9\""], "Last-Modified": ["Thu, 10 Sep 2026 18:04:02 GMT"], "Accept-Ranges": ["bytes"], "Server": ["Caddy"], "X-Content-Type-Options": ["nosniff"], "X-Frame-Options": ["DENY"], "Content-Type": ["text/html; charset=utf-8"], "Content-Length": ["5589"]}}
admin       | 2026/09/18 14:48:29.507	[34mINFO[0m	http.log.access.log0	handled request	{"request": {"remote_ip": "127.0.0.1", "remote_port": "42324", "client_ip": "127.0.0.1", "proto": "HTTP/1.1", "method": "GET", "host": "127.0.0.1:3000", "uri": "/god-mode", "headers": {"Accept": ["*/*"], "User-Agent": ["curl/8.20.0"]}}, "bytes_read": 0, "user_id": "", "duration": 0.044587599, "size": 5589, "status": 200, "resp_headers": {"Last-Modified": ["Thu, 10 Sep 2026 18:04:02 GMT"], "Accept-Ranges": ["bytes"], "Content-Length": ["5589"], "X-Content-Type-Options": ["nosniff"], "X-Xss-Protection": ["1; mode=block"], "Etag": ["\"dlbu270dl7284b9\""], "Content-Type": ["text/html; charset=utf-8"], "Server": ["Caddy"], "X-Frame-Options": ["DENY"], "Vary": ["Accept-Encoding"]}}
Deployment failed during remote build and deployment (line 65).
