=== Production deploy started: 2026-09-26T14:33:43+08:00 ===
Commit: b8c23c95a74416383abb05abd2d63472a654bee8
Working tree:
?? deploy-20260926-143343.log
Deploying checkout: /home/rahimin_amin/ten-fold-plane/ten-fold-plane
Checkout commit: b8c23c95a7
Source fingerprint: b3437fb169360edc2a4817677ae9e47decb9b1943786598ef5a021e02017a952
Uploading Ten-Fold to root@178.128.104.112:/opt/plane/app/ten-fold-plane...
Uploaded source matches local checkout.
Rebuilding and migrating Plane on the Droplet...
 Image gristlabs/grist:1.7.16 Pulling 
 Image gristlabs/grist:1.7.16 Pulled 
 Container ten-fold-plane-grist-1 Recreate 
 Container ten-fold-plane-grist-1 Recreated 
 Container ten-fold-plane-grist-1 Starting 
 Container ten-fold-plane-grist-1 Started 
 Container ten-fold-plane-grist-1 Waiting 
 Container ten-fold-plane-grist-1 Healthy 
 Container plane-db Running 
 Container plane-redis Running 
 Image ten-fold-plane-migrator Building 
#1 [internal] load local bake definitions
#1 reading from stdin 610B done
#1 DONE 0.0s

#2 [internal] load build definition from Dockerfile.api
#2 transferring dockerfile:
#2 transferring dockerfile: 1.30kB 0.0s done
#2 DONE 0.2s

#3 [internal] load metadata for docker.io/library/python:3.12.10-alpine
#3 DONE 1.6s

#4 [internal] load .dockerignore
#4 transferring context: 2B done
#4 DONE 0.1s

#5 [ 1/17] FROM docker.io/library/python:3.12.10-alpine@sha256:4bbf5ef9ce4b273299d394de268ad6018e10a9375d7efc7c2ce9501a6eb6b86c
#5 resolve docker.io/library/python:3.12.10-alpine@sha256:4bbf5ef9ce4b273299d394de268ad6018e10a9375d7efc7c2ce9501a6eb6b86c 0.1s done
#5 DONE 0.1s

#6 [internal] load build context
#6 transferring context: 125.19kB 0.3s done
#6 DONE 0.5s

#7 [ 4/17] RUN apk add --no-cache --upgrade     "libpq"     "libxslt"     "xmlsec"     "ca-certificates"     "openssl"
#7 CACHED

#8 [ 5/17] COPY requirements.txt ./
#8 CACHED

#9 [ 6/17] COPY requirements ./requirements
#9 CACHED

#10 [ 7/17] RUN apk add --no-cache libffi-dev
#10 CACHED

#11 [ 8/17] RUN apk add --no-cache --virtual .build-deps     "bash~=5.2"     "g++"     "gcc"     "cargo"     "git"     "make"     "postgresql-dev"     "libc-dev"     "linux-headers"     &&     pip install -r requirements.txt --compile --no-cache-dir     &&     apk del .build-deps     &&     rm -rf /var/cache/apk/*
#11 CACHED

#12 [ 2/17] RUN apk update && apk upgrade
#12 CACHED

#13 [ 3/17] WORKDIR /code
#13 CACHED

#14 [ 9/17] COPY manage.py manage.py
#14 CACHED

#15 [10/17] COPY plane plane/
#15 DONE 2.4s

#16 [11/17] COPY templates templates/
#16 DONE 0.3s

#17 [12/17] COPY package.json package.json
#17 DONE 0.2s

#18 [13/17] RUN apk --no-cache add "bash~=5.2"
#18 1.060 fetch https://dl-cdn.alpinelinux.org/alpine/v3.22/main/x86_64/APKINDEX.tar.gz
#18 1.233 fetch https://dl-cdn.alpinelinux.org/alpine/v3.22/community/x86_64/APKINDEX.tar.gz
#18 2.045 (1/1) Installing bash (5.2.37-r0)
#18 2.084 Executing bash-5.2.37-r0.post-install
#18 2.095 Executing busybox-1.37.0-r20.trigger
#18 2.190 OK: 24 MiB in 48 packages
#18 DONE 2.7s

#19 [14/17] COPY ./bin ./bin/
#19 DONE 0.5s

#20 [15/17] RUN mkdir -p /code/plane/logs
#20 DONE 0.7s

#21 [16/17] RUN chmod +x ./bin/*
#21 DONE 0.7s

#22 [17/17] RUN chmod -R 777 /code
#22 DONE 10.3s

#23 exporting to image
#23 exporting layers
#23 exporting layers 1.7s done
#23 exporting manifest sha256:c316202ac12904381747fa41a17149244c91905f4c6f14a741a50cab3a06f705 0.0s done
#23 exporting config sha256:17ba7d511234a37bc12fc800012f8e23a3ac0ea2262f4ca1be5c688cb72dd804 0.0s done
#23 exporting attestation manifest sha256:0c0cc48d62c7a68bdbd228e7e8fdef860210fe830548d1a437031be641a8ebd4 0.0s done
#23 exporting manifest list sha256:ca2d7e51204204bed317148db83872437f1a60df73fc83e56491c2efe94ce842 0.0s done
#23 naming to docker.io/library/ten-fold-plane-migrator:latest
#23 naming to docker.io/library/ten-fold-plane-migrator:latest done
#23 unpacking to docker.io/library/ten-fold-plane-migrator:latest
#23 unpacking to docker.io/library/ten-fold-plane-migrator:latest 1.1s done
#23 DONE 3.1s

#24 resolving provenance for metadata file
#24 DONE 0.0s
 Image ten-fold-plane-migrator Built 
 Container ten-fold-plane-migrator-run-e245652e5e5c Creating 
 Container ten-fold-plane-migrator-run-e245652e5e5c Created 
Waiting for database...
Database available!
Operations to perform:
  Apply all migrations: auth, contenttypes, db, django_celery_beat, license, sessions
Running migrations:
  No migrations to apply.
  Your models in app(s): 'db' have changes that are not yet reflected in a migration, and so won't be applied.
  Run 'manage.py makemigrations' to make new migrations, and then re-run 'manage.py migrate' to apply them.
 Image ten-fold-plane-admin Building 
#1 [internal] load local bake definitions
#1 reading from stdin 1.72kB done
#1 DONE 0.0s

#2 [internal] load build definition from Dockerfile.admin
#2 transferring dockerfile: 3.20kB done
#2 DONE 0.0s

#3 [internal] load metadata for docker.io/library/caddy:2.11-builder-alpine
#3 ...

#4 [internal] load metadata for docker.io/library/node:22-alpine
#4 DONE 1.5s

#5 [internal] load metadata for docker.io/library/caddy:2.11-alpine
#5 ...

#3 [internal] load metadata for docker.io/library/caddy:2.11-builder-alpine
#3 DONE 2.2s

#5 [internal] load metadata for docker.io/library/caddy:2.11-alpine
#5 DONE 3.1s

#6 [internal] load .dockerignore
#6 transferring context: 882B done
#6 DONE 0.0s

#7 [internal] load build context
#7 DONE 0.0s

#8 [caddy-builder 1/2] FROM docker.io/library/caddy:2.11-builder-alpine@sha256:0aa610043dab5da82ad0a0268e46bb852785e6f5160f12f1c6fe3f42903d7e1b
#8 resolve docker.io/library/caddy:2.11-builder-alpine@sha256:0aa610043dab5da82ad0a0268e46bb852785e6f5160f12f1c6fe3f42903d7e1b 0.1s done
#8 DONE 0.1s

#9 [production 1/5] FROM docker.io/library/caddy:2.11-alpine@sha256:6aeddd44c3078b0f9a35206472a11420648a79c184603ef95957d0a20044cb2b
#9 resolve docker.io/library/caddy:2.11-alpine@sha256:6aeddd44c3078b0f9a35206472a11420648a79c184603ef95957d0a20044cb2b
#9 resolve docker.io/library/caddy:2.11-alpine@sha256:6aeddd44c3078b0f9a35206472a11420648a79c184603ef95957d0a20044cb2b 0.1s done
#9 DONE 0.1s

#10 [base 1/3] FROM docker.io/library/node:22-alpine@sha256:0a7108bf6c7bf5de370ffb1a3ed6be93d405b43ff159f681a8d18c0e2bc2e402
#10 resolve docker.io/library/node:22-alpine@sha256:0a7108bf6c7bf5de370ffb1a3ed6be93d405b43ff159f681a8d18c0e2bc2e402 0.1s done
#10 DONE 0.1s

#8 [caddy-builder 1/2] FROM docker.io/library/caddy:2.11-builder-alpine@sha256:0aa610043dab5da82ad0a0268e46bb852785e6f5160f12f1c6fe3f42903d7e1b
#8 CACHED

#7 [internal] load build context
#7 transferring context: 929.19kB 1.6s done
#7 DONE 1.7s

#11 [caddy-builder 2/2] RUN xcaddy build     --with github.com/mholt/caddy-ratelimit
#11 0.625 2026/09/26 06:35:57 [INFO] absolute output file path: /usr/bin/caddy
#11 0.629 2026/09/26 06:35:57 [INFO] Temporary folder: /tmp/buildenv_2026-09-26-0635.1586389336
#11 0.629 2026/09/26 06:35:57 [INFO] Writing main module: /tmp/buildenv_2026-09-26-0635.1586389336/main.go
#11 0.629 package main
#11 0.629 
#11 0.629 import (
#11 0.629 	caddycmd "github.com/caddyserver/caddy/v2/cmd"
#11 0.629 
#11 0.629 	// plug in Caddy modules here
#11 0.629 	_ "github.com/caddyserver/caddy/v2/modules/standard"
#11 0.629 	_ "github.com/mholt/caddy-ratelimit"
#11 0.629 )
#11 0.629 
#11 0.629 func main() {
#11 0.629 	caddycmd.Main()
#11 0.629 }
#11 0.630 2026/09/26 06:35:57 [INFO] Initializing Go module
#11 0.632 2026/09/26 06:35:57 [INFO] exec (timeout=0s): /usr/local/go/bin/go mod init caddy 
#11 0.742 go: creating new go.mod: module caddy
#11 0.755 go: to add module requirements and sums:
#11 0.755 	go mod tidy
#11 0.759 2026/09/26 06:35:57 [INFO] Pinning versions
#11 0.759 2026/09/26 06:35:57 [INFO] exec (timeout=0s): /usr/local/go/bin/go get -v github.com/caddyserver/caddy/v2@v2.11.4 
#11 1.312 go: downloading github.com/caddyserver/caddy/v2 v2.11.4
#11 ...

#12 [base 2/3] WORKDIR /app
#12 CACHED

#13 [base 3/3] RUN corepack enable pnpm
#13 CACHED

#14 [builder 1/3] RUN pnpm add -g turbo@2.9.18
#14 CACHED

#15 [builder 2/3] COPY . .
#15 ...

#11 [caddy-builder 2/2] RUN xcaddy build     --with github.com/mholt/caddy-ratelimit
#11 2.344 go: downloading github.com/caddyserver/certmagic v0.25.3
#11 2.345 go: downloading github.com/cespare/xxhash/v2 v2.3.0
#11 2.385 go: downloading github.com/cespare/xxhash v1.1.0
#11 2.416 go: downloading github.com/google/uuid v1.6.0
#11 2.738 go: downloading github.com/prometheus/client_golang v1.23.2
#11 2.917 go: downloading github.com/quic-go/quic-go v0.59.1
#11 3.297 go: downloading go.uber.org/zap v1.28.0
#11 3.298 go: downloading go.uber.org/zap/exp v0.3.0
#11 3.443 go: downloading golang.org/x/sys v0.45.0
#11 4.390 go: downloading golang.org/x/term v0.43.0
#11 4.392 go: downloading golang.org/x/time v0.15.0
#11 5.583 go: downloading github.com/beorn7/perks v1.0.1
#11 5.588 go: downloading github.com/prometheus/client_model v0.6.2
#11 5.619 go: downloading github.com/prometheus/common v0.67.5
#11 5.775 go: downloading google.golang.org/protobuf v1.36.11
#11 5.775 go: downloading github.com/prometheus/procfs v0.20.1
#11 6.519 go: downloading github.com/caddyserver/zerossl v0.1.5
#11 6.523 go: downloading github.com/klauspost/cpuid/v2 v2.3.0
#11 6.680 go: downloading github.com/libdns/libdns v1.1.1
#11 6.699 go: downloading github.com/mholt/acmez/v3 v3.1.6
#11 7.078 go: downloading github.com/miekg/dns v1.1.72
#11 7.095 go: downloading github.com/zeebo/blake3 v0.2.4
#11 7.162 go: downloading golang.org/x/crypto v0.52.0
#11 7.306 go: downloading golang.org/x/net v0.55.0
#11 7.888 go: downloading github.com/quic-go/qpack v0.6.0
#11 7.909 go: downloading go.uber.org/multierr v1.11.0
#11 8.209 go: downloading github.com/munnerz/goautoneg v0.0.0-20191010083416-a7dc8b61c822
#11 8.229 go: downloading go.yaml.in/yaml/v2 v2.4.4
#11 8.233 go: downloading golang.org/x/tools v0.44.0
#11 8.339 go: downloading golang.org/x/text v0.37.0
#11 ...

#15 [builder 2/3] COPY . .
#15 DONE 7.8s

#16 [builder 3/3] RUN turbo prune --scope=admin --docker
#16 0.913  WARNING  --scope is deprecated and will be removed in a future major version. Use positional arguments instead (e.g. `turbo prune web`)
#16 1.146 Generating pruned monorepo for admin in /app/out
#16 1.164  - Added @plane/constants
#16 1.169  - Added @plane/hooks
#16 1.182  - Added @plane/services
#16 1.188  - Added @plane/tailwind-config
#16 1.208  - Added @plane/types
#16 1.214  - Added @plane/typescript-config
#16 1.231  - Added @plane/utils
#16 1.278  - Added admin
#16 DONE 1.6s

#11 [caddy-builder 2/2] RUN xcaddy build     --with github.com/mholt/caddy-ratelimit
#11 10.14 go: downloading golang.org/x/sync v0.20.0
#11 10.19 go: downloading golang.org/x/mod v0.35.0
#11 12.27 go: added github.com/beorn7/perks v1.0.1
#11 12.27 go: added github.com/caddyserver/caddy/v2 v2.11.4
#11 12.27 go: added github.com/caddyserver/certmagic v0.25.3
#11 12.27 go: added github.com/caddyserver/zerossl v0.1.5
#11 12.27 go: added github.com/cespare/xxhash/v2 v2.3.0
#11 12.27 go: added github.com/google/uuid v1.6.0
#11 12.27 go: added github.com/klauspost/cpuid/v2 v2.3.0
#11 12.27 go: added github.com/libdns/libdns v1.1.1
#11 12.27 go: added github.com/mholt/acmez/v3 v3.1.6
#11 12.27 go: added github.com/miekg/dns v1.1.72
#11 12.27 go: added github.com/munnerz/goautoneg v0.0.0-20191010083416-a7dc8b61c822
#11 12.27 go: added github.com/prometheus/client_golang v1.23.2
#11 12.27 go: added github.com/prometheus/client_model v0.6.2
#11 12.27 go: added github.com/prometheus/common v0.67.5
#11 12.27 go: added github.com/prometheus/procfs v0.20.1
#11 12.27 go: added github.com/quic-go/qpack v0.6.0
#11 12.27 go: added github.com/quic-go/quic-go v0.59.1
#11 12.27 go: added github.com/zeebo/blake3 v0.2.4
#11 12.27 go: added go.uber.org/multierr v1.11.0
#11 12.27 go: added go.uber.org/zap v1.28.0
#11 12.27 go: added go.uber.org/zap/exp v0.3.0
#11 12.27 go: added go.yaml.in/yaml/v2 v2.4.4
#11 12.27 go: added golang.org/x/crypto v0.52.0
#11 12.27 go: added golang.org/x/mod v0.35.0
#11 12.27 go: added golang.org/x/net v0.55.0
#11 12.27 go: added golang.org/x/sync v0.20.0
#11 12.27 go: added golang.org/x/sys v0.45.0
#11 12.27 go: added golang.org/x/term v0.43.0
#11 12.27 go: added golang.org/x/text v0.37.0
#11 12.27 go: added golang.org/x/time v0.15.0
#11 12.27 go: added golang.org/x/tools v0.44.0
#11 12.27 go: added google.golang.org/protobuf v1.36.11
#11 12.28 2026/09/26 06:36:09 [INFO] exec (timeout=0s): /usr/local/go/bin/go get -v github.com/mholt/caddy-ratelimit github.com/caddyserver/caddy/v2@v2.11.4 
#11 13.48 go: downloading github.com/mholt/caddy-ratelimit v0.1.0
#11 13.64 go: downloading github.com/dustin/go-humanize v1.0.1
#11 13.64 go: downloading github.com/google/cel-go v0.28.1
#11 14.46 go: downloading github.com/spf13/cobra v1.10.2
#11 14.46 go: downloading go.opentelemetry.io/contrib/bridges/prometheus v0.68.0
#11 14.54 go: downloading go.opentelemetry.io/contrib/exporters/autoexport v0.68.0
#11 14.85 go: downloading go.opentelemetry.io/otel/sdk/metric v1.43.0
#11 15.08 go: downloading go.opentelemetry.io/otel/sdk v1.43.0
#11 15.43 go: downloading go.opentelemetry.io/otel v1.43.0
#11 16.24 go: downloading github.com/smallstep/certificates v0.30.2
#11 17.39 go: downloading github.com/smallstep/truststore v0.13.0
#11 17.39 go: downloading go.step.sm/crypto v0.81.0
#11 18.14 go: downloading github.com/cloudflare/circl v1.6.3
#11 23.07 go: downloading github.com/tailscale/tscert v0.0.0-20251216020129-aea342f6d747
#11 23.08 go: downloading github.com/KimMachineGun/automemlimit v0.7.5
#11 23.11 go: downloading github.com/aryann/difflib v0.0.0-20210328193216-ff5ff6dc229b
#11 23.27 go: downloading github.com/spf13/pflag v1.0.10
#11 23.30 go: downloading go.uber.org/automaxprocs v1.6.0
#11 23.32 go: downloading golang.org/x/crypto/x509roots/fallback v0.0.0-20260213171211-a408498e5541
#11 23.49 go: downloading google.golang.org/genproto/googleapis/api v0.0.0-20260406210006-6f92a3bedf2d
#11 23.59 go: downloading cel.dev/expr v0.25.1
#11 23.67 go: downloading github.com/antlr4-go/antlr/v4 v4.13.1
#11 23.72 go: downloading github.com/inconshreveable/mousetrap v1.1.0
#11 23.75 go: downloading go.opentelemetry.io/otel/exporters/otlp/otlplog/otlploggrpc v0.19.0
#11 23.79 go: downloading go.opentelemetry.io/otel/exporters/otlp/otlplog/otlploghttp v0.19.0
#11 23.83 go: downloading go.opentelemetry.io/otel/exporters/otlp/otlpmetric/otlpmetricgrpc v1.43.0
#11 23.86 go: downloading go.opentelemetry.io/otel/exporters/otlp/otlpmetric/otlpmetrichttp v1.43.0
#11 23.86 go: downloading go.opentelemetry.io/otel/exporters/otlp/otlptrace/otlptracegrpc v1.43.0
#11 23.90 go: downloading go.opentelemetry.io/otel/exporters/otlp/otlptrace v1.43.0
#11 23.90 go: downloading go.opentelemetry.io/otel/exporters/otlp/otlptrace/otlptracehttp v1.43.0
#11 23.92 go: downloading go.opentelemetry.io/otel/exporters/prometheus v0.65.0
#11 23.95 go: downloading go.opentelemetry.io/otel/exporters/stdout/stdoutlog v0.19.0
#11 23.98 go: downloading go.opentelemetry.io/otel/exporters/stdout/stdoutmetric v1.43.0
#11 24.07 go: downloading go.opentelemetry.io/otel/exporters/stdout/stdouttrace v1.43.0
#11 24.09 go: downloading go.opentelemetry.io/otel/sdk/log v0.19.0
#11 24.12 go: downloading go.opentelemetry.io/otel/metric v1.43.0
#11 24.24 go: downloading github.com/pkg/errors v0.9.1
#11 24.24 go: downloading github.com/smallstep/nosql v0.8.0
#11 24.41 go: downloading github.com/smallstep/cli-utils v0.12.2
#11 24.67 go: downloading github.com/smallstep/linkedca v0.25.0
#11 24.68 go: downloading google.golang.org/grpc v1.81.0
#11 25.40 go: downloading howett.net/plist v1.0.0
#11 25.40 go: downloading github.com/slackhq/nebula v1.10.3
#11 25.44 go: downloading github.com/pbnjay/memory v0.0.0-20210728143218-7b4eea64cf58
#11 25.46 go: downloading github.com/cpuguy83/go-md2man/v2 v2.0.7
#11 25.49 go: downloading go.yaml.in/yaml/v3 v3.0.4
#11 25.53 go: downloading google.golang.org/genproto/googleapis/rpc v0.0.0-20260427160629-7cedc36a6bc4
#11 25.77 go: downloading golang.org/x/exp v0.0.0-20251023183803-a4bb9ffd2546
#11 26.02 go: downloading github.com/go-logr/logr v1.4.3
#11 26.03 go: downloading go.opentelemetry.io/otel/trace v1.43.0
#11 26.07 go: downloading go.opentelemetry.io/proto/otlp v1.10.0
#11 26.17 go: downloading github.com/prometheus/otlptranslator v1.0.0
#11 26.17 go: downloading go.opentelemetry.io/otel/log v0.19.0
#11 26.20 go: downloading github.com/go-logr/stdr v1.2.2
#11 26.20 go: downloading go.opentelemetry.io/auto/sdk v1.2.1
#11 26.34 go: downloading github.com/ccoveille/go-safecast/v2 v2.0.0
#11 26.48 go: downloading github.com/smallstep/pkcs7 v0.2.1
#11 26.52 go: downloading github.com/smallstep/scep v0.0.0-20250318231241-a25cabb69492
#11 26.71 go: downloading github.com/Masterminds/sprig/v3 v3.3.0
#11 26.71 go: downloading github.com/urfave/cli v1.22.17
#11 26.77 go: downloading github.com/chzyer/readline v1.5.1
#11 26.77 go: downloading github.com/manifoldco/promptui v0.9.0
#11 26.81 go: downloading github.com/go-jose/go-jose/v3 v3.0.5
#11 26.88 go: downloading google.golang.org/grpc/cmd/protoc-gen-go-grpc v1.5.1
#11 26.91 go: downloading filippo.io/edwards25519 v1.2.0
#11 27.01 go: downloading google.golang.org/api v0.277.0
#11 27.01 go: downloading github.com/coreos/go-oidc/v3 v3.17.0
#11 27.05 go: downloading github.com/rs/xid v1.6.0
#11 27.08 go: downloading github.com/mitchellh/go-ps v1.0.0
#11 27.10 go: downloading github.com/tailscale/go-winio v0.0.0-20231025203758-c4f33415bf55
#11 27.16 go: downloading github.com/russross/blackfriday/v2 v2.1.0
#11 27.20 go: downloading github.com/cenkalti/backoff/v5 v5.0.3
#11 27.23 go: downloading github.com/grpc-ecosystem/grpc-gateway/v2 v2.28.0
#11 27.57 go: downloading github.com/dgraph-io/badger v1.6.2
#11 27.64 go: downloading github.com/dgraph-io/badger/v2 v2.2007.4
#11 27.72 go: downloading go.etcd.io/bbolt v1.4.3
#11 27.79 go: downloading github.com/go-sql-driver/mysql v1.9.3
#11 27.95 go: downloading github.com/jackc/pgx/v5 v5.9.2
#11 28.21 go: downloading dario.cat/mergo v1.0.2
#11 28.26 go: downloading github.com/Masterminds/goutils v1.1.1
#11 28.39 go: downloading github.com/Masterminds/semver/v3 v3.4.0
#11 28.55 go: downloading github.com/huandu/xstrings v1.5.0
#11 28.59 go: downloading github.com/mitchellh/copystructure v1.2.0
#11 28.62 go: downloading github.com/shopspring/decimal v1.4.0
#11 28.66 go: downloading github.com/spf13/cast v1.7.0
#11 28.71 go: downloading github.com/go-jose/go-jose/v4 v4.1.4
#11 28.91 go: downloading golang.org/x/oauth2 v0.36.0
#11 29.00 go: downloading filippo.io/bigmod v0.1.0
#11 29.05 go: downloading github.com/dgraph-io/ristretto v0.2.0
#11 29.16 go: downloading github.com/golang/protobuf v1.5.4
#11 29.23 go: downloading github.com/dgryski/go-farm v0.0.0-20200201041132-a6ae2369ad13
#11 29.27 go: downloading github.com/mitchellh/reflectwalk v1.0.2
#11 29.31 go: downloading github.com/AndreasBriese/bbloom v0.0.0-20190825152654-46b345b51c96
#11 29.33 go: downloading github.com/golang/snappy v0.0.4
#11 29.56 go: downloading github.com/klauspost/compress v1.18.6
#11 34.87 go: downloading github.com/jackc/pgpassfile v1.0.0
#11 34.90 go: downloading github.com/jackc/pgservicefile v0.0.0-20240606120523-5a60cdf6a761
#11 35.07 go: downloading github.com/jackc/puddle/v2 v2.2.2
#11 35.10 go: downloading github.com/mgutz/ansi v0.0.0-20200706080929-d51e80ef957d
#11 35.13 go: downloading github.com/mattn/go-colorable v0.1.14
#11 35.20 go: downloading github.com/shurcooL/sanitized_anchor_name v1.0.0
#11 35.23 go: downloading github.com/mattn/go-isatty v0.0.20
#11 37.11 go: downloading github.com/googleapis/gax-go/v2 v2.22.0
#11 37.12 go: downloading cloud.google.com/go/auth v0.20.0
#11 37.22 go: downloading cloud.google.com/go/auth/oauth2adapt v0.2.8
#11 37.23 go: downloading cloud.google.com/go/compute/metadata v0.9.0
#11 37.39 go: downloading github.com/google/s2a-go v0.1.9
#11 37.45 go: downloading go.opentelemetry.io/contrib/instrumentation/net/http/otelhttp v0.68.0
#11 37.51 go: downloading github.com/googleapis/enterprise-certificate-proxy v0.3.15
#11 37.58 go: downloading github.com/felixge/httpsnoop v1.0.4
#11 47.97 go: added github.com/mholt/caddy-ratelimit v0.1.0
#11 47.97 2026/09/26 06:36:45 [INFO] exec (timeout=0s): /usr/local/go/bin/go get -v  
#11 48.15 go: downloading github.com/go-chi/chi/v5 v5.2.5
#11 48.16 go: downloading github.com/DeRuina/timberjack v1.4.2
#11 48.73 go: downloading github.com/pires/go-proxyproto v0.12.0
#11 48.93 go: downloading github.com/BurntSushi/toml v1.6.0
#11 49.22 go: downloading github.com/alecthomas/chroma/v2 v2.24.1
#11 49.26 go: downloading github.com/yuin/goldmark v1.8.2
#11 49.89 go: downloading github.com/yuin/goldmark-highlighting/v2 v2.0.0-20230729083705-37449abec8cc
#11 50.22 go: downloading gopkg.in/yaml.v3 v3.0.1
#11 50.26 go: downloading go.opentelemetry.io/contrib/propagators/autoprop v0.68.0
#11 50.26 go: downloading github.com/fxamacker/cbor/v2 v2.9.0
#11 50.33 go: downloading github.com/google/go-tpm v0.9.8
#11 50.62 go: downloading github.com/smallstep/go-attestation v0.4.4-0.20241119153605-2306d5b464ca
#11 50.76 go: downloading github.com/x448/float16 v0.8.4
#11 50.81 go: downloading go.opentelemetry.io/contrib/propagators/aws v1.43.0
#11 51.20 go: downloading go.opentelemetry.io/contrib/propagators/b3 v1.43.0
#11 51.23 go: downloading go.opentelemetry.io/contrib/propagators/jaeger v1.43.0
#11 51.43 go: downloading go.opentelemetry.io/contrib/propagators/ot v1.43.0
#11 51.72 go: downloading github.com/sirupsen/logrus v1.9.4
#11 51.79 go: downloading github.com/dlclark/regexp2 v1.12.0
#11 51.86 go: downloading github.com/google/go-tspi v0.3.0
#11 52.24 go: downloading github.com/google/certificate-transparency-go v1.1.8-0.20240110162603-74a5dd331745
#11 60.60 2026/09/26 06:36:57 [INFO] Build environment ready
#11 60.60 2026/09/26 06:36:57 [INFO] Building Caddy
#11 60.60 2026/09/26 06:36:57 [INFO] exec (timeout=0s): /usr/local/go/bin/go mod tidy -e 
#11 60.71 go: downloading github.com/stretchr/testify v1.11.1
#11 61.40 go: downloading go.uber.org/goleak v1.3.0
#11 61.54 go: downloading github.com/smallstep/assert v0.0.0-20200723003110-82e2b9b3b262
#11 61.81 go: downloading github.com/google/go-cmp v0.7.0
#11 62.15 go: downloading code.pfad.fr/check v1.1.0
#11 62.44 go: downloading github.com/letsencrypt/pebble/v2 v2.10.0
#11 63.29 go: downloading github.com/fortytw2/leaktest v1.3.0
#11 63.31 go: downloading go.uber.org/mock v0.6.0
#11 63.67 go: downloading gopkg.in/check.v1 v1.0.0-20201130134442-10cb98267c6c
#11 63.79 go: downloading github.com/prashantv/gostub v1.1.0
#11 63.98 go: downloading github.com/zeebo/assert v1.1.0
#11 64.40 go: downloading github.com/davecgh/go-spew v1.1.1
#11 64.42 go: downloading github.com/pmezard/go-difflib v1.0.0
#11 64.45 go: downloading github.com/kylelemons/godebug v1.1.0
#11 64.91 go: downloading github.com/alecthomas/assert/v2 v2.11.0
#11 64.94 go: downloading github.com/google/go-tpm-tools v0.4.8
#11 65.25 go: downloading github.com/peterbourgon/diskv/v3 v3.0.1
#11 65.81 go: downloading github.com/schollz/jsonstore v1.1.0
#11 66.10 go: downloading github.com/letsencrypt/challtestsrv v1.4.2
#11 66.40 go: downloading github.com/kr/pretty v0.3.1
#11 66.55 go: downloading go.opentelemetry.io/otel/sdk/log/logtest v0.19.0
#11 66.60 go: downloading github.com/frankban/quicktest v1.14.6
#11 66.75 go: downloading github.com/alecthomas/repr v0.5.2
#11 66.84 go: downloading github.com/chzyer/test v1.0.0
#11 66.90 go: downloading github.com/aws/aws-sdk-go-v2/config v1.32.17
#11 67.07 go: downloading github.com/aws/aws-sdk-go-v2 v1.41.7
#11 67.09 go: downloading github.com/aws/aws-sdk-go-v2/service/kms v1.51.1
#11 67.53 go: downloading cloud.google.com/go/kms v1.31.0
#11 67.81 go: downloading cloud.google.com/go v0.123.0
#11 68.05 go: downloading github.com/hexops/gotextdiff v1.0.3
#11 68.26 go: downloading github.com/google/btree v1.1.2
#11 68.28 go: downloading github.com/kr/text v0.2.0
#11 68.42 go: downloading github.com/rogpeppe/go-internal v1.14.1
#11 68.42 go: downloading github.com/chzyer/logex v1.2.1
#11 68.54 go: downloading github.com/aws/aws-sdk-go-v2/credentials v1.19.16
#11 68.63 go: downloading github.com/aws/aws-sdk-go-v2/feature/ec2/imds v1.18.23
#11 68.66 go: downloading github.com/aws/aws-sdk-go-v2/service/signin v1.0.11
#11 68.71 go: downloading github.com/aws/aws-sdk-go-v2/service/sso v1.30.17
#11 68.76 go: downloading github.com/aws/aws-sdk-go-v2/service/ssooidc v1.35.21
#11 68.80 go: downloading github.com/aws/aws-sdk-go-v2/service/sts v1.42.1
#11 68.84 go: downloading github.com/aws/smithy-go v1.25.1
#11 69.10 go: downloading github.com/aws/aws-sdk-go-v2/internal/configsources v1.4.23
#11 69.10 go: downloading cloud.google.com/go/iam v1.7.0
#11 69.67 go: downloading cloud.google.com/go/longrunning v0.9.0
#11 69.80 go: downloading google.golang.org/genproto v0.0.0-20260319201613-d00831a3d3e7
#11 69.81 go: downloading github.com/zeebo/pcg v1.0.1
#11 70.16 go: downloading github.com/aws/aws-sdk-go-v2/internal/v4a v1.4.24
#11 70.27 go: downloading github.com/aws/aws-sdk-go-v2/service/internal/accept-encoding v1.13.9
#11 70.37 go: downloading github.com/aws/aws-sdk-go-v2/service/internal/presigned-url v1.13.23
#11 70.54 go: downloading github.com/aws/aws-sdk-go-v2/internal/endpoints/v2 v2.7.23
#11 71.35 go: downloading go.opentelemetry.io/contrib/instrumentation/google.golang.org/grpc/otelgrpc v0.67.0
#11 71.35 go: downloading gonum.org/v1/gonum v0.17.0
#11 71.55 go: downloading github.com/OneOfOne/xxhash v1.2.2
#11 71.56 go: downloading github.com/spaolacci/murmur3 v1.1.0
#11 72.57 2026/09/26 06:37:09 [INFO] exec (timeout=0s): /usr/local/go/bin/go build -o /usr/bin/caddy -ldflags -w -s -trimpath -tags nobadger,nomysql,nopgx 
#11 266.5 2026/09/26 06:40:23 [INFO] Build complete: ./caddy
#11 266.5 2026/09/26 06:40:23 [INFO] Skipping cleanup as requested; leaving folder intact: /tmp/buildenv_2026-09-26-0635.1586389336
#11 266.5 2026/09/26 06:40:23 [INFO] Setting capabilities (requires admin privileges): [setcap cap_net_bind_service=+ep ./caddy]
#11 266.5 
#11 266.5 ././caddy version
#11 266.5 v2.11.4 h1:XKxkMTgNSizEvKG6QHue6cAsFOteU2qA61w2tKkCWi0=
#11 DONE 266.9s

#17 [installer 2/8] COPY --from=builder /app/out/json/ .
#17 CACHED

#18 [installer 1/8] COPY .gitignore .gitignore
#18 CACHED

#19 [installer 3/8] COPY --from=builder /app/out/pnpm-lock.yaml ./pnpm-lock.yaml
#19 CACHED

#20 [production 4/5] COPY apps/admin/caddy/Caddyfile /etc/caddy/Caddyfile
#20 CACHED

#21 [installer 5/8] COPY turbo.json turbo.json
#21 CACHED

#22 [installer 4/8] COPY --from=builder /app/out/full/ .
#22 CACHED

#23 [installer 6/8] RUN --mount=type=cache,id=pnpm-store,target=/pnpm/store pnpm fetch --store-dir=/pnpm/store
#23 CACHED

#24 [installer 7/8] RUN --mount=type=cache,id=pnpm-store,target=/pnpm/store CI=true pnpm install --offline --frozen-lockfile --store-dir=/pnpm/store --prod=false
#24 CACHED

#25 [installer 8/8] RUN pnpm turbo run build --filter=admin
#25 CACHED

#26 [production 2/5] RUN apk update && apk upgrade --no-cache && apk add --no-cache curl && rm -rf /var/cache/apk/*
#26 CACHED

#27 [production 3/5] COPY --from=caddy-builder /usr/bin/caddy /usr/bin/caddy
#27 CACHED

#28 [production 5/5] COPY --from=installer /app/apps/admin/build/client /usr/share/caddy/html/god-mode
#28 CACHED

#29 exporting to image
#29 exporting layers 0.0s done
#29 exporting manifest sha256:7fdbdcba0df7376692eab98fd6328c7877411b6e76fdfca02994a98f19f305b2 0.0s done
#29 exporting config sha256:c5bee9b0e94403304794a0dcb7d365de9fb27a004683609e2a920bf47769efd0 done
#29 exporting attestation manifest sha256:d1e05a051351a33517ccc21eb081d38cde4e2b74e30c90eedb3dd6c22f2404df 0.0s done
#29 exporting manifest list sha256:505027de1b6ee5da9fbc0c005568ba5996f3e771a188ef6fbdf3cccb557cf813 0.0s done
#29 naming to docker.io/library/ten-fold-plane-admin:latest done
#29 unpacking to docker.io/library/ten-fold-plane-admin:latest 0.0s done
#29 DONE 0.2s

#30 resolving provenance for metadata file
#30 DONE 0.0s
 Image ten-fold-plane-admin Built 
 Image ten-fold-plane-web Building 
#1 [internal] load local bake definitions
#1 reading from stdin 1.22kB done
#1 DONE 0.0s

#2 [internal] load build definition from Dockerfile.web
#2 transferring dockerfile: 3.61kB 0.0s done
#2 DONE 0.0s

#3 resolve image config for docker-image://docker.io/docker/dockerfile:1.7
#3 DONE 1.6s

#4 docker-image://docker.io/docker/dockerfile:1.7@sha256:a57df69d0ea827fb7266491f2813635de6f17269be881f696fbfdf2d83dda33e
#4 resolve docker.io/docker/dockerfile:1.7@sha256:a57df69d0ea827fb7266491f2813635de6f17269be881f696fbfdf2d83dda33e 0.0s done
#4 CACHED

#5 [internal] load metadata for docker.io/library/node:22-alpine
#5 DONE 2.1s

#6 [internal] load metadata for docker.io/library/caddy:2.11-alpine
#6 DONE 2.2s

#7 [internal] load .dockerignore
#7 transferring context: 882B done
#7 DONE 0.0s

#8 [base 1/2] FROM docker.io/library/node:22-alpine@sha256:0a7108bf6c7bf5de370ffb1a3ed6be93d405b43ff159f681a8d18c0e2bc2e402
#8 resolve docker.io/library/node:22-alpine@sha256:0a7108bf6c7bf5de370ffb1a3ed6be93d405b43ff159f681a8d18c0e2bc2e402 0.1s done
#8 DONE 0.1s

#9 [production 1/4] FROM docker.io/library/caddy:2.11-alpine@sha256:6aeddd44c3078b0f9a35206472a11420648a79c184603ef95957d0a20044cb2b
#9 resolve docker.io/library/caddy:2.11-alpine@sha256:6aeddd44c3078b0f9a35206472a11420648a79c184603ef95957d0a20044cb2b 0.1s done
#9 DONE 0.1s

#10 [internal] load build context
#10 transferring context: 578.31kB 0.6s done
#10 DONE 0.7s

#11 [base 2/2] RUN corepack enable
#11 CACHED

#12 [installer  1/12] RUN apk add --no-cache libc6-compat
#12 CACHED

#13 [installer  2/12] WORKDIR /app
#13 CACHED

#14 [builder 3/5] RUN corepack enable pnpm && pnpm add -g turbo@2.9.18
#14 CACHED

#15 [builder 4/5] COPY . .
#15 DONE 4.9s

#16 [builder 5/5] RUN turbo prune --scope=web --docker
#16 0.561  WARNING  --scope is deprecated and will be removed in a future major version. Use positional arguments instead (e.g. `turbo prune web`)
#16 0.564 
#16 0.564 Attention:
#16 0.564 Turborepo now collects completely anonymous telemetry regarding usage.
#16 0.564 This information is used to shape the Turborepo roadmap and prioritize features.
#16 0.564 You can learn more, including how to opt-out if you'd not like to participate in this anonymous program, by visiting the following URL:
#16 0.564 https://turborepo.dev/docs/telemetry
#16 0.564 
#16 0.567 • turbo 2.9.18
#16 0.745 Generating pruned monorepo for web in /app/out
#16 0.764  - Added @plane/constants
#16 0.800  - Added @plane/editor
#16 0.807  - Added @plane/hooks
#16 0.880  - Added @plane/i18n
#16 0.930  - Added @plane/propel
#16 0.943  - Added @plane/services
#16 0.949  - Added @plane/shared-state
#16 0.953  - Added @plane/tailwind-config
#16 0.971  - Added @plane/types
#16 0.976  - Added @plane/typescript-config
#16 0.996  - Added @plane/ui
#16 1.014  - Added @plane/utils
#16 1.482  - Added web
#16 DONE 1.9s

#17 [installer  3/12] COPY .gitignore .gitignore
#17 CACHED

#18 [installer  4/12] COPY --from=builder /app/out/json/ .
#18 CACHED

#19 [installer  5/12] COPY --from=builder /app/out/pnpm-lock.yaml ./pnpm-lock.yaml
#19 CACHED

#20 [installer  6/12] RUN corepack enable pnpm
#20 CACHED

#21 [installer  7/12] COPY --from=builder /app/out/full/ .
#21 DONE 1.1s

#22 [installer  8/12] COPY --from=builder /app/apps/proxy/grist-custom.css ./apps/proxy/grist-custom.css
#22 DONE 0.2s

#23 [installer  9/12] COPY turbo.json turbo.json
#23 DONE 0.1s

#24 [installer 10/12] RUN --mount=type=cache,id=pnpm-store,target=/pnpm/store pnpm fetch --store-dir=/pnpm/store
#24 0.502 ! Corepack is about to download https://registry.npmjs.org/pnpm/-/pnpm-11.10.0.tgz
#24 3.532 ? Verifying lockfile against supply-chain policies (1713 entries)...
#24 3.553 Importing packages to virtual store
#24 4.354 Already up to date
#24 4.552 Progress: resolved 1, reused 0, downloaded 0, added 0
#24 5.649 Progress: resolved 1498, reused 0, downloaded 0, added 0
#24 18.82 [WARN] Request took 10068ms: https://registry.npmjs.org/@storybook%2Fbuilder-webpack5
#24 19.19 Progress: resolved 1498, reused 0, downloaded 1, added 0
#24 20.23 Progress: resolved 1498, reused 0, downloaded 45, added 0
#24 21.24 Progress: resolved 1498, reused 0, downloaded 60, added 0
#24 22.25 Progress: resolved 1498, reused 0, downloaded 62, added 0
#24 23.20 [WARN] Request took 10964ms: https://registry.npmjs.org/chromatic
#24 23.32 Progress: resolved 1498, reused 0, downloaded 63, added 0
#24 24.30 ✓ Lockfile passes supply-chain policies (1713 entries in 20.7s)
#24 24.32 Progress: resolved 1498, reused 0, downloaded 66, added 4
#24 25.32 Progress: resolved 1498, reused 0, downloaded 105, added 4
#24 26.32 Progress: resolved 1498, reused 0, downloaded 168, added 8
#24 27.32 Progress: resolved 1498, reused 0, downloaded 251, added 16
#24 28.32 Progress: resolved 1498, reused 0, downloaded 271, added 16
#24 29.33 Progress: resolved 1498, reused 0, downloaded 304, added 20
#24 30.33 Progress: resolved 1498, reused 0, downloaded 313, added 20
#24 31.33 Progress: resolved 1498, reused 0, downloaded 371, added 24
#24 32.34 Progress: resolved 1498, reused 0, downloaded 428, added 27
#24 33.34 Progress: resolved 1498, reused 0, downloaded 498, added 32
#24 34.34 Progress: resolved 1498, reused 0, downloaded 506, added 32
#24 35.34 Progress: resolved 1498, reused 0, downloaded 581, added 36
#24 36.34 Progress: resolved 1498, reused 0, downloaded 639, added 40
#24 37.34 Progress: resolved 1498, reused 0, downloaded 681, added 44
#24 38.34 Progress: resolved 1498, reused 0, downloaded 695, added 44
#24 39.34 Progress: resolved 1498, reused 0, downloaded 697, added 44
#24 40.34 Progress: resolved 1498, reused 0, downloaded 734, added 46
#24 41.34 Progress: resolved 1498, reused 0, downloaded 798, added 50
#24 42.34 Progress: resolved 1498, reused 0, downloaded 813, added 52
#24 43.34 Progress: resolved 1498, reused 0, downloaded 862, added 54
#24 44.35 Progress: resolved 1498, reused 0, downloaded 958, added 62
#24 45.35 Progress: resolved 1498, reused 0, downloaded 985, added 63
#24 46.36 Progress: resolved 1498, reused 0, downloaded 985, added 64
#24 47.36 Progress: resolved 1498, reused 0, downloaded 1048, added 66
#24 48.38 Progress: resolved 1498, reused 0, downloaded 1103, added 70
#24 49.38 Progress: resolved 1498, reused 0, downloaded 1156, added 74
#24 50.39 Progress: resolved 1498, reused 0, downloaded 1174, added 76
#24 51.39 Progress: resolved 1498, reused 0, downloaded 1208, added 78
#24 52.39 Progress: resolved 1498, reused 0, downloaded 1240, added 80
#24 53.39 Progress: resolved 1498, reused 0, downloaded 1304, added 84
#24 54.39 Progress: resolved 1498, reused 0, downloaded 1352, added 86
#24 55.39 Progress: resolved 1498, reused 0, downloaded 1387, added 90
#24 56.39 Progress: resolved 1498, reused 0, downloaded 1489, added 98
#24 57.39 Progress: resolved 1498, reused 0, downloaded 1492, added 133
#24 58.39 Progress: resolved 1498, reused 0, downloaded 1492, added 168
#24 59.40 Progress: resolved 1498, reused 0, downloaded 1492, added 249
#24 60.40 Progress: resolved 1498, reused 0, downloaded 1492, added 251
#24 61.40 Progress: resolved 1498, reused 0, downloaded 1492, added 254
#24 62.89 Progress: resolved 1498, reused 0, downloaded 1492, added 255
#24 63.89 Progress: resolved 1498, reused 0, downloaded 1492, added 279
#24 64.89 Progress: resolved 1498, reused 0, downloaded 1492, added 300
#24 65.89 Progress: resolved 1498, reused 0, downloaded 1492, added 313
#24 67.27 Progress: resolved 1498, reused 0, downloaded 1492, added 314
#24 68.27 Progress: resolved 1498, reused 0, downloaded 1492, added 371
#24 69.74 Progress: resolved 1498, reused 0, downloaded 1492, added 372
#24 70.74 Progress: resolved 1498, reused 0, downloaded 1492, added 498
#24 72.42 Progress: resolved 1498, reused 0, downloaded 1492, added 499
#24 73.42 Progress: resolved 1498, reused 0, downloaded 1492, added 506
#24 74.42 Progress: resolved 1498, reused 0, downloaded 1492, added 564
#24 75.42 Progress: resolved 1498, reused 0, downloaded 1492, added 592
#24 76.77 Progress: resolved 1498, reused 0, downloaded 1492, added 593
#24 77.77 Progress: resolved 1498, reused 0, downloaded 1492, added 659
#24 78.77 Progress: resolved 1498, reused 0, downloaded 1492, added 681
#24 82.99 Progress: resolved 1498, reused 0, downloaded 1492, added 682
#24 83.99 Progress: resolved 1498, reused 0, downloaded 1492, added 683
#24 84.99 Progress: resolved 1498, reused 0, downloaded 1492, added 695
#24 87.07 Progress: resolved 1498, reused 0, downloaded 1492, added 696
#24 88.07 Progress: resolved 1498, reused 0, downloaded 1492, added 697
#24 89.42 Progress: resolved 1498, reused 0, downloaded 1492, added 698
#24 90.42 Progress: resolved 1498, reused 0, downloaded 1492, added 734
#24 93.12 Progress: resolved 1498, reused 0, downloaded 1492, added 735
#24 94.89 Progress: resolved 1498, reused 0, downloaded 1492, added 736
#24 95.89 Progress: resolved 1498, reused 0, downloaded 1492, added 805
#24 97.45 Progress: resolved 1498, reused 0, downloaded 1492, added 806
#24 98.45 Progress: resolved 1498, reused 0, downloaded 1492, added 814
#24 100.3 Progress: resolved 1498, reused 0, downloaded 1492, added 815
#24 101.3 Progress: resolved 1498, reused 0, downloaded 1492, added 860
#24 102.3 Progress: resolved 1498, reused 0, downloaded 1492, added 986
#24 103.3 Progress: resolved 1498, reused 0, downloaded 1492, added 1062
#24 104.3 Progress: resolved 1498, reused 0, downloaded 1492, added 1112
#24 105.3 Progress: resolved 1498, reused 0, downloaded 1492, added 1161
#24 106.3 Progress: resolved 1498, reused 0, downloaded 1492, added 1186
#24 107.3 Progress: resolved 1498, reused 0, downloaded 1492, added 1202
#24 108.3 Progress: resolved 1498, reused 0, downloaded 1492, added 1206
#24 109.3 Progress: resolved 1498, reused 0, downloaded 1492, added 1211
#24 110.3 Progress: resolved 1498, reused 0, downloaded 1492, added 1265
#24 111.3 Progress: resolved 1498, reused 0, downloaded 1492, added 1327
#24 112.3 Progress: resolved 1498, reused 0, downloaded 1492, added 1403
#24 113.3 Progress: resolved 1498, reused 0, downloaded 1492, added 1493
#24 114.3 Progress: resolved 1498, reused 0, downloaded 1492, added 1494
#24 115.3 Progress: resolved 1498, reused 0, downloaded 1492, added 1495
#24 115.8 Progress: resolved 1498, reused 0, downloaded 1492, added 1498, done
#24 115.8 .../node_modules/@swc/core postinstall$ node postinstall.js
#24 115.9 .../esbuild@0.28.1/node_modules/esbuild postinstall$ node install.js
#24 115.9 .../node_modules/msgpackr-extract install$ node-gyp-build-optional-packages
#24 116.0 .../node_modules/@swc/core postinstall: Done
#24 116.2 .../esbuild@0.28.1/node_modules/esbuild postinstall: Done
#24 116.3 .../node_modules/msgpackr-extract install: Done
#24 117.0 
#24 DONE 117.6s

#25 [installer 11/12] RUN --mount=type=cache,id=pnpm-store,target=/pnpm/store CI=true pnpm install --offline --frozen-lockfile --store-dir=/pnpm/store
#25 3.914 Scope: all 14 workspace projects
#25 4.354 ✓ Lockfile passes supply-chain policies (verified 1m ago)
#25 4.373 Lockfile is up to date, resolution step is skipped
#25 4.896 Already up to date
#25 9.580 
#25 9.580 devDependencies:
#25 9.580 + husky 9.1.7
#25 9.580 + lint-staged 16.2.7
#25 9.580 + oxfmt 0.35.0
#25 9.580 + oxlint 1.51.0
#25 9.580 + react-doctor 0.4.2
#25 9.580 + turbo 2.10.11
#25 9.580 
#25 9.625 . prepare$ husky
#25 9.765 . prepare: .git can't be found
#25 9.768 . prepare: Done
#25 10.08 Done in 7.3s using pnpm v11.10.0
#25 DONE 10.3s

#26 [installer 12/12] RUN pnpm turbo run build --filter=web --force     && printf '%s\n' "b3437fb169360edc2a4817677ae9e47decb9b1943786598ef5a021e02017a952" > /app/apps/web/build/client/deployment-source.txt
#26 2.781 Scope: all 14 workspace projects
#26 3.682 ✓ Lockfile passes supply-chain policies (verified 1m ago)
#26 3.730 Lockfile is up to date, resolution step is skipped
#26 4.273 Already up to date
#26 4.391 
#26 4.391    ╭──────────────────────────────────────────────╮
#26 4.391    │                                              │
#26 4.391    │     Update available! 11.10.0 → 12.6.0.      │
#26 4.391    │     Changelog: https://pnpm.io/v/12.6.0      │
#26 4.391    │   To update, run: corepack use pnpm@12.6.0   │
#26 4.391    │                                              │
#26 4.391    ╰──────────────────────────────────────────────╯
#26 4.391 
#26 7.738 
#26 7.752 . prepare$ husky
#26 7.869 . prepare: .git can't be found
#26 7.870 . prepare: Done
#26 8.320 Done in 6.7s using pnpm v11.10.0
#26 8.673 • turbo 2.10.11
#26 8.809 
#26 8.809    • Packages in scope: web
#26 8.809    • Running build in 1 packages
#26 8.809    • Remote caching disabled
#26 8.809 
#26 10.40 @plane/i18n:build: cache bypass, force executing edd8dbbe1c3771c1
#26 10.40 @plane/hooks:build: cache bypass, force executing 7cfc83de1dc854c6
#26 10.40 @plane/types:build: cache bypass, force executing 3ecb25cea748d8ea
#26 12.72 @plane/i18n:build: $ pnpm run generate:types && tsdown
#26 12.85 @plane/hooks:build: $ tsdown
#26 13.02 @plane/types:build: $ tsdown
#26 13.47 @plane/types:build: ℹ tsdown v0.16.0 powered by rolldown v1.0.0-beta.46
#26 13.49 @plane/hooks:build: ℹ tsdown v0.16.0 powered by rolldown v1.0.0-beta.46
#26 14.13 @plane/types:build: ℹ Using tsdown config: /app/packages/types/tsdown.config.ts
#26 14.15 @plane/types:build: ℹ entry: src/index.ts
#26 14.15 @plane/types:build: ℹ tsconfig: tsconfig.json
#26 14.16 @plane/types:build: ℹ Build start
#26 14.16 @plane/hooks:build: ℹ Using tsdown config: /app/packages/hooks/tsdown.config.ts
#26 14.20 @plane/hooks:build: ℹ entry: src/index.ts
#26 14.20 @plane/hooks:build: ℹ tsconfig: tsconfig.json
#26 14.20 @plane/hooks:build: ℹ Build start
#26 15.37 @plane/i18n:build: $ tsx scripts/generate-types.ts
#26 17.12 @plane/i18n:build: Generated 3838 keys from 28 namespace files
#26 18.11 @plane/i18n:build: ℹ tsdown v0.16.0 powered by rolldown v1.0.0-beta.46
#26 18.57 @plane/i18n:build: ℹ Using tsdown config: /app/packages/i18n/tsdown.config.ts
#26 18.59 @plane/i18n:build: ℹ entry: src/index.ts
#26 18.59 @plane/i18n:build: ℹ tsconfig: tsconfig.json
#26 18.59 @plane/i18n:build: ℹ Build start
#26 27.49 @plane/hooks:build: ℹ dist/index.js         5.82 kB │ gzip: 1.93 kB
#26 27.49 @plane/hooks:build: ℹ dist/index.js.map    11.13 kB │ gzip: 3.57 kB
#26 27.49 @plane/hooks:build: ℹ dist/index.d.ts.map   0.66 kB │ gzip: 0.39 kB
#26 27.49 @plane/hooks:build: ℹ dist/index.d.ts       2.00 kB │ gzip: 0.80 kB
#26 27.49 @plane/hooks:build: ℹ 4 files, total: 19.61 kB
#26 27.52 @plane/hooks:build: ✔ Build complete in 13312ms
#26 28.49 @plane/types:build: ℹ dist/index.mjs         16.84 kB │ gzip:  3.67 kB
#26 28.49 @plane/types:build: ℹ dist/index.d.mts.map   89.23 kB │ gzip: 29.36 kB
#26 28.49 @plane/types:build: ℹ dist/index.mjs.map     65.53 kB │ gzip: 13.53 kB
#26 28.49 @plane/types:build: ℹ dist/index.d.mts      146.98 kB │ gzip: 28.71 kB
#26 28.49 @plane/types:build: ℹ 4 files, total: 318.56 kB
#26 28.50 @plane/types:build: ✔ Build complete in 14333ms
#26 28.75 @plane/constants:build: cache bypass, force executing 94fa128b3b9074de
#26 30.99 @plane/i18n:build: ℹ dist/index.js          5.66 kB │ gzip:  2.15 kB
#26 30.99 @plane/i18n:build: ℹ dist/index.d.ts.map   43.17 kB │ gzip:  5.39 kB
#26 30.99 @plane/i18n:build: ℹ dist/index.js.map     12.36 kB │ gzip:  4.16 kB
#26 30.99 @plane/i18n:build: ℹ dist/index.d.ts      176.39 kB │ gzip: 23.79 kB
#26 30.99 @plane/i18n:build: ℹ 4 files, total: 237.59 kB
#26 31.01 @plane/i18n:build: ✔ Build complete in 12412ms
#26 31.11 @plane/constants:build: $ tsdown
#26 31.31 @plane/constants:build: ℹ tsdown v0.16.0 powered by rolldown v1.0.0-beta.46
#26 31.45 @plane/constants:build: ℹ Using tsdown config: /app/packages/constants/tsdown.config.ts
#26 31.46 @plane/constants:build: ℹ entry: src/index.ts
#26 31.46 @plane/constants:build: ℹ tsconfig: tsconfig.json
#26 31.46 @plane/constants:build: ℹ Build start
#26 36.35 @plane/constants:build: ℹ dist/index.mjs        108.95 kB │ gzip: 21.94 kB
#26 36.35 @plane/constants:build: ℹ dist/index.mjs.map    176.20 kB │ gzip: 30.67 kB
#26 36.35 @plane/constants:build: ℹ dist/index.d.mts.map   24.27 kB │ gzip:  8.83 kB
#26 36.35 @plane/constants:build: ℹ dist/index.d.mts       52.02 kB │ gzip: 11.44 kB
#26 36.35 @plane/constants:build: ℹ 4 files, total: 361.43 kB
#26 36.36 @plane/constants:build: ✔ Build complete in 4892ms
#26 36.44 @plane/utils:build: cache bypass, force executing af0f4bb854fb076c
#26 36.45 @plane/services:build: cache bypass, force executing 6ac6a7048b77ec45
#26 37.78 @plane/services:build: $ tsdown
#26 37.83 @plane/utils:build: $ tsdown
#26 38.04 @plane/services:build: ℹ tsdown v0.16.0 powered by rolldown v1.0.0-beta.46
#26 38.11 @plane/utils:build: ℹ tsdown v0.16.0 powered by rolldown v1.0.0-beta.46
#26 38.31 @plane/services:build: ℹ Using tsdown config: /app/packages/services/tsdown.config.ts
#26 38.33 @plane/services:build: ℹ entry: src/index.ts
#26 38.33 @plane/services:build: ℹ tsconfig: tsconfig.json
#26 38.33 @plane/services:build: ℹ Build start
#26 38.41 @plane/utils:build: ℹ Using tsdown config: /app/packages/utils/tsdown.config.ts
#26 38.45 @plane/utils:build: ℹ entry: src/index.ts
#26 38.45 @plane/utils:build: ℹ tsconfig: tsconfig.json
#26 38.45 @plane/utils:build: ℹ Build start
#26 46.05 @plane/services:build: ℹ dist/index.js         97.92 kB │ gzip: 11.24 kB
#26 46.05 @plane/services:build: ℹ dist/index.js.map    154.04 kB │ gzip: 17.93 kB
#26 46.05 @plane/services:build: ℹ dist/index.d.ts.map   21.01 kB │ gzip:  5.70 kB
#26 46.05 @plane/services:build: ℹ dist/index.d.ts       70.26 kB │ gzip:  9.05 kB
#26 46.05 @plane/services:build: ℹ 4 files, total: 343.23 kB
#26 46.07 @plane/services:build: ✔ Build complete in 7731ms
#26 52.64 @plane/utils:build: ℹ dist/index.js        220.02 kB │ gzip: 55.20 kB
#26 52.64 @plane/utils:build: ℹ dist/index.js.map    400.12 kB │ gzip: 88.79 kB
#26 52.64 @plane/utils:build: ℹ dist/index.d.ts.map   43.35 kB │ gzip: 14.47 kB
#26 52.64 @plane/utils:build: ℹ dist/index.d.ts      117.11 kB │ gzip: 27.19 kB
#26 52.64 @plane/utils:build: ℹ 4 files, total: 780.60 kB
#26 52.65 @plane/utils:build: ✔ Build complete in 14198ms
#26 52.78 @plane/propel:build: cache bypass, force executing f9df4c5b2404e4ed
#26 52.79 @plane/shared-state:build: cache bypass, force executing c37a13662395c2db
#26 54.44 @plane/propel:build: $ tsdown
#26 54.46 @plane/shared-state:build: $ tsdown
#26 54.65 @plane/propel:build: ℹ tsdown v0.16.0 powered by rolldown v1.0.0-beta.46
#26 54.88 @plane/shared-state:build: ℹ tsdown v0.16.0 powered by rolldown v1.0.0-beta.46
#26 54.92 @plane/propel:build: ℹ Using tsdown config: /app/packages/propel/tsdown.config.ts
#26 55.01 @plane/propel:build: ℹ entry: src/accordion/index.ts, src/animated-counter/index.ts, src/avatar/index.ts, src/badge/index.ts, src/banner/index.ts, src/button/index.ts, src/calendar/index.ts, src/card/index.ts, src/collapsible/index.ts, src/combobox/index.ts, src/command/index.ts, src/context-menu/index.ts, src/dialog/index.ts, src/emoji-icon-picker/index.ts, src/emoji-reaction/index.ts, src/empty-state/index.ts, src/icon-button/index.ts, src/icons/index.ts, src/input/index.ts, src/menu/index.ts, src/pill/index.ts, src/popover/index.ts, src/portal/index.ts, src/scrollarea/index.ts, src/skeleton/index.ts, src/spinners/index.ts, src/switch/index.ts, src/tab-navigation/index.ts, src/table/index.ts, src/tabs/index.ts, src/toast/index.ts, src/toolbar/index.ts, src/tooltip/index.ts, src/utils/index.ts, src/charts/area-chart/index.ts, src/charts/bar-chart/index.ts, src/charts/line-chart/index.ts, src/charts/pie-chart/index.ts, src/charts/radar-chart/index.ts, src/charts/scatter-chart/index.ts, src/charts/tree-map/index.ts
#26 55.01 @plane/propel:build: ℹ tsconfig: tsconfig.json
#26 55.01 @plane/propel:build: ℹ Build start
#26 55.19 @plane/shared-state:build: ℹ Using tsdown config: /app/packages/shared-state/tsdown.config.ts
#26 55.21 @plane/shared-state:build: ℹ entry: src/index.ts
#26 55.21 @plane/shared-state:build: ℹ tsconfig: tsconfig.json
#26 55.21 @plane/shared-state:build: ℹ Build start
#26 65.91 @plane/shared-state:build: ℹ dist/index.js        39.80 kB │ gzip:  8.31 kB
#26 65.91 @plane/shared-state:build: ℹ dist/index.js.map    82.77 kB │ gzip: 17.20 kB
#26 65.91 @plane/shared-state:build: ℹ dist/index.d.ts.map   9.10 kB │ gzip:  3.48 kB
#26 65.92 @plane/shared-state:build: ℹ dist/index.d.ts      21.30 kB │ gzip:  4.29 kB
#26 65.92 @plane/shared-state:build: ℹ 4 files, total: 152.97 kB
#26 65.93 @plane/shared-state:build: ✔ Build complete in 10709ms
#26 74.28 @plane/propel:build: ℹ dist/empty-state/index.js                  749.12 kB │ gzip: 213.69 kB
#26 74.28 @plane/propel:build: ℹ dist/charts/bar-chart/index.js               9.75 kB │ gzip:   3.19 kB
#26 74.28 @plane/propel:build: ℹ dist/charts/tree-map/index.js                9.39 kB │ gzip:   2.77 kB
#26 74.29 @plane/propel:build: ℹ dist/toast/index.js                          9.08 kB │ gzip:   2.30 kB
#26 74.29 @plane/propel:build: ℹ dist/portal/index.js                         6.41 kB │ gzip:   2.15 kB
#26 74.29 @plane/propel:build: ℹ dist/charts/pie-chart/index.js               6.25 kB │ gzip:   2.03 kB
#26 74.29 @plane/propel:build: ℹ dist/icons/index.js                          6.18 kB │ gzip:   1.86 kB
#26 74.29 @plane/propel:build: ℹ dist/menu/index.js                           5.60 kB │ gzip:   1.87 kB
#26 74.29 @plane/propel:build: ℹ dist/emoji-reaction/index.js                 5.57 kB │ gzip:   1.93 kB
#26 74.29 @plane/propel:build: ℹ dist/charts/area-chart/index.js              5.21 kB │ gzip:   1.92 kB
#26 74.29 @plane/propel:build: ℹ dist/combobox/index.js                       4.83 kB │ gzip:   1.74 kB
#26 74.29 @plane/propel:build: ℹ dist/charts/line-chart/index.js              4.50 kB │ gzip:   1.69 kB
#26 74.29 @plane/propel:build: ℹ dist/charts/scatter-chart/index.js           4.24 kB │ gzip:   1.56 kB
#26 74.29 @plane/propel:build: ℹ dist/toolbar/index.js                        4.05 kB │ gzip:   1.43 kB
#26 74.29 @plane/propel:build: ℹ dist/context-menu/index.js                   3.68 kB │ gzip:   1.14 kB
#26 74.29 @plane/propel:build: ℹ dist/banner/index.js                         3.43 kB │ gzip:   1.34 kB
#26 74.29 @plane/propel:build: ℹ dist/dialog/index.js                         3.33 kB │ gzip:   1.13 kB
#26 74.29 @plane/propel:build: ℹ dist/scrollarea/index.js                     2.96 kB │ gzip:   1.08 kB
#26 74.29 @plane/propel:build: ℹ dist/tabs/index.js                           2.87 kB │ gzip:   1.13 kB
#26 74.29 @plane/propel:build: ℹ dist/charts/radar-chart/index.js             2.83 kB │ gzip:   1.19 kB
#26 74.29 @plane/propel:build: ℹ dist/table/index.js                          2.72 kB │ gzip:   0.84 kB
#26 74.29 @plane/propel:build: ℹ dist/avatar/index.js                         2.69 kB │ gzip:   1.02 kB
#26 74.29 @plane/propel:build: ℹ dist/pill/index.js                           2.37 kB │ gzip:   1.02 kB
#26 74.29 @plane/propel:build: ℹ dist/collapsible/index.js                    2.17 kB │ gzip:   0.91 kB
#26 74.29 @plane/propel:build: ℹ dist/badge/index.js                          2.12 kB │ gzip:   0.97 kB
#26 74.29 @plane/propel:build: ℹ dist/accordion/index.js                      1.96 kB │ gzip:   0.74 kB
#26 74.29 @plane/propel:build: ℹ dist/tab-navigation/index.js                 1.90 kB │ gzip:   0.80 kB
#26 74.29 @plane/propel:build: ℹ dist/spinners/index.js                       1.89 kB │ gzip:   1.00 kB
#26 74.29 @plane/propel:build: ℹ dist/command/index.js                        1.48 kB │ gzip:   0.58 kB
#26 74.29 @plane/propel:build: ℹ dist/switch/index.js                         1.46 kB │ gzip:   0.71 kB
#26 74.29 @plane/propel:build: ℹ dist/input/index.js                          1.42 kB │ gzip:   0.77 kB
#26 74.29 @plane/propel:build: ℹ dist/calendar/index.js                       1.16 kB │ gzip:   0.59 kB
#26 74.29 @plane/propel:build: ℹ dist/skeleton/index.js                       0.92 kB │ gzip:   0.46 kB
#26 74.29 @plane/propel:build: ℹ dist/emoji-icon-picker/index.js              0.71 kB │ gzip:   0.35 kB
#26 74.29 @plane/propel:build: ℹ dist/utils/index.js                          0.25 kB │ gzip:   0.17 kB
#26 74.29 @plane/propel:build: ℹ dist/icon-button/index.js                    0.23 kB │ gzip:   0.17 kB
#26 74.29 @plane/propel:build: ℹ dist/button/index.js                         0.21 kB │ gzip:   0.16 kB
#26 74.29 @plane/propel:build: ℹ dist/card/index.js                           0.20 kB │ gzip:   0.15 kB
#26 74.29 @plane/propel:build: ℹ dist/animated-counter/index.js               0.20 kB │ gzip:   0.15 kB
#26 74.29 @plane/propel:build: ℹ dist/tooltip/index.js                        0.18 kB │ gzip:   0.14 kB
#26 74.29 @plane/propel:build: ℹ dist/popover/index.js                        0.11 kB │ gzip:   0.10 kB
#26 74.29 @plane/propel:build: ℹ dist/empty-state/index.js.map              859.86 kB │ gzip: 218.29 kB
#26 74.29 @plane/propel:build: ℹ dist/icons-DWzY_Ct4.js.map                 391.68 kB │ gzip: 100.97 kB
#26 74.29 @plane/propel:build: ℹ dist/icons-DWzY_Ct4.js                     309.50 kB │ gzip:  94.69 kB
#26 74.29 @plane/propel:build: ℹ dist/emoji-icon-picker-C-QxDRjq.js.map      58.16 kB │ gzip:  13.25 kB
#26 74.29 @plane/propel:build: ℹ dist/emoji-icon-picker-C-QxDRjq.js          32.67 kB │ gzip:   8.54 kB
#26 74.29 @plane/propel:build: ℹ dist/charts/bar-chart/index.js.map          18.54 kB │ gzip:   5.83 kB
#26 74.30 @plane/propel:build: ℹ dist/index-BUyOAoiw.d.ts.map                17.31 kB │ gzip:   3.08 kB
#26 74.30 @plane/propel:build: ℹ dist/charts/tree-map/index.js.map           16.84 kB │ gzip:   4.95 kB
#26 74.30 @plane/propel:build: ℹ dist/toast/index.js.map                     14.78 kB │ gzip:   4.07 kB
#26 74.30 @plane/propel:build: ℹ dist/charts/pie-chart/index.js.map          10.95 kB │ gzip:   3.47 kB
#26 74.30 @plane/propel:build: ℹ dist/combobox/index.js.map                   9.95 kB │ gzip:   3.34 kB
#26 74.30 @plane/propel:build: ℹ dist/charts/area-chart/index.js.map          9.79 kB │ gzip:   3.31 kB
#26 74.30 @plane/propel:build: ℹ dist/emoji-reaction/index.js.map             9.74 kB │ gzip:   3.24 kB
#26 74.30 @plane/propel:build: ℹ dist/empty-state/index.d.ts.map              9.61 kB │ gzip:   2.39 kB
#26 74.30 @plane/propel:build: ℹ dist/portal/index.js.map                     9.54 kB │ gzip:   3.32 kB
#26 74.30 @plane/propel:build: ℹ dist/menu/index.js.map                       9.53 kB │ gzip:   3.20 kB
#26 74.30 @plane/propel:build: ℹ dist/charts/line-chart/index.js.map          8.10 kB │ gzip:   2.75 kB
#26 74.30 @plane/propel:build: ℹ dist/charts/scatter-chart/index.js.map       7.53 kB │ gzip:   2.53 kB
#26 74.30 @plane/propel:build: ℹ dist/toolbar/index.js.map                    7.21 kB │ gzip:   2.34 kB
#26 74.30 @plane/propel:build: ℹ dist/context-menu/index.js.map               7.16 kB │ gzip:   1.94 kB
#26 74.30 @plane/propel:build: ℹ dist/banner/index.js.map                     6.96 kB │ gzip:   2.58 kB
#26 74.30 @plane/propel:build: ℹ dist/tabs/index.js.map                       6.21 kB │ gzip:   1.86 kB
#26 74.30 @plane/propel:build: ℹ dist/tooltip-2hD27cLV.js.map                 5.98 kB │ gzip:   2.15 kB
#26 74.30 @plane/propel:build: ℹ dist/dialog/index.js.map                     5.75 kB │ gzip:   1.97 kB
#26 74.30 @plane/propel:build: ℹ dist/button-CjcOirFK.js.map                  5.70 kB │ gzip:   1.99 kB
#26 74.30 @plane/propel:build: ℹ dist/avatar/index.js.map                     5.14 kB │ gzip:   1.78 kB
#26 74.30 @plane/propel:build: ℹ dist/charts/radar-chart/index.js.map         4.91 kB │ gzip:   1.89 kB
#26 74.30 @plane/propel:build: ℹ dist/scrollarea/index.js.map                 4.86 kB │ gzip:   1.64 kB
#26 74.30 @plane/propel:build: ℹ dist/icon-button-2BUssuti.js.map             4.86 kB │ gzip:   1.66 kB
#26 74.30 @plane/propel:build: ℹ dist/table/index.js.map                      4.83 kB │ gzip:   1.32 kB
#26 74.30 @plane/propel:build: ℹ dist/popover-CrZ8wRJs.js.map                 4.12 kB │ gzip:   1.50 kB
#26 74.30 @plane/propel:build: ℹ dist/badge/index.js.map                      4.08 kB │ gzip:   1.63 kB
#26 74.30 @plane/propel:build: ℹ dist/animated-counter-CqtqTlrG.js.map        3.95 kB │ gzip:   1.52 kB
#26 74.30 @plane/propel:build: ℹ dist/collapsible/index.js.map                3.95 kB │ gzip:   1.53 kB
#26 74.30 @plane/propel:build: ℹ dist/tooltip-CLEkTCyg.js.map                 3.83 kB │ gzip:   1.57 kB
#26 74.30 @plane/propel:build: ℹ dist/legend-HUzGLN3O.js.map                  3.79 kB │ gzip:   1.65 kB
#26 74.30 @plane/propel:build: ℹ dist/tooltip-2hD27cLV.js                     3.75 kB │ gzip:   1.29 kB
#26 74.30 @plane/propel:build: ℹ dist/accordion/index.js.map                  3.72 kB │ gzip:   1.34 kB
#26 74.30 @plane/propel:build: ℹ dist/pill/index.js.map                       3.46 kB │ gzip:   1.38 kB
#26 74.30 @plane/propel:build: ℹ dist/card-BJ9a4xMU.js.map                    3.43 kB │ gzip:   1.35 kB
#26 74.30 @plane/propel:build: ℹ dist/button-CjcOirFK.js                      3.31 kB │ gzip:   1.22 kB
#26 74.30 @plane/propel:build: ℹ dist/classname-BokbBhj4.js.map               3.14 kB │ gzip:   1.30 kB
#26 74.30 @plane/propel:build: ℹ dist/icon-button-2BUssuti.js                 2.93 kB │ gzip:   1.08 kB
#26 74.30 @plane/propel:build: ℹ dist/circular-bar-spinner-Cp6QEb9r.js.map    2.86 kB │ gzip:   0.97 kB
#26 74.30 @plane/propel:build: ℹ dist/placement-Db9Qu3XD.js.map               2.73 kB │ gzip:   0.82 kB
#26 74.30 @plane/propel:build: ℹ dist/switch/index.js.map                     2.71 kB │ gzip:   1.19 kB
#26 74.30 @plane/propel:build: ℹ dist/tab-navigation/index.js.map             2.65 kB │ gzip:   1.04 kB
#26 74.30 @plane/propel:build: ℹ dist/command/index.js.map                    2.48 kB │ gzip:   0.95 kB
#26 74.30 @plane/propel:build: ℹ dist/spinners/index.js.map                   2.42 kB │ gzip:   1.33 kB
#26 74.30 @plane/propel:build: ℹ dist/input/index.js.map                      2.34 kB │ gzip:   1.11 kB
#26 74.30 @plane/propel:build: ℹ dist/popover-CrZ8wRJs.js                     2.30 kB │ gzip:   0.85 kB
#26 74.30 @plane/propel:build: ℹ dist/animated-counter-CqtqTlrG.js            2.27 kB │ gzip:   0.93 kB
#26 74.30 @plane/propel:build: ℹ dist/card-BJ9a4xMU.js                        2.13 kB │ gzip:   0.90 kB
#26 74.30 @plane/propel:build: ℹ dist/legend-HUzGLN3O.js                      2.08 kB │ gzip:   1.03 kB
#26 74.30 @plane/propel:build: ℹ dist/circular-bar-spinner-Cp6QEb9r.js        2.08 kB │ gzip:   0.60 kB
#26 74.30 @plane/propel:build: ℹ dist/tooltip-CLEkTCyg.js                     2.05 kB │ gzip:   0.96 kB
#26 74.30 @plane/propel:build: ℹ dist/combobox/index.d.ts.map                 1.95 kB │ gzip:   0.65 kB
#26 74.30 @plane/propel:build: ℹ dist/calendar/index.js.map                   1.94 kB │ gzip:   0.92 kB
#26 74.30 @plane/propel:build: ℹ dist/emoji-icon-picker/index.d.ts.map        1.79 kB │ gzip:   0.77 kB
#26 74.30 @plane/propel:build: ℹ dist/emoji-reaction/index.d.ts.map           1.71 kB │ gzip:   0.62 kB
#26 74.30 @plane/propel:build: ℹ dist/skeleton/index.js.map                   1.66 kB │ gzip:   0.82 kB
#26 74.30 @plane/propel:build: ℹ dist/table/index.d.ts.map                    1.61 kB │ gzip:   0.46 kB
#26 74.30 @plane/propel:build: ℹ dist/portal/index.d.ts.map                   1.57 kB │ gzip:   0.64 kB
#26 74.30 @plane/propel:build: ℹ dist/classname-BokbBhj4.js                   1.47 kB │ gzip:   0.74 kB
#26 74.30 @plane/propel:build: ℹ dist/toast/index.d.ts.map                    1.46 kB │ gzip:   0.68 kB
#26 74.30 @plane/propel:build: ℹ dist/tabs/index.d.ts.map                     1.42 kB │ gzip:   0.47 kB
#26 74.30 @plane/propel:build: ℹ dist/accordion/index.d.ts.map                1.28 kB │ gzip:   0.49 kB
#26 74.30 @plane/propel:build: ℹ dist/placement-Db9Qu3XD.js                   1.13 kB │ gzip:   0.36 kB
#26 74.30 @plane/propel:build: ℹ dist/badge/index.d.ts.map                    1.12 kB │ gzip:   0.42 kB
#26 74.30 @plane/propel:build: ℹ dist/dialog/index.d.ts.map                   1.09 kB │ gzip:   0.50 kB
#26 74.30 @plane/propel:build: ℹ dist/menu/index.d.ts.map                     1.09 kB │ gzip:   0.47 kB
#26 74.30 @plane/propel:build: ℹ dist/toolbar/index.d.ts.map                  1.00 kB │ gzip:   0.45 kB
#26 74.30 @plane/propel:build: ℹ dist/pill/index.d.ts.map                     0.99 kB │ gzip:   0.45 kB
#26 74.30 @plane/propel:build: ℹ dist/icon-button/index.d.ts.map              0.96 kB │ gzip:   0.44 kB
#26 74.30 @plane/propel:build: ℹ dist/collapsible/index.d.ts.map              0.95 kB │ gzip:   0.44 kB
#26 74.30 @plane/propel:build: ℹ dist/context-menu/index.d.ts.map             0.94 kB │ gzip:   0.40 kB
#26 74.30 @plane/propel:build: ℹ dist/command/index.d.ts.map                  0.93 kB │ gzip:   0.39 kB
#26 74.30 @plane/propel:build: ℹ dist/helper-BONkfyLU.d.ts.map                0.76 kB │ gzip:   0.38 kB
#26 74.30 @plane/propel:build: ℹ dist/card/index.d.ts.map                     0.69 kB │ gzip:   0.38 kB
#26 74.30 @plane/propel:build: ℹ dist/skeleton/index.d.ts.map                 0.63 kB │ gzip:   0.31 kB
#26 74.30 @plane/propel:build: ℹ dist/scrollarea/index.d.ts.map               0.60 kB │ gzip:   0.33 kB
#26 74.30 @plane/propel:build: ℹ dist/banner/index.d.ts.map                   0.59 kB │ gzip:   0.31 kB
#26 74.30 @plane/propel:build: ℹ dist/popover/index.d.ts.map                  0.58 kB │ gzip:   0.32 kB
#26 74.30 @plane/propel:build: ℹ dist/spinners/index.d.ts.map                 0.57 kB │ gzip:   0.28 kB
#26 74.30 @plane/propel:build: ℹ dist/button/index.d.ts.map                   0.52 kB │ gzip:   0.24 kB
#26 74.30 @plane/propel:build: ℹ dist/tab-navigation/index.d.ts.map           0.52 kB │ gzip:   0.28 kB
#26 74.30 @plane/propel:build: ℹ dist/placement-qJjmdCXt.d.ts.map             0.49 kB │ gzip:   0.26 kB
#26 74.30 @plane/propel:build: ℹ dist/switch/index.d.ts.map                   0.48 kB │ gzip:   0.25 kB
#26 74.30 @plane/propel:build: ℹ dist/tooltip/index.d.ts.map                  0.40 kB │ gzip:   0.26 kB
#26 74.30 @plane/propel:build: ℹ dist/animated-counter/index.d.ts.map         0.38 kB │ gzip:   0.22 kB
#26 74.30 @plane/propel:build: ℹ dist/input/index.d.ts.map                    0.35 kB │ gzip:   0.21 kB
#26 74.30 @plane/propel:build: ℹ dist/avatar/index.d.ts.map                   0.34 kB │ gzip:   0.22 kB
#26 74.30 @plane/propel:build: ℹ dist/charts/scatter-chart/index.d.ts.map     0.32 kB │ gzip:   0.20 kB
#26 74.30 @plane/propel:build: ℹ dist/charts/bar-chart/index.d.ts.map         0.32 kB │ gzip:   0.20 kB
#26 74.30 @plane/propel:build: ℹ dist/charts/pie-chart/index.d.ts.map         0.32 kB │ gzip:   0.20 kB
#26 74.30 @plane/propel:build: ℹ dist/charts/area-chart/index.d.ts.map        0.31 kB │ gzip:   0.20 kB
#26 74.30 @plane/propel:build: ℹ dist/charts/line-chart/index.d.ts.map        0.31 kB │ gzip:   0.20 kB
#26 74.30 @plane/propel:build: ℹ dist/calendar/index.d.ts.map                 0.29 kB │ gzip:   0.21 kB
#26 74.30 @plane/propel:build: ℹ dist/charts/radar-chart/index.d.ts.map       0.27 kB │ gzip:   0.18 kB
#26 74.30 @plane/propel:build: ℹ dist/charts/tree-map/index.d.ts.map          0.16 kB │ gzip:   0.14 kB
#26 74.30 @plane/propel:build: ℹ dist/utils/index.d.ts.map                    0.14 kB │ gzip:   0.13 kB
#26 74.30 @plane/propel:build: ℹ dist/utils-MPqvUdqq.js                       0.00 kB │ gzip:   0.02 kB
#26 74.30 @plane/propel:build: ℹ dist/empty-state/index.d.ts                 14.64 kB │ gzip:   2.17 kB
#26 74.30 @plane/propel:build: ℹ dist/icons/index.d.ts                        6.31 kB │ gzip:   1.89 kB
#26 74.30 @plane/propel:build: ℹ dist/emoji-icon-picker/index.d.ts            4.15 kB │ gzip:   1.41 kB
#26 74.30 @plane/propel:build: ℹ dist/portal/index.d.ts                       3.97 kB │ gzip:   1.42 kB
#26 74.30 @plane/propel:build: ℹ dist/combobox/index.d.ts                     2.23 kB │ gzip:   0.74 kB
#26 74.30 @plane/propel:build: ℹ dist/emoji-reaction/index.d.ts               2.20 kB │ gzip:   0.67 kB
#26 74.30 @plane/propel:build: ℹ dist/tabs/index.d.ts                         2.03 kB │ gzip:   0.45 kB
#26 74.30 @plane/propel:build: ℹ dist/table/index.d.ts                        1.95 kB │ gzip:   0.37 kB
#26 74.30 @plane/propel:build: ℹ dist/context-menu/index.d.ts                 1.95 kB │ gzip:   0.53 kB
#26 74.30 @plane/propel:build: ℹ dist/menu/index.d.ts                         1.83 kB │ gzip:   0.74 kB
#26 74.30 @plane/propel:build: ℹ dist/toolbar/index.d.ts                      1.80 kB │ gzip:   0.54 kB
#26 74.30 @plane/propel:build: ℹ dist/toast/index.d.ts                        1.79 kB │ gzip:   0.62 kB
#26 74.30 @plane/propel:build: ℹ dist/badge/index.d.ts                        1.61 kB │ gzip:   0.54 kB
#26 74.30 @plane/propel:build: ℹ dist/accordion/index.d.ts                    1.48 kB │ gzip:   0.45 kB
#26 74.30 @plane/propel:build: ℹ dist/dialog/index.d.ts                       1.38 kB │ gzip:   0.52 kB
#26 74.30 @plane/propel:build: ℹ dist/tab-navigation/index.d.ts               1.27 kB │ gzip:   0.47 kB
#26 74.30 @plane/propel:build: ℹ dist/icon-button/index.d.ts                  1.26 kB │ gzip:   0.55 kB
#26 74.30 @plane/propel:build: ℹ dist/banner/index.d.ts                       1.22 kB │ gzip:   0.61 kB
#26 74.30 @plane/propel:build: ℹ dist/avatar/index.d.ts                       1.21 kB │ gzip:   0.53 kB
#26 74.30 @plane/propel:build: ℹ dist/card/index.d.ts                         1.11 kB │ gzip:   0.56 kB
#26 74.30 @plane/propel:build: ℹ dist/pill/index.d.ts                         1.05 kB │ gzip:   0.52 kB
#26 74.30 @plane/propel:build: ℹ dist/button/index.d.ts                       1.05 kB │ gzip:   0.49 kB
#26 74.30 @plane/propel:build: ℹ dist/collapsible/index.d.ts                  0.96 kB │ gzip:   0.39 kB
#26 74.30 @plane/propel:build: ℹ dist/command/index.d.ts                      0.95 kB │ gzip:   0.31 kB
#26 74.30 @plane/propel:build: ℹ dist/scrollarea/index.d.ts                   0.90 kB │ gzip:   0.41 kB
#26 74.30 @plane/propel:build: ℹ dist/popover/index.d.ts                      0.84 kB │ gzip:   0.44 kB
#26 74.30 @plane/propel:build: ℹ dist/spinners/index.d.ts                     0.75 kB │ gzip:   0.30 kB
#26 74.30 @plane/propel:build: ℹ dist/skeleton/index.d.ts                     0.75 kB │ gzip:   0.32 kB
#26 74.30 @plane/propel:build: ℹ dist/tooltip/index.d.ts                      0.68 kB │ gzip:   0.39 kB
#26 74.30 @plane/propel:build: ℹ dist/animated-counter/index.d.ts             0.56 kB │ gzip:   0.36 kB
#26 74.30 @plane/propel:build: ℹ dist/switch/index.d.ts                       0.52 kB │ gzip:   0.31 kB
#26 74.30 @plane/propel:build: ℹ dist/utils/index.d.ts                        0.45 kB │ gzip:   0.28 kB
#26 74.30 @plane/propel:build: ℹ dist/input/index.d.ts                        0.45 kB │ gzip:   0.29 kB
#26 74.30 @plane/propel:build: ℹ dist/calendar/index.d.ts                     0.42 kB │ gzip:   0.28 kB
#26 74.30 @plane/propel:build: ℹ dist/charts/scatter-chart/index.d.ts         0.35 kB │ gzip:   0.24 kB
#26 74.30 @plane/propel:build: ℹ dist/charts/area-chart/index.d.ts            0.33 kB │ gzip:   0.24 kB
#26 74.30 @plane/propel:build: ℹ dist/charts/line-chart/index.d.ts            0.33 kB │ gzip:   0.24 kB
#26 74.30 @plane/propel:build: ℹ dist/charts/bar-chart/index.d.ts             0.33 kB │ gzip:   0.24 kB
#26 74.30 @plane/propel:build: ℹ dist/charts/pie-chart/index.d.ts             0.33 kB │ gzip:   0.23 kB
#26 74.30 @plane/propel:build: ℹ dist/charts/radar-chart/index.d.ts           0.31 kB │ gzip:   0.22 kB
#26 74.30 @plane/propel:build: ℹ dist/charts/tree-map/index.d.ts              0.27 kB │ gzip:   0.19 kB
#26 74.30 @plane/propel:build: ℹ dist/index-BUyOAoiw.d.ts                    35.59 kB │ gzip:   5.29 kB
#26 74.30 @plane/propel:build: ℹ dist/helper-BONkfyLU.d.ts                    1.03 kB │ gzip:   0.50 kB
#26 74.30 @plane/propel:build: ℹ dist/placement-qJjmdCXt.d.ts                 0.75 kB │ gzip:   0.40 kB
#26 74.30 @plane/propel:build: ℹ 187 files, total: 2971.60 kB
#26 74.77 @plane/propel:build: ✔ Build complete in 19753ms
#26 74.91 @plane/ui:build: cache bypass, force executing ee83bf2fe2e1fd8b
#26 76.26 @plane/ui:build: $ tsdown
#26 76.49 @plane/ui:build: ℹ tsdown v0.16.0 powered by rolldown v1.0.0-beta.46
#26 76.69 @plane/ui:build: ℹ Using tsdown config: /app/packages/ui/tsdown.config.ts
#26 76.71 @plane/ui:build: ℹ entry: src/index.ts
#26 76.71 @plane/ui:build: ℹ tsconfig: tsconfig.json
#26 76.71 @plane/ui:build: ℹ Build start
#26 85.07 @plane/ui:build: ℹ dist/index.js        111.57 kB │ gzip: 22.13 kB
#26 85.07 @plane/ui:build: ℹ dist/index.js.map    206.03 kB │ gzip: 43.89 kB
#26 85.07 @plane/ui:build: ℹ dist/index.d.ts.map   17.64 kB │ gzip:  6.10 kB
#26 85.07 @plane/ui:build: ℹ dist/index.d.ts       25.39 kB │ gzip:  5.51 kB
#26 85.07 @plane/ui:build: ℹ 4 files, total: 360.64 kB
#26 85.08 @plane/ui:build: ✔ Build complete in 8367ms
#26 85.21 @plane/editor:build: cache bypass, force executing 234b7762325a5d84
#26 86.54 @plane/editor:build: $ tsc && tsdown
#26 106.9 @plane/editor:build: ℹ tsdown v0.16.0 powered by rolldown v1.0.0-beta.46
#26 107.1 @plane/editor:build: ℹ Using tsdown config: /app/packages/editor/tsdown.config.ts
#26 107.1 @plane/editor:build: ℹ entry: src/index.ts, src/lib.ts
#26 107.1 @plane/editor:build: ℹ tsconfig: tsconfig.json
#26 107.1 @plane/editor:build: ℹ Build start
#26 118.7 @plane/editor:build: ℹ dist/index.js                                       203.73 kB │ gzip: 44.71 kB
#26 118.7 @plane/editor:build: ℹ dist/lib.js                                           2.66 kB │ gzip:  0.84 kB
#26 118.7 @plane/editor:build: ℹ dist/document-collaborative-events-NWWO-tl_.js.map  446.63 kB │ gzip: 93.63 kB
#26 118.7 @plane/editor:build: ℹ dist/index.js.map                                   427.84 kB │ gzip: 94.00 kB
#26 118.7 @plane/editor:build: ℹ dist/document-collaborative-events-NWWO-tl_.js      212.28 kB │ gzip: 45.98 kB
#26 118.7 @plane/editor:build: ℹ dist/yjs-utils-X9TG3ouQ.d.ts.map                     13.68 kB │ gzip:  5.06 kB
#26 118.7 @plane/editor:build: ℹ dist/lib.js.map                                       4.80 kB │ gzip:  1.32 kB
#26 118.7 @plane/editor:build: ℹ dist/index.d.ts.map                                   1.66 kB │ gzip:  0.74 kB
#26 118.7 @plane/editor:build: ℹ dist/lib.d.ts.map                                     0.16 kB │ gzip:  0.14 kB
#26 118.7 @plane/editor:build: ℹ dist/index.d.ts                                       9.15 kB │ gzip:  2.62 kB
#26 118.7 @plane/editor:build: ℹ dist/lib.d.ts                                         2.43 kB │ gzip:  0.79 kB
#26 118.7 @plane/editor:build: ℹ dist/yjs-utils-X9TG3ouQ.d.ts                         32.21 kB │ gzip:  7.99 kB
#26 118.7 @plane/editor:build: ℹ 12 files, total: 1357.22 kB
#26 119.0 @plane/editor:build: ✔ Build complete in 11840ms
#26 119.3 web:build: cache bypass, force executing 6653e123402717ca
#26 120.7 web:build: $ react-router build
#26 123.3 web:build: The plugin "vite-tsconfig-paths" is detected. Vite now supports tsconfig paths resolution natively via the resolve.tsconfigPaths option. You can remove the plugin and set resolve.tsconfigPaths: true in your Vite config instead.
#26 123.4 web:build: The plugin "vite-tsconfig-paths" is detected. Vite now supports tsconfig paths resolution natively via the resolve.tsconfigPaths option. You can remove the plugin and set resolve.tsconfigPaths: true in your Vite config instead.
#26 123.7 web:build: (node:747) [MODULE_TYPELESS_PACKAGE_JSON] Warning: Module type of file:///app/packages/tailwind-config/postcss.config.js is not specified and it doesn't parse as CommonJS.
#26 123.7 web:build: Reparsing as ES module because module syntax was detected. This incurs a performance overhead.
#26 123.7 web:build: To eliminate this warning, add "type": "module" to /app/packages/tailwind-config/package.json.
#26 123.7 web:build: (Use `node --trace-warnings ...` to show where the warning was created)
#26 123.7 web:build: Using Vite Environment API
#26 123.7 web:build: vite v8.0.16 building client environment for production...
#26 192.8 web:build: [2Kweb:build: transforming...✓ 20493 modules transformed.
#26 197.7 web:build: rendering chunks...
#26 203.2 web:build: computing gzip size...
#26 203.7 web:build: build/client/assets/empty_label-BBcxK5kA.svg                                      0.48 kB │ gzip:   0.27 kB
#26 203.7 web:build: build/client/assets/google-logo-r0ky5Kfn.svg                                      0.74 kB │ gzip:   0.43 kB
#26 203.7 web:build: build/client/assets/priority-dark-C68dnEMz.webp                                   1.05 kB
#26 203.7 web:build: build/client/assets/gitlab-logo-BL2xQyij.svg                                      1.06 kB │ gzip:   0.47 kB
#26 203.7 web:build: build/client/assets/progress-dark-CbdQFQls.webp                                   1.09 kB
#26 203.7 web:build: build/client/assets/priority-light-e2bFi4nm.webp                                  1.09 kB
#26 203.7 web:build: build/client/assets/label-dark-DWRrYoNR.webp                                      1.13 kB
#26 203.7 web:build: build/client/assets/chart-light-CmRIfxuB.webp                                     1.15 kB
#26 203.7 web:build: build/client/assets/assignee-light-CrlWz184.webp                                  1.15 kB
#26 203.7 web:build: build/client/assets/progress-light-B_092DlV.webp                                  1.17 kB
#26 203.7 web:build: build/client/assets/chart-dark-DOGbIYyX.webp                                      1.17 kB
#26 203.7 web:build: build/client/assets/label-light-DTeD9Hyj.webp                                     1.18 kB
#26 203.7 web:build: build/client/assets/assignee-dark-GiRfYgU6.webp                                   1.18 kB
#26 203.7 web:build: build/client/assets/empty_members-B48oMgcS.svg                                    1.33 kB │ gzip:   0.58 kB
#26 203.7 web:build: build/client/assets/github-dark-DlyHSwTQ.svg                                      1.45 kB │ gzip:   0.68 kB
#26 203.7 web:build: build/client/assets/gitea-logo-BAYfzmEl.svg                                       2.13 kB │ gzip:   1.04 kB
#26 203.7 web:build: build/client/assets/search-dark-COdu9jyf.webp                                     2.33 kB
#26 203.7 web:build: build/client/assets/search-light-DGwdTDm2.webp                                    2.64 kB
#26 203.7 web:build: build/client/assets/icon-180x180-ArenqHjH.png                                     2.70 kB
#26 203.7 web:build: build/client/assets/issues-light-BIWRd60x.webp                                    2.92 kB
#26 203.7 web:build: build/client/assets/sRGB_IEC61966_2_1-Bmm_5_31.icc                                3.02 kB
#26 203.7 web:build: build/client/assets/issues-dark-BFg8-mvo.webp                                     3.11 kB
#26 203.7 web:build: build/client/assets/all-filters-cM3ayl-R.svg                                      3.25 kB │ gzip:   0.94 kB
#26 203.7 web:build: build/client/assets/tanfold-rebrand-mobile-BgKOEtOx.png                           3.26 kB
#26 203.7 web:build: build/client/assets/name-filter-8JdqNXSU.svg                                      3.33 kB │ gzip:   0.99 kB
#26 203.7 web:build: build/client/assets/KaTeX_Size3-Regular-gV2CO0n9.woff2                            3.62 kB
#26 203.7 web:build: build/client/assets/all-filters-CZ8dpHF_.svg                                      4.33 kB │ gzip:   1.12 kB
#26 203.7 web:build: build/client/assets/name-filter-Ad9b4_qB.svg                                      4.38 kB │ gzip:   1.22 kB
#26 203.7 web:build: build/client/assets/KaTeX_Size3-Regular-CTq5MqoE.woff                             4.42 kB
#26 203.7 web:build: build/client/assets/tenfold-rebrand-logo-CUVs_Cke.png                             4.80 kB
#26 203.7 web:build: build/client/assets/tenfold-rebrand-logo-white-BtwKV0om.png                       4.82 kB
#26 203.7 web:build: build/client/assets/KaTeX_Size4-Regular-Dl5lxZxV.woff2                            4.92 kB
#26 203.7 web:build: build/client/assets/view-DigBccAm.svg                                             5.20 kB │ gzip:   1.97 kB
#26 203.7 web:build: build/client/assets/KaTeX_Size2-Regular-Dy4dx90m.woff2                            5.20 kB
#26 203.7 web:build: build/client/assets/tanfold-rebrand-favicon-Bof-_oO5.png                          5.31 kB
#26 203.7 web:build: build/client/assets/404-DWCFZzXK.svg                                              5.42 kB │ gzip:   1.58 kB
#26 203.7 web:build: build/client/assets/KaTeX_Size1-Regular-mCD8mA8B.woff2                            5.46 kB
#26 203.7 web:build: build/client/assets/ibm-plex-mono-vietnamese-400-normal-DDuiU_S-.woff             5.62 kB
#26 203.7 web:build: build/client/assets/cta-l-1-dark-DfFftJH9.webp                                    5.62 kB
#26 203.7 web:build: build/client/assets/ibm-plex-mono-cyrillic-ext-400-normal-DMdlQ8Kv.woff           5.82 kB
#26 203.7 web:build: build/client/assets/ibm-plex-mono-vietnamese-400-normal-BulugwFq.woff2            5.86 kB
#26 203.7 web:build: build/client/assets/issue-_P4hOm-h.svg                                            5.88 kB │ gzip:   2.12 kB
#26 203.7 web:build: build/client/assets/KaTeX_Size4-Regular-BF-4gkZK.woff                             5.98 kB
#26 203.7 web:build: build/client/assets/default-icon-DCLwKoz2.png                                     6.13 kB
#26 203.7 web:build: build/client/assets/KaTeX_Size2-Regular-oD1tc_U0.woff                             6.18 kB
#26 203.7 web:build: build/client/assets/KaTeX_Size1-Regular-C195tn64.woff                             6.49 kB
#26 203.7 web:build: build/client/assets/html-icon-B8Zw3XA_.png                                        6.66 kB
#26 203.7 web:build: build/client/assets/excel-icon-XoT7M_Jk.png                                       6.70 kB
#26 203.7 web:build: build/client/assets/KaTeX_Caligraphic-Regular-Di6jR-x-.woff2                      6.90 kB
#26 203.7 web:build: build/client/assets/KaTeX_Caligraphic-Bold-Dq_IR9rO.woff2                         6.91 kB
#26 203.7 web:build: build/client/assets/ibm-plex-mono-cyrillic-ext-400-normal-xuaO2J-f.woff2          6.91 kB
#26 203.7 web:build: build/client/assets/ibm-plex-mono-cyrillic-400-normal-CEL4l2ZJ.woff               7.20 kB
#26 203.7 web:build: build/client/assets/zip-icon-Bo1RU1i-.png                                         7.21 kB
#26 203.7 web:build: build/client/assets/KaTeX_Size3-Regular-DgpXs0kz.ttf                              7.58 kB
#26 203.7 web:build: build/client/assets/KaTeX_Caligraphic-Regular-CTRA-rTL.woff                       7.65 kB
#26 203.7 web:build: build/client/assets/KaTeX_Caligraphic-Bold-BEiXGLvX.woff                          7.71 kB
#26 203.7 web:build: build/client/assets/ibm-plex-mono-cyrillic-400-normal-BSMlKf0J.woff2              8.35 kB
#26 203.7 web:build: build/client/assets/cycle-BOcLETEn.svg                                            8.39 kB │ gzip:   3.34 kB
#26 203.7 web:build: build/client/assets/gradient-bg-logo-DJ_Te6tL.webp                                8.59 kB
#26 203.7 web:build: build/client/assets/icon-512x512-CyS1mcXS.png                                     8.70 kB
#26 203.7 web:build: build/client/assets/KaTeX_Script-Regular-D3wIWfF6.woff2                           9.64 kB
#26 203.7 web:build: build/client/assets/csv-icon-DF5Z4ezZ.png                                         9.68 kB
#26 203.7 web:build: build/client/assets/inter-vietnamese-wght-normal-CBcvBZtf.woff2                  10.25 kB
#26 203.7 web:build: build/client/assets/KaTeX_SansSerif-Regular-DDBCnlJ7.woff2                       10.34 kB
#26 203.7 web:build: build/client/assets/KaTeX_Size4-Regular-DWFBv043.ttf                             10.36 kB
#26 203.7 web:build: build/client/assets/audio-icon-CTamvKZ-.png                                      10.36 kB
#26 203.7 web:build: build/client/assets/img-icon-CgV_icRC.png                                        10.44 kB
#26 203.7 web:build: build/client/assets/rar-icon-DUmOzNwT.png                                        10.46 kB
#26 203.7 web:build: build/client/assets/KaTeX_Script-Regular-D5yQViql.woff                           10.58 kB
#26 203.7 web:build: build/client/assets/web-hook-D8eWJ8ey.svg                                        10.68 kB │ gzip:   3.34 kB
#26 203.7 web:build: build/client/assets/js-icon-lKS6TT2t.png                                         10.99 kB
#26 203.7 web:build: build/client/assets/txt-icon-B37rKrBk.png                                        11.14 kB
#26 203.7 web:build: build/client/assets/inter-greek-ext-wght-normal-DlzME5K_.woff2                   11.23 kB
#26 203.7 web:build: build/client/assets/KaTeX_Fraktur-Regular-CTYiF6lA.woff2                         11.31 kB
#26 203.7 web:build: build/client/assets/KaTeX_Fraktur-Bold-CL6g_b3V.woff2                            11.34 kB
#26 203.7 web:build: build/client/assets/KaTeX_Size2-Regular-B7gKUWhC.ttf                             11.50 kB
#26 203.7 web:build: build/client/assets/video-icon-SQHbulO7.png                                      11.67 kB
#26 203.7 web:build: build/client/assets/ibm-plex-mono-latin-ext-400-normal-D3D2R8hC.woff             11.76 kB
#26 203.7 web:build: build/client/assets/KaTeX_SansSerif-Italic-C3H0VqGB.woff2                        12.02 kB
#26 203.7 web:build: build/client/assets/jpg-icon-Dm4NnUNA.png                                        12.08 kB
#26 203.7 web:build: build/client/assets/KaTeX_SansSerif-Bold-D1sUS0GD.woff2                          12.21 kB
#26 203.7 web:build: build/client/assets/KaTeX_Size1-Regular-Dbsnue_I.ttf                             12.22 kB
#26 203.7 web:build: build/client/assets/KaTeX_SansSerif-Regular-CS6fqUqJ.woff                        12.31 kB
#26 203.7 web:build: build/client/assets/KaTeX_Caligraphic-Regular-wX97UBjC.ttf                       12.34 kB
#26 203.7 web:build: build/client/assets/KaTeX_Caligraphic-Bold-ATXxdsX0.ttf                          12.36 kB
#26 203.7 web:build: build/client/assets/png-icon-BXhbUVbw.png                                        12.48 kB
#26 203.7 web:build: build/client/assets/css-icon-CCUROALf.png                                        12.70 kB
#26 203.7 web:build: build/client/assets/svg-icon-Y9fl-1JZ.png                                        12.89 kB
#26 203.7 web:build: build/client/assets/pdf-icon-Bikr7Dsa.png                                        13.03 kB
#26 203.7 web:build: build/client/assets/ibm-plex-mono-latin-400-normal-CvHOgSBP.woff                 13.14 kB
#26 203.7 web:build: build/client/assets/KaTeX_Fraktur-Regular-Dxdc4cR9.woff                          13.20 kB
#26 203.7 web:build: build/client/assets/KaTeX_Fraktur-Bold-BsDP51OF.woff                             13.29 kB
#26 203.7 web:build: build/client/assets/ibm-plex-mono-latin-ext-400-normal-BmRBH3aV.woff2            13.34 kB
#26 203.7 web:build: build/client/assets/KaTeX_Typewriter-Regular-CO6r4hn1.woff2                      13.56 kB
#26 203.7 web:build: build/client/assets/github-black-DmZ70PA_.png                                    14.03 kB
#26 203.7 web:build: build/client/assets/KaTeX_SansSerif-Italic-DN2j7dab.woff                         14.11 kB
#26 203.7 web:build: build/client/assets/KaTeX_SansSerif-Bold-DbIhKOiC.woff                           14.40 kB
#26 203.7 web:build: build/client/assets/module-Bs_xs7Vo.svg                                          14.69 kB │ gzip:   5.89 kB
#26 203.7 web:build: build/client/assets/ibm-plex-mono-latin-400-normal-DMJ8VG8y.woff2                14.70 kB
#26 203.7 web:build: build/client/assets/doc-icon-DRV_ANkm.png                                        15.17 kB
#26 203.7 web:build: build/client/assets/figma-icon-VzEOzwQQ.png                                      15.61 kB
#26 203.7 web:build: build/client/assets/KaTeX_Typewriter-Regular-C0xS9mPB.woff                       16.02 kB
#26 203.7 web:build: build/client/assets/KaTeX_Math-BoldItalic-CZnvNsCZ.woff2                         16.40 kB
#26 203.7 web:build: build/client/assets/KaTeX_Math-Italic-t53AETM-.woff2                             16.44 kB
#26 203.7 web:build: build/client/assets/KaTeX_Script-Regular-C5JkGWo-.ttf                            16.64 kB
#26 203.7 web:build: build/client/assets/KaTeX_Main-BoldItalic-DxDJ3AOS.woff2                         16.78 kB
#26 203.7 web:build: build/client/assets/KaTeX_Main-Italic-NWA7e6Wa.woff2                             16.98 kB
#26 203.7 web:build: build/client/assets/outline-dark-ADkmZ4UD.webp                                   17.99 kB
#26 203.7 web:build: build/client/assets/outline-light-BxGGy3_A.webp                                  18.00 kB
#26 203.7 web:build: build/client/assets/gradient-logo-BKMvbTcN.webp                                  18.20 kB
#26 203.7 web:build: build/client/assets/KaTeX_Math-BoldItalic-iY-2wyZ7.woff                          18.66 kB
#26 203.7 web:build: build/client/assets/KaTeX_Math-Italic-DA0__PXp.woff                              18.74 kB
#26 203.7 web:build: build/client/assets/inter-cyrillic-wght-normal-DqGufNeO.woff2                    18.74 kB
#26 203.7 web:build: build/client/assets/inter-greek-wght-normal-CkhJZR-_.woff2                       18.99 kB
#26 203.7 web:build: build/client/assets/image_6-DYKe1XQu.jpg                                         19.38 kB
#26 203.7 web:build: build/client/assets/KaTeX_Main-BoldItalic-SpSLRI95.woff                          19.41 kB
#26 203.7 web:build: build/client/assets/KaTeX_SansSerif-Regular-BNo7hRIc.ttf                         19.43 kB
#26 203.7 web:build: build/client/assets/KaTeX_Fraktur-Regular-CB_wures.ttf                           19.57 kB
#26 203.7 web:build: build/client/assets/KaTeX_Fraktur-Bold-BdnERNNW.ttf                              19.58 kB
#26 203.7 web:build: build/client/assets/KaTeX_Main-Italic-BMLOBm91.woff                              19.67 kB
#26 203.7 web:build: build/client/assets/assets-dark-5YjnlpDT.webp                                    20.67 kB
#26 203.7 web:build: build/client/assets/assets-light-C8O9_fyp.webp                                   20.95 kB
#26 203.7 web:build: build/client/assets/KaTeX_SansSerif-Italic-YYjJ1zSn.ttf                          22.36 kB
#26 203.7 web:build: build/client/assets/invitation-BEGxAfxj.svg                                      22.65 kB │ gzip:   7.17 kB
#26 203.7 web:build: build/client/assets/image_21-c7xsluba.jpg                                        22.93 kB
#26 203.7 web:build: build/client/assets/unauthorized-C8vOPqGE.svg                                    23.45 kB │ gzip:   7.72 kB
#26 203.7 web:build: build/client/assets/KaTeX_SansSerif-Bold-CFMepnvq.ttf                            24.50 kB
#26 203.7 web:build: build/client/assets/KaTeX_Main-Bold-Cx986IdX.woff2                               25.32 kB
#26 203.7 web:build: build/client/assets/inter-cyrillic-ext-wght-normal-BOeWTOD4.woff2                25.96 kB
#26 203.7 web:build: build/client/assets/KaTeX_Main-Regular-B22Nviop.woff2                            26.27 kB
#26 203.7 web:build: build/client/assets/KaTeX_Typewriter-Regular-D3Ib7_Hf.ttf                        27.55 kB
#26 203.7 web:build: build/client/assets/KaTeX_AMS-Regular-BQhdFMY1.woff2                             28.07 kB
#26 203.7 web:build: build/client/assets/cta-l-1-light-yW_UnzhS.webp                                  28.71 kB
#26 203.7 web:build: build/client/assets/KaTeX_Main-Bold-Jm3AIy58.woff                                29.91 kB
#26 203.7 web:build: build/client/assets/KaTeX_Main-Regular-Dr94JaBh.woff                             30.77 kB
#26 203.7 web:build: build/client/assets/KaTeX_Math-BoldItalic-B3XSjfu4.ttf                           31.19 kB
#26 203.7 web:build: build/client/assets/image_12-Bt4XfBD3.jpg                                        31.27 kB
#26 203.7 web:build: build/client/assets/KaTeX_Math-Italic-flOr_0UB.ttf                               31.30 kB
#26 203.7 web:build: build/client/assets/maintenance-mode-light-Dqp39OMJ.svg                          31.93 kB │ gzip:  10.16 kB
#26 203.7 web:build: build/client/assets/maintenance-mode-dark-DAfHd5vC.svg                           32.01 kB │ gzip:  10.16 kB
#26 203.7 web:build: build/client/assets/KaTeX_Main-BoldItalic-DzxPMmG6.ttf                           32.96 kB
#26 203.7 web:build: build/client/assets/KaTeX_AMS-Regular-DMm9YOAa.woff                              33.51 kB
#26 203.7 web:build: build/client/assets/KaTeX_Main-Italic-3WenGoN9.ttf                               33.58 kB
#26 203.7 web:build: build/client/assets/project-not-authorized-ovAWpO6z.svg                          34.24 kB │ gzip:  13.44 kB
#26 203.7 web:build: build/client/assets/widgets-dark-DFt3ZYTd.webp                                   34.69 kB
#26 203.7 web:build: build/client/assets/widgets-light-DpOo900c.webp                                  34.70 kB
#26 203.7 web:build: build/client/assets/workspace-not-authorized-CJ0YsYpX.svg                        36.96 kB │ gzip:  14.60 kB
#26 203.7 web:build: build/client/assets/image_23-3daIXVWa.jpg                                        37.09 kB
#26 203.7 web:build: build/client/assets/scribble-white-BUZ6Mev7.svg                                  39.66 kB │ gzip:  15.32 kB
#26 203.7 web:build: build/client/assets/scribble-black-CTNTXY5m.svg                                  39.68 kB │ gzip:  15.43 kB
#26 203.7 web:build: build/client/assets/image_13-2tKqdk9L.jpg                                        45.41 kB
#26 203.7 web:build: build/client/assets/inter-latin-wght-normal-Dx4kXJAl.woff2                       48.25 kB
#26 203.7 web:build: build/client/assets/KaTeX_Main-Bold-waoOVXN0.ttf                                 51.33 kB
#26 203.7 web:build: build/client/assets/KaTeX_Main-Regular-ypZvNtVU.ttf                              53.58 kB
#26 203.7 web:build: build/client/assets/views-dark-B2o-OLZi.webp                                     55.06 kB
#26 203.7 web:build: build/client/assets/views-light-2SyZy5_1.webp                                    55.70 kB
#26 203.7 web:build: build/client/assets/image_17-fngcXhhl.jpg                                        57.38 kB
#26 203.7 web:build: build/client/assets/image_28-C6Wkd2EQ.jpg                                        59.22 kB
#26 203.7 web:build: build/client/assets/cta-r-1-dark-BPFgrvDw.webp                                   59.46 kB
#26 203.7 web:build: build/client/assets/KaTeX_AMS-Regular-DRggAlZN.ttf                               63.63 kB
#26 203.7 web:build: build/client/assets/modules-dark-Bs9zHyrm.webp                                   64.29 kB
#26 203.7 web:build: build/client/assets/cta-r-1-light-CEOos_Hz.webp                                  64.31 kB
#26 203.7 web:build: build/client/assets/cycles-light-D7BOyLeS.webp                                   67.31 kB
#26 203.7 web:build: build/client/assets/modules-light-BcusJU7z.webp                                  67.54 kB
#26 203.7 web:build: build/client/assets/stickies-search-dark-kYw_qUF6.webp                           69.82 kB
#26 203.7 web:build: build/client/assets/active-dark-CPRUckpm.webp                                    70.15 kB
#26 203.7 web:build: build/client/assets/active-light-CG6vuz-R.webp                                   70.40 kB
#26 203.7 web:build: build/client/assets/stickies-search-light-DumO42X3.webp                          70.49 kB
#26 203.7 web:build: build/client/assets/og-image-DL-1GVBU.png                                        71.42 kB
#26 203.7 web:build: build/client/assets/image_7-ID2wQUdP.jpg                                         71.73 kB
#26 203.7 web:build: build/client/assets/cycles-dark-DwlqnDFx.webp                                    72.32 kB
#26 203.7 web:build: build/client/assets/image_8-DWH0LRz9.jpg                                         72.47 kB
#26 203.7 web:build: build/client/assets/pages-light-yTb_RZKg.webp                                    74.94 kB
#26 203.7 web:build: build/client/assets/image_3-tJsmKOeq.jpg                                         76.28 kB
#26 203.7 web:build: build/client/assets/image_10-DgxArbnE.jpg                                        77.70 kB
#26 203.7 web:build: build/client/assets/intake-dark-1GQ1y4Uo.webp                                    83.50 kB
#26 203.7 web:build: build/client/assets/pages-dark-DyGOgXct.webp                                     83.86 kB
#26 203.7 web:build: build/client/assets/image_15-BQTqAD9N.jpg                                        84.06 kB
#26 203.7 web:build: build/client/assets/inter-latin-ext-wght-normal-DO1Apj_S.woff2                   85.06 kB
#26 203.7 web:build: build/client/assets/image_27-m4Hk3VFG.jpg                                        86.27 kB
#26 203.7 web:build: build/client/assets/intake-light-CaWFdYOX.webp                                   87.12 kB
#26 203.7 web:build: build/client/assets/image_25-DCnSCXip.jpg                                        90.95 kB
#26 203.7 web:build: build/client/assets/image_24-C0ZJ8wGE.jpg                                        98.97 kB
#26 203.7 web:build: build/client/assets/user-NRT4fUDj.png                                            99.26 kB
#26 203.7 web:build: build/client/assets/image_18-kCAZcZ9O.jpg                                       100.01 kB
#26 203.7 web:build: build/client/assets/image_4-BIaW7dFO.jpg                                        101.51 kB
#26 203.7 web:build: build/client/assets/stickies-dark-B-BwEG7q.webp                                 120.53 kB
#26 203.7 web:build: build/client/assets/stickies-light-BWmpY4nc.webp                                122.00 kB
#26 203.7 web:build: build/client/assets/image_19-BNDOXf3L.jpg                                       126.25 kB
#26 203.7 web:build: build/client/assets/image_2-Cbu4qct1.jpg                                        150.63 kB
#26 203.7 web:build: build/client/assets/image_22-DPrjCdTt.jpg                                       151.52 kB
#26 203.7 web:build: build/client/assets/image_26-C3h6Us29.jpg                                       157.02 kB
#26 203.7 web:build: build/client/assets/image_11-DJCGEHgn.jpg                                       163.44 kB
#26 203.7 web:build: build/client/assets/image_16-CIImVKJN.jpg                                       165.31 kB
#26 203.7 web:build: build/client/assets/image_5-BMCrXMZF.jpg                                        170.46 kB
#26 203.7 web:build: build/client/assets/tenfold-rebrand-logo-moving-eye-1AgCfdZn.gif                181.15 kB
#26 203.7 web:build: build/client/assets/tenfold-clipart-005-BHzdy2W8.png                            182.10 kB
#26 203.7 web:build: build/client/assets/image_14-BGta73kB.jpg                                       186.91 kB
#26 203.7 web:build: build/client/assets/workspace-creation-disabled-COW2Nsd3.png                    191.45 kB
#26 203.7 web:build: build/client/assets/workspace-not-available-CAI6ornV.png                        192.99 kB
#26 203.7 web:build: build/client/assets/cta-r-2-dark-CayXl429.webp                                  207.31 kB
#26 203.7 web:build: build/client/assets/tenfold-clipart-006-CH7Ghq3R.png                            220.13 kB
#26 203.7 web:build: build/client/assets/tenfold-clipart-001-CGaZsrol.png                            221.25 kB
#26 203.7 web:build: build/client/assets/image_9-B2leaWem.jpg                                        221.58 kB
#26 203.7 web:build: build/client/assets/image_29-cesF6ww3.jpg                                       224.20 kB
#26 203.7 web:build: build/client/assets/no-projects-light-C2xLMww0.png                              261.33 kB
#26 203.7 web:build: build/client/assets/image_1-8ncaj2f5.jpg                                        274.08 kB
#26 203.7 web:build: build/client/assets/tenfold-clipart-003a-qCFJ-j14.png                           275.85 kB
#26 203.7 web:build: build/client/assets/no-projects-dark-HYUMxCf0.png                               299.44 kB
#26 203.7 web:build: build/client/assets/tenfold-clipart-002-B42sTEsy.png                            319.01 kB
#26 203.7 web:build: build/client/assets/tenfold-clipart-007-BxsG9189.png                            336.46 kB
#26 203.7 web:build: build/client/assets/regular-BpskOkD5.ttf                                        342.68 kB
#26 203.7 web:build: build/client/assets/thin-BQGyXcpw.ttf                                           343.08 kB
#26 203.7 web:build: build/client/assets/medium-BtfNrkJj.ttf                                         343.20 kB
#26 203.7 web:build: build/client/assets/ultralight-DE8yOi_r.ttf                                     343.53 kB
#26 203.7 web:build: build/client/assets/light-DbzEu6wT.ttf                                          343.70 kB
#26 203.7 web:build: build/client/assets/semibold-C9_sHzqi.ttf                                       343.82 kB
#26 203.7 web:build: build/client/assets/bold-Du8giq-C.ttf                                           344.15 kB
#26 203.7 web:build: build/client/assets/heavy-lPV88BO8.ttf                                          344.82 kB
#26 203.7 web:build: build/client/assets/ultrabold-LoA67B-f.ttf                                      345.00 kB
#26 203.7 web:build: build/client/assets/material-symbols-rounded-latin-400-normal-BVRwnNJJ.woff2    348.77 kB
#26 203.7 web:build: build/client/assets/tenfold-clipart-004a-CBq8k8A7.png                           350.88 kB
#26 203.7 web:build: build/client/assets/material-symbols-rounded-latin-100-normal-StOoOijZ.woff2    363.56 kB
#26 203.7 web:build: build/client/assets/material-symbols-rounded-latin-300-normal-CGYRw1-j.woff2    388.05 kB
#26 203.7 web:build: build/client/assets/image_20-CBIxs7Xv.jpg                                       388.46 kB
#26 203.7 web:build: build/client/assets/material-symbols-rounded-latin-200-normal-Dy_97ylg.woff2    389.09 kB
#26 203.7 web:build: build/client/assets/cta-r-2-light-B-31RqhG.webp                                 392.12 kB
#26 203.7 web:build: build/client/assets/material-symbols-rounded-latin-400-normal-3TtrvaAx.woff     454.56 kB
#26 203.7 web:build: build/client/assets/material-symbols-rounded-latin-100-normal-CyR9BGN8.woff     485.69 kB
#26 203.7 web:build: build/client/assets/material-symbols-rounded-latin-300-normal-CexQLkYr.woff     506.70 kB
#26 203.7 web:build: build/client/assets/material-symbols-rounded-latin-200-normal-B9_93z2O.woff     507.90 kB
#26 203.7 web:build: build/client/.vite/manifest.json                                                657.53 kB │ gzip:  62.93 kB
#26 203.7 web:build: build/client/assets/AppProgressBar-D_Zs2VgL.css                                   2.34 kB │ gzip:   0.66 kB
#26 203.7 web:build: build/client/assets/root-CzK3JmXp.css                                             4.86 kB │ gzip:   0.92 kB
#26 203.7 web:build: build/client/assets/katex-Chd8lJKL.css                                           24.02 kB │ gzip:   3.96 kB
#26 203.7 web:build: build/client/assets/globals-D5Kpn2XG.css                                        422.32 kB │ gzip:  61.98 kB
#26 203.7 web:build: build/client/assets/noop-mXPS5vjY.js                                              0.02 kB │ gzip:   0.04 kB
#26 203.7 web:build: build/client/assets/rich-text-CcHjR-Vm.js                                         0.02 kB │ gzip:   0.04 kB
#26 203.7 web:build: build/client/assets/popover-VGUtVi8U.js                                           0.04 kB │ gzip:   0.06 kB
#26 203.7 web:build: build/client/assets/feature-visibility-DXAICdmv.js                                0.04 kB │ gzip:   0.05 kB
#26 203.7 web:build: build/client/assets/page-BSE2eXOg.js                                              0.06 kB │ gzip:   0.07 kB
#26 203.7 web:build: build/client/assets/page-DnFUy9Ft.js                                              0.06 kB │ gzip:   0.07 kB
#26 203.7 web:build: build/client/assets/use-app-router-BZ_4JLLK.js                                    0.06 kB │ gzip:   0.08 kB
#26 203.7 web:build: build/client/assets/mermaid-VLURNSYL-mSn8KM1l.js                                  0.07 kB │ gzip:   0.08 kB
#26 203.7 web:build: build/client/assets/icons-D6ZXXvdM.js                                             0.07 kB │ gzip:   0.08 kB
#26 203.7 web:build: build/client/assets/button-ByFKmWOW.js                                            0.07 kB │ gzip:   0.09 kB
#26 203.7 web:build: build/client/assets/useBaseUiId-C_U7tg7F.js                                       0.08 kB │ gzip:   0.10 kB
#26 203.7 web:build: build/client/assets/login-client-loader-C51CwS6u.js                               0.09 kB │ gzip:   0.10 kB
#26 203.7 web:build: build/client/assets/sign-in-client-loader-C51CwS6u.js                             0.09 kB │ gzip:   0.10 kB
#26 203.7 web:build: build/client/assets/signin-client-loader-C51CwS6u.js                              0.09 kB │ gzip:   0.10 kB
#26 203.7 web:build: build/client/assets/issues-light-BC4HoCDJ.js                                      0.09 kB │ gzip:   0.09 kB
#26 203.7 web:build: build/client/assets/accounts-signup-client-loader-xWEKSQnX.js                     0.09 kB │ gzip:   0.11 kB
#26 203.7 web:build: build/client/assets/accounts-signup-main-lPGSGToX.js                              0.09 kB │ gzip:   0.11 kB
#26 203.7 web:build: build/client/assets/analytics-main-lPGSGToX.js                                    0.09 kB │ gzip:   0.11 kB
#26 203.7 web:build: build/client/assets/api-tokens-main-lPGSGToX.js                                   0.09 kB │ gzip:   0.11 kB
#26 203.7 web:build: build/client/assets/inbox-main-lPGSGToX.js                                        0.09 kB │ gzip:   0.11 kB
#26 203.7 web:build: build/client/assets/login-main-lPGSGToX.js                                        0.09 kB │ gzip:   0.11 kB
#26 203.7 web:build: build/client/assets/profile-settings-main-lPGSGToX.js                             0.09 kB │ gzip:   0.11 kB
#26 203.7 web:build: build/client/assets/project-settings-main-lPGSGToX.js                             0.09 kB │ gzip:   0.11 kB
#26 203.7 web:build: build/client/assets/register-client-loader-xWEKSQnX.js                            0.09 kB │ gzip:   0.11 kB
#26 203.7 web:build: build/client/assets/register-main-lPGSGToX.js                                     0.09 kB │ gzip:   0.11 kB
#26 203.7 web:build: build/client/assets/sign-in-main-lPGSGToX.js                                      0.09 kB │ gzip:   0.11 kB
#26 203.7 web:build: build/client/assets/signin-main-lPGSGToX.js                                       0.09 kB │ gzip:   0.11 kB
#26 203.7 web:build: build/client/assets/workspace-account-settings-main-lPGSGToX.js                   0.09 kB │ gzip:   0.11 kB
#26 203.7 web:build: build/client/assets/channel-JH_XcATr.js                                           0.11 kB │ gzip:   0.12 kB
#26 203.7 web:build: build/client/assets/maintenance-mode-light-BmDKMAL-.js                            0.11 kB │ gzip:   0.10 kB
#26 203.7 web:build: build/client/assets/api-tokens-client-loader-C1hNtfAy.js                          0.11 kB │ gzip:   0.13 kB
#26 203.7 web:build: build/client/assets/utils-DZWqaKBe.js                                             0.11 kB │ gzip:   0.11 kB
#26 203.7 web:build: build/client/assets/pie-WAS4IAKB-BC4927wn.js                                      0.12 kB │ gzip:   0.12 kB
#26 203.7 web:build: build/client/assets/info-A6RAGUB7-CsUHndYq.js                                     0.12 kB │ gzip:   0.12 kB
#26 203.7 web:build: build/client/assets/radar-RG4KPBEZ-e9apK7rT.js                                    0.12 kB │ gzip:   0.12 kB
#26 203.7 web:build: build/client/assets/packet-AYTQ26CC-BKYEdiKl.js                                   0.12 kB │ gzip:   0.12 kB
#26 203.7 web:build: build/client/assets/cynefin-OW5HDTMX-CFa17g1E.js                                  0.12 kB │ gzip:   0.13 kB
#26 203.7 web:build: build/client/assets/startOfMonth-S5NKPkSc.js                                      0.12 kB │ gzip:   0.12 kB
#26 203.7 web:build: build/client/assets/treemap-WGGIJYW6-BZ8aoWIt.js                                  0.12 kB │ gzip:   0.13 kB
#26 203.7 web:build: build/client/assets/wardley-WFR3VGLG-KeD1fAY7.js                                  0.12 kB │ gzip:   0.13 kB
#26 203.7 web:build: build/client/assets/gitGraph-4MIJSDKK-Kg6Ije_r.js                                 0.12 kB │ gzip:   0.13 kB
#26 203.7 web:build: build/client/assets/railroad-74A4TZTK-B2H0d1tH.js                                 0.12 kB │ gzip:   0.13 kB
#26 203.7 web:build: build/client/assets/treeView-Q6P3EWNA-IT4ELC2L.js                                 0.12 kB │ gzip:   0.13 kB
#26 203.7 web:build: build/client/assets/railroad-peg-WCYAUIDC-DFQgBXFU.js                             0.13 kB │ gzip:   0.13 kB
#26 203.7 web:build: build/client/assets/architecture-7GRP2DOG-BFuQ8XLt.js                             0.13 kB │ gzip:   0.13 kB
#26 203.7 web:build: build/client/assets/railroad-abnf-HS5TGJTU-nTLCETGn.js                            0.13 kB │ gzip:   0.13 kB
#26 203.7 web:build: build/client/assets/railroad-ebnf-LZEXJU2U-BGZ5cckd.js                            0.13 kB │ gzip:   0.13 kB
#26 203.7 web:build: build/client/assets/eventmodeling-NTZA5JFV-B43X0APo.js                            0.13 kB │ gzip:   0.13 kB
#26 203.7 web:build: build/client/assets/analytics-client-loader-CN6VNZTs.js                           0.14 kB │ gzip:   0.15 kB
#26 203.7 web:build: build/client/assets/module-CBmDK-r8.js                                            0.15 kB │ gzip:   0.14 kB
#26 203.7 web:build: build/client/assets/module-CqkBiNVo.js                                            0.15 kB │ gzip:   0.12 kB
#26 203.7 web:build: build/client/assets/module-DHnxYUVF.js                                            0.15 kB │ gzip:   0.14 kB
#26 203.7 web:build: build/client/assets/module-CvIFK8hH.js                                            0.15 kB │ gzip:   0.13 kB
#26 203.7 web:build: build/client/assets/chunk-Y2CYZVJY-DsF7k-Jl.js                                    0.15 kB │ gzip:   0.14 kB
#26 203.7 web:build: build/client/assets/module-B-SuAtWZ.js                                            0.15 kB │ gzip:   0.13 kB
#26 203.7 web:build: build/client/assets/module-Cch3xccA.js                                            0.15 kB │ gzip:   0.13 kB
#26 203.7 web:build: build/client/assets/module-BB6BeQ68.js                                            0.15 kB │ gzip:   0.14 kB
#26 203.7 web:build: build/client/assets/module-CuXx-xao.js                                            0.15 kB │ gzip:   0.13 kB
#26 203.7 web:build: build/client/assets/module-BNvGDGhS.js                                            0.16 kB │ gzip:   0.14 kB
#26 203.7 web:build: build/client/assets/circle-minus-EhcvTF52.js                                      0.16 kB │ gzip:   0.15 kB
#26 203.7 web:build: build/client/assets/inbox-client-loader-BoM7ZM3R.js                               0.16 kB │ gzip:   0.16 kB
#26 203.7 web:build: build/client/assets/module-cHoMoKfV.js                                            0.16 kB │ gzip:   0.13 kB
#26 203.7 web:build: build/client/assets/useRegisteredLabelId-3A3RikFD.js                              0.16 kB │ gzip:   0.16 kB
#26 203.7 web:build: build/client/assets/module-B18kWWd5.js                                            0.16 kB │ gzip:   0.14 kB
#26 203.7 web:build: build/client/assets/module-Bcix-__k.js                                            0.16 kB │ gzip:   0.14 kB
#26 203.7 web:build: build/client/assets/triangle-CmIE6M3F.js                                          0.16 kB │ gzip:   0.16 kB
#26 203.7 web:build: build/client/assets/module-DdInhj06.js                                            0.17 kB │ gzip:   0.14 kB
#26 203.7 web:build: build/client/assets/module-ZoQofTpt.js                                            0.17 kB │ gzip:   0.14 kB
#26 203.7 web:build: build/client/assets/module-CLBRp3xt.js                                            0.17 kB │ gzip:   0.15 kB
#26 203.7 web:build: build/client/assets/module-DwXKbgcy.js                                            0.17 kB │ gzip:   0.15 kB
#26 203.7 web:build: build/client/assets/module-CUaw4_9p.js                                            0.19 kB │ gzip:   0.16 kB
#26 203.7 web:build: build/client/assets/chunk-2Q5K7J3B-C1jixKkw.js                                    0.19 kB │ gzip:   0.16 kB
#26 203.7 web:build: build/client/assets/project-settings-client-loader-QVAfTyz0.js                    0.19 kB │ gzip:   0.18 kB
#26 203.7 web:build: build/client/assets/module-CSM4Xl7u.js                                            0.19 kB │ gzip:   0.15 kB
#26 203.7 web:build: build/client/assets/visuallyHidden-CrYY0HH5.js                                    0.19 kB │ gzip:   0.16 kB
#26 203.7 web:build: build/client/assets/profile-settings-client-loader-CPWXHqwM.js                    0.19 kB │ gzip:   0.18 kB
#26 203.7 web:build: build/client/assets/workspace-account-settings-client-loader-CPWXHqwM.js          0.19 kB │ gzip:   0.18 kB
#26 203.7 web:build: build/client/assets/layout--5fx15nZ.js                                            0.20 kB │ gzip:   0.17 kB
#26 203.7 web:build: build/client/assets/page-COmXhze1.js                                              0.20 kB │ gzip:   0.16 kB
#26 203.7 web:build: build/client/assets/page-zlntPKDL.js                                              0.20 kB │ gzip:   0.16 kB
#26 203.7 web:build: build/client/assets/layout-CF8SdLVu.js                                            0.20 kB │ gzip:   0.18 kB
#26 203.7 web:build: build/client/assets/module-D3Tjczhe.js                                            0.20 kB │ gzip:   0.16 kB
#26 203.7 web:build: build/client/assets/use-debounce-DO59IlOX.js                                      0.20 kB │ gzip:   0.17 kB
#26 203.7 web:build: build/client/assets/module-CRES8QCi.js                                            0.21 kB │ gzip:   0.17 kB
#26 203.7 web:build: build/client/assets/layout-CI7yOz_s.js                                            0.21 kB │ gzip:   0.18 kB
#26 203.7 web:build: build/client/assets/layout-CsLcaya9.js                                            0.21 kB │ gzip:   0.18 kB
#26 203.7 web:build: build/client/assets/page-CHIJzO7K.js                                              0.21 kB │ gzip:   0.17 kB
#26 203.7 web:build: build/client/assets/layout-DItcU2K2.js                                            0.22 kB │ gzip:   0.19 kB
#26 203.7 web:build: build/client/assets/layout-CCA4k0xO.js                                            0.22 kB │ gzip:   0.19 kB
#26 203.7 web:build: build/client/assets/layout-CWZV6d64.js                                            0.22 kB │ gzip:   0.19 kB
#26 203.7 web:build: build/client/assets/chunk-JWPE2WC7-DVXcaiue.js                                    0.22 kB │ gzip:   0.17 kB
#26 203.7 web:build: build/client/assets/layout-a97FNuMa.js                                            0.22 kB │ gzip:   0.18 kB
#26 203.7 web:build: build/client/assets/menu-D0842Rz7.js                                              0.23 kB │ gzip:   0.16 kB
#26 203.7 web:build: build/client/assets/page-title-DndTR95_.js                                        0.23 kB │ gzip:   0.20 kB
#26 203.7 web:build: build/client/assets/use-current-time-a9VRNjVW.js                                  0.23 kB │ gzip:   0.18 kB
#26 203.7 web:build: build/client/assets/use-timer-DI2Xo2Lu.js                                         0.23 kB │ gzip:   0.19 kB
#26 203.7 web:build: build/client/assets/page-DwGcU9yr.js                                              0.23 kB │ gzip:   0.19 kB
#26 203.7 web:build: build/client/assets/DirectionContext-BOLGn-2P.js                                  0.23 kB │ gzip:   0.20 kB
#26 203.7 web:build: build/client/assets/circle-alert-BGDpneRW.js                                      0.23 kB │ gzip:   0.18 kB
#26 203.7 web:build: build/client/assets/layout-ChG6Qu1B.js                                            0.24 kB │ gzip:   0.18 kB
#26 203.7 web:build: build/client/assets/use-label-DhYYMNfj.js                                         0.24 kB │ gzip:   0.20 kB
#26 203.7 web:build: build/client/assets/use-platform-os-ToyVFevK.js                                   0.24 kB │ gzip:   0.19 kB
#26 203.7 web:build: build/client/assets/use-app-theme-Bzz_uNdU.js                                     0.24 kB │ gzip:   0.21 kB
#26 203.7 web:build: build/client/assets/use-instance-B1QGul1r.js                                      0.25 kB │ gzip:   0.21 kB
#26 203.7 web:build: build/client/assets/use-member-CZ366oDN.js                                        0.25 kB │ gzip:   0.21 kB
#26 203.7 web:build: build/client/assets/use-favorite-CbbKTU08.js                                      0.25 kB │ gzip:   0.21 kB
#26 203.7 web:build: build/client/assets/use-project-state-DW7Mguby.js                                 0.25 kB │ gzip:   0.21 kB
#26 203.7 web:build: build/client/assets/use-cycle-filter-B4ZSG4A1.js                                  0.25 kB │ gzip:   0.20 kB
#26 203.7 web:build: build/client/assets/use-project-view-TWosW70U.js                                  0.25 kB │ gzip:   0.21 kB
#26 203.7 web:build: build/client/assets/use-workspace-DTQljAra.js                                     0.25 kB │ gzip:   0.21 kB
#26 203.7 web:build: build/client/assets/layout-Bbb1KEuH.js                                            0.25 kB │ gzip:   0.21 kB
#26 203.7 web:build: build/client/assets/use-project-inbox-kCXK_ZMM.js                                 0.25 kB │ gzip:   0.21 kB
#26 203.7 web:build: build/client/assets/eraser-W5GPIXfs.js                                            0.25 kB │ gzip:   0.21 kB
#26 203.7 web:build: build/client/assets/use-project-o8HVEr9F.js                                       0.26 kB │ gzip:   0.21 kB
#26 203.7 web:build: build/client/assets/chunk-XXDRQBXY-C87K8CNC.js                                    0.26 kB │ gzip:   0.22 kB
#26 203.7 web:build: build/client/assets/use-command-palette-CuIL-9O7.js                               0.26 kB │ gzip:   0.21 kB
#26 203.7 web:build: build/client/assets/link-u7a_Efkn.js                                              0.26 kB │ gzip:   0.20 kB
#26 203.7 web:build: build/client/assets/use-work-item-filters-ChaFe7uY.js                             0.26 kB │ gzip:   0.21 kB
#26 203.7 web:build: build/client/assets/default-layout-CSZcv6av.js                                    0.27 kB │ gzip:   0.21 kB
#26 203.7 web:build: build/client/assets/use-project-filter-OGXmePVv.js                                0.27 kB │ gzip:   0.22 kB
#26 203.7 web:build: build/client/assets/use-intersection-observer-BTzYGjbD.js                         0.28 kB │ gzip:   0.23 kB
#26 203.7 web:build: build/client/assets/use-keypress-B8Fmplqc.js                                      0.30 kB │ gzip:   0.22 kB
#26 203.7 web:build: build/client/assets/use-dropdown-key-down-5xvQXi1L.js                             0.30 kB │ gzip:   0.24 kB
#26 203.7 web:build: build/client/assets/chunk-CLGD4ZFX-iEEENGEX.js                                    0.32 kB │ gzip:   0.25 kB
#26 203.7 web:build: build/client/assets/use-window-size-BmJQVK6_.js                                   0.32 kB │ gzip:   0.21 kB
#26 203.7 web:build: build/client/assets/common-BSGcNlww.js                                            0.32 kB │ gzip:   0.23 kB
#26 203.7 web:build: build/client/assets/layout-DI2FYb3v.js                                            0.32 kB │ gzip:   0.24 kB
#26 203.7 web:build: build/client/assets/content-wrapper-CueAb99R.js                                   0.33 kB │ gzip:   0.21 kB
#26 203.7 web:build: build/client/assets/use-issue-detail-CGhZTw9O.js                                  0.34 kB │ gzip:   0.25 kB
#26 203.7 web:build: build/client/assets/minus-outline-BSlyjtER.js                                     0.34 kB │ gzip:   0.27 kB
#26 203.7 web:build: build/client/assets/count-chip-DNMHbgEb.js                                        0.35 kB │ gzip:   0.26 kB
#26 203.7 web:build: build/client/assets/chunk-5VM5RSS4-ZNzvKenW.js                                    0.36 kB │ gzip:   0.27 kB
#26 203.7 web:build: build/client/assets/init-Cs1-1e_z.js                                              0.36 kB │ gzip:   0.17 kB
#26 203.7 web:build: build/client/assets/use-module-C_TuzoVW.js                                        0.37 kB │ gzip:   0.22 kB
#26 203.7 web:build: build/client/assets/project-network-icon-Dz3OVd77.js                              0.38 kB │ gzip:   0.27 kB
#26 203.7 web:build: build/client/assets/chevron-down-outline--z2hUWZQ.js                              0.38 kB │ gzip:   0.29 kB
#26 203.7 web:build: build/client/assets/chevron-left-outline-BjhSuIZn.js                              0.39 kB │ gzip:   0.29 kB
#26 203.7 web:build: build/client/assets/chevron-up-outline-DB_1A31r.js                                0.39 kB │ gzip:   0.29 kB
#26 203.7 web:build: build/client/assets/tick-outline-MVlKFTkU.js                                      0.40 kB │ gzip:   0.30 kB
#26 203.7 web:build: build/client/assets/shadowDom-TNVW3ped.js                                         0.40 kB │ gzip:   0.27 kB
#26 203.7 web:build: build/client/assets/layout-DnvPM2EA.js                                            0.40 kB │ gzip:   0.28 kB
#26 203.7 web:build: build/client/assets/chevron-right-outline-DXRDwCd_.js                             0.41 kB │ gzip:   0.29 kB
#26 203.7 web:build: build/client/assets/page-client-loader-DfkU2CKa.js                                0.41 kB │ gzip:   0.30 kB
#26 203.7 web:build: build/client/assets/layout-DmGZbCsv.js                                            0.42 kB │ gzip:   0.26 kB
#26 203.7 web:build: build/client/assets/layout-dr3rlHQo.js                                            0.42 kB │ gzip:   0.26 kB
#26 203.7 web:build: build/client/assets/layout-K47G42x1.js                                            0.42 kB │ gzip:   0.26 kB
#26 203.7 web:build: build/client/assets/jsx-runtime-CsebpYib.js                                       0.42 kB │ gzip:   0.30 kB
#26 203.7 web:build: build/client/assets/sidebar-toggle-button-QX2lFcU2.js                             0.42 kB │ gzip:   0.29 kB
#26 203.7 web:build: build/client/assets/arrow-narrow-left-outline-CoiG6Crp.js                         0.42 kB │ gzip:   0.31 kB
#26 203.7 web:build: build/client/assets/add-outline-D5-aPz64.js                                       0.43 kB │ gzip:   0.30 kB
#26 203.7 web:build: build/client/assets/upgrade-badge-BNBaMHt5.js                                     0.43 kB │ gzip:   0.30 kB
#26 203.7 web:build: build/client/assets/globe-DUjjeAsL.js                                             0.43 kB │ gzip:   0.28 kB
#26 203.7 web:build: build/client/assets/layout-D0xiybVw.js                                            0.43 kB │ gzip:   0.26 kB
#26 203.7 web:build: build/client/assets/layout-gNK1PYA3.js                                            0.43 kB │ gzip:   0.26 kB
#26 203.7 web:build: build/client/assets/filter-outline-BLs1n8oJ.js                                    0.44 kB │ gzip:   0.28 kB
#26 203.7 web:build: build/client/assets/arrow-narrow-right-outline-D9_BA9ZE.js                        0.45 kB │ gzip:   0.31 kB
#26 203.7 web:build: build/client/assets/top-arrow-outline-DVgPyfPM.js                                 0.45 kB │ gzip:   0.32 kB
#26 203.7 web:build: build/client/assets/notifications-CnZzCPpS.js                                     0.45 kB │ gzip:   0.26 kB
#26 203.7 web:build: build/client/assets/search-outline-9Yl36Y6V.js                                    0.45 kB │ gzip:   0.33 kB
#26 203.7 web:build: build/client/assets/close-outline-BuouqItR.js                                     0.46 kB │ gzip:   0.33 kB
#26 203.7 web:build: build/client/assets/close-outline-D16giIxf.js                                     0.46 kB │ gzip:   0.33 kB
#26 203.7 web:build: build/client/assets/logo-spinner-7CzQlLmW.js                                      0.46 kB │ gzip:   0.32 kB
#26 203.7 web:build: build/client/assets/page-k1RGnpDA.js                                              0.47 kB │ gzip:   0.29 kB
#26 203.7 web:build: build/client/assets/export-outline-Cn6xTEwx.js                                    0.48 kB │ gzip:   0.32 kB
#26 203.7 web:build: build/client/assets/cycles-outline-0m2K03oK.js                                    0.49 kB │ gzip:   0.34 kB
#26 203.7 web:build: build/client/assets/clock-outline-B5tGD_r4.js                                     0.50 kB │ gzip:   0.35 kB
#26 203.7 web:build: build/client/assets/page-Da0vrwzw.js                                              0.51 kB │ gzip:   0.31 kB
#26 203.7 web:build: build/client/assets/tick-circle-outline-DpbIl1cI.js                               0.51 kB │ gzip:   0.34 kB
#26 203.7 web:build: build/client/assets/state-outline-BHosN_Yy.js                                     0.51 kB │ gzip:   0.34 kB
#26 203.7 web:build: build/client/assets/heading-C2WFaGZ-.js                                           0.52 kB │ gzip:   0.30 kB
#26 203.7 web:build: build/client/assets/info-outline-D1WVlrYH.js                                      0.52 kB │ gzip:   0.35 kB
#26 203.7 web:build: build/client/assets/warning-circle-outline-Bu19BM02.js                            0.53 kB │ gzip:   0.35 kB
#26 203.7 web:build: build/client/assets/codeowners-C8r90Shi.js                                        0.54 kB │ gzip:   0.31 kB
#26 203.7 web:build: build/client/assets/control-item-Buf_XKnP.js                                      0.54 kB │ gzip:   0.31 kB
#26 203.7 web:build: build/client/assets/useTimeout-CKB_sRym.js                                        0.54 kB │ gzip:   0.31 kB
#26 203.7 web:build: build/client/assets/layout-BX7cazF1.js                                            0.54 kB │ gzip:   0.37 kB
#26 203.7 web:build: build/client/assets/arrow-collapse-outline-8x2LrfoW.js                            0.55 kB │ gzip:   0.35 kB
#26 203.7 web:build: build/client/assets/plus-circle-outline-CNCd_ted.js                               0.55 kB │ gzip:   0.36 kB
#26 203.7 web:build: build/client/assets/circle-dashed-BFclvT3e.js                                     0.56 kB │ gzip:   0.28 kB
#26 203.7 web:build: build/client/assets/header-DbyHx2jP.js                                            0.57 kB │ gzip:   0.29 kB
#26 203.7 web:build: build/client/assets/navigation-BqCLVay2.js                                        0.57 kB │ gzip:   0.33 kB
#26 203.7 web:build: build/client/assets/navigation-DsEcaPnM.js                                        0.57 kB │ gzip:   0.44 kB
#26 203.7 web:build: build/client/assets/chunk-POPQ4Y6H-CVcviUD_.js                                    0.57 kB │ gzip:   0.40 kB
#26 203.7 web:build: build/client/assets/navigation-ClIMaUBq.js                                        0.58 kB │ gzip:   0.36 kB
#26 203.7 web:build: build/client/assets/store-D8a37GxW.js                                             0.58 kB │ gzip:   0.34 kB
#26 203.7 web:build: build/client/assets/navigation-s6a8rjUD.js                                        0.58 kB │ gzip:   0.45 kB
#26 203.7 web:build: build/client/assets/close-circle-outline-DvRKw7wk.js                              0.59 kB │ gzip:   0.37 kB
#26 203.7 web:build: build/client/assets/navigation-DUAfbkEx.js                                        0.59 kB │ gzip:   0.35 kB
#26 203.7 web:build: build/client/assets/attach-outline-BX_GY1dz.js                                    0.59 kB │ gzip:   0.38 kB
#26 203.7 web:build: build/client/assets/navigation-DT5O4Z06.js                                        0.60 kB │ gzip:   0.40 kB
#26 203.7 web:build: build/client/assets/flowDiagram-HODETNUW-DOYaw_49.js                              0.61 kB │ gzip:   0.33 kB
#26 203.7 web:build: build/client/assets/navigation-DtYXdE2H.js                                        0.61 kB │ gzip:   0.38 kB
#26 203.7 web:build: build/client/assets/sort-descending-outline-DxRm6iZk.js                           0.61 kB │ gzip:   0.35 kB
#26 203.7 web:build: build/client/assets/idle-task-Bq64-0cO.js                                         0.61 kB │ gzip:   0.29 kB
#26 203.7 web:build: build/client/assets/logo-DZIQL_25.js                                              0.61 kB │ gzip:   0.42 kB
#26 203.7 web:build: build/client/assets/history-outline-BXzBXWB5.js                                   0.62 kB │ gzip:   0.40 kB
#26 203.7 web:build: build/client/assets/navigation-BZYqrf-W.js                                        0.62 kB │ gzip:   0.42 kB
#26 203.7 web:build: build/client/assets/estimates-uyhUtV-0.js                                         0.62 kB │ gzip:   0.30 kB
#26 203.7 web:build: build/client/assets/heading-Cy6rvG1m.js                                           0.62 kB │ gzip:   0.34 kB
#26 203.7 web:build: build/client/assets/navigation-Du-1i_qK.js                                        0.62 kB │ gzip:   0.43 kB
#26 203.7 web:build: build/client/assets/stale-asset-error-D1NDWPum.js                                 0.62 kB │ gzip:   0.40 kB
#26 203.7 web:build: build/client/assets/navigation-DWVC0oVz.js                                        0.62 kB │ gzip:   0.39 kB
#26 203.7 web:build: build/client/assets/page-RW6vaxKo.js                                              0.62 kB │ gzip:   0.39 kB
#26 203.7 web:build: build/client/assets/navigation-C7YqBTdQ.js                                        0.63 kB │ gzip:   0.43 kB
#26 203.7 web:build: build/client/assets/navigation-DfwLdwcN.js                                        0.63 kB │ gzip:   0.43 kB
#26 203.7 web:build: build/client/assets/table-2-DEFJgAKe.js                                           0.63 kB │ gzip:   0.37 kB
#26 203.7 web:build: build/client/assets/navigation-B8IM1-1L.js                                        0.64 kB │ gzip:   0.42 kB
#26 203.7 web:build: build/client/assets/navigation-D2aoAdRE.js                                        0.64 kB │ gzip:   0.39 kB
#26 203.7 web:build: build/client/assets/navigation-BSXINBHD.js                                        0.64 kB │ gzip:   0.47 kB
#26 203.7 web:build: build/client/assets/dist-Btb1DefK.js                                              0.64 kB │ gzip:   0.39 kB
#26 203.7 web:build: build/client/assets/navigation-lWodteL8.js                                        0.64 kB │ gzip:   0.41 kB
#26 203.7 web:build: build/client/assets/layout-PuDVAOJu.js                                            0.65 kB │ gzip:   0.34 kB
#26 203.7 web:build: build/client/assets/boxed-control-item-C8gNrL-X.js                                0.65 kB │ gzip:   0.37 kB
#26 203.7 web:build: build/client/assets/infoDiagram-27XIBGKW-FBabkT2n.js                              0.65 kB │ gzip:   0.42 kB
#26 203.7 web:build: build/client/assets/layout-CcIe6Cox.js                                            0.65 kB │ gzip:   0.34 kB
#26 203.7 web:build: build/client/assets/useValueChanged-BTGMFUe6.js                                   0.66 kB │ gzip:   0.42 kB
#26 203.7 web:build: build/client/assets/user-DDZiQmsb.js                                              0.67 kB │ gzip:   0.26 kB
#26 203.7 web:build: build/client/assets/switcher-label-G_QUtiaj.js                                    0.68 kB │ gzip:   0.40 kB
#26 203.7 web:build: build/client/assets/use-issue-peek-overview-redirection-Bnky9Oo9.js               0.69 kB │ gzip:   0.42 kB
#26 203.7 web:build: build/client/assets/classname-BokbBhj4-NeaFK4vA.js                                0.69 kB │ gzip:   0.41 kB
#26 203.7 web:build: build/client/assets/user-outline-fznkQjue.js                                      0.69 kB │ gzip:   0.44 kB
#26 203.7 web:build: build/client/assets/defineProperty-BbfpZ9Tg.js                                    0.70 kB │ gzip:   0.39 kB
#26 203.7 web:build: build/client/assets/navigation-q8E9nnQX.js                                        0.70 kB │ gzip:   0.49 kB
#26 203.7 web:build: build/client/assets/placement-Db9Qu3XD-9fOd2hDl.js                                0.70 kB │ gzip:   0.22 kB
#26 203.7 web:build: build/client/assets/page-Oo5MzF5I.js                                              0.71 kB │ gzip:   0.42 kB
#26 203.7 web:build: build/client/assets/shellsession-CNqoud9i.js                                      0.71 kB │ gzip:   0.43 kB
#26 203.7 web:build: build/client/assets/page-2-ztFQXd.js                                              0.71 kB │ gzip:   0.43 kB
#26 203.7 web:build: build/client/assets/sort-ascending-outline-CO_0gwtJ.js                            0.72 kB │ gzip:   0.39 kB
#26 203.7 web:build: build/client/assets/tsv-sltzmVWM.js                                               0.73 kB │ gzip:   0.33 kB
#26 203.7 web:build: build/client/assets/navigation-97ZehB03.js                                        0.74 kB │ gzip:   0.52 kB
#26 203.7 web:build: build/client/assets/preferences-outline-DgzOOJb0.js                               0.74 kB │ gzip:   0.37 kB
#26 203.7 web:build: build/client/assets/store-wrapper-Ca7bFrQ5.js                                     0.76 kB │ gzip:   0.46 kB
#26 203.7 web:build: build/client/assets/user-plus-outline-twsOjSmR.js                                 0.76 kB │ gzip:   0.44 kB
#26 203.7 web:build: build/client/assets/globe-outline-DAsB_YeN.js                                     0.76 kB │ gzip:   0.41 kB
#26 203.7 web:build: build/client/assets/use-local-storage-BwDeE-2I.js                                 0.76 kB │ gzip:   0.37 kB
#26 203.7 web:build: build/client/assets/use-reload-confirmation-DWcfMHkn.js                           0.77 kB │ gzip:   0.45 kB
#26 203.7 web:build: build/client/assets/more-horizontal-outline-DVOAXGV5.js                           0.77 kB │ gzip:   0.38 kB
#26 203.7 web:build: build/client/assets/more-vertical-outline-DMTeQLHl.js                             0.77 kB │ gzip:   0.33 kB
#26 203.7 web:build: build/client/assets/text-outline-71YmKtHI.js                                      0.77 kB │ gzip:   0.46 kB
#26 203.7 web:build: build/client/assets/use-workspace-issue-properties-Daw8fSJU.js                    0.77 kB │ gzip:   0.32 kB
#26 203.7 web:build: build/client/assets/classDiagram-ZZMXUADV-b2S3w8CU.js                             0.78 kB │ gzip:   0.45 kB
#26 203.8 web:build: build/client/assets/classDiagram-v2-VYDZK3BY-b2S3w8CU.js                          0.78 kB │ gzip:   0.45 kB
#26 203.8 web:build: build/client/assets/simple-empty-state-root-BfIAbufB.js                           0.78 kB │ gzip:   0.44 kB
#26 203.8 web:build: build/client/assets/stateDiagram-v2-MP3YSRHH-CvOqZe4v.js                          0.78 kB │ gzip:   0.45 kB
#26 203.8 web:build: build/client/assets/navigation-Dx9tK-qf.js                                        0.79 kB │ gzip:   0.51 kB
#26 203.8 web:build: build/client/assets/view-list-loader-BbdU-GDe.js                                  0.79 kB │ gzip:   0.33 kB
#26 203.8 web:build: build/client/assets/refresh-outline-BN8NOQH1.js                                   0.79 kB │ gzip:   0.48 kB
#26 203.8 web:build: build/client/assets/item-D0YFTWE1.js                                              0.81 kB │ gzip:   0.47 kB
#26 203.8 web:build: build/client/assets/shim-GXWFP1xC.js                                              0.82 kB │ gzip:   0.44 kB
#26 203.8 web:build: build/client/assets/navigation-CQ5CgCod.js                                        0.83 kB │ gzip:   0.52 kB
#26 203.8 web:build: build/client/assets/use-timeline-chart-BSWLEr1D.js                                0.83 kB │ gzip:   0.40 kB
#26 203.8 web:build: build/client/assets/edit-outline-CktuMefr.js                                      0.83 kB │ gzip:   0.52 kB
#26 203.8 web:build: build/client/assets/layout-CA8h7G2c.js                                            0.84 kB │ gzip:   0.43 kB
#26 203.8 web:build: build/client/assets/html-derivative-XVVVELDI.js                                   0.84 kB │ gzip:   0.45 kB
#26 203.8 web:build: build/client/assets/swimlanesDiagram-VR7AAH4N-aMsRtHGO.js                         0.87 kB │ gzip:   0.49 kB
#26 203.8 web:build: build/client/assets/sizeCapture-INFHLROL-B0uUizjq.js                              0.87 kB │ gzip:   0.51 kB
#26 203.8 web:build: build/client/assets/loading-outline-BMo4GRfN.js                                   0.87 kB │ gzip:   0.45 kB
#26 203.8 web:build: build/client/assets/empty-state-DrqeXBrN.js                                       0.88 kB │ gzip:   0.48 kB
#26 203.8 web:build: build/client/assets/card-BJ9a4xMU-C4FHw9XG.js                                     0.90 kB │ gzip:   0.55 kB
#26 203.8 web:build: build/client/assets/with-selector-DJ_pIAnD.js                                     0.90 kB │ gzip:   0.51 kB
#26 203.8 web:build: build/client/assets/page-header-D_NnYSxL.js                                       0.90 kB │ gzip:   0.48 kB
#26 203.8 web:build: build/client/assets/your-work-outline-Ds6czjaK.js                                 0.91 kB │ gzip:   0.52 kB
#26 203.8 web:build: build/client/assets/layout-CuQIVgY2.js                                            0.91 kB │ gzip:   0.47 kB
#26 203.8 web:build: build/client/assets/views-outline-CnLNesc7.js                                     0.92 kB │ gzip:   0.48 kB
#26 203.8 web:build: build/client/assets/feature-control-item-CBfW-_Zm.js                              0.93 kB │ gzip:   0.55 kB
#26 203.8 web:build: build/client/assets/intake-outline-DYPSZVvS.js                                    0.93 kB │ gzip:   0.57 kB
#26 203.8 web:build: build/client/assets/not-authorized-view-CVJ71kw7.js                               0.94 kB │ gzip:   0.56 kB
#26 203.8 web:build: build/client/assets/app-header-Cu08qiaG.js                                        0.94 kB │ gzip:   0.52 kB
#26 203.8 web:build: build/client/assets/cycle-DeWIh6z9.js                                             0.94 kB │ gzip:   0.39 kB
#26 203.8 web:build: build/client/assets/delete-view-modal-Cna0jL7C.js                                 0.95 kB │ gzip:   0.58 kB
#26 203.8 web:build: build/client/assets/estimate-outline-md1UPQY6.js                                  0.95 kB │ gzip:   0.58 kB
#26 203.8 web:build: build/client/assets/timezone-select-DbtKJl1f.js                                   0.96 kB │ gzip:   0.55 kB
#26 203.8 web:build: build/client/assets/object-assign-CSu7rNLz.js                                     0.97 kB │ gzip:   0.55 kB
#26 203.8 web:build: build/client/assets/cycle-B5PS1b5t.js                                             0.97 kB │ gzip:   0.33 kB
#26 203.8 web:build: build/client/assets/auth-banner-DOCPF6f_.js                                       0.98 kB │ gzip:   0.52 kB
#26 203.8 web:build: build/client/assets/quick-action-BBeJq3TN.js                                      0.98 kB │ gzip:   0.54 kB
#26 203.8 web:build: build/client/assets/navigation-BOup1Hr4.js                                        0.98 kB │ gzip:   0.50 kB
#26 203.8 web:build: build/client/assets/git-rebase-ByXPFkFV.js                                        0.98 kB │ gzip:   0.44 kB
#26 203.8 web:build: build/client/assets/page-main-DDNfytVf.js                                         0.99 kB │ gzip:   0.52 kB
#26 203.8 web:build: build/client/assets/qmldir-DCQb3MpD.js                                            0.99 kB │ gzip:   0.44 kB
#26 203.8 web:build: build/client/assets/cycle-dvriEX0g.js                                             0.99 kB │ gzip:   0.48 kB
#26 203.8 web:build: build/client/assets/archives-sC_Rm0IP.js                                          1.00 kB │ gzip:   0.59 kB
#26 203.8 web:build: build/client/assets/cycle-DxkYXGor.js                                             1.01 kB │ gzip:   0.44 kB
#26 203.8 web:build: build/client/assets/cycle-D5t8Y-7W.js                                             1.02 kB │ gzip:   0.46 kB
#26 203.8 web:build: build/client/assets/download-outline-DHZCeI5D.js                                  1.02 kB │ gzip:   0.57 kB
#26 203.8 web:build: build/client/assets/cycle-CfQe845I.js                                             1.02 kB │ gzip:   0.46 kB
#26 203.8 web:build: build/client/assets/share-alt-outline-HW16WbzL.js                                 1.03 kB │ gzip:   0.57 kB
#26 203.8 web:build: build/client/assets/log-out-outline-BKurlDIA.js                                   1.04 kB │ gzip:   0.58 kB
#26 203.8 web:build: build/client/assets/set-custom-native-drag-preview-DS8zfUTx.js                    1.04 kB │ gzip:   0.59 kB
#26 203.8 web:build: build/client/assets/avatar-group-overflow-B4M-OZso.js                             1.05 kB │ gzip:   0.58 kB
#26 203.8 web:build: build/client/assets/drafts-outline-DdNLh8C8.js                                    1.06 kB │ gzip:   0.63 kB
#26 203.8 web:build: build/client/assets/accessibility-D4EXqEnb.js                                     1.07 kB │ gzip:   0.43 kB
#26 203.8 web:build: build/client/assets/warning-triangle-outline-C1cA1fGu.js                          1.08 kB │ gzip:   0.64 kB
#26 203.8 web:build: build/client/assets/unsubscribe-outline-CoNhCP6k.js                               1.09 kB │ gzip:   0.64 kB
#26 203.8 web:build: build/client/assets/page-Dt5zPgrX.js                                              1.09 kB │ gzip:   0.59 kB
#26 203.8 web:build: build/client/assets/accessibility-BQcIZjYx.js                                     1.09 kB │ gzip:   0.47 kB
#26 203.8 web:build: build/client/assets/cycle-CyvzUTW7.js                                             1.10 kB │ gzip:   0.41 kB
#26 203.8 web:build: build/client/assets/accessibility-B8UHxxw1.js                                     1.10 kB │ gzip:   0.57 kB
#26 203.8 web:build: build/client/assets/accessibility-BLUhcc8y.js                                     1.11 kB │ gzip:   0.58 kB
#26 203.8 web:build: build/client/assets/cycle-DiwsS6oM.js                                             1.11 kB │ gzip:   0.39 kB
#26 203.8 web:build: build/client/assets/delete-outline-BSIgHtLI.js                                    1.12 kB │ gzip:   0.64 kB
#26 203.8 web:build: build/client/assets/cycle-DF493Btw.js                                             1.12 kB │ gzip:   0.49 kB
#26 203.8 web:build: build/client/assets/update-C8w1XOVM.js                                            1.13 kB │ gzip:   0.48 kB
#26 203.8 web:build: build/client/assets/cycle-D7vs53Oo.js                                             1.13 kB │ gzip:   0.42 kB
#26 203.8 web:build: build/client/assets/update-CjAZ4z4G.js                                            1.13 kB │ gzip:   0.48 kB
#26 203.8 web:build: build/client/assets/csv-Dx-8-gkx.js                                               1.13 kB │ gzip:   0.36 kB
#26 203.8 web:build: build/client/assets/legal-page-layout-UT6JwmIA.js                                 1.13 kB │ gzip:   0.51 kB
#26 203.8 web:build: build/client/assets/subscribe-outline-vw6uutfb.js                                 1.14 kB │ gzip:   0.66 kB
#26 203.8 web:build: build/client/assets/cycle-DrVqS3NR.js                                             1.14 kB │ gzip:   0.37 kB
#26 203.8 web:build: build/client/assets/project-cP9QzAil.js                                           1.15 kB │ gzip:   0.67 kB
#26 203.8 web:build: build/client/assets/cycle-BLCWoNiO.js                                             1.15 kB │ gzip:   0.37 kB
#26 203.8 web:build: build/client/assets/cycle-B2ZyR9pF.js                                             1.16 kB │ gzip:   0.41 kB
#26 203.8 web:build: build/client/assets/accessibility-NhUQVmjG.js                                     1.17 kB │ gzip:   0.50 kB
#26 203.8 web:build: build/client/assets/cycle-LxEDU9lI.js                                             1.17 kB │ gzip:   0.46 kB
#26 203.8 web:build: build/client/assets/ordinal-BeZAVUpG.js                                           1.18 kB │ gzip:   0.56 kB
#26 203.8 web:build: build/client/assets/notification-B9m_tc1v.js                                      1.19 kB │ gzip:   0.59 kB
#26 203.8 web:build: build/client/assets/drag-drop-outline-D2c544WI.js                                 1.19 kB │ gzip:   0.45 kB
#26 203.8 web:build: build/client/assets/preload-helper-zJ_50EbN.js                                    1.19 kB │ gzip:   0.68 kB
#26 203.8 web:build: build/client/assets/accessibility-DgBZYeJ0.js                                     1.19 kB │ gzip:   0.51 kB
#26 203.8 web:build: build/client/assets/notification-C7-pa3Tg.js                                      1.19 kB │ gzip:   0.49 kB
#26 203.8 web:build: build/client/assets/use-timezone-Ce-1-_ut.js                                      1.19 kB │ gzip:   0.67 kB
#26 203.8 web:build: build/client/assets/accessibility-ipHRSZbw.js                                     1.21 kB │ gzip:   0.54 kB
#26 203.8 web:build: build/client/assets/notification-B7BA7R9W.js                                      1.21 kB │ gzip:   0.59 kB
#26 203.8 web:build: build/client/assets/work-items-outline-xl6dZOuk.js                                1.21 kB │ gzip:   0.60 kB
#26 203.8 web:build: build/client/assets/notification-jgmydpsu.js                                      1.22 kB │ gzip:   0.61 kB
#26 203.8 web:build: build/client/assets/accessibility-D-Mt4Scb.js                                     1.22 kB │ gzip:   0.59 kB
#26 203.8 web:build: build/client/assets/show-outline-CyNcZfcU.js                                      1.22 kB │ gzip:   0.69 kB
#26 203.8 web:build: build/client/assets/git-commit-BSykSTBG.js                                        1.22 kB │ gzip:   0.52 kB
#26 203.8 web:build: build/client/assets/accessibility-CnzUlPkz.js                                     1.23 kB │ gzip:   0.59 kB
#26 203.8 web:build: build/client/assets/cycle-d_QSGM59.js                                             1.23 kB │ gzip:   0.43 kB
#26 203.8 web:build: build/client/assets/notification-CBArI57Q.js                                      1.23 kB │ gzip:   0.59 kB
#26 203.8 web:build: build/client/assets/accessibility-Cr2PD2yM.js                                     1.24 kB │ gzip:   0.52 kB
#26 203.8 web:build: build/client/assets/cycle-CMLNxEac.js                                             1.25 kB │ gzip:   0.48 kB
#26 203.8 web:build: build/client/assets/accessibility-BQmUWERD.js                                     1.25 kB │ gzip:   0.53 kB
#26 203.8 web:build: build/client/assets/accessibility-CzmFrBCk.js                                     1.26 kB │ gzip:   0.56 kB
#26 203.8 web:build: build/client/assets/notification-Dxoprgql.js                                      1.26 kB │ gzip:   0.57 kB
#26 203.8 web:build: build/client/assets/members-outline-aNP6KWOE.js                                   1.26 kB │ gzip:   0.67 kB
#26 203.8 web:build: build/client/assets/notification-CxnFVmWu.js                                      1.27 kB │ gzip:   0.63 kB
#26 203.8 web:build: build/client/assets/accessibility-CR_KmoJP.js                                     1.28 kB │ gzip:   0.54 kB
#26 203.8 web:build: build/client/assets/spreadsheet.service-zlOOR5Gj.js                               1.28 kB │ gzip:   0.46 kB
#26 203.8 web:build: build/client/assets/accessibility-CNFqTqc1.js                                     1.28 kB │ gzip:   0.56 kB
#26 203.8 web:build: build/client/assets/accessibility-DCWBpQfM.js                                     1.28 kB │ gzip:   0.57 kB
#26 203.8 web:build: build/client/assets/not-found-BG10JiIF.js                                         1.29 kB │ gzip:   0.67 kB
#26 203.8 web:build: build/client/assets/modal-BlVsnFYD.js                                             1.29 kB │ gzip:   0.66 kB
#26 203.8 web:build: build/client/assets/cycle-Br4_kFbg.js                                             1.30 kB │ gzip:   0.49 kB
#26 203.8 web:build: build/client/assets/new-tab-outline-BO0CqHkA.js                                   1.31 kB │ gzip:   0.72 kB
#26 203.8 web:build: build/client/assets/update-Bs0CYcQG.js                                            1.31 kB │ gzip:   0.42 kB
#26 203.8 web:build: build/client/assets/update-CSsa5wh_.js                                            1.31 kB │ gzip:   0.42 kB
#26 203.8 web:build: build/client/assets/accessibility-DrP5yOuM.js                                     1.32 kB │ gzip:   0.55 kB
#26 203.8 web:build: build/client/assets/notification-Cf_dwYO-.js                                      1.32 kB │ gzip:   0.56 kB
#26 203.8 web:build: build/client/assets/breadcrumb-link-Dm8OWw_7.js                                   1.33 kB │ gzip:   0.65 kB
#26 203.8 web:build: build/client/assets/page-ucVOaLVD.js                                              1.34 kB │ gzip:   0.72 kB
#26 203.8 web:build: build/client/assets/update-iA32HFHc.js                                            1.34 kB │ gzip:   0.42 kB
#26 203.8 web:build: build/client/assets/notification-Cc0LF_0s.js                                      1.36 kB │ gzip:   0.59 kB
#26 203.8 web:build: build/client/assets/xsl-BfYUpXHD.js                                               1.36 kB │ gzip:   0.50 kB
#26 203.8 web:build: build/client/assets/editor-C8d3c6f1.js                                            1.36 kB │ gzip:   0.88 kB
#26 203.8 web:build: build/client/assets/editor-D9uKlQNP.js                                            1.36 kB │ gzip:   0.72 kB
#26 203.8 web:build: build/client/assets/stickies-ClHcN2yG.js                                          1.36 kB │ gzip:   0.61 kB
#26 203.8 web:build: build/client/assets/notification-D-HP9dIZ.js                                      1.37 kB │ gzip:   0.60 kB
#26 203.8 web:build: build/client/assets/editor-Dz__fgJl.js                                            1.37 kB │ gzip:   0.88 kB
#26 203.8 web:build: build/client/assets/hide-outline-vFiOAjLQ.js                                      1.37 kB │ gzip:   0.79 kB
#26 203.8 web:build: build/client/assets/item-icon-T9QxD4UX.js                                         1.38 kB │ gzip:   0.76 kB
#26 203.8 web:build: build/client/assets/right-side-pane-outline-0uanZKjy.js                           1.38 kB │ gzip:   0.71 kB
#26 203.8 web:build: build/client/assets/left-side-pane-outline-OrvzV43x.js                            1.38 kB │ gzip:   0.72 kB
#26 203.8 web:build: build/client/assets/layout-CRHhgcBJ2.js                                           1.38 kB │ gzip:   0.62 kB
#26 203.8 web:build: build/client/assets/notification-DV3pkMeg.js                                      1.38 kB │ gzip:   0.58 kB
#26 203.8 web:build: build/client/assets/layout-B33Z3ACL2.js                                           1.39 kB │ gzip:   0.69 kB
#26 203.8 web:build: build/client/assets/stickies-BOopgToa.js                                          1.40 kB │ gzip:   0.64 kB
#26 203.8 web:build: build/client/assets/notification-C2NymONr.js                                      1.40 kB │ gzip:   0.54 kB
#26 203.8 web:build: build/client/assets/stickies-BD412TOZ.js                                          1.40 kB │ gzip:   0.62 kB
#26 203.8 web:build: build/client/assets/editor-CjJvmzeg.js                                            1.41 kB │ gzip:   0.71 kB
#26 203.8 web:build: build/client/assets/editor-D55xgWbP.js                                            1.41 kB │ gzip:   0.71 kB
#26 203.8 web:build: build/client/assets/dotenv-_5a1GRtc.js                                            1.41 kB │ gzip:   0.52 kB
#26 203.8 web:build: build/client/assets/chunk-GVQU2GXP-DWazOrsj.js                                    1.41 kB │ gzip:   0.79 kB
#26 203.8 web:build: build/client/assets/update-CnPj348P.js                                            1.42 kB │ gzip:   0.49 kB
#26 203.8 web:build: build/client/assets/notification-B_rPo2wZ.js                                      1.43 kB │ gzip:   0.58 kB
#26 203.8 web:build: build/client/assets/stickies-DLZST_b8.js                                          1.43 kB │ gzip:   0.75 kB
#26 203.8 web:build: build/client/assets/lock-outline-Bhcw13TW.js                                      1.43 kB │ gzip:   0.76 kB
#26 203.8 web:build: build/client/assets/update-Dd9QvDnX.js                                            1.44 kB │ gzip:   0.49 kB
#26 203.8 web:build: build/client/assets/update-LhyR9QJh.js                                            1.44 kB │ gzip:   0.47 kB
#26 203.8 web:build: build/client/assets/update-BfrENPvc.js                                            1.44 kB │ gzip:   0.47 kB
#26 203.8 web:build: build/client/assets/update-C6IA3k25.js                                            1.45 kB │ gzip:   0.47 kB
#26 203.8 web:build: build/client/assets/stickies-EYuu1GDb.js                                          1.45 kB │ gzip:   0.74 kB
#26 203.8 web:build: build/client/assets/cycle-DR2rymXL.js                                             1.45 kB │ gzip:   0.59 kB
#26 203.8 web:build: build/client/assets/stickies-DHGGcv1S.js                                          1.45 kB │ gzip:   0.61 kB
#26 203.8 web:build: build/client/assets/notification-SbuGAHCn.js                                      1.46 kB │ gzip:   0.61 kB
#26 203.8 web:build: build/client/assets/sparql-D_iOobhT.js                                            1.47 kB │ gzip:   0.81 kB
#26 203.8 web:build: build/client/assets/update-DmPqVTRS.js                                            1.47 kB │ gzip:   0.49 kB
#26 203.8 web:build: build/client/assets/notification-BFc03mUq.js                                      1.48 kB │ gzip:   0.66 kB
#26 203.8 web:build: build/client/assets/detailed-empty-state-root-TYP5hunS.js                         1.49 kB │ gzip:   0.71 kB
#26 203.8 web:build: build/client/assets/accessibility-yEraC9NC.js                                     1.49 kB │ gzip:   0.64 kB
#26 203.8 web:build: build/client/assets/update-CCLJ_fJo.js                                            1.50 kB │ gzip:   0.48 kB
#26 203.8 web:build: build/client/assets/archive-outline-CQLUVPfv.js                                   1.50 kB │ gzip:   0.79 kB
#26 203.8 web:build: build/client/assets/editor-CLwEiGz0.js                                            1.50 kB │ gzip:   0.78 kB
#26 203.8 web:build: build/client/assets/ini-B5eOa1yu.js                                               1.51 kB │ gzip:   0.49 kB
#26 203.8 web:build: build/client/assets/notification-6Oqa1k0M.js                                      1.52 kB │ gzip:   0.67 kB
#26 203.8 web:build: build/client/assets/star-outline-B8U6eBvv.js                                      1.52 kB │ gzip:   0.83 kB
#26 203.8 web:build: build/client/assets/calendar-outline-DAnycZqb.js                                  1.53 kB │ gzip:   0.80 kB
#26 203.8 web:build: build/client/assets/editor-CeIv_70r.js                                            1.53 kB │ gzip:   0.80 kB
#26 203.8 web:build: build/client/assets/sidebar-item-DNnFUoJT.js                                      1.53 kB │ gzip:   0.66 kB
#26 203.8 web:build: build/client/assets/band-CcbG6rPL.js                                              1.53 kB │ gzip:   0.66 kB
#26 203.8 web:build: build/client/assets/analytics-outline-TSbC0nm5.js                                 1.53 kB │ gzip:   0.75 kB
#26 203.8 web:build: build/client/assets/editor-Bh_GAXPM.js                                            1.53 kB │ gzip:   0.78 kB
#26 203.8 web:build: build/client/assets/editor-DJ2FH1dc.js                                            1.53 kB │ gzip:   0.87 kB
#26 203.8 web:build: build/client/assets/update-ChLrr9fs.js                                            1.54 kB │ gzip:   0.48 kB
#26 203.8 web:build: build/client/assets/labels-outline-oiaDSpHT.js                                    1.54 kB │ gzip:   0.86 kB
#26 203.8 web:build: build/client/assets/editor-CsclI_l7.js                                            1.55 kB │ gzip:   0.84 kB
#26 203.8 web:build: build/client/assets/update-C3Jt3B0_.js                                            1.55 kB │ gzip:   0.51 kB
#26 203.8 web:build: build/client/assets/stickies-BAsQSArt.js                                          1.56 kB │ gzip:   0.63 kB
#26 203.8 web:build: build/client/assets/update-BUEafTml.js                                            1.56 kB │ gzip:   0.50 kB
#26 203.8 web:build: build/client/assets/full-screen-outline-DXz6Odiv.js                               1.56 kB │ gzip:   0.72 kB
#26 203.8 web:build: build/client/assets/editor-1TMSTfmz.js                                            1.56 kB │ gzip:   0.86 kB
#26 203.8 web:build: build/client/assets/editor-Dls9mXQz.js                                            1.57 kB │ gzip:   0.81 kB
#26 203.8 web:build: build/client/assets/chat-outline-BuuFSA_R.js                                      1.58 kB │ gzip:   0.85 kB
#26 203.8 web:build: build/client/assets/createLucideIcon-BYvbaT6r.js                                  1.58 kB │ gzip:   0.88 kB
#26 203.8 web:build: build/client/assets/editor-De5TxNi3.js                                            1.59 kB │ gzip:   0.87 kB
#26 203.8 web:build: build/client/assets/editor-CYBhW5_V.js                                            1.60 kB │ gzip:   0.87 kB
#26 203.8 web:build: build/client/assets/issue-identifier-CD9HnsO1.js                                  1.61 kB │ gzip:   0.83 kB
#26 203.8 web:build: build/client/assets/editor-B02bGHct.js                                            1.63 kB │ gzip:   0.86 kB
#26 203.8 web:build: build/client/assets/stickies-4F7kLiLw.js                                          1.63 kB │ gzip:   0.68 kB
#26 203.8 web:build: build/client/assets/tenfold-clipart-005-jtT7GxYl.js                               1.64 kB │ gzip:   0.75 kB
#26 203.8 web:build: build/client/assets/inbox-outline-CSnpwSu8.js                                     1.64 kB │ gzip:   0.91 kB
#26 203.8 web:build: build/client/assets/notification-BgWacxht.js                                      1.64 kB │ gzip:   0.66 kB
#26 203.8 web:build: build/client/assets/header-BHavRSaP.js                                            1.64 kB │ gzip:   0.83 kB
#26 203.8 web:build: build/client/assets/cycle-BmdOrFeq.js                                             1.64 kB │ gzip:   0.59 kB
#26 203.8 web:build: build/client/assets/editor-CsyWhYw0.js                                            1.64 kB │ gzip:   0.85 kB
#26 203.8 web:build: build/client/assets/editor-K-zlyR8a.js                                            1.65 kB │ gzip:   0.96 kB
#26 203.8 web:build: build/client/assets/update-BptTTuGs.js                                            1.65 kB │ gzip:   0.55 kB
#26 203.8 web:build: build/client/assets/update-BIZQAU3t.js                                            1.66 kB │ gzip:   0.53 kB
#26 203.8 web:build: build/client/assets/fortran-fixed-form-DEKoE2YW.js                                1.66 kB │ gzip:   0.68 kB
#26 203.8 web:build: build/client/assets/railroadDiagram-O6MQD6OU-BPbswrUt.js                          1.67 kB │ gzip:   0.77 kB
#26 203.8 web:build: build/client/assets/update-B1F3qxUG.js                                            1.67 kB │ gzip:   0.54 kB
#26 203.8 web:build: build/client/assets/restore-outline-C_oJzKrJ.js                                   1.68 kB │ gzip:   0.88 kB
#26 203.8 web:build: build/client/assets/use-issues-5p-sxNYB.js                                        1.69 kB │ gzip:   0.52 kB
#26 203.8 web:build: build/client/assets/stickies-Cd_MpKOS.js                                          1.69 kB │ gzip:   0.71 kB
#26 203.8 web:build: build/client/assets/inbox-CyXjmfio.js                                             1.69 kB │ gzip:   0.68 kB
#26 203.8 web:build: build/client/assets/page-HwaaQS4v2.js                                             1.71 kB │ gzip:   0.86 kB
#26 203.8 web:build: build/client/assets/editor-xMRfWQKg.js                                            1.72 kB │ gzip:   0.95 kB
#26 203.8 web:build: build/client/assets/table-C8DJ91oo.js                                             1.72 kB │ gzip:   0.58 kB
#26 203.8 web:build: build/client/assets/accessibility-BuaoyyHR.js                                     1.73 kB │ gzip:   0.67 kB
#26 203.8 web:build: build/client/assets/docker-IyjqRm3v.js                                            1.73 kB │ gzip:   0.59 kB
#26 203.8 web:build: build/client/assets/inbox-BGoYM5RD.js                                             1.73 kB │ gzip:   0.83 kB
#26 203.8 web:build: build/client/assets/banner-D3LC5vrX.js                                            1.73 kB │ gzip:   0.91 kB
#26 203.8 web:build: build/client/assets/hxml-B0Qn7Nwc.js                                              1.74 kB │ gzip:   0.87 kB
#26 203.8 web:build: build/client/assets/stickies-DXkko7pj.js                                          1.75 kB │ gzip:   0.73 kB
#26 203.8 web:build: build/client/assets/accessibility-S0A2pM7w.js                                     1.75 kB │ gzip:   0.68 kB
#26 203.8 web:build: build/client/assets/pages-outline-DFtt_kCD.js                                     1.75 kB │ gzip:   0.94 kB
#26 203.8 web:build: build/client/assets/stickies-xezFSRlG.js                                          1.76 kB │ gzip:   0.69 kB
#26 203.8 web:build: build/client/assets/notification-0D78fylh.js                                      1.77 kB │ gzip:   0.73 kB
#26 203.8 web:build: build/client/assets/nav-BY-LQBvS.js                                               1.78 kB │ gzip:   0.91 kB
#26 203.8 web:build: build/client/assets/bar-outline-B_WEgFlg.js                                       1.78 kB │ gzip:   0.80 kB
#26 203.8 web:build: build/client/assets/inbox-BdSBIQGa.js                                             1.79 kB │ gzip:   0.84 kB
#26 203.8 web:build: build/client/assets/cycle-_hsDpoFZ.js                                             1.81 kB │ gzip:   0.56 kB
#26 203.8 web:build: build/client/assets/stickies-BWp1zEGf.js                                          1.81 kB │ gzip:   0.69 kB
#26 203.8 web:build: build/client/assets/stickies-zxCdHD6X.js                                          1.81 kB │ gzip:   0.66 kB
#26 203.8 web:build: build/client/assets/useButton-C91HIWmu.js                                         1.81 kB │ gzip:   0.91 kB
#26 203.8 web:build: build/client/assets/layout-BsGPS8-w.js                                            1.81 kB │ gzip:   0.89 kB
#26 203.8 web:build: build/client/assets/settings-outline-CxpnsXng.js                                  1.81 kB │ gzip:   0.86 kB
#26 203.8 web:build: build/client/assets/desktop-Dlh5hvp9.js                                           1.82 kB │ gzip:   0.75 kB
#26 203.8 web:build: build/client/assets/home-outline-Dnb7EgqE.js                                      1.82 kB │ gzip:   0.96 kB
#26 203.8 web:build: build/client/assets/search-BBfm18iK.js                                            1.83 kB │ gzip:   0.98 kB
#26 203.8 web:build: build/client/assets/inbox-CzSbXCuf.js                                             1.83 kB │ gzip:   0.73 kB
#26 203.8 web:build: build/client/assets/rocket-outline-hMKrZUdP.js                                    1.84 kB │ gzip:   1.01 kB
#26 203.8 web:build: build/client/assets/abnfDiagram-VCTEODGH-CTZ3dsyg.js                              1.85 kB │ gzip:   0.90 kB
#26 203.8 web:build: build/client/assets/dist-C2l0gVnB.js                                              1.86 kB │ gzip:   0.82 kB
#26 203.8 web:build: build/client/assets/stickies-_TRS2pEo.js                                          1.86 kB │ gzip:   0.72 kB
#26 203.8 web:build: build/client/assets/stickies-CXZ7apo0.js                                          1.87 kB │ gzip:   0.79 kB
#26 203.8 web:build: build/client/assets/editor-8uPv90T0.js                                            1.88 kB │ gzip:   1.01 kB
#26 203.8 web:build: build/client/assets/update-CbRXisSh.js                                            1.89 kB │ gzip:   0.57 kB
#26 203.8 web:build: build/client/assets/page-Bcj_rzFb.js                                              1.90 kB │ gzip:   0.87 kB
#26 203.8 web:build: build/client/assets/page-DzuXf8fq2.js                                             1.91 kB │ gzip:   0.87 kB
#26 203.8 web:build: [plugin builtin:vite-reporter] 
#26 203.8 web:build: (!) Some chunks are larger than 500 kB after minification. Consider:
#26 203.8 web:build: - Using dynamic import() to code-split the application
#26 203.8 web:build: - Use build.rolldownOptions.output.codeSplitting to improve chunking: https://rolldown.rs/reference/OutputOptions.codeSplitting
#26 203.8 web:build: - Adjust chunk size limit for this warning via build.chunkSizeWarningLimit.
#26 203.9 web:build: build/client/assets/page-KG5IeWPD.js                                              1.91 kB │ gzip:   0.87 kB
#26 203.9 web:build: build/client/assets/inbox-Cbnl-aS7.js                                             1.91 kB │ gzip:   0.80 kB
#26 203.9 web:build: build/client/assets/layout-VopHVJTw.js                                            1.91 kB │ gzip:   0.82 kB
#26 203.9 web:build: build/client/assets/page-DVivtqRa2.js                                             1.91 kB │ gzip:   0.87 kB
#26 203.9 web:build: build/client/assets/page-RZveidlt2.js                                             1.92 kB │ gzip:   0.87 kB
#26 204.0 web:build: build/client/assets/layout-pYJJo1LI.js                                            1.92 kB │ gzip:   1.00 kB
#26 204.0 web:build: build/client/assets/stickies-D2nrXJGB.js                                          1.92 kB │ gzip:   0.82 kB
#26 204.0 web:build: build/client/assets/stickies-Bg8J5S7L.js                                          1.94 kB │ gzip:   0.74 kB
#26 204.0 web:build: build/client/assets/chunk-P2QGCYS3-BLaSqtN_.js                                    1.94 kB │ gzip:   0.95 kB
#26 204.0 web:build: build/client/assets/group-outline-CpRxL6dM.js                                     1.95 kB │ gzip:   0.79 kB
#26 204.0 web:build: build/client/assets/tabs-CzO8Zh6z.js                                              1.95 kB │ gzip:   0.86 kB
#26 204.0 web:build: build/client/assets/inbox-ComAIQ3F.js                                             1.95 kB │ gzip:   0.82 kB
#26 204.0 web:build: build/client/assets/stickies-COKdzQ12.js                                          1.96 kB │ gzip:   0.80 kB
#26 204.0 web:build: build/client/assets/chunk-F27PBJKO-DkKs43kG.js                                    1.97 kB │ gzip:   0.88 kB
#26 204.0 web:build: build/client/assets/inbox-BKRXQltC.js                                             1.97 kB │ gzip:   0.86 kB
#26 204.0 web:build: build/client/assets/list-layout-loader-6njJ4YKa.js                                1.97 kB │ gzip:   0.74 kB
#26 204.0 web:build: build/client/assets/home-CbmHN0It.js                                              1.98 kB │ gzip:   1.16 kB
#26 204.0 web:build: build/client/assets/inbox-B34C7Je0.js                                             1.98 kB │ gzip:   0.79 kB
#26 204.0 web:build: build/client/assets/mentions-BM_ZFhEY.js                                          1.99 kB │ gzip:   0.99 kB
#26 204.0 web:build: build/client/assets/home-DznqmMiT.js                                              1.99 kB │ gzip:   0.94 kB
#26 204.0 web:build: build/client/assets/pegDiagram-XKGWAZYB-C4KLKJ4K.js                               2.01 kB │ gzip:   0.94 kB
#26 204.0 web:build: build/client/assets/copy-outline-CcnHPvQR.js                                      2.01 kB │ gzip:   1.00 kB
#26 204.0 web:build: build/client/assets/inbox-D4dXh12P.js                                             2.01 kB │ gzip:   0.77 kB
#26 204.0 web:build: build/client/assets/inbox-B7NrK4yx.js                                             2.02 kB │ gzip:   0.83 kB
#26 204.0 web:build: build/client/assets/inbox-1vO_HSZF.js                                             2.02 kB │ gzip:   0.84 kB
#26 204.0 web:build: build/client/assets/page-DylPIIQO.js                                              2.02 kB │ gzip:   1.06 kB
#26 204.0 web:build: build/client/assets/notification-B1iKTLvc.js                                      2.02 kB │ gzip:   0.77 kB
#26 204.0 web:build: build/client/assets/header-CHpZV-gT.js                                            2.02 kB │ gzip:   0.97 kB
#26 204.0 web:build: build/client/assets/delete-issue-modal-k6QGCzW1.js                                2.03 kB │ gzip:   1.07 kB
#26 204.0 web:build: build/client/assets/home-DrP0GoER.js                                              2.04 kB │ gzip:   1.18 kB
#26 204.0 web:build: build/client/assets/filters-toggle-NnuHwz_j.js                                    2.04 kB │ gzip:   0.99 kB
#26 204.0 web:build: build/client/assets/inbox-CXVoxsYS.js                                             2.05 kB │ gzip:   0.89 kB
#26 204.0 web:build: build/client/assets/list-Cx_HYnB8.js                                              2.06 kB │ gzip:   0.91 kB
#26 204.0 web:build: build/client/assets/ebnfDiagram-PWID7BFC-DwQlvj17.js                              2.07 kB │ gzip:   0.89 kB
#26 204.0 web:build: build/client/assets/home-C9Lgq3pX.js                                              2.10 kB │ gzip:   0.98 kB
#26 204.0 web:build: build/client/assets/projects-outline-NYzaVVEp.js                                  2.11 kB │ gzip:   1.09 kB
#26 204.0 web:build: build/client/assets/inbox-B_YbFchw.js                                             2.12 kB │ gzip:   0.77 kB
#26 204.0 web:build: build/client/assets/inbox-CwZXCT-7.js                                             2.12 kB │ gzip:   0.79 kB
#26 204.0 web:build: build/client/assets/dist-DRwGzcj6.js                                              2.13 kB │ gzip:   0.98 kB
#26 204.0 web:build: build/client/assets/erb-DODaqbp1.js                                               2.13 kB │ gzip:   0.62 kB
#26 204.0 web:build: build/client/assets/wenyan-C8pVoKbM.js                                            2.15 kB │ gzip:   1.08 kB
#26 204.0 web:build: build/client/assets/home-TJ8b8-e-.js                                              2.17 kB │ gzip:   1.03 kB
#26 204.0 web:build: build/client/assets/page-CYU9iNfv.js                                              2.17 kB │ gzip:   0.98 kB
#26 204.0 web:build: build/client/assets/inbox-BWlEr0sU.js                                             2.19 kB │ gzip:   0.83 kB
#26 204.0 web:build: build/client/assets/home-Cv3rrnsh.js                                              2.19 kB │ gzip:   1.15 kB
#26 204.0 web:build: build/client/assets/editor-M5eH8WNJ.js                                            2.20 kB │ gzip:   1.07 kB
#26 204.0 web:build: build/client/assets/home-fJdaOPRY.js                                              2.21 kB │ gzip:   1.14 kB
#26 204.0 web:build: build/client/assets/icon-button-CocVoBAt.js                                       2.21 kB │ gzip:   0.81 kB
#26 204.0 web:build: build/client/assets/home-CmlRYo28.js                                              2.21 kB │ gzip:   1.16 kB
#26 204.0 web:build: build/client/assets/inbox-Cz_NVkRG.js                                             2.21 kB │ gzip:   0.90 kB
#26 204.0 web:build: build/client/assets/home-BhjFvhuS.js                                              2.21 kB │ gzip:   1.05 kB
#26 204.0 web:build: build/client/assets/home-CD58KrrL.js                                              2.21 kB │ gzip:   1.06 kB
#26 204.0 web:build: build/client/assets/editor-sGPtM-Uv.js                                            2.22 kB │ gzip:   1.09 kB
#26 204.0 web:build: build/client/assets/jssm-DXw9l8Rf.js                                              2.23 kB │ gzip:   0.61 kB
#26 204.0 web:build: build/client/assets/home-Btoy6BFS.js                                              2.23 kB │ gzip:   1.15 kB
#26 204.0 web:build: build/client/assets/home-ByA440WL.js                                              2.26 kB │ gzip:   1.12 kB
#26 204.0 web:build: build/client/assets/authentication-wrapper-DHHYDUw6.js                            2.28 kB │ gzip:   0.98 kB
#26 204.0 web:build: build/client/assets/update-iyaPkiRF.js                                            2.28 kB │ gzip:   0.65 kB
#26 204.0 web:build: build/client/assets/stickies-DD4JejTI.js                                          2.29 kB │ gzip:   0.86 kB
#26 204.0 web:build: build/client/assets/edge-C_Kw06iH.js                                              2.30 kB │ gzip:   0.67 kB
#26 204.0 web:build: build/client/assets/home-Dy8bBDEt.js                                              2.31 kB │ gzip:   1.10 kB
#26 204.0 web:build: build/client/assets/reg-CRGYupPL.js                                               2.33 kB │ gzip:   0.69 kB
#26 204.0 web:build: build/client/assets/inbox-Cwge4mjU.js                                             2.35 kB │ gzip:   0.91 kB
#26 204.0 web:build: build/client/assets/page-BSBmCdaC.js                                              2.35 kB │ gzip:   1.12 kB
#26 204.0 web:build: build/client/assets/page-Iq87XgFL.js                                              2.37 kB │ gzip:   1.12 kB
#26 204.0 web:build: build/client/assets/home-19ejGelt.js                                              2.42 kB │ gzip:   1.13 kB
#26 204.0 web:build: build/client/assets/accessibility-BLs6FtkI.js                                     2.43 kB │ gzip:   0.68 kB
#26 204.0 web:build: build/client/assets/useRegisterFieldControl-CwTpoHJ-.js                           2.44 kB │ gzip:   1.16 kB
#26 204.0 web:build: build/client/assets/home-CWzZvCqh.js                                              2.45 kB │ gzip:   1.18 kB
#26 204.0 web:build: build/client/assets/button-CjcOirFK-BFchzV37.js                                   2.45 kB │ gzip:   0.91 kB
#26 204.0 web:build: build/client/assets/multiple-sticky-outline-DOZzLd12.js                           2.47 kB │ gzip:   0.88 kB
#26 204.0 web:build: build/client/assets/page-BzfPLo7e.js                                              2.47 kB │ gzip:   1.24 kB
#26 204.0 web:build: build/client/assets/useButton-CrwGjMuF.js                                         2.48 kB │ gzip:   1.13 kB
#26 204.0 web:build: build/client/assets/page-Bk9qz-Bv.js                                              2.50 kB │ gzip:   1.16 kB
#26 204.0 web:build: build/client/assets/workflow-Dh9iyg3x.js                                          2.51 kB │ gzip:   1.00 kB
#26 204.0 web:build: build/client/assets/page-B-qqsVU5.js                                              2.51 kB │ gzip:   0.96 kB
#26 204.0 web:build: build/client/assets/page-BzMZlBLz.js                                              2.54 kB │ gzip:   0.92 kB
#26 204.0 web:build: build/client/assets/diff-woXpYk--.js                                              2.56 kB │ gzip:   0.68 kB
#26 204.0 web:build: build/client/assets/gleam-CSRkHgEL.js                                             2.57 kB │ gzip:   0.81 kB
#26 204.0 web:build: build/client/assets/module-outline-BMZLPnS6.js                                    2.60 kB │ gzip:   0.95 kB
#26 204.0 web:build: build/client/assets/use-editor-flagging-CsPz3k2Q.js                               2.61 kB │ gzip:   1.19 kB
#26 204.0 web:build: build/client/assets/page-DdalYyGz2.js                                             2.62 kB │ gzip:   1.22 kB
#26 204.0 web:build: build/client/assets/tree-item-BjdNFPrh.js                                         2.62 kB │ gzip:   1.07 kB
#26 204.0 web:build: build/client/assets/page-C2Z-01cy.js                                              2.63 kB │ gzip:   1.02 kB
#26 204.0 web:build: build/client/assets/hy-CZbG8q4J.js                                                2.64 kB │ gzip:   1.17 kB
#26 204.0 web:build: build/client/assets/workflow-Dwi8rDk3.js                                          2.65 kB │ gzip:   1.04 kB
#26 204.0 web:build: build/client/assets/workflow-BatDgCt6.js                                          2.66 kB │ gzip:   0.89 kB
#26 204.0 web:build: build/client/assets/workflow-Ew7VFxDI.js                                          2.66 kB │ gzip:   0.89 kB
#26 204.0 web:build: build/client/assets/home-DiUaQetM.js                                              2.69 kB │ gzip:   1.26 kB
#26 204.0 web:build: build/client/assets/created-by-Df6W0qnH.js                                        2.69 kB │ gzip:   1.14 kB
#26 204.0 web:build: build/client/assets/page-CVUaxNls.js                                              2.70 kB │ gzip:   1.05 kB
#26 204.0 web:build: build/client/assets/quick-actions-helper-DMjWjsc9.js                              2.70 kB │ gzip:   0.87 kB
#26 204.0 web:build: build/client/assets/page-BJgS1H5Z.js                                              2.71 kB │ gzip:   1.08 kB
#26 204.0 web:build: build/client/assets/page-EbCyRKDJ.js                                              2.71 kB │ gzip:   1.09 kB
#26 204.0 web:build: build/client/assets/page-B1dFOgm5.js                                              2.72 kB │ gzip:   1.10 kB
#26 204.0 web:build: build/client/assets/page-Cyd7YAwP.js                                              2.74 kB │ gzip:   1.06 kB
#26 204.0 web:build: build/client/assets/issue-detail-quick-actions-DNfV7OFv.js                        2.74 kB │ gzip:   1.18 kB
#26 204.0 web:build: build/client/assets/notification-BwqraDHd.js                                      2.77 kB │ gzip:   0.71 kB
#26 204.0 web:build: build/client/assets/page-CoFQ8F40.js                                              2.77 kB │ gzip:   1.07 kB
#26 204.0 web:build: build/client/assets/page-DNnhT77q.js                                              2.78 kB │ gzip:   1.07 kB
#26 204.0 web:build: build/client/assets/home-CnQzXAVR.js                                              2.79 kB │ gzip:   1.33 kB
#26 204.0 web:build: build/client/assets/openscad-BUDT5pXO.js                                          2.81 kB │ gzip:   1.00 kB
#26 204.0 web:build: build/client/assets/page-mXzuG_Al.js                                              2.82 kB │ gzip:   1.08 kB
#26 204.0 web:build: build/client/assets/page-CKScVs8i.js                                              2.83 kB │ gzip:   1.08 kB
#26 204.0 web:build: build/client/assets/log-BNLmms1o.js                                               2.84 kB │ gzip:   0.89 kB
#26 204.0 web:build: build/client/assets/inbox-XAeVgV7H.js                                             2.84 kB │ gzip:   1.00 kB
#26 204.0 web:build: build/client/assets/layout-DTqDkCiH.js                                            2.86 kB │ gzip:   1.21 kB
#26 204.0 web:build: build/client/assets/json-fq9vObTd.js                                              2.87 kB │ gzip:   0.82 kB
#26 204.0 web:build: build/client/assets/layout-D7RCQBWs2.js                                           2.92 kB │ gzip:   1.27 kB
#26 204.0 web:build: build/client/assets/unlocked-outline-DP6qEP2v.js                                  2.93 kB │ gzip:   0.86 kB
#26 204.0 web:build: build/client/assets/cairo-DLTphjLi.js                                             2.93 kB │ gzip:   0.80 kB
#26 204.0 web:build: build/client/assets/page-Dwt4QfuJ.js                                              2.93 kB │ gzip:   1.16 kB
#26 204.0 web:build: build/client/assets/layout-DIty9HpH.js                                            2.94 kB │ gzip:   1.21 kB
#26 204.0 web:build: build/client/assets/inbox--pqPOLiJ.js                                             2.94 kB │ gzip:   1.02 kB
#26 204.0 web:build: build/client/assets/workflow-BUoU7ZzI.js                                          2.95 kB │ gzip:   0.94 kB
#26 204.0 web:build: build/client/assets/preferences-DorpIOyg.js                                       2.96 kB │ gzip:   1.14 kB
#26 204.0 web:build: build/client/assets/workflow-Nc8SC44r.js                                          2.98 kB │ gzip:   1.11 kB
#26 204.0 web:build: build/client/assets/page-DwSpmwtd.js                                              2.99 kB │ gzip:   1.18 kB
#26 204.0 web:build: build/client/assets/berry-DKpUyyne.js                                             2.99 kB │ gzip:   0.80 kB
#26 204.0 web:build: build/client/assets/jsonl-CmCQp5Yx.js                                             3.00 kB │ gzip:   0.78 kB
#26 204.0 web:build: build/client/assets/stickies-DqwqRMj9.js                                          3.00 kB │ gzip:   0.88 kB
#26 204.0 web:build: build/client/assets/workflow-DgOrxPAk.js                                          3.01 kB │ gzip:   1.12 kB
#26 204.0 web:build: build/client/assets/workflow-BDLDWeRA.js                                          3.04 kB │ gzip:   1.12 kB
#26 204.0 web:build: build/client/assets/page-NagOKI-k.js                                              3.05 kB │ gzip:   1.37 kB
#26 204.0 web:build: build/client/assets/quick-actions-D9ZMzcV8.js                                     3.06 kB │ gzip:   1.50 kB
#26 204.0 web:build: build/client/assets/avatar-MKkpKmzm.js                                            3.07 kB │ gzip:   1.33 kB
#26 204.0 web:build: build/client/assets/workflow-5cWTcX7m.js                                          3.07 kB │ gzip:   0.99 kB
#26 204.0 web:build: build/client/assets/jsonc-CYpm1nAK.js                                             3.10 kB │ gzip:   0.78 kB
#26 204.0 web:build: build/client/assets/logo-Cluzi2Zq.js                                              3.12 kB │ gzip:   1.46 kB
#26 204.0 web:build: build/client/assets/home-CzGisFD7.js                                              3.13 kB │ gzip:   1.36 kB
#26 204.0 web:build: build/client/assets/page-D5XAIjqV.js                                              3.15 kB │ gzip:   1.38 kB
#26 204.0 web:build: build/client/assets/page-DtN48SQ2.js                                              3.16 kB │ gzip:   1.12 kB
#26 204.0 web:build: build/client/assets/workflow-T9Kc1C_5.js                                          3.17 kB │ gzip:   1.06 kB
#26 204.0 web:build: build/client/assets/workflow-DmuJhhx0.js                                          3.19 kB │ gzip:   1.03 kB
#26 204.0 web:build: build/client/assets/page-D5H5_JMR.js                                              3.20 kB │ gzip:   1.46 kB
#26 204.0 web:build: build/client/assets/workflow-DTNuaXNE.js                                          3.20 kB │ gzip:   1.04 kB
#26 204.0 web:build: build/client/assets/circular-progress-CFYOadVw.js                                 3.22 kB │ gzip:   1.59 kB
#26 204.0 web:build: build/client/assets/po-BiJDBrnU.js                                                3.23 kB │ gzip:   0.90 kB
#26 204.0 web:build: build/client/assets/workflow-BxPw5C6C.js                                          3.23 kB │ gzip:   1.08 kB
#26 204.0 web:build: build/client/assets/json5-BR5RXkoi.js                                             3.24 kB │ gzip:   0.82 kB
#26 204.0 web:build: build/client/assets/mipsasm-BMqwQI7S.js                                           3.25 kB │ gzip:   1.17 kB
#26 204.0 web:build: build/client/assets/page-Dbf4dlpo.js                                              3.25 kB │ gzip:   1.22 kB
#26 204.0 web:build: build/client/assets/workflow-CmwGjn7f.js                                          3.25 kB │ gzip:   1.09 kB
#26 204.0 web:build: build/client/assets/cover-image-C3GWutx7.js                                       3.25 kB │ gzip:   1.48 kB
#26 204.0 web:build: build/client/assets/dist-BzBKfeoz.js                                              3.27 kB │ gzip:   1.45 kB
#26 204.0 web:build: build/client/assets/tasl-DMoTqEGO.js                                              3.28 kB │ gzip:   0.84 kB
#26 204.0 web:build: build/client/assets/home-CBNeUG-X.js                                              3.30 kB │ gzip:   1.43 kB
#26 204.0 web:build: build/client/assets/settings-1oTnovtB.js                                          3.30 kB │ gzip:   1.62 kB
#26 204.0 web:build: build/client/assets/workflow-DnHLfcbb.js                                          3.32 kB │ gzip:   1.09 kB
#26 204.0 web:build: build/client/assets/genie-CV2tkWYe.js                                             3.34 kB │ gzip:   1.20 kB
#26 204.0 web:build: build/client/assets/rel-BtDbiS_P.js                                               3.36 kB │ gzip:   1.10 kB
#26 204.0 web:build: build/client/assets/vala-zf12oZj6.js                                              3.36 kB │ gzip:   1.18 kB
#26 204.0 web:build: build/client/assets/settings-CpN4wDSl.js                                          3.37 kB │ gzip:   1.35 kB
#26 204.0 web:build: build/client/assets/wiki-B62tfS1b.js                                              3.39 kB │ gzip:   1.63 kB
#26 204.0 web:build: build/client/assets/wiki-CUA5sqe5.js                                              3.39 kB │ gzip:   1.62 kB
#26 204.0 web:build: build/client/assets/layout-rJhTAPaw.js                                            3.40 kB │ gzip:   1.45 kB
#26 204.0 web:build: build/client/assets/workflow-0IV0hzcb.js                                          3.40 kB │ gzip:   1.11 kB
#26 204.0 web:build: build/client/assets/settings-3SdCSnK-.js                                          3.42 kB │ gzip:   1.62 kB
#26 204.0 web:build: build/client/assets/splunk-BC2Px7Mm.js                                            3.42 kB │ gzip:   1.51 kB
#26 204.0 web:build: build/client/assets/settings-C2kGG8X2.js                                          3.43 kB │ gzip:   1.54 kB
#26 204.0 web:build: build/client/assets/settings-HVDTV7pp.js                                          3.44 kB │ gzip:   1.53 kB
#26 204.0 web:build: build/client/assets/layout-w-ZnzaZl.js                                            3.44 kB │ gzip:   1.54 kB
#26 204.0 web:build: build/client/assets/arc-D54hGnRg.js                                               3.44 kB │ gzip:   1.46 kB
#26 204.0 web:build: build/client/assets/page-DVTdtNSF2.js                                             3.46 kB │ gzip:   1.42 kB
#26 204.0 web:build: build/client/assets/user-image-upload-modal-ZZlBCPWP.js                           3.46 kB │ gzip:   1.63 kB
#26 204.0 web:build: build/client/assets/settings-D9dTfhuc.js                                          3.47 kB │ gzip:   1.54 kB
#26 204.0 web:build: build/client/assets/use-navigation-preferences-BpMC-5sr.js                        3.51 kB │ gzip:   1.02 kB
#26 204.0 web:build: build/client/assets/hurl-1YRLP4nc.js                                              3.51 kB │ gzip:   1.09 kB
#26 204.0 web:build: build/client/assets/item-icon-Cu73TSGb.js                                         3.51 kB │ gzip:   1.40 kB
#26 204.0 web:build: build/client/assets/page-CdgtUBbD.js                                              3.53 kB │ gzip:   1.57 kB
#26 204.0 web:build: build/client/assets/settings-D_4k_c4W.js                                          3.53 kB │ gzip:   1.43 kB
#26 204.0 web:build: build/client/assets/pill-BwMQI_23.js                                              3.54 kB │ gzip:   1.27 kB
#26 204.0 web:build: build/client/assets/react-dom-B-GjtXnE.js                                         3.54 kB │ gzip:   1.33 kB
#26 204.0 web:build: build/client/assets/workflow-CIebLVFx.js                                          3.54 kB │ gzip:   1.13 kB
#26 204.0 web:build: build/client/assets/page-BNHxLDPL.js                                              3.58 kB │ gzip:   1.42 kB
#26 204.0 web:build: build/client/assets/button-BkXLYesw.js                                            3.58 kB │ gzip:   1.60 kB
#26 204.0 web:build: build/client/assets/project-wrapper-Ah2hJRmM.js                                   3.60 kB │ gzip:   1.39 kB
#26 204.0 web:build: build/client/assets/fluent-C03EYrpw.js                                            3.60 kB │ gzip:   0.89 kB
#26 204.0 web:build: build/client/assets/ssh-config-BgfXC-Er.js                                        3.61 kB │ gzip:   1.59 kB
#26 204.0 web:build: build/client/assets/jsonnet-CJTPZ8u_.js                                           3.61 kB │ gzip:   1.03 kB
#26 204.0 web:build: build/client/assets/kdl-CsD5j6eV.js                                               3.62 kB │ gzip:   1.03 kB
#26 204.0 web:build: build/client/assets/settings-DoR5xAWj.js                                          3.62 kB │ gzip:   1.47 kB
#26 204.0 web:build: build/client/assets/workflow-B37GdfAM.js                                          3.64 kB │ gzip:   1.10 kB
#26 204.0 web:build: build/client/assets/last-Di-iifII.js                                              3.64 kB │ gzip:   1.62 kB
#26 204.0 web:build: build/client/assets/narrat-_X_XdTYD.js                                            3.66 kB │ gzip:   1.09 kB
#26 204.0 web:build: build/client/assets/page-CWf2co6G.js                                              3.67 kB │ gzip:   1.28 kB
#26 204.0 web:build: build/client/assets/wiki-CzI7ECRU.js                                              3.67 kB │ gzip:   1.37 kB
#26 204.0 web:build: build/client/assets/wiki-DbR-_bo4.js                                              3.67 kB │ gzip:   1.37 kB
#26 204.0 web:build: build/client/assets/page-CG9NBSIb2.js                                             3.67 kB │ gzip:   1.62 kB
#26 204.0 web:build: build/client/assets/relates-to-outline-qp_gSw-W.js                                3.68 kB │ gzip:   1.51 kB
#26 204.0 web:build: build/client/assets/glsl-eGr48-Cq.js                                              3.68 kB │ gzip:   1.45 kB
#26 204.0 web:build: build/client/assets/turtle-ByJddavk.js                                            3.69 kB │ gzip:   0.96 kB
#26 204.0 web:build: build/client/assets/use-operations-MVpRAarA.js                                    3.70 kB │ gzip:   1.31 kB
#26 204.0 web:build: build/client/assets/settings-BSQU3AbO.js                                          3.72 kB │ gzip:   1.59 kB
#26 204.0 web:build: build/client/assets/settings-B29muPrg.js                                          3.74 kB │ gzip:   1.52 kB
#26 204.0 web:build: build/client/assets/page-B8Xuys5w.js                                              3.78 kB │ gzip:   1.33 kB
#26 204.0 web:build: build/client/assets/wiki-_JxSmtAp.js                                              3.78 kB │ gzip:   1.43 kB
#26 204.0 web:build: build/client/assets/settings-DIt6VNfz.js                                          3.80 kB │ gzip:   1.55 kB
#26 204.0 web:build: build/client/assets/settings-acryoDrC.js                                          3.82 kB │ gzip:   1.59 kB
#26 204.0 web:build: build/client/assets/settings-D1fguWwl.js                                          3.83 kB │ gzip:   1.68 kB
#26 204.0 web:build: build/client/assets/wiki-C9Mu0g3G.js                                              3.88 kB │ gzip:   1.58 kB
#26 204.0 web:build: build/client/assets/home-CBNMPMHB.js                                              3.88 kB │ gzip:   1.31 kB
#26 204.0 web:build: build/client/assets/zenscript-BnlCZFoB.js                                         3.90 kB │ gzip:   1.28 kB
#26 204.0 web:build: build/client/assets/ron-VUp2lXgN.js                                               3.90 kB │ gzip:   0.97 kB
#26 204.0 web:build: build/client/assets/grid-outline-OF37TOFs.js                                      3.91 kB │ gzip:   1.11 kB
#26 204.0 web:build: build/client/assets/wiki-BkEmvvq-.js                                              3.92 kB │ gzip:   1.59 kB
#26 204.0 web:build: build/client/assets/inbox-B0omNI6L.js                                             3.92 kB │ gzip:   0.95 kB
#26 204.0 web:build: build/client/assets/wiki-f5tbGH3h.js                                              3.92 kB │ gzip:   1.53 kB
#26 204.0 web:build: build/client/assets/gn-ilITqXS6.js                                                3.99 kB │ gzip:   1.47 kB
#26 204.0 web:build: build/client/assets/instance-wrapper-9I6DTLHa.js                                  4.00 kB │ gzip:   1.62 kB
#26 204.0 web:build: build/client/assets/settings-lfbqN20j.js                                          4.01 kB │ gzip:   1.56 kB
#26 204.0 web:build: build/client/assets/wiki-Bu6Q1DFZ.js                                              4.02 kB │ gzip:   1.65 kB
#26 204.0 web:build: build/client/assets/settings-BFqQwKkC.js                                          4.04 kB │ gzip:   1.61 kB
#26 204.0 web:build: build/client/assets/notifications-TuWg91ze.js                                     4.07 kB │ gzip:   1.25 kB
#26 204.0 web:build: build/client/assets/wiki-JrQctgBN.js                                              4.07 kB │ gzip:   1.54 kB
#26 204.0 web:build: build/client/assets/wiki-balVREkt.js                                              4.11 kB │ gzip:   1.54 kB
#26 204.0 web:build: build/client/assets/wiki-BexTJmb1.js                                              4.11 kB │ gzip:   1.64 kB
#26 204.0 web:build: build/client/assets/pascal-4ZHwLPI5.js                                            4.14 kB │ gzip:   1.67 kB
#26 204.0 web:build: build/client/assets/layout-CZ_M7uke.js                                            4.15 kB │ gzip:   1.82 kB
#26 204.0 web:build: build/client/assets/wiki-B7aijnzf.js                                              4.17 kB │ gzip:   1.63 kB
#26 204.0 web:build: build/client/assets/settings-DCJ68NZ5.js                                          4.20 kB │ gzip:   1.71 kB
#26 204.0 web:build: build/client/assets/reset-password-BrTf9FIK.js                                    4.21 kB │ gzip:   1.52 kB
#26 204.0 web:build: build/client/assets/wiki-d_1LHuly.js                                              4.24 kB │ gzip:   1.65 kB
#26 204.0 web:build: build/client/assets/page-BgIc6x0r2.js                                             4.25 kB │ gzip:   1.46 kB
#26 204.0 web:build: build/client/assets/diagram-Z3DM3KII-B2ZaQ-Z-.js                                  4.28 kB │ gzip:   1.84 kB
#26 204.0 web:build: build/client/assets/wiki-CQIqaPDw.js                                              4.31 kB │ gzip:   1.69 kB
#26 204.0 web:build: build/client/assets/wiki-Bu5QPjq8.js                                              4.35 kB │ gzip:   1.63 kB
#26 204.0 web:build: build/client/assets/switch-DH1vGVB0.js                                            4.37 kB │ gzip:   2.03 kB
#26 204.0 web:build: build/client/assets/workflow-D7vW2Wkx.js                                          4.37 kB │ gzip:   1.30 kB
#26 204.0 web:build: build/client/assets/input-BxvxQnWk.js                                             4.39 kB │ gzip:   1.71 kB
#26 204.0 web:build: build/client/assets/http-Dxxp3Y_-.js                                              4.41 kB │ gzip:   1.06 kB
#26 204.0 web:build: build/client/assets/tcl-CZd0xW_V.js                                               4.42 kB │ gzip:   1.50 kB
#26 204.0 web:build: build/client/assets/settings-Lhhh3oHO.js                                          4.45 kB │ gzip:   1.80 kB
#26 204.0 web:build: build/client/assets/wiki-BxwEuEQ9.js                                              4.45 kB │ gzip:   1.72 kB
#26 204.0 web:build: build/client/assets/chunk-TLUHSLCS-DyFJ16FK.js                                    4.46 kB │ gzip:   1.86 kB
#26 204.0 web:build: build/client/assets/defaultLocale-CdYxKmhd.js                                     4.50 kB │ gzip:   2.06 kB
#26 204.0 web:build: build/client/assets/nextflow-Bbiyy34d.js                                          4.50 kB │ gzip:   1.16 kB
#26 204.0 web:build: build/client/assets/rosmsg-CAekHB0j.js                                            4.51 kB │ gzip:   1.05 kB
#26 204.0 web:build: build/client/assets/page-BxXFIoL32.js                                             4.58 kB │ gzip:   1.93 kB
#26 204.0 web:build: build/client/assets/dropdown-D9kbPCmW.js                                          4.58 kB │ gzip:   2.03 kB
#26 204.0 web:build: build/client/assets/entry.client-DvPHvj87.js                                      4.60 kB │ gzip:   1.81 kB
#26 204.0 web:build: build/client/assets/page-BPhy5ZLL.js                                              4.65 kB │ gzip:   2.03 kB
#26 204.0 web:build: build/client/assets/polar-C7UOKdEL.js                                             4.66 kB │ gzip:   1.12 kB
#26 204.0 web:build: build/client/assets/sdbl-bTVj8UrX.js                                              4.69 kB │ gzip:   2.00 kB
#26 204.0 web:build: build/client/assets/bar-chart-Cjo0dXJZ.js                                         4.75 kB │ gzip:   2.20 kB
#26 204.0 web:build: build/client/assets/fennel-DQxkIbk2.js                                            4.76 kB │ gzip:   1.53 kB
#26 204.0 web:build: build/client/assets/bibtex-Ci_nEsc7.js                                            4.78 kB │ gzip:   0.83 kB
#26 204.0 web:build: build/client/assets/switch-account-dropdown-D8PkFSGv.js                           4.82 kB │ gzip:   1.95 kB
#26 204.0 web:build: build/client/assets/root-VsdOPJet.js                                              4.85 kB │ gzip:   2.05 kB
#26 204.0 web:build: build/client/assets/modal-BHKf79HZ.js                                             4.86 kB │ gzip:   2.06 kB
#26 204.0 web:build: build/client/assets/wiki-ydKFokyx.js                                              4.94 kB │ gzip:   1.74 kB
#26 204.0 web:build: build/client/assets/page-BKizeIKC.js                                              4.97 kB │ gzip:   1.77 kB
#26 204.0 web:build: build/client/assets/linear-progress-Cu_fQ873.js                                   4.97 kB │ gzip:   1.77 kB
#26 204.0 web:build: build/client/assets/settings-DAeOb0ek.js                                          4.99 kB │ gzip:   1.85 kB
#26 204.0 web:build: build/client/assets/dropdown-Daay7EEM.js                                          4.99 kB │ gzip:   2.06 kB
#26 204.0 web:build: build/client/assets/llvm-Cm23YOpf.js                                              5.04 kB │ gzip:   2.01 kB
#26 204.0 web:build: build/client/assets/layout-BDpFRBJL2.js                                           5.07 kB │ gzip:   2.15 kB
#26 204.0 web:build: build/client/assets/workflow-isp9AKQy.js                                          5.10 kB │ gzip:   1.35 kB
#26 204.0 web:build: build/client/assets/wgsl-BsKzXJz4.js                                              5.13 kB │ gzip:   1.38 kB
#26 204.0 web:build: build/client/assets/member-header-column-BMx-EjvB.js                              5.17 kB │ gzip:   1.62 kB
#26 204.0 web:build: build/client/assets/page-CmWBZuqI.js                                              5.22 kB │ gzip:   1.85 kB
#26 204.0 web:build: build/client/assets/quick-actions-DPmALyE3.js                                     5.27 kB │ gzip:   2.22 kB
#26 204.0 web:build: build/client/assets/page-5a74jnz4.js                                              5.27 kB │ gzip:   2.13 kB
#26 204.0 web:build: build/client/assets/gdresource-C0sCabJj.js                                        5.28 kB │ gzip:   1.33 kB
#26 204.0 web:build: build/client/assets/archive-restore-modal-BPAfpq0W.js                             5.28 kB │ gzip:   1.95 kB
#26 204.0 web:build: build/client/assets/page-BEen59rY.js                                              5.28 kB │ gzip:   2.33 kB
#26 204.0 web:build: build/client/assets/settings-CaxbHeg1.js                                          5.30 kB │ gzip:   1.90 kB
#26 204.0 web:build: build/client/assets/zig-CMLA9XwU.js                                               5.33 kB │ gzip:   1.55 kB
#26 204.0 web:build: build/client/assets/qml-CxQ9iuoM.js                                               5.33 kB │ gzip:   1.38 kB
#26 204.0 web:build: build/client/assets/dax-BkyTk9wS.js                                               5.35 kB │ gzip:   2.21 kB
#26 204.0 web:build: build/client/assets/bicep-CUHmPFLl.js                                             5.37 kB │ gzip:   1.14 kB
#26 204.0 web:build: build/client/assets/CompositeList-CTdZJ0xK.js                                     5.39 kB │ gzip:   2.27 kB
#26 204.0 web:build: build/client/assets/state_group-e8bCj2Yk.js                                       5.40 kB │ gzip:   1.84 kB
#26 204.0 web:build: build/client/assets/createBaseUIEventDetails-D4SNwoT7.js                          5.41 kB │ gzip:   2.35 kB
#26 204.0 web:build: build/client/assets/xml-CoLOUJxJ.js                                               5.43 kB │ gzip:   1.24 kB
#26 204.0 web:build: build/client/assets/awk-BWXHIvNe.js                                               5.45 kB │ gzip:   1.37 kB
#26 204.0 web:build: build/client/assets/use-issue-layout-store-BFVaMla7.js                            5.50 kB │ gzip:   2.52 kB
#26 204.0 web:build: build/client/assets/coq-BrsZFFmf.js                                               5.54 kB │ gzip:   1.91 kB
#26 204.0 web:build: build/client/assets/automation-Cqgil4Q3.js                                        5.57 kB │ gzip:   2.28 kB
#26 204.0 web:build: build/client/assets/automation-CnoWamTe.js                                        5.59 kB │ gzip:   2.28 kB
#26 204.0 web:build: build/client/assets/avatar-Bp14MpH8.js                                            5.62 kB │ gzip:   2.25 kB
#26 204.0 web:build: build/client/assets/jinja-CyOrcBWt.js                                             5.62 kB │ gzip:   1.36 kB
#26 204.0 web:build: build/client/assets/automation-8SQZg96F.js                                        5.74 kB │ gzip:   1.99 kB
#26 204.0 web:build: build/client/assets/automation-DIoarNQ4.js                                        5.74 kB │ gzip:   1.99 kB
#26 204.0 web:build: build/client/assets/linear-CmlfRLWM.js                                            5.75 kB │ gzip:   2.36 kB
#26 204.0 web:build: build/client/assets/lean-CewbzKMR.js                                              5.77 kB │ gzip:   1.91 kB
#26 204.0 web:build: build/client/assets/power-k-Cjghq2Mj.js                                           5.78 kB │ gzip:   1.95 kB
#26 204.0 web:build: build/client/assets/tour-C-JopYpk.js                                              5.81 kB │ gzip:   2.61 kB
#26 204.0 web:build: build/client/assets/wiki-Ds9YjdsV.js                                              5.81 kB │ gzip:   1.90 kB
#26 204.0 web:build: build/client/assets/chunk-PWAF6VOD-l-cfT7Xn.js                                    5.82 kB │ gzip:   2.67 kB
#26 204.0 web:build: build/client/assets/tour-BlaRjN6g.js                                              5.84 kB │ gzip:   2.61 kB
#26 204.0 web:build: build/client/assets/power-k-VDliYLql.js                                           5.89 kB │ gzip:   1.95 kB
#26 204.0 web:build: build/client/assets/moonbit-CaWjb8XO.js                                           5.89 kB │ gzip:   1.67 kB
#26 204.0 web:build: build/client/assets/layout-BMnrIS_p2.js                                           5.89 kB │ gzip:   2.28 kB
#26 204.0 web:build: build/client/assets/powerquery-DNMTfnFr.js                                        5.89 kB │ gzip:   1.51 kB
#26 204.0 web:build: build/client/assets/shaderlab-TOUzSsQk.js                                         5.91 kB │ gzip:   2.08 kB
#26 204.0 web:build: build/client/assets/modal-Dpq0Tjnk.js                                             5.92 kB │ gzip:   2.38 kB
#26 204.0 web:build: build/client/assets/verilog-CiiDBU1e.js                                           5.92 kB │ gzip:   1.89 kB
#26 204.0 web:build: build/client/assets/cypher-ClKdZ_lG.js                                            5.94 kB │ gzip:   1.71 kB
#26 204.0 web:build: build/client/assets/wiki--l6C5tTa.js                                              5.98 kB │ gzip:   1.94 kB
#26 204.0 web:build: build/client/assets/automation-BrVZtCjy.js                                        5.99 kB │ gzip:   2.11 kB
#26 204.0 web:build: build/client/assets/power-k-DdBbNJxd.js                                           6.02 kB │ gzip:   1.61 kB
#26 204.0 web:build: build/client/assets/power-k-hw266zFl.js                                           6.02 kB │ gzip:   1.61 kB
#26 204.0 web:build: build/client/assets/diagram-UQ7AKVKN-Ca1bQUDU.js                                  6.06 kB │ gzip:   2.56 kB
#26 204.0 web:build: build/client/assets/power-k-CrawIpZi.js                                           6.06 kB │ gzip:   1.76 kB
#26 204.0 web:build: build/client/assets/tour-Cv7qvrCB.js                                              6.06 kB │ gzip:   2.34 kB
#26 204.0 web:build: build/client/assets/tour-DLb1MQFK.js                                              6.06 kB │ gzip:   2.34 kB
#26 204.0 web:build: build/client/assets/vb-Djn5o6TS.js                                                6.08 kB │ gzip:   2.33 kB
#26 204.0 web:build: build/client/assets/security-Bqu3MYFh.js                                          6.15 kB │ gzip:   1.85 kB
#26 204.0 web:build: build/client/assets/lite-text-C-mE8agp.js                                         6.16 kB │ gzip:   2.47 kB
#26 204.0 web:build: build/client/assets/pieDiagram-E7YTZNPT-W56ePAJs.js                               6.16 kB │ gzip:   2.56 kB
#26 204.0 web:build: build/client/assets/page-BntMLVaK.js                                              6.17 kB │ gzip:   2.40 kB
#26 204.0 web:build: build/client/assets/automation-qs2RE9GK.js                                        6.25 kB │ gzip:   2.28 kB
#26 204.0 web:build: build/client/assets/red-CJ3rzSJv.js                                               6.25 kB │ gzip:   1.59 kB
#26 204.0 web:build: build/client/assets/min-dark-BSWPekZh.js                                          6.28 kB │ gzip:   1.70 kB
#26 204.0 web:build: build/client/assets/automation-Su53vjGS.js                                        6.29 kB │ gzip:   2.22 kB
#26 204.0 web:build: build/client/assets/automation-Cr8leGUZ.js                                        6.29 kB │ gzip:   2.39 kB
#26 204.0 web:build: build/client/assets/automation-BML3iZCR.js                                        6.31 kB │ gzip:   2.19 kB
#26 204.0 web:build: build/client/assets/gdshader-CBce3t8t.js                                          6.31 kB │ gzip:   1.72 kB
#26 204.0 web:build: build/client/assets/prisma-BsRQq5mF.js                                            6.32 kB │ gzip:   1.38 kB
#26 204.0 web:build: build/client/assets/issue.service-DsRAGjeA.js                                     6.33 kB │ gzip:   0.98 kB
#26 204.0 web:build: build/client/assets/ara-4CJ0cIlV.js                                               6.35 kB │ gzip:   1.80 kB
#26 204.0 web:build: build/client/assets/automation-B7jGNQ9x.js                                        6.40 kB │ gzip:   2.40 kB
#26 204.0 web:build: build/client/assets/clojure-DqKBuwfJ.js                                           6.40 kB │ gzip:   1.41 kB
#26 204.0 web:build: build/client/assets/postcss-BXeXVLqQ.js                                           6.41 kB │ gzip:   1.90 kB
#26 204.0 web:build: build/client/assets/toml-CcmNWLt0.js                                              6.41 kB │ gzip:   1.28 kB
#26 204.0 web:build: build/client/assets/graphlib-DYhEieJc.js                                          6.42 kB │ gzip:   2.06 kB
#26 204.0 web:build: build/client/assets/automation-CgmvKGKW.js                                        6.44 kB │ gzip:   2.35 kB
#26 204.0 web:build: build/client/assets/power-k-Dykc40lg.js                                           6.45 kB │ gzip:   1.93 kB
#26 204.0 web:build: build/client/assets/automation-ykXvm54U.js                                        6.46 kB │ gzip:   2.36 kB
#26 204.0 web:build: build/client/assets/solarized-light-DSh2HLQt.js                                   6.47 kB │ gzip:   1.71 kB
#26 204.0 web:build: build/client/assets/automation-B-LP4a9N.js                                        6.54 kB │ gzip:   2.30 kB
#26 204.0 web:build: build/client/assets/proto-DB4EqR-F.js                                             6.54 kB │ gzip:   1.41 kB
#26 204.0 web:build: build/client/assets/automation-BiStXLVF.js                                        6.57 kB │ gzip:   2.24 kB
#26 204.0 web:build: build/client/assets/smalltalk-B16xEiuN.js                                         6.58 kB │ gzip:   1.61 kB
#26 204.0 web:build: build/client/assets/r-B2LHEa5O.js                                                 6.59 kB │ gzip:   1.83 kB
#26 204.0 web:build: build/client/assets/page-Cs1WsJcS2.js                                             6.60 kB │ gzip:   2.59 kB
#26 204.0 web:build: build/client/assets/settings-DbTB1dwk.js                                          6.64 kB │ gzip:   1.80 kB
#26 204.0 web:build: build/client/assets/power-k-DnYW3Tvi.js                                           6.66 kB │ gzip:   1.88 kB
#26 204.0 web:build: build/client/assets/automation-UyenNHx7.js                                        6.73 kB │ gzip:   2.32 kB
#26 204.0 web:build: build/client/assets/talonscript-CohzipZa.js                                       6.75 kB │ gzip:   1.48 kB
#26 204.0 web:build: build/client/assets/power-k-pp0PtjOL.js                                           6.78 kB │ gzip:   1.99 kB
#26 204.0 web:build: build/client/assets/solarized-dark-DV17i1UV.js                                    6.84 kB │ gzip:   1.78 kB
#26 204.0 web:build: build/client/assets/automation-CfRuw0UX.js                                        6.85 kB │ gzip:   2.34 kB
#26 204.0 web:build: build/client/assets/tour-BZSJMeR8.js                                              6.85 kB │ gzip:   2.40 kB
#26 204.0 web:build: build/client/assets/attachment-BY8-SZ7Y.js                                        6.87 kB │ gzip:   2.40 kB
#26 204.0 web:build: build/client/assets/power-k-DFc1k4YO.js                                           6.89 kB │ gzip:   1.86 kB
#26 204.0 web:build: build/client/assets/riscv-Ckw8ddFX.js                                             6.90 kB │ gzip:   1.97 kB
#26 204.0 web:build: build/client/assets/soy-DHpNyqQh.js                                               6.92 kB │ gzip:   1.62 kB
#26 204.0 web:build: build/client/assets/power-k-CaUEryV9.js                                           6.93 kB │ gzip:   1.94 kB
#26 204.0 web:build: build/client/assets/automation-Cu-Uyt41.js                                        6.95 kB │ gzip:   2.47 kB
#26 204.0 web:build: build/client/assets/power-k-DS3gcd6C.js                                           6.95 kB │ gzip:   1.90 kB
#26 204.0 web:build: build/client/assets/power-k-CsyjsYIJ.js                                           6.96 kB │ gzip:   2.01 kB
#26 204.0 web:build: build/client/assets/min-light-DDpmG2fV.js                                         6.96 kB │ gzip:   1.88 kB
#26 204.0 web:build: build/client/assets/AppProgressBar-CYUYeYe7.js                                    6.97 kB │ gzip:   2.24 kB
#26 204.0 web:build: build/client/assets/power-k-DFl-x_w8.js                                           6.98 kB │ gzip:   2.06 kB
#26 204.0 web:build: build/client/assets/tour-DQlLS0HT.js                                              6.98 kB │ gzip:   2.84 kB
#26 204.0 web:build: build/client/assets/global-CJoAllwV.js                                            6.98 kB │ gzip:   2.41 kB
#26 204.0 web:build: build/client/assets/tour-zV_XMvta.js                                              7.02 kB │ gzip:   2.75 kB
#26 204.0 web:build: build/client/assets/power-k-CXNgMQZY.js                                           7.02 kB │ gzip:   2.02 kB
#26 204.0 web:build: build/client/assets/tour-CPGkLD2R.js                                              7.02 kB │ gzip:   2.61 kB
#26 204.0 web:build: build/client/assets/tour-C_kzjdpV.js                                              7.03 kB │ gzip:   2.73 kB
#26 204.0 web:build: build/client/assets/image-picker-popover-DJ51Nfe9.js                              7.05 kB │ gzip:   2.73 kB
#26 204.0 web:build: build/client/assets/power-k-CAwnqx3F.js                                           7.08 kB │ gzip:   1.91 kB
#26 204.0 web:build: build/client/assets/tour-7V7TeXnO.js                                              7.09 kB │ gzip:   2.60 kB
#26 204.0 web:build: build/client/assets/automation-BY4vN16S.js                                        7.10 kB │ gzip:   2.41 kB
#26 204.0 web:build: build/client/assets/layout-BgqeOVsE2.js                                           7.12 kB │ gzip:   2.60 kB
#26 204.0 web:build: build/client/assets/scheme-DQCgrYNe.js                                            7.16 kB │ gzip:   2.04 kB
#26 204.0 web:build: build/client/assets/tour-CFWnrfEI.js                                              7.19 kB │ gzip:   2.64 kB
#26 204.0 web:build: build/client/assets/hlsl-Cvrh5tZx.js                                              7.25 kB │ gzip:   2.18 kB
#26 204.0 web:build: build/client/assets/workspace-level-DEAKZ01p.js                                   7.25 kB │ gzip:   2.92 kB
#26 204.0 web:build: build/client/assets/tour-By-e1_e6.js                                              7.25 kB │ gzip:   2.71 kB
#26 204.0 web:build: build/client/assets/page-BXDYSDms2.js                                             7.27 kB │ gzip:   2.58 kB
#26 204.0 web:build: build/client/assets/power-k-BYPZkJ-X.js                                           7.41 kB │ gzip:   2.04 kB
#26 204.0 web:build: build/client/assets/tabs-CIqRqLJX.js                                              7.41 kB │ gzip:   3.06 kB
#26 204.0 web:build: build/client/assets/power-k-DAVHncb2.js                                           7.42 kB │ gzip:   1.96 kB
#26 204.0 web:build: build/client/assets/template-ClnJHnQs.js                                          7.43 kB │ gzip:   2.65 kB
#26 204.0 web:build: build/client/assets/template-CBVN_bcb.js                                          7.43 kB │ gzip:   2.63 kB
#26 204.0 web:build: build/client/assets/tour-BXI_mTDb.js                                              7.44 kB │ gzip:   2.69 kB
#26 204.0 web:build: build/client/assets/qss-Fe1Jh2GI.js                                               7.46 kB │ gzip:   2.57 kB
#26 204.0 web:build: build/client/assets/tour-BuXpo7Y4.js                                              7.48 kB │ gzip:   2.72 kB
#26 204.0 web:build: build/client/assets/tour-B61hdTbL.js                                              7.60 kB │ gzip:   2.80 kB
#26 204.0 web:build: build/client/assets/tour-pjzQmE1F.js                                              7.61 kB │ gzip:   2.75 kB
#26 204.0 web:build: build/client/assets/page-hlzLMwPD.js                                              7.67 kB │ gzip:   3.24 kB
#26 204.0 web:build: build/client/assets/useTypeahead-G2K4bRbB.js                                      7.76 kB │ gzip:   3.19 kB
#26 204.0 web:build: build/client/assets/power-k-Cld5dczR.js                                           7.77 kB │ gzip:   2.17 kB
#26 204.0 web:build: build/client/assets/dart-DkHntEIa.js                                              7.80 kB │ gzip:   1.91 kB
#26 204.0 web:build: build/client/assets/checkbox-B2LRvyXl.js                                          7.85 kB │ gzip:   3.31 kB
#26 204.0 web:build: build/client/assets/systemd-BxMlprV5.js                                           7.86 kB │ gzip:   2.54 kB
#26 204.0 web:build: build/client/assets/monokai-CdkpiU2Y.js                                           7.88 kB │ gzip:   1.90 kB
#26 204.0 web:build: build/client/assets/layout-ZCvruk61.js                                            7.89 kB │ gzip:   2.72 kB
#26 204.0 web:build: build/client/assets/page-BGYbDW8S.js                                              7.94 kB │ gzip:   3.14 kB
#26 204.0 web:build: build/client/assets/navigation-DL1cGKyI.js                                        7.98 kB │ gzip:   3.16 kB
#26 204.0 web:build: build/client/assets/regexp-tQfEh5Di.js                                            8.04 kB │ gzip:   1.46 kB
#26 204.0 web:build: build/client/assets/template-bMFqSxsA.js                                          8.07 kB │ gzip:   2.36 kB
#26 204.0 web:build: build/client/assets/template-bjtmnR9A.js                                          8.07 kB │ gzip:   2.36 kB
#26 204.0 web:build: build/client/assets/layout-lhM-XjMD2.js                                           8.18 kB │ gzip:   2.93 kB
#26 204.0 web:build: build/client/assets/diagram-S7CK7UJ4-Bp3Ttj1I.js                                  8.19 kB │ gzip:   3.65 kB
#26 204.0 web:build: build/client/assets/tour-rtTtH9IQ.js                                              8.22 kB │ gzip:   2.79 kB
#26 204.0 web:build: build/client/assets/layout-Cq9dfZBg2.js                                           8.23 kB │ gzip:   2.92 kB
#26 204.0 web:build: build/client/assets/tour-CTQwFT0K.js                                              8.27 kB │ gzip:   2.91 kB
#26 204.0 web:build: build/client/assets/haml-7mDlFw42.js                                              8.32 kB │ gzip:   1.85 kB
#26 204.0 web:build: build/client/assets/page-C_Awr7_n.js                                              8.35 kB │ gzip:   2.74 kB
#26 204.0 web:build: build/client/assets/typst-DI99ib-x.js                                             8.38 kB │ gzip:   1.66 kB
#26 204.0 web:build: build/client/assets/template-DB2CeHgD.js                                          8.46 kB │ gzip:   2.39 kB
#26 204.0 web:build: build/client/assets/vue-html-DptIHH0x.js                                          8.47 kB │ gzip:   1.68 kB
#26 204.0 web:build: build/client/assets/plsql-DGHpHOYJ.js                                             8.50 kB │ gzip:   2.99 kB
#26 204.0 web:build: build/client/assets/field-CjF5NRMs.js                                             8.57 kB │ gzip:   3.41 kB
#26 204.0 web:build: build/client/assets/dropdowns-Bmjm2pQS.js                                         8.65 kB │ gzip:   2.90 kB
#26 204.0 web:build: build/client/assets/authentication.helper-D79fHiaK.js                             8.67 kB │ gzip:   2.13 kB
#26 204.0 web:build: build/client/assets/template-B3q1v2mC.js                                          8.71 kB │ gzip:   2.76 kB
#26 204.0 web:build: build/client/assets/template-PH6OjQXR.js                                          8.74 kB │ gzip:   2.69 kB
#26 204.0 web:build: build/client/assets/automation-D5NE3cce.js                                        8.74 kB │ gzip:   2.67 kB
#26 204.0 web:build: build/client/assets/horizon-CE9ld1lL.js                                           8.77 kB │ gzip:   1.94 kB
#26 204.0 web:build: build/client/assets/kotlin-DhhofPvG.js                                            8.77 kB │ gzip:   2.12 kB
#26 204.0 web:build: build/client/assets/horizon-bright-Br1oVSNq.js                                    8.78 kB │ gzip:   1.96 kB
#26 204.0 web:build: build/client/assets/template-DL5Begcn.js                                          8.80 kB │ gzip:   2.83 kB
#26 204.0 web:build: build/client/assets/gantt-layout-loader-wvOA9u-q.js                               8.91 kB │ gzip:   3.23 kB
#26 204.0 web:build: build/client/assets/ts-tags-BHuAAlZ-.js                                           8.92 kB │ gzip:   1.20 kB
#26 204.0 web:build: build/client/assets/automation-C5hW8t_H.js                                        8.93 kB │ gzip:   2.71 kB
#26 204.0 web:build: build/client/assets/template-CSR3Xy3Z.js                                          8.94 kB │ gzip:   2.82 kB
#26 204.0 web:build: build/client/assets/make-Dixweg8N.js                                              8.95 kB │ gzip:   1.76 kB
#26 204.0 web:build: build/client/assets/template-DG9hcOdb.js                                          8.99 kB │ gzip:   2.80 kB
#26 204.0 web:build: build/client/assets/andromeeda-vGVdxbeo.js                                        9.01 kB │ gzip:   2.35 kB
#26 204.0 web:build: build/client/assets/auth-Cc1MPTlF.js                                              9.01 kB │ gzip:   2.91 kB
#26 204.0 web:build: build/client/assets/sas-Z7NrpXeD.js                                               9.06 kB │ gzip:   3.82 kB
#26 204.0 web:build: build/client/assets/template-URxNXPjP.js                                          9.09 kB │ gzip:   2.60 kB
#26 204.0 web:build: build/client/assets/dark-plus-Cs2F2srj.js                                         9.09 kB │ gzip:   2.10 kB
#26 204.0 web:build: build/client/assets/work-item-CnWu3TRU.js                                         9.10 kB │ gzip:   3.28 kB
#26 204.0 web:build: build/client/assets/slack-dark-DnToyrRv.js                                        9.11 kB │ gzip:   1.96 kB
#26 204.0 web:build: build/client/assets/layout-DMdgz1if.js                                            9.16 kB │ gzip:   3.27 kB
#26 204.0 web:build: build/client/assets/auth-CJFLF46-.js                                              9.22 kB │ gzip:   2.93 kB
#26 204.0 web:build: build/client/assets/sass-DXrisJhu.js                                              9.28 kB │ gzip:   2.48 kB
#26 204.0 web:build: build/client/assets/plastic-DQwYfKfQ.js                                           9.29 kB │ gzip:   1.96 kB
#26 204.0 web:build: build/client/assets/auth-Djr-NUSJ.js                                              9.33 kB │ gzip:   2.58 kB
#26 204.0 web:build: build/client/assets/template-BFQSqx5H.js                                          9.34 kB │ gzip:   2.78 kB
#26 204.0 web:build: build/client/assets/useId-5JKwIId7.js                                             9.36 kB │ gzip:   3.91 kB
#26 204.0 web:build: build/client/assets/template-C5ag49b1.js                                          9.39 kB │ gzip:   2.74 kB
#26 204.0 web:build: build/client/assets/empty-state-Bq3G7gyR.js                                       9.40 kB │ gzip:   3.56 kB
#26 204.0 web:build: build/client/assets/empty-state-DxPqV7qd.js                                       9.40 kB │ gzip:   3.53 kB
#26 204.0 web:build: build/client/assets/slack-ochin-B2OO5cIa.js                                       9.42 kB │ gzip:   2.08 kB
#26 204.0 web:build: build/client/assets/template-CseVeTmS.js                                          9.42 kB │ gzip:   2.71 kB
#26 204.0 web:build: build/client/assets/template-BJmBKP-P.js                                          9.48 kB │ gzip:   2.76 kB
#26 204.0 web:build: build/client/assets/work-item-DiNfWMa5.js                                         9.54 kB │ gzip:   3.38 kB
#26 204.0 web:build: build/client/assets/template-C_Kj7Apw.js                                          9.56 kB │ gzip:   2.78 kB
#26 204.0 web:build: build/client/assets/element-BbO07Ovt.js                                           9.57 kB │ gzip:   3.38 kB
#26 204.0 web:build: build/client/assets/sidebar-BFvdIUa5.js                                           9.57 kB │ gzip:   3.93 kB
#26 204.0 web:build: build/client/assets/tex-BzenyBdz.js                                               9.67 kB │ gzip:   3.06 kB
#26 204.0 web:build: build/client/assets/jison-BfOYwCix.js                                             9.69 kB │ gzip:   1.86 kB
#26 204.0 web:build: build/client/assets/chunk-L3NEJ4N5-iEGFVUl_.js                                    9.70 kB │ gzip:   2.97 kB
#26 204.0 web:build: build/client/assets/work-item-BcsNL1Fo.js                                         9.74 kB │ gzip:   2.97 kB
#26 204.0 web:build: build/client/assets/cmake-Bj61d0ZC.js                                             9.84 kB │ gzip:   3.37 kB
#26 204.0 web:build: build/client/assets/auth-C2Cxr9Zz.js                                              9.87 kB │ gzip:   2.69 kB
#26 204.0 web:build: build/client/assets/cynefinDiagram-5FMLGOSQ-D3jm5Mza.js                           9.90 kB │ gzip:   3.50 kB
#26 204.0 web:build: build/client/assets/light-plus-DVQuIRkW.js                                        9.93 kB │ gzip:   2.27 kB
#26 204.0 web:build: build/client/assets/project-C0o497tv.js                                           9.94 kB │ gzip:   3.51 kB
#26 204.0 web:build: build/client/assets/empty-state-BNt6sbyW.js                                       9.94 kB │ gzip:   3.21 kB
#26 204.0 web:build: build/client/assets/project-CnRyzmlr.js                                           9.95 kB │ gzip:   3.55 kB
#26 204.0 web:build: build/client/assets/page-RZ66p9Wq.js                                             10.02 kB │ gzip:   3.82 kB
#26 204.0 web:build: build/client/assets/project-C4kd0cHF.js                                          10.02 kB │ gzip:   3.55 kB
#26 204.0 web:build: build/client/assets/hcl-Dh228itO.js                                              10.04 kB │ gzip:   1.93 kB
#26 204.0 web:build: build/client/assets/power-k-CaWVjKt2.js                                          10.07 kB │ gzip:   2.39 kB
#26 204.0 web:build: build/client/assets/auth-C1-zi8fx.js                                             10.09 kB │ gzip:   2.80 kB
#26 204.0 web:build: build/client/assets/template-BvMilhBT.js                                         10.16 kB │ gzip:   2.88 kB
#26 204.0 web:build: build/client/assets/modal-C606drzh.js                                            10.16 kB │ gzip:   3.81 kB
#26 204.0 web:build: build/client/assets/index-BFzc1bXT.js                                            10.25 kB │ gzip:   4.72 kB
#26 204.0 web:build: build/client/assets/use-issues-actions-fU0ZFwED.js                               10.26 kB │ gzip:   1.33 kB
#26 204.0 web:build: build/client/assets/auth-CvAgSoOb.js                                             10.30 kB │ gzip:   3.07 kB
#26 204.0 web:build: build/client/assets/rst-Clv47vPL.js                                              10.31 kB │ gzip:   2.25 kB
#26 204.0 web:build: build/client/assets/power-k-D8VR1XlU.js                                          10.32 kB │ gzip:   2.43 kB
#26 204.0 web:build: build/client/assets/pkl-ot-7Btpt.js                                              10.36 kB │ gzip:   1.37 kB
#26 204.0 web:build: build/client/assets/beancount-D-usSTwE.js                                        10.36 kB │ gzip:   1.43 kB
#26 204.0 web:build: build/client/assets/auth-CgOTuNKv.js                                             10.38 kB │ gzip:   2.86 kB
#26 204.0 web:build: build/client/assets/work-item-C0FiMJsi.js                                        10.39 kB │ gzip:   3.07 kB
#26 204.0 web:build: build/client/assets/nextflow-groovy-Dc_ddanL.js                                  10.39 kB │ gzip:   2.12 kB
#26 204.0 web:build: build/client/assets/chunk-2E4U76K2-UziiSvlt.js                                   10.40 kB │ gzip:   4.16 kB
#26 204.0 web:build: build/client/assets/auth-D9KKDi2E.js                                             10.43 kB │ gzip:   3.09 kB
#26 204.0 web:build: build/client/assets/dream-maker-DW3nJb8Q.js                                      10.46 kB │ gzip:   2.25 kB
#26 204.0 web:build: build/client/assets/raku-B3gFvitq.js                                             10.46 kB │ gzip:   2.94 kB
#26 204.0 web:build: build/client/assets/project-D4WQNT9M.js                                          10.55 kB │ gzip:   3.46 kB
#26 204.0 web:build: build/client/assets/yaml-Cx9nXXjt.js                                             10.56 kB │ gzip:   2.31 kB
#26 204.0 web:build: build/client/assets/auth-B6cByhO0.js                                             10.57 kB │ gzip:   3.11 kB
#26 204.0 web:build: build/client/assets/work-item-type-ZX4MXiXf.js                                   10.60 kB │ gzip:   3.69 kB
#26 204.0 web:build: build/client/assets/stateDiagram-D77RDMKH-Drm33WYK.js                            10.63 kB │ gzip:   3.72 kB
#26 204.0 web:build: build/client/assets/diagram-VSXAHHWV-FdQyWP4z.js                                 10.66 kB │ gzip:   4.11 kB
#26 204.0 web:build: build/client/assets/workspace-DHYBynUW.js                                        10.69 kB │ gzip:   4.36 kB
#26 204.0 web:build: build/client/assets/just-BAXkPPyX.js                                             10.76 kB │ gzip:   2.60 kB
#26 204.0 web:build: build/client/assets/auth-C2pym3f3.js                                             10.78 kB │ gzip:   3.01 kB
#26 204.0 web:build: build/client/assets/work-item-CeDlM3C5.js                                        10.83 kB │ gzip:   3.32 kB
#26 204.0 web:build: build/client/assets/workspace-BXw5BU12.js                                        10.84 kB │ gzip:   4.41 kB
#26 204.0 web:build: build/client/assets/work-item-type-BIxIFyIv.js                                   10.89 kB │ gzip:   3.78 kB
#26 204.0 web:build: build/client/assets/auth-CzM4are9.js                                             10.94 kB │ gzip:   3.02 kB
#26 204.0 web:build: build/client/assets/elm-D5BIZDWc.js                                              10.94 kB │ gzip:   2.09 kB
#26 204.0 web:build: build/client/assets/dagre-GXQ25YYZ-cP14M4eM.js                                   10.95 kB │ gzip:   4.13 kB
#26 204.0 web:build: build/client/assets/tour-Np_cJqdr.js                                             10.96 kB │ gzip:   3.30 kB
#26 204.0 web:build: build/client/assets/auth-BbC7GZsQ.js                                             10.99 kB │ gzip:   2.96 kB
#26 204.0 web:build: build/client/assets/auth-BD92_Pj8.js                                             11.00 kB │ gzip:   2.90 kB
#26 204.0 web:build: build/client/assets/empty-state-aOlDk0BH.js                                      11.03 kB │ gzip:   3.29 kB
#26 204.0 web:build: build/client/assets/workspace-C0wgOcBZ.js                                        11.08 kB │ gzip:   3.86 kB
#26 204.0 web:build: build/client/assets/auth-CIl-H_9f.js                                             11.16 kB │ gzip:   3.10 kB
#26 204.0 web:build: build/client/assets/project-CnRajxhz.js                                          11.16 kB │ gzip:   4.17 kB
#26 204.0 web:build: build/client/assets/github-light-EUqPIrTm.js                                     11.18 kB │ gzip:   2.49 kB
#26 204.0 web:build: build/client/assets/work-item-BIs4_-ll.js                                        11.19 kB │ gzip:   3.49 kB
#26 204.0 web:build: build/client/assets/work-item-type-Aof6SdAr.js                                   11.29 kB │ gzip:   3.26 kB
#26 204.0 web:build: build/client/assets/work-item-type-CTPufGj2.js                                   11.29 kB │ gzip:   3.26 kB
#26 204.0 web:build: build/client/assets/api-tokens-zQ9DOdAW.js                                       11.30 kB │ gzip:   3.70 kB
#26 204.0 web:build: build/client/assets/prolog-iXnhIJG7.js                                           11.34 kB │ gzip:   3.84 kB
#26 204.0 web:build: build/client/assets/auth-CPRZs6tL.js                                             11.36 kB │ gzip:   3.04 kB
#26 204.0 web:build: build/client/assets/terraform-DswuEJGm.js                                        11.38 kB │ gzip:   2.51 kB
#26 204.0 web:build: build/client/assets/work-item-Rjf9yG_c.js                                        11.38 kB │ gzip:   3.40 kB
#26 204.0 web:build: build/client/assets/github-dark-C-LZuMrd.js                                      11.40 kB │ gzip:   2.53 kB
#26 204.0 web:build: build/client/assets/puppet-CDv2pdJW.js                                           11.43 kB │ gzip:   2.10 kB
#26 204.0 web:build: build/client/assets/project-BAIWpDRH.js                                          11.44 kB │ gzip:   4.32 kB
#26 204.0 web:build: build/client/assets/template-DP8X_DA4.js                                         11.48 kB │ gzip:   2.98 kB
#26 204.0 web:build: build/client/assets/laserwave-C_8bwKvT.js                                        11.49 kB │ gzip:   2.57 kB
#26 204.0 web:build: build/client/assets/work-item-C3gqMnSF.js                                        11.51 kB │ gzip:   3.57 kB
#26 204.0 web:build: build/client/assets/helper-CYaZOpZR.js                                           11.53 kB │ gzip:   4.64 kB
#26 204.0 web:build: build/client/assets/tour-CsNY5xTT.js                                             11.55 kB │ gzip:   3.40 kB
#26 204.0 web:build: build/client/assets/project-BM1JIObL.js                                          11.55 kB │ gzip:   3.75 kB
#26 204.0 web:build: build/client/assets/work-item-e3nX2803.js                                        11.56 kB │ gzip:   3.32 kB
#26 204.0 web:build: build/client/assets/empty-state-CT_StX9m.js                                      11.62 kB │ gzip:   3.52 kB
#26 204.0 web:build: build/client/assets/work-item-DaYfRq2P.js                                        11.66 kB │ gzip:   3.37 kB
#26 204.0 web:build: build/client/assets/empty-state-B99-siie.js                                      11.68 kB │ gzip:   3.67 kB
#26 204.0 web:build: build/client/assets/work-item-D8pvbnwt.js                                        11.68 kB │ gzip:   3.30 kB
#26 204.0 web:build: build/client/assets/scrollarea-FXnUTOZX.js                                       11.71 kB │ gzip:   4.07 kB
#26 204.0 web:build: build/client/assets/websandbox-BoUMuuTu.js                                       11.75 kB │ gzip:   3.41 kB
#26 204.0 web:build: build/client/assets/work-item-BB48tQEz.js                                        11.76 kB │ gzip:   3.52 kB
#26 204.0 web:build: build/client/assets/auth-D11eE3K-.js                                             11.79 kB │ gzip:   3.02 kB
#26 204.0 web:build: build/client/assets/empty-state-BjP8VPxP.js                                      11.79 kB │ gzip:   3.91 kB
#26 204.0 web:build: build/client/assets/workspace-QQffJ3pe.js                                        11.80 kB │ gzip:   4.32 kB
#26 204.0 web:build: build/client/assets/page-yQXqMwkq.js                                             11.82 kB │ gzip:   3.80 kB
#26 204.0 web:build: build/client/assets/workspace-Bhmlh9a5.js                                        11.84 kB │ gzip:   4.39 kB
#26 204.0 web:build: build/client/assets/issue-progress-Dc5YoFei.js                                   11.85 kB │ gzip:   3.72 kB
#26 204.0 web:build: build/client/assets/work-item-4Np-IS29.js                                        11.86 kB │ gzip:   3.46 kB
#26 204.0 web:build: build/client/assets/empty-state-C5ElAZuw.js                                      11.86 kB │ gzip:   3.64 kB
#26 204.0 web:build: build/client/assets/workspace-ClDSYYBb.js                                        11.87 kB │ gzip:   4.38 kB
#26 204.0 web:build: build/client/assets/gherkin-DExj1W_8.js                                          11.93 kB │ gzip:   5.04 kB
#26 204.0 web:build: build/client/assets/empty-state-CMl7SJFD.js                                      11.94 kB │ gzip:   3.63 kB
#26 204.0 web:build: build/client/assets/workspace-BvK9LU9q.js                                        11.96 kB │ gzip:   3.96 kB
#26 204.0 web:build: build/client/assets/TabsList-BtMYc-x4.js                                         11.97 kB │ gzip:   4.46 kB
#26 204.0 web:build: build/client/assets/wasm-ByWQv1Qj.js                                             12.00 kB │ gzip:   2.17 kB
#26 204.0 web:build: build/client/assets/work-item-type-DlspNmuX.js                                   12.03 kB │ gzip:   3.42 kB
#26 204.0 web:build: build/client/assets/hjson-CxZEssPk.js                                            12.04 kB │ gzip:   1.64 kB
#26 204.0 web:build: build/client/assets/empty-state-AI4fcd76.js                                      12.08 kB │ gzip:   3.87 kB
#26 204.0 web:build: build/client/assets/work-item-MxyKucbm.js                                        12.12 kB │ gzip:   3.47 kB
#26 204.0 web:build: build/client/assets/user.service-B-FT4djj.js                                     12.13 kB │ gzip:   4.26 kB
#26 204.0 web:build: build/client/assets/empty-state-BLuYoJ6v.js                                      12.14 kB │ gzip:   3.94 kB
#26 204.0 web:build: build/client/assets/handlebars-BFpkyR2i.js                                       12.16 kB │ gzip:   2.37 kB
#26 204.0 web:build: build/client/assets/auth-pZhIDssA.js                                             12.28 kB │ gzip:   3.18 kB
#26 204.0 web:build: build/client/assets/root-CN_WlBJN.js                                             12.29 kB │ gzip:   3.78 kB
#26 204.0 web:build: build/client/assets/page-DKkHVha6.js                                             12.31 kB │ gzip:   4.28 kB
#26 204.0 web:build: build/client/assets/empty-state-DNIE8bOl.js                                      12.33 kB │ gzip:   3.72 kB
#26 204.0 web:build: build/client/assets/empty-state-CRUFpmQB.js                                      12.39 kB │ gzip:   3.87 kB
#26 204.0 web:build: build/client/assets/apache-U0d_L8uA.js                                           12.44 kB │ gzip:   3.71 kB
#26 204.0 web:build: build/client/assets/FloatingPortalLite-DWCCDThi.js                               12.47 kB │ gzip:   5.17 kB
#26 204.0 web:build: build/client/assets/select-U88FNhZj.js                                           12.48 kB │ gzip:   4.52 kB
#26 204.0 web:build: build/client/assets/auth-C_uMRudM.js                                             12.49 kB │ gzip:   3.07 kB
#26 204.0 web:build: build/client/assets/empty-state-DfNJCK4e.js                                      12.49 kB │ gzip:   3.72 kB
#26 204.0 web:build: build/client/assets/chunk-GMAD6QVW-DGHEgMGF.js                                   12.51 kB │ gzip:   5.00 kB
#26 204.0 web:build: build/client/assets/workspace-DecbUjX7.js                                        12.51 kB │ gzip:   4.30 kB
#26 204.0 web:build: build/client/assets/work-item-CFUpCP44.js                                        12.53 kB │ gzip:   3.58 kB
#26 204.0 web:build: build/client/assets/workspace-DvtNpwt0.js                                        12.56 kB │ gzip:   4.40 kB
#26 204.0 web:build: build/client/assets/work-item-B48iYDTX.js                                        12.58 kB │ gzip:   3.48 kB
#26 204.0 web:build: build/client/assets/header-D3npVRqK.js                                           12.64 kB │ gzip:   3.66 kB
#26 204.0 web:build: build/client/assets/page-CYcsgk_M.js                                             12.66 kB │ gzip:   4.36 kB
#26 204.0 web:build: build/client/assets/vesper-D5bVUKB1.js                                           12.68 kB │ gzip:   1.98 kB
#26 204.0 web:build: build/client/assets/work-item-HHwVbXT9.js                                        12.71 kB │ gzip:   3.49 kB
#26 204.0 web:build: build/client/assets/workspace-BYV0Z2GE.js                                        12.72 kB │ gzip:   4.25 kB
#26 204.0 web:build: build/client/assets/project-CzlWPj4o.js                                          12.80 kB │ gzip:   3.90 kB
#26 204.0 web:build: build/client/assets/page-Cvpf2u4R.js                                             12.83 kB │ gzip:   4.00 kB
#26 204.0 web:build: build/client/assets/workspace-DSTnec_G.js                                        12.86 kB │ gzip:   4.33 kB
#26 204.0 web:build: build/client/assets/workspace-DCZd2l6f.js                                        12.86 kB │ gzip:   4.37 kB
#26 204.0 web:build: build/client/assets/bat-Bo4NYOV-.js                                              12.88 kB │ gzip:   3.22 kB
#26 204.0 web:build: build/client/assets/layout-NtKR8GJo.js                                           12.91 kB │ gzip:   4.41 kB
#26 204.0 web:build: build/client/assets/workspace-CPB_be9k.js                                        12.97 kB │ gzip:   4.57 kB
#26 204.0 web:build: build/client/assets/fish-BJitypiv.js                                             13.03 kB │ gzip:   1.73 kB
#26 204.0 web:build: build/client/assets/empty-state-WFJ71lb_.js                                      13.03 kB │ gzip:   3.86 kB
#26 204.0 web:build: build/client/assets/project-BPzqf34c.js                                          13.03 kB │ gzip:   4.15 kB
#26 204.0 web:build: build/client/assets/workspace-D-sM0reN.js                                        13.09 kB │ gzip:   4.45 kB
#26 204.0 web:build: build/client/assets/v-DETTlOr0.js                                                13.20 kB │ gzip:   2.73 kB
#26 204.0 web:build: build/client/assets/radar-chart-C27NJ3OE.js                                      13.24 kB │ gzip:   4.35 kB
#26 204.0 web:build: build/client/assets/project-CkyvoVmT.js                                          13.30 kB │ gzip:   4.41 kB
#26 204.0 web:build: build/client/assets/work-item-type-BMrX5Ijz.js                                   13.30 kB │ gzip:   3.85 kB
#26 204.0 web:build: build/client/assets/project-BfDUdmny.js                                          13.36 kB │ gzip:   4.15 kB
#26 204.0 web:build: build/client/assets/work-item-type-DVT3_5N_.js                                   13.58 kB │ gzip:   3.82 kB
#26 204.0 web:build: build/client/assets/project-Aozhl21f.js                                          13.58 kB │ gzip:   4.31 kB
#26 204.0 web:build: build/client/assets/work-item-type-DsfupjLf.js                                   13.61 kB │ gzip:   4.12 kB
#26 204.0 web:build: build/client/assets/vitesse-light-VbXTXTou.js                                    13.61 kB │ gzip:   3.03 kB
#26 204.0 web:build: build/client/assets/workspace-BojPHmju.js                                        13.63 kB │ gzip:   4.52 kB
#26 204.0 web:build: build/client/assets/aurora-x-CDeNXAV0.js                                         13.65 kB │ gzip:   2.28 kB
#26 204.0 web:build: build/client/assets/project-DhvJfikU.js                                          13.65 kB │ gzip:   4.38 kB
#26 204.0 web:build: build/client/assets/general-BirHNAIJ.js                                          13.66 kB │ gzip:   4.13 kB
#26 204.0 web:build: build/client/assets/vitesse-black-fwtXNY1n.js                                    13.67 kB │ gzip:   3.05 kB
#26 204.0 web:build: build/client/assets/work-item-type-CVUqJQuC.js                                   13.72 kB │ gzip:   4.12 kB
#26 204.0 web:build: build/client/assets/vitesse-dark-BZCL-v6S.js                                     13.75 kB │ gzip:   3.06 kB
#26 204.0 web:build: build/client/assets/useOpenInteractionType-C8iISvt1.js                           13.78 kB │ gzip:   5.23 kB
#26 204.0 web:build: build/client/assets/work-item-type-St_Im-sM.js                                   13.80 kB │ gzip:   4.18 kB
#26 204.0 web:build: build/client/assets/work-item-type-CYalL6hu.js                                   13.81 kB │ gzip:   3.78 kB
#26 204.0 web:build: build/client/assets/project-2nRqqtWi.js                                          13.82 kB │ gzip:   4.35 kB
#26 204.0 web:build: build/client/assets/template-BnL_YN39.js                                         13.83 kB │ gzip:   3.36 kB
#26 204.0 web:build: build/client/assets/pug-DTOOCNJY.js                                              13.84 kB │ gzip:   2.58 kB
#26 204.0 web:build: build/client/assets/empty-state-D5QrzW2A.js                                      13.86 kB │ gzip:   3.88 kB
#26 204.0 web:build: build/client/assets/template--IvPQfFu.js                                         13.88 kB │ gzip:   3.40 kB
#26 204.0 web:build: build/client/assets/luau-CNKltnaQ.js                                             13.95 kB │ gzip:   3.16 kB
#26 204.0 web:build: build/client/assets/empty-state-_Fn1fnOd.js                                      13.97 kB │ gzip:   3.92 kB
#26 204.0 web:build: build/client/assets/project-yib9wCm4.js                                          14.00 kB │ gzip:   4.47 kB
#26 204.0 web:build: build/client/assets/synthwave-84-nFMaYfgc.js                                     14.03 kB │ gzip:   2.85 kB
#26 204.0 web:build: build/client/assets/work-item-type-CiNl8er5.js                                   14.05 kB │ gzip:   4.01 kB
#26 204.0 web:build: build/client/assets/page-DOTxt-nw.js                                             14.07 kB │ gzip:   4.49 kB
#26 204.0 web:build: build/client/assets/work-item-type-DS69mSwJ.js                                   14.08 kB │ gzip:   3.87 kB
#26 204.0 web:build: build/client/assets/project-settings-D3YZRosU.js                                 14.09 kB │ gzip:   4.91 kB
#26 204.0 web:build: build/client/assets/work-item-type-DXQdNtwV.js                                   14.09 kB │ gzip:   4.01 kB
#26 204.0 web:build: build/client/assets/github-light-default-BXViO-2h.js                             14.15 kB │ gzip:   3.02 kB
#26 204.0 web:build: build/client/assets/clarity-SemFz856.js                                          14.26 kB │ gzip:   2.46 kB
#26 204.0 web:build: build/client/assets/github-light-high-contrast-B68TUdTA.js                       14.27 kB │ gzip:   3.00 kB
#26 204.0 web:build: build/client/assets/layout-DI_Cmw4c2.js                                          14.29 kB │ gzip:   4.29 kB
#26 204.0 web:build: build/client/assets/project-settings-DP_Pxggz.js                                 14.34 kB │ gzip:   4.99 kB
#26 204.0 web:build: build/client/assets/PolarAngleAxis-BJ1t69CN.js                                   14.39 kB │ gzip:   3.95 kB
#26 204.0 web:build: build/client/assets/github-dark-dimmed-Bx1FflLF.js                               14.43 kB │ gzip:   3.11 kB
#26 204.0 web:build: build/client/assets/github-dark-default-DXG-b-1a.js                              14.43 kB │ gzip:   3.12 kB
#26 204.0 web:build: build/client/assets/workspace-BrAf2UNS.js                                        14.51 kB │ gzip:   4.47 kB
#26 204.0 web:build: build/client/assets/project-ChMwp71D.js                                          14.54 kB │ gzip:   4.26 kB
#26 204.0 web:build: build/client/assets/work-item-type-DsKHlb22.js                                   14.54 kB │ gzip:   4.01 kB
#26 204.0 web:build: build/client/assets/work-item-type-CtaP6hJR.js                                   14.56 kB │ gzip:   4.08 kB
#26 204.0 web:build: build/client/assets/github-dark-high-contrast-B_tTalzw.js                        14.59 kB │ gzip:   3.07 kB
#26 204.0 web:build: build/client/assets/gnuplot-7GGW24-e.js                                          14.77 kB │ gzip:   3.27 kB
#26 204.0 web:build: build/client/assets/work-item-type-BolDFBZn.js                                   14.86 kB │ gzip:   3.95 kB
#26 204.0 web:build: build/client/assets/time-Ck92M8Q7.js                                             14.92 kB │ gzip:   4.81 kB
#26 204.0 web:build: build/client/assets/transfer-issues-modal-wryEeGxB.js                            15.00 kB │ gzip:   5.19 kB
#26 204.0 web:build: build/client/assets/project-zgRPG_3c.js                                          15.02 kB │ gzip:   4.31 kB
#26 204.0 web:build: build/client/assets/rust-Cfkwpbl8.js                                             15.06 kB │ gzip:   2.71 kB
#26 204.0 web:build: build/client/assets/auth-DYjrefTo.js                                             15.08 kB │ gzip:   3.62 kB
#26 204.0 web:build: build/client/assets/page-DP_1z40g.js                                             15.14 kB │ gzip:   5.17 kB
#26 204.0 web:build: build/client/assets/kusto-BUv0MjJC.js                                            15.16 kB │ gzip:   3.93 kB
#26 204.0 web:build: build/client/assets/actionscript-3--17pq3dv.js                                   15.19 kB │ gzip:   2.67 kB
#26 204.0 web:build: build/client/assets/workspace-CyNSBSE4.js                                        15.20 kB │ gzip:   4.77 kB
#26 204.0 web:build: build/client/assets/auth-kKLdR1R0.js                                             15.25 kB │ gzip:   3.59 kB
#26 204.0 web:build: build/client/assets/project-settings-By3MFAUi.js                                 15.37 kB │ gzip:   4.49 kB
#26 204.0 web:build: build/client/assets/page-DEXNiL-P2.js                                            15.46 kB │ gzip:   5.45 kB
#26 204.0 web:build: build/client/assets/nix-IvuFDN5E.js                                              15.50 kB │ gzip:   2.47 kB
#26 204.0 web:build: build/client/assets/lua-Cjh6CzVx.js                                              15.58 kB │ gzip:   3.18 kB
#26 204.0 web:build: build/client/assets/work-item-type-CTODUd1R.js                                   15.63 kB │ gzip:   4.14 kB
#26 204.0 web:build: build/client/assets/chunk-SVP7TREG-CeAOFMh8.js                                   15.64 kB │ gzip:   4.36 kB
#26 204.0 web:build: build/client/assets/diagram-VX7I27RA-CErBuutH.js                                 15.73 kB │ gzip:   5.51 kB
#26 204.0 web:build: build/client/assets/integration-DowBhzuY.js                                      15.75 kB │ gzip:   4.93 kB
#26 204.0 web:build: build/client/assets/integration-Cp4OHnho.js                                      15.80 kB │ gzip:   4.97 kB
#26 204.0 web:build: build/client/assets/abap-CLvhMVsD.js                                             15.84 kB │ gzip:   5.93 kB
#26 204.0 web:build: build/client/assets/project-BePP7fe1.js                                          15.98 kB │ gzip:   4.62 kB
#26 204.0 web:build: build/client/assets/solidity-CKzVLygQ.js                                         16.06 kB │ gzip:   3.09 kB
#26 204.0 web:build: build/client/assets/matlab-D7qyCx1q.js                                           16.07 kB │ gzip:   3.06 kB
#26 204.0 web:build: build/client/assets/cue-CE9AQfxI.js                                              16.19 kB │ gzip:   2.04 kB
#26 204.0 web:build: build/client/assets/project-settings-5p9d_-li.js                                 16.22 kB │ gzip:   4.63 kB
#26 204.0 web:build: build/client/assets/elixir-BFJ5TWfm.js                                           16.26 kB │ gzip:   2.76 kB
#26 204.0 web:build: build/client/assets/spreadsheet-view-Bt8Rg86a.js                                 16.36 kB │ gzip:   5.28 kB
#26 204.0 web:build: build/client/assets/odin-B1RWQWA5.js                                             16.50 kB │ gzip:   2.92 kB
#26 204.0 web:build: build/client/assets/isEmpty-B4XP56lu.js                                          16.52 kB │ gzip:   6.15 kB
#26 204.0 web:build: build/client/assets/activity-B1XvXMov.js                                         16.54 kB │ gzip:   2.94 kB
#26 204.0 web:build: build/client/assets/mermaid-parser.core-BCOGZFb-.js                              16.59 kB │ gzip:   3.93 kB
#26 204.0 web:build: build/client/assets/page-DwH9wkX0.js                                             16.65 kB │ gzip:   5.44 kB
#26 204.0 web:build: build/client/assets/work-item-Bjs_x5xm.js                                        16.73 kB │ gzip:   4.01 kB
#26 204.0 web:build: build/client/assets/integration-Dn0FksU7.js                                      16.76 kB │ gzip:   4.42 kB
#26 204.0 web:build: build/client/assets/integration-QxD-UH6q.js                                      16.76 kB │ gzip:   4.42 kB
#26 204.0 web:build: build/client/assets/work-item-CXTCZ__Z.js                                        16.79 kB │ gzip:   4.15 kB
#26 204.0 web:build: build/client/assets/project-settings-D6mA4kbQ.js                                 16.82 kB │ gzip:   5.23 kB
#26 204.0 web:build: build/client/assets/use-navigation-items-BiB0gAme.js                             16.84 kB │ gzip:   5.72 kB
#26 204.0 web:build: build/client/assets/project-settings-VS536DnH.js                                 16.91 kB │ gzip:   5.26 kB
#26 204.0 web:build: build/client/assets/bird2-C2hNVINV.js                                            16.96 kB │ gzip:   3.84 kB
#26 204.0 web:build: build/client/assets/project-settings-C3ltfbH9.js                                 17.03 kB │ gzip:   5.04 kB
#26 204.0 web:build: build/client/assets/project-settings-DaI3_wLh.js                                 17.03 kB │ gzip:   5.26 kB
#26 204.0 web:build: build/client/assets/kanagawa-wave-CTweb8Dz.js                                    17.12 kB │ gzip:   2.90 kB
#26 204.0 web:build: build/client/assets/kanagawa-lotus-BN08jTvb.js                                   17.12 kB │ gzip:   2.90 kB
#26 204.0 web:build: build/client/assets/kanagawa-dragon-CXtmUGW6.js                                  17.12 kB │ gzip:   2.92 kB
#26 204.0 web:build: build/client/assets/ishikawaDiagram-5VMMS53U-Da5O8aKq.js                         17.33 kB │ gzip:   6.53 kB
#26 204.0 web:build: build/client/assets/project-D9RotxtO.js                                          17.38 kB │ gzip:   4.66 kB
#26 204.0 web:build: build/client/assets/integration-DCzUQgDV.js                                      17.40 kB │ gzip:   4.70 kB
#26 204.0 web:build: build/client/assets/workspace-dveVzlXl.js                                        17.43 kB │ gzip:   5.05 kB
#26 204.0 web:build: build/client/assets/move-B1IS1UjX.js                                             17.49 kB │ gzip:   3.06 kB
#26 204.0 web:build: build/client/assets/project-settings-DZxCLxbg.js                                 17.53 kB │ gzip:   4.99 kB
#26 204.0 web:build: build/client/assets/project-settings-BZG8i75v.js                                 17.71 kB │ gzip:   5.12 kB
#26 204.0 web:build: build/client/assets/page-BjojTjCV.js                                             17.75 kB │ gzip:   5.27 kB
#26 204.0 web:build: build/client/assets/project-settings-CXjyoaV1.js                                 17.75 kB │ gzip:   5.21 kB
#26 204.0 web:build: build/client/assets/project-settings-C9iSmFtq.js                                 17.80 kB │ gzip:   5.00 kB
#26 204.0 web:build: build/client/assets/workspace-settings-C_fXs_WA.js                               17.95 kB │ gzip:   6.37 kB
#26 204.0 web:build: build/client/assets/work-item-CGSjTIng.js                                        17.99 kB │ gzip:   3.85 kB
#26 204.0 web:build: build/client/assets/page-BgtQ2_ty.js                                             18.02 kB │ gzip:   4.26 kB
#26 204.0 web:build: build/client/assets/graphql-rSMgrzOq.js                                          18.07 kB │ gzip:   2.53 kB
#26 204.0 web:build: build/client/assets/liquid-BDaup0TZ.js                                           18.10 kB │ gzip:   3.14 kB
#26 204.0 web:build: build/client/assets/web-hooks-B8rFMtN1.js                                        18.14 kB │ gzip:   6.10 kB
#26 204.0 web:build: build/client/assets/project-settings-DnxXekDD.js                                 18.20 kB │ gzip:   5.05 kB
#26 204.0 web:build: build/client/assets/adapter-uHmYm6ly.js                                          18.21 kB │ gzip:   5.52 kB
#26 204.0 web:build: build/client/assets/integration-DMCPP2Oc.js                                      18.22 kB │ gzip:   5.16 kB
#26 204.0 web:build: build/client/assets/empty-state-DCdbr8HR.js                                      18.22 kB │ gzip:   4.55 kB
#26 204.0 web:build: build/client/assets/svelte-VVDv9FMD.js                                           18.24 kB │ gzip:   3.14 kB
#26 204.0 web:build: build/client/assets/workspace-settings-CohLmsMh.js                               18.25 kB │ gzip:   6.44 kB
#26 204.0 web:build: build/client/assets/workspace-D3eKlO1U.js                                        18.25 kB │ gzip:   5.10 kB
#26 204.0 web:build: build/client/assets/integration-TS_Y5nCw.js                                      18.29 kB │ gzip:   4.99 kB
#26 204.0 web:build: build/client/assets/project-settings-F-dyIkNA.js                                 18.34 kB │ gzip:   5.13 kB
#26 204.0 web:build: build/client/assets/integration-CQo7pb3O.js                                      18.34 kB │ gzip:   5.10 kB
#26 204.0 web:build: build/client/assets/base-D1RFJgYg.js                                             18.45 kB │ gzip:   6.01 kB
#26 204.0 web:build: build/client/assets/integration-DfwCp6rJ.js                                      18.54 kB │ gzip:   5.18 kB
#26 204.0 web:build: build/client/assets/integration-C7r-YskA.js                                      18.55 kB │ gzip:   5.16 kB
#26 204.0 web:build: build/client/assets/integration-CRSfy-ms.js                                      18.56 kB │ gzip:   5.10 kB
#26 204.0 web:build: build/client/assets/page-jHQXQJbc.js                                             18.57 kB │ gzip:   6.35 kB
#26 204.0 web:build: build/client/assets/material-theme-Bm3Qr25_.js                                   18.61 kB │ gzip:   3.10 kB
#26 204.0 web:build: build/client/assets/material-theme-darker-2IIEA8gg.js                            18.62 kB │ gzip:   3.10 kB
#26 204.0 web:build: build/client/assets/material-theme-ocean-CHQ94UKr.js                             18.62 kB │ gzip:   3.12 kB
#26 204.0 web:build: build/client/assets/material-theme-lighter-uhdI0v04.js                           18.63 kB │ gzip:   3.10 kB
#26 204.0 web:build: build/client/assets/material-theme-palenight-B5W6OYN7.js                         18.63 kB │ gzip:   3.11 kB
#26 204.0 web:build: build/client/assets/integration-uu99enR3.js                                      18.67 kB │ gzip:   5.00 kB
#26 204.0 web:build: build/client/assets/integration-DVqYDqcm.js                                      18.73 kB │ gzip:   5.26 kB
#26 204.0 web:build: build/client/assets/project-settings-D1Uzxkoh.js                                 18.78 kB │ gzip:   5.20 kB
#26 204.0 web:build: build/client/assets/empty-state-DONHOhK9.js                                      18.82 kB │ gzip:   4.63 kB
#26 204.0 web:build: build/client/assets/integration-BqgZXNXg.js                                      18.92 kB │ gzip:   5.12 kB
#26 204.0 web:build: build/client/assets/gdscript-Cp2uCuqX.js                                         18.98 kB │ gzip:   3.75 kB
#26 204.0 web:build: build/client/assets/workspace-settings-BcoE1c4x.js                               19.03 kB │ gzip:   5.77 kB
#26 204.0 web:build: build/client/assets/integration-Dhs0csJv.js                                      19.10 kB │ gzip:   5.12 kB
#26 204.0 web:build: build/client/assets/groovy-CacY0gHj.js                                           19.17 kB │ gzip:   3.59 kB
#26 204.0 web:build: build/client/assets/integration-CsBaywPD.js                                      19.19 kB │ gzip:   5.21 kB
#26 204.0 web:build: build/client/assets/mdc-Dn4nw8Bi.js                                              19.54 kB │ gzip:   6.66 kB
#26 204.0 web:build: build/client/assets/project-settings-DY7T431c.js                                 19.63 kB │ gzip:   5.12 kB
#26 204.0 web:build: build/client/assets/floating-ui.react-dom-C8w0JLnB.js                            19.71 kB │ gzip:   7.70 kB
#26 204.0 web:build: build/client/assets/toast-CPJAF7h0.js                                            19.83 kB │ gzip:   6.85 kB
#26 204.0 web:build: build/client/assets/string-CcpFXn6f.js                                           19.85 kB │ gzip:   6.65 kB
#26 204.0 web:build: build/client/assets/work-item-type-DfX5XewP.js                                   20.00 kB │ gzip:   4.69 kB
#26 204.0 web:build: build/client/assets/ayu-dark-DluEY0Gj.js                                         20.07 kB │ gzip:   3.93 kB
#26 204.0 web:build: build/client/assets/ayu-mirage-Bqwy1Gya.js                                       20.08 kB │ gzip:   3.91 kB
#26 204.0 web:build: build/client/assets/workspace-settings-EW6mpYJ0.js                               20.08 kB │ gzip:   5.99 kB
#26 204.0 web:build: build/client/assets/glimmer-js-DU0XCRN2.js                                       20.08 kB │ gzip:   2.94 kB
#26 204.0 web:build: build/client/assets/glimmer-ts-DJWNSNUP.js                                       20.08 kB │ gzip:   2.93 kB
#26 204.0 web:build: build/client/assets/integration-D0QGuTeY.js                                      20.11 kB │ gzip:   5.08 kB
#26 204.0 web:build: build/client/assets/powershell-DshXNtvi.js                                       20.14 kB │ gzip:   4.05 kB
#26 204.0 web:build: build/client/assets/ayu-light-C3h-C4tm.js                                        20.14 kB │ gzip:   3.89 kB
#26 204.0 web:build: build/client/assets/work-item-type-mRHoENmw.js                                   20.18 kB │ gzip:   4.68 kB
#26 204.0 web:build: build/client/assets/kanban-definition-UXKFOSKX-Crat6b1X.js                       20.35 kB │ gzip:   7.18 kB
#26 204.0 web:build: build/client/assets/viml-DvXPmvsu.js                                             20.35 kB │ gzip:   6.73 kB
#26 204.0 web:build: build/client/assets/nushell-DcLAeLz5.js                                          20.40 kB │ gzip:   5.21 kB
#26 204.0 web:build: build/client/assets/integration-CtXTFiaS.js                                      20.43 kB │ gzip:   5.37 kB
#26 204.0 web:build: build/client/assets/project-settings-BQ4x6UuQ.js                                 20.58 kB │ gzip:   5.33 kB
#26 204.0 web:build: build/client/assets/snazzy-light-4G7pJPwS.js                                     20.77 kB │ gzip:   3.80 kB
#26 204.0 web:build: build/client/assets/workspace-settings-D2UJmaKQ.js                               20.86 kB │ gzip:   6.68 kB
#26 204.0 web:build: build/client/assets/utils-DsKTM82P.js                                            20.87 kB │ gzip:   8.22 kB
#26 204.0 web:build: build/client/assets/twig-DW91jh5e.js                                             20.90 kB │ gzip:   3.66 kB
#26 204.0 web:build: build/client/assets/base-list-root-D82poJwo.js                                   20.96 kB │ gzip:   7.47 kB
#26 204.0 web:build: build/client/assets/workspace-settings-DZ_qqwPL.js                               20.96 kB │ gzip:   6.71 kB
#26 204.0 web:build: build/client/assets/dracula-BHWKrbxM.js                                          21.06 kB │ gzip:   3.99 kB
#26 204.0 web:build: build/client/assets/dracula-soft-5eyTD99u.js                                     21.07 kB │ gzip:   4.02 kB
#26 204.0 web:build: build/client/assets/workspace-settings-BcQaEoo6.js                               21.19 kB │ gzip:   6.79 kB
#26 204.0 web:build: build/client/assets/workspace-settings-CHqVv-rs.js                               21.32 kB │ gzip:   6.53 kB
#26 204.0 web:build: build/client/assets/workspace-settings-DzrxCRIa.js                               21.40 kB │ gzip:   6.52 kB
#26 204.0 web:build: build/client/assets/wit-DdvCle-K.js                                              21.46 kB │ gzip:   2.87 kB
#26 204.0 web:build: build/client/assets/workspace-settings-BCX7e3tH.js                               21.48 kB │ gzip:   6.60 kB
#26 204.0 web:build: build/client/assets/quick-add-DYUNGur9.js                                        21.70 kB │ gzip:   5.50 kB
#26 204.0 web:build: build/client/assets/page-BuRJVEBg.js                                             21.71 kB │ gzip:   6.54 kB
#26 204.0 web:build: build/client/assets/rose-pine-BthvhNj6.js                                        21.74 kB │ gzip:   3.86 kB
#26 204.0 web:build: build/client/assets/rose-pine-moon-hon4tzzS.js                                   21.75 kB │ gzip:   3.87 kB
#26 204.0 web:build: build/client/assets/rose-pine-dawn-Dg85fqjY.js                                   21.75 kB │ gzip:   3.88 kB
#26 204.0 web:build: build/client/assets/page-C7YtBP4_.js                                             21.83 kB │ gzip:   6.85 kB
#26 204.0 web:build: build/client/assets/project-settings-CuFt3oGw.js                                 21.85 kB │ gzip:   5.49 kB
#26 204.0 web:build: build/client/assets/workspace-Bi2R3mYw.js                                        21.87 kB │ gzip:   5.01 kB
#26 204.0 web:build: build/client/assets/workspace-settings-Hm3IWNlt.js                               21.96 kB │ gzip:   6.57 kB
#26 204.0 web:build: build/client/assets/workspace-settings-BnStH7kI.js                               22.31 kB │ gzip:   6.64 kB
#26 204.0 web:build: build/client/assets/nim-CTtD0l1l.js                                              22.45 kB │ gzip:   3.15 kB
#26 204.0 web:build: build/client/assets/workspace-settings-C-hk2zLQ.js                               22.49 kB │ gzip:   6.71 kB
#26 204.0 web:build: build/client/assets/common-lisp-Cv5bFMCO.js                                      22.57 kB │ gzip:   6.07 kB
#26 204.0 web:build: build/client/assets/surrealql-DxbeTTnI.js                                        22.58 kB │ gzip:   4.31 kB
#26 204.0 web:build: build/client/assets/auth-base-86YRHbFa.js                                        22.62 kB │ gzip:   7.03 kB
#26 204.0 web:build: build/client/assets/gruvbox-dark-hard-C820rvS2.js                                22.63 kB │ gzip:   4.15 kB
#26 204.0 web:build: build/client/assets/gruvbox-dark-soft-MrdJrrXF.js                                22.63 kB │ gzip:   4.15 kB
#26 204.0 web:build: build/client/assets/gruvbox-light-hard-BC_s9l72.js                               22.63 kB │ gzip:   4.16 kB
#26 204.0 web:build: build/client/assets/gruvbox-light-soft-BSMLrYjP.js                               22.63 kB │ gzip:   4.16 kB
#26 204.0 web:build: build/client/assets/gruvbox-dark-medium-BPjhmG05.js                              22.63 kB │ gzip:   4.15 kB
#26 204.0 web:build: build/client/assets/gruvbox-light-medium-BAWPOn9u.js                             22.63 kB │ gzip:   4.16 kB
#26 204.0 web:build: build/client/assets/workspace-settings-CnJcBM-s.js                               22.75 kB │ gzip:   6.83 kB
#26 204.0 web:build: build/client/assets/mindmap-definition-YA3MSWOX-Cs7420Gw.js                      22.77 kB │ gzip:   7.64 kB
#26 204.0 web:build: build/client/assets/sankeyDiagram-P5KCCOFB-BGJlQGc0.js                           22.81 kB │ gzip:   8.26 kB
#26 204.0 web:build: build/client/assets/base-kanban-root-BnCqWgDl.js                                 23.00 kB │ gzip:   7.36 kB
#26 204.0 web:build: build/client/assets/page-CPhe5a5b2.js                                            23.00 kB │ gzip:   7.71 kB
#26 204.0 web:build: build/client/assets/journeyDiagram-3NMN7TZE-DDy4dIcj.js                          23.20 kB │ gzip:   8.18 kB
#26 204.0 web:build: build/client/assets/chunk-75Z2AOVW-Cpsibjxm.js                                   23.21 kB │ gzip:   7.30 kB
#26 204.0 web:build: build/client/assets/workspace-settings-48i0zbEU.js                               23.31 kB │ gzip:   6.89 kB
#26 204.0 web:build: build/client/assets/sql-DJ9kaT5m.js                                              23.46 kB │ gzip:   7.48 kB
#26 204.0 web:build: build/client/assets/cadence-CQ2zXKGN.js                                          23.66 kB │ gzip:   3.65 kB
#26 204.0 web:build: build/client/assets/workspace-settings-zb5KNnIj.js                               23.70 kB │ gzip:   6.59 kB
#26 204.0 web:build: build/client/assets/project-settings-D0jFxKKx.js                                 23.87 kB │ gzip:   5.94 kB
#26 204.0 web:build: build/client/assets/typespec-B88KGewJ.js                                         24.01 kB │ gzip:   2.58 kB
#26 204.0 web:build: build/client/assets/astro-C7JVYOne.js                                            24.02 kB │ gzip:   7.60 kB
#26 204.0 web:build: build/client/assets/apl-D_0wHQUg.js                                              24.02 kB │ gzip:   4.16 kB
#26 204.0 web:build: build/client/assets/templ-BshgNo7X.js                                            24.06 kB │ gzip:   5.41 kB
#26 204.0 web:build: build/client/assets/properties-fon-yAgF.js                                       24.12 kB │ gzip:   7.15 kB
#26 204.0 web:build: build/client/assets/angular-html-DRv4WgpF.js                                     24.23 kB │ gzip:   3.98 kB
#26 204.0 web:build: build/client/assets/vhdl-BroJfC0k.js                                             24.25 kB │ gzip:   3.86 kB
#26 204.0 web:build: build/client/assets/vue-BsnNpAEl.js                                              24.48 kB │ gzip:   2.96 kB
#26 204.0 web:build: build/client/assets/purescript-9MfHhQsQ.js                                       24.67 kB │ gzip:   3.24 kB
#26 204.0 web:build: build/client/assets/project-wydIATxO.js                                          24.82 kB │ gzip:   5.04 kB
#26 204.0 web:build: build/client/assets/quick-action-dropdowns-GJN2I5HR.js                           25.07 kB │ gzip:   4.78 kB
#26 204.0 web:build: build/client/assets/page-CgBPcwMe.js                                             25.18 kB │ gzip:   6.68 kB
#26 204.0 web:build: build/client/assets/wardleyDiagram-VM6X3IG4-CNmTeXE4.js                          25.22 kB │ gzip:   6.55 kB
#26 204.0 web:build: build/client/assets/one-light-D7Lr4KcI.js                                        25.29 kB │ gzip:   3.63 kB
#26 204.0 web:build: build/client/assets/fsharp-D13ZGOAj.js                                           25.30 kB │ gzip:   4.12 kB
#26 204.0 web:build: build/client/assets/integration-C7hHJHQL.js                                      25.30 kB │ gzip:   5.85 kB
#26 204.0 web:build: build/client/assets/workspace-settings-CmHhS92I.js                               25.31 kB │ gzip:   6.77 kB
#26 204.0 web:build: build/client/assets/marko-CHa0F7xg.js                                            25.48 kB │ gzip:   3.59 kB
#26 204.0 web:build: build/client/assets/workspace-settings-DR_U2Mj7.js                               25.55 kB │ gzip:   6.81 kB
#26 204.0 web:build: build/client/assets/c3-CnJL0r0V.js                                               25.62 kB │ gzip:   3.85 kB
#26 204.0 web:build: build/client/assets/integration-_rZMZw6W.js                                      25.86 kB │ gzip:   5.81 kB
#26 204.0 web:build: build/client/assets/night-owl-light-eJ-hLW7d.js                                  25.89 kB │ gzip:   4.23 kB
#26 204.0 web:build: build/client/assets/project-settings-BWGv4dZ5.js                                 25.94 kB │ gzip:   6.16 kB
#26 204.0 web:build: build/client/assets/layout-CBq8G0KL.js                                           26.01 kB │ gzip:   7.74 kB
#26 204.0 web:build: build/client/assets/bundle-mjs-BeY4Dw7-.js                                       26.09 kB │ gzip:   8.44 kB
#26 204.0 web:build: build/client/assets/system-verilog-DJ5XKQeo.js                                   26.19 kB │ gzip:   4.82 kB
#26 204.0 web:build: build/client/assets/empty-state-BWUUn9zP.js                                      26.26 kB │ gzip:   4.37 kB
#26 204.0 web:build: build/client/assets/nord-Cb4Vim4T.js                                             26.72 kB │ gzip:   4.35 kB
#26 204.0 web:build: build/client/assets/codeql-oeQT6MSM.js                                           26.87 kB │ gzip:   3.79 kB
#26 204.0 web:build: build/client/assets/rough.esm-CSKSodPl.js                                        27.10 kB │ gzip:   8.85 kB
#26 204.0 web:build: build/client/assets/scss-Bv9vhZCe.js                                             27.25 kB │ gzip:   4.22 kB
#26 204.0 web:build: build/client/assets/java-BvXLEmtK.js                                             27.27 kB │ gzip:   4.30 kB
#26 204.0 web:build: build/client/assets/coffee-BplaQ6IY.js                                           27.42 kB │ gzip:   6.35 kB
#26 204.0 web:build: build/client/assets/razor-CEfnZm5C.js                                            27.45 kB │ gzip:   3.54 kB
#26 204.0 web:build: build/client/assets/dagre-CRE5osQ4.js                                            27.85 kB │ gzip:   9.82 kB
#26 204.0 web:build: build/client/assets/list-CqCUPUHW.js                                             28.37 kB │ gzip:   8.13 kB
#26 204.0 web:build: build/client/assets/scala-DKOlJaKm.js                                            28.87 kB │ gzip:   3.92 kB
#26 204.0 web:build: build/client/assets/night-owl-DhmEMT88.js                                        28.91 kB │ gzip:   5.14 kB
#26 204.0 web:build: build/client/assets/page-BRvKxb-h.js                                             28.94 kB │ gzip:   8.22 kB
#26 204.0 web:build: build/client/assets/gitGraphDiagram-WWUBYQGX-CWD84jpR.js                         29.01 kB │ gzip:   8.54 kB
#26 204.0 web:build: build/client/assets/crystal-Dojg-BOQ.js                                          29.41 kB │ gzip:   4.44 kB
#26 204.0 web:build: build/client/assets/mermaid-Bk4SNUv9.js                                          29.50 kB │ gzip:   3.64 kB
#26 204.0 web:build: build/client/assets/applescript-CCn79oCD.js                                      29.56 kB │ gzip:   5.94 kB
#26 204.0 web:build: build/client/assets/page-BlRoJSoq.js                                             29.67 kB │ gzip:   6.83 kB
#26 204.0 web:build: build/client/assets/workspace-settings-naczeU6N.js                               30.21 kB │ gzip:   7.67 kB
#26 204.0 web:build: build/client/assets/timeline-definition-24CTP7MA-B1tjLavY.js                     30.43 kB │ gzip:   9.97 kB
#26 204.0 web:build: build/client/assets/workspace-settings-DuQAZ4Y1.js                               30.62 kB │ gzip:   7.67 kB
#26 204.0 web:build: build/client/assets/erDiagram-RLTQ6QDP-DvrwTrO5.js                               30.72 kB │ gzip:  10.56 kB
#26 204.0 web:build: build/client/assets/julia-Bjl0u5bi.js                                            30.99 kB │ gzip:   4.30 kB
#26 204.0 web:build: build/client/assets/requirementDiagram-BXWQKSXE-DS1Vg8d2.js                      31.03 kB │ gzip:   9.78 kB
#26 204.0 web:build: build/client/assets/stylus-B6D30XZt.js                                           31.06 kB │ gzip:   8.01 kB
#26 204.0 web:build: build/client/assets/base-spreadsheet-root-B1FrFQAT.js                            31.91 kB │ gzip:   9.72 kB
#26 204.0 web:build: build/client/assets/workflow-CjWgIm1-.js                                         31.93 kB │ gzip:   7.54 kB
#26 204.0 web:build: build/client/assets/errorBoundaries-LAZu_PI2.js                                  32.20 kB │ gzip:  11.23 kB
#26 204.0 web:build: build/client/assets/combobox--CVOMx9A.js                                         33.00 kB │ gzip:  11.93 kB
#26 204.0 web:build: build/client/assets/page-iE_flvLN.js                                             33.34 kB │ gzip:  10.05 kB
#26 204.0 web:build: build/client/assets/poimandres-DRFjx7u4.js                                       33.49 kB │ gzip:   5.49 kB
#26 204.0 web:build: build/client/assets/quadrantDiagram-AXDQQJYC-DEU1Zbcz.js                         33.55 kB │ gzip:   9.75 kB
#26 204.0 web:build: build/client/assets/one-dark-pro-CLwyXe_n.js                                     33.78 kB │ gzip:   5.50 kB
#26 204.0 web:build: build/client/assets/bsl-BkkzgIyY.js                                              33.86 kB │ gzip:   8.34 kB
#26 204.0 web:build: build/client/assets/content-CFMIGD_y.js                                          34.09 kB │ gzip:   9.68 kB
#26 204.0 web:build: build/client/assets/page-D9K-l66R.js                                             34.14 kB │ gzip:  10.01 kB
#26 204.0 web:build: build/client/assets/haxe-OTjmBuCE.js                                             35.15 kB │ gzip:   5.90 kB
#26 204.0 web:build: build/client/assets/nginx-D_PdP7KV.js                                            35.35 kB │ gzip:   4.45 kB
#26 204.0 web:build: build/client/assets/houston-CsvMBhTu.js                                          35.41 kB │ gzip:   5.76 kB
#26 204.0 web:build: build/client/assets/tokyo-night-oM2G3aXe.js                                      35.66 kB │ gzip:   6.22 kB
#26 204.0 web:build: build/client/assets/area-chart-BH-mIE2A.js                                       35.89 kB │ gzip:   8.98 kB
#26 204.0 web:build: build/client/assets/index.esm-BcoDhGo9.js                                        36.17 kB │ gzip:  12.69 kB
#26 204.0 web:build: build/client/assets/mermaid.core-BHOLiOWu.js                                     36.17 kB │ gzip:  12.21 kB
#26 204.0 web:build: build/client/assets/chunk-OSK3NFVY-Au8cUcwz.js                                   36.46 kB │ gzip:   7.91 kB
#26 204.0 web:build: build/client/assets/src-LkizuOSg.js                                              37.23 kB │ gzip:  12.43 kB
#26 204.0 web:build: build/client/assets/common-DWaarlRK.js                                           37.31 kB │ gzip:  14.21 kB
#26 204.0 web:build: build/client/assets/erlang-Cphh6RMH.js                                           37.47 kB │ gzip:   4.36 kB
#26 204.0 web:build: build/client/assets/common-BOAHUmO8.js                                           37.61 kB │ gzip:  14.25 kB
#26 204.0 web:build: build/client/assets/chunk-IMKFNOWR-Dd_tqV9M.js                                   37.71 kB │ gzip:  12.28 kB
#26 204.0 web:build: build/client/assets/common-C2yROvaR.js                                           38.17 kB │ gzip:  13.14 kB
#26 204.0 web:build: build/client/assets/cobol-By77_Eob.js                                            39.09 kB │ gzip:  10.89 kB
#26 204.0 web:build: build/client/assets/marked.esm-DLdcrU5H.js                                       39.30 kB │ gzip:  11.88 kB
#26 204.0 web:build: build/client/assets/common-B5VRy63N.js                                           39.69 kB │ gzip:  13.58 kB
#26 204.0 web:build: build/client/assets/modal-Cy0ct0bR.js                                            40.11 kB │ gzip:  12.67 kB
#26 204.0 web:build: build/client/assets/common-Df-Ddg5r.js                                           40.56 kB │ gzip:  14.05 kB
#26 204.0 web:build: build/client/assets/asm-Cmm7eHzH.js                                              40.71 kB │ gzip:   8.16 kB
#26 204.0 web:build: build/client/assets/common-J3RRldPP.js                                           40.89 kB │ gzip:  14.51 kB
#26 204.0 web:build: build/client/assets/vennDiagram-4TSXK5OY-DFas2Ec7.js                             41.18 kB │ gzip:  15.10 kB
#26 204.0 web:build: build/client/assets/icons-DWzY_Ct4-CITOwqVy.js                                   41.23 kB │ gzip:  14.42 kB
#26 204.0 web:build: build/client/assets/common-DWGFA2ns.js                                           41.40 kB │ gzip:  14.60 kB
#26 204.0 web:build: build/client/assets/blockDiagram-I7D4REHJ-CXcMRxR2.js                            41.48 kB │ gzip:  13.35 kB
#26 204.0 web:build: build/client/assets/haskell-D8IpX4py.js                                          41.48 kB │ gzip:   6.41 kB
#26 204.0 web:build: build/client/assets/common-BVcL32Bq.js                                           41.52 kB │ gzip:  14.71 kB
#26 204.0 web:build: build/client/assets/shellscript-CeI57MxR.js                                      41.53 kB │ gzip:   6.12 kB
#26 204.0 web:build: build/client/assets/common-DpqmDHzM.js                                           41.55 kB │ gzip:  14.11 kB
#26 204.0 web:build: build/client/assets/date-DIUECn-E.js                                             41.70 kB │ gzip:  13.43 kB
#26 204.0 web:build: build/client/assets/common-BlSnB0Qw.js                                           41.83 kB │ gzip:  14.14 kB
#26 204.0 web:build: build/client/assets/common-Domnhawl.js                                           41.83 kB │ gzip:  14.18 kB
#26 204.0 web:build: build/client/assets/common-D8GvZII3.js                                           41.96 kB │ gzip:  14.42 kB
#26 204.0 web:build: build/client/assets/common-DaSd3YU9.js                                           42.34 kB │ gzip:  14.34 kB
#26 204.0 web:build: build/client/assets/common-GQlILOfU.js                                           42.52 kB │ gzip:  14.49 kB
#26 204.0 web:build: build/client/assets/xychartDiagram-S5SC5T6Z-CDv5kF5_.js                          42.92 kB │ gzip:  11.78 kB
#26 204.0 web:build: build/client/assets/common-Dw2Ft66N.js                                           42.92 kB │ gzip:  14.47 kB
#26 204.0 web:build: build/client/assets/perl-_aSBXkFd.js                                             43.14 kB │ gzip:   4.64 kB
#26 204.0 web:build: build/client/assets/d-qD-0Kul2.js                                                43.78 kB │ gzip:   8.43 kB
#26 204.0 web:build: build/client/assets/common-zZHPFWSL.js                                           44.64 kB │ gzip:  14.32 kB
#26 204.0 web:build: build/client/assets/api.service-f3XDMHwY.js                                      45.66 kB │ gzip:  17.30 kB
#26 204.0 web:build: build/client/assets/common-CGbmlRXa.js                                           45.67 kB │ gzip:  14.98 kB
#26 204.0 web:build: build/client/assets/ruby-pxBiZ5sO.js                                             45.83 kB │ gzip:   5.56 kB
#26 204.0 web:build: build/client/assets/chunk-LNGE3PJU-OosUmKKA.js                                   46.39 kB │ gzip:  15.54 kB
#26 204.0 web:build: build/client/assets/go-BJwz_mda.js                                               46.80 kB │ gzip:   5.15 kB
#26 204.0 web:build: build/client/assets/apex-CGTLDQj6.js                                             46.97 kB │ gzip:   6.72 kB
#26 204.0 web:build: build/client/assets/catppuccin-mocha-DYhrFGRu.js                                 47.25 kB │ gzip:   7.98 kB
#26 204.0 web:build: build/client/assets/catppuccin-latte-DwIHMF0Q.js                                 47.25 kB │ gzip:   7.98 kB
#26 204.0 web:build: build/client/assets/catppuccin-frappe-3VR1Za6u.js                                47.25 kB │ gzip:   7.99 kB
#26 204.0 web:build: build/client/assets/catppuccin-macchiato-DYnBP6_5.js                             47.26 kB │ gzip:   7.99 kB
#26 204.0 web:build: build/client/assets/ada-C5qYipkI.js                                              48.07 kB │ gzip:   5.96 kB
#26 204.0 web:build: build/client/assets/chunk-TICWLB2K-CWt4c7hK.js                                   48.85 kB │ gzip:  15.75 kB
#26 204.0 web:build: build/client/assets/css-CAy5-eU3.js                                              49.07 kB │ gzip:  11.94 kB
#26 204.0 web:build: build/client/assets/imba-DsUTQ-LC.js                                             49.92 kB │ gzip:   9.47 kB
#26 204.0 web:build: build/client/assets/page-C8bi6bpN.js                                             52.93 kB │ gzip:  16.09 kB
#26 204.0 web:build: build/client/assets/everforest-dark-sB-x3p7T.js                                  53.74 kB │ gzip:   8.37 kB
#26 204.0 web:build: build/client/assets/everforest-light-Df2xbC6M.js                                 53.74 kB │ gzip:   8.36 kB
#26 204.0 web:build: build/client/assets/common-DhSOIYSE.js                                           53.82 kB │ gzip:  16.02 kB
#26 204.0 web:build: build/client/assets/common-DfL65yPq.js                                           54.09 kB │ gzip:  16.20 kB
#26 204.0 web:build: build/client/assets/projects-app-provider-B1Pul5ov.js                            54.31 kB │ gzip:  14.84 kB
#26 204.0 web:build: build/client/assets/ganttDiagram-EL5Y4UJY-Cn7Z6uSP.js                            54.73 kB │ gzip:  18.37 kB
#26 204.0 web:build: build/client/assets/dist-icSs1q2t.js                                             55.50 kB │ gzip:  13.98 kB
#26 204.0 web:build: build/client/assets/wikitext-ClFFjSW2.js                                         55.87 kB │ gzip:   4.81 kB
#26 204.0 web:build: build/client/assets/stata-bJ7vQPBP.js                                            56.99 kB │ gzip:  12.39 kB
#26 204.0 web:build: build/client/assets/html-CuNUWIbi.js                                             57.31 kB │ gzip:  11.78 kB
#26 204.0 web:build: build/client/assets/ballerina-B7ZEbQpA.js                                        58.68 kB │ gzip:   8.10 kB
#26 204.0 web:build: build/client/assets/tooltip-CMhJZ9-A.js                                          58.81 kB │ gzip:  19.81 kB
#26 204.0 web:build: build/client/assets/markdown-BYOwaDjH.js                                         59.32 kB │ gzip:   5.66 kB
#26 204.0 web:build: build/client/assets/es-B--Qc4_L.js                                               59.37 kB │ gzip:  16.15 kB
#26 204.0 web:build: build/client/assets/filters-scFzc1qD.js                                          59.38 kB │ gzip:  14.44 kB
#26 204.0 web:build: build/client/assets/chunk-SHT3W25Y-4B0Eff8x.js                                   61.27 kB │ gzip:  19.86 kB
#26 204.0 web:build: build/client/assets/ocaml-O90oeIOV.js                                            62.44 kB │ gzip:   5.04 kB
#26 204.0 web:build: build/client/assets/mobxreact.esm-DDdy5_2j.js                                    63.14 kB │ gzip:  18.65 kB
#26 204.0 web:build: build/client/assets/components-CKy5sCfo.js                                       63.44 kB │ gzip:  20.46 kB
#26 204.0 web:build: build/client/assets/c4Diagram-7LVT6UL2-BTx_4lz1.js                               64.76 kB │ gzip:  18.55 kB
#26 204.0 web:build: build/client/assets/common-CI3orYVc.js                                           65.98 kB │ gzip:  15.79 kB
#26 204.0 web:build: build/client/assets/mojo-BgCJLMeH.js                                             69.79 kB │ gzip:   9.21 kB
#26 204.0 web:build: build/client/assets/python-gzcpVVnB.js                                           69.94 kB │ gzip:   9.09 kB
#26 204.0 web:build: build/client/assets/stickies-list-WMAeZxiO.js                                    70.02 kB │ gzip:  21.86 kB
#26 204.0 web:build: build/client/assets/label-zOEBWpyy.js                                            70.12 kB │ gzip:  18.41 kB
#26 204.0 web:build: build/client/assets/c-Dle3-GeH.js                                                72.16 kB │ gzip:  10.55 kB
#26 204.0 web:build: build/client/assets/latex-BZqz9r0T.js                                            72.61 kB │ gzip:   6.68 kB
#26 204.0 web:build: build/client/assets/layout-C8_nvfs8.js                                           73.63 kB │ gzip:  19.12 kB
#26 204.0 web:build: build/client/assets/vyper-CgoNMtux.js                                            74.64 kB │ gzip:  10.69 kB
#26 204.0 web:build: build/client/assets/workitems-insight-table-DUHIJ_SN.js                          76.18 kB │ gzip:  21.80 kB
#26 204.0 web:build: build/client/assets/footer-DxRuo2AP.js                                           78.12 kB │ gzip:  23.67 kB
#26 204.0 web:build: build/client/assets/hack-C5iFX-l3.js                                             80.18 kB │ gzip:  26.27 kB
#26 204.0 web:build: build/client/assets/cose-bilkent-JH36ORCC-BuMA21oE.js                            81.43 kB │ gzip:  21.59 kB
#26 204.0 web:build: build/client/assets/emoji-icon-picker-BXxYlidi.js                                83.96 kB │ gzip:  27.39 kB
#26 204.0 web:build: build/client/assets/swift-DonLKvLd.js                                            86.68 kB │ gzip:  14.69 kB
#26 204.0 web:build: build/client/assets/menu-BFPzLFYn.js                                             87.02 kB │ gzip:  29.09 kB
#26 204.0 web:build: build/client/assets/fortran-free-form-CYNrtFtB.js                                88.96 kB │ gzip:  11.18 kB
#26 204.0 web:build: build/client/assets/csharp-Ct8U2NOr.js                                           89.68 kB │ gzip:  10.64 kB
#26 204.0 web:build: build/client/assets/racket-DcIDlBhZ.js                                           92.38 kB │ gzip:  15.07 kB
#26 204.0 web:build: build/client/assets/peek-overview-BoeWpJwW.js                                    95.89 kB │ gzip:  22.79 kB
#26 204.0 web:build: build/client/assets/less-DVTAwKKz.js                                             97.62 kB │ gzip:  14.84 kB
#26 204.0 web:build: build/client/assets/chunk-4HAMMTFA-BI_ct1wp.js                                  104.85 kB │ gzip:  25.29 kB
#26 204.0 web:build: build/client/assets/blade-DNKlCNRR.js                                           104.97 kB │ gzip:  28.30 kB
#26 204.0 web:build: build/client/assets/objective-c-D1A_Heim.js                                     105.40 kB │ gzip:  23.63 kB
#26 204.0 web:build: build/client/assets/modules-CPt82Hnp.js                                         108.73 kB │ gzip:  27.16 kB
#26 204.0 web:build: build/client/assets/php-Co9J6dhd.js                                             111.05 kB │ gzip:  28.65 kB
#26 204.0 web:build: build/client/assets/swimlanes-42K2YHIH-dU9MAxka.js                              111.17 kB │ gzip:  38.02 kB
#26 204.0 web:build: build/client/assets/sequenceDiagram-WJ2MYXX4-DNWdfOgL.js                        115.86 kB │ gzip:  30.67 kB
#26 204.0 web:build: build/client/assets/asciidoc-DE70LPWp.js                                        131.52 kB │ gzip:   9.31 kB
#26 204.0 web:build: build/client/assets/mdx-DQZ5AkYe.js                                             136.10 kB │ gzip:  23.54 kB
#26 204.0 web:build: build/client/assets/dist-1H2OYvSA.js                                            144.22 kB │ gzip:  38.71 kB
#26 204.0 web:build: build/client/assets/architectureDiagram-5GKGNRK7-DinQtDTk.js                    149.33 kB │ gzip:  41.23 kB
#26 204.0 web:build: build/client/assets/tab-navigation-root-tIxqDEzk.js                             151.94 kB │ gzip:  50.35 kB
#26 204.0 web:build: build/client/assets/chunk-JAPRZBRM-BjVtJzzA.js                                  161.25 kB │ gzip:  49.71 kB
#26 204.0 web:build: build/client/assets/objective-cpp-BsSzOQcm.js                                   171.96 kB │ gzip:  30.98 kB
#26 204.0 web:build: build/client/assets/javascript-BZr2kJlW.js                                      174.88 kB │ gzip:  16.68 kB
#26 204.0 web:build: build/client/assets/tsx-BFuTmWX2.js                                             175.59 kB │ gzip:  16.67 kB
#26 204.0 web:build: build/client/assets/jsx-DxrMxadd.js                                             177.84 kB │ gzip:  16.76 kB
#26 204.0 web:build: build/client/assets/client-DbgwVzsP.js                                          178.88 kB │ gzip:  56.49 kB
#26 204.0 web:build: build/client/assets/typescript-BuZ3SX_C.js                                      181.13 kB │ gzip:  16.28 kB
#26 204.0 web:build: build/client/assets/angular-ts-C7d2UF80.js                                      183.73 kB │ gzip:  16.78 kB
#26 204.0 web:build: build/client/assets/vue-vine-D76y0ohV.js                                        190.05 kB │ gzip:  18.07 kB
#26 204.0 web:build: build/client/assets/code-block-IT6T5CEO-DhG0uuOe.js                             190.17 kB │ gzip:  61.53 kB
#26 204.0 web:build: build/client/assets/chunk-DU6HZSFF-08AqaBwq.js                                  235.76 kB │ gzip:  38.39 kB
#26 204.0 web:build: build/client/assets/katex-B_ypc1If.js                                           259.23 kB │ gzip:  77.47 kB
#26 204.0 web:build: build/client/assets/wolfram-DLL8P-h_.js                                         262.38 kB │ gzip:  77.63 kB
#26 204.0 web:build: build/client/assets/use-parse-editor-content-BiSS7rmf.js                        298.52 kB │ gzip: 101.00 kB
#26 204.0 web:build: build/client/assets/generateCategoricalChart-DKz3uB97.js                        304.61 kB │ gzip:  77.31 kB
#26 204.0 web:build: build/client/assets/dist-mmjcdp89.js                                            334.19 kB │ gzip:  93.52 kB
#26 204.0 web:build: build/client/assets/store-context-B6TcT5Fy.js                                   394.20 kB │ gzip:  83.73 kB
#26 204.0 web:build: build/client/assets/directive-Di1DB8iq.js                                       397.66 kB │ gzip: 103.57 kB
#26 204.0 web:build: build/client/assets/dist-uC3BmFfp2.js                                           407.99 kB │ gzip: 132.05 kB
#26 204.0 web:build: build/client/assets/cytoscape.esm-CnKOMcDN.js                                   435.57 kB │ gzip: 137.96 kB
#26 204.0 web:build: build/client/assets/layout-DJJCWgDs.js                                          468.97 kB │ gzip: 137.85 kB
#26 204.0 web:build: build/client/assets/wasm-BnjxR4X6.js                                            622.32 kB │ gzip: 232.09 kB
#26 204.0 web:build: build/client/assets/cpp-Xl0Fx6l0.js                                             626.12 kB │ gzip:  48.09 kB
#26 204.0 web:build: build/client/assets/empty-state-81CEKObt.js                                     641.15 kB │ gzip: 212.58 kB
#26 204.0 web:build: build/client/assets/chunk-FOHPRMQF-Crrb2Aik.js                                  662.67 kB │ gzip: 143.23 kB
#26 204.0 web:build: build/client/assets/emacs-lisp-C9PiwqqW.js                                      779.84 kB │ gzip: 197.53 kB
#26 204.0 web:build: build/client/assets/dist-k6-HGpK8.js                                            862.41 kB │ gzip: 194.39 kB
#26 204.0 web:build: build/client/assets/document-collaborative-events-NWWO-tl_-9ivDjEVo.js        1,343.03 kB │ gzip: 345.14 kB
#26 204.0 web:build: build/client/assets/toolbar-CLTNAU4u.js                                       1,821.84 kB │ gzip: 603.68 kB
#26 204.0 web:build: 
#26 204.0 web:build: ✓ built in 1m 20s
#26 204.0 web:build: vite v8.0.16 building ssr environment for production...
#26 211.3 web:build: [2Kweb:build: transforming...✓ 430 modules transformed.
#26 211.5 web:build: rendering chunks...
#26 211.7 web:build: 
#26 211.7 web:build: ✓ 34 assets cleaned from React Router server build.
#26 211.7 web:build: build/client/assets/globals-D5Kpn2XG.css
#26 211.7 web:build: build/client/assets/icon-180x180-ArenqHjH.png
#26 211.7 web:build: build/client/assets/icon-512x512-CyS1mcXS.png
#26 211.7 web:build: build/client/assets/og-image-DL-1GVBU.png
#26 211.7 web:build: build/client/assets/tanfold-rebrand-favicon-Bof-_oO5.png
#26 211.7 web:build: build/client/assets/tenfold-clipart-002-B42sTEsy.png
#26 211.7 web:build: build/client/assets/maintenance-mode-dark-DAfHd5vC.svg
#26 211.7 web:build: build/client/assets/maintenance-mode-light-Dqp39OMJ.svg
#26 211.7 web:build: build/client/assets/inter-latin-wght-normal-Dx4kXJAl.woff2
#26 211.7 web:build: build/client/assets/inter-cyrillic-ext-wght-normal-BOeWTOD4.woff2
#26 211.7 web:build: build/client/assets/inter-cyrillic-wght-normal-DqGufNeO.woff2
#26 211.7 web:build: build/client/assets/inter-greek-ext-wght-normal-DlzME5K_.woff2
#26 211.7 web:build: build/client/assets/inter-greek-wght-normal-CkhJZR-_.woff2
#26 211.7 web:build: build/client/assets/inter-vietnamese-wght-normal-CBcvBZtf.woff2
#26 211.7 web:build: build/client/assets/inter-latin-ext-wght-normal-DO1Apj_S.woff2
#26 211.7 web:build: build/client/assets/material-symbols-rounded-latin-100-normal-StOoOijZ.woff2
#26 211.7 web:build: build/client/assets/material-symbols-rounded-latin-100-normal-CyR9BGN8.woff
#26 211.7 web:build: build/client/assets/material-symbols-rounded-latin-200-normal-Dy_97ylg.woff2
#26 211.7 web:build: build/client/assets/material-symbols-rounded-latin-200-normal-B9_93z2O.woff
#26 211.7 web:build: build/client/assets/material-symbols-rounded-latin-300-normal-CGYRw1-j.woff2
#26 211.7 web:build: build/client/assets/material-symbols-rounded-latin-300-normal-CexQLkYr.woff
#26 211.7 web:build: build/client/assets/material-symbols-rounded-latin-400-normal-BVRwnNJJ.woff2
#26 211.7 web:build: build/client/assets/material-symbols-rounded-latin-400-normal-3TtrvaAx.woff
#26 211.7 web:build: build/client/assets/ibm-plex-mono-cyrillic-ext-400-normal-xuaO2J-f.woff2
#26 211.7 web:build: build/client/assets/ibm-plex-mono-cyrillic-ext-400-normal-DMdlQ8Kv.woff
#26 211.7 web:build: build/client/assets/ibm-plex-mono-cyrillic-400-normal-BSMlKf0J.woff2
#26 211.7 web:build: build/client/assets/ibm-plex-mono-cyrillic-400-normal-CEL4l2ZJ.woff
#26 211.7 web:build: build/client/assets/ibm-plex-mono-vietnamese-400-normal-BulugwFq.woff2
#26 211.7 web:build: build/client/assets/ibm-plex-mono-vietnamese-400-normal-DDuiU_S-.woff
#26 211.7 web:build: build/client/assets/ibm-plex-mono-latin-ext-400-normal-BmRBH3aV.woff2
#26 211.7 web:build: build/client/assets/ibm-plex-mono-latin-ext-400-normal-D3D2R8hC.woff
#26 211.7 web:build: build/client/assets/ibm-plex-mono-latin-400-normal-DMJ8VG8y.woff2
#26 211.7 web:build: build/client/assets/ibm-plex-mono-latin-400-normal-CvHOgSBP.woff
#26 211.7 web:build: build/server/assets/server-build-CzK3JmXp.css
#26 211.7 web:build: 
#26 211.7 web:build: computing gzip size...
#26 211.7 web:build: build/server/assets/icon-180x180-ArenqHjH.png                                   2.70 kB
#26 211.7 web:build: build/server/assets/tanfold-rebrand-favicon-Bof-_oO5.png                        5.31 kB
#26 211.7 web:build: build/server/assets/ibm-plex-mono-vietnamese-400-normal-DDuiU_S-.woff           5.62 kB
#26 211.7 web:build: build/server/assets/ibm-plex-mono-cyrillic-ext-400-normal-DMdlQ8Kv.woff         5.82 kB
#26 211.7 web:build: build/server/assets/ibm-plex-mono-vietnamese-400-normal-BulugwFq.woff2          5.86 kB
#26 211.7 web:build: build/server/assets/ibm-plex-mono-cyrillic-ext-400-normal-xuaO2J-f.woff2        6.91 kB
#26 211.7 web:build: build/server/assets/ibm-plex-mono-cyrillic-400-normal-CEL4l2ZJ.woff             7.20 kB
#26 211.7 web:build: build/server/assets/ibm-plex-mono-cyrillic-400-normal-BSMlKf0J.woff2            8.35 kB
#26 211.7 web:build: build/server/assets/icon-512x512-CyS1mcXS.png                                   8.70 kB
#26 211.7 web:build: build/server/assets/inter-vietnamese-wght-normal-CBcvBZtf.woff2                10.25 kB
#26 211.7 web:build: build/server/assets/inter-greek-ext-wght-normal-DlzME5K_.woff2                 11.23 kB
#26 211.7 web:build: build/server/assets/ibm-plex-mono-latin-ext-400-normal-D3D2R8hC.woff           11.76 kB
#26 211.7 web:build: build/server/assets/ibm-plex-mono-latin-400-normal-CvHOgSBP.woff               13.14 kB
#26 211.7 web:build: build/server/assets/ibm-plex-mono-latin-ext-400-normal-BmRBH3aV.woff2          13.34 kB
#26 211.7 web:build: build/server/.vite/manifest.json                                               13.44 kB │ gzip:  1.21 kB
#26 211.7 web:build: build/server/assets/ibm-plex-mono-latin-400-normal-DMJ8VG8y.woff2              14.70 kB
#26 211.7 web:build: build/server/assets/inter-cyrillic-wght-normal-DqGufNeO.woff2                  18.74 kB
#26 211.7 web:build: build/server/assets/inter-greek-wght-normal-CkhJZR-_.woff2                     18.99 kB
#26 211.7 web:build: build/server/assets/inter-cyrillic-ext-wght-normal-BOeWTOD4.woff2              25.96 kB
#26 211.7 web:build: build/server/assets/maintenance-mode-light-Dqp39OMJ.svg                        31.93 kB │ gzip: 10.16 kB
#26 211.7 web:build: build/server/assets/maintenance-mode-dark-DAfHd5vC.svg                         32.01 kB │ gzip: 10.16 kB
#26 211.7 web:build: build/server/assets/inter-latin-wght-normal-Dx4kXJAl.woff2                     48.25 kB
#26 211.7 web:build: build/server/assets/og-image-DL-1GVBU.png                                      71.42 kB
#26 211.7 web:build: build/server/assets/inter-latin-ext-wght-normal-DO1Apj_S.woff2                 85.06 kB
#26 211.7 web:build: build/server/assets/tenfold-clipart-002-B42sTEsy.png                          319.01 kB
#26 211.7 web:build: build/server/assets/material-symbols-rounded-latin-400-normal-BVRwnNJJ.woff2  348.77 kB
#26 211.7 web:build: build/server/assets/material-symbols-rounded-latin-100-normal-StOoOijZ.woff2  363.56 kB
#26 211.7 web:build: build/server/assets/material-symbols-rounded-latin-300-normal-CGYRw1-j.woff2  388.05 kB
#26 211.7 web:build: build/server/assets/material-symbols-rounded-latin-200-normal-Dy_97ylg.woff2  389.09 kB
#26 211.7 web:build: build/server/assets/material-symbols-rounded-latin-400-normal-3TtrvaAx.woff   454.56 kB
#26 211.7 web:build: build/server/assets/material-symbols-rounded-latin-100-normal-CyR9BGN8.woff   485.69 kB
#26 211.7 web:build: build/server/assets/material-symbols-rounded-latin-300-normal-CexQLkYr.woff   506.70 kB
#26 211.7 web:build: build/server/assets/material-symbols-rounded-latin-200-normal-B9_93z2O.woff   507.90 kB
#26 211.7 web:build: build/server/assets/server-build-CzK3JmXp.css                                   4.86 kB │ gzip:  0.92 kB
#26 211.7 web:build: build/server/assets/globals-D5Kpn2XG.css                                      422.32 kB │ gzip: 61.98 kB
#26 211.7 web:build: build/server/index.js                                                         771.16 kB │ gzip: 88.85 kB
#26 211.7 web:build: 
#26 211.7 web:build: [33m[PLUGIN_TIMINGS] [0mYour build spent significant time in plugin `react-router:virtual-modules`. See https://rolldown.rs/options/checks#plugintimings for more details.
#26 211.7 web:build: 
#26 211.7 web:build: ✓ built in 7.88s
#26 212.7 web:build: SPA Mode: Generated build/client/index.html
#26 213.1 
#26 213.1  Tasks:    11 successful, 11 total
#26 213.1 Cached:    0 cached, 11 total
#26 213.1   Time:    3m24.386s 
#26 213.1 
#26 DONE 215.1s

#27 [production 2/4] RUN apk update && apk upgrade --no-cache && apk add --no-cache curl && rm -rf /var/cache/apk/*
#27 CACHED

#28 [production 3/4] COPY apps/web/caddy/Caddyfile /etc/caddy/Caddyfile
#28 CACHED

#29 [production 4/4] COPY --from=installer /app/apps/web/build/client /usr/share/caddy/html
#29 DONE 0.8s

#30 exporting to image
#30 exporting layers
#30 exporting layers 3.6s done
#30 exporting manifest sha256:6bdffc7b59da2d18211f52a8897490e3e4acfb955bd41ceb96ed63b564e96d00 0.0s done
#30 exporting config sha256:30029fc62cb9c057b4a1fafdefc737682fdc24d92fd48fe46e77318af3fa41cc 0.0s done
#30 exporting attestation manifest sha256:555807501a22708b03b66412632325aebab38b618e080d7be9d9363023921ad9 0.0s done
#30 exporting manifest list sha256:d4ecb51fad9eb37209886ac024244f2e04854517e2f7bb40fa4c9cfec07ad3c2 0.0s done
#30 naming to docker.io/library/ten-fold-plane-web:latest
#30 naming to docker.io/library/ten-fold-plane-web:latest done
#30 unpacking to docker.io/library/ten-fold-plane-web:latest
#30 unpacking to docker.io/library/ten-fold-plane-web:latest 1.1s done
#30 DONE 5.0s

#31 resolving provenance for metadata file
#31 DONE 0.4s
 Image ten-fold-plane-web Built 
 Image ten-fold-plane-space Building 
#1 [internal] load local bake definitions
#1 reading from stdin 1.72kB done
#1 DONE 0.0s

#2 [internal] load build definition from Dockerfile.space
#2 transferring dockerfile: 3.43kB done
#2 DONE 0.0s

#3 [internal] load metadata for docker.io/library/node:22-alpine
#3 DONE 2.1s

#4 [internal] load .dockerignore
#4 transferring context: 882B 0.0s done
#4 DONE 0.1s

#5 [internal] load build context
#5 DONE 0.0s

#6 [base 1/3] FROM docker.io/library/node:22-alpine@sha256:0a7108bf6c7bf5de370ffb1a3ed6be93d405b43ff159f681a8d18c0e2bc2e402
#6 resolve docker.io/library/node:22-alpine@sha256:0a7108bf6c7bf5de370ffb1a3ed6be93d405b43ff159f681a8d18c0e2bc2e402 0.1s done
#6 DONE 0.1s

#5 [internal] load build context
#5 transferring context: 578.31kB 1.7s done
#5 DONE 1.9s

#7 [base 2/3] WORKDIR /app
#7 CACHED

#8 [base 3/3] RUN corepack enable pnpm
#8 CACHED

#9 [builder 1/3] RUN pnpm add -g turbo@2.9.18
#9 CACHED

#10 [builder 2/3] COPY . .
#10 CACHED

#11 [builder 3/3] RUN turbo prune --scope=space --docker
#11 2.274  WARNING  --scope is deprecated and will be removed in a future major version. Use positional arguments instead (e.g. `turbo prune web`)
#11 2.496 Generating pruned monorepo for space in /app/out
#11 2.537  - Added @plane/constants
#11 2.698  - Added @plane/editor
#11 2.713  - Added @plane/hooks
#11 2.996  - Added @plane/i18n
#11 3.267  - Added @plane/propel
#11 3.323  - Added @plane/services
#11 3.335  - Added @plane/tailwind-config
#11 3.427  - Added @plane/types
#11 3.437  - Added @plane/typescript-config
#11 3.504  - Added @plane/ui
#11 3.586  - Added @plane/utils
#11 3.733  - Added space
#11 DONE 4.2s

#12 [installer 7/8] RUN --mount=type=cache,id=pnpm-store,target=/pnpm/store CI=true pnpm install --offline --frozen-lockfile --store-dir=/pnpm/store --prod=false
#12 CACHED

#13 [runner 6/8] RUN find /app/node_modules ( -name 'esbuild' -o -name 'tsgolint' ) -type f -delete 2>/dev/null || true
#13 CACHED

#14 [runner 2/8] RUN rm -rf /usr/local/lib/node_modules/npm/node_modules/picomatch
#14 CACHED

#15 [installer 6/8] RUN --mount=type=cache,id=pnpm-store,target=/pnpm/store pnpm fetch --store-dir=/pnpm/store
#15 CACHED

#16 [installer 8/8] RUN pnpm turbo run build --filter=space
#16 CACHED

#17 [installer 2/8] COPY --from=builder /app/out/json/ .
#17 CACHED

#18 [runner 1/8] RUN apk del go 2>/dev/null || true
#18 CACHED

#19 [runner 7/8] WORKDIR /app/apps/space
#19 CACHED

#20 [installer 3/8] COPY --from=builder /app/out/pnpm-lock.yaml ./pnpm-lock.yaml
#20 CACHED

#21 [runner 4/8] COPY --from=installer /app/apps/space/node_modules ./apps/space/node_modules
#21 CACHED

#22 [runner 3/8] COPY --from=installer /app/apps/space/build ./apps/space/build
#22 CACHED

#23 [runner 5/8] COPY --from=installer /app/node_modules ./node_modules
#23 CACHED

#24 [installer 5/8] COPY turbo.json turbo.json
#24 CACHED

#25 [installer 1/8] COPY .gitignore .gitignore
#25 CACHED

#26 [installer 4/8] COPY --from=builder /app/out/full/ .
#26 CACHED

#27 [runner 8/8] RUN apk add --no-cache curl
#27 CACHED

#28 exporting to image
#28 exporting layers 0.0s done
#28 exporting manifest sha256:43bc28b4638172fa9734263083e019cbe3ec92951cb843f34f1efc44373a698c 0.0s done
#28 exporting config sha256:e7ff26240b5b1e0776dda978138916483d94fdab77a0f583eb1b7ced1ffd3021 done
#28 exporting attestation manifest sha256:fa19ae02bf71c1a209d0cf4e5294c396f0508bb5d563218357c160ee3b7ea76b
#28 exporting attestation manifest sha256:fa19ae02bf71c1a209d0cf4e5294c396f0508bb5d563218357c160ee3b7ea76b 0.0s done
#28 exporting manifest list sha256:992fb8fd518cd96fce4c7d1303b9252f5d2b995923e263153ac8a63a2dc3ed15 0.0s done
#28 naming to docker.io/library/ten-fold-plane-space:latest done
#28 unpacking to docker.io/library/ten-fold-plane-space:latest 0.1s done
#28 DONE 0.3s

#29 resolving provenance for metadata file
#29 DONE 0.0s
 Image ten-fold-plane-space Built 
 Image ten-fold-plane-live Building 
#1 [internal] load local bake definitions
#1 reading from stdin 587B done
#1 DONE 0.0s

#2 [internal] load build definition from Dockerfile.live
#2 transferring dockerfile: 3.05kB done
#2 DONE 0.1s

#3 resolve image config for docker-image://docker.io/docker/dockerfile:1.7
#3 DONE 1.3s

#4 docker-image://docker.io/docker/dockerfile:1.7@sha256:a57df69d0ea827fb7266491f2813635de6f17269be881f696fbfdf2d83dda33e
#4 resolve docker.io/docker/dockerfile:1.7@sha256:a57df69d0ea827fb7266491f2813635de6f17269be881f696fbfdf2d83dda33e 0.0s done
#4 CACHED

#5 [internal] load metadata for docker.io/library/node:22-alpine
#5 DONE 1.2s

#6 [internal] load .dockerignore
#6 transferring context: 882B done
#6 DONE 0.0s

#7 [base 1/2] FROM docker.io/library/node:22-alpine@sha256:0a7108bf6c7bf5de370ffb1a3ed6be93d405b43ff159f681a8d18c0e2bc2e402
#7 resolve docker.io/library/node:22-alpine@sha256:0a7108bf6c7bf5de370ffb1a3ed6be93d405b43ff159f681a8d18c0e2bc2e402 0.0s done
#7 DONE 0.0s

#8 [internal] load build context
#8 transferring context: 578.31kB 0.6s done
#8 DONE 0.6s

#9 [base 2/2] RUN corepack enable
#9 CACHED

#10 [installer  1/12] RUN apk update
#10 CACHED

#11 [installer  2/12] RUN apk add --no-cache libc6-compat
#11 CACHED

#12 [installer  3/12] WORKDIR /app
#12 CACHED

#13 [builder 4/6] RUN corepack enable pnpm && pnpm add -g turbo@2.9.18
#13 CACHED

#14 [builder 5/6] COPY . .
#14 DONE 4.6s

#15 [builder 6/6] RUN turbo prune --scope=live --docker
#15 0.587  WARNING  --scope is deprecated and will be removed in a future major version. Use positional arguments instead (e.g. `turbo prune web`)
#15 0.590 
#15 0.590 Attention:
#15 0.590 Turborepo now collects completely anonymous telemetry regarding usage.
#15 0.590 This information is used to shape the Turborepo roadmap and prioritize features.
#15 0.590 You can learn more, including how to opt-out if you'd not like to participate in this anonymous program, by visiting the following URL:
#15 0.590 https://turborepo.dev/docs/telemetry
#15 0.590 
#15 0.592 • turbo 2.9.18
#15 0.775 Generating pruned monorepo for live in /app/out
#15 0.792  - Added @plane/constants
#15 0.797  - Added @plane/decorators
#15 0.829  - Added @plane/editor
#15 0.835  - Added @plane/hooks
#15 0.840  - Added @plane/logger
#15 0.894  - Added @plane/propel
#15 0.900  - Added @plane/tailwind-config
#15 0.919  - Added @plane/types
#15 0.924  - Added @plane/typescript-config
#15 0.942  - Added @plane/ui
#15 0.959  - Added @plane/utils
#15 0.973  - Added live
#15 DONE 1.2s

#16 [installer 11/12] RUN --mount=type=cache,id=pnpm-store,target=/pnpm/store CI=true pnpm install --offline --frozen-lockfile --store-dir=/pnpm/store
#16 CACHED

#17 [installer  7/12] RUN corepack enable pnpm
#17 CACHED

#18 [installer  8/12] COPY --from=builder /app/out/full/ .
#18 CACHED

#19 [runner 4/9] COPY --from=installer /app/packages ./packages
#19 CACHED

#20 [runner 2/9] RUN apk del go 2>/dev/null || true
#20 CACHED

#21 [installer  5/12] COPY --from=builder /app/out/json/ .
#21 CACHED

#22 [runner 5/9] COPY --from=installer /app/apps/live/dist ./apps/live/dist
#22 CACHED

#23 [runner 7/9] COPY --from=installer /app/node_modules ./node_modules
#23 CACHED

#24 [installer  4/12] COPY .gitignore .gitignore
#24 CACHED

#25 [runner 1/9] WORKDIR /app
#25 CACHED

#26 [installer  6/12] COPY --from=builder /app/out/pnpm-lock.yaml ./pnpm-lock.yaml
#26 CACHED

#27 [installer  9/12] COPY turbo.json turbo.json
#27 CACHED

#28 [installer 10/12] RUN --mount=type=cache,id=pnpm-store,target=/pnpm/store pnpm fetch --store-dir=/pnpm/store
#28 CACHED

#29 [installer 12/12] RUN pnpm turbo run build --filter=live
#29 CACHED

#30 [runner 8/9] COPY --from=installer /app/apps/live/package.json ./apps/live/package.json
#30 CACHED

#31 [runner 3/9] RUN rm -rf /usr/local/lib/node_modules/npm/node_modules/picomatch
#31 CACHED

#32 [runner 6/9] COPY --from=installer /app/apps/live/node_modules ./apps/live/node_modules
#32 CACHED

#33 [runner 9/9] RUN find /app/node_modules ( -name 'esbuild' -o -name 'tsgolint' ) -type f -delete 2>/dev/null || true
#33 CACHED

#34 exporting to image
#34 exporting layers 0.0s done
#34 exporting manifest sha256:5aa7e33692e01444e2af32a91d05f881250627ea6bd3fe195d055ef0e8fcc3e9 done
#34 exporting config sha256:3002d3524991c8a91b9a75c0b3d3595ef2446836112c0c43ef597bf8e9d948df done
#34 exporting attestation manifest sha256:535200837f3153b4357d3fdf7fe447666a8972bd26ff77f4961b9639c7ec0a74 0.0s done
#34 exporting manifest list sha256:7abdf35c8878d49f833adfe8e66db20919693af6750ce83e2e908c4e0c8a2bdc 0.0s done
#34 naming to docker.io/library/ten-fold-plane-live:latest done
#34 unpacking to docker.io/library/ten-fold-plane-live:latest 0.0s done
#34 DONE 0.2s

#35 resolving provenance for metadata file
#35 DONE 0.1s
 Image ten-fold-plane-live Built 
 Image ten-fold-plane-copilot Building 
#1 [internal] load local bake definitions
#1 reading from stdin 1.03kB done
#1 DONE 0.0s

#2 [internal] load build definition from Dockerfile
#2 transferring dockerfile: 1.07kB done
#2 DONE 0.0s

#3 resolve image config for docker-image://docker.io/docker/dockerfile:1.7
#3 DONE 0.4s

#4 docker-image://docker.io/docker/dockerfile:1.7@sha256:a57df69d0ea827fb7266491f2813635de6f17269be881f696fbfdf2d83dda33e
#4 resolve docker.io/docker/dockerfile:1.7@sha256:a57df69d0ea827fb7266491f2813635de6f17269be881f696fbfdf2d83dda33e 0.0s done
#4 CACHED

#5 [internal] load metadata for docker.io/library/node:22-alpine
#5 DONE 0.4s

#6 [internal] load .dockerignore
#6 transferring context: 882B done
#6 DONE 0.0s

#7 [builder 1/5] FROM docker.io/library/node:22-alpine@sha256:0a7108bf6c7bf5de370ffb1a3ed6be93d405b43ff159f681a8d18c0e2bc2e402
#7 resolve docker.io/library/node:22-alpine@sha256:0a7108bf6c7bf5de370ffb1a3ed6be93d405b43ff159f681a8d18c0e2bc2e402 0.0s done
#7 DONE 0.0s

#8 [internal] load build context
#8 transferring context: 578.31kB 0.6s done
#8 DONE 0.6s

#9 [builder 2/5] WORKDIR /app
#9 CACHED

#10 [builder 3/5] RUN corepack enable && pnpm add -g turbo@2.9.18
#10 CACHED

#11 [builder 4/5] COPY . .
#11 DONE 2.0s

#12 [builder 5/5] RUN turbo prune --scope=@plane/copilot --docker
#12 0.754  WARNING  --scope is deprecated and will be removed in a future major version. Use positional arguments instead (e.g. `turbo prune web`)
#12 0.757 
#12 0.757 Attention:
#12 0.757 Turborepo now collects completely anonymous telemetry regarding usage.
#12 0.757 This information is used to shape the Turborepo roadmap and prioritize features.
#12 0.757 You can learn more, including how to opt-out if you'd not like to participate in this anonymous program, by visiting the following URL:
#12 0.757 https://turborepo.dev/docs/telemetry
#12 0.757 
#12 0.764 • turbo 2.9.18
#12 0.977 Generating pruned monorepo for @plane/copilot in /app/out
#12 0.990  - Added @plane/copilot
#12 0.997  - Added @plane/typescript-config
#12 DONE 1.2s

#13 [stage-1 3/8] RUN apk add --no-cache libc6-compat && corepack enable
#13 CACHED

#14 [stage-1 4/8] COPY --from=builder /app/out/json/ .
#14 CACHED

#15 [stage-1 5/8] COPY --from=builder /app/out/pnpm-lock.yaml ./pnpm-lock.yaml
#15 CACHED

#16 [stage-1 6/8] COPY --from=builder /app/out/full/ .
#16 CACHED

#17 [stage-1 7/8] RUN --mount=type=cache,id=pnpm-store,target=/pnpm/store pnpm fetch --store-dir=/pnpm/store
#17 CACHED

#18 [stage-1 8/8] RUN --mount=type=cache,id=pnpm-store,target=/pnpm/store CI=true pnpm install --offline --frozen-lockfile --store-dir=/pnpm/store
#18 CACHED

#19 exporting to image
#19 exporting layers 0.0s done
#19 exporting manifest sha256:858dd68a954dd8e5ac03d3603cfcf570b9e04ef2aeaf6be50a5e17e001c737f6 done
#19 exporting config sha256:648773d8ebc8b2a1b9a55c6b842b9c49b5438d6f6a9262ce95a87b1eb0ef65c2 done
#19 exporting attestation manifest sha256:a3c6740acdfb29e1fc2137cfbf8fec7f072ccdd746539e4552f480f569dd6f8e 0.0s done
#19 exporting manifest list sha256:b649905fecba065cb149e8e07413e1b9cfccee0a6d5bbe21a529a1693b42ead3 0.0s done
#19 naming to docker.io/library/ten-fold-plane-copilot:latest done
#19 unpacking to docker.io/library/ten-fold-plane-copilot:latest
#19 unpacking to docker.io/library/ten-fold-plane-copilot:latest 0.0s done
#19 DONE 0.2s

#20 resolving provenance for metadata file
#20 DONE 0.0s
 Image ten-fold-plane-copilot Built 
 Image ten-fold-plane-api Building 
#1 [internal] load local bake definitions
#1 reading from stdin 590B done
#1 DONE 0.0s

#2 [internal] load build definition from Dockerfile.api
#2 transferring dockerfile:
#2 transferring dockerfile: 1.30kB done
#2 DONE 0.0s

#3 [internal] load metadata for docker.io/library/python:3.12.10-alpine
#3 DONE 1.3s

#4 [internal] load .dockerignore
#4 transferring context: 2B done
#4 DONE 0.0s

#5 [internal] load build context
#5 DONE 0.0s

#6 [ 1/17] FROM docker.io/library/python:3.12.10-alpine@sha256:4bbf5ef9ce4b273299d394de268ad6018e10a9375d7efc7c2ce9501a6eb6b86c
#6 resolve docker.io/library/python:3.12.10-alpine@sha256:4bbf5ef9ce4b273299d394de268ad6018e10a9375d7efc7c2ce9501a6eb6b86c 0.0s done
#6 DONE 0.1s

#5 [internal] load build context
#5 transferring context: 100.97kB 0.2s done
#5 DONE 0.3s

#7 [ 5/17] COPY requirements.txt ./
#7 CACHED

#8 [ 8/17] RUN apk add --no-cache --virtual .build-deps     "bash~=5.2"     "g++"     "gcc"     "cargo"     "git"     "make"     "postgresql-dev"     "libc-dev"     "linux-headers"     &&     pip install -r requirements.txt --compile --no-cache-dir     &&     apk del .build-deps     &&     rm -rf /var/cache/apk/*
#8 CACHED

#9 [15/17] RUN mkdir -p /code/plane/logs
#9 CACHED

#10 [14/17] COPY ./bin ./bin/
#10 CACHED

#11 [16/17] RUN chmod +x ./bin/*
#11 CACHED

#12 [10/17] COPY plane plane/
#12 CACHED

#13 [13/17] RUN apk --no-cache add "bash~=5.2"
#13 CACHED

#14 [12/17] COPY package.json package.json
#14 CACHED

#15 [ 7/17] RUN apk add --no-cache libffi-dev
#15 CACHED

#16 [ 2/17] RUN apk update && apk upgrade
#16 CACHED

#17 [ 6/17] COPY requirements ./requirements
#17 CACHED

#18 [ 4/17] RUN apk add --no-cache --upgrade     "libpq"     "libxslt"     "xmlsec"     "ca-certificates"     "openssl"
#18 CACHED

#19 [11/17] COPY templates templates/
#19 CACHED

#20 [ 9/17] COPY manage.py manage.py
#20 CACHED

#21 [ 3/17] WORKDIR /code
#21 CACHED

#22 [17/17] RUN chmod -R 777 /code
#22 CACHED

#23 exporting to image
#23 exporting layers 0.0s done
#23 exporting manifest sha256:17c4cc0b52639b47320d5dccd7499b6cf93d8f75a706ba012b7c534e57ee4f56 0.0s done
#23 exporting config sha256:e3f0093dd54b17063d7ef4a768b4078ab767927ae5e6679db399b3c06b328feb
#23 exporting config sha256:e3f0093dd54b17063d7ef4a768b4078ab767927ae5e6679db399b3c06b328feb 0.0s done
#23 exporting attestation manifest sha256:75d1040b441ac3e3b7ae5384bfb1e37df8a1b3e5e043b8975f1c6363a6ef2132 0.0s done
#23 exporting manifest list sha256:841e114e5cfe96ae3c4e0e3afa8f1e2467083df284bf50e01e8f2b9b7f9d7f32 0.0s done
#23 naming to docker.io/library/ten-fold-plane-api:latest done
#23 unpacking to docker.io/library/ten-fold-plane-api:latest 0.0s done
#23 DONE 0.2s

#24 resolving provenance for metadata file
#24 DONE 0.0s
 Image ten-fold-plane-api Built 
 Image ten-fold-plane-worker Building 
#1 [internal] load local bake definitions
#1 reading from stdin 1.09kB done
#1 DONE 0.0s

#2 [internal] load build definition from Dockerfile.api
#2 transferring dockerfile: 34B
#2 transferring dockerfile: 1.30kB 0.0s done
#2 DONE 0.0s

#3 [internal] load metadata for docker.io/library/python:3.12.10-alpine
#3 DONE 0.4s

#4 [internal] load .dockerignore
#4 transferring context: 2B done
#4 DONE 0.0s

#5 [internal] load build context
#5 DONE 0.0s

#6 [ 1/17] FROM docker.io/library/python:3.12.10-alpine@sha256:4bbf5ef9ce4b273299d394de268ad6018e10a9375d7efc7c2ce9501a6eb6b86c
#6 resolve docker.io/library/python:3.12.10-alpine@sha256:4bbf5ef9ce4b273299d394de268ad6018e10a9375d7efc7c2ce9501a6eb6b86c 0.0s done
#6 DONE 0.0s

#5 [internal] load build context
#5 transferring context: 100.97kB 0.1s done
#5 DONE 0.1s

#7 [ 9/17] COPY manage.py manage.py
#7 CACHED

#8 [ 7/17] RUN apk add --no-cache libffi-dev
#8 CACHED

#9 [ 5/17] COPY requirements.txt ./
#9 CACHED

#10 [13/17] RUN apk --no-cache add "bash~=5.2"
#10 CACHED

#11 [ 3/17] WORKDIR /code
#11 CACHED

#12 [11/17] COPY templates templates/
#12 CACHED

#13 [ 2/17] RUN apk update && apk upgrade
#13 CACHED

#14 [15/17] RUN mkdir -p /code/plane/logs
#14 CACHED

#15 [ 4/17] RUN apk add --no-cache --upgrade     "libpq"     "libxslt"     "xmlsec"     "ca-certificates"     "openssl"
#15 CACHED

#16 [14/17] COPY ./bin ./bin/
#16 CACHED

#17 [ 8/17] RUN apk add --no-cache --virtual .build-deps     "bash~=5.2"     "g++"     "gcc"     "cargo"     "git"     "make"     "postgresql-dev"     "libc-dev"     "linux-headers"     &&     pip install -r requirements.txt --compile --no-cache-dir     &&     apk del .build-deps     &&     rm -rf /var/cache/apk/*
#17 CACHED

#18 [16/17] RUN chmod +x ./bin/*
#18 CACHED

#19 [12/17] COPY package.json package.json
#19 CACHED

#20 [ 6/17] COPY requirements ./requirements
#20 CACHED

#21 [10/17] COPY plane plane/
#21 CACHED

#22 [17/17] RUN chmod -R 777 /code
#22 CACHED

#23 exporting to image
#23 exporting layers 0.0s done
#23 exporting manifest sha256:a03e045f61ad0a4dd993a726df6b5829c828c646bde29f5ddaffa79b18892f34 0.0s done
#23 exporting config sha256:c0dcde45014f56ebbbcece3c0179b018f344402dcb7db39374bd3aa69720f35a 0.0s done
#23 exporting attestation manifest sha256:98abce7488d54c510a0dcf75d7d951e6e2aa5cb042b892e7d55be94058993cb1 0.0s done
#23 exporting manifest list sha256:e27737429728c72a19bd91f7f456d9f64182e6d5509864a38b719b520cbabec7 0.0s done
#23 naming to docker.io/library/ten-fold-plane-worker:latest done
#23 unpacking to docker.io/library/ten-fold-plane-worker:latest 0.0s done
#23 DONE 0.2s

#24 resolving provenance for metadata file
#24 DONE 0.0s
 Image ten-fold-plane-worker Built 
 Image ten-fold-plane-beat-worker Building 
#1 [internal] load local bake definitions
#1 reading from stdin 1.11kB done
#1 DONE 0.0s

#2 [internal] load build definition from Dockerfile.api
#2 transferring dockerfile: 1.30kB done
#2 DONE 0.0s

#3 [internal] load metadata for docker.io/library/python:3.12.10-alpine
#3 DONE 0.4s

#4 [internal] load .dockerignore
#4 transferring context: 2B done
#4 DONE 0.0s

#5 [internal] load build context
#5 DONE 0.0s

#6 [ 1/17] FROM docker.io/library/python:3.12.10-alpine@sha256:4bbf5ef9ce4b273299d394de268ad6018e10a9375d7efc7c2ce9501a6eb6b86c
#6 resolve docker.io/library/python:3.12.10-alpine@sha256:4bbf5ef9ce4b273299d394de268ad6018e10a9375d7efc7c2ce9501a6eb6b86c 0.0s done
#6 DONE 0.1s

#5 [internal] load build context
#5 transferring context: 100.97kB 0.1s done
#5 DONE 0.1s

#7 [ 2/17] RUN apk update && apk upgrade
#7 CACHED

#8 [12/17] COPY package.json package.json
#8 CACHED

#9 [ 6/17] COPY requirements ./requirements
#9 CACHED

#10 [ 9/17] COPY manage.py manage.py
#10 CACHED

#11 [ 5/17] COPY requirements.txt ./
#11 CACHED

#12 [ 3/17] WORKDIR /code
#12 CACHED

#13 [10/17] COPY plane plane/
#13 CACHED

#14 [ 4/17] RUN apk add --no-cache --upgrade     "libpq"     "libxslt"     "xmlsec"     "ca-certificates"     "openssl"
#14 CACHED

#15 [14/17] COPY ./bin ./bin/
#15 CACHED

#16 [15/17] RUN mkdir -p /code/plane/logs
#16 CACHED

#17 [ 7/17] RUN apk add --no-cache libffi-dev
#17 CACHED

#18 [13/17] RUN apk --no-cache add "bash~=5.2"
#18 CACHED

#19 [11/17] COPY templates templates/
#19 CACHED

#20 [ 8/17] RUN apk add --no-cache --virtual .build-deps     "bash~=5.2"     "g++"     "gcc"     "cargo"     "git"     "make"     "postgresql-dev"     "libc-dev"     "linux-headers"     &&     pip install -r requirements.txt --compile --no-cache-dir     &&     apk del .build-deps     &&     rm -rf /var/cache/apk/*
#20 CACHED

#21 [16/17] RUN chmod +x ./bin/*
#21 CACHED

#22 [17/17] RUN chmod -R 777 /code
#22 CACHED

#23 exporting to image
#23 exporting layers 0.0s done
#23 exporting manifest sha256:d271749ffce6fe187f227bb2b111f15b94e46f66e6879c1037867aa92718ea7c 0.0s done
#23 exporting config sha256:dbfb8787d5cf240a26d94908fd686f2a182885f072d1ea77be45acf4b8157434 0.0s done
#23 exporting attestation manifest sha256:485866401373728b38a79ad766b5e74c7405744fbbc287efaabcaba72656ef16 0.0s done
#23 exporting manifest list sha256:5bff2d9723645169835030e065d313cc7b87d73ec26b982a80d0a7f4c9ab0d1c 0.0s done
#23 naming to docker.io/library/ten-fold-plane-beat-worker:latest done
#23 unpacking to docker.io/library/ten-fold-plane-beat-worker:latest 0.0s done
#23 DONE 0.2s

#24 resolving provenance for metadata file
#24 DONE 0.0s
 Image ten-fold-plane-beat-worker Built 
 Image ten-fold-plane-proxy Building 
#1 [internal] load local bake definitions
#1 reading from stdin 3.08kB done
#1 DONE 0.0s

#2 [internal] load build definition from Dockerfile.ce
#2 transferring dockerfile: 33B
#2 transferring dockerfile: 1.15kB done
#2 DONE 0.0s

#3 [internal] load metadata for docker.io/library/caddy:2.11.3-alpine
#3 DONE 1.3s

#4 [internal] load metadata for docker.io/library/caddy:2.11.3-builder-alpine
#4 DONE 2.5s

#5 [internal] load .dockerignore
#5 transferring context: 2B done
#5 DONE 0.0s

#6 [internal] load build context
#6 DONE 0.0s

#7 [caddy-builder 1/2] FROM docker.io/library/caddy:2.11.3-builder-alpine@sha256:3eae6b351ecdb05da6d16e341261a457692d344a435764c5ece7a60cf03a23f3
#7 resolve docker.io/library/caddy:2.11.3-builder-alpine@sha256:3eae6b351ecdb05da6d16e341261a457692d344a435764c5ece7a60cf03a23f3 0.0s done
#7 DONE 0.1s

#8 [stage-1 1/5] FROM docker.io/library/caddy:2.11.3-alpine@sha256:86deaf5e3d3408a6ccec08fbb79989783dd26e206ae10bcf78a801dc8c9ab794
#8 resolve docker.io/library/caddy:2.11.3-alpine@sha256:86deaf5e3d3408a6ccec08fbb79989783dd26e206ae10bcf78a801dc8c9ab794 0.0s done
#8 DONE 0.1s

#6 [internal] load build context
#6 transferring context: 34B done
#6 DONE 0.0s

#9 [stage-1 2/5] RUN apk update && apk upgrade --no-cache && apk add --no-cache nss-tools bash curl
#9 CACHED

#10 [caddy-builder 2/2] RUN xcaddy build         --with github.com/caddy-dns/cloudflare@v0.2.1         --with github.com/caddy-dns/digitalocean@04bde2867106aa1b44c2f9da41a285fa02e629c5         --with github.com/mholt/caddy-l4@6faae83b167fda94e62b686be5cbeb9b3f8fe002         --with github.com/go-jose/go-jose/v3@v3.0.5         --with github.com/go-jose/go-jose/v4@v4.1.4         --with google.golang.org/grpc@v1.80.0         --with go.opentelemetry.io/otel@v1.43.0         --with go.opentelemetry.io/otel/sdk@v1.43.0
#10 CACHED

#11 [stage-1 3/5] COPY --from=caddy-builder /usr/bin/caddy /usr/bin/caddy
#11 CACHED

#12 [stage-1 4/5] COPY Caddyfile.ce /etc/caddy/Caddyfile
#12 CACHED

#13 [stage-1 5/5] RUN SITE_ADDRESS=https://localhost FILE_SIZE_LIMIT=5242880 BUCKET_NAME=uploads     CADDY_TLS_CERT_FILE=/etc/caddy/tls/origin.pem CADDY_TLS_KEY_FILE=/etc/caddy/tls/origin.key     caddy adapt --config /etc/caddy/Caddyfile --adapter caddyfile > /dev/null
#13 CACHED

#14 exporting to image
#14 exporting layers done
#14 exporting manifest sha256:14b5d52b9415da9b536ccb253968b6b6834b45a5551841fb6de71e0129b62ff0 done
#14 exporting config sha256:bba437ffaa8be25d9563f8821016cb197d30a9863154884dbed092c971c9f307 done
#14 exporting attestation manifest sha256:c0ae255d9995299b72adfffb1ce146014d03e7a943391dcc7cc9a4db9c077062 0.0s done
#14 exporting manifest list sha256:4238a6800fa76a54d8ba597d18ccfdd7acb0bdd66204c4af856db97ab271fcda
#14 exporting manifest list sha256:4238a6800fa76a54d8ba597d18ccfdd7acb0bdd66204c4af856db97ab271fcda 0.0s done
#14 naming to docker.io/library/ten-fold-plane-proxy:latest done
#14 unpacking to docker.io/library/ten-fold-plane-proxy:latest 0.0s done
#14 DONE 0.1s

#15 resolving provenance for metadata file
#15 DONE 0.0s
 Image ten-fold-plane-proxy Built 
 Container ten-fold-plane-grist-1 Running 
 Container plane-live Running 
 Container plane-db Running 
 Container proxy Running 
 Container copilot Running 
 Container space Running 
 Container plane-redis Running 
 Container admin Running 
 Container api Recreate 
 Container api Recreated 
 Container beatworker Recreate 
 Container bgworker Recreate 
 Container web Recreate 
 Container web Recreated 
 Container beatworker Recreated 
 Container bgworker Recreated 
 Container api Starting 
 Container api Started 
 Container beatworker Starting 
 Container bgworker Starting 
 Container web Starting 
 Container beatworker Started 
 Container bgworker Started 
 Container web Started 
 Container plane-redis Waiting 
 Container api Waiting 
 Container admin Waiting 
 Container copilot Waiting 
 Container ten-fold-plane-grist-1 Waiting 
 Container plane-db Waiting 
 Container bgworker Waiting 
 Container web Waiting 
 Container space Waiting 
 Container plane-live Waiting 
 Container beatworker Waiting 
 Container proxy Waiting 
 Container ten-fold-plane-grist-1 Healthy 
 Container proxy Healthy 
 Container beatworker Healthy 
 Container plane-redis Healthy 
 Container admin Healthy 
 Container api Healthy 
 Container plane-db Healthy 
 Container bgworker Healthy 
 Container space Healthy 
 Container copilot Healthy 
 Container plane-live Healthy 
 Container web Healthy 
Verified public frontend: manifest-b1b3b651.js
Verified public form stylesheet: 168c5b6044592caf4e24af9d3e1ba43a987f5826a3f4e31a5f4c8c5cd84db999
Verified deployed source: b3437fb169360edc2a4817677ae9e47decb9b1943786598ef5a021e02017a952
Deployment complete: https://ten-fold.co (elapsed: 831s)
	Command being timed: "./deploy-production.sh"
	User time (seconds): 3.37
	System time (seconds): 1.81
	Percent of CPU this job got: 0%
	Elapsed (wall clock) time (h:mm:ss or m:ss): 13:51.61
	Average shared text size (kbytes): 0
	Average unshared data size (kbytes): 0
	Average stack size (kbytes): 0
	Average total size (kbytes): 0
	Maximum resident set size (kbytes): 9460
	Average resident set size (kbytes): 0
	Major (requiring I/O) page faults: 37
	Minor (reclaiming a frame) page faults: 1403287
	Voluntary context switches: 22937
	Involuntary context switches: 467
	Swaps: 0
	File system inputs: 130608
	File system outputs: 1240
	Socket messages sent: 0
	Socket messages received: 0
	Signals delivered: 0
	Page size (bytes): 4096
	Exit status: 0

=== Production deploy finished: 2026-09-26T14:47:34+08:00 (exit=0, elapsed=13m 51s) ===
Log: deploy-20260926-143343.log
