Deploying checkout: /home/rahimin_amin/ten-fold-plane/ten-fold-plane
Checkout commit: c4b6071928
Source fingerprint: 2a9fc2a5ac5555b12dc0d1d585941f6c50e4112fa7dc489934f6970767d442e9
Uploading Ten-Fold to root@178.128.104.112:/opt/plane/app/ten-fold-plane...
Uploaded source matches local checkout.
Rebuilding and migrating Plane on the Droplet...
 Image gristlabs/grist:1.7.16 Pulling 
 Image gristlabs/grist:1.7.16 Pulled 
 Container ten-fold-plane-grist-1 Recreate 
 Container ten-fold-plane-grist-1 Recreated 
 Container ten-fold-plane-grist-1 Starting 
 Container ten-fold-plane-grist-1 Started 
 Container ten-fold-plane-grist-1 Waiting 
 Container ten-fold-plane-grist-1 Healthy 
 Container plane-db Running 
 Container plane-redis Running 
 Image ten-fold-plane-migrator Building 
#1 [internal] load local bake definitions
#1 reading from stdin 610B done
#1 DONE 0.0s

#2 [internal] load build definition from Dockerfile.api
#2 transferring dockerfile: 1.30kB 0.0s done
#2 DONE 0.0s

#3 [internal] load metadata for docker.io/library/python:3.12.10-alpine
#3 DONE 1.5s

#4 [internal] load .dockerignore
#4 transferring context: 2B done
#4 DONE 0.0s

#5 [internal] load build context
#5 DONE 0.0s

#6 [ 1/17] FROM docker.io/library/python:3.12.10-alpine@sha256:4bbf5ef9ce4b273299d394de268ad6018e10a9375d7efc7c2ce9501a6eb6b86c
#6 resolve docker.io/library/python:3.12.10-alpine@sha256:4bbf5ef9ce4b273299d394de268ad6018e10a9375d7efc7c2ce9501a6eb6b86c 0.0s done
#6 DONE 0.0s

#5 [internal] load build context
#5 transferring context: 100.40kB 0.2s done
#5 DONE 0.2s

#7 [11/17] COPY templates templates/
#7 CACHED

#8 [ 5/17] COPY requirements.txt ./
#8 CACHED

#9 [ 4/17] RUN apk add --no-cache --upgrade     "libpq"     "libxslt"     "xmlsec"     "ca-certificates"     "openssl"
#9 CACHED

#10 [16/17] RUN chmod +x ./bin/*
#10 CACHED

#11 [ 8/17] RUN apk add --no-cache --virtual .build-deps     "bash~=5.2"     "g++"     "gcc"     "cargo"     "git"     "make"     "postgresql-dev"     "libc-dev"     "linux-headers"     &&     pip install -r requirements.txt --compile --no-cache-dir     &&     apk del .build-deps     &&     rm -rf /var/cache/apk/*
#11 CACHED

#12 [13/17] RUN apk --no-cache add "bash~=5.2"
#12 CACHED

#13 [ 2/17] RUN apk update && apk upgrade
#13 CACHED

#14 [ 3/17] WORKDIR /code
#14 CACHED

#15 [10/17] COPY plane plane/
#15 CACHED

#16 [15/17] RUN mkdir -p /code/plane/logs
#16 CACHED

#17 [ 6/17] COPY requirements ./requirements
#17 CACHED

#18 [ 7/17] RUN apk add --no-cache libffi-dev
#18 CACHED

#19 [14/17] COPY ./bin ./bin/
#19 CACHED

#20 [ 9/17] COPY manage.py manage.py
#20 CACHED

#21 [12/17] COPY package.json package.json
#21 CACHED

#22 [17/17] RUN chmod -R 777 /code
#22 CACHED

#23 exporting to image
#23 exporting layers 0.0s done
#23 exporting manifest sha256:0d23eba9c0fef8afebb6dca8bc7601190af917087983e656610470a4d8af1858 done
#23 exporting config sha256:d918b0cc36f0aaf08d914c803382adda8ead710ea189e4fc7623e6e0ae1e6246 done
#23 exporting attestation manifest sha256:df348c376c6eedae69e07cee32eabb8768f9fd27f4c2a3c5c10e8b7c0e46af65
#23 exporting attestation manifest sha256:df348c376c6eedae69e07cee32eabb8768f9fd27f4c2a3c5c10e8b7c0e46af65 0.0s done
#23 exporting manifest list sha256:694f4a14129ad7cefe4f50a01c3564a72d0e904b801b7a8554af490bb2a47f2b 0.0s done
#23 naming to docker.io/library/ten-fold-plane-migrator:latest done
#23 unpacking to docker.io/library/ten-fold-plane-migrator:latest 0.0s done
#23 DONE 0.3s

#24 resolving provenance for metadata file
#24 DONE 0.0s
 Image ten-fold-plane-migrator Built 
 Container ten-fold-plane-migrator-run-8b29520cec3e Creating 
 Container ten-fold-plane-migrator-run-8b29520cec3e Created 
Waiting for database...
Database available!
Operations to perform:
  Apply all migrations: auth, contenttypes, db, django_celery_beat, license, sessions
Running migrations:
  No migrations to apply.
  Your models in app(s): 'db' have changes that are not yet reflected in a migration, and so won't be applied.
  Run 'manage.py makemigrations' to make new migrations, and then re-run 'manage.py migrate' to apply them.
 Image ten-fold-plane-proxy Building 
 Image ten-fold-plane-web Building 
 Image ten-fold-plane-live Building 
 Image ten-fold-plane-admin Building 
 Image ten-fold-plane-beat-worker Building 
 Image ten-fold-plane-copilot Building 
 Image ten-fold-plane-worker Building 
 Image ten-fold-plane-api Building 
 Image ten-fold-plane-space Building 
#1 [internal] load local bake definitions
#1 reading from stdin 4.71kB done
#1 DONE 0.0s

#2 [space internal] load build definition from Dockerfile.space
#2 transferring dockerfile: 3.43kB 0.0s done
#2 DONE 0.1s

#3 [api internal] load build definition from Dockerfile.api
#3 transferring dockerfile: 1.30kB 0.0s done
#3 DONE 0.1s

#4 [space internal] load metadata for docker.io/library/node:22-alpine
#4 ...

#5 [proxy internal] load build definition from Dockerfile.ce
#5 transferring dockerfile: 1.15kB 0.0s done
#5 DONE 0.1s

#6 [copilot internal] load build definition from Dockerfile
#6 transferring dockerfile: 1.07kB 0.0s done
#6 DONE 0.2s

#7 [admin internal] load build definition from Dockerfile.admin
#7 transferring dockerfile: 3.20kB done
#7 DONE 0.2s

#8 [web internal] load build definition from Dockerfile.web
#8 transferring dockerfile: 3.61kB done
#8 DONE 0.3s

#9 [web] resolve image config for docker-image://docker.io/docker/dockerfile:1.7
#9 ...

#10 [live internal] load build definition from Dockerfile.live
#10 transferring dockerfile: 3.05kB done
#10 DONE 0.4s

#9 [live] resolve image config for docker-image://docker.io/docker/dockerfile:1.7
#9 ...

#11 [api internal] load metadata for docker.io/library/python:3.12.10-alpine
#11 DONE 0.4s

#12 [beat-worker internal] load .dockerignore
#12 transferring context: 2B done
#12 DONE 0.0s

#13 [api internal] load build context
#13 DONE 0.0s

#14 [api  1/17] FROM docker.io/library/python:3.12.10-alpine@sha256:4bbf5ef9ce4b273299d394de268ad6018e10a9375d7efc7c2ce9501a6eb6b86c
#14 resolve docker.io/library/python:3.12.10-alpine@sha256:4bbf5ef9ce4b273299d394de268ad6018e10a9375d7efc7c2ce9501a6eb6b86c 0.0s done
#14 DONE 0.0s

#13 [api internal] load build context
#13 transferring context: 100.40kB 0.1s done
#13 transferring context: 100.40kB 0.1s done
#13 DONE 0.2s

#15 [beat-worker  6/17] COPY requirements ./requirements
#15 CACHED

#16 [beat-worker 12/17] COPY package.json package.json
#16 CACHED

#17 [beat-worker 14/17] COPY ./bin ./bin/
#17 CACHED

#18 [beat-worker  8/17] RUN apk add --no-cache --virtual .build-deps     "bash~=5.2"     "g++"     "gcc"     "cargo"     "git"     "make"     "postgresql-dev"     "libc-dev"     "linux-headers"     &&     pip install -r requirements.txt --compile --no-cache-dir     &&     apk del .build-deps     &&     rm -rf /var/cache/apk/*
#18 CACHED

#19 [beat-worker  9/17] COPY manage.py manage.py
#19 CACHED

#20 [beat-worker 16/17] RUN chmod +x ./bin/*
#20 CACHED

#21 [beat-worker 15/17] RUN mkdir -p /code/plane/logs
#21 CACHED

#22 [beat-worker  3/17] WORKDIR /code
#22 CACHED

#23 [beat-worker  7/17] RUN apk add --no-cache libffi-dev
#23 CACHED

#24 [beat-worker 11/17] COPY templates templates/
#24 CACHED

#25 [beat-worker  4/17] RUN apk add --no-cache --upgrade     "libpq"     "libxslt"     "xmlsec"     "ca-certificates"     "openssl"
#25 CACHED

#26 [beat-worker  2/17] RUN apk update && apk upgrade
#26 CACHED

#27 [beat-worker  5/17] COPY requirements.txt ./
#27 CACHED

#28 [beat-worker 10/17] COPY plane plane/
#28 CACHED

#29 [beat-worker 13/17] RUN apk --no-cache add "bash~=5.2"
#29 CACHED

#30 [beat-worker 17/17] RUN chmod -R 777 /code
#30 CACHED

#31 [beat-worker] exporting to image
#31 exporting layers 0.0s done
#31 exporting manifest sha256:ef51f63000f6ccf76cb6b47942343ca22e0fc7962555b10cb01ddd0b8edf7f6e done
#31 exporting config sha256:d4332c5f67b1b0b349d96342f6c1f6d07829d4197af8183e7b64046359ab68c6 done
#31 exporting attestation manifest sha256:ea20d87975a993c47f9d39fc0a85b9512de389e21d03f94b6089ca1640429671
#31 exporting attestation manifest sha256:ea20d87975a993c47f9d39fc0a85b9512de389e21d03f94b6089ca1640429671 0.0s done
#31 exporting manifest list sha256:84a5efdc7d1741d30650156eaf87bfbebe526631c4862049babaca5c3fed671d 0.0s done
#31 naming to docker.io/library/ten-fold-plane-beat-worker:latest done
#31 unpacking to docker.io/library/ten-fold-plane-beat-worker:latest
#31 unpacking to docker.io/library/ten-fold-plane-beat-worker:latest 0.0s done
#31 DONE 0.3s

#32 [api] exporting to image
#32 exporting layers 0.0s done
#32 exporting manifest sha256:cb128adba9de7e869ef4527b68baeb23dfd4b4d39c3f62d4f01ae17edfdfc338 done
#32 exporting config sha256:07087b3d881abe8428dcd75e91e3654a983910cf58bb9ecf7f53b1556efebb36 done
#32 exporting attestation manifest sha256:6df155b7d464c877aa1d71c6c4a2b67f765f74cfcd90f2bc7865300476f87fc7 0.0s done
#32 exporting manifest list sha256:8f42e526a7d3a479da3ec79ae6dd9df75aad500133e3685c3f694559ca0a35c2 0.0s done
#32 naming to docker.io/library/ten-fold-plane-api:latest done
#32 unpacking to docker.io/library/ten-fold-plane-api:latest 0.0s done
#32 DONE 0.3s

#33 [worker] exporting to image
#33 exporting layers 0.0s done
#33 exporting manifest sha256:8596be5b7a771d3370401f702b12e12a071e40e79d5ccf1d994476397d63027e done
#33 exporting config sha256:4816479f5025af10848aa69a85086eac57e69714cd51c8ebdc32149fa1e5559f done
#33 exporting attestation manifest sha256:53b42f56fe326df3a4156d7da89baba0359de4e36dbc8c7b704423d6aed72c82 0.0s done
#33 exporting manifest list sha256:8894363be04df749c77af88bfc536141424cb2f061efd44839fa54b282d00342 0.0s done
#33 naming to docker.io/library/ten-fold-plane-worker:latest done
#33 unpacking to docker.io/library/ten-fold-plane-worker:latest 0.0s done
#33 DONE 0.3s

#34 [admin internal] load metadata for docker.io/library/caddy:2.11-builder-alpine
#34 ...

#35 [proxy internal] load metadata for docker.io/library/caddy:2.11.3-alpine
#35 DONE 1.3s

#4 [space internal] load metadata for docker.io/library/node:22-alpine
#4 DONE 1.4s

#36 [beat-worker] resolving provenance for metadata file
#36 DONE 0.1s

#37 [worker] resolving provenance for metadata file
#37 DONE 0.1s

#38 [api] resolving provenance for metadata file
#38 DONE 0.0s

#39 [space internal] load .dockerignore
#39 transferring context: 882B done
#39 DONE 0.1s

#40 [space internal] load build context
#40 DONE 0.0s

#41 [space base 1/3] FROM docker.io/library/node:22-alpine@sha256:b6f26b36c8ff49624cfdac716b8ea1138d606df02586a77d364bb5536a634f85
#41 resolve docker.io/library/node:22-alpine@sha256:b6f26b36c8ff49624cfdac716b8ea1138d606df02586a77d364bb5536a634f85
#41 resolve docker.io/library/node:22-alpine@sha256:b6f26b36c8ff49624cfdac716b8ea1138d606df02586a77d364bb5536a634f85 0.0s done
#41 DONE 0.1s

#9 [copilot] resolve image config for docker-image://docker.io/docker/dockerfile:1.7
#9 DONE 1.4s

#42 [space base 3/3] RUN corepack enable pnpm
#42 CACHED

#43 [space base 2/3] WORKDIR /app
#43 CACHED

#44 [space runner 1/8] RUN apk del go 2>/dev/null || true
#44 CACHED

#45 [space runner 2/8] RUN rm -rf /usr/local/lib/node_modules/npm/node_modules/picomatch
#45 CACHED

#46 [live] docker-image://docker.io/docker/dockerfile:1.7@sha256:a57df69d0ea827fb7266491f2813635de6f17269be881f696fbfdf2d83dda33e
#46 resolve docker.io/docker/dockerfile:1.7@sha256:a57df69d0ea827fb7266491f2813635de6f17269be881f696fbfdf2d83dda33e 0.1s done
#46 CACHED

#40 [space internal] load build context
#40 ...

#47 [admin internal] load metadata for docker.io/library/caddy:2.11-alpine
#47 DONE 1.6s

#40 [space internal] load build context
#40 ...

#39 [admin internal] load .dockerignore
#39 transferring context: 882B done
#39 DONE 0.1s

#34 [admin internal] load metadata for docker.io/library/caddy:2.11-builder-alpine
#34 DONE 1.6s

#40 [space internal] load build context
#40 ...

#41 [admin base 1/3] FROM docker.io/library/node:22-alpine@sha256:b6f26b36c8ff49624cfdac716b8ea1138d606df02586a77d364bb5536a634f85
#41 resolve docker.io/library/node:22-alpine@sha256:b6f26b36c8ff49624cfdac716b8ea1138d606df02586a77d364bb5536a634f85 0.0s done
#41 DONE 0.1s

#40 [admin internal] load build context
#40 ...

#48 [admin caddy-builder 1/2] FROM docker.io/library/caddy:2.11-builder-alpine@sha256:2b9f32cbba6045e79212bb253f595588d20be8f7d1edf61582c519e124e0d2d8
#48 resolve docker.io/library/caddy:2.11-builder-alpine@sha256:2b9f32cbba6045e79212bb253f595588d20be8f7d1edf61582c519e124e0d2d8 0.2s done
#48 DONE 0.3s

#40 [admin internal] load build context
#40 ...

#49 [admin production 1/5] FROM docker.io/library/caddy:2.11-alpine@sha256:de23def33b17fb5d1290b0f6c2add1d70780e52341896c00a4c8a2a2fe9d355e
#49 resolve docker.io/library/caddy:2.11-alpine@sha256:de23def33b17fb5d1290b0f6c2add1d70780e52341896c00a4c8a2a2fe9d355e 0.2s done
#49 DONE 0.3s

#48 [admin caddy-builder 1/2] FROM docker.io/library/caddy:2.11-builder-alpine@sha256:2b9f32cbba6045e79212bb253f595588d20be8f7d1edf61582c519e124e0d2d8
#48 CACHED

#50 [admin production 2/5] RUN apk update && apk upgrade --no-cache && apk add --no-cache curl && rm -rf /var/cache/apk/*
#50 CACHED

#40 [admin internal] load build context
#40 ...

#4 [copilot internal] load metadata for docker.io/library/node:22-alpine
#4 DONE 1.9s

#47 [web internal] load metadata for docker.io/library/caddy:2.11-alpine
#47 DONE 2.0s

#40 [admin internal] load build context
#40 ...

#51 [live internal] load .dockerignore
#51 transferring context: 882B 0.0s done
#51 DONE 0.1s

#40 [admin internal] load build context
#40 ...

#52 [copilot internal] load .dockerignore
#52 transferring context: 882B 0.0s done
#52 DONE 0.1s

#53 [proxy internal] load metadata for docker.io/library/caddy:2.11.3-builder-alpine
#53 DONE 2.8s

#54 [proxy internal] load .dockerignore
#54 DONE 0.0s

#40 [admin internal] load build context
#40 ...

#55 [web internal] load .dockerignore
#55 transferring context: 882B 0.0s done
#55 DONE 0.2s

#40 [admin internal] load build context
#40 ...

#41 [web base 1/3] FROM docker.io/library/node:22-alpine@sha256:b6f26b36c8ff49624cfdac716b8ea1138d606df02586a77d364bb5536a634f85
#41 resolve docker.io/library/node:22-alpine@sha256:b6f26b36c8ff49624cfdac716b8ea1138d606df02586a77d364bb5536a634f85 0.0s done
#41 DONE 0.1s

#49 [web production 1/5] FROM docker.io/library/caddy:2.11-alpine@sha256:de23def33b17fb5d1290b0f6c2add1d70780e52341896c00a4c8a2a2fe9d355e
#49 resolve docker.io/library/caddy:2.11-alpine@sha256:de23def33b17fb5d1290b0f6c2add1d70780e52341896c00a4c8a2a2fe9d355e 0.2s done
#49 DONE 0.3s

#50 [web production 2/5] RUN apk update && apk upgrade --no-cache && apk add --no-cache curl && rm -rf /var/cache/apk/*
#50 CACHED

#56 [live base 2/2] RUN corepack enable
#56 CACHED

#57 [live runner 2/9] RUN apk del go 2>/dev/null || true
#57 CACHED

#58 [live runner 1/9] WORKDIR /app
#58 CACHED

#59 [live runner 3/9] RUN rm -rf /usr/local/lib/node_modules/npm/node_modules/picomatch
#59 CACHED

#54 [proxy internal] load .dockerignore
#54 transferring context: 2B 0.0s done
#54 DONE 0.2s

#40 [admin internal] load build context
#40 ...

#60 [web internal] load build context
#60 DONE 0.0s

#40 [admin internal] load build context
#40 ...

#61 [proxy internal] load build context
#61 DONE 0.0s

#40 [admin internal] load build context
#40 ...

#62 [proxy caddy-builder 1/2] FROM docker.io/library/caddy:2.11.3-builder-alpine@sha256:3eae6b351ecdb05da6d16e341261a457692d344a435764c5ece7a60cf03a23f3
#62 resolve docker.io/library/caddy:2.11.3-builder-alpine@sha256:3eae6b351ecdb05da6d16e341261a457692d344a435764c5ece7a60cf03a23f3 0.6s done
#62 DONE 0.6s

#63 [proxy stage-1 1/5] FROM docker.io/library/caddy:2.11.3-alpine@sha256:86deaf5e3d3408a6ccec08fbb79989783dd26e206ae10bcf78a801dc8c9ab794
#63 resolve docker.io/library/caddy:2.11.3-alpine@sha256:86deaf5e3d3408a6ccec08fbb79989783dd26e206ae10bcf78a801dc8c9ab794 0.6s done
#63 DONE 0.6s

#40 [admin internal] load build context
#40 ...

#61 [proxy internal] load build context
#61 transferring context: 34B 0.0s done
#61 DONE 0.1s

#64 [proxy stage-1 2/5] RUN apk update && apk upgrade --no-cache && apk add --no-cache nss-tools bash curl
#64 CACHED

#65 [proxy stage-1 3/5] COPY --from=caddy-builder /usr/bin/caddy /usr/bin/caddy
#65 CACHED

#66 [proxy caddy-builder 2/2] RUN xcaddy build         --with github.com/caddy-dns/cloudflare@v0.2.1         --with github.com/caddy-dns/digitalocean@04bde2867106aa1b44c2f9da41a285fa02e629c5         --with github.com/mholt/caddy-l4@6faae83b167fda94e62b686be5cbeb9b3f8fe002         --with github.com/go-jose/go-jose/v3@v3.0.5         --with github.com/go-jose/go-jose/v4@v4.1.4         --with google.golang.org/grpc@v1.80.0         --with go.opentelemetry.io/otel@v1.43.0         --with go.opentelemetry.io/otel/sdk@v1.43.0
#66 CACHED

#67 [proxy stage-1 4/5] COPY Caddyfile.ce /etc/caddy/Caddyfile
#67 CACHED

#68 [proxy stage-1 5/5] RUN SITE_ADDRESS=https://localhost FILE_SIZE_LIMIT=5242880 BUCKET_NAME=uploads     CADDY_TLS_CERT_FILE=/etc/caddy/tls/origin.pem CADDY_TLS_KEY_FILE=/etc/caddy/tls/origin.key     caddy adapt --config /etc/caddy/Caddyfile --adapter caddyfile > /dev/null
#68 CACHED

#40 [admin internal] load build context
#40 transferring context: 563.39kB 3.4s done
#40 transferring context: 563.39kB 3.4s done
#40 DONE 3.6s

#69 [proxy] exporting to image
#69 exporting layers 0.1s done
#69 exporting manifest sha256:14b5d52b9415da9b536ccb253968b6b6834b45a5551841fb6de71e0129b62ff0 0.0s done
#69 exporting config sha256:bba437ffaa8be25d9563f8821016cb197d30a9863154884dbed092c971c9f307 0.0s done
#69 exporting attestation manifest sha256:6317695dcf9300a90f1fe53b69ec05c915c89d80fc56c75176aed7f779293818 0.0s done
#69 exporting manifest list sha256:5138a4c38b75b0f4be94b2c71860958753b93944db62e62f844567ceeedb2c72 0.1s done
#69 naming to docker.io/library/ten-fold-plane-proxy:latest 0.0s done
#69 unpacking to docker.io/library/ten-fold-plane-proxy:latest 0.1s done
#69 ...

#70 [admin builder 3/3] RUN turbo prune --scope=admin --docker
#70 CACHED

#71 [admin installer 2/8] COPY --from=builder /app/out/json/ .
#71 CACHED

#72 [admin installer 4/8] COPY --from=builder /app/out/full/ .
#72 CACHED

#73 [admin installer 3/8] COPY --from=builder /app/out/pnpm-lock.yaml ./pnpm-lock.yaml
#73 CACHED

#42 [admin base 3/3] RUN corepack enable pnpm
#42 CACHED

#74 [admin installer 5/8] COPY turbo.json turbo.json
#74 CACHED

#43 [admin base 2/3] WORKDIR /app
#43 CACHED

#75 [admin installer 6/8] RUN --mount=type=cache,id=pnpm-store,target=/pnpm/store pnpm fetch --store-dir=/pnpm/store
#75 CACHED

#76 [admin installer 7/8] RUN --mount=type=cache,id=pnpm-store,target=/pnpm/store CI=true pnpm install --offline --frozen-lockfile --store-dir=/pnpm/store --prod=false
#76 CACHED

#77 [space installer 1/8] COPY .gitignore .gitignore
#77 CACHED

#78 [space builder 3/3] RUN turbo prune --scope=space --docker
#78 CACHED

#79 [space installer 6/8] RUN --mount=type=cache,id=pnpm-store,target=/pnpm/store pnpm fetch --store-dir=/pnpm/store
#79 CACHED

#80 [space installer 3/8] COPY --from=builder /app/out/pnpm-lock.yaml ./pnpm-lock.yaml
#80 CACHED

#81 [space installer 4/8] COPY --from=builder /app/out/full/ .
#81 CACHED

#82 [space builder 1/3] RUN pnpm add -g turbo@2.9.18
#82 CACHED

#83 [space builder 2/3] COPY . .
#83 CACHED

#84 [space installer 5/8] COPY turbo.json turbo.json
#84 CACHED

#85 [space installer 2/8] COPY --from=builder /app/out/json/ .
#85 CACHED

#86 [space installer 7/8] RUN --mount=type=cache,id=pnpm-store,target=/pnpm/store CI=true pnpm install --offline --frozen-lockfile --store-dir=/pnpm/store --prod=false
#86 CACHED

#87 [copilot internal] load build context
#87 ...

#69 [proxy] exporting to image
#69 DONE 2.2s

#87 [copilot internal] load build context
#87 ...

#88 [proxy] resolving provenance for metadata file
#88 DONE 0.1s

#60 [web internal] load build context
#60 ...

#87 [copilot internal] load build context
#87 transferring context: 563.39kB 4.7s done
#87 DONE 5.2s

#89 [live internal] load build context
#89 ...

#90 [copilot stage-1 5/8] COPY --from=builder /app/out/pnpm-lock.yaml ./pnpm-lock.yaml
#90 CACHED

#91 [copilot stage-1 6/8] COPY --from=builder /app/out/full/ .
#91 CACHED

#92 [copilot builder 4/5] COPY . .
#92 CACHED

#93 [copilot builder 5/5] RUN turbo prune --scope=@plane/copilot --docker
#93 CACHED

#94 [copilot stage-1 7/8] RUN --mount=type=cache,id=pnpm-store,target=/pnpm/store pnpm fetch --store-dir=/pnpm/store
#94 CACHED

#95 [copilot stage-1 3/8] RUN apk add --no-cache libc6-compat && corepack enable
#95 CACHED

#96 [copilot stage-1 4/8] COPY --from=builder /app/out/json/ .
#96 CACHED

#43 [copilot base 2/3] WORKDIR /app
#43 CACHED

#97 [copilot builder 3/5] RUN corepack enable && pnpm add -g turbo@2.9.18
#97 CACHED

#98 [copilot stage-1 8/8] RUN --mount=type=cache,id=pnpm-store,target=/pnpm/store CI=true pnpm install --offline --frozen-lockfile --store-dir=/pnpm/store
#98 CACHED

#99 [copilot] exporting to image
#99 ...

#89 [live internal] load build context
#89 transferring context: 563.39kB 5.0s done
#89 DONE 5.5s

#99 [copilot] exporting to image
#99 exporting layers 0.1s done
#99 exporting manifest sha256:a5cdb3dd9159b122858c9e44ff81a3455969b76f868a871f5bb79d9c27e570d8 done
#99 exporting config sha256:5136fea4989c34f9c7fa4426cb7d404be104edf799a288f92f8ef0dbbd35ed34 done
#99 ...

#100 [live installer 10/12] RUN --mount=type=cache,id=pnpm-store,target=/pnpm/store pnpm fetch --store-dir=/pnpm/store
#100 CACHED

#101 [live installer  2/12] RUN apk add --no-cache libc6-compat
#101 CACHED

#102 [live installer  8/12] COPY --from=builder /app/out/full/ .
#102 CACHED

#103 [live installer  9/12] COPY turbo.json turbo.json
#103 CACHED

#104 [live installer  1/12] RUN apk update
#104 CACHED

#105 [live builder 4/6] RUN corepack enable pnpm && pnpm add -g turbo@2.9.18
#105 CACHED

#106 [live installer  7/12] RUN corepack enable pnpm
#106 CACHED

#107 [live installer  3/12] WORKDIR /app
#107 CACHED

#108 [live installer  4/12] COPY .gitignore .gitignore
#108 CACHED

#109 [live builder 5/6] COPY . .
#109 CACHED

#110 [live installer  5/12] COPY --from=builder /app/out/json/ .
#110 CACHED

#111 [live installer  6/12] COPY --from=builder /app/out/pnpm-lock.yaml ./pnpm-lock.yaml
#111 CACHED

#112 [live builder 6/6] RUN turbo prune --scope=live --docker
#112 CACHED

#113 [live installer 11/12] RUN --mount=type=cache,id=pnpm-store,target=/pnpm/store CI=true pnpm install --offline --frozen-lockfile --store-dir=/pnpm/store
#113 CACHED

#99 [copilot] exporting to image
#99 exporting attestation manifest sha256:9846416d6f93e29eddbf39484ea6f807ca16c5779f625b768cb2d036ef0f268c 0.0s done
#99 exporting manifest list sha256:bb3a1e277d0032efbad8f0f10f274279b31487385b2349a8e4b8e76968926bab
#99 ...

#60 [web internal] load build context
#60 transferring context: 563.39kB 4.9s done
#60 DONE 5.5s

#99 [copilot] exporting to image
#99 exporting manifest list sha256:bb3a1e277d0032efbad8f0f10f274279b31487385b2349a8e4b8e76968926bab 0.0s done
#99 naming to docker.io/library/ten-fold-plane-copilot:latest 0.0s done
#99 unpacking to docker.io/library/ten-fold-plane-copilot:latest
#99 ...

#114 [web production 3/4] COPY apps/web/caddy/Caddyfile /etc/caddy/Caddyfile
#114 CACHED

#115 [web builder 5/5] RUN turbo prune --scope=web --docker
#115 CACHED

#116 [web installer  9/12] COPY turbo.json turbo.json
#116 CACHED

#117 [web installer  8/12] COPY --from=builder /app/apps/proxy/grist-custom.css ./apps/proxy/grist-custom.css
#117 CACHED

#118 [web installer 10/12] RUN --mount=type=cache,id=pnpm-store,target=/pnpm/store pnpm fetch --store-dir=/pnpm/store
#118 CACHED

#119 [web builder 3/5] RUN corepack enable pnpm && pnpm add -g turbo@2.9.18
#119 CACHED

#120 [web builder 4/5] COPY . .
#120 CACHED

#121 [web installer  3/12] COPY .gitignore .gitignore
#121 CACHED

#122 [web installer  1/12] RUN apk add --no-cache libc6-compat
#122 CACHED

#123 [web installer  4/12] COPY --from=builder /app/out/json/ .
#123 CACHED

#124 [web installer  7/12] COPY --from=builder /app/out/full/ .
#124 CACHED

#56 [web base 2/2] RUN corepack enable
#56 CACHED

#125 [web installer  2/12] WORKDIR /app
#125 CACHED

#126 [web installer  5/12] COPY --from=builder /app/out/pnpm-lock.yaml ./pnpm-lock.yaml
#126 CACHED

#127 [web installer  6/12] RUN corepack enable pnpm
#127 CACHED

#128 [web installer 11/12] RUN --mount=type=cache,id=pnpm-store,target=/pnpm/store CI=true pnpm install --offline --frozen-lockfile --store-dir=/pnpm/store
#128 CACHED

#129 [web installer 12/12] RUN pnpm turbo run build --filter=web --force     && printf '%s\n' "2a9fc2a5ac5555b12dc0d1d585941f6c50e4112fa7dc489934f6970767d442e9" > /app/apps/web/build/client/deployment-source.txt
#129 ...

#99 [copilot] exporting to image
#99 unpacking to docker.io/library/ten-fold-plane-copilot:latest 0.2s done
#99 DONE 0.8s

#130 [admin caddy-builder 2/2] RUN xcaddy build     --with github.com/mholt/caddy-ratelimit
#130 0.997 2026/09/18 08:54:47 [INFO] absolute output file path: /usr/bin/caddy
#130 0.997 2026/09/18 08:54:47 [INFO] Temporary folder: /tmp/buildenv_2026-09-18-0854.533570788
#130 0.997 2026/09/18 08:54:47 [INFO] Writing main module: /tmp/buildenv_2026-09-18-0854.533570788/main.go
#130 0.997 package main
#130 0.997 
#130 0.997 import (
#130 0.997 	caddycmd "github.com/caddyserver/caddy/v2/cmd"
#130 0.997 
#130 0.997 	// plug in Caddy modules here
#130 0.997 	_ "github.com/caddyserver/caddy/v2/modules/standard"
#130 0.997 	_ "github.com/mholt/caddy-ratelimit"
#130 0.997 )
#130 0.997 
#130 0.997 func main() {
#130 0.997 	caddycmd.Main()
#130 0.997 }
#130 0.997 2026/09/18 08:54:47 [INFO] Initializing Go module
#130 0.997 2026/09/18 08:54:47 [INFO] exec (timeout=0s): /usr/local/go/bin/go mod init caddy 
#130 1.058 go: creating new go.mod: module caddy
#130 1.076 go: to add module requirements and sums:
#130 1.076 	go mod tidy
#130 1.076 2026/09/18 08:54:47 [INFO] Pinning versions
#130 1.076 2026/09/18 08:54:47 [INFO] exec (timeout=0s): /usr/local/go/bin/go get -v github.com/caddyserver/caddy/v2@v2.11.4 
#130 1.218 go: downloading github.com/caddyserver/caddy/v2 v2.11.4
#130 2.646 go: downloading github.com/caddyserver/certmagic v0.25.3
#130 2.667 go: downloading github.com/cespare/xxhash/v2 v2.3.0
#130 2.756 go: downloading github.com/cespare/xxhash v1.1.0
#130 2.822 go: downloading github.com/google/uuid v1.6.0
#130 2.879 go: downloading github.com/prometheus/client_golang v1.23.2
#130 3.124 go: downloading github.com/quic-go/quic-go v0.59.1
#130 3.891 go: downloading go.uber.org/zap v1.28.0
#130 3.891 go: downloading go.uber.org/zap/exp v0.3.0
#130 4.112 go: downloading golang.org/x/sys v0.45.0
#130 5.821 go: downloading golang.org/x/term v0.43.0
#130 5.821 go: downloading golang.org/x/time v0.15.0
#130 7.322 go: downloading github.com/caddyserver/zerossl v0.1.5
#130 7.322 go: downloading github.com/klauspost/cpuid/v2 v2.3.0
#130 7.382 go: downloading github.com/libdns/libdns v1.1.1
#130 7.393 go: downloading github.com/mholt/acmez/v3 v3.1.6
#130 7.483 go: downloading github.com/miekg/dns v1.1.72
#130 ...

#131 [copilot] resolving provenance for metadata file
#131 DONE 0.1s

#130 [admin caddy-builder 2/2] RUN xcaddy build     --with github.com/mholt/caddy-ratelimit
#130 7.643 go: downloading github.com/zeebo/blake3 v0.2.4
#130 7.784 go: downloading golang.org/x/crypto v0.52.0
#130 7.826 go: downloading golang.org/x/net v0.55.0
#130 10.15 go: downloading github.com/beorn7/perks v1.0.1
#130 10.31 go: downloading github.com/prometheus/client_model v0.6.2
#130 10.42 go: downloading github.com/prometheus/common v0.67.5
#130 10.87 go: downloading github.com/prometheus/procfs v0.20.1
#130 10.87 go: downloading google.golang.org/protobuf v1.36.11
#130 13.09 go: downloading github.com/quic-go/qpack v0.6.0
#130 13.20 go: downloading go.uber.org/multierr v1.11.0
#130 ...

#132 [space installer 8/8] RUN pnpm turbo run build --filter=space
#132 6.649 
#132 6.649    • Packages in scope: space
#132 6.649    • Running build in 1 packages
#132 6.649    • Remote caching disabled
#132 6.649 
#132 8.199 @plane/i18n:build: cache miss, executing 5dbd7ff96bc08b5a
#132 8.205 @plane/types:build: cache miss, executing 388d4d0f142f4549
#132 8.211 @plane/hooks:build: cache miss, executing d0aef673d47062f7
#132 ...

#133 [admin installer 8/8] RUN pnpm turbo run build --filter=admin
#133 6.311 
#133 6.311    • Packages in scope: admin
#133 6.311    • Running build in 1 packages
#133 6.311    • Remote caching disabled
#133 6.311 
#133 6.607 @plane/hooks:build: cache miss, executing d0aef673d47062f7
#133 6.607 @plane/types:build: cache miss, executing 388d4d0f142f4549
#133 ...

#130 [admin caddy-builder 2/2] RUN xcaddy build     --with github.com/mholt/caddy-ratelimit
#130 14.61 go: downloading golang.org/x/tools v0.44.0
#130 14.78 go: downloading golang.org/x/text v0.37.0
#130 ...

#134 [live installer 12/12] RUN pnpm turbo run build --filter=live
#134 12.31 Scope: all 13 workspace projects
#134 ...

#133 [admin installer 8/8] RUN pnpm turbo run build --filter=admin
#133 16.17 @plane/types:build: $ tsdown
#133 17.90 @plane/types:build: [34mℹ[39m tsdown [2mv0.16.0[22m powered by rolldown [2mv1.0.0-beta.46[22m
#133 17.93 @plane/hooks:build: $ tsdown
#133 19.83 @plane/types:build: [34mℹ[39m Using tsdown config: [4m/app/packages/types/tsdown.config.ts[24m
#133 19.91 @plane/hooks:build: [34mℹ[39m tsdown [2mv0.16.0[22m powered by rolldown [2mv1.0.0-beta.46[22m
#133 19.95 @plane/types:build: [34mℹ[39m entry: [34msrc/index.ts[39m
#133 19.96 @plane/types:build: [34mℹ[39m tsconfig: [34mtsconfig.json[39m
#133 19.97 @plane/types:build: [34mℹ[39m Build start
#133 21.52 @plane/hooks:build: [34mℹ[39m Using tsdown config: [4m/app/packages/hooks/tsdown.config.ts[24m
#133 21.66 @plane/hooks:build: [34mℹ[39m entry: [34msrc/index.ts[39m
#133 21.67 @plane/hooks:build: [34mℹ[39m tsconfig: [34mtsconfig.json[39m
#133 21.68 @plane/hooks:build: [34mℹ[39m Build start
#133 ...

#132 [space installer 8/8] RUN pnpm turbo run build --filter=space
#132 22.88 @plane/types:build: $ tsdown
#132 23.44 @plane/i18n:build: $ pnpm run generate:types && tsdown
#132 23.95 @plane/hooks:build: $ tsdown
#132 25.36 @plane/types:build: [34mℹ[39m tsdown [2mv0.16.0[22m powered by rolldown [2mv1.0.0-beta.46[22m
#132 25.87 @plane/hooks:build: [34mℹ[39m tsdown [2mv0.16.0[22m powered by rolldown [2mv1.0.0-beta.46[22m
#132 ...

#129 [web installer 12/12] RUN pnpm turbo run build --filter=web --force     && printf '%s\n' "2a9fc2a5ac5555b12dc0d1d585941f6c50e4112fa7dc489934f6970767d442e9" > /app/apps/web/build/client/deployment-source.txt
#129 12.88 Scope: all 14 workspace projects
#129 17.53 ✓ Lockfile passes supply-chain policies (verified 2h ago)
#129 17.67 Lockfile is up to date, resolution step is skipped
#129 20.49 Already up to date
#129 21.48 
#129 21.48    ╭──────────────────────────────────────────────╮
#129 21.48    │                                              │
#129 21.48    │     Update available! 11.10.0 → 12.4.2.      │
#129 21.48    │     Changelog: https://pnpm.io/v/12.4.2      │
#129 21.48    │   To update, run: corepack use pnpm@12.4.2   │
#129 21.48    │                                              │
#129 21.48    ╰──────────────────────────────────────────────╯
#129 21.48 
#129 ...

#130 [admin caddy-builder 2/2] RUN xcaddy build     --with github.com/mholt/caddy-ratelimit
#130 21.96 go: downloading go.yaml.in/yaml/v2 v2.4.4
#130 22.04 go: downloading github.com/munnerz/goautoneg v0.0.0-20191010083416-a7dc8b61c822
#130 22.45 go: downloading golang.org/x/sync v0.20.0
#130 22.64 go: downloading golang.org/x/mod v0.35.0
#130 25.07 go: added github.com/beorn7/perks v1.0.1
#130 25.07 go: added github.com/caddyserver/caddy/v2 v2.11.4
#130 25.07 go: added github.com/caddyserver/certmagic v0.25.3
#130 25.07 go: added github.com/caddyserver/zerossl v0.1.5
#130 25.07 go: added github.com/cespare/xxhash/v2 v2.3.0
#130 25.07 go: added github.com/google/uuid v1.6.0
#130 25.07 go: added github.com/klauspost/cpuid/v2 v2.3.0
#130 25.07 go: added github.com/libdns/libdns v1.1.1
#130 25.07 go: added github.com/mholt/acmez/v3 v3.1.6
#130 25.07 go: added github.com/miekg/dns v1.1.72
#130 25.07 go: added github.com/munnerz/goautoneg v0.0.0-20191010083416-a7dc8b61c822
#130 25.07 go: added github.com/prometheus/client_golang v1.23.2
#130 25.07 go: added github.com/prometheus/client_model v0.6.2
#130 25.07 go: added github.com/prometheus/common v0.67.5
#130 25.07 go: added github.com/prometheus/procfs v0.20.1
#130 25.07 go: added github.com/quic-go/qpack v0.6.0
#130 25.07 go: added github.com/quic-go/quic-go v0.59.1
#130 25.07 go: added github.com/zeebo/blake3 v0.2.4
#130 25.07 go: added go.uber.org/multierr v1.11.0
#130 25.07 go: added go.uber.org/zap v1.28.0
#130 25.07 go: added go.uber.org/zap/exp v0.3.0
#130 25.07 go: added go.yaml.in/yaml/v2 v2.4.4
#130 25.07 go: added golang.org/x/crypto v0.52.0
#130 25.07 go: added golang.org/x/mod v0.35.0
#130 25.07 go: added golang.org/x/net v0.55.0
#130 25.07 go: added golang.org/x/sync v0.20.0
#130 25.07 go: added golang.org/x/sys v0.45.0
#130 25.07 go: added golang.org/x/term v0.43.0
#130 25.07 go: added golang.org/x/text v0.37.0
#130 25.07 go: added golang.org/x/time v0.15.0
#130 25.07 go: added golang.org/x/tools v0.44.0
#130 25.07 go: added google.golang.org/protobuf v1.36.11
#130 25.08 2026/09/18 08:55:11 [INFO] exec (timeout=0s): /usr/local/go/bin/go get -v github.com/mholt/caddy-ratelimit github.com/caddyserver/caddy/v2@v2.11.4 
#130 26.14 go: downloading github.com/mholt/caddy-ratelimit v0.1.0
#130 27.05 go: downloading github.com/dustin/go-humanize v1.0.1
#130 27.05 go: downloading github.com/google/cel-go v0.28.1
#130 28.40 go: downloading github.com/spf13/cobra v1.10.2
#130 28.41 go: downloading go.opentelemetry.io/contrib/bridges/prometheus v0.68.0
#130 28.66 go: downloading go.opentelemetry.io/contrib/exporters/autoexport v0.68.0
#130 28.71 go: downloading go.opentelemetry.io/otel/sdk/metric v1.43.0
#130 28.94 go: downloading go.opentelemetry.io/otel/sdk v1.43.0
#130 29.15 go: downloading go.opentelemetry.io/otel v1.43.0
#130 ...

#132 [space installer 8/8] RUN pnpm turbo run build --filter=space
#132 28.02 @plane/types:build: [34mℹ[39m Using tsdown config: [4m/app/packages/types/tsdown.config.ts[24m
#132 28.14 @plane/types:build: [34mℹ[39m entry: [34msrc/index.ts[39m
#132 28.16 @plane/types:build: [34mℹ[39m tsconfig: [34mtsconfig.json[39m
#132 28.16 @plane/types:build: [34mℹ[39m Build start
#132 28.17 @plane/hooks:build: [34mℹ[39m Using tsdown config: [4m/app/packages/hooks/tsdown.config.ts[24m
#132 28.38 @plane/hooks:build: [34mℹ[39m entry: [34msrc/index.ts[39m
#132 28.40 @plane/hooks:build: [34mℹ[39m tsconfig: [34mtsconfig.json[39m
#132 28.41 @plane/hooks:build: [34mℹ[39m Build start
#132 ...

#134 [live installer 12/12] RUN pnpm turbo run build --filter=live
#134 16.92 ✓ Lockfile passes supply-chain policies (verified 2h ago)
#134 17.06 Lockfile is up to date, resolution step is skipped
#134 20.34 Already up to date
#134 21.44 
#134 21.44    ╭──────────────────────────────────────────────╮
#134 21.44    │                                              │
#134 21.44    │     Update available! 11.10.0 → 12.4.2.      │
#134 21.44    │     Changelog: https://pnpm.io/v/12.4.2      │
#134 21.44    │   To update, run: corepack use pnpm@12.4.2   │
#134 21.44    │                                              │
#134 21.44    ╰──────────────────────────────────────────────╯
#134 21.44 
#134 ...

#130 [admin caddy-builder 2/2] RUN xcaddy build     --with github.com/mholt/caddy-ratelimit
#130 31.78 go: downloading github.com/smallstep/certificates v0.30.2
#130 34.60 go: downloading github.com/smallstep/truststore v0.13.0
#130 34.61 go: downloading go.step.sm/crypto v0.81.0
#130 35.71 go: downloading github.com/cloudflare/circl v1.6.3
#130 42.68 go: downloading github.com/tailscale/tscert v0.0.0-20251216020129-aea342f6d747
#130 42.72 go: downloading github.com/KimMachineGun/automemlimit v0.7.5
#130 42.79 go: downloading github.com/aryann/difflib v0.0.0-20210328193216-ff5ff6dc229b
#130 42.90 go: downloading github.com/spf13/pflag v1.0.10
#130 43.07 go: downloading go.uber.org/automaxprocs v1.6.0
#130 43.18 go: downloading golang.org/x/crypto/x509roots/fallback v0.0.0-20260213171211-a408498e5541
#130 43.28 go: downloading cel.dev/expr v0.25.1
#130 ...

#132 [space installer 8/8] RUN pnpm turbo run build --filter=space
#132 40.24 @plane/i18n:build: $ tsx scripts/generate-types.ts
#132 ...

#130 [admin caddy-builder 2/2] RUN xcaddy build     --with github.com/mholt/caddy-ratelimit
#130 43.56 go: downloading google.golang.org/genproto/googleapis/api v0.0.0-20260406210006-6f92a3bedf2d
#130 43.73 go: downloading github.com/antlr4-go/antlr/v4 v4.13.1
#130 44.02 go: downloading github.com/inconshreveable/mousetrap v1.1.0
#130 44.06 go: downloading go.opentelemetry.io/otel/exporters/otlp/otlplog/otlploggrpc v0.19.0
#130 44.27 go: downloading go.opentelemetry.io/otel/exporters/otlp/otlplog/otlploghttp v0.19.0
#130 44.30 go: downloading go.opentelemetry.io/otel/exporters/otlp/otlpmetric/otlpmetricgrpc v1.43.0
#130 44.40 go: downloading go.opentelemetry.io/otel/exporters/otlp/otlpmetric/otlpmetrichttp v1.43.0
#130 44.47 go: downloading go.opentelemetry.io/otel/exporters/otlp/otlptrace/otlptracegrpc v1.43.0
#130 44.58 go: downloading go.opentelemetry.io/otel/exporters/otlp/otlptrace/otlptracehttp v1.43.0
#130 44.70 go: downloading go.opentelemetry.io/otel/exporters/otlp/otlptrace v1.43.0
#130 44.90 go: downloading go.opentelemetry.io/otel/exporters/prometheus v0.65.0
#130 44.91 go: downloading go.opentelemetry.io/otel/exporters/stdout/stdoutlog v0.19.0
#130 45.05 go: downloading go.opentelemetry.io/otel/exporters/stdout/stdoutmetric v1.43.0
#130 45.35 go: downloading go.opentelemetry.io/otel/exporters/stdout/stdouttrace v1.43.0
#130 45.39 go: downloading go.opentelemetry.io/otel/sdk/log v0.19.0
#130 45.54 go: downloading go.opentelemetry.io/otel/metric v1.43.0
#130 45.74 go: downloading github.com/pkg/errors v0.9.1
#130 45.76 go: downloading github.com/smallstep/cli-utils v0.12.2
#130 46.10 go: downloading github.com/smallstep/nosql v0.8.0
#130 46.10 go: downloading github.com/smallstep/linkedca v0.25.0
#130 46.36 go: downloading google.golang.org/grpc v1.81.0
#130 48.95 go: downloading howett.net/plist v1.0.0
#130 48.95 go: downloading github.com/slackhq/nebula v1.10.3
#130 49.33 go: downloading github.com/pbnjay/memory v0.0.0-20210728143218-7b4eea64cf58
#130 49.45 go: downloading github.com/cpuguy83/go-md2man/v2 v2.0.7
#130 49.62 go: downloading go.yaml.in/yaml/v3 v3.0.4
#130 49.90 go: downloading golang.org/x/exp v0.0.0-20251023183803-a4bb9ffd2546
#130 50.56 go: downloading google.golang.org/genproto/googleapis/rpc v0.0.0-20260427160629-7cedc36a6bc4
#130 50.73 go: downloading github.com/go-logr/logr v1.4.3
#130 51.03 go: downloading go.opentelemetry.io/otel/trace v1.43.0
#130 51.25 go: downloading go.opentelemetry.io/proto/otlp v1.10.0
#130 51.38 go: downloading github.com/prometheus/otlptranslator v1.0.0
#130 51.40 go: downloading go.opentelemetry.io/otel/log v0.19.0
#130 51.76 go: downloading github.com/go-logr/stdr v1.2.2
#130 51.96 go: downloading go.opentelemetry.io/auto/sdk v1.2.1
#130 52.23 go: downloading github.com/ccoveille/go-safecast/v2 v2.0.0
#130 52.25 go: downloading github.com/smallstep/pkcs7 v0.2.1
#130 52.49 go: downloading github.com/smallstep/scep v0.0.0-20250318231241-a25cabb69492
#130 52.85 go: downloading github.com/urfave/cli v1.22.17
#130 52.85 go: downloading github.com/Masterminds/sprig/v3 v3.3.0
#130 53.04 go: downloading github.com/chzyer/readline v1.5.1
#130 53.27 go: downloading github.com/manifoldco/promptui v0.9.0
#130 53.28 go: downloading github.com/go-jose/go-jose/v3 v3.0.5
#130 53.95 go: downloading google.golang.org/grpc/cmd/protoc-gen-go-grpc v1.5.1
#130 53.96 go: downloading filippo.io/edwards25519 v1.2.0
#130 54.17 go: downloading google.golang.org/api v0.277.0
#130 54.19 go: downloading github.com/coreos/go-oidc/v3 v3.17.0
#130 ...

#134 [live installer 12/12] RUN pnpm turbo run build --filter=live
#134 37.85 
#134 37.99 . prepare$ husky
#134 38.34 . prepare: .git can't be found
#134 38.35 . prepare: Done
#134 39.91 Done in 33.1s using pnpm v11.10.0
#134 41.53 • turbo 2.10.11
#134 42.37 
#134 42.37    • Packages in scope: live
#134 42.37    • Running build in 1 packages
#134 42.37    • Remote caching disabled
#134 42.37 
#134 43.29 @plane/types:build: cache miss, executing 500db04b6ca0f300
#134 43.29 @plane/hooks:build: cache miss, executing 03765f147810d758
#134 43.32 @plane/decorators:build: cache miss, executing ee0d07a833633b3d
#134 43.32 @plane/logger:build: cache miss, executing 09376fcd1266fb8a
#134 ...

#130 [admin caddy-builder 2/2] RUN xcaddy build     --with github.com/mholt/caddy-ratelimit
#130 54.39 go: downloading github.com/rs/xid v1.6.0
#130 54.47 go: downloading github.com/russross/blackfriday/v2 v2.1.0
#130 54.76 go: downloading github.com/mitchellh/go-ps v1.0.0
#130 54.97 go: downloading github.com/tailscale/go-winio v0.0.0-20231025203758-c4f33415bf55
#130 55.29 go: downloading github.com/cenkalti/backoff/v5 v5.0.3
#130 55.38 go: downloading github.com/grpc-ecosystem/grpc-gateway/v2 v2.28.0
#130 ...

#129 [web installer 12/12] RUN pnpm turbo run build --filter=web --force     && printf '%s\n' "2a9fc2a5ac5555b12dc0d1d585941f6c50e4112fa7dc489934f6970767d442e9" > /app/apps/web/build/client/deployment-source.txt
#129 40.07 
#129 40.17 . prepare$ husky
#129 40.56 . prepare: .git can't be found
#129 40.56 . prepare: Done
#129 42.57 Done in 35.2s using pnpm v11.10.0
#129 44.59 • turbo 2.10.11
#129 45.18 
#129 45.18    • Packages in scope: web
#129 45.18    • Running build in 1 packages
#129 45.18    • Remote caching disabled
#129 45.18 
#129 48.96 @plane/i18n:build: cache bypass, force executing edd8dbbe1c3771c1
#129 48.96 @plane/hooks:build: cache bypass, force executing 7cfc83de1dc854c6
#129 48.98 @plane/types:build: cache bypass, force executing 73de4b48de61b180
#129 ...

#132 [space installer 8/8] RUN pnpm turbo run build --filter=space
#132 54.03 @plane/i18n:build: Generated 3838 keys from 28 namespace files
#132 58.57 @plane/i18n:build: [34mℹ[39m tsdown [2mv0.16.0[22m powered by rolldown [2mv1.0.0-beta.46[22m
#132 ...

#130 [admin caddy-builder 2/2] RUN xcaddy build     --with github.com/mholt/caddy-ratelimit
#130 57.79 go: downloading dario.cat/mergo v1.0.2
#130 58.21 go: downloading github.com/Masterminds/goutils v1.1.1
#130 58.36 go: downloading github.com/Masterminds/semver/v3 v3.4.0
#130 58.49 go: downloading github.com/huandu/xstrings v1.5.0
#130 58.68 go: downloading github.com/mitchellh/copystructure v1.2.0
#130 58.73 go: downloading github.com/shopspring/decimal v1.4.0
#130 58.81 go: downloading github.com/spf13/cast v1.7.0
#130 59.21 go: downloading github.com/dgraph-io/badger v1.6.2
#130 59.78 go: downloading github.com/dgraph-io/badger/v2 v2.2007.4
#130 60.58 go: downloading go.etcd.io/bbolt v1.4.3
#130 61.12 go: downloading github.com/go-sql-driver/mysql v1.9.3
#130 61.37 go: downloading github.com/jackc/pgx/v5 v5.9.2
#130 62.68 go: downloading github.com/go-jose/go-jose/v4 v4.1.4
#130 63.10 go: downloading golang.org/x/oauth2 v0.36.0
#130 63.43 go: downloading filippo.io/bigmod v0.1.0
#130 63.78 go: downloading github.com/mitchellh/reflectwalk v1.0.2
#130 63.89 go: downloading github.com/dgraph-io/ristretto v0.2.0
#130 64.64 go: downloading github.com/golang/protobuf v1.5.4
#130 65.19 go: downloading github.com/dgryski/go-farm v0.0.0-20200201041132-a6ae2369ad13
#130 65.53 go: downloading github.com/mgutz/ansi v0.0.0-20200706080929-d51e80ef957d
#130 65.89 go: downloading github.com/AndreasBriese/bbloom v0.0.0-20190825152654-46b345b51c96
#130 65.97 go: downloading github.com/golang/snappy v0.0.4
#130 66.28 go: downloading github.com/klauspost/compress v1.18.6
#130 ...

#132 [space installer 8/8] RUN pnpm turbo run build --filter=space
#132 63.05 @plane/i18n:build: [34mℹ[39m Using tsdown config: [4m/app/packages/i18n/tsdown.config.ts[24m
#132 63.58 @plane/i18n:build: [34mℹ[39m entry: [34msrc/index.ts[39m
#132 63.58 @plane/i18n:build: [34mℹ[39m tsconfig: [34mtsconfig.json[39m
#132 63.58 @plane/i18n:build: [34mℹ[39m Build start
#132 ...

#134 [live installer 12/12] RUN pnpm turbo run build --filter=live
#134 63.75 @plane/decorators:build: $ tsdown
#134 64.16 @plane/logger:build: $ tsdown
#134 64.41 @plane/hooks:build: $ tsdown
#134 64.75 @plane/types:build: $ tsdown
#134 67.22 @plane/hooks:build: ℹ tsdown v0.16.0 powered by rolldown v1.0.0-beta.46
#134 67.26 @plane/logger:build: ℹ tsdown v0.16.0 powered by rolldown v1.0.0-beta.46
#134 67.55 @plane/decorators:build: ℹ tsdown v0.16.0 powered by rolldown v1.0.0-beta.46
#134 68.63 @plane/types:build: ℹ tsdown v0.16.0 powered by rolldown v1.0.0-beta.46
#134 70.63 @plane/logger:build: ℹ Using tsdown config: /app/packages/logger/tsdown.config.ts
#134 70.83 @plane/decorators:build: ℹ Using tsdown config: /app/packages/decorators/tsdown.config.ts
#134 70.94 @plane/logger:build: ℹ entry: src/index.ts
#134 70.94 @plane/logger:build: ℹ tsconfig: tsconfig.json
#134 70.97 @plane/logger:build: ℹ Build start
#134 71.08 @plane/decorators:build: ℹ entry: src/index.ts
#134 71.08 @plane/decorators:build: ℹ tsconfig: tsconfig.json
#134 71.08 @plane/decorators:build: ℹ Build start
#134 71.16 @plane/hooks:build: ℹ Using tsdown config: /app/packages/hooks/tsdown.config.ts
#134 71.49 @plane/hooks:build: ℹ entry: src/index.ts
#134 71.49 @plane/hooks:build: ℹ tsconfig: tsconfig.json
#134 71.50 @plane/hooks:build: ℹ Build start
#134 ...

#130 [admin caddy-builder 2/2] RUN xcaddy build     --with github.com/mholt/caddy-ratelimit
#130 77.93 go: downloading github.com/jackc/pgpassfile v1.0.0
#130 78.00 go: downloading github.com/jackc/pgservicefile v0.0.0-20240606120523-5a60cdf6a761
#130 78.34 go: downloading github.com/jackc/puddle/v2 v2.2.2
#130 78.47 go: downloading github.com/mattn/go-colorable v0.1.14
#130 78.66 go: downloading github.com/shurcooL/sanitized_anchor_name v1.0.0
#130 78.78 go: downloading github.com/mattn/go-isatty v0.0.20
#130 ...

#129 [web installer 12/12] RUN pnpm turbo run build --filter=web --force     && printf '%s\n' "2a9fc2a5ac5555b12dc0d1d585941f6c50e4112fa7dc489934f6970767d442e9" > /app/apps/web/build/client/deployment-source.txt
#129 63.45 @plane/hooks:build: $ tsdown
#129 63.69 @plane/types:build: $ tsdown
#129 64.09 @plane/i18n:build: $ pnpm run generate:types && tsdown
#129 66.13 @plane/hooks:build: ℹ tsdown v0.16.0 powered by rolldown v1.0.0-beta.46
#129 66.15 @plane/types:build: ℹ tsdown v0.16.0 powered by rolldown v1.0.0-beta.46
#129 68.44 @plane/types:build: ℹ Using tsdown config: /app/packages/types/tsdown.config.ts
#129 68.55 @plane/hooks:build: ℹ Using tsdown config: /app/packages/hooks/tsdown.config.ts
#129 68.62 @plane/types:build: ℹ entry: src/index.ts
#129 68.64 @plane/types:build: ℹ tsconfig: tsconfig.json
#129 68.64 @plane/types:build: ℹ Build start
#129 68.73 @plane/hooks:build: ℹ entry: src/index.ts
#129 68.73 @plane/hooks:build: ℹ tsconfig: tsconfig.json
#129 68.73 @plane/hooks:build: ℹ Build start
#129 ...

#134 [live installer 12/12] RUN pnpm turbo run build --filter=live
#134 72.58 @plane/types:build: ℹ Using tsdown config: /app/packages/types/tsdown.config.ts
#134 72.95 @plane/types:build: ℹ entry: src/index.ts
#134 72.99 @plane/types:build: ℹ tsconfig: tsconfig.json
#134 73.00 @plane/types:build: ℹ Build start
#134 ...

#133 [admin installer 8/8] RUN pnpm turbo run build --filter=admin
#133 78.11 @plane/hooks:build: [34mℹ[39m [2mdist/[22m[1mindex.js[22m        [2m 5.82 kB[22m [2m│ gzip: 1.93 kB[22m
#133 78.11 @plane/hooks:build: [34mℹ[39m [2mdist/[22mindex.js.map    [2m11.13 kB[22m [2m│ gzip: 3.57 kB[22m
#133 78.11 @plane/hooks:build: [34mℹ[39m [2mdist/[22mindex.d.ts.map  [2m 0.66 kB[22m [2m│ gzip: 0.39 kB[22m
#133 78.11 @plane/hooks:build: [34mℹ[39m [2mdist/[22m[32m[1mindex.d.ts[22m[39m      [2m 2.00 kB[22m [2m│ gzip: 0.80 kB[22m
#133 78.11 @plane/hooks:build: [34mℹ[39m 4 files, total: 19.61 kB
#133 78.11 @plane/hooks:build: [32m✔[39m Build complete in [32m56394ms[39m
#133 82.41 @plane/types:build: [34mℹ[39m [2mdist/[22m[1mindex.mjs[22m        [2m 16.83 kB[22m [2m│ gzip:  3.68 kB[22m
#133 82.41 @plane/types:build: [34mℹ[39m [2mdist/[22mindex.d.mts.map  [2m 89.23 kB[22m [2m│ gzip: 29.36 kB[22m
#133 82.42 @plane/types:build: [34mℹ[39m [2mdist/[22mindex.mjs.map    [2m 65.52 kB[22m [2m│ gzip: 13.53 kB[22m
#133 82.42 @plane/types:build: [34mℹ[39m [2mdist/[22m[32m[1mindex.d.mts[22m[39m      [2m146.98 kB[22m [2m│ gzip: 28.71 kB[22m
#133 82.42 @plane/types:build: [34mℹ[39m 4 files, total: 318.56 kB
#133 82.45 @plane/types:build: [32m✔[39m Build complete in [32m62465ms[39m
#133 83.37 @plane/constants:build: cache miss, executing b2ebb20385299ae6
#133 ...

#129 [web installer 12/12] RUN pnpm turbo run build --filter=web --force     && printf '%s\n' "2a9fc2a5ac5555b12dc0d1d585941f6c50e4112fa7dc489934f6970767d442e9" > /app/apps/web/build/client/deployment-source.txt
#129 80.91 @plane/i18n:build: $ tsx scripts/generate-types.ts
#129 ...

#130 [admin caddy-builder 2/2] RUN xcaddy build     --with github.com/mholt/caddy-ratelimit
#130 90.68 go: downloading cloud.google.com/go/auth v0.20.0
#130 90.69 go: downloading github.com/googleapis/gax-go/v2 v2.22.0
#130 91.24 go: downloading cloud.google.com/go/auth/oauth2adapt v0.2.8
#130 91.24 go: downloading cloud.google.com/go/compute/metadata v0.9.0
#130 91.35 go: downloading github.com/google/s2a-go v0.1.9
#130 91.39 go: downloading go.opentelemetry.io/contrib/instrumentation/net/http/otelhttp v0.68.0
#130 91.58 go: downloading github.com/googleapis/enterprise-certificate-proxy v0.3.15
#130 91.86 go: downloading github.com/felixge/httpsnoop v1.0.4
#130 ...

#129 [web installer 12/12] RUN pnpm turbo run build --filter=web --force     && printf '%s\n' "2a9fc2a5ac5555b12dc0d1d585941f6c50e4112fa7dc489934f6970767d442e9" > /app/apps/web/build/client/deployment-source.txt
#129 95.05 @plane/i18n:build: Generated 3838 keys from 28 namespace files
#129 ...

#133 [admin installer 8/8] RUN pnpm turbo run build --filter=admin
#133 89.09 @plane/constants:build: $ tsdown
#133 89.88 @plane/constants:build: [34mℹ[39m tsdown [2mv0.16.0[22m powered by rolldown [2mv1.0.0-beta.46[22m
#133 90.71 @plane/constants:build: [34mℹ[39m Using tsdown config: [4m/app/packages/constants/tsdown.config.ts[24m
#133 90.79 @plane/constants:build: [34mℹ[39m entry: [34msrc/index.ts[39m
#133 90.79 @plane/constants:build: [34mℹ[39m tsconfig: [34mtsconfig.json[39m
#133 90.80 @plane/constants:build: [34mℹ[39m Build start
#133 ...

#130 [admin caddy-builder 2/2] RUN xcaddy build     --with github.com/mholt/caddy-ratelimit
#130 104.4 go: added github.com/mholt/caddy-ratelimit v0.1.0
#130 104.5 2026/09/18 08:56:31 [INFO] exec (timeout=0s): /usr/local/go/bin/go get -v  
#130 105.1 go: downloading github.com/go-chi/chi/v5 v5.2.5
#130 105.1 go: downloading github.com/DeRuina/timberjack v1.4.2
#130 105.9 go: downloading github.com/pires/go-proxyproto v0.12.0
#130 105.9 go: downloading github.com/BurntSushi/toml v1.6.0
#130 106.2 go: downloading github.com/alecthomas/chroma/v2 v2.24.1
#130 107.1 go: downloading github.com/yuin/goldmark v1.8.2
#130 107.5 go: downloading github.com/yuin/goldmark-highlighting/v2 v2.0.0-20230729083705-37449abec8cc
#130 107.6 go: downloading gopkg.in/yaml.v3 v3.0.1
#130 107.8 go: downloading go.opentelemetry.io/contrib/propagators/autoprop v0.68.0
#130 108.1 go: downloading github.com/fxamacker/cbor/v2 v2.9.0
#130 108.5 go: downloading github.com/google/go-tpm v0.9.8
#130 108.9 go: downloading github.com/smallstep/go-attestation v0.4.4-0.20241119153605-2306d5b464ca
#130 109.5 go: downloading go.opentelemetry.io/contrib/propagators/aws v1.43.0
#130 109.5 go: downloading go.opentelemetry.io/contrib/propagators/b3 v1.43.0
#130 109.7 go: downloading go.opentelemetry.io/contrib/propagators/jaeger v1.43.0
#130 109.7 go: downloading go.opentelemetry.io/contrib/propagators/ot v1.43.0
#130 109.8 go: downloading github.com/x448/float16 v0.8.4
#130 109.8 go: downloading github.com/sirupsen/logrus v1.9.4
#130 110.1 go: downloading github.com/google/go-tspi v0.3.0
#130 110.2 go: downloading github.com/dlclark/regexp2 v1.12.0
#130 110.3 go: downloading github.com/google/certificate-transparency-go v1.1.8-0.20240110162603-74a5dd331745
#130 ...

#132 [space installer 8/8] RUN pnpm turbo run build --filter=space
#132 101.6 @plane/hooks:build: [34mℹ[39m [2mdist/[22m[1mindex.js[22m        [2m 5.82 kB[22m [2m│ gzip: 1.93 kB[22m
#132 101.6 @plane/hooks:build: [34mℹ[39m [2mdist/[22mindex.js.map    [2m11.13 kB[22m [2m│ gzip: 3.57 kB[22m
#132 101.6 @plane/hooks:build: [34mℹ[39m [2mdist/[22mindex.d.ts.map  [2m 0.66 kB[22m [2m│ gzip: 0.39 kB[22m
#132 101.6 @plane/hooks:build: [34mℹ[39m [2mdist/[22m[32m[1mindex.d.ts[22m[39m      [2m 2.00 kB[22m [2m│ gzip: 0.80 kB[22m
#132 101.6 @plane/hooks:build: [34mℹ[39m 4 files, total: 19.61 kB
#132 101.6 @plane/hooks:build: [32m✔[39m Build complete in [32m73078ms[39m
#132 ...

#130 [admin caddy-builder 2/2] RUN xcaddy build     --with github.com/mholt/caddy-ratelimit
#130 116.0 2026/09/18 08:56:42 [INFO] Build environment ready
#130 116.0 2026/09/18 08:56:42 [INFO] Building Caddy
#130 116.0 2026/09/18 08:56:42 [INFO] exec (timeout=0s): /usr/local/go/bin/go mod tidy -e 
#130 ...

#129 [web installer 12/12] RUN pnpm turbo run build --filter=web --force     && printf '%s\n' "2a9fc2a5ac5555b12dc0d1d585941f6c50e4112fa7dc489934f6970767d442e9" > /app/apps/web/build/client/deployment-source.txt
#129 99.68 @plane/i18n:build: ℹ tsdown v0.16.0 powered by rolldown v1.0.0-beta.46
#129 104.1 @plane/i18n:build: ℹ Using tsdown config: /app/packages/i18n/tsdown.config.ts
#129 104.5 @plane/i18n:build: ℹ entry: src/index.ts
#129 104.5 @plane/i18n:build: ℹ tsconfig: tsconfig.json
#129 104.5 @plane/i18n:build: ℹ Build start
#129 ...

#130 [admin caddy-builder 2/2] RUN xcaddy build     --with github.com/mholt/caddy-ratelimit
#130 116.5 go: downloading github.com/stretchr/testify v1.11.1
#130 117.0 go: downloading go.uber.org/goleak v1.3.0
#130 117.4 go: downloading github.com/smallstep/assert v0.0.0-20200723003110-82e2b9b3b262
#130 117.4 go: downloading github.com/google/go-cmp v0.7.0
#130 117.8 go: downloading code.pfad.fr/check v1.1.0
#130 117.8 go: downloading github.com/letsencrypt/pebble/v2 v2.10.0
#130 118.6 go: downloading github.com/fortytw2/leaktest v1.3.0
#130 118.7 go: downloading go.uber.org/mock v0.6.0
#130 118.7 go: downloading github.com/zeebo/assert v1.1.0
#130 119.0 go: downloading github.com/prashantv/gostub v1.1.0
#130 119.0 go: downloading gopkg.in/check.v1 v1.0.0-20201130134442-10cb98267c6c
#130 119.1 go: downloading github.com/davecgh/go-spew v1.1.1
#130 119.1 go: downloading github.com/pmezard/go-difflib v1.0.0
#130 119.2 go: downloading github.com/kylelemons/godebug v1.1.0
#130 119.3 go: downloading github.com/alecthomas/assert/v2 v2.11.0
#130 119.5 go: downloading github.com/google/go-tpm-tools v0.4.8
#130 119.6 go: downloading github.com/peterbourgon/diskv/v3 v3.0.1
#130 119.7 go: downloading github.com/schollz/jsonstore v1.1.0
#130 120.0 go: downloading github.com/letsencrypt/challtestsrv v1.4.2
#130 120.2 go: downloading github.com/kr/pretty v0.3.1
#130 120.2 go: downloading go.opentelemetry.io/otel/sdk/log/logtest v0.19.0
#130 120.4 go: downloading github.com/frankban/quicktest v1.14.6
#130 120.6 go: downloading github.com/alecthomas/repr v0.5.2
#130 120.7 go: downloading github.com/hexops/gotextdiff v1.0.3
#130 120.9 go: downloading github.com/chzyer/test v1.0.0
#130 120.9 go: downloading github.com/aws/aws-sdk-go-v2/config v1.32.17
#130 121.4 go: downloading github.com/aws/aws-sdk-go-v2/service/kms v1.51.1
#130 121.4 go: downloading github.com/aws/aws-sdk-go-v2 v1.41.7
#130 122.3 go: downloading cloud.google.com/go/kms v1.31.0
#130 ...

#133 [admin installer 8/8] RUN pnpm turbo run build --filter=admin
#133 119.1 @plane/constants:build: [34mℹ[39m [2mdist/[22m[1mindex.mjs[22m        [2m108.95 kB[22m [2m│ gzip: 21.94 kB[22m
#133 119.1 @plane/constants:build: [34mℹ[39m [2mdist/[22mindex.mjs.map    [2m176.20 kB[22m [2m│ gzip: 30.67 kB[22m
#133 119.1 @plane/constants:build: [34mℹ[39m [2mdist/[22mindex.d.mts.map  [2m 24.27 kB[22m [2m│ gzip:  8.83 kB[22m
#133 119.1 @plane/constants:build: [34mℹ[39m [2mdist/[22m[32m[1mindex.d.mts[22m[39m      [2m 52.02 kB[22m [2m│ gzip: 11.44 kB[22m
#133 119.1 @plane/constants:build: [34mℹ[39m 4 files, total: 361.43 kB
#133 119.1 @plane/constants:build: [32m✔[39m Build complete in [32m28304ms[39m
#133 119.4 @plane/utils:build: cache miss, executing 48c3c319ab8982dc
#133 119.4 @plane/services:build: cache miss, executing 0f57649255d0e28a
#133 ...

#132 [space installer 8/8] RUN pnpm turbo run build --filter=space
#132 113.4 @plane/types:build: [34mℹ[39m [2mdist/[22m[1mindex.mjs[22m        [2m 16.83 kB[22m [2m│ gzip:  3.68 kB[22m
#132 113.4 @plane/types:build: [34mℹ[39m [2mdist/[22mindex.d.mts.map  [2m 89.23 kB[22m [2m│ gzip: 29.36 kB[22m
#132 113.4 @plane/types:build: [34mℹ[39m [2mdist/[22mindex.mjs.map    [2m 65.52 kB[22m [2m│ gzip: 13.53 kB[22m
#132 113.4 @plane/types:build: [34mℹ[39m [2mdist/[22m[32m[1mindex.d.mts[22m[39m      [2m146.98 kB[22m [2m│ gzip: 28.71 kB[22m
#132 113.4 @plane/types:build: [34mℹ[39m 4 files, total: 318.56 kB
#132 113.5 @plane/types:build: [32m✔[39m Build complete in [32m85294ms[39m
#132 115.0 @plane/constants:build: cache miss, executing b2ebb20385299ae6
#132 ...

#130 [admin caddy-builder 2/2] RUN xcaddy build     --with github.com/mholt/caddy-ratelimit
#130 122.4 go: downloading cloud.google.com/go v0.123.0
#130 122.9 go: downloading github.com/google/btree v1.1.2
#130 123.0 go: downloading github.com/kr/text v0.2.0
#130 123.0 go: downloading github.com/rogpeppe/go-internal v1.14.1
#130 123.1 go: downloading github.com/chzyer/logex v1.2.1
#130 123.2 go: downloading github.com/aws/aws-sdk-go-v2/internal/configsources v1.4.23
#130 123.2 go: downloading github.com/aws/smithy-go v1.25.1
#130 123.9 go: downloading github.com/aws/aws-sdk-go-v2/credentials v1.19.16
#130 124.0 go: downloading github.com/aws/aws-sdk-go-v2/feature/ec2/imds v1.18.23
#130 124.0 go: downloading github.com/aws/aws-sdk-go-v2/service/signin v1.0.11
#130 124.2 go: downloading github.com/aws/aws-sdk-go-v2/service/sso v1.30.17
#130 124.3 go: downloading github.com/aws/aws-sdk-go-v2/service/ssooidc v1.35.21
#130 124.5 go: downloading github.com/aws/aws-sdk-go-v2/service/sts v1.42.1
#130 124.6 go: downloading cloud.google.com/go/iam v1.7.0
#130 124.9 go: downloading cloud.google.com/go/longrunning v0.9.0
#130 125.0 go: downloading google.golang.org/genproto v0.0.0-20260319201613-d00831a3d3e7
#130 125.0 go: downloading github.com/zeebo/pcg v1.0.1
#130 125.3 go: downloading github.com/aws/aws-sdk-go-v2/internal/endpoints/v2 v2.7.23
#130 125.3 go: downloading github.com/aws/aws-sdk-go-v2/internal/v4a v1.4.24
#130 125.6 go: downloading github.com/aws/aws-sdk-go-v2/service/internal/accept-encoding v1.13.9
#130 125.7 go: downloading github.com/aws/aws-sdk-go-v2/service/internal/presigned-url v1.13.23
#130 130.2 go: downloading gonum.org/v1/gonum v0.17.0
#130 130.2 go: downloading go.opentelemetry.io/contrib/instrumentation/google.golang.org/grpc/otelgrpc v0.67.0
#130 130.6 go: downloading github.com/OneOfOne/xxhash v1.2.2
#130 130.7 go: downloading github.com/spaolacci/murmur3 v1.1.0
#130 ...

#132 [space installer 8/8] RUN pnpm turbo run build --filter=space
#132 128.3 @plane/constants:build: $ tsdown
#132 131.8 @plane/constants:build: [34mℹ[39m tsdown [2mv0.16.0[22m powered by rolldown [2mv1.0.0-beta.46[22m
#132 ...

#133 [admin installer 8/8] RUN pnpm turbo run build --filter=admin
#133 128.5 @plane/utils:build: $ tsdown
#133 128.5 @plane/services:build: $ tsdown
#133 130.5 @plane/utils:build: [34mℹ[39m tsdown [2mv0.16.0[22m powered by rolldown [2mv1.0.0-beta.46[22m
#133 130.7 @plane/services:build: [34mℹ[39m tsdown [2mv0.16.0[22m powered by rolldown [2mv1.0.0-beta.46[22m
#133 132.8 @plane/services:build: [34mℹ[39m Using tsdown config: [4m/app/packages/services/tsdown.config.ts[24m
#133 132.8 @plane/services:build: [34mℹ[39m entry: [34msrc/index.ts[39m
#133 132.8 @plane/services:build: [34mℹ[39m tsconfig: [34mtsconfig.json[39m
#133 132.9 @plane/services:build: [34mℹ[39m Build start
#133 133.3 @plane/utils:build: [34mℹ[39m Using tsdown config: [4m/app/packages/utils/tsdown.config.ts[24m
#133 133.7 @plane/utils:build: [34mℹ[39m entry: [34msrc/index.ts[39m
#133 133.7 @plane/utils:build: [34mℹ[39m tsconfig: [34mtsconfig.json[39m
#133 133.7 @plane/utils:build: [34mℹ[39m Build start
#133 ...

#132 [space installer 8/8] RUN pnpm turbo run build --filter=space
#132 135.0 @plane/i18n:build: [34mℹ[39m [2mdist/[22m[1mindex.js[22m        [2m  5.66 kB[22m [2m│ gzip:  2.15 kB[22m
#132 135.0 @plane/i18n:build: [34mℹ[39m [2mdist/[22mindex.d.ts.map  [2m 43.17 kB[22m [2m│ gzip:  5.39 kB[22m
#132 135.0 @plane/i18n:build: [34mℹ[39m [2mdist/[22mindex.js.map    [2m 12.36 kB[22m [2m│ gzip:  4.16 kB[22m
#132 135.0 @plane/i18n:build: [34mℹ[39m [2mdist/[22m[32m[1mindex.d.ts[22m[39m      [2m176.39 kB[22m [2m│ gzip: 23.79 kB[22m
#132 135.0 @plane/i18n:build: [34mℹ[39m 4 files, total: 237.59 kB
#132 135.0 @plane/constants:build: [34mℹ[39m Using tsdown config: [4m/app/packages/constants/tsdown.config.ts[24m
#132 135.1 @plane/i18n:build: [32m✔[39m Build complete in [32m71326ms[39m
#132 135.1 @plane/constants:build: [34mℹ[39m entry: [34msrc/index.ts[39m
#132 135.2 @plane/constants:build: [34mℹ[39m tsconfig: [34mtsconfig.json[39m
#132 135.2 @plane/constants:build: [34mℹ[39m Build start
#132 ...

#130 [admin caddy-builder 2/2] RUN xcaddy build     --with github.com/mholt/caddy-ratelimit
#130 134.4 2026/09/18 08:57:01 [INFO] exec (timeout=0s): /usr/local/go/bin/go build -o /usr/bin/caddy -ldflags -w -s -trimpath -tags nobadger,nomysql,nopgx 
#130 ...

#134 [live installer 12/12] RUN pnpm turbo run build --filter=live
#134 143.1 @plane/logger:build: ℹ dist/index.mjs        0.73 kB │ gzip: 0.39 kB
#134 143.1 @plane/logger:build: ℹ dist/index.mjs.map    1.68 kB │ gzip: 0.74 kB
#134 143.1 @plane/logger:build: ℹ dist/index.d.mts.map  0.22 kB │ gzip: 0.18 kB
#134 143.1 @plane/logger:build: ℹ dist/index.d.mts      0.42 kB │ gzip: 0.22 kB
#134 143.2 @plane/logger:build: ℹ 4 files, total: 3.05 kB
#134 143.3 @plane/logger:build: ✔ Build complete in 72273ms
#134 144.0 @plane/decorators:build: ℹ dist/index.mjs        49.41 kB │ gzip:  8.71 kB
#134 144.0 @plane/decorators:build: ℹ dist/index.mjs.map    93.65 kB │ gzip: 16.16 kB
#134 144.0 @plane/decorators:build: ℹ dist/index.d.mts.map   0.86 kB │ gzip:  0.47 kB
#134 144.0 @plane/decorators:build: ℹ dist/index.d.mts       1.39 kB │ gzip:  0.51 kB
#134 144.0 @plane/decorators:build: ℹ 4 files, total: 145.32 kB
#134 144.1 @plane/decorators:build: ✔ Build complete in 72989ms
#134 ...

#129 [web installer 12/12] RUN pnpm turbo run build --filter=web --force     && printf '%s\n' "2a9fc2a5ac5555b12dc0d1d585941f6c50e4112fa7dc489934f6970767d442e9" > /app/apps/web/build/client/deployment-source.txt
#129 143.3 @plane/hooks:build: ℹ dist/index.js         5.82 kB │ gzip: 1.93 kB
#129 143.4 @plane/hooks:build: ℹ dist/index.js.map    11.13 kB │ gzip: 3.57 kB
#129 143.4 @plane/hooks:build: ℹ dist/index.d.ts.map   0.66 kB │ gzip: 0.39 kB
#129 143.4 @plane/hooks:build: ℹ dist/index.d.ts       2.00 kB │ gzip: 0.80 kB
#129 143.4 @plane/hooks:build: ℹ 4 files, total: 19.61 kB
#129 143.5 @plane/hooks:build: ✔ Build complete in 74718ms
#129 153.8 @plane/types:build: ℹ dist/index.mjs         16.83 kB │ gzip:  3.68 kB
#129 153.8 @plane/types:build: ℹ dist/index.d.mts.map   89.23 kB │ gzip: 29.36 kB
#129 153.8 @plane/types:build: ℹ dist/index.mjs.map     65.52 kB │ gzip: 13.53 kB
#129 153.8 @plane/types:build: ℹ dist/index.d.mts      146.98 kB │ gzip: 28.71 kB
#129 153.8 @plane/types:build: ℹ 4 files, total: 318.56 kB
#129 153.9 @plane/types:build: ✔ Build complete in 85235ms
#129 155.1 @plane/constants:build: cache bypass, force executing ba9052764f123943
#129 ...

#134 [live installer 12/12] RUN pnpm turbo run build --filter=live
#134 160.2 @plane/hooks:build: ℹ dist/index.js         5.82 kB │ gzip: 1.93 kB
#134 160.2 @plane/hooks:build: ℹ dist/index.js.map    11.13 kB │ gzip: 3.57 kB
#134 160.2 @plane/hooks:build: ℹ dist/index.d.ts.map   0.66 kB │ gzip: 0.39 kB
#134 160.2 @plane/hooks:build: ℹ dist/index.d.ts       2.00 kB │ gzip: 0.80 kB
#134 160.2 @plane/hooks:build: ℹ 4 files, total: 19.61 kB
#134 160.2 @plane/hooks:build: ✔ Build complete in 88673ms
#134 164.8 @plane/types:build: ℹ dist/index.mjs         16.83 kB │ gzip:  3.68 kB
#134 164.9 @plane/types:build: ℹ dist/index.d.mts.map   89.23 kB │ gzip: 29.36 kB
#134 164.9 @plane/types:build: ℹ dist/index.mjs.map     65.52 kB │ gzip: 13.53 kB
#134 164.9 @plane/types:build: ℹ dist/index.d.mts      146.98 kB │ gzip: 28.71 kB
#134 164.9 @plane/types:build: ℹ 4 files, total: 318.56 kB
#134 164.9 @plane/types:build: ✔ Build complete in 91709ms
#134 165.4 @plane/constants:build: cache miss, executing 0c16c4218c9b9276
#134 ...

#129 [web installer 12/12] RUN pnpm turbo run build --filter=web --force     && printf '%s\n' "2a9fc2a5ac5555b12dc0d1d585941f6c50e4112fa7dc489934f6970767d442e9" > /app/apps/web/build/client/deployment-source.txt
#129 168.5 @plane/constants:build: $ tsdown
#129 170.9 @plane/constants:build: ℹ tsdown v0.16.0 powered by rolldown v1.0.0-beta.46
#129 171.0 @plane/i18n:build: ℹ dist/index.js          5.66 kB │ gzip:  2.15 kB
#129 171.0 @plane/i18n:build: ℹ dist/index.d.ts.map   43.17 kB │ gzip:  5.39 kB
#129 171.0 @plane/i18n:build: ℹ dist/index.js.map     12.36 kB │ gzip:  4.16 kB
#129 171.0 @plane/i18n:build: ℹ dist/index.d.ts      176.39 kB │ gzip: 23.79 kB
#129 171.0 @plane/i18n:build: ℹ 4 files, total: 237.59 kB
#129 171.1 @plane/i18n:build: ✔ Build complete in 66466ms
#129 ...

#132 [space installer 8/8] RUN pnpm turbo run build --filter=space
#132 165.5 @plane/constants:build: [34mℹ[39m [2mdist/[22m[1mindex.mjs[22m        [2m108.95 kB[22m [2m│ gzip: 21.94 kB[22m
#132 165.5 @plane/constants:build: [34mℹ[39m [2mdist/[22mindex.mjs.map    [2m176.20 kB[22m [2m│ gzip: 30.67 kB[22m
#132 165.5 @plane/constants:build: [34mℹ[39m [2mdist/[22mindex.d.mts.map  [2m 24.27 kB[22m [2m│ gzip:  8.83 kB[22m
#132 165.5 @plane/constants:build: [34mℹ[39m [2mdist/[22m[32m[1mindex.d.mts[22m[39m      [2m 52.02 kB[22m [2m│ gzip: 11.44 kB[22m
#132 165.5 @plane/constants:build: [34mℹ[39m 4 files, total: 361.43 kB
#132 165.5 @plane/constants:build: [32m✔[39m Build complete in [32m30326ms[39m
#132 165.8 @plane/services:build: cache miss, executing 0f57649255d0e28a
#132 165.8 @plane/utils:build: cache miss, executing 48c3c319ab8982dc
#132 174.5 @plane/services:build: $ tsdown
#132 ...

#134 [live installer 12/12] RUN pnpm turbo run build --filter=live
#134 170.1 @plane/constants:build: $ tsdown
#134 170.9 @plane/constants:build: ℹ tsdown v0.16.0 powered by rolldown v1.0.0-beta.46
#134 171.7 @plane/constants:build: ℹ Using tsdown config: /app/packages/constants/tsdown.config.ts
#134 171.8 @plane/constants:build: ℹ entry: src/index.ts
#134 171.8 @plane/constants:build: ℹ tsconfig: tsconfig.json
#134 171.8 @plane/constants:build: ℹ Build start
#134 ...

#133 [admin installer 8/8] RUN pnpm turbo run build --filter=admin
#133 178.9 @plane/services:build: [34mℹ[39m [2mdist/[22m[1mindex.js[22m        [2m 97.92 kB[22m [2m│ gzip: 11.24 kB[22m
#133 178.9 @plane/services:build: [34mℹ[39m [2mdist/[22mindex.js.map    [2m154.04 kB[22m [2m│ gzip: 17.93 kB[22m
#133 178.9 @plane/services:build: [34mℹ[39m [2mdist/[22mindex.d.ts.map  [2m 21.01 kB[22m [2m│ gzip:  5.70 kB[22m
#133 178.9 @plane/services:build: [34mℹ[39m [2mdist/[22m[32m[1mindex.d.ts[22m[39m      [2m 70.26 kB[22m [2m│ gzip:  9.05 kB[22m
#133 178.9 @plane/services:build: [34mℹ[39m 4 files, total: 343.23 kB
#133 179.0 @plane/services:build: [32m✔[39m Build complete in [32m46138ms[39m
#133 ...

#132 [space installer 8/8] RUN pnpm turbo run build --filter=space
#132 175.8 @plane/utils:build: $ tsdown
#132 176.1 @plane/services:build: [34mℹ[39m tsdown [2mv0.16.0[22m powered by rolldown [2mv1.0.0-beta.46[22m
#132 177.5 @plane/utils:build: [34mℹ[39m tsdown [2mv0.16.0[22m powered by rolldown [2mv1.0.0-beta.46[22m
#132 177.7 @plane/services:build: [34mℹ[39m Using tsdown config: [4m/app/packages/services/tsdown.config.ts[24m
#132 177.9 @plane/services:build: [34mℹ[39m entry: [34msrc/index.ts[39m
#132 177.9 @plane/services:build: [34mℹ[39m tsconfig: [34mtsconfig.json[39m
#132 177.9 @plane/services:build: [34mℹ[39m Build start
#132 178.9 @plane/utils:build: [34mℹ[39m Using tsdown config: [4m/app/packages/utils/tsdown.config.ts[24m
#132 179.1 @plane/utils:build: [34mℹ[39m entry: [34msrc/index.ts[39m
#132 179.1 @plane/utils:build: [34mℹ[39m tsconfig: [34mtsconfig.json[39m
#132 179.1 @plane/utils:build: [34mℹ[39m Build start
#132 ...

#129 [web installer 12/12] RUN pnpm turbo run build --filter=web --force     && printf '%s\n' "2a9fc2a5ac5555b12dc0d1d585941f6c50e4112fa7dc489934f6970767d442e9" > /app/apps/web/build/client/deployment-source.txt
#129 172.4 @plane/constants:build: ℹ Using tsdown config: /app/packages/constants/tsdown.config.ts
#129 172.5 @plane/constants:build: ℹ entry: src/index.ts
#129 172.5 @plane/constants:build: ℹ tsconfig: tsconfig.json
#129 172.5 @plane/constants:build: ℹ Build start
#129 ...

#134 [live installer 12/12] RUN pnpm turbo run build --filter=live
#134 198.9 @plane/constants:build: ℹ dist/index.mjs        108.95 kB │ gzip: 21.94 kB
#134 198.9 @plane/constants:build: ℹ dist/index.mjs.map    176.20 kB │ gzip: 30.67 kB
#134 198.9 @plane/constants:build: ℹ dist/index.d.mts.map   24.27 kB │ gzip:  8.83 kB
#134 198.9 @plane/constants:build: ℹ dist/index.d.mts       52.02 kB │ gzip: 11.44 kB
#134 198.9 @plane/constants:build: ℹ 4 files, total: 361.43 kB
#134 199.0 @plane/constants:build: ✔ Build complete in 27113ms
#134 199.4 @plane/utils:build: cache miss, executing 28aeb2e06d35887d
#134 204.1 @plane/utils:build: $ tsdown
#134 205.0 @plane/utils:build: ℹ tsdown v0.16.0 powered by rolldown v1.0.0-beta.46
#134 205.8 @plane/utils:build: ℹ Using tsdown config: /app/packages/utils/tsdown.config.ts
#134 205.8 @plane/utils:build: ℹ entry: src/index.ts
#134 205.8 @plane/utils:build: ℹ tsconfig: tsconfig.json
#134 205.8 @plane/utils:build: ℹ Build start
#134 ...

#133 [admin installer 8/8] RUN pnpm turbo run build --filter=admin
#133 211.3 @plane/utils:build: [34mℹ[39m [2mdist/[22m[1mindex.js[22m        [2m219.53 kB[22m [2m│ gzip: 55.06 kB[22m
#133 211.3 @plane/utils:build: [34mℹ[39m [2mdist/[22mindex.js.map    [2m398.93 kB[22m [2m│ gzip: 88.53 kB[22m
#133 211.3 @plane/utils:build: [34mℹ[39m [2mdist/[22mindex.d.ts.map  [2m 43.34 kB[22m [2m│ gzip: 14.46 kB[22m
#133 211.3 @plane/utils:build: [34mℹ[39m [2mdist/[22m[32m[1mindex.d.ts[22m[39m      [2m117.11 kB[22m [2m│ gzip: 27.19 kB[22m
#133 211.3 @plane/utils:build: [34mℹ[39m 4 files, total: 778.91 kB
#133 211.4 @plane/utils:build: [32m✔[39m Build complete in [32m77597ms[39m
#133 211.8 admin:build: cache miss, executing 66be81fd99585544
#133 ...

#129 [web installer 12/12] RUN pnpm turbo run build --filter=web --force     && printf '%s\n' "2a9fc2a5ac5555b12dc0d1d585941f6c50e4112fa7dc489934f6970767d442e9" > /app/apps/web/build/client/deployment-source.txt
#129 201.9 @plane/constants:build: ℹ dist/index.mjs        108.95 kB │ gzip: 21.94 kB
#129 201.9 @plane/constants:build: ℹ dist/index.mjs.map    176.20 kB │ gzip: 30.67 kB
#129 201.9 @plane/constants:build: ℹ dist/index.d.mts.map   24.27 kB │ gzip:  8.83 kB
#129 201.9 @plane/constants:build: ℹ dist/index.d.mts       52.02 kB │ gzip: 11.44 kB
#129 201.9 @plane/constants:build: ℹ 4 files, total: 361.43 kB
#129 201.9 @plane/constants:build: ✔ Build complete in 29372ms
#129 202.2 @plane/utils:build: cache bypass, force executing d4486b48b50498f5
#129 202.2 @plane/services:build: cache bypass, force executing a860ddc49c6fe574
#129 211.2 @plane/services:build: $ tsdown
#129 211.4 @plane/utils:build: $ tsdown
#129 212.6 @plane/services:build: ℹ tsdown v0.16.0 powered by rolldown v1.0.0-beta.46
#129 ...

#133 [admin installer 8/8] RUN pnpm turbo run build --filter=admin
#133 216.4 admin:build: $ react-router build
#133 ...

#129 [web installer 12/12] RUN pnpm turbo run build --filter=web --force     && printf '%s\n' "2a9fc2a5ac5555b12dc0d1d585941f6c50e4112fa7dc489934f6970767d442e9" > /app/apps/web/build/client/deployment-source.txt
#129 213.1 @plane/utils:build: ℹ tsdown v0.16.0 powered by rolldown v1.0.0-beta.46
#129 214.2 @plane/services:build: ℹ Using tsdown config: /app/packages/services/tsdown.config.ts
#129 214.3 @plane/services:build: ℹ entry: src/index.ts
#129 214.3 @plane/services:build: ℹ tsconfig: tsconfig.json
#129 214.3 @plane/services:build: ℹ Build start
#129 214.4 @plane/utils:build: ℹ Using tsdown config: /app/packages/utils/tsdown.config.ts
#129 214.5 @plane/utils:build: ℹ entry: src/index.ts
#129 214.5 @plane/utils:build: ℹ tsconfig: tsconfig.json
#129 214.5 @plane/utils:build: ℹ Build start
#129 ...

#132 [space installer 8/8] RUN pnpm turbo run build --filter=space
#132 222.8 @plane/services:build: [34mℹ[39m [2mdist/[22m[1mindex.js[22m        [2m 97.92 kB[22m [2m│ gzip: 11.24 kB[22m
#132 222.8 @plane/services:build: [34mℹ[39m [2mdist/[22mindex.js.map    [2m154.04 kB[22m [2m│ gzip: 17.93 kB[22m
#132 222.8 @plane/services:build: [34mℹ[39m [2mdist/[22mindex.d.ts.map  [2m 21.01 kB[22m [2m│ gzip:  5.70 kB[22m
#132 222.8 @plane/services:build: [34mℹ[39m [2mdist/[22m[32m[1mindex.d.ts[22m[39m      [2m 70.26 kB[22m [2m│ gzip:  9.05 kB[22m
#132 222.8 @plane/services:build: [34mℹ[39m 4 files, total: 343.23 kB
#132 222.8 @plane/services:build: [32m✔[39m Build complete in [32m44909ms[39m
#132 ...

#133 [admin installer 8/8] RUN pnpm turbo run build --filter=admin
#133 246.4 admin:build: [33mThe plugin "vite-tsconfig-paths" is detected. Vite now supports tsconfig paths resolution natively via the [1mresolve.tsconfigPaths[22m option. You can remove the plugin and set [1mresolve.tsconfigPaths: true[22m in your Vite config instead.[39m
#133 246.7 admin:build: [33mThe plugin "vite-tsconfig-paths" is detected. Vite now supports tsconfig paths resolution natively via the [1mresolve.tsconfigPaths[22m option. You can remove the plugin and set [1mresolve.tsconfigPaths: true[22m in your Vite config instead.[39m
#133 247.6 admin:build: (node:408) [MODULE_TYPELESS_PACKAGE_JSON] Warning: Module type of file:///app/packages/tailwind-config/postcss.config.js is not specified and it doesn't parse as CommonJS.
#133 247.6 admin:build: Reparsing as ES module because module syntax was detected. This incurs a performance overhead.
#133 247.6 admin:build: To eliminate this warning, add "type": "module" to /app/packages/tailwind-config/package.json.
#133 247.6 admin:build: (Use `node --trace-warnings ...` to show where the warning was created)
#133 247.8 admin:build: Using Vite Environment API
#133 247.8 admin:build: [36mvite v8.0.16 [32mbuilding client environment for production...[36m[39m
#133 ...

#132 [space installer 8/8] RUN pnpm turbo run build --filter=space
#132 256.1 @plane/utils:build: [34mℹ[39m [2mdist/[22m[1mindex.js[22m        [2m219.53 kB[22m [2m│ gzip: 55.06 kB[22m
#132 256.1 @plane/utils:build: [34mℹ[39m [2mdist/[22mindex.js.map    [2m398.93 kB[22m [2m│ gzip: 88.53 kB[22m
#132 256.1 @plane/utils:build: [34mℹ[39m [2mdist/[22mindex.d.ts.map  [2m 43.34 kB[22m [2m│ gzip: 14.46 kB[22m
#132 256.1 @plane/utils:build: [34mℹ[39m [2mdist/[22m[32m[1mindex.d.ts[22m[39m      [2m117.11 kB[22m [2m│ gzip: 27.19 kB[22m
#132 256.1 @plane/utils:build: [34mℹ[39m 4 files, total: 778.91 kB
#132 256.2 @plane/utils:build: [32m✔[39m Build complete in [32m77056ms[39m
#132 256.7 @plane/propel:build: cache miss, executing cbbcb1c0cb6ad25c
#132 261.5 @plane/propel:build: $ tsdown
#132 262.3 @plane/propel:build: [34mℹ[39m tsdown [2mv0.16.0[22m powered by rolldown [2mv1.0.0-beta.46[22m
#132 ...

#134 [live installer 12/12] RUN pnpm turbo run build --filter=live
#134 259.4 @plane/utils:build: ℹ dist/index.js        219.53 kB │ gzip: 55.06 kB
#134 259.4 @plane/utils:build: ℹ dist/index.js.map    398.93 kB │ gzip: 88.53 kB
#134 259.4 @plane/utils:build: ℹ dist/index.d.ts.map   43.34 kB │ gzip: 14.46 kB
#134 259.4 @plane/utils:build: ℹ dist/index.d.ts      117.11 kB │ gzip: 27.19 kB
#134 259.4 @plane/utils:build: ℹ 4 files, total: 778.91 kB
#134 259.4 @plane/utils:build: ✔ Build complete in 53594ms
#134 259.8 @plane/propel:build: cache miss, executing c53ccdc103c8c2a3
#134 264.6 @plane/propel:build: $ tsdown
#134 265.5 @plane/propel:build: ℹ tsdown v0.16.0 powered by rolldown v1.0.0-beta.46
#134 266.5 @plane/propel:build: ℹ Using tsdown config: /app/packages/propel/tsdown.config.ts
#134 266.9 @plane/propel:build: ℹ entry: src/animated-counter/index.ts, src/accordion/index.ts, src/button/index.ts, src/banner/index.ts, src/calendar/index.ts, src/badge/index.ts, src/avatar/index.ts, src/card/index.ts, src/combobox/index.ts, src/command/index.ts, src/collapsible/index.ts, src/context-menu/index.ts, src/dialog/index.ts, src/icon-button/index.ts, src/empty-state/index.ts, src/emoji-reaction/index.ts, src/emoji-icon-picker/index.ts, src/input/index.ts, src/icons/index.ts, src/menu/index.ts, src/pill/index.ts, src/popover/index.ts, src/scrollarea/index.ts, src/skeleton/index.ts, src/tab-navigation/index.ts, src/switch/index.ts, src/table/index.ts, src/spinners/index.ts, src/portal/index.ts, src/toast/index.ts, src/toolbar/index.ts, src/tooltip/index.ts, src/tabs/index.ts, src/utils/index.ts, src/charts/area-chart/index.ts, src/charts/bar-chart/index.ts, src/charts/line-chart/index.ts, src/charts/pie-chart/index.ts, src/charts/tree-map/index.ts, src/charts/scatter-chart/index.ts, src/charts/radar-chart/index.ts
#134 266.9 @plane/propel:build: ℹ tsconfig: tsconfig.json
#134 266.9 @plane/propel:build: ℹ Build start
#134 ...

#129 [web installer 12/12] RUN pnpm turbo run build --filter=web --force     && printf '%s\n' "2a9fc2a5ac5555b12dc0d1d585941f6c50e4112fa7dc489934f6970767d442e9" > /app/apps/web/build/client/deployment-source.txt
#129 257.6 @plane/services:build: ℹ dist/index.js         97.92 kB │ gzip: 11.24 kB
#129 257.6 @plane/services:build: ℹ dist/index.js.map    154.04 kB │ gzip: 17.93 kB
#129 257.6 @plane/services:build: ℹ dist/index.d.ts.map   21.01 kB │ gzip:  5.70 kB
#129 257.7 @plane/services:build: ℹ dist/index.d.ts       70.26 kB │ gzip:  9.05 kB
#129 257.7 @plane/services:build: ℹ 4 files, total: 343.23 kB
#129 257.7 @plane/services:build: ✔ Build complete in 43382ms
#129 ...

#132 [space installer 8/8] RUN pnpm turbo run build --filter=space
#132 263.0 @plane/propel:build: [34mℹ[39m Using tsdown config: [4m/app/packages/propel/tsdown.config.ts[24m
#132 263.3 @plane/propel:build: [34mℹ[39m entry: [34msrc/accordion/index.ts, src/animated-counter/index.ts, src/avatar/index.ts, src/badge/index.ts, src/banner/index.ts, src/button/index.ts, src/calendar/index.ts, src/card/index.ts, src/collapsible/index.ts, src/combobox/index.ts, src/command/index.ts, src/context-menu/index.ts, src/dialog/index.ts, src/emoji-icon-picker/index.ts, src/empty-state/index.ts, src/emoji-reaction/index.ts, src/icon-button/index.ts, src/icons/index.ts, src/input/index.ts, src/pill/index.ts, src/popover/index.ts, src/menu/index.ts, src/portal/index.ts, src/scrollarea/index.ts, src/skeleton/index.ts, src/spinners/index.ts, src/switch/index.ts, src/tab-navigation/index.ts, src/table/index.ts, src/tabs/index.ts, src/toast/index.ts, src/toolbar/index.ts, src/tooltip/index.ts, src/utils/index.ts, src/charts/area-chart/index.ts, src/charts/bar-chart/index.ts, src/charts/pie-chart/index.ts, src/charts/radar-chart/index.ts, src/charts/scatter-chart/index.ts, src/charts/tree-map/index.ts, src/charts/line-chart/index.ts[39m
#132 263.3 @plane/propel:build: [34mℹ[39m tsconfig: [34mtsconfig.json[39m
#132 263.3 @plane/propel:build: [34mℹ[39m Build start
#132 ...

#129 [web installer 12/12] RUN pnpm turbo run build --filter=web --force     && printf '%s\n' "2a9fc2a5ac5555b12dc0d1d585941f6c50e4112fa7dc489934f6970767d442e9" > /app/apps/web/build/client/deployment-source.txt
#129 290.3 @plane/utils:build: ℹ dist/index.js        219.53 kB │ gzip: 55.06 kB
#129 290.3 @plane/utils:build: ℹ dist/index.js.map    398.93 kB │ gzip: 88.53 kB
#129 290.3 @plane/utils:build: ℹ dist/index.d.ts.map   43.34 kB │ gzip: 14.46 kB
#129 290.3 @plane/utils:build: ℹ dist/index.d.ts      117.11 kB │ gzip: 27.19 kB
#129 290.3 @plane/utils:build: ℹ 4 files, total: 778.91 kB
#129 290.3 @plane/utils:build: ✔ Build complete in 75718ms
#129 290.7 @plane/propel:build: cache bypass, force executing efc39d1daaa95f11
#129 290.7 @plane/shared-state:build: cache bypass, force executing 12c632447996797b
#129 299.0 @plane/shared-state:build: $ tsdown
#129 300.2 @plane/propel:build: $ tsdown
#129 300.8 @plane/shared-state:build: ℹ tsdown v0.16.0 powered by rolldown v1.0.0-beta.46
#129 301.8 @plane/propel:build: ℹ tsdown v0.16.0 powered by rolldown v1.0.0-beta.46
#129 302.4 @plane/shared-state:build: ℹ Using tsdown config: /app/packages/shared-state/tsdown.config.ts
#129 302.5 @plane/shared-state:build: ℹ entry: src/index.ts
#129 302.6 @plane/shared-state:build: ℹ tsconfig: tsconfig.json
#129 302.6 @plane/shared-state:build: ℹ Build start
#129 303.5 @plane/propel:build: ℹ Using tsdown config: /app/packages/propel/tsdown.config.ts
#129 303.9 @plane/propel:build: ℹ entry: src/animated-counter/index.ts, src/badge/index.ts, src/accordion/index.ts, src/avatar/index.ts, src/banner/index.ts, src/button/index.ts, src/calendar/index.ts, src/card/index.ts, src/collapsible/index.ts, src/combobox/index.ts, src/command/index.ts, src/context-menu/index.ts, src/dialog/index.ts, src/emoji-icon-picker/index.ts, src/emoji-reaction/index.ts, src/empty-state/index.ts, src/icon-button/index.ts, src/icons/index.ts, src/input/index.ts, src/pill/index.ts, src/menu/index.ts, src/popover/index.ts, src/portal/index.ts, src/scrollarea/index.ts, src/skeleton/index.ts, src/spinners/index.ts, src/switch/index.ts, src/tab-navigation/index.ts, src/table/index.ts, src/tabs/index.ts, src/toast/index.ts, src/toolbar/index.ts, src/tooltip/index.ts, src/utils/index.ts, src/charts/area-chart/index.ts, src/charts/bar-chart/index.ts, src/charts/line-chart/index.ts, src/charts/scatter-chart/index.ts, src/charts/pie-chart/index.ts, src/charts/radar-chart/index.ts, src/charts/tree-map/index.ts
#129 304.0 @plane/propel:build: ℹ tsconfig: tsconfig.json
#129 304.0 @plane/propel:build: ℹ Build start
#129 ...

#133 [admin installer 8/8] RUN pnpm turbo run build --filter=admin
#133 345.2 admin:build: [2Kadmin:build: transforming...✓ 7212 modules transformed.
#133 348.2 admin:build: rendering chunks...
#133 350.5 admin:build: computing gzip size...
#133 350.7 admin:build: build/client/assets/favicon-16x16-B_Opgp1K.png                                  0.46 kB
#133 350.7 admin:build: build/client/assets/google-logo-r0ky5Kfn.svg                                    0.74 kB │ gzip:  0.43 kB
#133 350.7 admin:build: build/client/assets/favicon-32x32-cfWXc3P9.png                                  0.76 kB
#133 350.7 admin:build: build/client/assets/gitlab-logo-BL2xQyij.svg                                    1.06 kB │ gzip:  0.47 kB
#133 350.7 admin:build: build/client/assets/gitea-logo-BAYfzmEl.svg                                     2.13 kB │ gzip:  1.04 kB
#133 350.7 admin:build: build/client/assets/takeoff-icon-dark-EbV9jX7-.svg                              2.98 kB │ gzip:  0.99 kB
#133 350.7 admin:build: build/client/assets/takeoff-icon-light-2XLBscmc.svg                             3.15 kB │ gzip:  1.07 kB
#133 350.7 admin:build: build/client/assets/instance-failure-C1aRKNan.svg                               4.10 kB │ gzip:  1.27 kB
#133 350.7 admin:build: build/client/assets/instance-failure-dark-DE7I22mw.svg                          4.10 kB │ gzip:  1.27 kB
#133 350.7 admin:build: build/client/assets/404-DWCFZzXK.svg                                            5.42 kB │ gzip:  1.58 kB
#133 350.7 admin:build: build/client/assets/ibm-plex-mono-vietnamese-400-normal-DDuiU_S-.woff           5.62 kB
#133 350.7 admin:build: build/client/assets/ibm-plex-mono-cyrillic-ext-400-normal-DMdlQ8Kv.woff         5.82 kB
#133 350.7 admin:build: build/client/assets/ibm-plex-mono-vietnamese-400-normal-BulugwFq.woff2          5.86 kB
#133 350.7 admin:build: build/client/assets/apple-touch-icon-BmADsVmV.png                               6.29 kB
#133 350.7 admin:build: build/client/assets/ibm-plex-mono-cyrillic-ext-400-normal-xuaO2J-f.woff2        6.91 kB
#133 350.7 admin:build: build/client/assets/ibm-plex-mono-cyrillic-400-normal-CEL4l2ZJ.woff             7.20 kB
#133 350.7 admin:build: build/client/assets/ibm-plex-mono-cyrillic-400-normal-BSMlKf0J.woff2            8.35 kB
#133 350.7 admin:build: build/client/assets/inter-vietnamese-wght-normal-CBcvBZtf.woff2                10.25 kB
#133 350.7 admin:build: build/client/assets/inter-greek-ext-wght-normal-DlzME5K_.woff2                 11.23 kB
#133 350.7 admin:build: build/client/assets/ibm-plex-mono-latin-ext-400-normal-D3D2R8hC.woff           11.76 kB
#133 350.7 admin:build: build/client/assets/ibm-plex-mono-latin-400-normal-CvHOgSBP.woff               13.14 kB
#133 350.7 admin:build: build/client/assets/ibm-plex-mono-latin-ext-400-normal-BmRBH3aV.woff2          13.34 kB
#133 350.7 admin:build: build/client/assets/github-black-DmZ70PA_.png                                  14.03 kB
#133 350.7 admin:build: build/client/assets/ibm-plex-mono-latin-400-normal-DMJ8VG8y.woff2              14.70 kB
#133 350.7 admin:build: build/client/assets/favicon-DJlV-mcI.ico                                       15.40 kB
#133 350.7 admin:build: build/client/assets/github-white-BwRnG8jn.png                                  16.55 kB
#133 350.7 admin:build: build/client/assets/inter-cyrillic-wght-normal-DqGufNeO.woff2                  18.74 kB
#133 350.7 admin:build: build/client/assets/inter-greek-wght-normal-CkhJZR-_.woff2                     18.99 kB
#133 350.7 admin:build: build/client/assets/inter-cyrillic-ext-wght-normal-BOeWTOD4.woff2              25.96 kB
#133 350.7 admin:build: build/client/.vite/manifest.json                                               35.30 kB │ gzip:  3.50 kB
#133 350.7 admin:build: build/client/assets/inter-latin-wght-normal-Dx4kXJAl.woff2                     48.25 kB
#133 350.7 admin:build: build/client/assets/inter-latin-ext-wght-normal-DO1Apj_S.woff2                 85.06 kB
#133 350.7 admin:build: build/client/assets/material-symbols-rounded-latin-400-normal-BVRwnNJJ.woff2  348.77 kB
#133 350.7 admin:build: build/client/assets/material-symbols-rounded-latin-100-normal-StOoOijZ.woff2  363.56 kB
#133 350.7 admin:build: build/client/assets/material-symbols-rounded-latin-300-normal-CGYRw1-j.woff2  388.05 kB
#133 350.7 admin:build: build/client/assets/material-symbols-rounded-latin-200-normal-Dy_97ylg.woff2  389.09 kB
#133 350.7 admin:build: build/client/assets/logo-spinner-light-DmBc4A-4.gif                           427.96 kB
#133 350.7 admin:build: build/client/assets/material-symbols-rounded-latin-400-normal-3TtrvaAx.woff   454.56 kB
#133 350.7 admin:build: build/client/assets/material-symbols-rounded-latin-100-normal-CyR9BGN8.woff   485.69 kB
#133 350.7 admin:build: build/client/assets/material-symbols-rounded-latin-300-normal-CexQLkYr.woff   506.70 kB
#133 350.7 admin:build: build/client/assets/material-symbols-rounded-latin-200-normal-B9_93z2O.woff   507.90 kB
#133 350.7 admin:build: build/client/assets/logo-spinner-dark-Cc1AqekO.gif                            976.39 kB
#133 350.7 admin:build: build/client/assets/root-CUojeknF.css                                           7.43 kB │ gzip:  1.56 kB
#133 350.7 admin:build: build/client/assets/globals-C3o653-Q.css                                      170.03 kB │ gzip: 24.64 kB
#133 350.7 admin:build: build/client/assets/gitea-logo-DdPv11Sq.js                                      0.06 kB │ gzip:  0.08 kB
#133 350.7 admin:build: build/client/assets/gitlab-logo-DnQSTEsU.js                                     0.06 kB │ gzip:  0.08 kB
#133 350.7 admin:build: build/client/assets/google-logo-DYoMaRvI.js                                     0.06 kB │ gzip:  0.08 kB
#133 350.7 admin:build: build/client/assets/check-BWNxUAFv.js                                           0.11 kB │ gzip:  0.13 kB
#133 350.7 admin:build: build/client/assets/github-white-BqeZC1wr.js                                    0.11 kB │ gzip:  0.10 kB
#133 350.7 admin:build: build/client/assets/useValueChanged-bgNJoRP4.js                                 0.22 kB │ gzip:  0.19 kB
#133 350.7 admin:build: build/client/assets/link-DbbAcIUU.js                                            0.26 kB │ gzip:  0.20 kB
#133 350.7 admin:build: build/client/assets/helper-C6C1ZCJ7.js                                          0.35 kB │ gzip:  0.25 kB
#133 350.7 admin:build: build/client/assets/logo-spinner-CIKdNuJP.js                                    0.41 kB │ gzip:  0.29 kB
#133 350.7 admin:build: build/client/assets/navigation-BlP5z0dJ.js                                      0.45 kB │ gzip:  0.30 kB
#133 350.7 admin:build: build/client/assets/close-outline-D63gA3td.js                                   0.46 kB │ gzip:  0.33 kB
#133 350.7 admin:build: build/client/assets/layout-DHBDDTtj.js                                          0.50 kB │ gzip:  0.37 kB
#133 350.7 admin:build: build/client/assets/useAriaLabelledBy-BR58rhu8.js                               0.57 kB │ gzip:  0.38 kB
#133 350.7 admin:build: build/client/assets/skeleton-Q9wMFoLi.js                                        0.58 kB │ gzip:  0.35 kB
#133 350.7 admin:build: build/client/assets/useTransitionStatus-B1Cn_QXN.js                             0.71 kB │ gzip:  0.37 kB
#133 350.7 admin:build: build/client/assets/authentication-method-card-gEC72W8Y.js                      0.93 kB │ gzip:  0.46 kB
#133 350.7 admin:build: build/client/assets/page-wrapper-DGP-TbZH.js                                    1.02 kB │ gzip:  0.49 kB
#133 350.7 admin:build: build/client/assets/404-bOjVHMs2.js                                             1.17 kB │ gzip:  0.62 kB
#133 350.7 admin:build: build/client/assets/controller-input-G2xFgPQf.js                                1.24 kB │ gzip:  0.59 kB
#133 350.7 admin:build: build/client/assets/monitor-outline-mJDbeTdR.js                                 1.43 kB │ gzip:  0.76 kB
#133 350.7 admin:build: build/client/assets/anchor-button-CSG9v4wL.js                                   1.60 kB │ gzip:  0.72 kB
#133 350.7 admin:build: build/client/assets/button-Bw3PC6il.js                                          1.76 kB │ gzip:  0.73 kB
#133 350.7 admin:build: build/client/assets/page-BfOrEq8V.js                                            2.23 kB │ gzip:  1.16 kB
#133 350.7 admin:build: build/client/assets/useLabelableId-BEGbWIxe.js                                  2.41 kB │ gzip:  1.16 kB
#133 350.7 admin:build: build/client/assets/show-outline-B3O-iLsw.js                                    2.53 kB │ gzip:  1.13 kB
#133 350.7 admin:build: build/client/assets/dist-DzF4Vrwp.js                                            3.28 kB │ gzip:  1.45 kB
#133 350.7 admin:build: build/client/assets/settings-outline-DgXOv6Rt.js                                3.33 kB │ gzip:  1.45 kB
#133 350.7 admin:build: build/client/assets/react-dom-ql0OLl_X.js                                       3.54 kB │ gzip:  1.34 kB
#133 350.7 admin:build: build/client/assets/store-D0-qMsfK.js                                           4.18 kB │ gzip:  1.93 kB
#133 350.7 admin:build: build/client/assets/switch-CBdPBcgs.js                                          4.27 kB │ gzip:  1.98 kB
#133 350.7 admin:build: build/client/assets/input-DtiFvGOR.js                                           4.31 kB │ gzip:  1.67 kB
#133 350.7 admin:build: build/client/assets/page-D349iEre.js                                            4.58 kB │ gzip:  1.81 kB
#133 350.7 admin:build: build/client/assets/page-Dz8dpfyU.js                                            4.94 kB │ gzip:  2.21 kB
#133 350.7 admin:build: build/client/assets/page-uGsuhRKn.js                                            4.96 kB │ gzip:  1.93 kB
#133 350.7 admin:build: build/client/assets/page-De0gSjib.js                                            5.96 kB │ gzip:  2.34 kB
#133 350.7 admin:build: build/client/assets/page-95rJkwTC.js                                            6.07 kB │ gzip:  2.40 kB
#133 350.7 admin:build: build/client/assets/page-rpV_11U5.js                                            6.85 kB │ gzip:  2.57 kB
#133 350.7 admin:build: build/client/assets/page-BU-Lt6-Q.js                                            6.98 kB │ gzip:  2.57 kB
#133 350.7 admin:build: build/client/assets/page-zYxwyE0r.js                                            7.06 kB │ gzip:  2.53 kB
#133 350.7 admin:build: build/client/assets/copy-field-CZQlAPrR.js                                      8.70 kB │ gzip:  3.71 kB
#133 350.7 admin:build: build/client/assets/page-91oc3GZx.js                                            8.75 kB │ gzip:  3.10 kB
#133 350.7 admin:build: build/client/assets/page-s7rHOpIy.js                                           10.18 kB │ gzip:  3.19 kB
#133 350.7 admin:build: build/client/assets/index-Cy4ddKoR.js                                          10.25 kB │ gzip:  4.72 kB
#133 350.7 admin:build: build/client/assets/root-DbLc1CaW.js                                           10.63 kB │ gzip:  3.81 kB
#133 350.7 admin:build: build/client/assets/lib-B_iFmnw_.js                                            11.13 kB │ gzip:  4.51 kB
#133 350.7 admin:build: build/client/assets/dialog-CUsKueY2.js                                         11.79 kB │ gzip:  4.57 kB
#133 350.7 admin:build: build/client/assets/Button-jOqFQdgW.js                                         14.89 kB │ gzip:  5.71 kB
#133 350.7 admin:build: build/client/assets/icon-DmPEbyyh.js                                           16.42 kB │ gzip:  6.39 kB
#133 350.7 admin:build: build/client/assets/tooltip-BwiuO_2d.js                                        29.62 kB │ gzip: 10.26 kB
#133 350.7 admin:build: build/client/assets/index.esm-mSD8OV4N.js                                      31.00 kB │ gzip: 11.16 kB
#133 350.7 admin:build: build/client/assets/page-Bey7Qvyw.js                                           31.48 kB │ gzip:  9.76 kB
#133 350.7 admin:build: build/client/assets/toast-CzMzvZHp.js                                          33.22 kB │ gzip: 11.10 kB
#133 350.7 admin:build: build/client/assets/errorBoundaries-C9zRX8P3.js                                33.32 kB │ gzip: 11.64 kB
#133 350.7 admin:build: build/client/assets/transition-03q8Yi7b.js                                     33.57 kB │ gzip: 12.23 kB
#133 350.7 admin:build: build/client/assets/positioner-3fIV8OgO.js                                     38.71 kB │ gzip: 14.33 kB
#133 350.7 admin:build: build/client/assets/select-trigger-CfXecgYp.js                                 53.02 kB │ gzip: 18.91 kB
#133 350.7 admin:build: build/client/assets/dist-DN-uzIb_2.js                                          70.87 kB │ gzip: 26.17 kB
#133 350.7 admin:build: build/client/assets/layout-Dp1iOJB-.js                                         77.59 kB │ gzip: 25.79 kB
#133 350.7 admin:build: build/client/assets/jsx-runtime-BFXHAw-U.js                                    84.18 kB │ gzip: 27.95 kB
#133 350.7 admin:build: build/client/assets/use-user-DhkcCfeT.js                                      146.84 kB │ gzip: 45.02 kB
#133 350.7 admin:build: build/client/assets/entry.client-XFJwu2Eq.js                                  182.47 kB │ gzip: 57.79 kB
#133 350.7 admin:build: 
#133 350.7 admin:build: [32m✓ built in 1m 43s[39m
#133 350.7 admin:build: [36mvite v8.0.16 [32mbuilding ssr environment for production...[36m[39m
#133 ...

#134 [live installer 12/12] RUN pnpm turbo run build --filter=live
#134 354.5 @plane/propel:build: ℹ dist/empty-state/index.js                  749.12 kB │ gzip: 213.69 kB
#134 354.5 @plane/propel:build: ℹ dist/charts/bar-chart/index.js               9.75 kB │ gzip:   3.19 kB
#134 354.5 @plane/propel:build: ℹ dist/charts/tree-map/index.js                9.39 kB │ gzip:   2.77 kB
#134 354.5 @plane/propel:build: ℹ dist/toast/index.js                          9.08 kB │ gzip:   2.30 kB
#134 354.5 @plane/propel:build: ℹ dist/portal/index.js                         6.41 kB │ gzip:   2.15 kB
#134 354.5 @plane/propel:build: ℹ dist/charts/pie-chart/index.js               6.25 kB │ gzip:   2.03 kB
#134 354.5 @plane/propel:build: ℹ dist/icons/index.js                          6.18 kB │ gzip:   1.86 kB
#134 354.5 @plane/propel:build: ℹ dist/menu/index.js                           5.60 kB │ gzip:   1.87 kB
#134 354.5 @plane/propel:build: ℹ dist/emoji-reaction/index.js                 5.57 kB │ gzip:   1.94 kB
#134 354.5 @plane/propel:build: ℹ dist/charts/area-chart/index.js              5.21 kB │ gzip:   1.92 kB
#134 354.5 @plane/propel:build: ℹ dist/combobox/index.js                       4.83 kB │ gzip:   1.74 kB
#134 354.5 @plane/propel:build: ℹ dist/charts/line-chart/index.js              4.50 kB │ gzip:   1.69 kB
#134 354.5 @plane/propel:build: ℹ dist/charts/scatter-chart/index.js           4.24 kB │ gzip:   1.56 kB
#134 354.5 @plane/propel:build: ℹ dist/toolbar/index.js                        4.05 kB │ gzip:   1.43 kB
#134 354.5 @plane/propel:build: ℹ dist/context-menu/index.js                   3.68 kB │ gzip:   1.14 kB
#134 354.5 @plane/propel:build: ℹ dist/banner/index.js                         3.43 kB │ gzip:   1.34 kB
#134 354.5 @plane/propel:build: ℹ dist/dialog/index.js                         3.33 kB │ gzip:   1.12 kB
#134 354.5 @plane/propel:build: ℹ dist/scrollarea/index.js                     2.96 kB │ gzip:   1.08 kB
#134 354.5 @plane/propel:build: ℹ dist/tabs/index.js                           2.87 kB │ gzip:   1.13 kB
#134 354.5 @plane/propel:build: ℹ dist/charts/radar-chart/index.js             2.83 kB │ gzip:   1.19 kB
#134 354.5 @plane/propel:build: ℹ dist/table/index.js                          2.72 kB │ gzip:   0.84 kB
#134 354.5 @plane/propel:build: ℹ dist/avatar/index.js                         2.69 kB │ gzip:   1.02 kB
#134 354.5 @plane/propel:build: ℹ dist/pill/index.js                           2.37 kB │ gzip:   1.02 kB
#134 354.5 @plane/propel:build: ℹ dist/collapsible/index.js                    2.17 kB │ gzip:   0.91 kB
#134 354.5 @plane/propel:build: ℹ dist/badge/index.js                          2.12 kB │ gzip:   0.97 kB
#134 354.5 @plane/propel:build: ℹ dist/accordion/index.js                      1.96 kB │ gzip:   0.74 kB
#134 354.5 @plane/propel:build: ℹ dist/tab-navigation/index.js                 1.90 kB │ gzip:   0.80 kB
#134 354.5 @plane/propel:build: ℹ dist/spinners/index.js                       1.89 kB │ gzip:   1.00 kB
#134 354.5 @plane/propel:build: ℹ dist/command/index.js                        1.48 kB │ gzip:   0.58 kB
#134 354.5 @plane/propel:build: ℹ dist/switch/index.js                         1.46 kB │ gzip:   0.71 kB
#134 354.5 @plane/propel:build: ℹ dist/input/index.js                          1.42 kB │ gzip:   0.77 kB
#134 354.5 @plane/propel:build: ℹ dist/calendar/index.js                       1.16 kB │ gzip:   0.59 kB
#134 354.5 @plane/propel:build: ℹ dist/skeleton/index.js                       0.92 kB │ gzip:   0.46 kB
#134 354.5 @plane/propel:build: ℹ dist/emoji-icon-picker/index.js              0.71 kB │ gzip:   0.35 kB
#134 354.5 @plane/propel:build: ℹ dist/utils/index.js                          0.25 kB │ gzip:   0.17 kB
#134 354.5 @plane/propel:build: ℹ dist/icon-button/index.js                    0.23 kB │ gzip:   0.17 kB
#134 354.5 @plane/propel:build: ℹ dist/button/index.js                         0.21 kB │ gzip:   0.16 kB
#134 354.5 @plane/propel:build: ℹ dist/card/index.js                           0.20 kB │ gzip:   0.15 kB
#134 354.5 @plane/propel:build: ℹ dist/animated-counter/index.js               0.20 kB │ gzip:   0.15 kB
#134 354.5 @plane/propel:build: ℹ dist/tooltip/index.js                        0.18 kB │ gzip:   0.14 kB
#134 354.5 @plane/propel:build: ℹ dist/popover/index.js                        0.11 kB │ gzip:   0.10 kB
#134 354.5 @plane/propel:build: ℹ dist/empty-state/index.js.map              859.86 kB │ gzip: 218.29 kB
#134 354.5 @plane/propel:build: ℹ dist/icons-QsJgcyit.js.map                 391.68 kB │ gzip: 100.97 kB
#134 354.5 @plane/propel:build: ℹ dist/icons-QsJgcyit.js                     309.50 kB │ gzip:  94.69 kB
#134 354.5 @plane/propel:build: ℹ dist/emoji-icon-picker-BrDDFtbe.js.map      58.16 kB │ gzip:  13.24 kB
#134 354.5 @plane/propel:build: ℹ dist/emoji-icon-picker-BrDDFtbe.js          32.67 kB │ gzip:   8.53 kB
#134 354.5 @plane/propel:build: ℹ dist/charts/bar-chart/index.js.map          18.54 kB │ gzip:   5.83 kB
#134 354.5 @plane/propel:build: ℹ dist/index-BUyOAoiw.d.ts.map                17.31 kB │ gzip:   3.08 kB
#134 354.5 @plane/propel:build: ℹ dist/charts/tree-map/index.js.map           16.84 kB │ gzip:   4.95 kB
#134 354.5 @plane/propel:build: ℹ dist/toast/index.js.map                     14.78 kB │ gzip:   4.07 kB
#134 354.5 @plane/propel:build: ℹ dist/charts/pie-chart/index.js.map          10.95 kB │ gzip:   3.47 kB
#134 354.5 @plane/propel:build: ℹ dist/combobox/index.js.map                   9.95 kB │ gzip:   3.34 kB
#134 354.5 @plane/propel:build: ℹ dist/charts/area-chart/index.js.map          9.79 kB │ gzip:   3.31 kB
#134 354.5 @plane/propel:build: ℹ dist/emoji-reaction/index.js.map             9.74 kB │ gzip:   3.24 kB
#134 354.5 @plane/propel:build: ℹ dist/empty-state/index.d.ts.map              9.61 kB │ gzip:   2.39 kB
#134 354.5 @plane/propel:build: ℹ dist/portal/index.js.map                     9.54 kB │ gzip:   3.32 kB
#134 354.5 @plane/propel:build: ℹ dist/menu/index.js.map                       9.53 kB │ gzip:   3.20 kB
#134 354.5 @plane/propel:build: ℹ dist/charts/line-chart/index.js.map          8.10 kB │ gzip:   2.75 kB
#134 354.5 @plane/propel:build: ℹ dist/charts/scatter-chart/index.js.map       7.53 kB │ gzip:   2.53 kB
#134 354.5 @plane/propel:build: ℹ dist/toolbar/index.js.map                    7.21 kB │ gzip:   2.34 kB
#134 354.5 @plane/propel:build: ℹ dist/context-menu/index.js.map               7.16 kB │ gzip:   1.94 kB
#134 354.5 @plane/propel:build: ℹ dist/banner/index.js.map                     6.96 kB │ gzip:   2.58 kB
#134 354.5 @plane/propel:build: ℹ dist/tabs/index.js.map                       6.21 kB │ gzip:   1.86 kB
#134 354.5 @plane/propel:build: ℹ dist/tooltip-2hD27cLV.js.map                 5.98 kB │ gzip:   2.15 kB
#134 354.5 @plane/propel:build: ℹ dist/dialog/index.js.map                     5.75 kB │ gzip:   1.97 kB
#134 354.5 @plane/propel:build: ℹ dist/button-CjcOirFK.js.map                  5.70 kB │ gzip:   1.99 kB
#134 354.5 @plane/propel:build: ℹ dist/avatar/index.js.map                     5.14 kB │ gzip:   1.78 kB
#134 354.5 @plane/propel:build: ℹ dist/charts/radar-chart/index.js.map         4.91 kB │ gzip:   1.89 kB
#134 354.5 @plane/propel:build: ℹ dist/scrollarea/index.js.map                 4.86 kB │ gzip:   1.64 kB
#134 354.5 @plane/propel:build: ℹ dist/icon-button-DWTsRfUT.js.map             4.86 kB │ gzip:   1.67 kB
#134 354.5 @plane/propel:build: ℹ dist/table/index.js.map                      4.83 kB │ gzip:   1.32 kB
#134 354.5 @plane/propel:build: ℹ dist/popover-JenOEWZc.js.map                 4.12 kB │ gzip:   1.50 kB
#134 354.5 @plane/propel:build: ℹ dist/badge/index.js.map                      4.08 kB │ gzip:   1.63 kB
#134 354.5 @plane/propel:build: ℹ dist/animated-counter-CqtqTlrG.js.map        3.95 kB │ gzip:   1.52 kB
#134 354.5 @plane/propel:build: ℹ dist/collapsible/index.js.map                3.95 kB │ gzip:   1.53 kB
#134 354.5 @plane/propel:build: ℹ dist/tooltip-C7tfs8kr.js.map                 3.83 kB │ gzip:   1.57 kB
#134 354.5 @plane/propel:build: ℹ dist/legend-HUzGLN3O.js.map                  3.79 kB │ gzip:   1.65 kB
#134 354.5 @plane/propel:build: ℹ dist/tooltip-2hD27cLV.js                     3.75 kB │ gzip:   1.29 kB
#134 354.5 @plane/propel:build: ℹ dist/accordion/index.js.map                  3.72 kB │ gzip:   1.34 kB
#134 354.5 @plane/propel:build: ℹ dist/pill/index.js.map                       3.46 kB │ gzip:   1.38 kB
#134 354.5 @plane/propel:build: ℹ dist/card-BJ9a4xMU.js.map                    3.43 kB │ gzip:   1.35 kB
#134 354.5 @plane/propel:build: ℹ dist/button-CjcOirFK.js                      3.31 kB │ gzip:   1.22 kB
#134 354.5 @plane/propel:build: ℹ dist/classname-BokbBhj4.js.map               3.14 kB │ gzip:   1.30 kB
#134 354.5 @plane/propel:build: ℹ dist/icon-button-DWTsRfUT.js                 2.93 kB │ gzip:   1.09 kB
#134 354.5 @plane/propel:build: ℹ dist/circular-bar-spinner-Cp6QEb9r.js.map    2.86 kB │ gzip:   0.97 kB
#134 354.5 @plane/propel:build: ℹ dist/placement-Db9Qu3XD.js.map               2.73 kB │ gzip:   0.82 kB
#134 354.5 @plane/propel:build: ℹ dist/switch/index.js.map                     2.71 kB │ gzip:   1.19 kB
#134 354.5 @plane/propel:build: ℹ dist/tab-navigation/index.js.map             2.65 kB │ gzip:   1.04 kB
#134 354.5 @plane/propel:build: ℹ dist/command/index.js.map                    2.48 kB │ gzip:   0.95 kB
#134 354.5 @plane/propel:build: ℹ dist/spinners/index.js.map                   2.42 kB │ gzip:   1.33 kB
#134 354.5 @plane/propel:build: ℹ dist/input/index.js.map                      2.34 kB │ gzip:   1.11 kB
#134 354.5 @plane/propel:build: ℹ dist/popover-JenOEWZc.js                     2.30 kB │ gzip:   0.85 kB
#134 354.5 @plane/propel:build: ℹ dist/animated-counter-CqtqTlrG.js            2.27 kB │ gzip:   0.93 kB
#134 354.5 @plane/propel:build: ℹ dist/card-BJ9a4xMU.js                        2.13 kB │ gzip:   0.90 kB
#134 354.5 @plane/propel:build: ℹ dist/legend-HUzGLN3O.js                      2.08 kB │ gzip:   1.03 kB
#134 354.5 @plane/propel:build: ℹ dist/circular-bar-spinner-Cp6QEb9r.js        2.08 kB │ gzip:   0.60 kB
#134 354.5 @plane/propel:build: ℹ dist/tooltip-C7tfs8kr.js                     2.05 kB │ gzip:   0.96 kB
#134 354.5 @plane/propel:build: ℹ dist/combobox/index.d.ts.map                 1.95 kB │ gzip:   0.65 kB
#134 354.5 @plane/propel:build: ℹ dist/calendar/index.js.map                   1.94 kB │ gzip:   0.92 kB
#134 354.5 @plane/propel:build: ℹ dist/emoji-icon-picker/index.d.ts.map        1.79 kB │ gzip:   0.77 kB
#134 354.5 @plane/propel:build: ℹ dist/emoji-reaction/index.d.ts.map           1.71 kB │ gzip:   0.62 kB
#134 354.5 @plane/propel:build: ℹ dist/skeleton/index.js.map                   1.66 kB │ gzip:   0.82 kB
#134 354.5 @plane/propel:build: ℹ dist/table/index.d.ts.map                    1.61 kB │ gzip:   0.46 kB
#134 354.5 @plane/propel:build: ℹ dist/portal/index.d.ts.map                   1.57 kB │ gzip:   0.64 kB
#134 354.5 @plane/propel:build: ℹ dist/classname-BokbBhj4.js                   1.47 kB │ gzip:   0.74 kB
#134 354.5 @plane/propel:build: ℹ dist/toast/index.d.ts.map                    1.46 kB │ gzip:   0.68 kB
#134 354.5 @plane/propel:build: ℹ dist/tabs/index.d.ts.map                     1.42 kB │ gzip:   0.47 kB
#134 354.5 @plane/propel:build: ℹ dist/accordion/index.d.ts.map                1.28 kB │ gzip:   0.49 kB
#134 354.5 @plane/propel:build: ℹ dist/placement-Db9Qu3XD.js                   1.13 kB │ gzip:   0.36 kB
#134 354.5 @plane/propel:build: ℹ dist/badge/index.d.ts.map                    1.12 kB │ gzip:   0.42 kB
#134 354.5 @plane/propel:build: ℹ dist/dialog/index.d.ts.map                   1.09 kB │ gzip:   0.50 kB
#134 354.5 @plane/propel:build: ℹ dist/menu/index.d.ts.map                     1.09 kB │ gzip:   0.47 kB
#134 354.5 @plane/propel:build: ℹ dist/toolbar/index.d.ts.map                  1.00 kB │ gzip:   0.45 kB
#134 354.5 @plane/propel:build: ℹ dist/pill/index.d.ts.map                     0.99 kB │ gzip:   0.45 kB
#134 354.5 @plane/propel:build: ℹ dist/icon-button/index.d.ts.map              0.96 kB │ gzip:   0.44 kB
#134 354.5 @plane/propel:build: ℹ dist/collapsible/index.d.ts.map              0.95 kB │ gzip:   0.44 kB
#134 354.5 @plane/propel:build: ℹ dist/context-menu/index.d.ts.map             0.94 kB │ gzip:   0.40 kB
#134 354.5 @plane/propel:build: ℹ dist/command/index.d.ts.map                  0.93 kB │ gzip:   0.39 kB
#134 354.5 @plane/propel:build: ℹ dist/helper-CYawG2XX.d.ts.map                0.76 kB │ gzip:   0.37 kB
#134 354.5 @plane/propel:build: ℹ dist/card/index.d.ts.map                     0.69 kB │ gzip:   0.38 kB
#134 354.5 @plane/propel:build: ℹ dist/skeleton/index.d.ts.map                 0.63 kB │ gzip:   0.31 kB
#134 354.5 @plane/propel:build: ℹ dist/scrollarea/index.d.ts.map               0.60 kB │ gzip:   0.33 kB
#134 354.5 @plane/propel:build: ℹ dist/banner/index.d.ts.map                   0.59 kB │ gzip:   0.31 kB
#134 354.5 @plane/propel:build: ℹ dist/popover/index.d.ts.map                  0.58 kB │ gzip:   0.32 kB
#134 354.5 @plane/propel:build: ℹ dist/spinners/index.d.ts.map                 0.57 kB │ gzip:   0.28 kB
#134 354.5 @plane/propel:build: ℹ dist/button/index.d.ts.map                   0.52 kB │ gzip:   0.24 kB
#134 354.5 @plane/propel:build: ℹ dist/tab-navigation/index.d.ts.map           0.52 kB │ gzip:   0.28 kB
#134 354.5 @plane/propel:build: ℹ dist/placement-qJjmdCXt.d.ts.map             0.49 kB │ gzip:   0.26 kB
#134 354.5 @plane/propel:build: ℹ dist/switch/index.d.ts.map                   0.48 kB │ gzip:   0.25 kB
#134 354.5 @plane/propel:build: ℹ dist/tooltip/index.d.ts.map                  0.40 kB │ gzip:   0.26 kB
#134 354.5 @plane/propel:build: ℹ dist/animated-counter/index.d.ts.map         0.38 kB │ gzip:   0.22 kB
#134 354.5 @plane/propel:build: ℹ dist/input/index.d.ts.map                    0.35 kB │ gzip:   0.21 kB
#134 354.5 @plane/propel:build: ℹ dist/avatar/index.d.ts.map                   0.34 kB │ gzip:   0.22 kB
#134 354.5 @plane/propel:build: ℹ dist/charts/scatter-chart/index.d.ts.map     0.32 kB │ gzip:   0.20 kB
#134 354.5 @plane/propel:build: ℹ dist/charts/bar-chart/index.d.ts.map         0.32 kB │ gzip:   0.20 kB
#134 354.5 @plane/propel:build: ℹ dist/charts/pie-chart/index.d.ts.map         0.32 kB │ gzip:   0.20 kB
#134 354.5 @plane/propel:build: ℹ dist/charts/area-chart/index.d.ts.map        0.31 kB │ gzip:   0.20 kB
#134 354.5 @plane/propel:build: ℹ dist/charts/line-chart/index.d.ts.map        0.31 kB │ gzip:   0.20 kB
#134 354.5 @plane/propel:build: ℹ dist/calendar/index.d.ts.map                 0.29 kB │ gzip:   0.21 kB
#134 354.5 @plane/propel:build: ℹ dist/charts/radar-chart/index.d.ts.map       0.27 kB │ gzip:   0.18 kB
#134 354.5 @plane/propel:build: ℹ dist/charts/tree-map/index.d.ts.map          0.16 kB │ gzip:   0.14 kB
#134 354.5 @plane/propel:build: ℹ dist/utils/index.d.ts.map                    0.14 kB │ gzip:   0.13 kB
#134 354.5 @plane/propel:build: ℹ dist/utils-MPqvUdqq.js                       0.00 kB │ gzip:   0.02 kB
#134 354.5 @plane/propel:build: ℹ dist/empty-state/index.d.ts                 14.64 kB │ gzip:   2.17 kB
#134 354.5 @plane/propel:build: ℹ dist/icons/index.d.ts                        6.31 kB │ gzip:   1.89 kB
#134 354.5 @plane/propel:build: ℹ dist/emoji-icon-picker/index.d.ts            4.14 kB │ gzip:   1.41 kB
#134 354.5 @plane/propel:build: ℹ dist/portal/index.d.ts                       3.97 kB │ gzip:   1.42 kB
#134 354.5 @plane/propel:build: ℹ dist/combobox/index.d.ts                     2.23 kB │ gzip:   0.74 kB
#134 354.5 @plane/propel:build: ℹ dist/emoji-reaction/index.d.ts               2.20 kB │ gzip:   0.67 kB
#134 354.5 @plane/propel:build: ℹ dist/tabs/index.d.ts                         2.03 kB │ gzip:   0.45 kB
#134 354.5 @plane/propel:build: ℹ dist/table/index.d.ts                        1.95 kB │ gzip:   0.37 kB
#134 354.5 @plane/propel:build: ℹ dist/context-menu/index.d.ts                 1.95 kB │ gzip:   0.53 kB
#134 354.5 @plane/propel:build: ℹ dist/menu/index.d.ts                         1.83 kB │ gzip:   0.74 kB
#134 354.5 @plane/propel:build: ℹ dist/toolbar/index.d.ts                      1.80 kB │ gzip:   0.54 kB
#134 354.5 @plane/propel:build: ℹ dist/toast/index.d.ts                        1.79 kB │ gzip:   0.62 kB
#134 354.5 @plane/propel:build: ℹ dist/badge/index.d.ts                        1.61 kB │ gzip:   0.55 kB
#134 354.5 @plane/propel:build: ℹ dist/accordion/index.d.ts                    1.48 kB │ gzip:   0.45 kB
#134 354.5 @plane/propel:build: ℹ dist/dialog/index.d.ts                       1.38 kB │ gzip:   0.52 kB
#134 354.5 @plane/propel:build: ℹ dist/tab-navigation/index.d.ts               1.27 kB │ gzip:   0.47 kB
#134 354.5 @plane/propel:build: ℹ dist/icon-button/index.d.ts                  1.26 kB │ gzip:   0.55 kB
#134 354.5 @plane/propel:build: ℹ dist/banner/index.d.ts                       1.22 kB │ gzip:   0.61 kB
#134 354.5 @plane/propel:build: ℹ dist/avatar/index.d.ts                       1.21 kB │ gzip:   0.53 kB
#134 354.5 @plane/propel:build: ℹ dist/card/index.d.ts                         1.11 kB │ gzip:   0.56 kB
#134 354.5 @plane/propel:build: ℹ dist/pill/index.d.ts                         1.05 kB │ gzip:   0.52 kB
#134 354.5 @plane/propel:build: ℹ dist/button/index.d.ts                       1.05 kB │ gzip:   0.49 kB
#134 354.5 @plane/propel:build: ℹ dist/collapsible/index.d.ts                  0.96 kB │ gzip:   0.39 kB
#134 354.5 @plane/propel:build: ℹ dist/command/index.d.ts                      0.95 kB │ gzip:   0.31 kB
#134 354.5 @plane/propel:build: ℹ dist/scrollarea/index.d.ts                   0.90 kB │ gzip:   0.41 kB
#134 354.5 @plane/propel:build: ℹ dist/popover/index.d.ts                      0.84 kB │ gzip:   0.44 kB
#134 354.5 @plane/propel:build: ℹ dist/spinners/index.d.ts                     0.75 kB │ gzip:   0.30 kB
#134 354.5 @plane/propel:build: ℹ dist/skeleton/index.d.ts                     0.75 kB │ gzip:   0.32 kB
#134 354.5 @plane/propel:build: ℹ dist/tooltip/index.d.ts                      0.68 kB │ gzip:   0.39 kB
#134 354.5 @plane/propel:build: ℹ dist/animated-counter/index.d.ts             0.56 kB │ gzip:   0.36 kB
#134 354.5 @plane/propel:build: ℹ dist/switch/index.d.ts                       0.52 kB │ gzip:   0.31 kB
#134 354.5 @plane/propel:build: ℹ dist/utils/index.d.ts                        0.45 kB │ gzip:   0.28 kB
#134 354.5 @plane/propel:build: ℹ dist/input/index.d.ts                        0.45 kB │ gzip:   0.29 kB
#134 354.5 @plane/propel:build: ℹ dist/calendar/index.d.ts                     0.42 kB │ gzip:   0.28 kB
#134 354.5 @plane/propel:build: ℹ dist/charts/scatter-chart/index.d.ts         0.35 kB │ gzip:   0.24 kB
#134 354.5 @plane/propel:build: ℹ dist/charts/area-chart/index.d.ts            0.33 kB │ gzip:   0.24 kB
#134 354.5 @plane/propel:build: ℹ dist/charts/line-chart/index.d.ts            0.33 kB │ gzip:   0.24 kB
#134 354.5 @plane/propel:build: ℹ dist/charts/bar-chart/index.d.ts             0.33 kB │ gzip:   0.24 kB
#134 354.5 @plane/propel:build: ℹ dist/charts/pie-chart/index.d.ts             0.33 kB │ gzip:   0.23 kB
#134 354.5 @plane/propel:build: ℹ dist/charts/radar-chart/index.d.ts           0.31 kB │ gzip:   0.22 kB
#134 354.5 @plane/propel:build: ℹ dist/charts/tree-map/index.d.ts              0.27 kB │ gzip:   0.19 kB
#134 354.5 @plane/propel:build: ℹ dist/index-BUyOAoiw.d.ts                    35.59 kB │ gzip:   5.29 kB
#134 354.5 @plane/propel:build: ℹ dist/helper-CYawG2XX.d.ts                    1.03 kB │ gzip:   0.50 kB
#134 354.5 @plane/propel:build: ℹ dist/placement-qJjmdCXt.d.ts                 0.75 kB │ gzip:   0.40 kB
#134 354.5 @plane/propel:build: ℹ 187 files, total: 2971.60 kB
#134 ...

#132 [space installer 8/8] RUN pnpm turbo run build --filter=space
#132 348.3 @plane/propel:build: [34mℹ[39m [2mdist/[22m[1mempty-state/index.js[22m                  [2m749.12 kB[22m [2m│ gzip: 213.69 kB[22m
#132 348.3 @plane/propel:build: [34mℹ[39m [2mdist/[22m[1mcharts/bar-chart/index.js[22m             [2m  9.75 kB[22m [2m│ gzip:   3.19 kB[22m
#132 348.3 @plane/propel:build: [34mℹ[39m [2mdist/[22m[1mcharts/tree-map/index.js[22m              [2m  9.39 kB[22m [2m│ gzip:   2.77 kB[22m
#132 348.3 @plane/propel:build: [34mℹ[39m [2mdist/[22m[1mtoast/index.js[22m                        [2m  9.08 kB[22m [2m│ gzip:   2.30 kB[22m
#132 348.3 @plane/propel:build: [34mℹ[39m [2mdist/[22m[1mportal/index.js[22m                       [2m  6.41 kB[22m [2m│ gzip:   2.15 kB[22m
#132 348.3 @plane/propel:build: [34mℹ[39m [2mdist/[22m[1mcharts/pie-chart/index.js[22m             [2m  6.25 kB[22m [2m│ gzip:   2.03 kB[22m
#132 348.3 @plane/propel:build: [34mℹ[39m [2mdist/[22m[1micons/index.js[22m                        [2m  6.18 kB[22m [2m│ gzip:   1.86 kB[22m
#132 348.3 @plane/propel:build: [34mℹ[39m [2mdist/[22m[1mmenu/index.js[22m                         [2m  5.60 kB[22m [2m│ gzip:   1.87 kB[22m
#132 348.3 @plane/propel:build: [34mℹ[39m [2mdist/[22m[1memoji-reaction/index.js[22m               [2m  5.57 kB[22m [2m│ gzip:   1.93 kB[22m
#132 348.3 @plane/propel:build: [34mℹ[39m [2mdist/[22m[1mcharts/area-chart/index.js[22m            [2m  5.21 kB[22m [2m│ gzip:   1.92 kB[22m
#132 348.3 @plane/propel:build: [34mℹ[39m [2mdist/[22m[1mcombobox/index.js[22m                     [2m  4.83 kB[22m [2m│ gzip:   1.74 kB[22m
#132 348.3 @plane/propel:build: [34mℹ[39m [2mdist/[22m[1mcharts/line-chart/index.js[22m            [2m  4.50 kB[22m [2m│ gzip:   1.69 kB[22m
#132 348.3 @plane/propel:build: [34mℹ[39m [2mdist/[22m[1mcharts/scatter-chart/index.js[22m         [2m  4.24 kB[22m [2m│ gzip:   1.56 kB[22m
#132 348.3 @plane/propel:build: [34mℹ[39m [2mdist/[22m[1mtoolbar/index.js[22m                      [2m  4.05 kB[22m [2m│ gzip:   1.43 kB[22m
#132 348.3 @plane/propel:build: [34mℹ[39m [2mdist/[22m[1mcontext-menu/index.js[22m                 [2m  3.68 kB[22m [2m│ gzip:   1.14 kB[22m
#132 348.3 @plane/propel:build: [34mℹ[39m [2mdist/[22m[1mbanner/index.js[22m                       [2m  3.43 kB[22m [2m│ gzip:   1.34 kB[22m
#132 348.3 @plane/propel:build: [34mℹ[39m [2mdist/[22m[1mdialog/index.js[22m                       [2m  3.33 kB[22m [2m│ gzip:   1.13 kB[22m
#132 348.3 @plane/propel:build: [34mℹ[39m [2mdist/[22m[1mscrollarea/index.js[22m                   [2m  2.96 kB[22m [2m│ gzip:   1.08 kB[22m
#132 348.3 @plane/propel:build: [34mℹ[39m [2mdist/[22m[1mtabs/index.js[22m                         [2m  2.87 kB[22m [2m│ gzip:   1.13 kB[22m
#132 348.3 @plane/propel:build: [34mℹ[39m [2mdist/[22m[1mcharts/radar-chart/index.js[22m           [2m  2.83 kB[22m [2m│ gzip:   1.19 kB[22m
#132 348.3 @plane/propel:build: [34mℹ[39m [2mdist/[22m[1mtable/index.js[22m                        [2m  2.72 kB[22m [2m│ gzip:   0.84 kB[22m
#132 348.3 @plane/propel:build: [34mℹ[39m [2mdist/[22m[1mavatar/index.js[22m                       [2m  2.69 kB[22m [2m│ gzip:   1.02 kB[22m
#132 348.3 @plane/propel:build: [34mℹ[39m [2mdist/[22m[1mpill/index.js[22m                         [2m  2.37 kB[22m [2m│ gzip:   1.02 kB[22m
#132 348.3 @plane/propel:build: [34mℹ[39m [2mdist/[22m[1mcollapsible/index.js[22m                  [2m  2.17 kB[22m [2m│ gzip:   0.91 kB[22m
#132 348.3 @plane/propel:build: [34mℹ[39m [2mdist/[22m[1mbadge/index.js[22m                        [2m  2.12 kB[22m [2m│ gzip:   0.97 kB[22m
#132 348.3 @plane/propel:build: [34mℹ[39m [2mdist/[22m[1maccordion/index.js[22m                    [2m  1.96 kB[22m [2m│ gzip:   0.74 kB[22m
#132 348.3 @plane/propel:build: [34mℹ[39m [2mdist/[22m[1mtab-navigation/index.js[22m               [2m  1.90 kB[22m [2m│ gzip:   0.80 kB[22m
#132 348.3 @plane/propel:build: [34mℹ[39m [2mdist/[22m[1mspinners/index.js[22m                     [2m  1.89 kB[22m [2m│ gzip:   1.00 kB[22m
#132 348.3 @plane/propel:build: [34mℹ[39m [2mdist/[22m[1mcommand/index.js[22m                      [2m  1.48 kB[22m [2m│ gzip:   0.58 kB[22m
#132 348.3 @plane/propel:build: [34mℹ[39m [2mdist/[22m[1mswitch/index.js[22m                       [2m  1.46 kB[22m [2m│ gzip:   0.71 kB[22m
#132 348.3 @plane/propel:build: [34mℹ[39m [2mdist/[22m[1minput/index.js[22m                        [2m  1.42 kB[22m [2m│ gzip:   0.77 kB[22m
#132 348.3 @plane/propel:build: [34mℹ[39m [2mdist/[22m[1mcalendar/index.js[22m                     [2m  1.16 kB[22m [2m│ gzip:   0.59 kB[22m
#132 348.3 @plane/propel:build: [34mℹ[39m [2mdist/[22m[1mskeleton/index.js[22m                     [2m  0.92 kB[22m [2m│ gzip:   0.46 kB[22m
#132 348.3 @plane/propel:build: [34mℹ[39m [2mdist/[22m[1memoji-icon-picker/index.js[22m            [2m  0.71 kB[22m [2m│ gzip:   0.35 kB[22m
#132 348.3 @plane/propel:build: [34mℹ[39m [2mdist/[22m[1mutils/index.js[22m                        [2m  0.25 kB[22m [2m│ gzip:   0.17 kB[22m
#132 348.3 @plane/propel:build: [34mℹ[39m [2mdist/[22m[1micon-button/index.js[22m                  [2m  0.23 kB[22m [2m│ gzip:   0.17 kB[22m
#132 348.3 @plane/propel:build: [34mℹ[39m [2mdist/[22m[1mbutton/index.js[22m                       [2m  0.21 kB[22m [2m│ gzip:   0.16 kB[22m
#132 348.3 @plane/propel:build: [34mℹ[39m [2mdist/[22m[1mcard/index.js[22m                         [2m  0.20 kB[22m [2m│ gzip:   0.15 kB[22m
#132 348.3 @plane/propel:build: [34mℹ[39m [2mdist/[22m[1manimated-counter/index.js[22m             [2m  0.20 kB[22m [2m│ gzip:   0.15 kB[22m
#132 348.3 @plane/propel:build: [34mℹ[39m [2mdist/[22m[1mtooltip/index.js[22m                      [2m  0.18 kB[22m [2m│ gzip:   0.14 kB[22m
#132 348.3 @plane/propel:build: [34mℹ[39m [2mdist/[22m[1mpopover/index.js[22m                      [2m  0.11 kB[22m [2m│ gzip:   0.10 kB[22m
#132 348.3 @plane/propel:build: [34mℹ[39m [2mdist/[22mempty-state/index.js.map              [2m859.86 kB[22m [2m│ gzip: 218.29 kB[22m
#132 348.3 @plane/propel:build: [34mℹ[39m [2mdist/[22micons-DWzY_Ct4.js.map                 [2m391.68 kB[22m [2m│ gzip: 100.97 kB[22m
#132 348.3 @plane/propel:build: [34mℹ[39m [2mdist/[22micons-DWzY_Ct4.js                     [2m309.50 kB[22m [2m│ gzip:  94.69 kB[22m
#132 348.3 @plane/propel:build: [34mℹ[39m [2mdist/[22memoji-icon-picker-C-QxDRjq.js.map     [2m 58.16 kB[22m [2m│ gzip:  13.25 kB[22m
#132 348.3 @plane/propel:build: [34mℹ[39m [2mdist/[22memoji-icon-picker-C-QxDRjq.js         [2m 32.67 kB[22m [2m│ gzip:   8.54 kB[22m
#132 348.3 @plane/propel:build: [34mℹ[39m [2mdist/[22mcharts/bar-chart/index.js.map         [2m 18.54 kB[22m [2m│ gzip:   5.83 kB[22m
#132 348.3 @plane/propel:build: [34mℹ[39m [2mdist/[22mindex-BUyOAoiw.d.ts.map               [2m 17.31 kB[22m [2m│ gzip:   3.08 kB[22m
#132 348.3 @plane/propel:build: [34mℹ[39m [2mdist/[22mcharts/tree-map/index.js.map          [2m 16.84 kB[22m [2m│ gzip:   4.95 kB[22m
#132 348.3 @plane/propel:build: [34mℹ[39m [2mdist/[22mtoast/index.js.map                    [2m 14.78 kB[22m [2m│ gzip:   4.07 kB[22m
#132 348.3 @plane/propel:build: [34mℹ[39m [2mdist/[22mcharts/pie-chart/index.js.map         [2m 10.95 kB[22m [2m│ gzip:   3.47 kB[22m
#132 348.3 @plane/propel:build: [34mℹ[39m [2mdist/[22mcombobox/index.js.map                 [2m  9.95 kB[22m [2m│ gzip:   3.34 kB[22m
#132 348.3 @plane/propel:build: [34mℹ[39m [2mdist/[22mcharts/area-chart/index.js.map        [2m  9.79 kB[22m [2m│ gzip:   3.31 kB[22m
#132 348.3 @plane/propel:build: [34mℹ[39m [2mdist/[22memoji-reaction/index.js.map           [2m  9.74 kB[22m [2m│ gzip:   3.24 kB[22m
#132 348.3 @plane/propel:build: [34mℹ[39m [2mdist/[22mempty-state/index.d.ts.map            [2m  9.61 kB[22m [2m│ gzip:   2.39 kB[22m
#132 348.3 @plane/propel:build: [34mℹ[39m [2mdist/[22mportal/index.js.map                   [2m  9.54 kB[22m [2m│ gzip:   3.32 kB[22m
#132 348.3 @plane/propel:build: [34mℹ[39m [2mdist/[22mmenu/index.js.map                     [2m  9.53 kB[22m [2m│ gzip:   3.20 kB[22m
#132 348.3 @plane/propel:build: [34mℹ[39m [2mdist/[22mcharts/line-chart/index.js.map        [2m  8.10 kB[22m [2m│ gzip:   2.75 kB[22m
#132 348.3 @plane/propel:build: [34mℹ[39m [2mdist/[22mcharts/scatter-chart/index.js.map     [2m  7.53 kB[22m [2m│ gzip:   2.53 kB[22m
#132 348.3 @plane/propel:build: [34mℹ[39m [2mdist/[22mtoolbar/index.js.map                  [2m  7.21 kB[22m [2m│ gzip:   2.34 kB[22m
#132 348.3 @plane/propel:build: [34mℹ[39m [2mdist/[22mcontext-menu/index.js.map             [2m  7.16 kB[22m [2m│ gzip:   1.94 kB[22m
#132 348.3 @plane/propel:build: [34mℹ[39m [2mdist/[22mbanner/index.js.map                   [2m  6.96 kB[22m [2m│ gzip:   2.58 kB[22m
#132 348.3 @plane/propel:build: [34mℹ[39m [2mdist/[22mtabs/index.js.map                     [2m  6.21 kB[22m [2m│ gzip:   1.86 kB[22m
#132 348.3 @plane/propel:build: [34mℹ[39m [2mdist/[22mtooltip-2hD27cLV.js.map               [2m  5.98 kB[22m [2m│ gzip:   2.15 kB[22m
#132 348.3 @plane/propel:build: [34mℹ[39m [2mdist/[22mdialog/index.js.map                   [2m  5.75 kB[22m [2m│ gzip:   1.97 kB[22m
#132 348.3 @plane/propel:build: [34mℹ[39m [2mdist/[22mbutton-CjcOirFK.js.map                [2m  5.70 kB[22m [2m│ gzip:   1.99 kB[22m
#132 348.3 @plane/propel:build: [34mℹ[39m [2mdist/[22mavatar/index.js.map                   [2m  5.14 kB[22m [2m│ gzip:   1.78 kB[22m
#132 348.3 @plane/propel:build: [34mℹ[39m [2mdist/[22mcharts/radar-chart/index.js.map       [2m  4.91 kB[22m [2m│ gzip:   1.89 kB[22m
#132 348.3 @plane/propel:build: [34mℹ[39m [2mdist/[22mscrollarea/index.js.map               [2m  4.86 kB[22m [2m│ gzip:   1.64 kB[22m
#132 348.3 @plane/propel:build: [34mℹ[39m [2mdist/[22micon-button-2BUssuti.js.map           [2m  4.86 kB[22m [2m│ gzip:   1.66 kB[22m
#132 348.3 @plane/propel:build: [34mℹ[39m [2mdist/[22mtable/index.js.map                    [2m  4.83 kB[22m [2m│ gzip:   1.32 kB[22m
#132 348.3 @plane/propel:build: [34mℹ[39m [2mdist/[22mpopover-CrZ8wRJs.js.map               [2m  4.12 kB[22m [2m│ gzip:   1.50 kB[22m
#132 348.3 @plane/propel:build: [34mℹ[39m [2mdist/[22mbadge/index.js.map                    [2m  4.08 kB[22m [2m│ gzip:   1.63 kB[22m
#132 348.3 @plane/propel:build: [34mℹ[39m [2mdist/[22manimated-counter-CqtqTlrG.js.map      [2m  3.95 kB[22m [2m│ gzip:   1.52 kB[22m
#132 348.3 @plane/propel:build: [34mℹ[39m [2mdist/[22mcollapsible/index.js.map              [2m  3.95 kB[22m [2m│ gzip:   1.53 kB[22m
#132 348.3 @plane/propel:build: [34mℹ[39m [2mdist/[22mtooltip-CLEkTCyg.js.map               [2m  3.83 kB[22m [2m│ gzip:   1.57 kB[22m
#132 348.3 @plane/propel:build: [34mℹ[39m [2mdist/[22mlegend-HUzGLN3O.js.map                [2m  3.79 kB[22m [2m│ gzip:   1.65 kB[22m
#132 348.3 @plane/propel:build: [34mℹ[39m [2mdist/[22mtooltip-2hD27cLV.js                   [2m  3.75 kB[22m [2m│ gzip:   1.29 kB[22m
#132 348.3 @plane/propel:build: [34mℹ[39m [2mdist/[22maccordion/index.js.map                [2m  3.72 kB[22m [2m│ gzip:   1.34 kB[22m
#132 348.3 @plane/propel:build: [34mℹ[39m [2mdist/[22mpill/index.js.map                     [2m  3.46 kB[22m [2m│ gzip:   1.38 kB[22m
#132 348.3 @plane/propel:build: [34mℹ[39m [2mdist/[22mcard-BJ9a4xMU.js.map                  [2m  3.43 kB[22m [2m│ gzip:   1.35 kB[22m
#132 348.3 @plane/propel:build: [34mℹ[39m [2mdist/[22mbutton-CjcOirFK.js                    [2m  3.31 kB[22m [2m│ gzip:   1.22 kB[22m
#132 348.3 @plane/propel:build: [34mℹ[39m [2mdist/[22mclassname-BokbBhj4.js.map             [2m  3.14 kB[22m [2m│ gzip:   1.30 kB[22m
#132 348.3 @plane/propel:build: [34mℹ[39m [2mdist/[22micon-button-2BUssuti.js               [2m  2.93 kB[22m [2m│ gzip:   1.08 kB[22m
#132 348.3 @plane/propel:build: [34mℹ[39m [2mdist/[22mcircular-bar-spinner-Cp6QEb9r.js.map  [2m  2.86 kB[22m [2m│ gzip:   0.97 kB[22m
#132 348.3 @plane/propel:build: [34mℹ[39m [2mdist/[22mplacement-Db9Qu3XD.js.map             [2m  2.73 kB[22m [2m│ gzip:   0.82 kB[22m
#132 348.3 @plane/propel:build: [34mℹ[39m [2mdist/[22mswitch/index.js.map                   [2m  2.71 kB[22m [2m│ gzip:   1.19 kB[22m
#132 348.3 @plane/propel:build: [34mℹ[39m [2mdist/[22mtab-navigation/index.js.map           [2m  2.65 kB[22m [2m│ gzip:   1.04 kB[22m
#132 348.3 @plane/propel:build: [34mℹ[39m [2mdist/[22mcommand/index.js.map                  [2m  2.48 kB[22m [2m│ gzip:   0.95 kB[22m
#132 348.3 @plane/propel:build: [34mℹ[39m [2mdist/[22mspinners/index.js.map                 [2m  2.42 kB[22m [2m│ gzip:   1.33 kB[22m
#132 348.3 @plane/propel:build: [34mℹ[39m [2mdist/[22minput/index.js.map                    [2m  2.34 kB[22m [2m│ gzip:   1.11 kB[22m
#132 348.3 @plane/propel:build: [34mℹ[39m [2mdist/[22mpopover-CrZ8wRJs.js                   [2m  2.30 kB[22m [2m│ gzip:   0.85 kB[22m
#132 348.3 @plane/propel:build: [34mℹ[39m [2mdist/[22manimated-counter-CqtqTlrG.js          [2m  2.27 kB[22m [2m│ gzip:   0.93 kB[22m
#132 348.3 @plane/propel:build: [34mℹ[39m [2mdist/[22mcard-BJ9a4xMU.js                      [2m  2.13 kB[22m [2m│ gzip:   0.90 kB[22m
#132 348.3 @plane/propel:build: [34mℹ[39m [2mdist/[22mlegend-HUzGLN3O.js                    [2m  2.08 kB[22m [2m│ gzip:   1.03 kB[22m
#132 348.3 @plane/propel:build: [34mℹ[39m [2mdist/[22mcircular-bar-spinner-Cp6QEb9r.js      [2m  2.08 kB[22m [2m│ gzip:   0.60 kB[22m
#132 348.3 @plane/propel:build: [34mℹ[39m [2mdist/[22mtooltip-CLEkTCyg.js                   [2m  2.05 kB[22m [2m│ gzip:   0.96 kB[22m
#132 348.3 @plane/propel:build: [34mℹ[39m [2mdist/[22mcombobox/index.d.ts.map               [2m  1.95 kB[22m [2m│ gzip:   0.65 kB[22m
#132 348.3 @plane/propel:build: [34mℹ[39m [2mdist/[22mcalendar/index.js.map                 [2m  1.94 kB[22m [2m│ gzip:   0.92 kB[22m
#132 348.3 @plane/propel:build: [34mℹ[39m [2mdist/[22memoji-icon-picker/index.d.ts.map      [2m  1.79 kB[22m [2m│ gzip:   0.77 kB[22m
#132 348.3 @plane/propel:build: [34mℹ[39m [2mdist/[22memoji-reaction/index.d.ts.map         [2m  1.71 kB[22m [2m│ gzip:   0.62 kB[22m
#132 348.3 @plane/propel:build: [34mℹ[39m [2mdist/[22mskeleton/index.js.map                 [2m  1.66 kB[22m [2m│ gzip:   0.82 kB[22m
#132 348.3 @plane/propel:build: [34mℹ[39m [2mdist/[22mtable/index.d.ts.map                  [2m  1.61 kB[22m [2m│ gzip:   0.46 kB[22m
#132 348.3 @plane/propel:build: [34mℹ[39m [2mdist/[22mportal/index.d.ts.map                 [2m  1.57 kB[22m [2m│ gzip:   0.64 kB[22m
#132 348.3 @plane/propel:build: [34mℹ[39m [2mdist/[22mclassname-BokbBhj4.js                 [2m  1.47 kB[22m [2m│ gzip:   0.74 kB[22m
#132 348.3 @plane/propel:build: [34mℹ[39m [2mdist/[22mtoast/index.d.ts.map                  [2m  1.46 kB[22m [2m│ gzip:   0.68 kB[22m
#132 348.3 @plane/propel:build: [34mℹ[39m [2mdist/[22mtabs/index.d.ts.map                   [2m  1.42 kB[22m [2m│ gzip:   0.47 kB[22m
#132 348.3 @plane/propel:build: [34mℹ[39m [2mdist/[22maccordion/index.d.ts.map              [2m  1.28 kB[22m [2m│ gzip:   0.49 kB[22m
#132 348.3 @plane/propel:build: [34mℹ[39m [2mdist/[22mplacement-Db9Qu3XD.js                 [2m  1.13 kB[22m [2m│ gzip:   0.36 kB[22m
#132 348.3 @plane/propel:build: [34mℹ[39m [2mdist/[22mbadge/index.d.ts.map                  [2m  1.12 kB[22m [2m│ gzip:   0.42 kB[22m
#132 348.3 @plane/propel:build: [34mℹ[39m [2mdist/[22mdialog/index.d.ts.map                 [2m  1.09 kB[22m [2m│ gzip:   0.50 kB[22m
#132 348.3 @plane/propel:build: [34mℹ[39m [2mdist/[22mmenu/index.d.ts.map                   [2m  1.09 kB[22m [2m│ gzip:   0.47 kB[22m
#132 348.3 @plane/propel:build: [34mℹ[39m [2mdist/[22mtoolbar/index.d.ts.map                [2m  1.00 kB[22m [2m│ gzip:   0.45 kB[22m
#132 348.3 @plane/propel:build: [34mℹ[39m [2mdist/[22mpill/index.d.ts.map                   [2m  0.99 kB[22m [2m│ gzip:   0.45 kB[22m
#132 348.3 @plane/propel:build: [34mℹ[39m [2mdist/[22micon-button/index.d.ts.map            [2m  0.96 kB[22m [2m│ gzip:   0.44 kB[22m
#132 348.3 @plane/propel:build: [34mℹ[39m [2mdist/[22mcollapsible/index.d.ts.map            [2m  0.95 kB[22m [2m│ gzip:   0.44 kB[22m
#132 348.3 @plane/propel:build: [34mℹ[39m [2mdist/[22mcontext-menu/index.d.ts.map           [2m  0.94 kB[22m [2m│ gzip:   0.40 kB[22m
#132 348.3 @plane/propel:build: [34mℹ[39m [2mdist/[22mcommand/index.d.ts.map                [2m  0.93 kB[22m [2m│ gzip:   0.39 kB[22m
#132 348.3 @plane/propel:build: [34mℹ[39m [2mdist/[22mhelper-CUL9FYX-.d.ts.map              [2m  0.76 kB[22m [2m│ gzip:   0.37 kB[22m
#132 348.3 @plane/propel:build: [34mℹ[39m [2mdist/[22mcard/index.d.ts.map                   [2m  0.69 kB[22m [2m│ gzip:   0.38 kB[22m
#132 348.3 @plane/propel:build: [34mℹ[39m [2mdist/[22mskeleton/index.d.ts.map               [2m  0.63 kB[22m [2m│ gzip:   0.31 kB[22m
#132 348.3 @plane/propel:build: [34mℹ[39m [2mdist/[22mscrollarea/index.d.ts.map             [2m  0.60 kB[22m [2m│ gzip:   0.33 kB[22m
#132 348.3 @plane/propel:build: [34mℹ[39m [2mdist/[22mbanner/index.d.ts.map                 [2m  0.59 kB[22m [2m│ gzip:   0.31 kB[22m
#132 348.3 @plane/propel:build: [34mℹ[39m [2mdist/[22mpopover/index.d.ts.map                [2m  0.58 kB[22m [2m│ gzip:   0.32 kB[22m
#132 348.3 @plane/propel:build: [34mℹ[39m [2mdist/[22mspinners/index.d.ts.map               [2m  0.57 kB[22m [2m│ gzip:   0.28 kB[22m
#132 348.3 @plane/propel:build: [34mℹ[39m [2mdist/[22mbutton/index.d.ts.map                 [2m  0.52 kB[22m [2m│ gzip:   0.24 kB[22m
#132 348.3 @plane/propel:build: [34mℹ[39m [2mdist/[22mtab-navigation/index.d.ts.map         [2m  0.52 kB[22m [2m│ gzip:   0.28 kB[22m
#132 348.3 @plane/propel:build: [34mℹ[39m [2mdist/[22mplacement-qJjmdCXt.d.ts.map           [2m  0.49 kB[22m [2m│ gzip:   0.26 kB[22m
#132 348.3 @plane/propel:build: [34mℹ[39m [2mdist/[22mswitch/index.d.ts.map                 [2m  0.48 kB[22m [2m│ gzip:   0.25 kB[22m
#132 348.3 @plane/propel:build: [34mℹ[39m [2mdist/[22mtooltip/index.d.ts.map                [2m  0.40 kB[22m [2m│ gzip:   0.26 kB[22m
#132 348.3 @plane/propel:build: [34mℹ[39m [2mdist/[22manimated-counter/index.d.ts.map       [2m  0.38 kB[22m [2m│ gzip:   0.22 kB[22m
#132 348.3 @plane/propel:build: [34mℹ[39m [2mdist/[22minput/index.d.ts.map                  [2m  0.35 kB[22m [2m│ gzip:   0.21 kB[22m
#132 348.3 @plane/propel:build: [34mℹ[39m [2mdist/[22mavatar/index.d.ts.map                 [2m  0.34 kB[22m [2m│ gzip:   0.22 kB[22m
#132 348.3 @plane/propel:build: [34mℹ[39m [2mdist/[22mcharts/scatter-chart/index.d.ts.map   [2m  0.32 kB[22m [2m│ gzip:   0.20 kB[22m
#132 348.3 @plane/propel:build: [34mℹ[39m [2mdist/[22mcharts/bar-chart/index.d.ts.map       [2m  0.32 kB[22m [2m│ gzip:   0.20 kB[22m
#132 348.3 @plane/propel:build: [34mℹ[39m [2mdist/[22mcharts/pie-chart/index.d.ts.map       [2m  0.32 kB[22m [2m│ gzip:   0.20 kB[22m
#132 348.3 @plane/propel:build: [34mℹ[39m [2mdist/[22mcharts/area-chart/index.d.ts.map      [2m  0.31 kB[22m [2m│ gzip:   0.20 kB[22m
#132 348.3 @plane/propel:build: [34mℹ[39m [2mdist/[22mcharts/line-chart/index.d.ts.map      [2m  0.31 kB[22m [2m│ gzip:   0.20 kB[22m
#132 348.3 @plane/propel:build: [34mℹ[39m [2mdist/[22mcalendar/index.d.ts.map               [2m  0.29 kB[22m [2m│ gzip:   0.21 kB[22m
#132 348.3 @plane/propel:build: [34mℹ[39m [2mdist/[22mcharts/radar-chart/index.d.ts.map     [2m  0.27 kB[22m [2m│ gzip:   0.18 kB[22m
#132 348.3 @plane/propel:build: [34mℹ[39m [2mdist/[22mcharts/tree-map/index.d.ts.map        [2m  0.16 kB[22m [2m│ gzip:   0.14 kB[22m
#132 348.3 @plane/propel:build: [34mℹ[39m [2mdist/[22mutils/index.d.ts.map                  [2m  0.14 kB[22m [2m│ gzip:   0.13 kB[22m
#132 348.3 @plane/propel:build: [34mℹ[39m [2mdist/[22mutils-MPqvUdqq.js                     [2m  0.00 kB[22m [2m│ gzip:   0.02 kB[22m
#132 348.3 @plane/propel:build: [34mℹ[39m [2mdist/[22m[32m[1mempty-state/index.d.ts[22m[39m                [2m 14.64 kB[22m [2m│ gzip:   2.17 kB[22m
#132 348.3 @plane/propel:build: [34mℹ[39m [2mdist/[22m[32m[1micons/index.d.ts[22m[39m                      [2m  6.31 kB[22m [2m│ gzip:   1.89 kB[22m
#132 348.3 @plane/propel:build: [34mℹ[39m [2mdist/[22m[32m[1memoji-icon-picker/index.d.ts[22m[39m          [2m  4.14 kB[22m [2m│ gzip:   1.41 kB[22m
#132 348.3 @plane/propel:build: [34mℹ[39m [2mdist/[22m[32m[1mportal/index.d.ts[22m[39m                     [2m  3.97 kB[22m [2m│ gzip:   1.42 kB[22m
#132 348.3 @plane/propel:build: [34mℹ[39m [2mdist/[22m[32m[1mcombobox/index.d.ts[22m[39m                   [2m  2.23 kB[22m [2m│ gzip:   0.74 kB[22m
#132 348.3 @plane/propel:build: [34mℹ[39m [2mdist/[22m[32m[1memoji-reaction/index.d.ts[22m[39m             [2m  2.20 kB[22m [2m│ gzip:   0.67 kB[22m
#132 348.3 @plane/propel:build: [34mℹ[39m [2mdist/[22m[32m[1mtabs/index.d.ts[22m[39m                       [2m  2.03 kB[22m [2m│ gzip:   0.45 kB[22m
#132 348.3 @plane/propel:build: [34mℹ[39m [2mdist/[22m[32m[1mtable/index.d.ts[22m[39m                      [2m  1.95 kB[22m [2m│ gzip:   0.37 kB[22m
#132 348.3 @plane/propel:build: [34mℹ[39m [2mdist/[22m[32m[1mcontext-menu/index.d.ts[22m[39m               [2m  1.95 kB[22m [2m│ gzip:   0.53 kB[22m
#132 348.3 @plane/propel:build: [34mℹ[39m [2mdist/[22m[32m[1mmenu/index.d.ts[22m[39m                       [2m  1.83 kB[22m [2m│ gzip:   0.74 kB[22m
#132 348.3 @plane/propel:build: [34mℹ[39m [2mdist/[22m[32m[1mtoolbar/index.d.ts[22m[39m                    [2m  1.80 kB[22m [2m│ gzip:   0.54 kB[22m
#132 348.3 @plane/propel:build: [34mℹ[39m [2mdist/[22m[32m[1mtoast/index.d.ts[22m[39m                      [2m  1.79 kB[22m [2m│ gzip:   0.62 kB[22m
#132 348.3 @plane/propel:build: [34mℹ[39m [2mdist/[22m[32m[1mbadge/index.d.ts[22m[39m                      [2m  1.61 kB[22m [2m│ gzip:   0.55 kB[22m
#132 348.3 @plane/propel:build: [34mℹ[39m [2mdist/[22m[32m[1maccordion/index.d.ts[22m[39m                  [2m  1.48 kB[22m [2m│ gzip:   0.45 kB[22m
#132 348.3 @plane/propel:build: [34mℹ[39m [2mdist/[22m[32m[1mdialog/index.d.ts[22m[39m                     [2m  1.39 kB[22m [2m│ gzip:   0.52 kB[22m
#132 348.3 @plane/propel:build: [34mℹ[39m [2mdist/[22m[32m[1mtab-navigation/index.d.ts[22m[39m             [2m  1.27 kB[22m [2m│ gzip:   0.47 kB[22m
#132 348.3 @plane/propel:build: [34mℹ[39m [2mdist/[22m[32m[1micon-button/index.d.ts[22m[39m                [2m  1.26 kB[22m [2m│ gzip:   0.55 kB[22m
#132 348.3 @plane/propel:build: [34mℹ[39m [2mdist/[22m[32m[1mbanner/index.d.ts[22m[39m                     [2m  1.22 kB[22m [2m│ gzip:   0.61 kB[22m
#132 348.3 @plane/propel:build: [34mℹ[39m [2mdist/[22m[32m[1mavatar/index.d.ts[22m[39m                     [2m  1.21 kB[22m [2m│ gzip:   0.53 kB[22m
#132 348.3 @plane/propel:build: [34mℹ[39m [2mdist/[22m[32m[1mcard/index.d.ts[22m[39m                       [2m  1.11 kB[22m [2m│ gzip:   0.56 kB[22m
#132 348.3 @plane/propel:build: [34mℹ[39m [2mdist/[22m[32m[1mpill/index.d.ts[22m[39m                       [2m  1.05 kB[22m [2m│ gzip:   0.52 kB[22m
#132 348.3 @plane/propel:build: [34mℹ[39m [2mdist/[22m[32m[1mbutton/index.d.ts[22m[39m                     [2m  1.05 kB[22m [2m│ gzip:   0.49 kB[22m
#132 348.3 @plane/propel:build: [34mℹ[39m [2mdist/[22m[32m[1mcollapsible/index.d.ts[22m[39m                [2m  0.96 kB[22m [2m│ gzip:   0.39 kB[22m
#132 348.3 @plane/propel:build: [34mℹ[39m [2mdist/[22m[32m[1mcommand/index.d.ts[22m[39m                    [2m  0.95 kB[22m [2m│ gzip:   0.31 kB[22m
#132 348.3 @plane/propel:build: [34mℹ[39m [2mdist/[22m[32m[1mscrollarea/index.d.ts[22m[39m                 [2m  0.90 kB[22m [2m│ gzip:   0.41 kB[22m
#132 348.3 @plane/propel:build: [34mℹ[39m [2mdist/[22m[32m[1mpopover/index.d.ts[22m[39m                    [2m  0.84 kB[22m [2m│ gzip:   0.44 kB[22m
#132 348.3 @plane/propel:build: [34mℹ[39m [2mdist/[22m[32m[1mspinners/index.d.ts[22m[39m                   [2m  0.75 kB[22m [2m│ gzip:   0.30 kB[22m
#132 348.3 @plane/propel:build: [34mℹ[39m [2mdist/[22m[32m[1mskeleton/index.d.ts[22m[39m                   [2m  0.75 kB[22m [2m│ gzip:   0.32 kB[22m
#132 348.3 @plane/propel:build: [34mℹ[39m [2mdist/[22m[32m[1mtooltip/index.d.ts[22m[39m                    [2m  0.68 kB[22m [2m│ gzip:   0.39 kB[22m
#132 348.3 @plane/propel:build: [34mℹ[39m [2mdist/[22m[32m[1manimated-counter/index.d.ts[22m[39m           [2m  0.56 kB[22m [2m│ gzip:   0.35 kB[22m
#132 348.3 @plane/propel:build: [34mℹ[39m [2mdist/[22m[32m[1mswitch/index.d.ts[22m[39m                     [2m  0.52 kB[22m [2m│ gzip:   0.31 kB[22m
#132 348.3 @plane/propel:build: [34mℹ[39m [2mdist/[22m[32m[1mutils/index.d.ts[22m[39m                      [2m  0.45 kB[22m [2m│ gzip:   0.28 kB[22m
#132 348.3 @plane/propel:build: [34mℹ[39m [2mdist/[22m[32m[1minput/index.d.ts[22m[39m                      [2m  0.45 kB[22m [2m│ gzip:   0.29 kB[22m
#132 348.3 @plane/propel:build: [34mℹ[39m [2mdist/[22m[32m[1mcalendar/index.d.ts[22m[39m                   [2m  0.42 kB[22m [2m│ gzip:   0.28 kB[22m
#132 348.3 @plane/propel:build: [34mℹ[39m [2mdist/[22m[32m[1mcharts/scatter-chart/index.d.ts[22m[39m       [2m  0.35 kB[22m [2m│ gzip:   0.24 kB[22m
#132 348.3 @plane/propel:build: [34mℹ[39m [2mdist/[22m[32m[1mcharts/area-chart/index.d.ts[22m[39m          [2m  0.33 kB[22m [2m│ gzip:   0.24 kB[22m
#132 348.3 @plane/propel:build: [34mℹ[39m [2mdist/[22m[32m[1mcharts/line-chart/index.d.ts[22m[39m          [2m  0.33 kB[22m [2m│ gzip:   0.24 kB[22m
#132 348.3 @plane/propel:build: [34mℹ[39m [2mdist/[22m[32m[1mcharts/bar-chart/index.d.ts[22m[39m           [2m  0.33 kB[22m [2m│ gzip:   0.24 kB[22m
#132 348.3 @plane/propel:build: [34mℹ[39m [2mdist/[22m[32m[1mcharts/pie-chart/index.d.ts[22m[39m           [2m  0.33 kB[22m [2m│ gzip:   0.23 kB[22m
#132 348.3 @plane/propel:build: [34mℹ[39m [2mdist/[22m[32m[1mcharts/radar-chart/index.d.ts[22m[39m         [2m  0.31 kB[22m [2m│ gzip:   0.22 kB[22m
#132 348.3 @plane/propel:build: [34mℹ[39m [2mdist/[22m[32m[1mcharts/tree-map/index.d.ts[22m[39m            [2m  0.27 kB[22m [2m│ gzip:   0.19 kB[22m
#132 348.3 @plane/propel:build: [34mℹ[39m [2mdist/[22m[32mindex-BUyOAoiw.d.ts[39m                   [2m 35.59 kB[22m [2m│ gzip:   5.29 kB[22m
#132 348.3 @plane/propel:build: [34mℹ[39m [2mdist/[22m[32mhelper-CUL9FYX-.d.ts[39m                  [2m  1.03 kB[22m [2m│ gzip:   0.50 kB[22m
#132 348.3 @plane/propel:build: [34mℹ[39m [2mdist/[22m[32mplacement-qJjmdCXt.d.ts[39m               [2m  0.75 kB[22m [2m│ gzip:   0.40 kB[22m
#132 348.3 @plane/propel:build: [34mℹ[39m 187 files, total: 2971.60 kB
#132 350.8 @plane/propel:build: [32m✔[39m Build complete in [32m87515ms[39m
#132 351.4 @plane/ui:build: cache miss, executing dd707f6971172f2d
#132 356.7 @plane/ui:build: $ tsdown
#132 357.6 @plane/ui:build: [34mℹ[39m tsdown [2mv0.16.0[22m powered by rolldown [2mv1.0.0-beta.46[22m
#132 358.6 @plane/ui:build: [34mℹ[39m Using tsdown config: [4m/app/packages/ui/tsdown.config.ts[24m
#132 358.7 @plane/ui:build: [34mℹ[39m entry: [34msrc/index.ts[39m
#132 358.7 @plane/ui:build: [34mℹ[39m tsconfig: [34mtsconfig.json[39m
#132 358.7 @plane/ui:build: [34mℹ[39m Build start
#132 ...

#134 [live installer 12/12] RUN pnpm turbo run build --filter=live
#134 356.8 @plane/propel:build: ✔ Build complete in 89834ms
#134 357.5 @plane/ui:build: cache miss, executing 118192097a23f98f
#134 ...

#133 [admin installer 8/8] RUN pnpm turbo run build --filter=admin
#133 365.4 admin:build: [2Kadmin:build: transforming...✓ 197 modules transformed.
#133 365.7 admin:build: rendering chunks...
#133 366.2 admin:build: 
#133 366.2 admin:build: [32m✓[39m 33 assets cleaned from React Router server build.
#133 366.2 admin:build: [2mbuild/client/assets/globals-C3o653-Q.css[22m
#133 366.2 admin:build: [2mbuild/client/assets/apple-touch-icon-BmADsVmV.png[22m
#133 366.2 admin:build: [2mbuild/client/assets/favicon-16x16-B_Opgp1K.png[22m
#133 366.2 admin:build: [2mbuild/client/assets/favicon-32x32-cfWXc3P9.png[22m
#133 366.2 admin:build: [2mbuild/client/assets/favicon-DJlV-mcI.ico[22m
#133 366.2 admin:build: [2mbuild/client/assets/logo-spinner-dark-Cc1AqekO.gif[22m
#133 366.2 admin:build: [2mbuild/client/assets/logo-spinner-light-DmBc4A-4.gif[22m
#133 366.2 admin:build: [2mbuild/client/assets/inter-latin-wght-normal-Dx4kXJAl.woff2[22m
#133 366.2 admin:build: [2mbuild/client/assets/inter-cyrillic-ext-wght-normal-BOeWTOD4.woff2[22m
#133 366.2 admin:build: [2mbuild/client/assets/inter-cyrillic-wght-normal-DqGufNeO.woff2[22m
#133 366.2 admin:build: [2mbuild/client/assets/inter-greek-ext-wght-normal-DlzME5K_.woff2[22m
#133 366.2 admin:build: [2mbuild/client/assets/inter-greek-wght-normal-CkhJZR-_.woff2[22m
#133 366.2 admin:build: [2mbuild/client/assets/inter-vietnamese-wght-normal-CBcvBZtf.woff2[22m
#133 366.2 admin:build: [2mbuild/client/assets/inter-latin-ext-wght-normal-DO1Apj_S.woff2[22m
#133 366.2 admin:build: [2mbuild/client/assets/material-symbols-rounded-latin-100-normal-StOoOijZ.woff2[22m
#133 366.2 admin:build: [2mbuild/client/assets/material-symbols-rounded-latin-100-normal-CyR9BGN8.woff[22m
#133 366.2 admin:build: [2mbuild/client/assets/material-symbols-rounded-latin-200-normal-Dy_97ylg.woff2[22m
#133 366.2 admin:build: [2mbuild/client/assets/material-symbols-rounded-latin-200-normal-B9_93z2O.woff[22m
#133 366.2 admin:build: [2mbuild/client/assets/material-symbols-rounded-latin-300-normal-CGYRw1-j.woff2[22m
#133 366.2 admin:build: [2mbuild/client/assets/material-symbols-rounded-latin-300-normal-CexQLkYr.woff[22m
#133 366.2 admin:build: [2mbuild/client/assets/material-symbols-rounded-latin-400-normal-BVRwnNJJ.woff2[22m
#133 366.2 admin:build: [2mbuild/client/assets/material-symbols-rounded-latin-400-normal-3TtrvaAx.woff[22m
#133 366.2 admin:build: [2mbuild/client/assets/ibm-plex-mono-cyrillic-ext-400-normal-xuaO2J-f.woff2[22m
#133 366.2 admin:build: [2mbuild/client/assets/ibm-plex-mono-cyrillic-ext-400-normal-DMdlQ8Kv.woff[22m
#133 366.2 admin:build: [2mbuild/client/assets/ibm-plex-mono-cyrillic-400-normal-BSMlKf0J.woff2[22m
#133 366.2 admin:build: [2mbuild/client/assets/ibm-plex-mono-cyrillic-400-normal-CEL4l2ZJ.woff[22m
#133 366.2 admin:build: [2mbuild/client/assets/ibm-plex-mono-vietnamese-400-normal-BulugwFq.woff2[22m
#133 366.2 admin:build: [2mbuild/client/assets/ibm-plex-mono-vietnamese-400-normal-DDuiU_S-.woff[22m
#133 366.2 admin:build: [2mbuild/client/assets/ibm-plex-mono-latin-ext-400-normal-BmRBH3aV.woff2[22m
#133 366.2 admin:build: [2mbuild/client/assets/ibm-plex-mono-latin-ext-400-normal-D3D2R8hC.woff[22m
#133 366.2 admin:build: [2mbuild/client/assets/ibm-plex-mono-latin-400-normal-DMJ8VG8y.woff2[22m
#133 366.2 admin:build: [2mbuild/client/assets/ibm-plex-mono-latin-400-normal-CvHOgSBP.woff[22m
#133 366.2 admin:build: [2mbuild/server/assets/server-build-CUojeknF.css[22m
#133 366.2 admin:build: 
#133 366.2 admin:build: computing gzip size...
#133 366.2 admin:build: build/server/assets/favicon-16x16-B_Opgp1K.png                                  0.46 kB
#133 366.2 admin:build: build/server/assets/favicon-32x32-cfWXc3P9.png                                  0.76 kB
#133 366.2 admin:build: build/server/assets/ibm-plex-mono-vietnamese-400-normal-DDuiU_S-.woff           5.62 kB
#133 366.2 admin:build: build/server/assets/ibm-plex-mono-cyrillic-ext-400-normal-DMdlQ8Kv.woff         5.82 kB
#133 366.2 admin:build: build/server/assets/ibm-plex-mono-vietnamese-400-normal-BulugwFq.woff2          5.86 kB
#133 366.2 admin:build: build/server/assets/apple-touch-icon-BmADsVmV.png                               6.29 kB
#133 366.2 admin:build: build/server/assets/ibm-plex-mono-cyrillic-ext-400-normal-xuaO2J-f.woff2        6.91 kB
#133 366.2 admin:build: build/server/assets/ibm-plex-mono-cyrillic-400-normal-CEL4l2ZJ.woff             7.20 kB
#133 366.2 admin:build: build/server/assets/ibm-plex-mono-cyrillic-400-normal-BSMlKf0J.woff2            8.35 kB
#133 366.2 admin:build: build/server/assets/inter-vietnamese-wght-normal-CBcvBZtf.woff2                10.25 kB
#133 366.2 admin:build: build/server/assets/inter-greek-ext-wght-normal-DlzME5K_.woff2                 11.23 kB
#133 366.2 admin:build: build/server/assets/ibm-plex-mono-latin-ext-400-normal-D3D2R8hC.woff           11.76 kB
#133 366.2 admin:build: build/server/assets/ibm-plex-mono-latin-400-normal-CvHOgSBP.woff               13.14 kB
#133 366.2 admin:build: build/server/.vite/manifest.json                                               13.17 kB │ gzip:   1.17 kB
#133 366.2 admin:build: build/server/assets/ibm-plex-mono-latin-ext-400-normal-BmRBH3aV.woff2          13.34 kB
#133 366.2 admin:build: build/server/assets/ibm-plex-mono-latin-400-normal-DMJ8VG8y.woff2              14.70 kB
#133 366.2 admin:build: build/server/assets/favicon-DJlV-mcI.ico                                       15.40 kB
#133 366.2 admin:build: build/server/assets/inter-cyrillic-wght-normal-DqGufNeO.woff2                  18.74 kB
#133 366.2 admin:build: build/server/assets/inter-greek-wght-normal-CkhJZR-_.woff2                     18.99 kB
#133 366.2 admin:build: build/server/assets/inter-cyrillic-ext-wght-normal-BOeWTOD4.woff2              25.96 kB
#133 366.2 admin:build: build/server/assets/inter-latin-wght-normal-Dx4kXJAl.woff2                     48.25 kB
#133 366.2 admin:build: build/server/assets/inter-latin-ext-wght-normal-DO1Apj_S.woff2                 85.06 kB
#133 366.2 admin:build: build/server/assets/material-symbols-rounded-latin-400-normal-BVRwnNJJ.woff2  348.77 kB
#133 366.2 admin:build: build/server/assets/material-symbols-rounded-latin-100-normal-StOoOijZ.woff2  363.56 kB
#133 366.2 admin:build: build/server/assets/material-symbols-rounded-latin-300-normal-CGYRw1-j.woff2  388.05 kB
#133 366.2 admin:build: build/server/assets/material-symbols-rounded-latin-200-normal-Dy_97ylg.woff2  389.09 kB
#133 366.2 admin:build: build/server/assets/logo-spinner-light-DmBc4A-4.gif                           427.96 kB
#133 366.2 admin:build: build/server/assets/material-symbols-rounded-latin-400-normal-3TtrvaAx.woff   454.56 kB
#133 366.2 admin:build: build/server/assets/material-symbols-rounded-latin-100-normal-CyR9BGN8.woff   485.69 kB
#133 366.2 admin:build: build/server/assets/material-symbols-rounded-latin-300-normal-CexQLkYr.woff   506.70 kB
#133 366.2 admin:build: build/server/assets/material-symbols-rounded-latin-200-normal-B9_93z2O.woff   507.90 kB
#133 366.2 admin:build: build/server/assets/logo-spinner-dark-Cc1AqekO.gif                            976.39 kB
#133 366.2 admin:build: build/server/assets/server-build-CUojeknF.css                                   7.43 kB │ gzip:   1.56 kB
#133 366.2 admin:build: build/server/assets/globals-C3o653-Q.css                                      170.03 kB │ gzip:  24.64 kB
#133 366.2 admin:build: build/server/index.js                                                         575.13 kB │ gzip: 112.04 kB
#133 366.2 admin:build: 
#133 366.3 admin:build: [33m[33m[PLUGIN_TIMINGS] [0mYour build spent significant time in plugins. Here is a breakdown:
#133 366.3 admin:build:   - react-router:virtual-modules (23%)
#133 366.3 admin:build:   - react-router:route-chunks-index (16%)
#133 366.3 admin:build:   - react-router:hmr-runtime (14%)
#133 366.3 admin:build:   - react-router:inject-hmr-runtime (9%)
#133 366.3 admin:build:   - vite:css (8%)
#133 366.3 admin:build: See https://rolldown.rs/options/checks#plugintimings for more details.
#133 366.3 admin:build: [39m
#133 366.3 admin:build: [32m✓ built in 15.53s[39m
#133 ...

#134 [live installer 12/12] RUN pnpm turbo run build --filter=live
#134 362.8 @plane/ui:build: $ tsdown
#134 363.8 @plane/ui:build: ℹ tsdown v0.16.0 powered by rolldown v1.0.0-beta.46
#134 364.8 @plane/ui:build: ℹ Using tsdown config: /app/packages/ui/tsdown.config.ts
#134 364.9 @plane/ui:build: ℹ entry: src/index.ts
#134 364.9 @plane/ui:build: ℹ tsconfig: tsconfig.json
#134 364.9 @plane/ui:build: ℹ Build start
#134 ...

#129 [web installer 12/12] RUN pnpm turbo run build --filter=web --force     && printf '%s\n' "2a9fc2a5ac5555b12dc0d1d585941f6c50e4112fa7dc489934f6970767d442e9" > /app/apps/web/build/client/deployment-source.txt
#129 375.7 @plane/shared-state:build: ℹ dist/index.js        39.80 kB │ gzip:  8.31 kB
#129 375.7 @plane/shared-state:build: ℹ dist/index.js.map    82.77 kB │ gzip: 17.20 kB
#129 375.7 @plane/shared-state:build: ℹ dist/index.d.ts.map   9.10 kB │ gzip:  3.48 kB
#129 375.7 @plane/shared-state:build: ℹ dist/index.d.ts      21.30 kB │ gzip:  4.29 kB
#129 375.7 @plane/shared-state:build: ℹ 4 files, total: 152.97 kB
#129 375.8 @plane/shared-state:build: ✔ Build complete in 73230ms
#129 ...

#133 [admin installer 8/8] RUN pnpm turbo run build --filter=admin
#133 385.5 admin:build: Error: Prerender: Request failed for /god-mode/: The operation was aborted due to timeout
#133 385.5 admin:build:     at defaultHandleError (file:///app/node_modules/.pnpm/@react-router+dev@8.3.0_@react-router+serve@8.3.0_react-router@8.3.0_react-dom@19.2.8_r_9854e2c15c95b8451927322c02cc1058/node_modules/@react-router/dev/dist/vite.js:887:8)
#133 385.5 admin:build:     at attempt (file:///app/node_modules/.pnpm/@react-router+dev@8.3.0_@react-router+serve@8.3.0_react-router@8.3.0_react-dom@19.2.8_r_9854e2c15c95b8451927322c02cc1058/node_modules/@react-router/dev/dist/vite.js:835:11)
#133 385.5 admin:build:     at process.processTicksAndRejections (node:internal/process/task_queues:103:5)
#133 385.5 admin:build:     at async prerender (file:///app/node_modules/.pnpm/@react-router+dev@8.3.0_@react-router+serve@8.3.0_react-router@8.3.0_react-dom@19.2.8_r_9854e2c15c95b8451927322c02cc1058/node_modules/@react-router/dev/dist/vite.js:842:64)
#133 385.5 admin:build:     at async default.concurrency.concurrency (file:///app/node_modules/.pnpm/@react-router+dev@8.3.0_@react-router+serve@8.3.0_react-router@8.3.0_react-dom@19.2.8_r_9854e2c15c95b8451927322c02cc1058/node_modules/@react-router/dev/dist/vite.js:859:9)
#133 385.5 admin:build:     at async file:///app/node_modules/.pnpm/p-map@7.0.6/node_modules/p-map/index.js:122:20
#133 387.5 admin:build: [ELIFECYCLE] Command failed with exit code 1.
#133 388.0 admin#build:  ERROR  command (/app/apps/admin) /usr/local/bin/pnpm run build exited (1)
#133 388.0 
#133 388.0  Tasks:    5 successful, 6 total
#133 388.0 Cached:    0 cached, 6 total
#133 388.0   Time:    6m21.79s 
#133 388.0 Failed:    admin#build
#133 388.0 
#133 388.2  ERROR  run failed: command  exited (1)
#133 ERROR: process "/bin/sh -c pnpm turbo run build --filter=admin" did not complete successfully: exit code: 1

#130 [admin caddy-builder 2/2] RUN xcaddy build     --with github.com/mholt/caddy-ratelimit
#130 CANCELED

#129 [web installer 12/12] RUN pnpm turbo run build --filter=web --force     && printf '%s\n' "2a9fc2a5ac5555b12dc0d1d585941f6c50e4112fa7dc489934f6970767d442e9" > /app/apps/web/build/client/deployment-source.txt
#129 ...

#134 [live installer 12/12] RUN pnpm turbo run build --filter=live
#134 CANCELED

#129 [web installer 12/12] RUN pnpm turbo run build --filter=web --force     && printf '%s\n' "2a9fc2a5ac5555b12dc0d1d585941f6c50e4112fa7dc489934f6970767d442e9" > /app/apps/web/build/client/deployment-source.txt
#129 CANCELED

#132 [space installer 8/8] RUN pnpm turbo run build --filter=space
#132 CANCELED
------
 > [admin installer 8/8] RUN pnpm turbo run build --filter=admin:
385.5 admin:build:     at async file:///app/node_modules/.pnpm/p-map@7.0.6/node_modules/p-map/index.js:122:20
387.5 admin:build: [ELIFECYCLE] Command failed with exit code 1.
388.0 admin#build:  ERROR  command (/app/apps/admin) /usr/local/bin/pnpm run build exited (1)
388.0 
388.0  Tasks:    5 successful, 6 total
388.0 Cached:    0 cached, 6 total
388.0   Time:    6m21.79s 
388.0 Failed:    admin#build
388.0 
388.2  ERROR  run failed: command  exited (1)
------
Dockerfile.admin:74

--------------------

  72 |     

  73 |     # Build only the admin package

  74 | >>> RUN pnpm turbo run build --filter=admin

  75 |     

  76 |     # *****************************************************************************

--------------------

target admin: failed to solve: process "/bin/sh -c pnpm turbo run build --filter=admin" did not complete successfully: exit code: 1

NAME                     IMAGE                                                                     COMMAND                  SERVICE       CREATED         STATUS                   PORTS
admin                    sha256:eb6c9ad747e44a4d15e63a59821b028c71558892352a4ba0a1f2dfe8cd36b9d1   "caddy run --config …"   admin         7 days ago      Up 7 days (healthy)      80/tcp, 443/tcp, 2019/tcp, 3000/tcp, 443/udp
api                      sha256:4b1737bda1b48165f5c86a10e4bb417f1c4baed27eb2d47b9e9c4fa9689bd164   "./bin/docker-entryp…"   api           4 days ago      Up 4 days                8000/tcp
beatworker               sha256:73398b249bf7878945c8baab524d8661ee6cc7d6bbcfdf927a680c4615df7ee0   "./bin/docker-entryp…"   beat-worker   4 days ago      Up 4 days                8000/tcp
bgworker                 sha256:63fa5e76ac54f38d183ef4bd2b19b85654160df13ca7f185ab49db35781a7c5a   "./bin/docker-entryp…"   worker        4 days ago      Up 4 days                8000/tcp
copilot                  sha256:270482ae4a63ec4dc2d0e930ae7e4c3acd8d26cb20532dd7ec1ccd80ea53bfbf   "docker-entrypoint.s…"   copilot       33 hours ago    Up 33 hours (healthy)    8200/tcp
plane-db                 postgres:15.7-alpine                                                      "docker-entrypoint.s…"   plane-db      5 days ago      Up 5 days                5432/tcp
plane-live               sha256:da6c350f5b48ff3ffbb0b249b48aa304bee1e6be93a27b5b22b8ca8c63e9f48a   "docker-entrypoint.s…"   live          4 days ago      Up 4 days                3000/tcp
plane-minio              minio/minio                                                               "/usr/bin/docker-ent…"   plane-minio   13 days ago     Up 7 days                9000/tcp
plane-mq                 rabbitmq:3.13.6-management-alpine                                         "docker-entrypoint.s…"   plane-mq      13 days ago     Up 7 days                4369/tcp, 5671-5672/tcp, 15671-15672/tcp, 15691-15692/tcp, 25672/tcp
plane-redis              valkey/valkey:7.2.11-alpine                                               "docker-entrypoint.s…"   plane-redis   13 days ago     Up 7 days                6379/tcp
proxy                    sha256:54e1640e1bf3479d92bd001971a0b308672d2970109332ae3744a90407044c5c   "caddy run --config …"   proxy         5 days ago      Up 5 days                0.0.0.0:80->80/tcp, [::]:80->80/tcp, 0.0.0.0:443->443/tcp, [::]:443->443/tcp, 443/udp, 2019/tcp
space                    sha256:7178d0c8b646618f8c9a518c71aed1ba7cce0e4fa8354b92b299b61607d69db0   "docker-entrypoint.s…"   space         4 days ago      Up 4 days (healthy)      3000/tcp
ten-fold-plane-grist-1   gristlabs/grist:1.7.16                                                    "./sandbox/docker_en…"   grist         7 minutes ago   Up 7 minutes (healthy)   8484/tcp
web                      ten-fold-plane-web                                                        "caddy run --config …"   web           33 hours ago    Up 33 hours (healthy)    80/tcp, 443/tcp, 2019/tcp, 3000/tcp, 443/udp
{"Status":"healthy","FailingStreak":0,"Log":[{"Start":"2026-09-18T09:00:19.448737863Z","End":"2026-09-18T09:00:20.331960166Z","ExitCode":0,"Output":""},{"Start":"2026-09-18T09:00:35.336907463Z","End":"2026-09-18T09:00:36.232628572Z","ExitCode":0,"Output":""},{"Start":"2026-09-18T09:00:51.247378243Z","End":"2026-09-18T09:00:52.028629455Z","ExitCode":0,"Output":""},{"Start":"2026-09-18T09:01:07.03848518Z","End":"2026-09-18T09:01:07.692925085Z","ExitCode":0,"Output":""},{"Start":"2026-09-18T09:01:22.701933825Z","End":"2026-09-18T09:01:23.086021806Z","ExitCode":0,"Output":""}]}
space  | GET /spaces/ 200 - - 141.203 ms
space  | GET /spaces/ 200 - - 20.447 ms
space  | GET /spaces/ 200 - - 24.065 ms
space  | GET /spaces/ 200 - - 7.247 ms
space  | GET /spaces/ 200 - - 36.902 ms
space  | GET /spaces/ 200 - - 13.585 ms
space  | GET /spaces/ 200 - - 12.844 ms
space  | GET /spaces/ 200 - - 60.268 ms
space  | GET /spaces/ 200 - - 11.073 ms
space  | GET /spaces/ 200 - - 5.756 ms
space  | GET /spaces/ 200 - - 15.954 ms
space  | GET /spaces/ 200 - - 3.578 ms
space  | GET /spaces/ 200 - - 3.587 ms
space  | GET /spaces/ 200 - - 4.688 ms
space  | GET /spaces/ 200 - - 2.116 ms
space  | GET /spaces/ 200 - - 5.404 ms
space  | GET /spaces/ 200 - - 3.288 ms
space  | GET /spaces/ 200 - - 4.533 ms
space  | GET /spaces/ 200 - - 16.915 ms
space  | GET /spaces/ 200 - - 3.302 ms
space  | GET /spaces/ 200 - - 5.131 ms
space  | GET /spaces/ 200 - - 4.256 ms
space  | GET /spaces/ 200 - - 3.395 ms
space  | GET /spaces/ 200 - - 13.422 ms
space  | GET /spaces/ 200 - - 4.498 ms
space  | GET /spaces/ 200 - - 3.499 ms
space  | GET /spaces/ 200 - - 4.228 ms
space  | GET /spaces/ 200 - - 3.241 ms
space  | GET /spaces/ 200 - - 4.798 ms
space  | GET /spaces/ 200 - - 4.453 ms
space  | GET /spaces/ 200 - - 4.054 ms
space  | GET /spaces/ 200 - - 3.340 ms
space  | GET /spaces/ 200 - - 3.263 ms
space  | GET /spaces/ 200 - - 9.928 ms
space  | GET /spaces/ 200 - - 6.911 ms
space  | GET /spaces/ 200 - - 3.352 ms
space  | GET /spaces/ 200 - - 3.803 ms
space  | GET /spaces/ 200 - - 3.593 ms
space  | GET /spaces/ 200 - - 3.322 ms
space  | GET /spaces/ 200 - - 4.741 ms
space  | GET /spaces/ 200 - - 2.812 ms
space  | GET /spaces/ 200 - - 2.717 ms
space  | GET /spaces/ 200 - - 3.149 ms
space  | GET /spaces/ 200 - - 2.866 ms
space  | GET /spaces/ 200 - - 2.959 ms
space  | GET /spaces/ 200 - - 3.058 ms
space  | GET /spaces/ 200 - - 4.188 ms
space  | GET /spaces/ 200 - - 2.852 ms
space  | GET /spaces/ 200 - - 4.155 ms
space  | GET /spaces/ 200 - - 2.785 ms
space  | GET /spaces/ 200 - - 2.403 ms
space  | GET /spaces/ 200 - - 4.026 ms
space  | GET /spaces/ 200 - - 3.543 ms
space  | GET /spaces/ 200 - - 3.206 ms
space  | GET /spaces/ 200 - - 3.952 ms
space  | GET /spaces/ 200 - - 3.248 ms
space  | GET /spaces/ 200 - - 2.725 ms
space  | GET /spaces/ 200 - - 4.196 ms
space  | GET /spaces/ 200 - - 3.257 ms
space  | GET /spaces/ 200 - - 2.374 ms
space  | GET /spaces/ 200 - - 4.189 ms
space  | GET /spaces/ 200 - - 15.560 ms
space  | GET /spaces/ 200 - - 2.624 ms
space  | GET /spaces/ 200 - - 3.480 ms
space  | GET /spaces/ 200 - - 3.130 ms
space  | GET /spaces/ 200 - - 2.832 ms
space  | GET /spaces/ 200 - - 9.222 ms
space  | GET /spaces/ 200 - - 2.707 ms
space  | GET /spaces/ 200 - - 2.878 ms
space  | GET /spaces/ 200 - - 4.375 ms
space  | GET /spaces/ 200 - - 2.537 ms
space  | GET /spaces/ 200 - - 2.637 ms
space  | GET /spaces/ 200 - - 3.540 ms
space  | GET /spaces/ 200 - - 2.485 ms
space  | GET /spaces/ 200 - - 2.726 ms
space  | GET /spaces/ 200 - - 4.247 ms
space  | GET /spaces/ 200 - - 2.305 ms
space  | GET /spaces/ 200 - - 2.741 ms
space  | GET /spaces/ 200 - - 3.146 ms
space  | GET /spaces/ 200 - - 16.918 ms
space  | GET /spaces/ 200 - - 2.801 ms
space  | GET /spaces/ 200 - - 2.564 ms
space  | GET /spaces/ 200 - - 3.492 ms
space  | GET /spaces/ 200 - - 2.665 ms
space  | GET /spaces/ 200 - - 3.576 ms
space  | GET /spaces/ 200 - - 3.480 ms
space  | GET /spaces/ 200 - - 2.373 ms
space  | GET /spaces/ 200 - - 18.556 ms
space  | GET /spaces/ 200 - - 28.610 ms
space  | GET /spaces/ 200 - - 70.836 ms
space  | GET /spaces/ 200 - - 45.229 ms
space  | GET /spaces/ 200 - - 72.237 ms
space  | GET /spaces/ 200 - - 22.450 ms
space  | GET /spaces/ 200 - - 47.026 ms
space  | GET /spaces/ 200 - - 75.418 ms
space  | GET /spaces/ 200 - - 16.925 ms
space  | GET /spaces/ 200 - - 27.299 ms
space  | GET /spaces/ 200 - - 761.352 ms
space  | GET /spaces/ 200 - - 32.780 ms
space  | GET /spaces/ 200 - - 51.898 ms
proxy  | {"level":"info","ts":1789259317.1326776,"msg":"maxprocs: Leaving GOMAXPROCS=2: CPU quota undefined"}
proxy  | {"level":"info","ts":1789259317.1327143,"msg":"GOMEMLIMIT is updated","GOMEMLIMIT":3695486976,"previous":9223372036854775807}
proxy  | {"level":"info","ts":1789259317.1327205,"msg":"using config from file","file":"/etc/caddy/Caddyfile"}
proxy  | {"level":"info","ts":1789259317.1327245,"msg":"adapted config to JSON","adapter":"caddyfile"}
proxy  | {"level":"warn","ts":1789259317.1327279,"msg":"Caddyfile input is not formatted; run 'caddy fmt --overwrite' to fix inconsistencies","adapter":"caddyfile","file":"/etc/caddy/Caddyfile","line":6}
proxy  | {"level":"info","ts":1789259317.1346722,"logger":"admin","msg":"admin endpoint started","address":"localhost:2019","enforce_origin":false,"origins":["//127.0.0.1:2019","//localhost:2019","//[::1]:2019"]}
proxy  | {"level":"info","ts":1789259317.1354845,"logger":"tls.cache.maintenance","msg":"started background certificate maintenance","cache":"0x3bb9f6fbc80"}
proxy  | {"level":"warn","ts":1789259317.1378953,"logger":"tls","msg":"stapling OCSP","error":"no OCSP stapling for [cloudflare origin certificate *.ten-fold.co ten-fold.co]: no URL to issuing certificate"}
proxy  | {"level":"info","ts":1789259317.138153,"logger":"http.auto_https","msg":"skipping automatic certificate management because one or more matching certificates are already loaded","domain":"ten-fold.co","server_name":"srv0"}
proxy  | {"level":"info","ts":1789259317.1381795,"logger":"http.auto_https","msg":"enabling automatic HTTP->HTTPS redirects","server_name":"srv0"}
proxy  | {"level":"info","ts":1789259317.1437297,"logger":"http","msg":"enabling HTTP/3 listener","addr":":443"}
proxy  | {"level":"info","ts":1789259317.1442597,"msg":"failed to sufficiently increase receive buffer size (was: 208 kiB, wanted: 7168 kiB, got: 416 kiB). See https://github.com/quic-go/quic-go/wiki/UDP-Buffer-Sizes for details."}
proxy  | {"level":"info","ts":1789259317.144544,"logger":"http.log","msg":"server running","name":"srv0","protocols":["h1","h2","h3"]}
proxy  | {"level":"warn","ts":1789259317.144675,"logger":"http","msg":"HTTP/2 skipped because it requires TLS","network":"tcp","addr":":80"}
proxy  | {"level":"warn","ts":1789259317.1446834,"logger":"http","msg":"HTTP/3 skipped because it requires TLS","network":"tcp","addr":":80"}
proxy  | {"level":"info","ts":1789259317.144687,"logger":"http.log","msg":"server running","name":"remaining_auto_https_redirects","protocols":["h1","h2","h3"]}
proxy  | {"level":"info","ts":1789259317.1460361,"msg":"autosaved config (load with --resume flag)","file":"/config/caddy/autosave.json"}
proxy  | {"level":"info","ts":1789259317.1460636,"msg":"serving initial configuration"}
proxy  | {"level":"info","ts":1789259317.1492035,"logger":"tls","msg":"storage cleaning happened too recently; skipping for now","storage":"FileStorage:/data/caddy","instance":"77e55490-db37-484a-94c1-2ea34d0898a3","try_again":1789345717.1491992,"try_again_in":86399.999999075}
proxy  | {"level":"info","ts":1789259317.1493917,"logger":"tls","msg":"finished cleaning storage units"}
proxy  | {"level":"info","ts":1789345717.1564126,"logger":"tls","msg":"cleaning storage unit","storage":"FileStorage:/data/caddy"}
proxy  | {"level":"info","ts":1789345717.1636028,"logger":"tls","msg":"finished cleaning storage units"}
proxy  | {"level":"info","ts":1789432117.1488166,"logger":"tls","msg":"storage cleaning happened too recently; skipping for now","storage":"FileStorage:/data/caddy","instance":"77e55490-db37-484a-94c1-2ea34d0898a3","try_again":1789518517.148811,"try_again_in":86399.999999234}
proxy  | {"level":"info","ts":1789432117.1493468,"logger":"tls","msg":"finished cleaning storage units"}
proxy  | {"level":"info","ts":1789518517.1491954,"logger":"tls","msg":"cleaning storage unit","storage":"FileStorage:/data/caddy"}
proxy  | {"level":"info","ts":1789518517.1523867,"logger":"tls","msg":"finished cleaning storage units"}
proxy  | {"level":"info","ts":1789604917.152057,"logger":"tls","msg":"cleaning storage unit","storage":"FileStorage:/data/caddy"}
proxy  | {"level":"info","ts":1789604917.1560147,"logger":"tls","msg":"finished cleaning storage units"}
proxy  | {"level":"info","ts":1789691317.150005,"logger":"tls","msg":"storage cleaning happened too recently; skipping for now","storage":"FileStorage:/data/caddy","instance":"77e55490-db37-484a-94c1-2ea34d0898a3","try_again":1789777717.15,"try_again_in":86399.999998995}
proxy  | {"level":"info","ts":1789691317.150906,"logger":"tls","msg":"finished cleaning storage units"}
grist-1  | gvisor check ok (flags: -unprivileged -ignore-cgroups)
grist-1  | 2026-09-18 08:53:54.001 - [32minfo[39m: Loading config file from /persist/config.json
grist-1  | 2026-09-18 08:53:54.016 - [34mdebug[39m: 3-pipe Sandbox started sandboxPid=65, flavor=gvisor, command=undefined, entryPoint=(default)
grist-1  | 2026-09-18 08:53:54.255 - [32minfo[39m: Sandbox stderr: run.py: sandbox/gvisor/run.py -E PYTHONPATH=/grist/sandbox/grist -E PIPE_MODE=minimal -m /grist/sandbox --checkpoint /tmp/engine__grist python3 -- /grist/sandbox/grist/main.py sandboxPid=65, flavor=gvisor, command=undefined, entryPoint=(default)
grist-1  | 2026-09-18 08:53:56.707 - [32minfo[39m: Sandbox stderr: Ready message: [INFO] [__main__] Ready sandboxPid=65, flavor=gvisor, command=undefined, entryPoint=(default)
grist-1  | 2026-09-18 08:54:00.964 - [32minfo[39m: Loading config file from /persist/config.json
grist-1  | Welcome to Grist.
grist-1  | In quiet mode, see http://localhost:8484 to use.
grist-1  | For full logs, re-run with DEBUG=1
grist-1  | 2026-09-18 08:54:02.778 - [32minfo[39m: RestartShell: starting
grist-1  | 2026-09-18 08:54:02.794 - [32minfo[39m: RestartShell: listening on port 8484
grist-1  | 2026-09-18 08:54:02.795 - [32minfo[39m: RestartShell: spawning child
grist-1  | Welcome to Grist.
grist-1  | In quiet mode, see http://localhost:8484 to use.
grist-1  | For full logs, re-run with DEBUG=1
grist-1  | ┌────────────────────────────────────────┐
grist-1  | │                                        │
grist-1  | │   BOOT KEY: 68b0a44fbef6c1fa2fb5bc7f   │
grist-1  | │                                        │
grist-1  | │   Use this key at /boot to sign in.    │
grist-1  | │                                        │
grist-1  | └────────────────────────────────────────┘
grist-1  | 2026-09-18 08:54:07.993 - [32minfo[39m: RestartShell: child ready
api      | {"levelname": "INFO", "asctime": "2026-09-18 05:38:22,279", "module": "logger", "name": "plane.api.request", "message": "GET /api/workspaces/brune4ai/projects/8fd2a982-478c-479c-aeac-820e97299186/project-members/me/ 200", "path": "/api/workspaces/brune4ai/projects/8fd2a982-478c-479c-aeac-820e97299186/project-members/me/", "method": "GET", "status_code": 200, "duration_ms": 105, "remote_addr": "119.160.190.240", "user_agent": "Mozilla/5.0 (Windows NT 10.0; Win64; x64) AppleWebKit/537.36 (KHTML, like Gecko) Chrome/153.0.0.0 Safari/537.36 Edg/153.0.0.0", "user_id": "57ff78ef-f40f-4d8d-bca3-7e302fe916ca"}
api      | {"levelname": "INFO", "asctime": "2026-09-18 05:38:22,317", "module": "logger", "name": "plane.api.request", "message": "GET /api/workspaces/brune4ai/users/notifications/unread/ 200", "path": "/api/workspaces/brune4ai/users/notifications/unread/", "method": "GET", "status_code": 200, "duration_ms": 134, "remote_addr": "119.160.190.240", "user_agent": "Mozilla/5.0 (Windows NT 10.0; Win64; x64) AppleWebKit/537.36 (KHTML, like Gecko) Chrome/153.0.0.0 Safari/537.36 Edg/153.0.0.0", "user_id": "57ff78ef-f40f-4d8d-bca3-7e302fe916ca"}
api      | {"levelname": "INFO", "asctime": "2026-09-18 05:38:22,410", "module": "logger", "name": "plane.api.request", "message": "GET /api/workspaces/brune4ai/projects/8fd2a982-478c-479c-aeac-820e97299186/ 200", "path": "/api/workspaces/brune4ai/projects/8fd2a982-478c-479c-aeac-820e97299186/", "method": "GET", "status_code": 200, "duration_ms": 239, "remote_addr": "119.160.190.240", "user_agent": "Mozilla/5.0 (Windows NT 10.0; Win64; x64) AppleWebKit/537.36 (KHTML, like Gecko) Chrome/153.0.0.0 Safari/537.36 Edg/153.0.0.0", "user_id": "57ff78ef-f40f-4d8d-bca3-7e302fe916ca"}
api      | {"levelname": "INFO", "asctime": "2026-09-18 05:39:16,857", "module": "logger", "name": "plane.api.request", "message": "GET /api/users/me/copilot-identity/ 200", "path": "/api/users/me/copilot-identity/", "method": "GET", "status_code": 200, "duration_ms": 47, "remote_addr": "119.160.190.240", "user_agent": "Mozilla/5.0 (Windows NT 10.0; Win64; x64) AppleWebKit/537.36 (KHTML, like Gecko) Chrome/153.0.0.0 Safari/537.36 Edg/153.0.0.0", "user_id": "57ff78ef-f40f-4d8d-bca3-7e302fe916ca"}
api      | {"levelname": "INFO", "asctime": "2026-09-18 05:40:25,434", "module": "logger", "name": "plane.api.request", "message": "GET /api/workspaces/brune4ai/users/notifications/unread/ 200", "path": "/api/workspaces/brune4ai/users/notifications/unread/", "method": "GET", "status_code": 200, "duration_ms": 133, "remote_addr": "119.160.190.240", "user_agent": "Mozilla/5.0 (Windows NT 10.0; Win64; x64) AppleWebKit/537.36 (KHTML, like Gecko) Chrome/153.0.0.0 Safari/537.36 Edg/153.0.0.0", "user_id": "57ff78ef-f40f-4d8d-bca3-7e302fe916ca"}
api      | {"levelname": "INFO", "asctime": "2026-09-18 05:40:25,474", "module": "logger", "name": "plane.api.request", "message": "GET /api/workspaces/brune4ai/projects/8fd2a982-478c-479c-aeac-820e97299186/project-members/me/ 200", "path": "/api/workspaces/brune4ai/projects/8fd2a982-478c-479c-aeac-820e97299186/project-members/me/", "method": "GET", "status_code": 200, "duration_ms": 176, "remote_addr": "119.160.190.240", "user_agent": "Mozilla/5.0 (Windows NT 10.0; Win64; x64) AppleWebKit/537.36 (KHTML, like Gecko) Chrome/153.0.0.0 Safari/537.36 Edg/153.0.0.0", "user_id": "57ff78ef-f40f-4d8d-bca3-7e302fe916ca"}
api      | {"levelname": "INFO", "asctime": "2026-09-18 05:40:25,558", "module": "logger", "name": "plane.api.request", "message": "GET /api/workspaces/brune4ai/projects/8fd2a982-478c-479c-aeac-820e97299186/ 200", "path": "/api/workspaces/brune4ai/projects/8fd2a982-478c-479c-aeac-820e97299186/", "method": "GET", "status_code": 200, "duration_ms": 270, "remote_addr": "119.160.190.240", "user_agent": "Mozilla/5.0 (Windows NT 10.0; Win64; x64) AppleWebKit/537.36 (KHTML, like Gecko) Chrome/153.0.0.0 Safari/537.36 Edg/153.0.0.0", "user_id": "57ff78ef-f40f-4d8d-bca3-7e302fe916ca"}
api      | {"levelname": "INFO", "asctime": "2026-09-18 05:40:42,851", "module": "logger", "name": "plane.api.request", "message": "GET /api/workspaces/brune4ai/projects/8fd2a982-478c-479c-aeac-820e97299186/project-members/me/ 200", "path": "/api/workspaces/brune4ai/projects/8fd2a982-478c-479c-aeac-820e97299186/project-members/me/", "method": "GET", "status_code": 200, "duration_ms": 130, "remote_addr": "119.160.190.240", "user_agent": "Mozilla/5.0 (Windows NT 10.0; Win64; x64) AppleWebKit/537.36 (KHTML, like Gecko) Chrome/153.0.0.0 Safari/537.36 Edg/153.0.0.0", "user_id": "57ff78ef-f40f-4d8d-bca3-7e302fe916ca"}
api      | {"levelname": "INFO", "asctime": "2026-09-18 05:40:42,900", "module": "logger", "name": "plane.api.request", "message": "GET /api/workspaces/brune4ai/users/notifications/unread/ 200", "path": "/api/workspaces/brune4ai/users/notifications/unread/", "method": "GET", "status_code": 200, "duration_ms": 123, "remote_addr": "119.160.190.240", "user_agent": "Mozilla/5.0 (Windows NT 10.0; Win64; x64) AppleWebKit/537.36 (KHTML, like Gecko) Chrome/153.0.0.0 Safari/537.36 Edg/153.0.0.0", "user_id": "57ff78ef-f40f-4d8d-bca3-7e302fe916ca"}
api      | {"levelname": "INFO", "asctime": "2026-09-18 05:40:43,014", "module": "logger", "name": "plane.api.request", "message": "GET /api/workspaces/brune4ai/projects/8fd2a982-478c-479c-aeac-820e97299186/ 200", "path": "/api/workspaces/brune4ai/projects/8fd2a982-478c-479c-aeac-820e97299186/", "method": "GET", "status_code": 200, "duration_ms": 241, "remote_addr": "119.160.190.240", "user_agent": "Mozilla/5.0 (Windows NT 10.0; Win64; x64) AppleWebKit/537.36 (KHTML, like Gecko) Chrome/153.0.0.0 Safari/537.36 Edg/153.0.0.0", "user_id": "57ff78ef-f40f-4d8d-bca3-7e302fe916ca"}
api      | {"levelname": "INFO", "asctime": "2026-09-18 05:41:19,554", "module": "logger", "name": "plane.api.request", "message": "GET /api/workspaces/brune4ai/projects/8fd2a982-478c-479c-aeac-820e97299186/project-members/me/ 200", "path": "/api/workspaces/brune4ai/projects/8fd2a982-478c-479c-aeac-820e97299186/project-members/me/", "method": "GET", "status_code": 200, "duration_ms": 133, "remote_addr": "119.160.190.240", "user_agent": "Mozilla/5.0 (Windows NT 10.0; Win64; x64) AppleWebKit/537.36 (KHTML, like Gecko) Chrome/153.0.0.0 Safari/537.36 Edg/153.0.0.0", "user_id": "57ff78ef-f40f-4d8d-bca3-7e302fe916ca"}
api      | {"levelname": "INFO", "asctime": "2026-09-18 05:41:19,572", "module": "logger", "name": "plane.api.request", "message": "GET /api/workspaces/brune4ai/users/notifications/unread/ 200", "path": "/api/workspaces/brune4ai/users/notifications/unread/", "method": "GET", "status_code": 200, "duration_ms": 135, "remote_addr": "119.160.190.240", "user_agent": "Mozilla/5.0 (Windows NT 10.0; Win64; x64) AppleWebKit/537.36 (KHTML, like Gecko) Chrome/153.0.0.0 Safari/537.36 Edg/153.0.0.0", "user_id": "57ff78ef-f40f-4d8d-bca3-7e302fe916ca"}
api      | {"levelname": "INFO", "asctime": "2026-09-18 05:41:19,693", "module": "logger", "name": "plane.api.request", "message": "GET /api/workspaces/brune4ai/projects/8fd2a982-478c-479c-aeac-820e97299186/ 200", "path": "/api/workspaces/brune4ai/projects/8fd2a982-478c-479c-aeac-820e97299186/", "method": "GET", "status_code": 200, "duration_ms": 273, "remote_addr": "119.160.190.240", "user_agent": "Mozilla/5.0 (Windows NT 10.0; Win64; x64) AppleWebKit/537.36 (KHTML, like Gecko) Chrome/153.0.0.0 Safari/537.36 Edg/153.0.0.0", "user_id": "57ff78ef-f40f-4d8d-bca3-7e302fe916ca"}
api      | {"levelname": "INFO", "asctime": "2026-09-18 05:43:04,006", "module": "logger", "name": "plane.api.request", "message": "GET /api/workspaces/brune4ai/users/notifications/unread/ 200", "path": "/api/workspaces/brune4ai/users/notifications/unread/", "method": "GET", "status_code": 200, "duration_ms": 123, "remote_addr": "119.160.190.240", "user_agent": "Mozilla/5.0 (Windows NT 10.0; Win64; x64) AppleWebKit/537.36 (KHTML, like Gecko) Chrome/153.0.0.0 Safari/537.36 Edg/153.0.0.0", "user_id": "57ff78ef-f40f-4d8d-bca3-7e302fe916ca"}
api      | {"levelname": "INFO", "asctime": "2026-09-18 05:43:04,050", "module": "logger", "name": "plane.api.request", "message": "GET /api/workspaces/brune4ai/projects/8fd2a982-478c-479c-aeac-820e97299186/project-members/me/ 200", "path": "/api/workspaces/brune4ai/projects/8fd2a982-478c-479c-aeac-820e97299186/project-members/me/", "method": "GET", "status_code": 200, "duration_ms": 159, "remote_addr": "119.160.190.240", "user_agent": "Mozilla/5.0 (Windows NT 10.0; Win64; x64) AppleWebKit/537.36 (KHTML, like Gecko) Chrome/153.0.0.0 Safari/537.36 Edg/153.0.0.0", "user_id": "57ff78ef-f40f-4d8d-bca3-7e302fe916ca"}
api      | {"levelname": "INFO", "asctime": "2026-09-18 05:43:04,156", "module": "logger", "name": "plane.api.request", "message": "GET /api/workspaces/brune4ai/projects/8fd2a982-478c-479c-aeac-820e97299186/ 200", "path": "/api/workspaces/brune4ai/projects/8fd2a982-478c-479c-aeac-820e97299186/", "method": "GET", "status_code": 200, "duration_ms": 264, "remote_addr": "119.160.190.240", "user_agent": "Mozilla/5.0 (Windows NT 10.0; Win64; x64) AppleWebKit/537.36 (KHTML, like Gecko) Chrome/153.0.0.0 Safari/537.36 Edg/153.0.0.0", "user_id": "57ff78ef-f40f-4d8d-bca3-7e302fe916ca"}
api      | {"levelname": "INFO", "asctime": "2026-09-18 05:43:48,683", "module": "logger", "name": "plane.api.request", "message": "GET /api/users/me/copilot-identity/ 200", "path": "/api/users/me/copilot-identity/", "method": "GET", "status_code": 200, "duration_ms": 48, "remote_addr": "119.160.190.240", "user_agent": "Mozilla/5.0 (Windows NT 10.0; Win64; x64) AppleWebKit/537.36 (KHTML, like Gecko) Chrome/153.0.0.0 Safari/537.36 Edg/153.0.0.0", "user_id": "57ff78ef-f40f-4d8d-bca3-7e302fe916ca"}
api      | {"levelname": "INFO", "asctime": "2026-09-18 05:48:20,589", "module": "logger", "name": "plane.api.request", "message": "GET /api/users/me/copilot-identity/ 200", "path": "/api/users/me/copilot-identity/", "method": "GET", "status_code": 200, "duration_ms": 50, "remote_addr": "119.160.190.240", "user_agent": "Mozilla/5.0 (Windows NT 10.0; Win64; x64) AppleWebKit/537.36 (KHTML, like Gecko) Chrome/153.0.0.0 Safari/537.36 Edg/153.0.0.0", "user_id": "57ff78ef-f40f-4d8d-bca3-7e302fe916ca"}
api      | {"levelname": "INFO", "asctime": "2026-09-18 05:48:56,128", "module": "logger", "name": "plane.api.request", "message": "GET /api/workspaces/brune4ai/projects/8fd2a982-478c-479c-aeac-820e97299186/project-members/me/ 200", "path": "/api/workspaces/brune4ai/projects/8fd2a982-478c-479c-aeac-820e97299186/project-members/me/", "method": "GET", "status_code": 200, "duration_ms": 138, "remote_addr": "119.160.190.240", "user_agent": "Mozilla/5.0 (Windows NT 10.0; Win64; x64) AppleWebKit/537.36 (KHTML, like Gecko) Chrome/153.0.0.0 Safari/537.36 Edg/153.0.0.0", "user_id": "57ff78ef-f40f-4d8d-bca3-7e302fe916ca"}
api      | {"levelname": "INFO", "asctime": "2026-09-18 05:48:56,131", "module": "logger", "name": "plane.api.request", "message": "GET /api/workspaces/brune4ai/users/notifications/unread/ 200", "path": "/api/workspaces/brune4ai/users/notifications/unread/", "method": "GET", "status_code": 200, "duration_ms": 140, "remote_addr": "119.160.190.240", "user_agent": "Mozilla/5.0 (Windows NT 10.0; Win64; x64) AppleWebKit/537.36 (KHTML, like Gecko) Chrome/153.0.0.0 Safari/537.36 Edg/153.0.0.0", "user_id": "57ff78ef-f40f-4d8d-bca3-7e302fe916ca"}
api      | {"levelname": "INFO", "asctime": "2026-09-18 05:48:56,220", "module": "logger", "name": "plane.api.request", "message": "GET /api/workspaces/brune4ai/projects/8fd2a982-478c-479c-aeac-820e97299186/ 200", "path": "/api/workspaces/brune4ai/projects/8fd2a982-478c-479c-aeac-820e97299186/", "method": "GET", "status_code": 200, "duration_ms": 248, "remote_addr": "119.160.190.240", "user_agent": "Mozilla/5.0 (Windows NT 10.0; Win64; x64) AppleWebKit/537.36 (KHTML, like Gecko) Chrome/153.0.0.0 Safari/537.36 Edg/153.0.0.0", "user_id": "57ff78ef-f40f-4d8d-bca3-7e302fe916ca"}
api      | {"levelname": "INFO", "asctime": "2026-09-18 05:49:26,314", "module": "logger", "name": "plane.api.request", "message": "GET /api/workspaces/brune4ai/users/notifications/unread/ 200", "path": "/api/workspaces/brune4ai/users/notifications/unread/", "method": "GET", "status_code": 200, "duration_ms": 161, "remote_addr": "119.160.190.240", "user_agent": "Mozilla/5.0 (Windows NT 10.0; Win64; x64) AppleWebKit/537.36 (KHTML, like Gecko) Chrome/153.0.0.0 Safari/537.36 Edg/153.0.0.0", "user_id": "57ff78ef-f40f-4d8d-bca3-7e302fe916ca"}
api      | {"levelname": "INFO", "asctime": "2026-09-18 05:49:26,317", "module": "logger", "name": "plane.api.request", "message": "GET /api/workspaces/brune4ai/projects/8fd2a982-478c-479c-aeac-820e97299186/project-members/me/ 200", "path": "/api/workspaces/brune4ai/projects/8fd2a982-478c-479c-aeac-820e97299186/project-members/me/", "method": "GET", "status_code": 200, "duration_ms": 155, "remote_addr": "119.160.190.240", "user_agent": "Mozilla/5.0 (Windows NT 10.0; Win64; x64) AppleWebKit/537.36 (KHTML, like Gecko) Chrome/153.0.0.0 Safari/537.36 Edg/153.0.0.0", "user_id": "57ff78ef-f40f-4d8d-bca3-7e302fe916ca"}
api      | {"levelname": "INFO", "asctime": "2026-09-18 05:49:26,404", "module": "logger", "name": "plane.api.request", "message": "GET /api/workspaces/brune4ai/projects/8fd2a982-478c-479c-aeac-820e97299186/ 200", "path": "/api/workspaces/brune4ai/projects/8fd2a982-478c-479c-aeac-820e97299186/", "method": "GET", "status_code": 200, "duration_ms": 246, "remote_addr": "119.160.190.240", "user_agent": "Mozilla/5.0 (Windows NT 10.0; Win64; x64) AppleWebKit/537.36 (KHTML, like Gecko) Chrome/153.0.0.0 Safari/537.36 Edg/153.0.0.0", "user_id": "57ff78ef-f40f-4d8d-bca3-7e302fe916ca"}
api      | {"levelname": "INFO", "asctime": "2026-09-18 05:52:32,022", "module": "logger", "name": "plane.api.request", "message": "GET /api/workspaces/brune4ai/users/notifications/unread/ 200", "path": "/api/workspaces/brune4ai/users/notifications/unread/", "method": "GET", "status_code": 200, "duration_ms": 118, "remote_addr": "119.160.190.240", "user_agent": "Mozilla/5.0 (Windows NT 10.0; Win64; x64) AppleWebKit/537.36 (KHTML, like Gecko) Chrome/153.0.0.0 Safari/537.36 Edg/153.0.0.0", "user_id": "57ff78ef-f40f-4d8d-bca3-7e302fe916ca"}
api      | {"levelname": "INFO", "asctime": "2026-09-18 05:52:32,059", "module": "logger", "name": "plane.api.request", "message": "GET /api/workspaces/brune4ai/projects/8fd2a982-478c-479c-aeac-820e97299186/project-members/me/ 200", "path": "/api/workspaces/brune4ai/projects/8fd2a982-478c-479c-aeac-820e97299186/project-members/me/", "method": "GET", "status_code": 200, "duration_ms": 158, "remote_addr": "119.160.190.240", "user_agent": "Mozilla/5.0 (Windows NT 10.0; Win64; x64) AppleWebKit/537.36 (KHTML, like Gecko) Chrome/153.0.0.0 Safari/537.36 Edg/153.0.0.0", "user_id": "57ff78ef-f40f-4d8d-bca3-7e302fe916ca"}
api      | {"levelname": "INFO", "asctime": "2026-09-18 05:52:32,183", "module": "logger", "name": "plane.api.request", "message": "GET /api/workspaces/brune4ai/projects/8fd2a982-478c-479c-aeac-820e97299186/ 200", "path": "/api/workspaces/brune4ai/projects/8fd2a982-478c-479c-aeac-820e97299186/", "method": "GET", "status_code": 200, "duration_ms": 274, "remote_addr": "119.160.190.240", "user_agent": "Mozilla/5.0 (Windows NT 10.0; Win64; x64) AppleWebKit/537.36 (KHTML, like Gecko) Chrome/153.0.0.0 Safari/537.36 Edg/153.0.0.0", "user_id": "57ff78ef-f40f-4d8d-bca3-7e302fe916ca"}
api      | {"levelname": "INFO", "asctime": "2026-09-18 05:52:52,564", "module": "logger", "name": "plane.api.request", "message": "GET /api/users/me/copilot-identity/ 200", "path": "/api/users/me/copilot-identity/", "method": "GET", "status_code": 200, "duration_ms": 44, "remote_addr": "119.160.190.240", "user_agent": "Mozilla/5.0 (Windows NT 10.0; Win64; x64) AppleWebKit/537.36 (KHTML, like Gecko) Chrome/153.0.0.0 Safari/537.36 Edg/153.0.0.0", "user_id": "57ff78ef-f40f-4d8d-bca3-7e302fe916ca"}
api      | {"levelname": "INFO", "asctime": "2026-09-18 05:57:24,645", "module": "logger", "name": "plane.api.request", "message": "GET /api/users/me/copilot-identity/ 200", "path": "/api/users/me/copilot-identity/", "method": "GET", "status_code": 200, "duration_ms": 44, "remote_addr": "119.160.190.240", "user_agent": "Mozilla/5.0 (Windows NT 10.0; Win64; x64) AppleWebKit/537.36 (KHTML, like Gecko) Chrome/153.0.0.0 Safari/537.36 Edg/153.0.0.0", "user_id": "57ff78ef-f40f-4d8d-bca3-7e302fe916ca"}
api      | {"levelname": "INFO", "asctime": "2026-09-18 06:01:58,849", "module": "logger", "name": "plane.api.request", "message": "GET /api/users/me/copilot-identity/ 200", "path": "/api/users/me/copilot-identity/", "method": "GET", "status_code": 200, "duration_ms": 1486, "remote_addr": "119.160.190.240", "user_agent": "Mozilla/5.0 (Windows NT 10.0; Win64; x64) AppleWebKit/537.36 (KHTML, like Gecko) Chrome/153.0.0.0 Safari/537.36 Edg/153.0.0.0", "user_id": "57ff78ef-f40f-4d8d-bca3-7e302fe916ca"}
api      | {"levelname": "INFO", "asctime": "2026-09-18 06:02:15,121", "module": "logger", "name": "plane.api.request", "message": "GET /api/workspaces/brune4ai/users/notifications/unread/ 200", "path": "/api/workspaces/brune4ai/users/notifications/unread/", "method": "GET", "status_code": 200, "duration_ms": 1097, "remote_addr": "119.160.190.240", "user_agent": "Mozilla/5.0 (Windows NT 10.0; Win64; x64) AppleWebKit/537.36 (KHTML, like Gecko) Chrome/153.0.0.0 Safari/537.36 Edg/153.0.0.0", "user_id": "57ff78ef-f40f-4d8d-bca3-7e302fe916ca"}
api      | {"levelname": "INFO", "asctime": "2026-09-18 06:02:15,762", "module": "logger", "name": "plane.api.request", "message": "GET /api/workspaces/brune4ai/projects/8fd2a982-478c-479c-aeac-820e97299186/project-members/me/ 200", "path": "/api/workspaces/brune4ai/projects/8fd2a982-478c-479c-aeac-820e97299186/project-members/me/", "method": "GET", "status_code": 200, "duration_ms": 1877, "remote_addr": "119.160.190.240", "user_agent": "Mozilla/5.0 (Windows NT 10.0; Win64; x64) AppleWebKit/537.36 (KHTML, like Gecko) Chrome/153.0.0.0 Safari/537.36 Edg/153.0.0.0", "user_id": "57ff78ef-f40f-4d8d-bca3-7e302fe916ca"}
api      | {"levelname": "INFO", "asctime": "2026-09-18 06:02:18,353", "module": "logger", "name": "plane.api.request", "message": "GET /api/workspaces/brune4ai/projects/8fd2a982-478c-479c-aeac-820e97299186/ 200", "path": "/api/workspaces/brune4ai/projects/8fd2a982-478c-479c-aeac-820e97299186/", "method": "GET", "status_code": 200, "duration_ms": 3647, "remote_addr": "119.160.190.240", "user_agent": "Mozilla/5.0 (Windows NT 10.0; Win64; x64) AppleWebKit/537.36 (KHTML, like Gecko) Chrome/153.0.0.0 Safari/537.36 Edg/153.0.0.0", "user_id": "57ff78ef-f40f-4d8d-bca3-7e302fe916ca"}
api      | {"levelname": "INFO", "asctime": "2026-09-18 06:03:11,942", "module": "logger", "name": "plane.api.request", "message": "GET /api/workspaces/brune4ai/users/notifications/unread/ 200", "path": "/api/workspaces/brune4ai/users/notifications/unread/", "method": "GET", "status_code": 200, "duration_ms": 1022, "remote_addr": "119.160.190.240", "user_agent": "Mozilla/5.0 (Windows NT 10.0; Win64; x64) AppleWebKit/537.36 (KHTML, like Gecko) Chrome/153.0.0.0 Safari/537.36 Edg/153.0.0.0", "user_id": "57ff78ef-f40f-4d8d-bca3-7e302fe916ca"}
api      | {"levelname": "INFO", "asctime": "2026-09-18 06:03:12,160", "module": "logger", "name": "plane.api.request", "message": "GET /api/workspaces/brune4ai/projects/8fd2a982-478c-479c-aeac-820e97299186/project-members/me/ 200", "path": "/api/workspaces/brune4ai/projects/8fd2a982-478c-479c-aeac-820e97299186/project-members/me/", "method": "GET", "status_code": 200, "duration_ms": 1251, "remote_addr": "119.160.190.240", "user_agent": "Mozilla/5.0 (Windows NT 10.0; Win64; x64) AppleWebKit/537.36 (KHTML, like Gecko) Chrome/153.0.0.0 Safari/537.36 Edg/153.0.0.0", "user_id": "57ff78ef-f40f-4d8d-bca3-7e302fe916ca"}
api      | {"levelname": "INFO", "asctime": "2026-09-18 06:03:12,948", "module": "logger", "name": "plane.api.request", "message": "GET /api/workspaces/brune4ai/projects/8fd2a982-478c-479c-aeac-820e97299186/ 200", "path": "/api/workspaces/brune4ai/projects/8fd2a982-478c-479c-aeac-820e97299186/", "method": "GET", "status_code": 200, "duration_ms": 2063, "remote_addr": "119.160.190.240", "user_agent": "Mozilla/5.0 (Windows NT 10.0; Win64; x64) AppleWebKit/537.36 (KHTML, like Gecko) Chrome/153.0.0.0 Safari/537.36 Edg/153.0.0.0", "user_id": "57ff78ef-f40f-4d8d-bca3-7e302fe916ca"}
api      | {"levelname": "INFO", "asctime": "2026-09-18 06:03:14,025", "module": "logger", "name": "plane.api.request", "message": "GET /api/instances/ 200", "path": "/api/instances/", "method": "GET", "status_code": 200, "duration_ms": 445, "remote_addr": "119.160.190.240", "user_agent": "Mozilla/5.0 (Windows NT 10.0; Win64; x64) AppleWebKit/537.36 (KHTML, like Gecko) Chrome/153.0.0.0 Safari/537.36 Edg/153.0.0.0", "user_id": null}
api      | {"levelname": "INFO", "asctime": "2026-09-18 06:03:14,560", "module": "logger", "name": "plane.api.request", "message": "GET /api/users/me/ 200", "path": "/api/users/me/", "method": "GET", "status_code": 200, "duration_ms": 293, "remote_addr": "119.160.190.240", "user_agent": "Mozilla/5.0 (Windows NT 10.0; Win64; x64) AppleWebKit/537.36 (KHTML, like Gecko) Chrome/153.0.0.0 Safari/537.36 Edg/153.0.0.0", "user_id": "57ff78ef-f40f-4d8d-bca3-7e302fe916ca"}
api      | {"levelname": "INFO", "asctime": "2026-09-18 06:03:15,521", "module": "logger", "name": "plane.api.request", "message": "GET /api/users/me/profile/ 200", "path": "/api/users/me/profile/", "method": "GET", "status_code": 200, "duration_ms": 644, "remote_addr": "119.160.190.240", "user_agent": "Mozilla/5.0 (Windows NT 10.0; Win64; x64) AppleWebKit/537.36 (KHTML, like Gecko) Chrome/153.0.0.0 Safari/537.36 Edg/153.0.0.0", "user_id": "57ff78ef-f40f-4d8d-bca3-7e302fe916ca"}
api      | {"levelname": "INFO", "asctime": "2026-09-18 06:03:15,605", "module": "logger", "name": "plane.api.request", "message": "GET /api/users/me/workspaces/ 200", "path": "/api/users/me/workspaces/", "method": "GET", "status_code": 200, "duration_ms": 859, "remote_addr": "119.160.190.240", "user_agent": "Mozilla/5.0 (Windows NT 10.0; Win64; x64) AppleWebKit/537.36 (KHTML, like Gecko) Chrome/153.0.0.0 Safari/537.36 Edg/153.0.0.0", "user_id": "57ff78ef-f40f-4d8d-bca3-7e302fe916ca"}
api      | {"levelname": "INFO", "asctime": "2026-09-18 06:03:15,680", "module": "logger", "name": "plane.api.request", "message": "GET /api/users/me/settings/ 200", "path": "/api/users/me/settings/", "method": "GET", "status_code": 200, "duration_ms": 817, "remote_addr": "119.160.190.240", "user_agent": "Mozilla/5.0 (Windows NT 10.0; Win64; x64) AppleWebKit/537.36 (KHTML, like Gecko) Chrome/153.0.0.0 Safari/537.36 Edg/153.0.0.0", "user_id": "57ff78ef-f40f-4d8d-bca3-7e302fe916ca"}
api      | {"levelname": "INFO", "asctime": "2026-09-18 06:03:17,510", "module": "logger", "name": "plane.api.request", "message": "GET /api/workspaces/brune4ai/user-properties/ 200", "path": "/api/workspaces/brune4ai/user-properties/", "method": "GET", "status_code": 200, "duration_ms": 1168, "remote_addr": "119.160.190.240", "user_agent": "Mozilla/5.0 (Windows NT 10.0; Win64; x64) AppleWebKit/537.36 (KHTML, like Gecko) Chrome/153.0.0.0 Safari/537.36 Edg/153.0.0.0", "user_id": "57ff78ef-f40f-4d8d-bca3-7e302fe916ca"}
api      | {"levelname": "INFO", "asctime": "2026-09-18 06:03:17,584", "module": "logger", "name": "plane.api.request", "message": "GET /api/workspaces/brune4ai/members/ 200", "path": "/api/workspaces/brune4ai/members/", "method": "GET", "status_code": 200, "duration_ms": 1234, "remote_addr": "119.160.190.240", "user_agent": "Mozilla/5.0 (Windows NT 10.0; Win64; x64) AppleWebKit/537.36 (KHTML, like Gecko) Chrome/153.0.0.0 Safari/537.36 Edg/153.0.0.0", "user_id": "57ff78ef-f40f-4d8d-bca3-7e302fe916ca"}
api      | {"levelname": "INFO", "asctime": "2026-09-18 06:03:17,668", "module": "logger", "name": "plane.api.request", "message": "GET /api/workspaces/brune4ai/projects/ 200", "path": "/api/workspaces/brune4ai/projects/", "method": "GET", "status_code": 200, "duration_ms": 1497, "remote_addr": "119.160.190.240", "user_agent": "Mozilla/5.0 (Windows NT 10.0; Win64; x64) AppleWebKit/537.36 (KHTML, like Gecko) Chrome/153.0.0.0 Safari/537.36 Edg/153.0.0.0", "user_id": "57ff78ef-f40f-4d8d-bca3-7e302fe916ca"}
api      | {"levelname": "INFO", "asctime": "2026-09-18 06:03:17,739", "module": "logger", "name": "plane.api.request", "message": "GET /api/users/me/workspaces/brune4ai/project-roles/ 200", "path": "/api/users/me/workspaces/brune4ai/project-roles/", "method": "GET", "status_code": 200, "duration_ms": 1515, "remote_addr": "119.160.190.240", "user_agent": "Mozilla/5.0 (Windows NT 10.0; Win64; x64) AppleWebKit/537.36 (KHTML, like Gecko) Chrome/153.0.0.0 Safari/537.36 Edg/153.0.0.0", "user_id": "57ff78ef-f40f-4d8d-bca3-7e302fe916ca"}
api      | {"levelname": "INFO", "asctime": "2026-09-18 06:03:17,918", "module": "logger", "name": "plane.api.request", "message": "GET /api/workspaces/brune4ai/workspace-members/me/ 200", "path": "/api/workspaces/brune4ai/workspace-members/me/", "method": "GET", "status_code": 200, "duration_ms": 1167, "remote_addr": "119.160.190.240", "user_agent": "Mozilla/5.0 (Windows NT 10.0; Win64; x64) AppleWebKit/537.36 (KHTML, like Gecko) Chrome/153.0.0.0 Safari/537.36 Edg/153.0.0.0", "user_id": "57ff78ef-f40f-4d8d-bca3-7e302fe916ca"}
api      | {"levelname": "INFO", "asctime": "2026-09-18 06:03:18,053", "module": "logger", "name": "plane.api.request", "message": "GET /api/workspaces/brune4ai/states/ 200", "path": "/api/workspaces/brune4ai/states/", "method": "GET", "status_code": 200, "duration_ms": 1294, "remote_addr": "119.160.190.240", "user_agent": "Mozilla/5.0 (Windows NT 10.0; Win64; x64) AppleWebKit/537.36 (KHTML, like Gecko) Chrome/153.0.0.0 Safari/537.36 Edg/153.0.0.0", "user_id": "57ff78ef-f40f-4d8d-bca3-7e302fe916ca"}
api      | {"levelname": "INFO", "asctime": "2026-09-18 06:03:18,091", "module": "logger", "name": "plane.api.request", "message": "GET /api/workspaces/brune4ai/sidebar-preferences/ 200", "path": "/api/workspaces/brune4ai/sidebar-preferences/", "method": "GET", "status_code": 200, "duration_ms": 1875, "remote_addr": "119.160.190.240", "user_agent": "Mozilla/5.0 (Windows NT 10.0; Win64; x64) AppleWebKit/537.36 (KHTML, like Gecko) Chrome/153.0.0.0 Safari/537.36 Edg/153.0.0.0", "user_id": "57ff78ef-f40f-4d8d-bca3-7e302fe916ca"}
api      | {"levelname": "INFO", "asctime": "2026-09-18 06:03:19,322", "module": "logger", "name": "plane.api.request", "message": "GET /api/users/me/copilot-identity/ 200", "path": "/api/users/me/copilot-identity/", "method": "GET", "status_code": 200, "duration_ms": 1056, "remote_addr": "119.160.190.240", "user_agent": "Mozilla/5.0 (Windows NT 10.0; Win64; x64) AppleWebKit/537.36 (KHTML, like Gecko) Chrome/153.0.0.0 Safari/537.36 Edg/153.0.0.0", "user_id": "57ff78ef-f40f-4d8d-bca3-7e302fe916ca"}
api      | {"levelname": "INFO", "asctime": "2026-09-18 06:03:19,522", "module": "logger", "name": "plane.api.request", "message": "GET /api/workspaces/brune4ai/users/notifications/unread/ 200", "path": "/api/workspaces/brune4ai/users/notifications/unread/", "method": "GET", "status_code": 200, "duration_ms": 1277, "remote_addr": "119.160.190.240", "user_agent": "Mozilla/5.0 (Windows NT 10.0; Win64; x64) AppleWebKit/537.36 (KHTML, like Gecko) Chrome/153.0.0.0 Safari/537.36 Edg/153.0.0.0", "user_id": "57ff78ef-f40f-4d8d-bca3-7e302fe916ca"}
api      | {"levelname": "INFO", "asctime": "2026-09-18 06:03:19,572", "module": "logger", "name": "plane.api.request", "message": "GET /api/workspaces/brune4ai/user-favorites/?all=true 200", "path": "/api/workspaces/brune4ai/user-favorites/", "method": "GET", "status_code": 200, "duration_ms": 1333, "remote_addr": "119.160.190.240", "user_agent": "Mozilla/5.0 (Windows NT 10.0; Win64; x64) AppleWebKit/537.36 (KHTML, like Gecko) Chrome/153.0.0.0 Safari/537.36 Edg/153.0.0.0", "user_id": "57ff78ef-f40f-4d8d-bca3-7e302fe916ca"}
api      | {"levelname": "INFO", "asctime": "2026-09-18 06:03:19,657", "module": "logger", "name": "plane.api.request", "message": "GET /api/workspaces/brune4ai/home-preferences/ 200", "path": "/api/workspaces/brune4ai/home-preferences/", "method": "GET", "status_code": 200, "duration_ms": 1391, "remote_addr": "119.160.190.240", "user_agent": "Mozilla/5.0 (Windows NT 10.0; Win64; x64) AppleWebKit/537.36 (KHTML, like Gecko) Chrome/153.0.0.0 Safari/537.36 Edg/153.0.0.0", "user_id": "57ff78ef-f40f-4d8d-bca3-7e302fe916ca"}
api      | {"levelname": "INFO", "asctime": "2026-09-18 06:03:20,853", "module": "logger", "name": "plane.api.request", "message": "GET /api/workspaces/brune4ai/quick-links/ 200", "path": "/api/workspaces/brune4ai/quick-links/", "method": "GET", "status_code": 200, "duration_ms": 909, "remote_addr": "119.160.190.240", "user_agent": "Mozilla/5.0 (Windows NT 10.0; Win64; x64) AppleWebKit/537.36 (KHTML, like Gecko) Chrome/153.0.0.0 Safari/537.36 Edg/153.0.0.0", "user_id": "57ff78ef-f40f-4d8d-bca3-7e302fe916ca"}
api      | {"levelname": "INFO", "asctime": "2026-09-18 06:03:20,960", "module": "logger", "name": "plane.api.request", "message": "GET /api/assets/v2/static/c2bac2ce-bc6e-455e-ae8c-57482f392b74/ 302", "path": "/api/assets/v2/static/c2bac2ce-bc6e-455e-ae8c-57482f392b74/", "method": "GET", "status_code": 302, "duration_ms": 2704, "remote_addr": "119.160.190.240", "user_agent": "Mozilla/5.0 (Windows NT 10.0; Win64; x64) AppleWebKit/537.36 (KHTML, like Gecko) Chrome/153.0.0.0 Safari/537.36 Edg/153.0.0.0", "user_id": "57ff78ef-f40f-4d8d-bca3-7e302fe916ca"}
api      | {"levelname": "INFO", "asctime": "2026-09-18 06:03:20,961", "module": "logger", "name": "plane.api.request", "message": "GET /api/assets/v2/static/890225c3-6614-40dd-8550-7e40ae55ad6d/ 302", "path": "/api/assets/v2/static/890225c3-6614-40dd-8550-7e40ae55ad6d/", "method": "GET", "status_code": 302, "duration_ms": 2700, "remote_addr": "119.160.190.240", "user_agent": "Mozilla/5.0 (Windows NT 10.0; Win64; x64) AppleWebKit/537.36 (KHTML, like Gecko) Chrome/153.0.0.0 Safari/537.36 Edg/153.0.0.0", "user_id": "57ff78ef-f40f-4d8d-bca3-7e302fe916ca"}
api      | {"levelname": "INFO", "asctime": "2026-09-18 06:03:21,126", "module": "logger", "name": "plane.api.request", "message": "GET /api/workspaces/brune4ai/stickies/?cursor=30:0:0&per_page=30&query= 200", "path": "/api/workspaces/brune4ai/stickies/", "method": "GET", "status_code": 200, "duration_ms": 1201, "remote_addr": "119.160.190.240", "user_agent": "Mozilla/5.0 (Windows NT 10.0; Win64; x64) AppleWebKit/537.36 (KHTML, like Gecko) Chrome/153.0.0.0 Safari/537.36 Edg/153.0.0.0", "user_id": "57ff78ef-f40f-4d8d-bca3-7e302fe916ca"}
api      | {"levelname": "INFO", "asctime": "2026-09-18 06:03:22,143", "module": "logger", "name": "plane.api.request", "message": "GET /api/workspaces/brune4ai/recent-visits/ 200", "path": "/api/workspaces/brune4ai/recent-visits/", "method": "GET", "status_code": 200, "duration_ms": 2218, "remote_addr": "119.160.190.240", "user_agent": "Mozilla/5.0 (Windows NT 10.0; Win64; x64) AppleWebKit/537.36 (KHTML, like Gecko) Chrome/153.0.0.0 Safari/537.36 Edg/153.0.0.0", "user_id": "57ff78ef-f40f-4d8d-bca3-7e302fe916ca"}
api      | {"levelname": "INFO", "asctime": "2026-09-18 06:03:31,369", "module": "logger", "name": "plane.api.request", "message": "GET /api/workspaces/brune4ai/users/notifications/unread/ 200", "path": "/api/workspaces/brune4ai/users/notifications/unread/", "method": "GET", "status_code": 200, "duration_ms": 290, "remote_addr": "119.160.190.240", "user_agent": "Mozilla/5.0 (Windows NT 10.0; Win64; x64) AppleWebKit/537.36 (KHTML, like Gecko) Chrome/153.0.0.0 Safari/537.36 Edg/153.0.0.0", "user_id": "57ff78ef-f40f-4d8d-bca3-7e302fe916ca"}
api      | {"levelname": "INFO", "asctime": "2026-09-18 06:03:36,016", "module": "logger", "name": "plane.api.request", "message": "GET /api/workspaces/brune4ai/users/notifications/unread/ 200", "path": "/api/workspaces/brune4ai/users/notifications/unread/", "method": "GET", "status_code": 200, "duration_ms": 678, "remote_addr": "119.160.190.240", "user_agent": "Mozilla/5.0 (Windows NT 10.0; Win64; x64) AppleWebKit/537.36 (KHTML, like Gecko) Chrome/153.0.0.0 Safari/537.36 Edg/153.0.0.0", "user_id": "57ff78ef-f40f-4d8d-bca3-7e302fe916ca"}
api      | {"levelname": "INFO", "asctime": "2026-09-18 06:03:36,119", "module": "logger", "name": "plane.api.request", "message": "GET /api/workspaces/brune4ai/projects/8fd2a982-478c-479c-aeac-820e97299186/project-members/me/ 200", "path": "/api/workspaces/brune4ai/projects/8fd2a982-478c-479c-aeac-820e97299186/project-members/me/", "method": "GET", "status_code": 200, "duration_ms": 797, "remote_addr": "119.160.190.240", "user_agent": "Mozilla/5.0 (Windows NT 10.0; Win64; x64) AppleWebKit/537.36 (KHTML, like Gecko) Chrome/153.0.0.0 Safari/537.36 Edg/153.0.0.0", "user_id": "57ff78ef-f40f-4d8d-bca3-7e302fe916ca"}
api      | {"levelname": "INFO", "asctime": "2026-09-18 06:03:36,580", "module": "logger", "name": "plane.api.request", "message": "GET /api/workspaces/brune4ai/projects/8fd2a982-478c-479c-aeac-820e97299186/ 200", "path": "/api/workspaces/brune4ai/projects/8fd2a982-478c-479c-aeac-820e97299186/", "method": "GET", "status_code": 200, "duration_ms": 1278, "remote_addr": "119.160.190.240", "user_agent": "Mozilla/5.0 (Windows NT 10.0; Win64; x64) AppleWebKit/537.36 (KHTML, like Gecko) Chrome/153.0.0.0 Safari/537.36 Edg/153.0.0.0", "user_id": "57ff78ef-f40f-4d8d-bca3-7e302fe916ca"}
api      | {"levelname": "INFO", "asctime": "2026-09-18 06:04:24,733", "module": "logger", "name": "plane.api.request", "message": "GET /api/workspaces/brune4ai/users/notifications/unread/ 200", "path": "/api/workspaces/brune4ai/users/notifications/unread/", "method": "GET", "status_code": 200, "duration_ms": 507, "remote_addr": "119.160.190.240", "user_agent": "Mozilla/5.0 (Windows NT 10.0; Win64; x64) AppleWebKit/537.36 (KHTML, like Gecko) Chrome/153.0.0.0 Safari/537.36 Edg/153.0.0.0", "user_id": "57ff78ef-f40f-4d8d-bca3-7e302fe916ca"}
api      | {"levelname": "INFO", "asctime": "2026-09-18 06:04:25,121", "module": "logger", "name": "plane.api.request", "message": "GET /api/workspaces/brune4ai/projects/8fd2a982-478c-479c-aeac-820e97299186/project-members/me/ 200", "path": "/api/workspaces/brune4ai/projects/8fd2a982-478c-479c-aeac-820e97299186/project-members/me/", "method": "GET", "status_code": 200, "duration_ms": 887, "remote_addr": "119.160.190.240", "user_agent": "Mozilla/5.0 (Windows NT 10.0; Win64; x64) AppleWebKit/537.36 (KHTML, like Gecko) Chrome/153.0.0.0 Safari/537.36 Edg/153.0.0.0", "user_id": "57ff78ef-f40f-4d8d-bca3-7e302fe916ca"}
api      | {"levelname": "INFO", "asctime": "2026-09-18 06:04:25,847", "module": "logger", "name": "plane.api.request", "message": "GET /api/workspaces/brune4ai/projects/8fd2a982-478c-479c-aeac-820e97299186/ 200", "path": "/api/workspaces/brune4ai/projects/8fd2a982-478c-479c-aeac-820e97299186/", "method": "GET", "status_code": 200, "duration_ms": 1648, "remote_addr": "119.160.190.240", "user_agent": "Mozilla/5.0 (Windows NT 10.0; Win64; x64) AppleWebKit/537.36 (KHTML, like Gecko) Chrome/153.0.0.0 Safari/537.36 Edg/153.0.0.0", "user_id": "57ff78ef-f40f-4d8d-bca3-7e302fe916ca"}
api      | {"levelname": "INFO", "asctime": "2026-09-18 06:06:32,461", "module": "logger", "name": "plane.api.request", "message": "GET /api/users/me/copilot-identity/ 200", "path": "/api/users/me/copilot-identity/", "method": "GET", "status_code": 200, "duration_ms": 1020, "remote_addr": "119.160.190.240", "user_agent": "Mozilla/5.0 (Windows NT 10.0; Win64; x64) AppleWebKit/537.36 (KHTML, like Gecko) Chrome/153.0.0.0 Safari/537.36 Edg/153.0.0.0", "user_id": "57ff78ef-f40f-4d8d-bca3-7e302fe916ca"}
api      | {"levelname": "INFO", "asctime": "2026-09-18 06:07:19,131", "module": "logger", "name": "plane.api.request", "message": "GET /api/workspaces/brune4ai/users/notifications/unread/ 200", "path": "/api/workspaces/brune4ai/users/notifications/unread/", "method": "GET", "status_code": 200, "duration_ms": 1225, "remote_addr": "119.160.190.240", "user_agent": "Mozilla/5.0 (Windows NT 10.0; Win64; x64) AppleWebKit/537.36 (KHTML, like Gecko) Chrome/153.0.0.0 Safari/537.36 Edg/153.0.0.0", "user_id": "57ff78ef-f40f-4d8d-bca3-7e302fe916ca"}
api      | {"levelname": "INFO", "asctime": "2026-09-18 06:07:21,523", "module": "logger", "name": "plane.api.request", "message": "GET /api/workspaces/brune4ai/projects/8fd2a982-478c-479c-aeac-820e97299186/project-members/me/ 200", "path": "/api/workspaces/brune4ai/projects/8fd2a982-478c-479c-aeac-820e97299186/project-members/me/", "method": "GET", "status_code": 200, "duration_ms": 2574, "remote_addr": "119.160.190.240", "user_agent": "Mozilla/5.0 (Windows NT 10.0; Win64; x64) AppleWebKit/537.36 (KHTML, like Gecko) Chrome/153.0.0.0 Safari/537.36 Edg/153.0.0.0", "user_id": "57ff78ef-f40f-4d8d-bca3-7e302fe916ca"}
api      | {"levelname": "INFO", "asctime": "2026-09-18 06:07:21,567", "module": "logger", "name": "plane.api.request", "message": "GET /api/workspaces/brune4ai/projects/8fd2a982-478c-479c-aeac-820e97299186/ 200", "path": "/api/workspaces/brune4ai/projects/8fd2a982-478c-479c-aeac-820e97299186/", "method": "GET", "status_code": 200, "duration_ms": 3646, "remote_addr": "119.160.190.240", "user_agent": "Mozilla/5.0 (Windows NT 10.0; Win64; x64) AppleWebKit/537.36 (KHTML, like Gecko) Chrome/153.0.0.0 Safari/537.36 Edg/153.0.0.0", "user_id": "57ff78ef-f40f-4d8d-bca3-7e302fe916ca"}
api      | {"levelname": "INFO", "asctime": "2026-09-18 06:07:56,036", "module": "logger", "name": "plane.api.request", "message": "GET /api/workspaces/brune4ai/projects/8fd2a982-478c-479c-aeac-820e97299186/project-members/me/ 200", "path": "/api/workspaces/brune4ai/projects/8fd2a982-478c-479c-aeac-820e97299186/project-members/me/", "method": "GET", "status_code": 200, "duration_ms": 1521, "remote_addr": "119.160.190.240", "user_agent": "Mozilla/5.0 (Windows NT 10.0; Win64; x64) AppleWebKit/537.36 (KHTML, like Gecko) Chrome/153.0.0.0 Safari/537.36 Edg/153.0.0.0", "user_id": "57ff78ef-f40f-4d8d-bca3-7e302fe916ca"}
api      | {"levelname": "INFO", "asctime": "2026-09-18 06:07:56,071", "module": "logger", "name": "plane.api.request", "message": "GET /api/workspaces/brune4ai/users/notifications/unread/ 200", "path": "/api/workspaces/brune4ai/users/notifications/unread/", "method": "GET", "status_code": 200, "duration_ms": 1571, "remote_addr": "119.160.190.240", "user_agent": "Mozilla/5.0 (Windows NT 10.0; Win64; x64) AppleWebKit/537.36 (KHTML, like Gecko) Chrome/153.0.0.0 Safari/537.36 Edg/153.0.0.0", "user_id": "57ff78ef-f40f-4d8d-bca3-7e302fe916ca"}
api      | {"levelname": "INFO", "asctime": "2026-09-18 06:07:57,139", "module": "logger", "name": "plane.api.request", "message": "GET /api/workspaces/brune4ai/projects/8fd2a982-478c-479c-aeac-820e97299186/ 200", "path": "/api/workspaces/brune4ai/projects/8fd2a982-478c-479c-aeac-820e97299186/", "method": "GET", "status_code": 200, "duration_ms": 2406, "remote_addr": "119.160.190.240", "user_agent": "Mozilla/5.0 (Windows NT 10.0; Win64; x64) AppleWebKit/537.36 (KHTML, like Gecko) Chrome/153.0.0.0 Safari/537.36 Edg/153.0.0.0", "user_id": "57ff78ef-f40f-4d8d-bca3-7e302fe916ca"}
api      | {"levelname": "INFO", "asctime": "2026-09-18 06:09:30,666", "module": "logger", "name": "plane.api.request", "message": "GET /api/workspaces/brune4ai/users/notifications/unread/ 200", "path": "/api/workspaces/brune4ai/users/notifications/unread/", "method": "GET", "status_code": 200, "duration_ms": 2432, "remote_addr": "119.160.190.240", "user_agent": "Mozilla/5.0 (Windows NT 10.0; Win64; x64) AppleWebKit/537.36 (KHTML, like Gecko) Chrome/153.0.0.0 Safari/537.36 Edg/153.0.0.0", "user_id": "57ff78ef-f40f-4d8d-bca3-7e302fe916ca"}
api      | {"levelname": "INFO", "asctime": "2026-09-18 06:09:30,791", "module": "logger", "name": "plane.api.request", "message": "GET /api/workspaces/brune4ai/projects/8fd2a982-478c-479c-aeac-820e97299186/project-members/me/ 200", "path": "/api/workspaces/brune4ai/projects/8fd2a982-478c-479c-aeac-820e97299186/project-members/me/", "method": "GET", "status_code": 200, "duration_ms": 2988, "remote_addr": "119.160.190.240", "user_agent": "Mozilla/5.0 (Windows NT 10.0; Win64; x64) AppleWebKit/537.36 (KHTML, like Gecko) Chrome/153.0.0.0 Safari/537.36 Edg/153.0.0.0", "user_id": "57ff78ef-f40f-4d8d-bca3-7e302fe916ca"}
api      | {"levelname": "INFO", "asctime": "2026-09-18 06:09:32,611", "module": "logger", "name": "plane.api.request", "message": "GET /api/workspaces/brune4ai/projects/8fd2a982-478c-479c-aeac-820e97299186/ 200", "path": "/api/workspaces/brune4ai/projects/8fd2a982-478c-479c-aeac-820e97299186/", "method": "GET", "status_code": 200, "duration_ms": 4817, "remote_addr": "119.160.190.240", "user_agent": "Mozilla/5.0 (Windows NT 10.0; Win64; x64) AppleWebKit/537.36 (KHTML, like Gecko) Chrome/153.0.0.0 Safari/537.36 Edg/153.0.0.0", "user_id": "57ff78ef-f40f-4d8d-bca3-7e302fe916ca"}
api      | {"levelname": "INFO", "asctime": "2026-09-18 06:09:32,692", "module": "logger", "name": "plane.api.request", "message": "GET /api/workspaces/brune4ai/projects/8fd2a982-478c-479c-aeac-820e97299186/issues/992faf47-6a3e-4bce-acf5-7a3935555241/?expand=issue_reactions,issue_attachments,issue_link,parent 200", "path": "/api/workspaces/brune4ai/projects/8fd2a982-478c-479c-aeac-820e97299186/issues/992faf47-6a3e-4bce-acf5-7a3935555241/", "method": "GET", "status_code": 200, "duration_ms": 2834, "remote_addr": "119.160.190.240", "user_agent": "Mozilla/5.0 (Windows NT 10.0; Win64; x64) AppleWebKit/537.36 (KHTML, like Gecko) Chrome/153.0.0.0 Safari/537.36 Edg/153.0.0.0", "user_id": "57ff78ef-f40f-4d8d-bca3-7e302fe916ca"}
api      | {"levelname": "INFO", "asctime": "2026-09-18 06:09:34,802", "module": "logger", "name": "plane.api.request", "message": "GET /api/workspaces/brune4ai/projects/8fd2a982-478c-479c-aeac-820e97299186/states/ 200", "path": "/api/workspaces/brune4ai/projects/8fd2a982-478c-479c-aeac-820e97299186/states/", "method": "GET", "status_code": 200, "duration_ms": 1807, "remote_addr": "119.160.190.240", "user_agent": "Mozilla/5.0 (Windows NT 10.0; Win64; x64) AppleWebKit/537.36 (KHTML, like Gecko) Chrome/153.0.0.0 Safari/537.36 Edg/153.0.0.0", "user_id": "57ff78ef-f40f-4d8d-bca3-7e302fe916ca"}
api      | {"levelname": "INFO", "asctime": "2026-09-18 06:09:35,312", "module": "logger", "name": "plane.api.request", "message": "GET /api/workspaces/brune4ai/projects/8fd2a982-478c-479c-aeac-820e97299186/issues/992faf47-6a3e-4bce-acf5-7a3935555241/sub-issues/ 200", "path": "/api/workspaces/brune4ai/projects/8fd2a982-478c-479c-aeac-820e97299186/issues/992faf47-6a3e-4bce-acf5-7a3935555241/sub-issues/", "method": "GET", "status_code": 200, "duration_ms": 2326, "remote_addr": "119.160.190.240", "user_agent": "Mozilla/5.0 (Windows NT 10.0; Win64; x64) AppleWebKit/537.36 (KHTML, like Gecko) Chrome/153.0.0.0 Safari/537.36 Edg/153.0.0.0", "user_id": "57ff78ef-f40f-4d8d-bca3-7e302fe916ca"}
api      | {"levelname": "INFO", "asctime": "2026-09-18 06:09:35,310", "module": "logger", "name": "plane.api.request", "message": "GET /api/workspaces/brune4ai/projects/8fd2a982-478c-479c-aeac-820e97299186/work-items/992faf47-6a3e-4bce-acf5-7a3935555241/description-versions/ 200", "path": "/api/workspaces/brune4ai/projects/8fd2a982-478c-479c-aeac-820e97299186/work-items/992faf47-6a3e-4bce-acf5-7a3935555241/description-versions/", "method": "GET", "status_code": 200, "duration_ms": 2324, "remote_addr": "119.160.190.240", "user_agent": "Mozilla/5.0 (Windows NT 10.0; Win64; x64) AppleWebKit/537.36 (KHTML, like Gecko) Chrome/153.0.0.0 Safari/537.36 Edg/153.0.0.0", "user_id": "57ff78ef-f40f-4d8d-bca3-7e302fe916ca"}
web      | 2026/09/18 08:11:34.196	[34mINFO[0m	http.log.access.log0	handled request	{"request": {"remote_ip": "127.0.0.1", "remote_port": "44098", "client_ip": "127.0.0.1", "proto": "HTTP/1.1", "method": "GET", "host": "127.0.0.1:3000", "uri": "/", "headers": {"Accept": ["*/*"], "User-Agent": ["curl/8.22.0"]}}, "bytes_read": 0, "user_id": "", "duration": 0.032725187, "size": 6087, "status": 200, "resp_headers": {"X-Content-Type-Options": ["nosniff"], "X-Xss-Protection": ["1; mode=block"], "Vary": ["Accept-Encoding"], "Content-Type": ["text/html; charset=utf-8"], "Last-Modified": ["Wed, 16 Sep 2026 23:45:14 GMT"], "Accept-Ranges": ["bytes"], "Content-Length": ["6087"], "Server": ["Caddy"], "X-Frame-Options": ["DENY"], "Etag": ["\"dlh52pe14jcw4p3\""]}}
web      | 2026/09/18 08:12:04.571	[34mINFO[0m	http.log.access.log0	handled request	{"request": {"remote_ip": "127.0.0.1", "remote_port": "58116", "client_ip": "127.0.0.1", "proto": "HTTP/1.1", "method": "GET", "host": "127.0.0.1:3000", "uri": "/", "headers": {"User-Agent": ["curl/8.22.0"], "Accept": ["*/*"]}}, "bytes_read": 0, "user_id": "", "duration": 0.003385792, "size": 6087, "status": 200, "resp_headers": {"Content-Length": ["6087"], "X-Content-Type-Options": ["nosniff"], "X-Frame-Options": ["DENY"], "X-Xss-Protection": ["1; mode=block"], "Content-Type": ["text/html; charset=utf-8"], "Last-Modified": ["Wed, 16 Sep 2026 23:45:14 GMT"], "Accept-Ranges": ["bytes"], "Server": ["Caddy"], "Vary": ["Accept-Encoding"], "Etag": ["\"dlh52pe14jcw4p3\""]}}
web      | 2026/09/18 08:12:34.944	[34mINFO[0m	http.log.access.log0	handled request	{"request": {"remote_ip": "127.0.0.1", "remote_port": "42628", "client_ip": "127.0.0.1", "proto": "HTTP/1.1", "method": "GET", "host": "127.0.0.1:3000", "uri": "/", "headers": {"User-Agent": ["curl/8.22.0"], "Accept": ["*/*"]}}, "bytes_read": 0, "user_id": "", "duration": 0.003976468, "size": 6087, "status": 200, "resp_headers": {"Last-Modified": ["Wed, 16 Sep 2026 23:45:14 GMT"], "Accept-Ranges": ["bytes"], "Content-Length": ["6087"], "X-Content-Type-Options": ["nosniff"], "X-Xss-Protection": ["1; mode=block"], "Content-Type": ["text/html; charset=utf-8"], "Server": ["Caddy"], "X-Frame-Options": ["DENY"], "Vary": ["Accept-Encoding"], "Etag": ["\"dlh52pe14jcw4p3\""]}}
web      | 2026/09/18 08:13:05.370	[34mINFO[0m	http.log.access.log0	handled request	{"request": {"remote_ip": "127.0.0.1", "remote_port": "45228", "client_ip": "127.0.0.1", "proto": "HTTP/1.1", "method": "GET", "host": "127.0.0.1:3000", "uri": "/", "headers": {"User-Agent": ["curl/8.22.0"], "Accept": ["*/*"]}}, "bytes_read": 0, "user_id": "", "duration": 0.004634023, "size": 6087, "status": 200, "resp_headers": {"Accept-Ranges": ["bytes"], "Content-Length": ["6087"], "Server": ["Caddy"], "X-Content-Type-Options": ["nosniff"], "Content-Type": ["text/html; charset=utf-8"], "Last-Modified": ["Wed, 16 Sep 2026 23:45:14 GMT"], "X-Xss-Protection": ["1; mode=block"], "X-Frame-Options": ["DENY"], "Vary": ["Accept-Encoding"], "Etag": ["\"dlh52pe14jcw4p3\""]}}
web      | 2026/09/18 08:13:35.759	[34mINFO[0m	http.log.access.log0	handled request	{"request": {"remote_ip": "127.0.0.1", "remote_port": "51002", "client_ip": "127.0.0.1", "proto": "HTTP/1.1", "method": "GET", "host": "127.0.0.1:3000", "uri": "/", "headers": {"User-Agent": ["curl/8.22.0"], "Accept": ["*/*"]}}, "bytes_read": 0, "user_id": "", "duration": 0.000477142, "size": 6087, "status": 200, "resp_headers": {"X-Xss-Protection": ["1; mode=block"], "Vary": ["Accept-Encoding"], "Content-Type": ["text/html; charset=utf-8"], "Last-Modified": ["Wed, 16 Sep 2026 23:45:14 GMT"], "Accept-Ranges": ["bytes"], "Server": ["Caddy"], "X-Content-Type-Options": ["nosniff"], "X-Frame-Options": ["DENY"], "Etag": ["\"dlh52pe14jcw4p3\""], "Content-Length": ["6087"]}}
web      | 2026/09/18 08:14:06.023	[34mINFO[0m	http.log.access.log0	handled request	{"request": {"remote_ip": "127.0.0.1", "remote_port": "54158", "client_ip": "127.0.0.1", "proto": "HTTP/1.1", "method": "GET", "host": "127.0.0.1:3000", "uri": "/", "headers": {"User-Agent": ["curl/8.22.0"], "Accept": ["*/*"]}}, "bytes_read": 0, "user_id": "", "duration": 0.000477454, "size": 6087, "status": 200, "resp_headers": {"X-Content-Type-Options": ["nosniff"], "X-Frame-Options": ["DENY"], "Vary": ["Accept-Encoding"], "Server": ["Caddy"], "X-Xss-Protection": ["1; mode=block"], "Etag": ["\"dlh52pe14jcw4p3\""], "Content-Type": ["text/html; charset=utf-8"], "Last-Modified": ["Wed, 16 Sep 2026 23:45:14 GMT"], "Accept-Ranges": ["bytes"], "Content-Length": ["6087"]}}
web      | 2026/09/18 08:14:36.498	[34mINFO[0m	http.log.access.log0	handled request	{"request": {"remote_ip": "127.0.0.1", "remote_port": "55642", "client_ip": "127.0.0.1", "proto": "HTTP/1.1", "method": "GET", "host": "127.0.0.1:3000", "uri": "/", "headers": {"User-Agent": ["curl/8.22.0"], "Accept": ["*/*"]}}, "bytes_read": 0, "user_id": "", "duration": 0.022977813, "size": 6087, "status": 200, "resp_headers": {"X-Xss-Protection": ["1; mode=block"], "X-Content-Type-Options": ["nosniff"], "X-Frame-Options": ["DENY"], "Etag": ["\"dlh52pe14jcw4p3\""], "Content-Type": ["text/html; charset=utf-8"], "Last-Modified": ["Wed, 16 Sep 2026 23:45:14 GMT"], "Server": ["Caddy"], "Vary": ["Accept-Encoding"], "Accept-Ranges": ["bytes"], "Content-Length": ["6087"]}}
web      | 2026/09/18 08:15:06.916	[34mINFO[0m	http.log.access.log0	handled request	{"request": {"remote_ip": "127.0.0.1", "remote_port": "43842", "client_ip": "127.0.0.1", "proto": "HTTP/1.1", "method": "GET", "host": "127.0.0.1:3000", "uri": "/", "headers": {"User-Agent": ["curl/8.22.0"], "Accept": ["*/*"]}}, "bytes_read": 0, "user_id": "", "duration": 0.004773065, "size": 6087, "status": 200, "resp_headers": {"Content-Length": ["6087"], "X-Content-Type-Options": ["nosniff"], "X-Xss-Protection": ["1; mode=block"], "Vary": ["Accept-Encoding"], "Etag": ["\"dlh52pe14jcw4p3\""], "Accept-Ranges": ["bytes"], "Server": ["Caddy"], "X-Frame-Options": ["DENY"], "Content-Type": ["text/html; charset=utf-8"], "Last-Modified": ["Wed, 16 Sep 2026 23:45:14 GMT"]}}
web      | 2026/09/18 08:15:37.058	[34mINFO[0m	http.log.access.log0	handled request	{"request": {"remote_ip": "127.0.0.1", "remote_port": "36698", "client_ip": "127.0.0.1", "proto": "HTTP/1.1", "method": "GET", "host": "127.0.0.1:3000", "uri": "/", "headers": {"User-Agent": ["curl/8.22.0"], "Accept": ["*/*"]}}, "bytes_read": 0, "user_id": "", "duration": 0.000538684, "size": 6087, "status": 200, "resp_headers": {"X-Content-Type-Options": ["nosniff"], "X-Frame-Options": ["DENY"], "Vary": ["Accept-Encoding"], "Accept-Ranges": ["bytes"], "Server": ["Caddy"], "X-Xss-Protection": ["1; mode=block"], "Etag": ["\"dlh52pe14jcw4p3\""], "Content-Type": ["text/html; charset=utf-8"], "Last-Modified": ["Wed, 16 Sep 2026 23:45:14 GMT"], "Content-Length": ["6087"]}}
web      | 2026/09/18 08:16:07.152	[34mINFO[0m	http.log.access.log0	handled request	{"request": {"remote_ip": "127.0.0.1", "remote_port": "46088", "client_ip": "127.0.0.1", "proto": "HTTP/1.1", "method": "GET", "host": "127.0.0.1:3000", "uri": "/", "headers": {"User-Agent": ["curl/8.22.0"], "Accept": ["*/*"]}}, "bytes_read": 0, "user_id": "", "duration": 0.000871459, "size": 6087, "status": 200, "resp_headers": {"Server": ["Caddy"], "X-Content-Type-Options": ["nosniff"], "Content-Type": ["text/html; charset=utf-8"], "Accept-Ranges": ["bytes"], "Content-Length": ["6087"], "X-Frame-Options": ["DENY"], "X-Xss-Protection": ["1; mode=block"], "Vary": ["Accept-Encoding"], "Etag": ["\"dlh52pe14jcw4p3\""], "Last-Modified": ["Wed, 16 Sep 2026 23:45:14 GMT"]}}
web      | 2026/09/18 08:16:37.269	[34mINFO[0m	http.log.access.log0	handled request	{"request": {"remote_ip": "127.0.0.1", "remote_port": "40488", "client_ip": "127.0.0.1", "proto": "HTTP/1.1", "method": "GET", "host": "127.0.0.1:3000", "uri": "/", "headers": {"User-Agent": ["curl/8.22.0"], "Accept": ["*/*"]}}, "bytes_read": 0, "user_id": "", "duration": 0.000563433, "size": 6087, "status": 200, "resp_headers": {"X-Content-Type-Options": ["nosniff"], "X-Frame-Options": ["DENY"], "X-Xss-Protection": ["1; mode=block"], "Etag": ["\"dlh52pe14jcw4p3\""], "Content-Type": ["text/html; charset=utf-8"], "Last-Modified": ["Wed, 16 Sep 2026 23:45:14 GMT"], "Accept-Ranges": ["bytes"], "Content-Length": ["6087"], "Server": ["Caddy"], "Vary": ["Accept-Encoding"]}}
web      | 2026/09/18 08:17:07.348	[34mINFO[0m	http.log.access.log0	handled request	{"request": {"remote_ip": "127.0.0.1", "remote_port": "48960", "client_ip": "127.0.0.1", "proto": "HTTP/1.1", "method": "GET", "host": "127.0.0.1:3000", "uri": "/", "headers": {"Accept": ["*/*"], "User-Agent": ["curl/8.22.0"]}}, "bytes_read": 0, "user_id": "", "duration": 0.000778747, "size": 6087, "status": 200, "resp_headers": {"X-Xss-Protection": ["1; mode=block"], "X-Content-Type-Options": ["nosniff"], "Vary": ["Accept-Encoding"], "Content-Type": ["text/html; charset=utf-8"], "Content-Length": ["6087"], "Server": ["Caddy"], "X-Frame-Options": ["DENY"], "Etag": ["\"dlh52pe14jcw4p3\""], "Last-Modified": ["Wed, 16 Sep 2026 23:45:14 GMT"], "Accept-Ranges": ["bytes"]}}
web      | 2026/09/18 08:17:37.428	[34mINFO[0m	http.log.access.log0	handled request	{"request": {"remote_ip": "127.0.0.1", "remote_port": "50662", "client_ip": "127.0.0.1", "proto": "HTTP/1.1", "method": "GET", "host": "127.0.0.1:3000", "uri": "/", "headers": {"Accept": ["*/*"], "User-Agent": ["curl/8.22.0"]}}, "bytes_read": 0, "user_id": "", "duration": 0.000446492, "size": 6087, "status": 200, "resp_headers": {"X-Frame-Options": ["DENY"], "Vary": ["Accept-Encoding"], "Accept-Ranges": ["bytes"], "Content-Length": ["6087"], "X-Xss-Protection": ["1; mode=block"], "Etag": ["\"dlh52pe14jcw4p3\""], "Content-Type": ["text/html; charset=utf-8"], "Last-Modified": ["Wed, 16 Sep 2026 23:45:14 GMT"], "Server": ["Caddy"], "X-Content-Type-Options": ["nosniff"]}}
web      | 2026/09/18 08:18:07.515	[34mINFO[0m	http.log.access.log0	handled request	{"request": {"remote_ip": "127.0.0.1", "remote_port": "40554", "client_ip": "127.0.0.1", "proto": "HTTP/1.1", "method": "GET", "host": "127.0.0.1:3000", "uri": "/", "headers": {"User-Agent": ["curl/8.22.0"], "Accept": ["*/*"]}}, "bytes_read": 0, "user_id": "", "duration": 0.000491528, "size": 6087, "status": 200, "resp_headers": {"X-Xss-Protection": ["1; mode=block"], "X-Content-Type-Options": ["nosniff"], "X-Frame-Options": ["DENY"], "Vary": ["Accept-Encoding"], "Etag": ["\"dlh52pe14jcw4p3\""], "Content-Type": ["text/html; charset=utf-8"], "Server": ["Caddy"], "Last-Modified": ["Wed, 16 Sep 2026 23:45:14 GMT"], "Accept-Ranges": ["bytes"], "Content-Length": ["6087"]}}
web      | 2026/09/18 08:18:37.590	[34mINFO[0m	http.log.access.log0	handled request	{"request": {"remote_ip": "127.0.0.1", "remote_port": "54952", "client_ip": "127.0.0.1", "proto": "HTTP/1.1", "method": "GET", "host": "127.0.0.1:3000", "uri": "/", "headers": {"User-Agent": ["curl/8.22.0"], "Accept": ["*/*"]}}, "bytes_read": 0, "user_id": "", "duration": 0.000481881, "size": 6087, "status": 200, "resp_headers": {"X-Xss-Protection": ["1; mode=block"], "Etag": ["\"dlh52pe14jcw4p3\""], "Content-Type": ["text/html; charset=utf-8"], "Accept-Ranges": ["bytes"], "Content-Length": ["6087"], "X-Content-Type-Options": ["nosniff"], "X-Frame-Options": ["DENY"], "Vary": ["Accept-Encoding"], "Last-Modified": ["Wed, 16 Sep 2026 23:45:14 GMT"], "Server": ["Caddy"]}}
web      | 2026/09/18 08:19:07.669	[34mINFO[0m	http.log.access.log0	handled request	{"request": {"remote_ip": "127.0.0.1", "remote_port": "41656", "client_ip": "127.0.0.1", "proto": "HTTP/1.1", "method": "GET", "host": "127.0.0.1:3000", "uri": "/", "headers": {"User-Agent": ["curl/8.22.0"], "Accept": ["*/*"]}}, "bytes_read": 0, "user_id": "", "duration": 0.000504568, "size": 6087, "status": 200, "resp_headers": {"X-Frame-Options": ["DENY"], "X-Xss-Protection": ["1; mode=block"], "Vary": ["Accept-Encoding"], "Content-Type": ["text/html; charset=utf-8"], "Last-Modified": ["Wed, 16 Sep 2026 23:45:14 GMT"], "Accept-Ranges": ["bytes"], "Server": ["Caddy"], "X-Content-Type-Options": ["nosniff"], "Etag": ["\"dlh52pe14jcw4p3\""], "Content-Length": ["6087"]}}
web      | 2026/09/18 08:19:37.753	[34mINFO[0m	http.log.access.log0	handled request	{"request": {"remote_ip": "127.0.0.1", "remote_port": "37114", "client_ip": "127.0.0.1", "proto": "HTTP/1.1", "method": "GET", "host": "127.0.0.1:3000", "uri": "/", "headers": {"User-Agent": ["curl/8.22.0"], "Accept": ["*/*"]}}, "bytes_read": 0, "user_id": "", "duration": 0.000512486, "size": 6087, "status": 200, "resp_headers": {"Server": ["Caddy"], "X-Frame-Options": ["DENY"], "X-Xss-Protection": ["1; mode=block"], "Vary": ["Accept-Encoding"], "Etag": ["\"dlh52pe14jcw4p3\""], "Last-Modified": ["Wed, 16 Sep 2026 23:45:14 GMT"], "Content-Length": ["6087"], "X-Content-Type-Options": ["nosniff"], "Content-Type": ["text/html; charset=utf-8"], "Accept-Ranges": ["bytes"]}}
web      | 2026/09/18 08:20:07.860	[34mINFO[0m	http.log.access.log0	handled request	{"request": {"remote_ip": "127.0.0.1", "remote_port": "60624", "client_ip": "127.0.0.1", "proto": "HTTP/1.1", "method": "GET", "host": "127.0.0.1:3000", "uri": "/", "headers": {"User-Agent": ["curl/8.22.0"], "Accept": ["*/*"]}}, "bytes_read": 0, "user_id": "", "duration": 0.000432225, "size": 6087, "status": 200, "resp_headers": {"Server": ["Caddy"], "X-Content-Type-Options": ["nosniff"], "X-Xss-Protection": ["1; mode=block"], "Vary": ["Accept-Encoding"], "Content-Type": ["text/html; charset=utf-8"], "Accept-Ranges": ["bytes"], "Content-Length": ["6087"], "X-Frame-Options": ["DENY"], "Etag": ["\"dlh52pe14jcw4p3\""], "Last-Modified": ["Wed, 16 Sep 2026 23:45:14 GMT"]}}
web      | 2026/09/18 08:20:37.959	[34mINFO[0m	http.log.access.log0	handled request	{"request": {"remote_ip": "127.0.0.1", "remote_port": "51616", "client_ip": "127.0.0.1", "proto": "HTTP/1.1", "method": "GET", "host": "127.0.0.1:3000", "uri": "/", "headers": {"User-Agent": ["curl/8.22.0"], "Accept": ["*/*"]}}, "bytes_read": 0, "user_id": "", "duration": 0.003398136, "size": 6087, "status": 200, "resp_headers": {"X-Frame-Options": ["DENY"], "Last-Modified": ["Wed, 16 Sep 2026 23:45:14 GMT"], "Accept-Ranges": ["bytes"], "Server": ["Caddy"], "X-Content-Type-Options": ["nosniff"], "X-Xss-Protection": ["1; mode=block"], "Vary": ["Accept-Encoding"], "Etag": ["\"dlh52pe14jcw4p3\""], "Content-Type": ["text/html; charset=utf-8"], "Content-Length": ["6087"]}}
web      | 2026/09/18 08:21:08.040	[34mINFO[0m	http.log.access.log0	handled request	{"request": {"remote_ip": "127.0.0.1", "remote_port": "35490", "client_ip": "127.0.0.1", "proto": "HTTP/1.1", "method": "GET", "host": "127.0.0.1:3000", "uri": "/", "headers": {"Accept": ["*/*"], "User-Agent": ["curl/8.22.0"]}}, "bytes_read": 0, "user_id": "", "duration": 0.000934188, "size": 6087, "status": 200, "resp_headers": {"Accept-Ranges": ["bytes"], "Content-Length": ["6087"], "Server": ["Caddy"], "X-Content-Type-Options": ["nosniff"], "Vary": ["Accept-Encoding"], "Content-Type": ["text/html; charset=utf-8"], "X-Frame-Options": ["DENY"], "X-Xss-Protection": ["1; mode=block"], "Etag": ["\"dlh52pe14jcw4p3\""], "Last-Modified": ["Wed, 16 Sep 2026 23:45:14 GMT"]}}
web      | 2026/09/18 08:21:38.122	[34mINFO[0m	http.log.access.log0	handled request	{"request": {"remote_ip": "127.0.0.1", "remote_port": "59628", "client_ip": "127.0.0.1", "proto": "HTTP/1.1", "method": "GET", "host": "127.0.0.1:3000", "uri": "/", "headers": {"User-Agent": ["curl/8.22.0"], "Accept": ["*/*"]}}, "bytes_read": 0, "user_id": "", "duration": 0.005002222, "size": 6087, "status": 200, "resp_headers": {"Content-Length": ["6087"], "X-Content-Type-Options": ["nosniff"], "X-Frame-Options": ["DENY"], "Etag": ["\"dlh52pe14jcw4p3\""], "Last-Modified": ["Wed, 16 Sep 2026 23:45:14 GMT"], "Accept-Ranges": ["bytes"], "Server": ["Caddy"], "X-Xss-Protection": ["1; mode=block"], "Vary": ["Accept-Encoding"], "Content-Type": ["text/html; charset=utf-8"]}}
web      | 2026/09/18 08:22:08.240	[34mINFO[0m	http.log.access.log0	handled request	{"request": {"remote_ip": "127.0.0.1", "remote_port": "45786", "client_ip": "127.0.0.1", "proto": "HTTP/1.1", "method": "GET", "host": "127.0.0.1:3000", "uri": "/", "headers": {"User-Agent": ["curl/8.22.0"], "Accept": ["*/*"]}}, "bytes_read": 0, "user_id": "", "duration": 0.000576186, "size": 6087, "status": 200, "resp_headers": {"Content-Type": ["text/html; charset=utf-8"], "Accept-Ranges": ["bytes"], "X-Xss-Protection": ["1; mode=block"], "Vary": ["Accept-Encoding"], "Last-Modified": ["Wed, 16 Sep 2026 23:45:14 GMT"], "Content-Length": ["6087"], "Server": ["Caddy"], "X-Frame-Options": ["DENY"], "X-Content-Type-Options": ["nosniff"], "Etag": ["\"dlh52pe14jcw4p3\""]}}
web      | 2026/09/18 08:22:38.326	[34mINFO[0m	http.log.access.log0	handled request	{"request": {"remote_ip": "127.0.0.1", "remote_port": "55938", "client_ip": "127.0.0.1", "proto": "HTTP/1.1", "method": "GET", "host": "127.0.0.1:3000", "uri": "/", "headers": {"User-Agent": ["curl/8.22.0"], "Accept": ["*/*"]}}, "bytes_read": 0, "user_id": "", "duration": 0.005789627, "size": 6087, "status": 200, "resp_headers": {"Vary": ["Accept-Encoding"], "Etag": ["\"dlh52pe14jcw4p3\""], "Server": ["Caddy"], "X-Xss-Protection": ["1; mode=block"], "Content-Type": ["text/html; charset=utf-8"], "Last-Modified": ["Wed, 16 Sep 2026 23:45:14 GMT"], "Accept-Ranges": ["bytes"], "Content-Length": ["6087"], "X-Content-Type-Options": ["nosniff"], "X-Frame-Options": ["DENY"]}}
web      | 2026/09/18 08:23:08.421	[34mINFO[0m	http.log.access.log0	handled request	{"request": {"remote_ip": "127.0.0.1", "remote_port": "58314", "client_ip": "127.0.0.1", "proto": "HTTP/1.1", "method": "GET", "host": "127.0.0.1:3000", "uri": "/", "headers": {"User-Agent": ["curl/8.22.0"], "Accept": ["*/*"]}}, "bytes_read": 0, "user_id": "", "duration": 0.000521051, "size": 6087, "status": 200, "resp_headers": {"Server": ["Caddy"], "X-Xss-Protection": ["1; mode=block"], "X-Content-Type-Options": ["nosniff"], "X-Frame-Options": ["DENY"], "Etag": ["\"dlh52pe14jcw4p3\""], "Last-Modified": ["Wed, 16 Sep 2026 23:45:14 GMT"], "Vary": ["Accept-Encoding"], "Content-Type": ["text/html; charset=utf-8"], "Accept-Ranges": ["bytes"], "Content-Length": ["6087"]}}
web      | 2026/09/18 08:23:38.513	[34mINFO[0m	http.log.access.log0	handled request	{"request": {"remote_ip": "127.0.0.1", "remote_port": "44198", "client_ip": "127.0.0.1", "proto": "HTTP/1.1", "method": "GET", "host": "127.0.0.1:3000", "uri": "/", "headers": {"User-Agent": ["curl/8.22.0"], "Accept": ["*/*"]}}, "bytes_read": 0, "user_id": "", "duration": 0.000430377, "size": 6087, "status": 200, "resp_headers": {"X-Content-Type-Options": ["nosniff"], "X-Xss-Protection": ["1; mode=block"], "Etag": ["\"dlh52pe14jcw4p3\""], "Content-Length": ["6087"], "Server": ["Caddy"], "X-Frame-Options": ["DENY"], "Vary": ["Accept-Encoding"], "Content-Type": ["text/html; charset=utf-8"], "Last-Modified": ["Wed, 16 Sep 2026 23:45:14 GMT"], "Accept-Ranges": ["bytes"]}}
web      | 2026/09/18 08:24:08.587	[34mINFO[0m	http.log.access.log0	handled request	{"request": {"remote_ip": "127.0.0.1", "remote_port": "34850", "client_ip": "127.0.0.1", "proto": "HTTP/1.1", "method": "GET", "host": "127.0.0.1:3000", "uri": "/", "headers": {"User-Agent": ["curl/8.22.0"], "Accept": ["*/*"]}}, "bytes_read": 0, "user_id": "", "duration": 0.000456003, "size": 6087, "status": 200, "resp_headers": {"X-Frame-Options": ["DENY"], "Content-Type": ["text/html; charset=utf-8"], "Content-Length": ["6087"], "Server": ["Caddy"], "X-Xss-Protection": ["1; mode=block"], "Vary": ["Accept-Encoding"], "Etag": ["\"dlh52pe14jcw4p3\""], "Last-Modified": ["Wed, 16 Sep 2026 23:45:14 GMT"], "Accept-Ranges": ["bytes"], "X-Content-Type-Options": ["nosniff"]}}
web      | 2026/09/18 08:24:38.663	[34mINFO[0m	http.log.access.log0	handled request	{"request": {"remote_ip": "127.0.0.1", "remote_port": "37924", "client_ip": "127.0.0.1", "proto": "HTTP/1.1", "method": "GET", "host": "127.0.0.1:3000", "uri": "/", "headers": {"User-Agent": ["curl/8.22.0"], "Accept": ["*/*"]}}, "bytes_read": 0, "user_id": "", "duration": 0.000539543, "size": 6087, "status": 200, "resp_headers": {"Last-Modified": ["Wed, 16 Sep 2026 23:45:14 GMT"], "Server": ["Caddy"], "X-Frame-Options": ["DENY"], "Etag": ["\"dlh52pe14jcw4p3\""], "Content-Type": ["text/html; charset=utf-8"], "Accept-Ranges": ["bytes"], "Content-Length": ["6087"], "X-Content-Type-Options": ["nosniff"], "X-Xss-Protection": ["1; mode=block"], "Vary": ["Accept-Encoding"]}}
web      | 2026/09/18 08:25:08.770	[34mINFO[0m	http.log.access.log0	handled request	{"request": {"remote_ip": "127.0.0.1", "remote_port": "52158", "client_ip": "127.0.0.1", "proto": "HTTP/1.1", "method": "GET", "host": "127.0.0.1:3000", "uri": "/", "headers": {"User-Agent": ["curl/8.22.0"], "Accept": ["*/*"]}}, "bytes_read": 0, "user_id": "", "duration": 0.00072725, "size": 6087, "status": 200, "resp_headers": {"Last-Modified": ["Wed, 16 Sep 2026 23:45:14 GMT"], "X-Content-Type-Options": ["nosniff"], "X-Frame-Options": ["DENY"], "Content-Type": ["text/html; charset=utf-8"], "Accept-Ranges": ["bytes"], "Content-Length": ["6087"], "Server": ["Caddy"], "X-Xss-Protection": ["1; mode=block"], "Vary": ["Accept-Encoding"], "Etag": ["\"dlh52pe14jcw4p3\""]}}
web      | 2026/09/18 08:25:38.862	[34mINFO[0m	http.log.access.log0	handled request	{"request": {"remote_ip": "127.0.0.1", "remote_port": "40286", "client_ip": "127.0.0.1", "proto": "HTTP/1.1", "method": "GET", "host": "127.0.0.1:3000", "uri": "/", "headers": {"Accept": ["*/*"], "User-Agent": ["curl/8.22.0"]}}, "bytes_read": 0, "user_id": "", "duration": 0.000623556, "size": 6087, "status": 200, "resp_headers": {"X-Xss-Protection": ["1; mode=block"], "X-Content-Type-Options": ["nosniff"], "Etag": ["\"dlh52pe14jcw4p3\""], "Last-Modified": ["Wed, 16 Sep 2026 23:45:14 GMT"], "Accept-Ranges": ["bytes"], "Content-Length": ["6087"], "Server": ["Caddy"], "X-Frame-Options": ["DENY"], "Vary": ["Accept-Encoding"], "Content-Type": ["text/html; charset=utf-8"]}}
web      | 2026/09/18 08:26:08.946	[34mINFO[0m	http.log.access.log0	handled request	{"request": {"remote_ip": "127.0.0.1", "remote_port": "54524", "client_ip": "127.0.0.1", "proto": "HTTP/1.1", "method": "GET", "host": "127.0.0.1:3000", "uri": "/", "headers": {"User-Agent": ["curl/8.22.0"], "Accept": ["*/*"]}}, "bytes_read": 0, "user_id": "", "duration": 0.000570275, "size": 6087, "status": 200, "resp_headers": {"Vary": ["Accept-Encoding"], "Etag": ["\"dlh52pe14jcw4p3\""], "Content-Type": ["text/html; charset=utf-8"], "Last-Modified": ["Wed, 16 Sep 2026 23:45:14 GMT"], "Accept-Ranges": ["bytes"], "Content-Length": ["6087"], "Server": ["Caddy"], "X-Content-Type-Options": ["nosniff"], "X-Frame-Options": ["DENY"], "X-Xss-Protection": ["1; mode=block"]}}
web      | 2026/09/18 08:26:39.031	[34mINFO[0m	http.log.access.log0	handled request	{"request": {"remote_ip": "127.0.0.1", "remote_port": "53540", "client_ip": "127.0.0.1", "proto": "HTTP/1.1", "method": "GET", "host": "127.0.0.1:3000", "uri": "/", "headers": {"Accept": ["*/*"], "User-Agent": ["curl/8.22.0"]}}, "bytes_read": 0, "user_id": "", "duration": 0.00059139, "size": 6087, "status": 200, "resp_headers": {"Server": ["Caddy"], "X-Frame-Options": ["DENY"], "Vary": ["Accept-Encoding"], "Etag": ["\"dlh52pe14jcw4p3\""], "Content-Type": ["text/html; charset=utf-8"], "Last-Modified": ["Wed, 16 Sep 2026 23:45:14 GMT"], "Accept-Ranges": ["bytes"], "X-Content-Type-Options": ["nosniff"], "X-Xss-Protection": ["1; mode=block"], "Content-Length": ["6087"]}}
web      | 2026/09/18 08:27:09.110	[34mINFO[0m	http.log.access.log0	handled request	{"request": {"remote_ip": "127.0.0.1", "remote_port": "58858", "client_ip": "127.0.0.1", "proto": "HTTP/1.1", "method": "GET", "host": "127.0.0.1:3000", "uri": "/", "headers": {"User-Agent": ["curl/8.22.0"], "Accept": ["*/*"]}}, "bytes_read": 0, "user_id": "", "duration": 0.000561468, "size": 6087, "status": 200, "resp_headers": {"X-Xss-Protection": ["1; mode=block"], "Etag": ["\"dlh52pe14jcw4p3\""], "Content-Type": ["text/html; charset=utf-8"], "Accept-Ranges": ["bytes"], "Content-Length": ["6087"], "X-Content-Type-Options": ["nosniff"], "X-Frame-Options": ["DENY"], "Vary": ["Accept-Encoding"], "Last-Modified": ["Wed, 16 Sep 2026 23:45:14 GMT"], "Server": ["Caddy"]}}
web      | 2026/09/18 08:27:39.190	[34mINFO[0m	http.log.access.log0	handled request	{"request": {"remote_ip": "127.0.0.1", "remote_port": "49644", "client_ip": "127.0.0.1", "proto": "HTTP/1.1", "method": "GET", "host": "127.0.0.1:3000", "uri": "/", "headers": {"User-Agent": ["curl/8.22.0"], "Accept": ["*/*"]}}, "bytes_read": 0, "user_id": "", "duration": 0.000443827, "size": 6087, "status": 200, "resp_headers": {"Etag": ["\"dlh52pe14jcw4p3\""], "Content-Type": ["text/html; charset=utf-8"], "Last-Modified": ["Wed, 16 Sep 2026 23:45:14 GMT"], "X-Frame-Options": ["DENY"], "X-Xss-Protection": ["1; mode=block"], "Accept-Ranges": ["bytes"], "Content-Length": ["6087"], "Server": ["Caddy"], "X-Content-Type-Options": ["nosniff"], "Vary": ["Accept-Encoding"]}}
web      | 2026/09/18 08:28:09.266	[34mINFO[0m	http.log.access.log0	handled request	{"request": {"remote_ip": "127.0.0.1", "remote_port": "44160", "client_ip": "127.0.0.1", "proto": "HTTP/1.1", "method": "GET", "host": "127.0.0.1:3000", "uri": "/", "headers": {"User-Agent": ["curl/8.22.0"], "Accept": ["*/*"]}}, "bytes_read": 0, "user_id": "", "duration": 0.000558869, "size": 6087, "status": 200, "resp_headers": {"Server": ["Caddy"], "X-Xss-Protection": ["1; mode=block"], "Content-Type": ["text/html; charset=utf-8"], "Accept-Ranges": ["bytes"], "X-Content-Type-Options": ["nosniff"], "X-Frame-Options": ["DENY"], "Vary": ["Accept-Encoding"], "Etag": ["\"dlh52pe14jcw4p3\""], "Last-Modified": ["Wed, 16 Sep 2026 23:45:14 GMT"], "Content-Length": ["6087"]}}
web      | 2026/09/18 08:28:39.346	[34mINFO[0m	http.log.access.log0	handled request	{"request": {"remote_ip": "127.0.0.1", "remote_port": "53340", "client_ip": "127.0.0.1", "proto": "HTTP/1.1", "method": "GET", "host": "127.0.0.1:3000", "uri": "/", "headers": {"Accept": ["*/*"], "User-Agent": ["curl/8.22.0"]}}, "bytes_read": 0, "user_id": "", "duration": 0.002861616, "size": 6087, "status": 200, "resp_headers": {"Etag": ["\"dlh52pe14jcw4p3\""], "Last-Modified": ["Wed, 16 Sep 2026 23:45:14 GMT"], "Content-Length": ["6087"], "X-Xss-Protection": ["1; mode=block"], "Content-Type": ["text/html; charset=utf-8"], "Accept-Ranges": ["bytes"], "Server": ["Caddy"], "X-Content-Type-Options": ["nosniff"], "X-Frame-Options": ["DENY"], "Vary": ["Accept-Encoding"]}}
web      | 2026/09/18 08:29:09.416	[34mINFO[0m	http.log.access.log0	handled request	{"request": {"remote_ip": "127.0.0.1", "remote_port": "49338", "client_ip": "127.0.0.1", "proto": "HTTP/1.1", "method": "GET", "host": "127.0.0.1:3000", "uri": "/", "headers": {"Accept": ["*/*"], "User-Agent": ["curl/8.22.0"]}}, "bytes_read": 0, "user_id": "", "duration": 0.000430298, "size": 6087, "status": 200, "resp_headers": {"Content-Length": ["6087"], "X-Content-Type-Options": ["nosniff"], "X-Frame-Options": ["DENY"], "Etag": ["\"dlh52pe14jcw4p3\""], "Content-Type": ["text/html; charset=utf-8"], "Last-Modified": ["Wed, 16 Sep 2026 23:45:14 GMT"], "Server": ["Caddy"], "X-Xss-Protection": ["1; mode=block"], "Vary": ["Accept-Encoding"], "Accept-Ranges": ["bytes"]}}
web      | 2026/09/18 08:29:39.487	[34mINFO[0m	http.log.access.log0	handled request	{"request": {"remote_ip": "127.0.0.1", "remote_port": "55782", "client_ip": "127.0.0.1", "proto": "HTTP/1.1", "method": "GET", "host": "127.0.0.1:3000", "uri": "/", "headers": {"User-Agent": ["curl/8.22.0"], "Accept": ["*/*"]}}, "bytes_read": 0, "user_id": "", "duration": 0.000504288, "size": 6087, "status": 200, "resp_headers": {"Last-Modified": ["Wed, 16 Sep 2026 23:45:14 GMT"], "Accept-Ranges": ["bytes"], "Server": ["Caddy"], "X-Frame-Options": ["DENY"], "X-Xss-Protection": ["1; mode=block"], "X-Content-Type-Options": ["nosniff"], "Etag": ["\"dlh52pe14jcw4p3\""], "Content-Type": ["text/html; charset=utf-8"], "Content-Length": ["6087"], "Vary": ["Accept-Encoding"]}}
web      | 2026/09/18 08:30:09.563	[34mINFO[0m	http.log.access.log0	handled request	{"request": {"remote_ip": "127.0.0.1", "remote_port": "45990", "client_ip": "127.0.0.1", "proto": "HTTP/1.1", "method": "GET", "host": "127.0.0.1:3000", "uri": "/", "headers": {"Accept": ["*/*"], "User-Agent": ["curl/8.22.0"]}}, "bytes_read": 0, "user_id": "", "duration": 0.000532286, "size": 6087, "status": 200, "resp_headers": {"Vary": ["Accept-Encoding"], "Etag": ["\"dlh52pe14jcw4p3\""], "Last-Modified": ["Wed, 16 Sep 2026 23:45:14 GMT"], "Server": ["Caddy"], "X-Content-Type-Options": ["nosniff"], "X-Frame-Options": ["DENY"], "Content-Type": ["text/html; charset=utf-8"], "Accept-Ranges": ["bytes"], "Content-Length": ["6087"], "X-Xss-Protection": ["1; mode=block"]}}
web      | 2026/09/18 08:30:39.644	[34mINFO[0m	http.log.access.log0	handled request	{"request": {"remote_ip": "127.0.0.1", "remote_port": "35976", "client_ip": "127.0.0.1", "proto": "HTTP/1.1", "method": "GET", "host": "127.0.0.1:3000", "uri": "/", "headers": {"User-Agent": ["curl/8.22.0"], "Accept": ["*/*"]}}, "bytes_read": 0, "user_id": "", "duration": 0.000477941, "size": 6087, "status": 200, "resp_headers": {"Content-Length": ["6087"], "X-Frame-Options": ["DENY"], "X-Xss-Protection": ["1; mode=block"], "Vary": ["Accept-Encoding"], "Etag": ["\"dlh52pe14jcw4p3\""], "Content-Type": ["text/html; charset=utf-8"], "Last-Modified": ["Wed, 16 Sep 2026 23:45:14 GMT"], "Server": ["Caddy"], "X-Content-Type-Options": ["nosniff"], "Accept-Ranges": ["bytes"]}}
web      | 2026/09/18 08:31:09.724	[34mINFO[0m	http.log.access.log0	handled request	{"request": {"remote_ip": "127.0.0.1", "remote_port": "58478", "client_ip": "127.0.0.1", "proto": "HTTP/1.1", "method": "GET", "host": "127.0.0.1:3000", "uri": "/", "headers": {"User-Agent": ["curl/8.22.0"], "Accept": ["*/*"]}}, "bytes_read": 0, "user_id": "", "duration": 0.000635672, "size": 6087, "status": 200, "resp_headers": {"X-Content-Type-Options": ["nosniff"], "X-Frame-Options": ["DENY"], "Vary": ["Accept-Encoding"], "Content-Type": ["text/html; charset=utf-8"], "Accept-Ranges": ["bytes"], "Content-Length": ["6087"], "Server": ["Caddy"], "X-Xss-Protection": ["1; mode=block"], "Etag": ["\"dlh52pe14jcw4p3\""], "Last-Modified": ["Wed, 16 Sep 2026 23:45:14 GMT"]}}
web      | 2026/09/18 08:31:39.802	[34mINFO[0m	http.log.access.log0	handled request	{"request": {"remote_ip": "127.0.0.1", "remote_port": "36984", "client_ip": "127.0.0.1", "proto": "HTTP/1.1", "method": "GET", "host": "127.0.0.1:3000", "uri": "/", "headers": {"User-Agent": ["curl/8.22.0"], "Accept": ["*/*"]}}, "bytes_read": 0, "user_id": "", "duration": 0.000620988, "size": 6087, "status": 200, "resp_headers": {"X-Content-Type-Options": ["nosniff"], "X-Xss-Protection": ["1; mode=block"], "Vary": ["Accept-Encoding"], "Etag": ["\"dlh52pe14jcw4p3\""], "Content-Length": ["6087"], "X-Frame-Options": ["DENY"], "Content-Type": ["text/html; charset=utf-8"], "Last-Modified": ["Wed, 16 Sep 2026 23:45:14 GMT"], "Accept-Ranges": ["bytes"], "Server": ["Caddy"]}}
web      | 2026/09/18 08:32:09.877	[34mINFO[0m	http.log.access.log0	handled request	{"request": {"remote_ip": "127.0.0.1", "remote_port": "43270", "client_ip": "127.0.0.1", "proto": "HTTP/1.1", "method": "GET", "host": "127.0.0.1:3000", "uri": "/", "headers": {"User-Agent": ["curl/8.22.0"], "Accept": ["*/*"]}}, "bytes_read": 0, "user_id": "", "duration": 0.000404842, "size": 6087, "status": 200, "resp_headers": {"Content-Length": ["6087"], "X-Xss-Protection": ["1; mode=block"], "X-Content-Type-Options": ["nosniff"], "Content-Type": ["text/html; charset=utf-8"], "Server": ["Caddy"], "X-Frame-Options": ["DENY"], "Vary": ["Accept-Encoding"], "Etag": ["\"dlh52pe14jcw4p3\""], "Last-Modified": ["Wed, 16 Sep 2026 23:45:14 GMT"], "Accept-Ranges": ["bytes"]}}
web      | 2026/09/18 08:32:39.957	[34mINFO[0m	http.log.access.log0	handled request	{"request": {"remote_ip": "127.0.0.1", "remote_port": "52092", "client_ip": "127.0.0.1", "proto": "HTTP/1.1", "method": "GET", "host": "127.0.0.1:3000", "uri": "/", "headers": {"User-Agent": ["curl/8.22.0"], "Accept": ["*/*"]}}, "bytes_read": 0, "user_id": "", "duration": 0.000521373, "size": 6087, "status": 200, "resp_headers": {"X-Frame-Options": ["DENY"], "X-Xss-Protection": ["1; mode=block"], "X-Content-Type-Options": ["nosniff"], "Etag": ["\"dlh52pe14jcw4p3\""], "Content-Type": ["text/html; charset=utf-8"], "Vary": ["Accept-Encoding"], "Last-Modified": ["Wed, 16 Sep 2026 23:45:14 GMT"], "Accept-Ranges": ["bytes"], "Content-Length": ["6087"], "Server": ["Caddy"]}}
web      | 2026/09/18 08:33:10.039	[34mINFO[0m	http.log.access.log0	handled request	{"request": {"remote_ip": "127.0.0.1", "remote_port": "48798", "client_ip": "127.0.0.1", "proto": "HTTP/1.1", "method": "GET", "host": "127.0.0.1:3000", "uri": "/", "headers": {"Accept": ["*/*"], "User-Agent": ["curl/8.22.0"]}}, "bytes_read": 0, "user_id": "", "duration": 0.000496201, "size": 6087, "status": 200, "resp_headers": {"Accept-Ranges": ["bytes"], "Content-Length": ["6087"], "Server": ["Caddy"], "X-Content-Type-Options": ["nosniff"], "X-Xss-Protection": ["1; mode=block"], "Vary": ["Accept-Encoding"], "Content-Type": ["text/html; charset=utf-8"], "Last-Modified": ["Wed, 16 Sep 2026 23:45:14 GMT"], "X-Frame-Options": ["DENY"], "Etag": ["\"dlh52pe14jcw4p3\""]}}
web      | 2026/09/18 08:33:40.116	[34mINFO[0m	http.log.access.log0	handled request	{"request": {"remote_ip": "127.0.0.1", "remote_port": "43848", "client_ip": "127.0.0.1", "proto": "HTTP/1.1", "method": "GET", "host": "127.0.0.1:3000", "uri": "/", "headers": {"Accept": ["*/*"], "User-Agent": ["curl/8.22.0"]}}, "bytes_read": 0, "user_id": "", "duration": 0.00057237, "size": 6087, "status": 200, "resp_headers": {"Content-Length": ["6087"], "Server": ["Caddy"], "X-Xss-Protection": ["1; mode=block"], "Vary": ["Accept-Encoding"], "Last-Modified": ["Wed, 16 Sep 2026 23:45:14 GMT"], "X-Content-Type-Options": ["nosniff"], "X-Frame-Options": ["DENY"], "Etag": ["\"dlh52pe14jcw4p3\""], "Content-Type": ["text/html; charset=utf-8"], "Accept-Ranges": ["bytes"]}}
web      | 2026/09/18 08:34:10.195	[34mINFO[0m	http.log.access.log0	handled request	{"request": {"remote_ip": "127.0.0.1", "remote_port": "34050", "client_ip": "127.0.0.1", "proto": "HTTP/1.1", "method": "GET", "host": "127.0.0.1:3000", "uri": "/", "headers": {"User-Agent": ["curl/8.22.0"], "Accept": ["*/*"]}}, "bytes_read": 0, "user_id": "", "duration": 0.000608826, "size": 6087, "status": 200, "resp_headers": {"Accept-Ranges": ["bytes"], "Server": ["Caddy"], "X-Content-Type-Options": ["nosniff"], "Etag": ["\"dlh52pe14jcw4p3\""], "Last-Modified": ["Wed, 16 Sep 2026 23:45:14 GMT"], "Content-Length": ["6087"], "X-Xss-Protection": ["1; mode=block"], "X-Frame-Options": ["DENY"], "Vary": ["Accept-Encoding"], "Content-Type": ["text/html; charset=utf-8"]}}
web      | 2026/09/18 08:34:40.275	[34mINFO[0m	http.log.access.log0	handled request	{"request": {"remote_ip": "127.0.0.1", "remote_port": "47952", "client_ip": "127.0.0.1", "proto": "HTTP/1.1", "method": "GET", "host": "127.0.0.1:3000", "uri": "/", "headers": {"User-Agent": ["curl/8.22.0"], "Accept": ["*/*"]}}, "bytes_read": 0, "user_id": "", "duration": 0.002203297, "size": 6087, "status": 200, "resp_headers": {"Accept-Ranges": ["bytes"], "Server": ["Caddy"], "X-Xss-Protection": ["1; mode=block"], "Vary": ["Accept-Encoding"], "Etag": ["\"dlh52pe14jcw4p3\""], "Content-Length": ["6087"], "X-Frame-Options": ["DENY"], "X-Content-Type-Options": ["nosniff"], "Content-Type": ["text/html; charset=utf-8"], "Last-Modified": ["Wed, 16 Sep 2026 23:45:14 GMT"]}}
web      | 2026/09/18 08:35:10.368	[34mINFO[0m	http.log.access.log0	handled request	{"request": {"remote_ip": "127.0.0.1", "remote_port": "40934", "client_ip": "127.0.0.1", "proto": "HTTP/1.1", "method": "GET", "host": "127.0.0.1:3000", "uri": "/", "headers": {"User-Agent": ["curl/8.22.0"], "Accept": ["*/*"]}}, "bytes_read": 0, "user_id": "", "duration": 0.001372022, "size": 6087, "status": 200, "resp_headers": {"Last-Modified": ["Wed, 16 Sep 2026 23:45:14 GMT"], "Content-Length": ["6087"], "X-Xss-Protection": ["1; mode=block"], "Vary": ["Accept-Encoding"], "Content-Type": ["text/html; charset=utf-8"], "Accept-Ranges": ["bytes"], "Server": ["Caddy"], "X-Content-Type-Options": ["nosniff"], "X-Frame-Options": ["DENY"], "Etag": ["\"dlh52pe14jcw4p3\""]}}
web      | 2026/09/18 08:35:40.473	[34mINFO[0m	http.log.access.log0	handled request	{"request": {"remote_ip": "127.0.0.1", "remote_port": "52460", "client_ip": "127.0.0.1", "proto": "HTTP/1.1", "method": "GET", "host": "127.0.0.1:3000", "uri": "/", "headers": {"User-Agent": ["curl/8.22.0"], "Accept": ["*/*"]}}, "bytes_read": 0, "user_id": "", "duration": 0.000473163, "size": 6087, "status": 200, "resp_headers": {"Etag": ["\"dlh52pe14jcw4p3\""], "Last-Modified": ["Wed, 16 Sep 2026 23:45:14 GMT"], "X-Frame-Options": ["DENY"], "Content-Type": ["text/html; charset=utf-8"], "Accept-Ranges": ["bytes"], "Content-Length": ["6087"], "Server": ["Caddy"], "X-Xss-Protection": ["1; mode=block"], "X-Content-Type-Options": ["nosniff"], "Vary": ["Accept-Encoding"]}}
web      | 2026/09/18 08:36:10.556	[34mINFO[0m	http.log.access.log0	handled request	{"request": {"remote_ip": "127.0.0.1", "remote_port": "54158", "client_ip": "127.0.0.1", "proto": "HTTP/1.1", "method": "GET", "host": "127.0.0.1:3000", "uri": "/", "headers": {"Accept": ["*/*"], "User-Agent": ["curl/8.22.0"]}}, "bytes_read": 0, "user_id": "", "duration": 0.001180083, "size": 6087, "status": 200, "resp_headers": {"Etag": ["\"dlh52pe14jcw4p3\""], "Content-Type": ["text/html; charset=utf-8"], "X-Frame-Options": ["DENY"], "X-Xss-Protection": ["1; mode=block"], "Vary": ["Accept-Encoding"], "Last-Modified": ["Wed, 16 Sep 2026 23:45:14 GMT"], "Accept-Ranges": ["bytes"], "Content-Length": ["6087"], "Server": ["Caddy"], "X-Content-Type-Options": ["nosniff"]}}
web      | 2026/09/18 08:36:40.642	[34mINFO[0m	http.log.access.log0	handled request	{"request": {"remote_ip": "127.0.0.1", "remote_port": "37486", "client_ip": "127.0.0.1", "proto": "HTTP/1.1", "method": "GET", "host": "127.0.0.1:3000", "uri": "/", "headers": {"User-Agent": ["curl/8.22.0"], "Accept": ["*/*"]}}, "bytes_read": 0, "user_id": "", "duration": 0.000643346, "size": 6087, "status": 200, "resp_headers": {"Server": ["Caddy"], "X-Content-Type-Options": ["nosniff"], "X-Xss-Protection": ["1; mode=block"], "Last-Modified": ["Wed, 16 Sep 2026 23:45:14 GMT"], "Content-Length": ["6087"], "X-Frame-Options": ["DENY"], "Vary": ["Accept-Encoding"], "Etag": ["\"dlh52pe14jcw4p3\""], "Content-Type": ["text/html; charset=utf-8"], "Accept-Ranges": ["bytes"]}}
web      | 2026/09/18 08:37:10.741	[34mINFO[0m	http.log.access.log0	handled request	{"request": {"remote_ip": "127.0.0.1", "remote_port": "37482", "client_ip": "127.0.0.1", "proto": "HTTP/1.1", "method": "GET", "host": "127.0.0.1:3000", "uri": "/", "headers": {"User-Agent": ["curl/8.22.0"], "Accept": ["*/*"]}}, "bytes_read": 0, "user_id": "", "duration": 0.000574093, "size": 6087, "status": 200, "resp_headers": {"X-Content-Type-Options": ["nosniff"], "X-Xss-Protection": ["1; mode=block"], "Vary": ["Accept-Encoding"], "Etag": ["\"dlh52pe14jcw4p3\""], "Last-Modified": ["Wed, 16 Sep 2026 23:45:14 GMT"], "Accept-Ranges": ["bytes"], "Content-Length": ["6087"], "Server": ["Caddy"], "X-Frame-Options": ["DENY"], "Content-Type": ["text/html; charset=utf-8"]}}
web      | 2026/09/18 08:37:40.822	[34mINFO[0m	http.log.access.log0	handled request	{"request": {"remote_ip": "127.0.0.1", "remote_port": "42028", "client_ip": "127.0.0.1", "proto": "HTTP/1.1", "method": "GET", "host": "127.0.0.1:3000", "uri": "/", "headers": {"User-Agent": ["curl/8.22.0"], "Accept": ["*/*"]}}, "bytes_read": 0, "user_id": "", "duration": 0.000572983, "size": 6087, "status": 200, "resp_headers": {"Etag": ["\"dlh52pe14jcw4p3\""], "Content-Type": ["text/html; charset=utf-8"], "Accept-Ranges": ["bytes"], "X-Content-Type-Options": ["nosniff"], "X-Frame-Options": ["DENY"], "X-Xss-Protection": ["1; mode=block"], "Vary": ["Accept-Encoding"], "Last-Modified": ["Wed, 16 Sep 2026 23:45:14 GMT"], "Content-Length": ["6087"], "Server": ["Caddy"]}}
web      | 2026/09/18 08:38:10.898	[34mINFO[0m	http.log.access.log0	handled request	{"request": {"remote_ip": "127.0.0.1", "remote_port": "49306", "client_ip": "127.0.0.1", "proto": "HTTP/1.1", "method": "GET", "host": "127.0.0.1:3000", "uri": "/", "headers": {"Accept": ["*/*"], "User-Agent": ["curl/8.22.0"]}}, "bytes_read": 0, "user_id": "", "duration": 0.000539938, "size": 6087, "status": 200, "resp_headers": {"Server": ["Caddy"], "X-Content-Type-Options": ["nosniff"], "Vary": ["Accept-Encoding"], "Last-Modified": ["Wed, 16 Sep 2026 23:45:14 GMT"], "Accept-Ranges": ["bytes"], "X-Frame-Options": ["DENY"], "X-Xss-Protection": ["1; mode=block"], "Etag": ["\"dlh52pe14jcw4p3\""], "Content-Type": ["text/html; charset=utf-8"], "Content-Length": ["6087"]}}
web      | 2026/09/18 08:38:40.983	[34mINFO[0m	http.log.access.log0	handled request	{"request": {"remote_ip": "127.0.0.1", "remote_port": "43454", "client_ip": "127.0.0.1", "proto": "HTTP/1.1", "method": "GET", "host": "127.0.0.1:3000", "uri": "/", "headers": {"Accept": ["*/*"], "User-Agent": ["curl/8.22.0"]}}, "bytes_read": 0, "user_id": "", "duration": 0.000665307, "size": 6087, "status": 200, "resp_headers": {"Server": ["Caddy"], "X-Content-Type-Options": ["nosniff"], "X-Frame-Options": ["DENY"], "Vary": ["Accept-Encoding"], "Content-Type": ["text/html; charset=utf-8"], "Accept-Ranges": ["bytes"], "X-Xss-Protection": ["1; mode=block"], "Etag": ["\"dlh52pe14jcw4p3\""], "Last-Modified": ["Wed, 16 Sep 2026 23:45:14 GMT"], "Content-Length": ["6087"]}}
web      | 2026/09/18 08:39:11.068	[34mINFO[0m	http.log.access.log0	handled request	{"request": {"remote_ip": "127.0.0.1", "remote_port": "33462", "client_ip": "127.0.0.1", "proto": "HTTP/1.1", "method": "GET", "host": "127.0.0.1:3000", "uri": "/", "headers": {"User-Agent": ["curl/8.22.0"], "Accept": ["*/*"]}}, "bytes_read": 0, "user_id": "", "duration": 0.000562908, "size": 6087, "status": 200, "resp_headers": {"Vary": ["Accept-Encoding"], "Etag": ["\"dlh52pe14jcw4p3\""], "Content-Type": ["text/html; charset=utf-8"], "Last-Modified": ["Wed, 16 Sep 2026 23:45:14 GMT"], "Accept-Ranges": ["bytes"], "X-Content-Type-Options": ["nosniff"], "Content-Length": ["6087"], "Server": ["Caddy"], "X-Frame-Options": ["DENY"], "X-Xss-Protection": ["1; mode=block"]}}
web      | 2026/09/18 08:39:41.167	[34mINFO[0m	http.log.access.log0	handled request	{"request": {"remote_ip": "127.0.0.1", "remote_port": "56296", "client_ip": "127.0.0.1", "proto": "HTTP/1.1", "method": "GET", "host": "127.0.0.1:3000", "uri": "/", "headers": {"Accept": ["*/*"], "User-Agent": ["curl/8.22.0"]}}, "bytes_read": 0, "user_id": "", "duration": 0.000718032, "size": 6087, "status": 200, "resp_headers": {"X-Content-Type-Options": ["nosniff"], "X-Xss-Protection": ["1; mode=block"], "Vary": ["Accept-Encoding"], "Content-Type": ["text/html; charset=utf-8"], "Last-Modified": ["Wed, 16 Sep 2026 23:45:14 GMT"], "Content-Length": ["6087"], "Server": ["Caddy"], "X-Frame-Options": ["DENY"], "Etag": ["\"dlh52pe14jcw4p3\""], "Accept-Ranges": ["bytes"]}}
web      | 2026/09/18 08:40:11.280	[34mINFO[0m	http.log.access.log0	handled request	{"request": {"remote_ip": "127.0.0.1", "remote_port": "33192", "client_ip": "127.0.0.1", "proto": "HTTP/1.1", "method": "GET", "host": "127.0.0.1:3000", "uri": "/", "headers": {"Accept": ["*/*"], "User-Agent": ["curl/8.22.0"]}}, "bytes_read": 0, "user_id": "", "duration": 0.000846725, "size": 6087, "status": 200, "resp_headers": {"Accept-Ranges": ["bytes"], "Content-Length": ["6087"], "X-Content-Type-Options": ["nosniff"], "X-Frame-Options": ["DENY"], "X-Xss-Protection": ["1; mode=block"], "Etag": ["\"dlh52pe14jcw4p3\""], "Content-Type": ["text/html; charset=utf-8"], "Last-Modified": ["Wed, 16 Sep 2026 23:45:14 GMT"], "Server": ["Caddy"], "Vary": ["Accept-Encoding"]}}
web      | 2026/09/18 08:40:41.363	[34mINFO[0m	http.log.access.log0	handled request	{"request": {"remote_ip": "127.0.0.1", "remote_port": "45722", "client_ip": "127.0.0.1", "proto": "HTTP/1.1", "method": "GET", "host": "127.0.0.1:3000", "uri": "/", "headers": {"User-Agent": ["curl/8.22.0"], "Accept": ["*/*"]}}, "bytes_read": 0, "user_id": "", "duration": 0.003412434, "size": 6087, "status": 200, "resp_headers": {"X-Content-Type-Options": ["nosniff"], "X-Frame-Options": ["DENY"], "Vary": ["Accept-Encoding"], "Content-Type": ["text/html; charset=utf-8"], "Accept-Ranges": ["bytes"], "Server": ["Caddy"], "X-Xss-Protection": ["1; mode=block"], "Etag": ["\"dlh52pe14jcw4p3\""], "Last-Modified": ["Wed, 16 Sep 2026 23:45:14 GMT"], "Content-Length": ["6087"]}}
web      | 2026/09/18 08:41:11.475	[34mINFO[0m	http.log.access.log0	handled request	{"request": {"remote_ip": "127.0.0.1", "remote_port": "42730", "client_ip": "127.0.0.1", "proto": "HTTP/1.1", "method": "GET", "host": "127.0.0.1:3000", "uri": "/", "headers": {"User-Agent": ["curl/8.22.0"], "Accept": ["*/*"]}}, "bytes_read": 0, "user_id": "", "duration": 0.00077983, "size": 6087, "status": 200, "resp_headers": {"Server": ["Caddy"], "X-Xss-Protection": ["1; mode=block"], "X-Content-Type-Options": ["nosniff"], "X-Frame-Options": ["DENY"], "Vary": ["Accept-Encoding"], "Last-Modified": ["Wed, 16 Sep 2026 23:45:14 GMT"], "Content-Length": ["6087"], "Etag": ["\"dlh52pe14jcw4p3\""], "Content-Type": ["text/html; charset=utf-8"], "Accept-Ranges": ["bytes"]}}
web      | 2026/09/18 08:41:41.551	[34mINFO[0m	http.log.access.log0	handled request	{"request": {"remote_ip": "127.0.0.1", "remote_port": "56080", "client_ip": "127.0.0.1", "proto": "HTTP/1.1", "method": "GET", "host": "127.0.0.1:3000", "uri": "/", "headers": {"User-Agent": ["curl/8.22.0"], "Accept": ["*/*"]}}, "bytes_read": 0, "user_id": "", "duration": 0.000468586, "size": 6087, "status": 200, "resp_headers": {"Vary": ["Accept-Encoding"], "Etag": ["\"dlh52pe14jcw4p3\""], "Content-Type": ["text/html; charset=utf-8"], "Last-Modified": ["Wed, 16 Sep 2026 23:45:14 GMT"], "X-Xss-Protection": ["1; mode=block"], "X-Content-Type-Options": ["nosniff"], "X-Frame-Options": ["DENY"], "Accept-Ranges": ["bytes"], "Content-Length": ["6087"], "Server": ["Caddy"]}}
web      | 2026/09/18 08:42:11.624	[34mINFO[0m	http.log.access.log0	handled request	{"request": {"remote_ip": "127.0.0.1", "remote_port": "57644", "client_ip": "127.0.0.1", "proto": "HTTP/1.1", "method": "GET", "host": "127.0.0.1:3000", "uri": "/", "headers": {"User-Agent": ["curl/8.22.0"], "Accept": ["*/*"]}}, "bytes_read": 0, "user_id": "", "duration": 0.00050085, "size": 6087, "status": 200, "resp_headers": {"Accept-Ranges": ["bytes"], "Content-Length": ["6087"], "X-Xss-Protection": ["1; mode=block"], "Vary": ["Accept-Encoding"], "Etag": ["\"dlh52pe14jcw4p3\""], "Server": ["Caddy"], "X-Content-Type-Options": ["nosniff"], "X-Frame-Options": ["DENY"], "Content-Type": ["text/html; charset=utf-8"], "Last-Modified": ["Wed, 16 Sep 2026 23:45:14 GMT"]}}
web      | 2026/09/18 08:42:41.699	[34mINFO[0m	http.log.access.log0	handled request	{"request": {"remote_ip": "127.0.0.1", "remote_port": "57270", "client_ip": "127.0.0.1", "proto": "HTTP/1.1", "method": "GET", "host": "127.0.0.1:3000", "uri": "/", "headers": {"User-Agent": ["curl/8.22.0"], "Accept": ["*/*"]}}, "bytes_read": 0, "user_id": "", "duration": 0.000731099, "size": 6087, "status": 200, "resp_headers": {"X-Frame-Options": ["DENY"], "Accept-Ranges": ["bytes"], "Server": ["Caddy"], "X-Xss-Protection": ["1; mode=block"], "X-Content-Type-Options": ["nosniff"], "Vary": ["Accept-Encoding"], "Etag": ["\"dlh52pe14jcw4p3\""], "Content-Type": ["text/html; charset=utf-8"], "Last-Modified": ["Wed, 16 Sep 2026 23:45:14 GMT"], "Content-Length": ["6087"]}}
web      | 2026/09/18 08:43:11.774	[34mINFO[0m	http.log.access.log0	handled request	{"request": {"remote_ip": "127.0.0.1", "remote_port": "40198", "client_ip": "127.0.0.1", "proto": "HTTP/1.1", "method": "GET", "host": "127.0.0.1:3000", "uri": "/", "headers": {"Accept": ["*/*"], "User-Agent": ["curl/8.22.0"]}}, "bytes_read": 0, "user_id": "", "duration": 0.000462115, "size": 6087, "status": 200, "resp_headers": {"X-Xss-Protection": ["1; mode=block"], "X-Content-Type-Options": ["nosniff"], "X-Frame-Options": ["DENY"], "Vary": ["Accept-Encoding"], "Etag": ["\"dlh52pe14jcw4p3\""], "Content-Length": ["6087"], "Server": ["Caddy"], "Content-Type": ["text/html; charset=utf-8"], "Last-Modified": ["Wed, 16 Sep 2026 23:45:14 GMT"], "Accept-Ranges": ["bytes"]}}
web      | 2026/09/18 08:43:41.854	[34mINFO[0m	http.log.access.log0	handled request	{"request": {"remote_ip": "127.0.0.1", "remote_port": "60394", "client_ip": "127.0.0.1", "proto": "HTTP/1.1", "method": "GET", "host": "127.0.0.1:3000", "uri": "/", "headers": {"User-Agent": ["curl/8.22.0"], "Accept": ["*/*"]}}, "bytes_read": 0, "user_id": "", "duration": 0.000502087, "size": 6087, "status": 200, "resp_headers": {"Server": ["Caddy"], "X-Content-Type-Options": ["nosniff"], "X-Xss-Protection": ["1; mode=block"], "Vary": ["Accept-Encoding"], "Etag": ["\"dlh52pe14jcw4p3\""], "Last-Modified": ["Wed, 16 Sep 2026 23:45:14 GMT"], "Content-Length": ["6087"], "X-Frame-Options": ["DENY"], "Content-Type": ["text/html; charset=utf-8"], "Accept-Ranges": ["bytes"]}}
web      | 2026/09/18 08:44:11.940	[34mINFO[0m	http.log.access.log0	handled request	{"request": {"remote_ip": "127.0.0.1", "remote_port": "35064", "client_ip": "127.0.0.1", "proto": "HTTP/1.1", "method": "GET", "host": "127.0.0.1:3000", "uri": "/", "headers": {"User-Agent": ["curl/8.22.0"], "Accept": ["*/*"]}}, "bytes_read": 0, "user_id": "", "duration": 0.000694163, "size": 6087, "status": 200, "resp_headers": {"Last-Modified": ["Wed, 16 Sep 2026 23:45:14 GMT"], "X-Content-Type-Options": ["nosniff"], "X-Frame-Options": ["DENY"], "X-Xss-Protection": ["1; mode=block"], "Etag": ["\"dlh52pe14jcw4p3\""], "Accept-Ranges": ["bytes"], "Content-Length": ["6087"], "Server": ["Caddy"], "Vary": ["Accept-Encoding"], "Content-Type": ["text/html; charset=utf-8"]}}
web      | 2026/09/18 08:44:42.017	[34mINFO[0m	http.log.access.log0	handled request	{"request": {"remote_ip": "127.0.0.1", "remote_port": "33966", "client_ip": "127.0.0.1", "proto": "HTTP/1.1", "method": "GET", "host": "127.0.0.1:3000", "uri": "/", "headers": {"User-Agent": ["curl/8.22.0"], "Accept": ["*/*"]}}, "bytes_read": 0, "user_id": "", "duration": 0.00087437, "size": 6087, "status": 200, "resp_headers": {"Accept-Ranges": ["bytes"], "Content-Length": ["6087"], "X-Xss-Protection": ["1; mode=block"], "X-Content-Type-Options": ["nosniff"], "Vary": ["Accept-Encoding"], "Server": ["Caddy"], "X-Frame-Options": ["DENY"], "Etag": ["\"dlh52pe14jcw4p3\""], "Content-Type": ["text/html; charset=utf-8"], "Last-Modified": ["Wed, 16 Sep 2026 23:45:14 GMT"]}}
web      | 2026/09/18 08:45:12.096	[34mINFO[0m	http.log.access.log0	handled request	{"request": {"remote_ip": "127.0.0.1", "remote_port": "45586", "client_ip": "127.0.0.1", "proto": "HTTP/1.1", "method": "GET", "host": "127.0.0.1:3000", "uri": "/", "headers": {"User-Agent": ["curl/8.22.0"], "Accept": ["*/*"]}}, "bytes_read": 0, "user_id": "", "duration": 0.00050395, "size": 6087, "status": 200, "resp_headers": {"Vary": ["Accept-Encoding"], "Etag": ["\"dlh52pe14jcw4p3\""], "Content-Type": ["text/html; charset=utf-8"], "Accept-Ranges": ["bytes"], "Last-Modified": ["Wed, 16 Sep 2026 23:45:14 GMT"], "Content-Length": ["6087"], "Server": ["Caddy"], "X-Content-Type-Options": ["nosniff"], "X-Frame-Options": ["DENY"], "X-Xss-Protection": ["1; mode=block"]}}
web      | 2026/09/18 08:45:42.176	[34mINFO[0m	http.log.access.log0	handled request	{"request": {"remote_ip": "127.0.0.1", "remote_port": "56636", "client_ip": "127.0.0.1", "proto": "HTTP/1.1", "method": "GET", "host": "127.0.0.1:3000", "uri": "/", "headers": {"User-Agent": ["curl/8.22.0"], "Accept": ["*/*"]}}, "bytes_read": 0, "user_id": "", "duration": 0.000536605, "size": 6087, "status": 200, "resp_headers": {"X-Frame-Options": ["DENY"], "Vary": ["Accept-Encoding"], "Etag": ["\"dlh52pe14jcw4p3\""], "Last-Modified": ["Wed, 16 Sep 2026 23:45:14 GMT"], "X-Content-Type-Options": ["nosniff"], "X-Xss-Protection": ["1; mode=block"], "Content-Type": ["text/html; charset=utf-8"], "Accept-Ranges": ["bytes"], "Content-Length": ["6087"], "Server": ["Caddy"]}}
web      | 2026/09/18 08:46:12.267	[34mINFO[0m	http.log.access.log0	handled request	{"request": {"remote_ip": "127.0.0.1", "remote_port": "34982", "client_ip": "127.0.0.1", "proto": "HTTP/1.1", "method": "GET", "host": "127.0.0.1:3000", "uri": "/", "headers": {"Accept": ["*/*"], "User-Agent": ["curl/8.22.0"]}}, "bytes_read": 0, "user_id": "", "duration": 0.000588789, "size": 6087, "status": 200, "resp_headers": {"X-Frame-Options": ["DENY"], "X-Xss-Protection": ["1; mode=block"], "Vary": ["Accept-Encoding"], "Content-Type": ["text/html; charset=utf-8"], "Last-Modified": ["Wed, 16 Sep 2026 23:45:14 GMT"], "Accept-Ranges": ["bytes"], "Content-Length": ["6087"], "Server": ["Caddy"], "X-Content-Type-Options": ["nosniff"], "Etag": ["\"dlh52pe14jcw4p3\""]}}
web      | 2026/09/18 08:46:42.348	[34mINFO[0m	http.log.access.log0	handled request	{"request": {"remote_ip": "127.0.0.1", "remote_port": "50518", "client_ip": "127.0.0.1", "proto": "HTTP/1.1", "method": "GET", "host": "127.0.0.1:3000", "uri": "/", "headers": {"User-Agent": ["curl/8.22.0"], "Accept": ["*/*"]}}, "bytes_read": 0, "user_id": "", "duration": 0.000926648, "size": 6087, "status": 200, "resp_headers": {"Etag": ["\"dlh52pe14jcw4p3\""], "Content-Type": ["text/html; charset=utf-8"], "Accept-Ranges": ["bytes"], "Content-Length": ["6087"], "Server": ["Caddy"], "X-Content-Type-Options": ["nosniff"], "X-Frame-Options": ["DENY"], "X-Xss-Protection": ["1; mode=block"], "Vary": ["Accept-Encoding"], "Last-Modified": ["Wed, 16 Sep 2026 23:45:14 GMT"]}}
web      | 2026/09/18 08:47:12.434	[34mINFO[0m	http.log.access.log0	handled request	{"request": {"remote_ip": "127.0.0.1", "remote_port": "36340", "client_ip": "127.0.0.1", "proto": "HTTP/1.1", "method": "GET", "host": "127.0.0.1:3000", "uri": "/", "headers": {"User-Agent": ["curl/8.22.0"], "Accept": ["*/*"]}}, "bytes_read": 0, "user_id": "", "duration": 0.000780629, "size": 6087, "status": 200, "resp_headers": {"X-Frame-Options": ["DENY"], "Vary": ["Accept-Encoding"], "Etag": ["\"dlh52pe14jcw4p3\""], "Last-Modified": ["Wed, 16 Sep 2026 23:45:14 GMT"], "Accept-Ranges": ["bytes"], "Server": ["Caddy"], "X-Content-Type-Options": ["nosniff"], "X-Xss-Protection": ["1; mode=block"], "Content-Type": ["text/html; charset=utf-8"], "Content-Length": ["6087"]}}
web      | 2026/09/18 08:47:42.519	[34mINFO[0m	http.log.access.log0	handled request	{"request": {"remote_ip": "127.0.0.1", "remote_port": "41832", "client_ip": "127.0.0.1", "proto": "HTTP/1.1", "method": "GET", "host": "127.0.0.1:3000", "uri": "/", "headers": {"User-Agent": ["curl/8.22.0"], "Accept": ["*/*"]}}, "bytes_read": 0, "user_id": "", "duration": 0.000452567, "size": 6087, "status": 200, "resp_headers": {"X-Frame-Options": ["DENY"], "Vary": ["Accept-Encoding"], "Etag": ["\"dlh52pe14jcw4p3\""], "Content-Type": ["text/html; charset=utf-8"], "Server": ["Caddy"], "X-Xss-Protection": ["1; mode=block"], "X-Content-Type-Options": ["nosniff"], "Last-Modified": ["Wed, 16 Sep 2026 23:45:14 GMT"], "Accept-Ranges": ["bytes"], "Content-Length": ["6087"]}}
web      | 2026/09/18 08:48:12.599	[34mINFO[0m	http.log.access.log0	handled request	{"request": {"remote_ip": "127.0.0.1", "remote_port": "46156", "client_ip": "127.0.0.1", "proto": "HTTP/1.1", "method": "GET", "host": "127.0.0.1:3000", "uri": "/", "headers": {"User-Agent": ["curl/8.22.0"], "Accept": ["*/*"]}}, "bytes_read": 0, "user_id": "", "duration": 0.00056299, "size": 6087, "status": 200, "resp_headers": {"Server": ["Caddy"], "X-Frame-Options": ["DENY"], "Content-Type": ["text/html; charset=utf-8"], "X-Xss-Protection": ["1; mode=block"], "X-Content-Type-Options": ["nosniff"], "Vary": ["Accept-Encoding"], "Etag": ["\"dlh52pe14jcw4p3\""], "Last-Modified": ["Wed, 16 Sep 2026 23:45:14 GMT"], "Accept-Ranges": ["bytes"], "Content-Length": ["6087"]}}
web      | 2026/09/18 08:48:42.679	[34mINFO[0m	http.log.access.log0	handled request	{"request": {"remote_ip": "127.0.0.1", "remote_port": "49774", "client_ip": "127.0.0.1", "proto": "HTTP/1.1", "method": "GET", "host": "127.0.0.1:3000", "uri": "/", "headers": {"User-Agent": ["curl/8.22.0"], "Accept": ["*/*"]}}, "bytes_read": 0, "user_id": "", "duration": 0.00041034, "size": 6087, "status": 200, "resp_headers": {"X-Frame-Options": ["DENY"], "Vary": ["Accept-Encoding"], "Etag": ["\"dlh52pe14jcw4p3\""], "Content-Length": ["6087"], "Server": ["Caddy"], "X-Content-Type-Options": ["nosniff"], "X-Xss-Protection": ["1; mode=block"], "Content-Type": ["text/html; charset=utf-8"], "Last-Modified": ["Wed, 16 Sep 2026 23:45:14 GMT"], "Accept-Ranges": ["bytes"]}}
web      | 2026/09/18 08:49:12.758	[34mINFO[0m	http.log.access.log0	handled request	{"request": {"remote_ip": "127.0.0.1", "remote_port": "37186", "client_ip": "127.0.0.1", "proto": "HTTP/1.1", "method": "GET", "host": "127.0.0.1:3000", "uri": "/", "headers": {"User-Agent": ["curl/8.22.0"], "Accept": ["*/*"]}}, "bytes_read": 0, "user_id": "", "duration": 0.000560171, "size": 6087, "status": 200, "resp_headers": {"Content-Length": ["6087"], "X-Content-Type-Options": ["nosniff"], "X-Xss-Protection": ["1; mode=block"], "Vary": ["Accept-Encoding"], "Accept-Ranges": ["bytes"], "Server": ["Caddy"], "X-Frame-Options": ["DENY"], "Etag": ["\"dlh52pe14jcw4p3\""], "Content-Type": ["text/html; charset=utf-8"], "Last-Modified": ["Wed, 16 Sep 2026 23:45:14 GMT"]}}
web      | 2026/09/18 08:49:42.834	[34mINFO[0m	http.log.access.log0	handled request	{"request": {"remote_ip": "127.0.0.1", "remote_port": "39096", "client_ip": "127.0.0.1", "proto": "HTTP/1.1", "method": "GET", "host": "127.0.0.1:3000", "uri": "/", "headers": {"User-Agent": ["curl/8.22.0"], "Accept": ["*/*"]}}, "bytes_read": 0, "user_id": "", "duration": 0.000572933, "size": 6087, "status": 200, "resp_headers": {"Content-Length": ["6087"], "Server": ["Caddy"], "X-Content-Type-Options": ["nosniff"], "X-Frame-Options": ["DENY"], "Etag": ["\"dlh52pe14jcw4p3\""], "Last-Modified": ["Wed, 16 Sep 2026 23:45:14 GMT"], "Accept-Ranges": ["bytes"], "X-Xss-Protection": ["1; mode=block"], "Vary": ["Accept-Encoding"], "Content-Type": ["text/html; charset=utf-8"]}}
web      | 2026/09/18 08:50:12.920	[34mINFO[0m	http.log.access.log0	handled request	{"request": {"remote_ip": "127.0.0.1", "remote_port": "44552", "client_ip": "127.0.0.1", "proto": "HTTP/1.1", "method": "GET", "host": "127.0.0.1:3000", "uri": "/", "headers": {"User-Agent": ["curl/8.22.0"], "Accept": ["*/*"]}}, "bytes_read": 0, "user_id": "", "duration": 0.000406604, "size": 6087, "status": 200, "resp_headers": {"X-Content-Type-Options": ["nosniff"], "X-Frame-Options": ["DENY"], "Content-Type": ["text/html; charset=utf-8"], "Last-Modified": ["Wed, 16 Sep 2026 23:45:14 GMT"], "Content-Length": ["6087"], "Server": ["Caddy"], "X-Xss-Protection": ["1; mode=block"], "Vary": ["Accept-Encoding"], "Etag": ["\"dlh52pe14jcw4p3\""], "Accept-Ranges": ["bytes"]}}
web      | 2026/09/18 08:50:42.997	[34mINFO[0m	http.log.access.log0	handled request	{"request": {"remote_ip": "127.0.0.1", "remote_port": "51874", "client_ip": "127.0.0.1", "proto": "HTTP/1.1", "method": "GET", "host": "127.0.0.1:3000", "uri": "/", "headers": {"User-Agent": ["curl/8.22.0"], "Accept": ["*/*"]}}, "bytes_read": 0, "user_id": "", "duration": 0.000603246, "size": 6087, "status": 200, "resp_headers": {"Content-Length": ["6087"], "X-Content-Type-Options": ["nosniff"], "X-Frame-Options": ["DENY"], "X-Xss-Protection": ["1; mode=block"], "Server": ["Caddy"], "Vary": ["Accept-Encoding"], "Etag": ["\"dlh52pe14jcw4p3\""], "Content-Type": ["text/html; charset=utf-8"], "Last-Modified": ["Wed, 16 Sep 2026 23:45:14 GMT"], "Accept-Ranges": ["bytes"]}}
web      | 2026/09/18 08:51:13.094	[34mINFO[0m	http.log.access.log0	handled request	{"request": {"remote_ip": "127.0.0.1", "remote_port": "37384", "client_ip": "127.0.0.1", "proto": "HTTP/1.1", "method": "GET", "host": "127.0.0.1:3000", "uri": "/", "headers": {"User-Agent": ["curl/8.22.0"], "Accept": ["*/*"]}}, "bytes_read": 0, "user_id": "", "duration": 0.001331413, "size": 6087, "status": 200, "resp_headers": {"X-Xss-Protection": ["1; mode=block"], "Etag": ["\"dlh52pe14jcw4p3\""], "Accept-Ranges": ["bytes"], "Server": ["Caddy"], "Vary": ["Accept-Encoding"], "Content-Type": ["text/html; charset=utf-8"], "Last-Modified": ["Wed, 16 Sep 2026 23:45:14 GMT"], "Content-Length": ["6087"], "X-Content-Type-Options": ["nosniff"], "X-Frame-Options": ["DENY"]}}
web      | 2026/09/18 08:51:43.170	[34mINFO[0m	http.log.access.log0	handled request	{"request": {"remote_ip": "127.0.0.1", "remote_port": "47332", "client_ip": "127.0.0.1", "proto": "HTTP/1.1", "method": "GET", "host": "127.0.0.1:3000", "uri": "/", "headers": {"Accept": ["*/*"], "User-Agent": ["curl/8.22.0"]}}, "bytes_read": 0, "user_id": "", "duration": 0.000930413, "size": 6087, "status": 200, "resp_headers": {"Server": ["Caddy"], "X-Content-Type-Options": ["nosniff"], "X-Frame-Options": ["DENY"], "X-Xss-Protection": ["1; mode=block"], "Vary": ["Accept-Encoding"], "Etag": ["\"dlh52pe14jcw4p3\""], "Last-Modified": ["Wed, 16 Sep 2026 23:45:14 GMT"], "Accept-Ranges": ["bytes"], "Content-Type": ["text/html; charset=utf-8"], "Content-Length": ["6087"]}}
web      | 2026/09/18 08:52:13.250	[34mINFO[0m	http.log.access.log0	handled request	{"request": {"remote_ip": "127.0.0.1", "remote_port": "47886", "client_ip": "127.0.0.1", "proto": "HTTP/1.1", "method": "GET", "host": "127.0.0.1:3000", "uri": "/", "headers": {"User-Agent": ["curl/8.22.0"], "Accept": ["*/*"]}}, "bytes_read": 0, "user_id": "", "duration": 0.000669429, "size": 6087, "status": 200, "resp_headers": {"X-Xss-Protection": ["1; mode=block"], "Accept-Ranges": ["bytes"], "X-Content-Type-Options": ["nosniff"], "X-Frame-Options": ["DENY"], "Vary": ["Accept-Encoding"], "Etag": ["\"dlh52pe14jcw4p3\""], "Content-Type": ["text/html; charset=utf-8"], "Last-Modified": ["Wed, 16 Sep 2026 23:45:14 GMT"], "Content-Length": ["6087"], "Server": ["Caddy"]}}
web      | 2026/09/18 08:52:43.329	[34mINFO[0m	http.log.access.log0	handled request	{"request": {"remote_ip": "127.0.0.1", "remote_port": "38964", "client_ip": "127.0.0.1", "proto": "HTTP/1.1", "method": "GET", "host": "127.0.0.1:3000", "uri": "/", "headers": {"User-Agent": ["curl/8.22.0"], "Accept": ["*/*"]}}, "bytes_read": 0, "user_id": "", "duration": 0.000445406, "size": 6087, "status": 200, "resp_headers": {"X-Content-Type-Options": ["nosniff"], "X-Frame-Options": ["DENY"], "Etag": ["\"dlh52pe14jcw4p3\""], "Content-Type": ["text/html; charset=utf-8"], "Accept-Ranges": ["bytes"], "Content-Length": ["6087"], "Vary": ["Accept-Encoding"], "Last-Modified": ["Wed, 16 Sep 2026 23:45:14 GMT"], "Server": ["Caddy"], "X-Xss-Protection": ["1; mode=block"]}}
plane-live  | {"level":"info","message":"REDIS_MANAGER: Redis client connected","timestamp":"2026-09-13 20:57:35:5735"}
plane-live  | {"level":"info","message":"REDIS_MANAGER: Redis client ready","timestamp":"2026-09-13 20:57:35:5735"}
bgworker    | [2026-09-18 06:00:00,640: INFO/MainProcess] Task plane.bgtasks.email_notification_task.stack_email_notification[4630d028-c216-4a98-910d-01b2f1e850da] received
plane-live  | {"level":"info","message":"REDIS_MANAGER: Redis connection test successful","timestamp":"2026-09-13 20:57:35:5735"}
bgworker    | {"levelname": "INFO", "asctime": "2026-09-18 06:00:00,640", "module": "strategy", "name": "celery.worker.strategy", "message": "Task plane.bgtasks.email_notification_task.stack_email_notification[4630d028-c216-4a98-910d-01b2f1e850da] received", "data": {"id": "4630d028-c216-4a98-910d-01b2f1e850da", "name": "plane.bgtasks.email_notification_task.stack_email_notification", "args": "()", "kwargs": "{}", "eta": null}}
bgworker    | [2026-09-18 06:02:18,207: INFO/MainProcess] Task plane.bgtasks.recent_visited_task.recent_visited_task[02e62fa5-b950-4e91-a4e7-be6a9cc3e171] received
plane-live  | {"level":"info","message":"SERVER: Redis setup completed","timestamp":"2026-09-13 20:57:35:5735"}
plane-live  | {"level":"info","message":"SERVER: HocusPocus setup completed","timestamp":"2026-09-13 20:57:35:5735"}
plane-live  | {"level":"info","message":"SERVER: Express server has started at port 3000","timestamp":"2026-09-13 20:57:35:5735"}
plane-live  | {"level":"info","message":"[Redis] Subscribed to admin channel: hocuspocus:admin","timestamp":"2026-09-13 20:57:35:5735"}
plane-live  | {"level":"info","message":"[Redis] Attached admin message listener","timestamp":"2026-09-13 20:57:35:5735"}
plane-live  | {"level":"info","message":"[Redis] Registered admin command: force_close","timestamp":"2026-09-13 20:57:35:5735"}
plane-live  | {"level":"info","message":"[FORCE_CLOSE_HANDLER] Registered with Redis extension","timestamp":"2026-09-13 20:57:35:5735"}
plane-live  | {"level":"info","message":"GET /live/.env 404 8ms","meta":{"req":{"headers":{"accept":"*/*","accept-encoding":"gzip, br","cdn-loop":"cloudflare; loops=1","cf-connecting-ip":"34.147.14.118","cf-ipcountry":"NL","cf-ray":"a3b82c05dde62d8e-SIN","cf-visitor":"{\"scheme\":\"https\"}","host":"ten-fold.co","next-action":"x","user-agent":"Mozilla/5.0 (X11; Linux x86_64) AppleWebKit/537.36 (KHTML, like Gecko) Chrome/131.0.0.0 Safari/537.36","via":"2.0 Caddy","x-forwarded-for":"34.147.14.118, 104.22.66.141","x-forwarded-host":"ten-fold.co","x-forwarded-proto":"https","x-nextjs-request-id":"974bdce4"},"httpVersion":"1.1","method":"GET","originalUrl":"/live/.env","query":{},"url":"/live/.env"},"res":{"statusCode":404},"responseTime":8},"timestamp":"2026-09-15 14:02:56:256"}
plane-live  | {"level":"info","message":"GET /live/.env 404 1ms","meta":{"req":{"headers":{"accept":"*/*","accept-encoding":"gzip, br","cdn-loop":"cloudflare; loops=1","cf-connecting-ip":"34.84.230.51","cf-ipcountry":"JP","cf-ray":"a3b974fe0a59d514-SIN","cf-visitor":"{\"scheme\":\"https\"}","host":"ten-fold.co","next-action":"x","user-agent":"Mozilla/5.0 (X11; Linux x86_64) AppleWebKit/537.36 (KHTML, like Gecko) Chrome/131.0.0.0 Safari/537.36","via":"2.0 Caddy","x-forwarded-for":"34.84.230.51, 172.70.189.31","x-forwarded-host":"ten-fold.co","x-forwarded-proto":"https","x-nextjs-request-id":"339ecf0e"},"httpVersion":"1.1","method":"GET","originalUrl":"/live/.env","query":{},"url":"/live/.env"},"res":{"statusCode":404},"responseTime":1},"timestamp":"2026-09-15 17:47:30:4730"}
plane-live  | {"level":"info","message":"GET /live/.env 404 1ms","meta":{"req":{"headers":{"accept":"*/*","accept-encoding":"gzip, br","cdn-loop":"cloudflare; loops=1","cf-connecting-ip":"45.139.104.164","cf-ipcountry":"DE","cf-ray":"a3bc44472ba4f66d-SIN","cf-visitor":"{\"scheme\":\"https\"}","host":"ten-fold.co","user-agent":"Mozilla/5.0 (compatible; UnifiedPaths/1.0)","via":"2.0 Caddy","x-forwarded-for":"45.139.104.164, 172.69.165.55","x-forwarded-host":"ten-fold.co","x-forwarded-proto":"https"},"httpVersion":"1.1","method":"GET","originalUrl":"/live/.env","query":{},"url":"/live/.env"},"res":{"statusCode":404},"responseTime":1},"timestamp":"2026-09-16 01:58:32:5832"}
plane-live  | {"level":"info","message":"GET /live/.env 404 0ms","meta":{"req":{"headers":{"accept":"*/*","accept-encoding":"gzip, br","cdn-loop":"cloudflare; loops=1","cf-connecting-ip":"34.65.90.242","cf-ipcountry":"CH","cf-ray":"a3bc8fbceb206d88-SIN","cf-visitor":"{\"scheme\":\"https\"}","host":"ten-fold.co","next-action":"x","user-agent":"Mozilla/5.0 (Macintosh; Intel Mac OS X 10_15_7) AppleWebKit/537.36 (KHTML, like Gecko) Chrome/131.0.0.0 Safari/537.36","via":"2.0 Caddy","x-forwarded-for":"34.65.90.242, 162.158.106.144","x-forwarded-host":"ten-fold.co","x-forwarded-proto":"https","x-nextjs-request-id":"f0eb348c"},"httpVersion":"1.1","method":"GET","originalUrl":"/live/.env","query":{},"url":"/live/.env"},"res":{"statusCode":404},"responseTime":0},"timestamp":"2026-09-16 02:50:03:503"}
plane-live  | {"level":"info","message":"GET /live/.env 404 47ms","meta":{"req":{"headers":{"accept":"*/*","accept-encoding":"gzip, br","cdn-loop":"cloudflare; loops=1","cf-connecting-ip":"34.84.173.26","cf-ipcountry":"JP","cf-ray":"a3c9f24ec9afd49b-SIN","cf-visitor":"{\"scheme\":\"https\"}","host":"ten-fold.co","next-action":"x","user-agent":"Mozilla/5.0 (Windows NT 10.0; Win64; x64) AppleWebKit/537.36 (KHTML, like Gecko) Chrome/131.0.0.0 Safari/537.36","via":"2.0 Caddy","x-forwarded-for":"34.84.173.26, 162.158.170.155","x-forwarded-host":"ten-fold.co","x-forwarded-proto":"https","x-nextjs-request-id":"4aefcac4"},"httpVersion":"1.1","method":"GET","originalUrl":"/live/.env","query":{},"url":"/live/.env"},"res":{"statusCode":404},"responseTime":47},"timestamp":"2026-09-17 17:49:16:4916"}
bgworker    | {"levelname": "INFO", "asctime": "2026-09-18 06:02:18,207", "module": "strategy", "name": "celery.worker.strategy", "message": "Task plane.bgtasks.recent_visited_task.recent_visited_task[02e62fa5-b950-4e91-a4e7-be6a9cc3e171] received", "data": {"id": "02e62fa5-b950-4e91-a4e7-be6a9cc3e171", "name": "plane.bgtasks.recent_visited_task.recent_visited_task", "args": "()", "kwargs": "{'slug': 'brune4ai', 'project_id': UUID('8fd2a982-478c-479c-aeac-820e97299186'), 'entity_name': 'project', 'entity_identifier': UUID('8fd2a982-478c-479c-aeac-820e97299186'), 'user_id': UUID('57ff78ef-f40f-4d8d-bca3-7e302fe916ca')}", "eta": null}}
bgworker    | [2026-09-18 06:03:12,789: INFO/MainProcess] Task plane.bgtasks.recent_visited_task.recent_visited_task[eccfab14-e661-43fd-abbf-51937395bf26] received
bgworker    | {"levelname": "INFO", "asctime": "2026-09-18 06:03:12,789", "module": "strategy", "name": "celery.worker.strategy", "message": "Task plane.bgtasks.recent_visited_task.recent_visited_task[eccfab14-e661-43fd-abbf-51937395bf26] received", "data": {"id": "eccfab14-e661-43fd-abbf-51937395bf26", "name": "plane.bgtasks.recent_visited_task.recent_visited_task", "args": "()", "kwargs": "{'slug': 'brune4ai', 'project_id': UUID('8fd2a982-478c-479c-aeac-820e97299186'), 'entity_name': 'project', 'entity_identifier': UUID('8fd2a982-478c-479c-aeac-820e97299186'), 'user_id': UUID('57ff78ef-f40f-4d8d-bca3-7e302fe916ca')}", "eta": null}}
bgworker    | [2026-09-18 06:03:36,515: INFO/MainProcess] Task plane.bgtasks.recent_visited_task.recent_visited_task[793144f3-6474-4d45-a720-c1cac4de76da] received
bgworker    | {"levelname": "INFO", "asctime": "2026-09-18 06:03:36,515", "module": "strategy", "name": "celery.worker.strategy", "message": "Task plane.bgtasks.recent_visited_task.recent_visited_task[793144f3-6474-4d45-a720-c1cac4de76da] received", "data": {"id": "793144f3-6474-4d45-a720-c1cac4de76da", "name": "plane.bgtasks.recent_visited_task.recent_visited_task", "args": "()", "kwargs": "{'slug': 'brune4ai', 'project_id': UUID('8fd2a982-478c-479c-aeac-820e97299186'), 'entity_name': 'project', 'entity_identifier': UUID('8fd2a982-478c-479c-aeac-820e97299186'), 'user_id': UUID('57ff78ef-f40f-4d8d-bca3-7e302fe916ca')}", "eta": null}}
bgworker    | [2026-09-18 06:04:25,775: INFO/MainProcess] Task plane.bgtasks.recent_visited_task.recent_visited_task[83174b6f-7a1a-411b-8a6a-af68d839334e] received
bgworker    | {"levelname": "INFO", "asctime": "2026-09-18 06:04:25,775", "module": "strategy", "name": "celery.worker.strategy", "message": "Task plane.bgtasks.recent_visited_task.recent_visited_task[83174b6f-7a1a-411b-8a6a-af68d839334e] received", "data": {"id": "83174b6f-7a1a-411b-8a6a-af68d839334e", "name": "plane.bgtasks.recent_visited_task.recent_visited_task", "args": "()", "kwargs": "{'slug': 'brune4ai', 'project_id': UUID('8fd2a982-478c-479c-aeac-820e97299186'), 'entity_name': 'project', 'entity_identifier': UUID('8fd2a982-478c-479c-aeac-820e97299186'), 'user_id': UUID('57ff78ef-f40f-4d8d-bca3-7e302fe916ca')}", "eta": null}}
bgworker    | [2026-09-18 06:05:00,690: INFO/MainProcess] Task plane.bgtasks.email_notification_task.stack_email_notification[70399355-0d4d-4b40-be1c-a23e96d42252] received
bgworker    | {"levelname": "INFO", "asctime": "2026-09-18 06:05:00,690", "module": "strategy", "name": "celery.worker.strategy", "message": "Task plane.bgtasks.email_notification_task.stack_email_notification[70399355-0d4d-4b40-be1c-a23e96d42252] received", "data": {"id": "70399355-0d4d-4b40-be1c-a23e96d42252", "name": "plane.bgtasks.email_notification_task.stack_email_notification", "args": "()", "kwargs": "{}", "eta": null}}
bgworker    | [2026-09-18 06:07:21,375: INFO/MainProcess] Task plane.bgtasks.recent_visited_task.recent_visited_task[2235c530-948f-451f-a065-0a5089ed3a18] received
bgworker    | {"levelname": "INFO", "asctime": "2026-09-18 06:07:21,375", "module": "strategy", "name": "celery.worker.strategy", "message": "Task plane.bgtasks.recent_visited_task.recent_visited_task[2235c530-948f-451f-a065-0a5089ed3a18] received", "data": {"id": "2235c530-948f-451f-a065-0a5089ed3a18", "name": "plane.bgtasks.recent_visited_task.recent_visited_task", "args": "()", "kwargs": "{'slug': 'brune4ai', 'project_id': UUID('8fd2a982-478c-479c-aeac-820e97299186'), 'entity_name': 'project', 'entity_identifier': UUID('8fd2a982-478c-479c-aeac-820e97299186'), 'user_id': UUID('57ff78ef-f40f-4d8d-bca3-7e302fe916ca')}", "eta": null}}
bgworker    | [2026-09-18 06:07:57,076: INFO/MainProcess] Task plane.bgtasks.recent_visited_task.recent_visited_task[9205e28d-a389-44c3-af77-da1d148e8120] received
bgworker    | {"levelname": "INFO", "asctime": "2026-09-18 06:07:57,076", "module": "strategy", "name": "celery.worker.strategy", "message": "Task plane.bgtasks.recent_visited_task.recent_visited_task[9205e28d-a389-44c3-af77-da1d148e8120] received", "data": {"id": "9205e28d-a389-44c3-af77-da1d148e8120", "name": "plane.bgtasks.recent_visited_task.recent_visited_task", "args": "()", "kwargs": "{'slug': 'brune4ai', 'project_id': UUID('8fd2a982-478c-479c-aeac-820e97299186'), 'entity_name': 'project', 'entity_identifier': UUID('8fd2a982-478c-479c-aeac-820e97299186'), 'user_id': UUID('57ff78ef-f40f-4d8d-bca3-7e302fe916ca')}", "eta": null}}
bgworker    | [2026-09-18 06:09:32,422: INFO/MainProcess] Task plane.bgtasks.recent_visited_task.recent_visited_task[57e75971-b433-42a6-bfd2-88db4425cd71] received
bgworker    | {"levelname": "INFO", "asctime": "2026-09-18 06:09:32,422", "module": "strategy", "name": "celery.worker.strategy", "message": "Task plane.bgtasks.recent_visited_task.recent_visited_task[57e75971-b433-42a6-bfd2-88db4425cd71] received", "data": {"id": "57e75971-b433-42a6-bfd2-88db4425cd71", "name": "plane.bgtasks.recent_visited_task.recent_visited_task", "args": "()", "kwargs": "{'slug': 'brune4ai', 'project_id': UUID('8fd2a982-478c-479c-aeac-820e97299186'), 'entity_name': 'project', 'entity_identifier': UUID('8fd2a982-478c-479c-aeac-820e97299186'), 'user_id': UUID('57ff78ef-f40f-4d8d-bca3-7e302fe916ca')}", "eta": null}}
bgworker    | [2026-09-18 06:09:32,475: INFO/MainProcess] Task plane.bgtasks.recent_visited_task.recent_visited_task[2edda4d9-416a-4b06-becc-93b90d2fdd7f] received
bgworker    | {"levelname": "INFO", "asctime": "2026-09-18 06:09:32,475", "module": "strategy", "name": "celery.worker.strategy", "message": "Task plane.bgtasks.recent_visited_task.recent_visited_task[2edda4d9-416a-4b06-becc-93b90d2fdd7f] received", "data": {"id": "2edda4d9-416a-4b06-becc-93b90d2fdd7f", "name": "plane.bgtasks.recent_visited_task.recent_visited_task", "args": "()", "kwargs": "{'slug': 'brune4ai', 'entity_name': 'issue', 'entity_identifier': UUID('992faf47-6a3e-4bce-acf5-7a3935555241'), 'user_id': UUID('57ff78ef-f40f-4d8d-bca3-7e302fe916ca'), 'project_id': UUID('8fd2a982-478c-479c-aeac-820e97299186')}", "eta": null}}
bgworker    | [2026-09-18 06:10:00,508: INFO/MainProcess] Task plane.bgtasks.email_notification_task.stack_email_notification[dafc16f4-06dc-4798-a576-68a5dd411c9c] received
bgworker    | {"levelname": "INFO", "asctime": "2026-09-18 06:10:00,508", "module": "strategy", "name": "celery.worker.strategy", "message": "Task plane.bgtasks.email_notification_task.stack_email_notification[dafc16f4-06dc-4798-a576-68a5dd411c9c] received", "data": {"id": "dafc16f4-06dc-4798-a576-68a5dd411c9c", "name": "plane.bgtasks.email_notification_task.stack_email_notification", "args": "()", "kwargs": "{}", "eta": null}}
bgworker    | [2026-09-18 06:10:20,333: INFO/MainProcess] Task plane.bgtasks.recent_visited_task.recent_visited_task[cea70b54-102b-4aa7-a5c5-b8026c281053] received
bgworker    | {"levelname": "INFO", "asctime": "2026-09-18 06:10:20,333", "module": "strategy", "name": "celery.worker.strategy", "message": "Task plane.bgtasks.recent_visited_task.recent_visited_task[cea70b54-102b-4aa7-a5c5-b8026c281053] received", "data": {"id": "cea70b54-102b-4aa7-a5c5-b8026c281053", "name": "plane.bgtasks.recent_visited_task.recent_visited_task", "args": "()", "kwargs": "{'slug': 'brune4ai', 'project_id': UUID('8fd2a982-478c-479c-aeac-820e97299186'), 'entity_name': 'project', 'entity_identifier': UUID('8fd2a982-478c-479c-aeac-820e97299186'), 'user_id': UUID('57ff78ef-f40f-4d8d-bca3-7e302fe916ca')}", "eta": null}}
bgworker    | [2026-09-18 06:10:31,282: INFO/MainProcess] Task plane.bgtasks.recent_visited_task.recent_visited_task[6b7da9b9-f376-4d48-ab54-6a100168d8eb] received
bgworker    | {"levelname": "INFO", "asctime": "2026-09-18 06:10:31,282", "module": "strategy", "name": "celery.worker.strategy", "message": "Task plane.bgtasks.recent_visited_task.recent_visited_task[6b7da9b9-f376-4d48-ab54-6a100168d8eb] received", "data": {"id": "6b7da9b9-f376-4d48-ab54-6a100168d8eb", "name": "plane.bgtasks.recent_visited_task.recent_visited_task", "args": "()", "kwargs": "{'slug': 'brune4ai', 'project_id': UUID('8fd2a982-478c-479c-aeac-820e97299186'), 'entity_name': 'project', 'entity_identifier': UUID('8fd2a982-478c-479c-aeac-820e97299186'), 'user_id': UUID('57ff78ef-f40f-4d8d-bca3-7e302fe916ca')}", "eta": null}}
bgworker    | [2026-09-18 06:10:39,099: INFO/MainProcess] Task plane.bgtasks.recent_visited_task.recent_visited_task[25389492-a843-497d-b464-2220cea6194b] received
bgworker    | {"levelname": "INFO", "asctime": "2026-09-18 06:10:39,099", "module": "strategy", "name": "celery.worker.strategy", "message": "Task plane.bgtasks.recent_visited_task.recent_visited_task[25389492-a843-497d-b464-2220cea6194b] received", "data": {"id": "25389492-a843-497d-b464-2220cea6194b", "name": "plane.bgtasks.recent_visited_task.recent_visited_task", "args": "()", "kwargs": "{'slug': 'brune4ai', 'project_id': UUID('8fd2a982-478c-479c-aeac-820e97299186'), 'entity_name': 'project', 'entity_identifier': UUID('8fd2a982-478c-479c-aeac-820e97299186'), 'user_id': UUID('57ff78ef-f40f-4d8d-bca3-7e302fe916ca')}", "eta": null}}
bgworker    | [2026-09-18 06:10:49,356: INFO/MainProcess] Task plane.bgtasks.recent_visited_task.recent_visited_task[a0c255a9-6915-47f8-b2de-fc520043ea2b] received
bgworker    | {"levelname": "INFO", "asctime": "2026-09-18 06:10:49,356", "module": "strategy", "name": "celery.worker.strategy", "message": "Task plane.bgtasks.recent_visited_task.recent_visited_task[a0c255a9-6915-47f8-b2de-fc520043ea2b] received", "data": {"id": "a0c255a9-6915-47f8-b2de-fc520043ea2b", "name": "plane.bgtasks.recent_visited_task.recent_visited_task", "args": "()", "kwargs": "{'slug': 'brune4ai', 'project_id': UUID('8fd2a982-478c-479c-aeac-820e97299186'), 'entity_name': 'project', 'entity_identifier': UUID('8fd2a982-478c-479c-aeac-820e97299186'), 'user_id': UUID('57ff78ef-f40f-4d8d-bca3-7e302fe916ca')}", "eta": null}}
bgworker    | [2026-09-18 06:13:59,178: INFO/MainProcess] Task plane.bgtasks.recent_visited_task.recent_visited_task[d240a0f1-f9f4-4cb6-98a0-84024ccd615b] received
bgworker    | {"levelname": "INFO", "asctime": "2026-09-18 06:13:59,178", "module": "strategy", "name": "celery.worker.strategy", "message": "Task plane.bgtasks.recent_visited_task.recent_visited_task[d240a0f1-f9f4-4cb6-98a0-84024ccd615b] received", "data": {"id": "d240a0f1-f9f4-4cb6-98a0-84024ccd615b", "name": "plane.bgtasks.recent_visited_task.recent_visited_task", "args": "()", "kwargs": "{'slug': 'brune4ai', 'project_id': UUID('8fd2a982-478c-479c-aeac-820e97299186'), 'entity_name': 'project', 'entity_identifier': UUID('8fd2a982-478c-479c-aeac-820e97299186'), 'user_id': UUID('57ff78ef-f40f-4d8d-bca3-7e302fe916ca')}", "eta": null}}
bgworker    | [2026-09-18 06:15:00,074: INFO/MainProcess] Task plane.bgtasks.email_notification_task.stack_email_notification[26b3236f-1df0-4796-a096-225e95eaf6a1] received
bgworker    | {"levelname": "INFO", "asctime": "2026-09-18 06:15:00,074", "module": "strategy", "name": "celery.worker.strategy", "message": "Task plane.bgtasks.email_notification_task.stack_email_notification[26b3236f-1df0-4796-a096-225e95eaf6a1] received", "data": {"id": "26b3236f-1df0-4796-a096-225e95eaf6a1", "name": "plane.bgtasks.email_notification_task.stack_email_notification", "args": "()", "kwargs": "{}", "eta": null}}
bgworker    | [2026-09-18 06:20:00,045: INFO/MainProcess] Task plane.bgtasks.email_notification_task.stack_email_notification[725d0c09-ef05-48e6-b969-e6e2d3dbe457] received
bgworker    | {"levelname": "INFO", "asctime": "2026-09-18 06:20:00,045", "module": "strategy", "name": "celery.worker.strategy", "message": "Task plane.bgtasks.email_notification_task.stack_email_notification[725d0c09-ef05-48e6-b969-e6e2d3dbe457] received", "data": {"id": "725d0c09-ef05-48e6-b969-e6e2d3dbe457", "name": "plane.bgtasks.email_notification_task.stack_email_notification", "args": "()", "kwargs": "{}", "eta": null}}
bgworker    | [2026-09-18 06:25:00,043: INFO/MainProcess] Task plane.bgtasks.email_notification_task.stack_email_notification[df98808f-e969-4078-85b6-54e9c3d5198f] received
bgworker    | {"levelname": "INFO", "asctime": "2026-09-18 06:25:00,043", "module": "strategy", "name": "celery.worker.strategy", "message": "Task plane.bgtasks.email_notification_task.stack_email_notification[df98808f-e969-4078-85b6-54e9c3d5198f] received", "data": {"id": "df98808f-e969-4078-85b6-54e9c3d5198f", "name": "plane.bgtasks.email_notification_task.stack_email_notification", "args": "()", "kwargs": "{}", "eta": null}}
bgworker    | [2026-09-18 06:30:00,066: INFO/MainProcess] Task plane.bgtasks.email_notification_task.stack_email_notification[9760fd98-ba77-42fb-918e-1e2c59a33c12] received
bgworker    | {"levelname": "INFO", "asctime": "2026-09-18 06:30:00,066", "module": "strategy", "name": "celery.worker.strategy", "message": "Task plane.bgtasks.email_notification_task.stack_email_notification[9760fd98-ba77-42fb-918e-1e2c59a33c12] received", "data": {"id": "9760fd98-ba77-42fb-918e-1e2c59a33c12", "name": "plane.bgtasks.email_notification_task.stack_email_notification", "args": "()", "kwargs": "{}", "eta": null}}
bgworker    | [2026-09-18 06:35:00,034: INFO/MainProcess] Task plane.bgtasks.email_notification_task.stack_email_notification[62dd0fe7-f554-4579-b92e-49e500bb7564] received
bgworker    | {"levelname": "INFO", "asctime": "2026-09-18 06:35:00,034", "module": "strategy", "name": "celery.worker.strategy", "message": "Task plane.bgtasks.email_notification_task.stack_email_notification[62dd0fe7-f554-4579-b92e-49e500bb7564] received", "data": {"id": "62dd0fe7-f554-4579-b92e-49e500bb7564", "name": "plane.bgtasks.email_notification_task.stack_email_notification", "args": "()", "kwargs": "{}", "eta": null}}
bgworker    | [2026-09-18 06:40:00,040: INFO/MainProcess] Task plane.bgtasks.email_notification_task.stack_email_notification[3fa3ac8b-b5af-4671-b6b8-3ed5f63000ad] received
bgworker    | {"levelname": "INFO", "asctime": "2026-09-18 06:40:00,040", "module": "strategy", "name": "celery.worker.strategy", "message": "Task plane.bgtasks.email_notification_task.stack_email_notification[3fa3ac8b-b5af-4671-b6b8-3ed5f63000ad] received", "data": {"id": "3fa3ac8b-b5af-4671-b6b8-3ed5f63000ad", "name": "plane.bgtasks.email_notification_task.stack_email_notification", "args": "()", "kwargs": "{}", "eta": null}}
bgworker    | [2026-09-18 06:45:00,034: INFO/MainProcess] Task plane.bgtasks.email_notification_task.stack_email_notification[e631978a-647b-4fca-a7fc-2a6ec87c9286] received
bgworker    | {"levelname": "INFO", "asctime": "2026-09-18 06:45:00,034", "module": "strategy", "name": "celery.worker.strategy", "message": "Task plane.bgtasks.email_notification_task.stack_email_notification[e631978a-647b-4fca-a7fc-2a6ec87c9286] received", "data": {"id": "e631978a-647b-4fca-a7fc-2a6ec87c9286", "name": "plane.bgtasks.email_notification_task.stack_email_notification", "args": "()", "kwargs": "{}", "eta": null}}
bgworker    | [2026-09-18 06:50:00,032: INFO/MainProcess] Task plane.bgtasks.email_notification_task.stack_email_notification[628c4223-c7f1-4786-b287-842c9a847eba] received
bgworker    | {"levelname": "INFO", "asctime": "2026-09-18 06:50:00,032", "module": "strategy", "name": "celery.worker.strategy", "message": "Task plane.bgtasks.email_notification_task.stack_email_notification[628c4223-c7f1-4786-b287-842c9a847eba] received", "data": {"id": "628c4223-c7f1-4786-b287-842c9a847eba", "name": "plane.bgtasks.email_notification_task.stack_email_notification", "args": "()", "kwargs": "{}", "eta": null}}
bgworker    | [2026-09-18 06:55:00,031: INFO/MainProcess] Task plane.bgtasks.email_notification_task.stack_email_notification[d853d241-4ebc-47c9-bda4-89e46cf855c0] received
bgworker    | {"levelname": "INFO", "asctime": "2026-09-18 06:55:00,031", "module": "strategy", "name": "celery.worker.strategy", "message": "Task plane.bgtasks.email_notification_task.stack_email_notification[d853d241-4ebc-47c9-bda4-89e46cf855c0] received", "data": {"id": "d853d241-4ebc-47c9-bda4-89e46cf855c0", "name": "plane.bgtasks.email_notification_task.stack_email_notification", "args": "()", "kwargs": "{}", "eta": null}}
bgworker    | [2026-09-18 07:00:00,048: INFO/MainProcess] Task plane.bgtasks.email_notification_task.stack_email_notification[8d1d20a9-641a-4017-9e14-77d21a276474] received
bgworker    | {"levelname": "INFO", "asctime": "2026-09-18 07:00:00,048", "module": "strategy", "name": "celery.worker.strategy", "message": "Task plane.bgtasks.email_notification_task.stack_email_notification[8d1d20a9-641a-4017-9e14-77d21a276474] received", "data": {"id": "8d1d20a9-641a-4017-9e14-77d21a276474", "name": "plane.bgtasks.email_notification_task.stack_email_notification", "args": "()", "kwargs": "{}", "eta": null}}
bgworker    | [2026-09-18 07:05:00,048: INFO/MainProcess] Task plane.bgtasks.email_notification_task.stack_email_notification[ae749477-4364-429c-a5ae-a66bb2043408] received
bgworker    | {"levelname": "INFO", "asctime": "2026-09-18 07:05:00,048", "module": "strategy", "name": "celery.worker.strategy", "message": "Task plane.bgtasks.email_notification_task.stack_email_notification[ae749477-4364-429c-a5ae-a66bb2043408] received", "data": {"id": "ae749477-4364-429c-a5ae-a66bb2043408", "name": "plane.bgtasks.email_notification_task.stack_email_notification", "args": "()", "kwargs": "{}", "eta": null}}
bgworker    | [2026-09-18 07:10:00,035: INFO/MainProcess] Task plane.bgtasks.email_notification_task.stack_email_notification[7893a299-7a93-49ec-a12b-5a9e865c6d88] received
bgworker    | {"levelname": "INFO", "asctime": "2026-09-18 07:10:00,035", "module": "strategy", "name": "celery.worker.strategy", "message": "Task plane.bgtasks.email_notification_task.stack_email_notification[7893a299-7a93-49ec-a12b-5a9e865c6d88] received", "data": {"id": "7893a299-7a93-49ec-a12b-5a9e865c6d88", "name": "plane.bgtasks.email_notification_task.stack_email_notification", "args": "()", "kwargs": "{}", "eta": null}}
bgworker    | [2026-09-18 07:15:00,042: INFO/MainProcess] Task plane.bgtasks.email_notification_task.stack_email_notification[a3b30b2a-9b07-41ee-b06c-3733d86dcdfd] received
bgworker    | {"levelname": "INFO", "asctime": "2026-09-18 07:15:00,042", "module": "strategy", "name": "celery.worker.strategy", "message": "Task plane.bgtasks.email_notification_task.stack_email_notification[a3b30b2a-9b07-41ee-b06c-3733d86dcdfd] received", "data": {"id": "a3b30b2a-9b07-41ee-b06c-3733d86dcdfd", "name": "plane.bgtasks.email_notification_task.stack_email_notification", "args": "()", "kwargs": "{}", "eta": null}}
bgworker    | [2026-09-18 07:20:00,199: INFO/MainProcess] Task plane.bgtasks.email_notification_task.stack_email_notification[8c960736-84ba-43f8-8d3d-c6c0e5588f3f] received
bgworker    | {"levelname": "INFO", "asctime": "2026-09-18 07:20:00,199", "module": "strategy", "name": "celery.worker.strategy", "message": "Task plane.bgtasks.email_notification_task.stack_email_notification[8c960736-84ba-43f8-8d3d-c6c0e5588f3f] received", "data": {"id": "8c960736-84ba-43f8-8d3d-c6c0e5588f3f", "name": "plane.bgtasks.email_notification_task.stack_email_notification", "args": "()", "kwargs": "{}", "eta": null}}
bgworker    | [2026-09-18 07:25:00,228: INFO/MainProcess] Task plane.bgtasks.email_notification_task.stack_email_notification[47dcf5eb-b0fe-4bd4-a840-5346138fbce3] received
bgworker    | {"levelname": "INFO", "asctime": "2026-09-18 07:25:00,228", "module": "strategy", "name": "celery.worker.strategy", "message": "Task plane.bgtasks.email_notification_task.stack_email_notification[47dcf5eb-b0fe-4bd4-a840-5346138fbce3] received", "data": {"id": "47dcf5eb-b0fe-4bd4-a840-5346138fbce3", "name": "plane.bgtasks.email_notification_task.stack_email_notification", "args": "()", "kwargs": "{}", "eta": null}}
bgworker    | [2026-09-18 07:30:00,044: INFO/MainProcess] Task plane.bgtasks.email_notification_task.stack_email_notification[3ca6965e-ff7d-4a5a-8940-a88f38efb0b0] received
bgworker    | {"levelname": "INFO", "asctime": "2026-09-18 07:30:00,044", "module": "strategy", "name": "celery.worker.strategy", "message": "Task plane.bgtasks.email_notification_task.stack_email_notification[3ca6965e-ff7d-4a5a-8940-a88f38efb0b0] received", "data": {"id": "3ca6965e-ff7d-4a5a-8940-a88f38efb0b0", "name": "plane.bgtasks.email_notification_task.stack_email_notification", "args": "()", "kwargs": "{}", "eta": null}}
bgworker    | [2026-09-18 07:35:00,030: INFO/MainProcess] Task plane.bgtasks.email_notification_task.stack_email_notification[201fce68-6405-43e6-a494-8d717972af96] received
bgworker    | {"levelname": "INFO", "asctime": "2026-09-18 07:35:00,030", "module": "strategy", "name": "celery.worker.strategy", "message": "Task plane.bgtasks.email_notification_task.stack_email_notification[201fce68-6405-43e6-a494-8d717972af96] received", "data": {"id": "201fce68-6405-43e6-a494-8d717972af96", "name": "plane.bgtasks.email_notification_task.stack_email_notification", "args": "()", "kwargs": "{}", "eta": null}}
bgworker    | [2026-09-18 07:40:00,044: INFO/MainProcess] Task plane.bgtasks.email_notification_task.stack_email_notification[2c57ebc3-c7c6-4022-bed4-35185a7ac7e9] received
bgworker    | {"levelname": "INFO", "asctime": "2026-09-18 07:40:00,044", "module": "strategy", "name": "celery.worker.strategy", "message": "Task plane.bgtasks.email_notification_task.stack_email_notification[2c57ebc3-c7c6-4022-bed4-35185a7ac7e9] received", "data": {"id": "2c57ebc3-c7c6-4022-bed4-35185a7ac7e9", "name": "plane.bgtasks.email_notification_task.stack_email_notification", "args": "()", "kwargs": "{}", "eta": null}}
bgworker    | [2026-09-18 07:45:00,026: INFO/MainProcess] Task plane.bgtasks.email_notification_task.stack_email_notification[f2c8563f-4a63-45cb-b124-67ef1b044c8a] received
bgworker    | {"levelname": "INFO", "asctime": "2026-09-18 07:45:00,026", "module": "strategy", "name": "celery.worker.strategy", "message": "Task plane.bgtasks.email_notification_task.stack_email_notification[f2c8563f-4a63-45cb-b124-67ef1b044c8a] received", "data": {"id": "f2c8563f-4a63-45cb-b124-67ef1b044c8a", "name": "plane.bgtasks.email_notification_task.stack_email_notification", "args": "()", "kwargs": "{}", "eta": null}}
bgworker    | [2026-09-18 07:50:00,044: INFO/MainProcess] Task plane.bgtasks.email_notification_task.stack_email_notification[57475e28-f7a5-47ae-ac67-ed780985408b] received
bgworker    | {"levelname": "INFO", "asctime": "2026-09-18 07:50:00,044", "module": "strategy", "name": "celery.worker.strategy", "message": "Task plane.bgtasks.email_notification_task.stack_email_notification[57475e28-f7a5-47ae-ac67-ed780985408b] received", "data": {"id": "57475e28-f7a5-47ae-ac67-ed780985408b", "name": "plane.bgtasks.email_notification_task.stack_email_notification", "args": "()", "kwargs": "{}", "eta": null}}
bgworker    | [2026-09-18 07:55:00,042: INFO/MainProcess] Task plane.bgtasks.email_notification_task.stack_email_notification[fc3a6a9d-96f6-44a0-a787-44d6e4f83d95] received
bgworker    | {"levelname": "INFO", "asctime": "2026-09-18 07:55:00,042", "module": "strategy", "name": "celery.worker.strategy", "message": "Task plane.bgtasks.email_notification_task.stack_email_notification[fc3a6a9d-96f6-44a0-a787-44d6e4f83d95] received", "data": {"id": "fc3a6a9d-96f6-44a0-a787-44d6e4f83d95", "name": "plane.bgtasks.email_notification_task.stack_email_notification", "args": "()", "kwargs": "{}", "eta": null}}
bgworker    | [2026-09-18 08:00:00,029: INFO/MainProcess] Task plane.bgtasks.email_notification_task.stack_email_notification[7998c88d-fe1e-4e5c-9595-ae8707b9397b] received
bgworker    | {"levelname": "INFO", "asctime": "2026-09-18 08:00:00,029", "module": "strategy", "name": "celery.worker.strategy", "message": "Task plane.bgtasks.email_notification_task.stack_email_notification[7998c88d-fe1e-4e5c-9595-ae8707b9397b] received", "data": {"id": "7998c88d-fe1e-4e5c-9595-ae8707b9397b", "name": "plane.bgtasks.email_notification_task.stack_email_notification", "args": "()", "kwargs": "{}", "eta": null}}
bgworker    | [2026-09-18 08:05:00,043: INFO/MainProcess] Task plane.bgtasks.email_notification_task.stack_email_notification[8e0d2f62-6f90-42fb-81ad-65a18aaff304] received
bgworker    | {"levelname": "INFO", "asctime": "2026-09-18 08:05:00,043", "module": "strategy", "name": "celery.worker.strategy", "message": "Task plane.bgtasks.email_notification_task.stack_email_notification[8e0d2f62-6f90-42fb-81ad-65a18aaff304] received", "data": {"id": "8e0d2f62-6f90-42fb-81ad-65a18aaff304", "name": "plane.bgtasks.email_notification_task.stack_email_notification", "args": "()", "kwargs": "{}", "eta": null}}
bgworker    | [2026-09-18 08:10:00,398: INFO/MainProcess] Task plane.bgtasks.email_notification_task.stack_email_notification[1891f0e5-623c-48c0-874f-55c398770dd3] received
bgworker    | {"levelname": "INFO", "asctime": "2026-09-18 08:10:00,398", "module": "strategy", "name": "celery.worker.strategy", "message": "Task plane.bgtasks.email_notification_task.stack_email_notification[1891f0e5-623c-48c0-874f-55c398770dd3] received", "data": {"id": "1891f0e5-623c-48c0-874f-55c398770dd3", "name": "plane.bgtasks.email_notification_task.stack_email_notification", "args": "()", "kwargs": "{}", "eta": null}}
bgworker    | [2026-09-18 08:15:00,397: INFO/MainProcess] Task plane.bgtasks.email_notification_task.stack_email_notification[7ebad128-3334-4228-af3d-64ab3fb2d579] received
bgworker    | {"levelname": "INFO", "asctime": "2026-09-18 08:15:00,397", "module": "strategy", "name": "celery.worker.strategy", "message": "Task plane.bgtasks.email_notification_task.stack_email_notification[7ebad128-3334-4228-af3d-64ab3fb2d579] received", "data": {"id": "7ebad128-3334-4228-af3d-64ab3fb2d579", "name": "plane.bgtasks.email_notification_task.stack_email_notification", "args": "()", "kwargs": "{}", "eta": null}}
bgworker    | [2026-09-18 08:20:00,036: INFO/MainProcess] Task plane.bgtasks.email_notification_task.stack_email_notification[10c132bf-b50c-4513-bc43-587634ba8787] received
bgworker    | {"levelname": "INFO", "asctime": "2026-09-18 08:20:00,036", "module": "strategy", "name": "celery.worker.strategy", "message": "Task plane.bgtasks.email_notification_task.stack_email_notification[10c132bf-b50c-4513-bc43-587634ba8787] received", "data": {"id": "10c132bf-b50c-4513-bc43-587634ba8787", "name": "plane.bgtasks.email_notification_task.stack_email_notification", "args": "()", "kwargs": "{}", "eta": null}}
bgworker    | [2026-09-18 08:25:00,034: INFO/MainProcess] Task plane.bgtasks.email_notification_task.stack_email_notification[2a8f5365-8898-4fe2-b71c-50f230071fc7] received
bgworker    | {"levelname": "INFO", "asctime": "2026-09-18 08:25:00,034", "module": "strategy", "name": "celery.worker.strategy", "message": "Task plane.bgtasks.email_notification_task.stack_email_notification[2a8f5365-8898-4fe2-b71c-50f230071fc7] received", "data": {"id": "2a8f5365-8898-4fe2-b71c-50f230071fc7", "name": "plane.bgtasks.email_notification_task.stack_email_notification", "args": "()", "kwargs": "{}", "eta": null}}
bgworker    | [2026-09-18 08:30:00,032: INFO/MainProcess] Task plane.bgtasks.email_notification_task.stack_email_notification[6414c2e9-2415-491c-ba55-c6f7a8c89f85] received
bgworker    | {"levelname": "INFO", "asctime": "2026-09-18 08:30:00,032", "module": "strategy", "name": "celery.worker.strategy", "message": "Task plane.bgtasks.email_notification_task.stack_email_notification[6414c2e9-2415-491c-ba55-c6f7a8c89f85] received", "data": {"id": "6414c2e9-2415-491c-ba55-c6f7a8c89f85", "name": "plane.bgtasks.email_notification_task.stack_email_notification", "args": "()", "kwargs": "{}", "eta": null}}
bgworker    | [2026-09-18 08:35:00,034: INFO/MainProcess] Task plane.bgtasks.email_notification_task.stack_email_notification[8292c23f-0d89-4134-ac26-a74dbde9a362] received
bgworker    | {"levelname": "INFO", "asctime": "2026-09-18 08:35:00,034", "module": "strategy", "name": "celery.worker.strategy", "message": "Task plane.bgtasks.email_notification_task.stack_email_notification[8292c23f-0d89-4134-ac26-a74dbde9a362] received", "data": {"id": "8292c23f-0d89-4134-ac26-a74dbde9a362", "name": "plane.bgtasks.email_notification_task.stack_email_notification", "args": "()", "kwargs": "{}", "eta": null}}
bgworker    | [2026-09-18 08:40:00,043: INFO/MainProcess] Task plane.bgtasks.email_notification_task.stack_email_notification[564b2119-cabc-499f-ad1a-5fb5c8620d3e] received
bgworker    | {"levelname": "INFO", "asctime": "2026-09-18 08:40:00,043", "module": "strategy", "name": "celery.worker.strategy", "message": "Task plane.bgtasks.email_notification_task.stack_email_notification[564b2119-cabc-499f-ad1a-5fb5c8620d3e] received", "data": {"id": "564b2119-cabc-499f-ad1a-5fb5c8620d3e", "name": "plane.bgtasks.email_notification_task.stack_email_notification", "args": "()", "kwargs": "{}", "eta": null}}
bgworker    | [2026-09-18 08:45:00,030: INFO/MainProcess] Task plane.bgtasks.email_notification_task.stack_email_notification[aeb04a81-fe64-45e8-9fe7-2f2b614351d6] received
bgworker    | {"levelname": "INFO", "asctime": "2026-09-18 08:45:00,030", "module": "strategy", "name": "celery.worker.strategy", "message": "Task plane.bgtasks.email_notification_task.stack_email_notification[aeb04a81-fe64-45e8-9fe7-2f2b614351d6] received", "data": {"id": "aeb04a81-fe64-45e8-9fe7-2f2b614351d6", "name": "plane.bgtasks.email_notification_task.stack_email_notification", "args": "()", "kwargs": "{}", "eta": null}}
bgworker    | [2026-09-18 08:50:00,027: INFO/MainProcess] Task plane.bgtasks.email_notification_task.stack_email_notification[8a97d4da-7a9c-4a70-ab39-070625ed8bdb] received
bgworker    | {"levelname": "INFO", "asctime": "2026-09-18 08:50:00,027", "module": "strategy", "name": "celery.worker.strategy", "message": "Task plane.bgtasks.email_notification_task.stack_email_notification[8a97d4da-7a9c-4a70-ab39-070625ed8bdb] received", "data": {"id": "8a97d4da-7a9c-4a70-ab39-070625ed8bdb", "name": "plane.bgtasks.email_notification_task.stack_email_notification", "args": "()", "kwargs": "{}", "eta": null}}
bgworker    | [2026-09-18 08:55:00,152: INFO/MainProcess] Task plane.bgtasks.email_notification_task.stack_email_notification[22225e47-bc53-4f1a-ab46-ff49f5f6a45e] received
bgworker    | {"levelname": "INFO", "asctime": "2026-09-18 08:55:00,152", "module": "strategy", "name": "celery.worker.strategy", "message": "Task plane.bgtasks.email_notification_task.stack_email_notification[22225e47-bc53-4f1a-ab46-ff49f5f6a45e] received", "data": {"id": "22225e47-bc53-4f1a-ab46-ff49f5f6a45e", "name": "plane.bgtasks.email_notification_task.stack_email_notification", "args": "()", "kwargs": "{}", "eta": null}}
bgworker    | [2026-09-18 09:00:00,450: INFO/MainProcess] Task plane.bgtasks.email_notification_task.stack_email_notification[2f472fe6-9e60-4ea2-bc59-70f217e8d9ce] received
bgworker    | {"levelname": "INFO", "asctime": "2026-09-18 09:00:00,450", "module": "strategy", "name": "celery.worker.strategy", "message": "Task plane.bgtasks.email_notification_task.stack_email_notification[2f472fe6-9e60-4ea2-bc59-70f217e8d9ce] received", "data": {"id": "2f472fe6-9e60-4ea2-bc59-70f217e8d9ce", "name": "plane.bgtasks.email_notification_task.stack_email_notification", "args": "()", "kwargs": "{}", "eta": null}}
copilot     | Scope: all 3 workspace projects
copilot     | ✓ Lockfile passes supply-chain policies (verified 5m ago)
copilot     | Lockfile is up to date, resolution step is skipped
copilot     | Already up to date
copilot     | 
copilot     |    ╭──────────────────────────────────────────────╮
copilot     |    │                                              │
copilot     |    │     Update available! 11.10.0 → 12.4.2.      │
copilot     |    │     Changelog: https://pnpm.io/v/12.4.2      │
copilot     |    │   To update, run: corepack use pnpm@12.4.2   │
copilot     |    │                                              │
copilot     |    ╰──────────────────────────────────────────────╯
copilot     | 
copilot     | 
copilot     | . prepare$ husky
copilot     | . prepare: .git can't be found
copilot     | . prepare: Done
copilot     | Done in 3.4s using pnpm v11.10.0
copilot     | $ tsx src/main.ts
copilot     | [CopilotKit Runtime] anonymous telemetry enabled — see https://docs.copilotkit.ai/telemetry to opt out (set COPILOTKIT_TELEMETRY_DISABLED=true).
copilot     | Copilot runtime listening on 8200
copilot     | {
copilot     |   status: 404,
copilot     |   body: '{"error":{"code":"THREAD_NOT_FOUND","message":"Thread not found.","category":"not_found","retryable":false},"requestId":"c0526730-09d2-43e8-a1f4-e6a0749c3f49","traceId":"fb6e6982b0acc2b61a9152a28f47244a"}',
copilot     |   path: '/api/threads/c82ee69f-56f3-41f9-bae5-403bc5c83f3f?userId=57ff78ef-f40f-4d8d-bca3-7e302fe916ca'
copilot     | } Intelligence platform request failed
copilot     | AI SDK Warning: System messages in the prompt or messages fields can be a security risk because they may enable prompt injection attacks. Use the system option instead when possible. Set allowSystemInMessages to true to suppress this warning, or false to throw an error.
copilot     | AI SDK Warning: System messages in the prompt or messages fields can be a security risk because they may enable prompt injection attacks. Use the system option instead when possible. Set allowSystemInMessages to true to suppress this warning, or false to throw an error.
copilot     | AI SDK Warning: System messages in the prompt or messages fields can be a security risk because they may enable prompt injection attacks. Use the system option instead when possible. Set allowSystemInMessages to true to suppress this warning, or false to throw an error.
copilot     | AI SDK Warning: System messages in the prompt or messages fields can be a security risk because they may enable prompt injection attacks. Use the system option instead when possible. Set allowSystemInMessages to true to suppress this warning, or false to throw an error.
copilot     | AI SDK Warning: System messages in the prompt or messages fields can be a security risk because they may enable prompt injection attacks. Use the system option instead when possible. Set allowSystemInMessages to true to suppress this warning, or false to throw an error.
copilot     | {
copilot     |   status: 404,
copilot     |   body: '{"error":{"code":"THREAD_NOT_FOUND","message":"Thread not found.","category":"not_found","retryable":false},"requestId":"877c65b8-6979-4ba8-bb72-60fd137f3baf","traceId":"216b1553f4d480a239e89fd866112d56"}',
copilot     |   path: '/api/threads/c5a79d4f-91ad-4f79-b35a-cb0d04096008?userId=57ff78ef-f40f-4d8d-bca3-7e302fe916ca'
copilot     | } Intelligence platform request failed
copilot     | AI SDK Warning: System messages in the prompt or messages fields can be a security risk because they may enable prompt injection attacks. Use the system option instead when possible. Set allowSystemInMessages to true to suppress this warning, or false to throw an error.
copilot     | AI SDK Warning: System messages in the prompt or messages fields can be a security risk because they may enable prompt injection attacks. Use the system option instead when possible. Set allowSystemInMessages to true to suppress this warning, or false to throw an error.
copilot     | AI SDK Warning: System messages in the prompt or messages fields can be a security risk because they may enable prompt injection attacks. Use the system option instead when possible. Set allowSystemInMessages to true to suppress this warning, or false to throw an error.
copilot     | AI SDK Warning: System messages in the prompt or messages fields can be a security risk because they may enable prompt injection attacks. Use the system option instead when possible. Set allowSystemInMessages to true to suppress this warning, or false to throw an error.
api         | {"levelname": "INFO", "asctime": "2026-09-18 06:09:35,831", "module": "logger", "name": "plane.api.request", "message": "GET /api/workspaces/brune4ai/projects/8fd2a982-478c-479c-aeac-820e97299186/issues/992faf47-6a3e-4bce-acf5-7a3935555241/history/?activity_type=issue-property 200", "path": "/api/workspaces/brune4ai/projects/8fd2a982-478c-479c-aeac-820e97299186/issues/992faf47-6a3e-4bce-acf5-7a3935555241/history/", "method": "GET", "status_code": 200, "duration_ms": 2841, "remote_addr": "119.160.190.240", "user_agent": "Mozilla/5.0 (Windows NT 10.0; Win64; x64) AppleWebKit/537.36 (KHTML, like Gecko) Chrome/153.0.0.0 Safari/537.36 Edg/153.0.0.0", "user_id": "57ff78ef-f40f-4d8d-bca3-7e302fe916ca"}
api         | {"levelname": "INFO", "asctime": "2026-09-18 06:09:36,209", "module": "logger", "name": "plane.api.request", "message": "GET /api/workspaces/brune4ai/projects/8fd2a982-478c-479c-aeac-820e97299186/issues/992faf47-6a3e-4bce-acf5-7a3935555241/history/?activity_type=issue-comment 200", "path": "/api/workspaces/brune4ai/projects/8fd2a982-478c-479c-aeac-820e97299186/issues/992faf47-6a3e-4bce-acf5-7a3935555241/history/", "method": "GET", "status_code": 200, "duration_ms": 3239, "remote_addr": "119.160.190.240", "user_agent": "Mozilla/5.0 (Windows NT 10.0; Win64; x64) AppleWebKit/537.36 (KHTML, like Gecko) Chrome/153.0.0.0 Safari/537.36 Edg/153.0.0.0", "user_id": "57ff78ef-f40f-4d8d-bca3-7e302fe916ca"}
api         | {"levelname": "INFO", "asctime": "2026-09-18 06:09:36,639", "module": "logger", "name": "plane.api.request", "message": "GET /api/workspaces/brune4ai/projects/8fd2a982-478c-479c-aeac-820e97299186/issues/992faf47-6a3e-4bce-acf5-7a3935555241/issue-relation/ 200", "path": "/api/workspaces/brune4ai/projects/8fd2a982-478c-479c-aeac-820e97299186/issues/992faf47-6a3e-4bce-acf5-7a3935555241/issue-relation/", "method": "GET", "status_code": 200, "duration_ms": 3674, "remote_addr": "119.160.190.240", "user_agent": "Mozilla/5.0 (Windows NT 10.0; Win64; x64) AppleWebKit/537.36 (KHTML, like Gecko) Chrome/153.0.0.0 Safari/537.36 Edg/153.0.0.0", "user_id": "57ff78ef-f40f-4d8d-bca3-7e302fe916ca"}
api         | {"levelname": "INFO", "asctime": "2026-09-18 06:10:18,891", "module": "logger", "name": "plane.api.request", "message": "GET /api/workspaces/brune4ai/projects/8fd2a982-478c-479c-aeac-820e97299186/work-items/992faf47-6a3e-4bce-acf5-7a3935555241/description-versions/ 200", "path": "/api/workspaces/brune4ai/projects/8fd2a982-478c-479c-aeac-820e97299186/work-items/992faf47-6a3e-4bce-acf5-7a3935555241/description-versions/", "method": "GET", "status_code": 200, "duration_ms": 884, "remote_addr": "119.160.190.240", "user_agent": "Mozilla/5.0 (Windows NT 10.0; Win64; x64) AppleWebKit/537.36 (KHTML, like Gecko) Chrome/153.0.0.0 Safari/537.36 Edg/153.0.0.0", "user_id": "57ff78ef-f40f-4d8d-bca3-7e302fe916ca"}
api         | {"levelname": "INFO", "asctime": "2026-09-18 06:10:19,590", "module": "logger", "name": "plane.api.request", "message": "GET /api/workspaces/brune4ai/users/notifications/unread/ 200", "path": "/api/workspaces/brune4ai/users/notifications/unread/", "method": "GET", "status_code": 200, "duration_ms": 1506, "remote_addr": "119.160.190.240", "user_agent": "Mozilla/5.0 (Windows NT 10.0; Win64; x64) AppleWebKit/537.36 (KHTML, like Gecko) Chrome/153.0.0.0 Safari/537.36 Edg/153.0.0.0", "user_id": "57ff78ef-f40f-4d8d-bca3-7e302fe916ca"}
api         | {"levelname": "INFO", "asctime": "2026-09-18 06:10:19,697", "module": "logger", "name": "plane.api.request", "message": "GET /api/workspaces/brune4ai/projects/8fd2a982-478c-479c-aeac-820e97299186/project-members/me/ 200", "path": "/api/workspaces/brune4ai/projects/8fd2a982-478c-479c-aeac-820e97299186/project-members/me/", "method": "GET", "status_code": 200, "duration_ms": 1505, "remote_addr": "119.160.190.240", "user_agent": "Mozilla/5.0 (Windows NT 10.0; Win64; x64) AppleWebKit/537.36 (KHTML, like Gecko) Chrome/153.0.0.0 Safari/537.36 Edg/153.0.0.0", "user_id": "57ff78ef-f40f-4d8d-bca3-7e302fe916ca"}
api         | {"levelname": "INFO", "asctime": "2026-09-18 06:10:20,403", "module": "logger", "name": "plane.api.request", "message": "GET /api/workspaces/brune4ai/projects/8fd2a982-478c-479c-aeac-820e97299186/ 200", "path": "/api/workspaces/brune4ai/projects/8fd2a982-478c-479c-aeac-820e97299186/", "method": "GET", "status_code": 200, "duration_ms": 2271, "remote_addr": "119.160.190.240", "user_agent": "Mozilla/5.0 (Windows NT 10.0; Win64; x64) AppleWebKit/537.36 (KHTML, like Gecko) Chrome/153.0.0.0 Safari/537.36 Edg/153.0.0.0", "user_id": "57ff78ef-f40f-4d8d-bca3-7e302fe916ca"}
api         | {"levelname": "INFO", "asctime": "2026-09-18 06:10:30,064", "module": "logger", "name": "plane.api.request", "message": "GET /api/workspaces/brune4ai/users/notifications/unread/ 200", "path": "/api/workspaces/brune4ai/users/notifications/unread/", "method": "GET", "status_code": 200, "duration_ms": 804, "remote_addr": "119.160.190.240", "user_agent": "Mozilla/5.0 (Windows NT 10.0; Win64; x64) AppleWebKit/537.36 (KHTML, like Gecko) Chrome/153.0.0.0 Safari/537.36 Edg/153.0.0.0", "user_id": "57ff78ef-f40f-4d8d-bca3-7e302fe916ca"}
api         | {"levelname": "INFO", "asctime": "2026-09-18 06:10:30,817", "module": "logger", "name": "plane.api.request", "message": "GET /api/workspaces/brune4ai/projects/8fd2a982-478c-479c-aeac-820e97299186/work-items/992faf47-6a3e-4bce-acf5-7a3935555241/description-versions/ 200", "path": "/api/workspaces/brune4ai/projects/8fd2a982-478c-479c-aeac-820e97299186/work-items/992faf47-6a3e-4bce-acf5-7a3935555241/description-versions/", "method": "GET", "status_code": 200, "duration_ms": 1649, "remote_addr": "119.160.190.240", "user_agent": "Mozilla/5.0 (Windows NT 10.0; Win64; x64) AppleWebKit/537.36 (KHTML, like Gecko) Chrome/153.0.0.0 Safari/537.36 Edg/153.0.0.0", "user_id": "57ff78ef-f40f-4d8d-bca3-7e302fe916ca"}
api         | {"levelname": "INFO", "asctime": "2026-09-18 06:10:31,011", "module": "logger", "name": "plane.api.request", "message": "GET /api/workspaces/brune4ai/projects/8fd2a982-478c-479c-aeac-820e97299186/project-members/me/ 200", "path": "/api/workspaces/brune4ai/projects/8fd2a982-478c-479c-aeac-820e97299186/project-members/me/", "method": "GET", "status_code": 200, "duration_ms": 1874, "remote_addr": "119.160.190.240", "user_agent": "Mozilla/5.0 (Windows NT 10.0; Win64; x64) AppleWebKit/537.36 (KHTML, like Gecko) Chrome/153.0.0.0 Safari/537.36 Edg/153.0.0.0", "user_id": "57ff78ef-f40f-4d8d-bca3-7e302fe916ca"}
api         | {"levelname": "INFO", "asctime": "2026-09-18 06:10:31,307", "module": "logger", "name": "plane.api.request", "message": "GET /api/workspaces/brune4ai/projects/8fd2a982-478c-479c-aeac-820e97299186/ 200", "path": "/api/workspaces/brune4ai/projects/8fd2a982-478c-479c-aeac-820e97299186/", "method": "GET", "status_code": 200, "duration_ms": 2142, "remote_addr": "119.160.190.240", "user_agent": "Mozilla/5.0 (Windows NT 10.0; Win64; x64) AppleWebKit/537.36 (KHTML, like Gecko) Chrome/153.0.0.0 Safari/537.36 Edg/153.0.0.0", "user_id": "57ff78ef-f40f-4d8d-bca3-7e302fe916ca"}
api         | {"levelname": "INFO", "asctime": "2026-09-18 06:10:38,347", "module": "logger", "name": "plane.api.request", "message": "GET /api/workspaces/brune4ai/users/notifications/unread/ 200", "path": "/api/workspaces/brune4ai/users/notifications/unread/", "method": "GET", "status_code": 200, "duration_ms": 901, "remote_addr": "119.160.190.240", "user_agent": "Mozilla/5.0 (Windows NT 10.0; Win64; x64) AppleWebKit/537.36 (KHTML, like Gecko) Chrome/153.0.0.0 Safari/537.36 Edg/153.0.0.0", "user_id": "57ff78ef-f40f-4d8d-bca3-7e302fe916ca"}
api         | {"levelname": "INFO", "asctime": "2026-09-18 06:10:38,540", "module": "logger", "name": "plane.api.request", "message": "GET /api/workspaces/brune4ai/projects/8fd2a982-478c-479c-aeac-820e97299186/project-members/me/ 200", "path": "/api/workspaces/brune4ai/projects/8fd2a982-478c-479c-aeac-820e97299186/project-members/me/", "method": "GET", "status_code": 200, "duration_ms": 1088, "remote_addr": "119.160.190.240", "user_agent": "Mozilla/5.0 (Windows NT 10.0; Win64; x64) AppleWebKit/537.36 (KHTML, like Gecko) Chrome/153.0.0.0 Safari/537.36 Edg/153.0.0.0", "user_id": "57ff78ef-f40f-4d8d-bca3-7e302fe916ca"}
api         | {"levelname": "INFO", "asctime": "2026-09-18 06:10:38,643", "module": "logger", "name": "plane.api.request", "message": "GET /api/workspaces/brune4ai/projects/8fd2a982-478c-479c-aeac-820e97299186/work-items/992faf47-6a3e-4bce-acf5-7a3935555241/description-versions/ 200", "path": "/api/workspaces/brune4ai/projects/8fd2a982-478c-479c-aeac-820e97299186/work-items/992faf47-6a3e-4bce-acf5-7a3935555241/description-versions/", "method": "GET", "status_code": 200, "duration_ms": 1193, "remote_addr": "119.160.190.240", "user_agent": "Mozilla/5.0 (Windows NT 10.0; Win64; x64) AppleWebKit/537.36 (KHTML, like Gecko) Chrome/153.0.0.0 Safari/537.36 Edg/153.0.0.0", "user_id": "57ff78ef-f40f-4d8d-bca3-7e302fe916ca"}
api         | {"levelname": "INFO", "asctime": "2026-09-18 06:10:39,178", "module": "logger", "name": "plane.api.request", "message": "GET /api/workspaces/brune4ai/projects/8fd2a982-478c-479c-aeac-820e97299186/ 200", "path": "/api/workspaces/brune4ai/projects/8fd2a982-478c-479c-aeac-820e97299186/", "method": "GET", "status_code": 200, "duration_ms": 1730, "remote_addr": "119.160.190.240", "user_agent": "Mozilla/5.0 (Windows NT 10.0; Win64; x64) AppleWebKit/537.36 (KHTML, like Gecko) Chrome/153.0.0.0 Safari/537.36 Edg/153.0.0.0", "user_id": "57ff78ef-f40f-4d8d-bca3-7e302fe916ca"}
api         | {"levelname": "INFO", "asctime": "2026-09-18 06:10:47,662", "module": "logger", "name": "plane.api.request", "message": "GET /api/workspaces/brune4ai/users/notifications/unread/ 200", "path": "/api/workspaces/brune4ai/users/notifications/unread/", "method": "GET", "status_code": 200, "duration_ms": 575, "remote_addr": "119.160.190.240", "user_agent": "Mozilla/5.0 (Windows NT 10.0; Win64; x64) AppleWebKit/537.36 (KHTML, like Gecko) Chrome/153.0.0.0 Safari/537.36 Edg/153.0.0.0", "user_id": "57ff78ef-f40f-4d8d-bca3-7e302fe916ca"}
api         | {"levelname": "INFO", "asctime": "2026-09-18 06:10:47,867", "module": "logger", "name": "plane.api.request", "message": "GET /api/workspaces/brune4ai/projects/8fd2a982-478c-479c-aeac-820e97299186/project-members/me/ 200", "path": "/api/workspaces/brune4ai/projects/8fd2a982-478c-479c-aeac-820e97299186/project-members/me/", "method": "GET", "status_code": 200, "duration_ms": 798, "remote_addr": "119.160.190.240", "user_agent": "Mozilla/5.0 (Windows NT 10.0; Win64; x64) AppleWebKit/537.36 (KHTML, like Gecko) Chrome/153.0.0.0 Safari/537.36 Edg/153.0.0.0", "user_id": "57ff78ef-f40f-4d8d-bca3-7e302fe916ca"}
api         | {"levelname": "INFO", "asctime": "2026-09-18 06:10:49,506", "module": "logger", "name": "plane.api.request", "message": "GET /api/workspaces/brune4ai/projects/8fd2a982-478c-479c-aeac-820e97299186/ 200", "path": "/api/workspaces/brune4ai/projects/8fd2a982-478c-479c-aeac-820e97299186/", "method": "GET", "status_code": 200, "duration_ms": 2429, "remote_addr": "119.160.190.240", "user_agent": "Mozilla/5.0 (Windows NT 10.0; Win64; x64) AppleWebKit/537.36 (KHTML, like Gecko) Chrome/153.0.0.0 Safari/537.36 Edg/153.0.0.0", "user_id": "57ff78ef-f40f-4d8d-bca3-7e302fe916ca"}
api         | {"levelname": "INFO", "asctime": "2026-09-18 06:11:03,929", "module": "logger", "name": "plane.api.request", "message": "GET /api/users/me/copilot-identity/ 200", "path": "/api/users/me/copilot-identity/", "method": "GET", "status_code": 200, "duration_ms": 313, "remote_addr": "119.160.190.240", "user_agent": "Mozilla/5.0 (Windows NT 10.0; Win64; x64) AppleWebKit/537.36 (KHTML, like Gecko) Chrome/153.0.0.0 Safari/537.36 Edg/153.0.0.0", "user_id": "57ff78ef-f40f-4d8d-bca3-7e302fe916ca"}
api         | {"levelname": "INFO", "asctime": "2026-09-18 06:13:58,992", "module": "logger", "name": "plane.api.request", "message": "GET /api/workspaces/brune4ai/users/notifications/unread/ 200", "path": "/api/workspaces/brune4ai/users/notifications/unread/", "method": "GET", "status_code": 200, "duration_ms": 112, "remote_addr": "119.160.190.240", "user_agent": "Mozilla/5.0 (Windows NT 10.0; Win64; x64) AppleWebKit/537.36 (KHTML, like Gecko) Chrome/153.0.0.0 Safari/537.36 Edg/153.0.0.0", "user_id": "57ff78ef-f40f-4d8d-bca3-7e302fe916ca"}
api         | {"levelname": "INFO", "asctime": "2026-09-18 06:13:59,049", "module": "logger", "name": "plane.api.request", "message": "GET /api/workspaces/brune4ai/projects/8fd2a982-478c-479c-aeac-820e97299186/project-members/me/ 200", "path": "/api/workspaces/brune4ai/projects/8fd2a982-478c-479c-aeac-820e97299186/project-members/me/", "method": "GET", "status_code": 200, "duration_ms": 178, "remote_addr": "119.160.190.240", "user_agent": "Mozilla/5.0 (Windows NT 10.0; Win64; x64) AppleWebKit/537.36 (KHTML, like Gecko) Chrome/153.0.0.0 Safari/537.36 Edg/153.0.0.0", "user_id": "57ff78ef-f40f-4d8d-bca3-7e302fe916ca"}
api         | {"levelname": "INFO", "asctime": "2026-09-18 06:13:59,200", "module": "logger", "name": "plane.api.request", "message": "GET /api/workspaces/brune4ai/projects/8fd2a982-478c-479c-aeac-820e97299186/ 200", "path": "/api/workspaces/brune4ai/projects/8fd2a982-478c-479c-aeac-820e97299186/", "method": "GET", "status_code": 200, "duration_ms": 310, "remote_addr": "119.160.190.240", "user_agent": "Mozilla/5.0 (Windows NT 10.0; Win64; x64) AppleWebKit/537.36 (KHTML, like Gecko) Chrome/153.0.0.0 Safari/537.36 Edg/153.0.0.0", "user_id": "57ff78ef-f40f-4d8d-bca3-7e302fe916ca"}
web         | 2026/09/18 08:53:13.425	[34mINFO[0m	http.log.access.log0	handled request	{"request": {"remote_ip": "127.0.0.1", "remote_port": "40434", "client_ip": "127.0.0.1", "proto": "HTTP/1.1", "method": "GET", "host": "127.0.0.1:3000", "uri": "/", "headers": {"User-Agent": ["curl/8.22.0"], "Accept": ["*/*"]}}, "bytes_read": 0, "user_id": "", "duration": 0.000526483, "size": 6087, "status": 200, "resp_headers": {"Server": ["Caddy"], "X-Frame-Options": ["DENY"], "X-Xss-Protection": ["1; mode=block"], "Last-Modified": ["Wed, 16 Sep 2026 23:45:14 GMT"], "Content-Length": ["6087"], "X-Content-Type-Options": ["nosniff"], "Vary": ["Accept-Encoding"], "Etag": ["\"dlh52pe14jcw4p3\""], "Content-Type": ["text/html; charset=utf-8"], "Accept-Ranges": ["bytes"]}}
web         | 2026/09/18 08:53:43.520	[34mINFO[0m	http.log.access.log0	handled request	{"request": {"remote_ip": "127.0.0.1", "remote_port": "40344", "client_ip": "127.0.0.1", "proto": "HTTP/1.1", "method": "GET", "host": "127.0.0.1:3000", "uri": "/", "headers": {"User-Agent": ["curl/8.22.0"], "Accept": ["*/*"]}}, "bytes_read": 0, "user_id": "", "duration": 0.000632743, "size": 6087, "status": 200, "resp_headers": {"X-Xss-Protection": ["1; mode=block"], "Etag": ["\"dlh52pe14jcw4p3\""], "Last-Modified": ["Wed, 16 Sep 2026 23:45:14 GMT"], "Content-Length": ["6087"], "Server": ["Caddy"], "X-Frame-Options": ["DENY"], "X-Content-Type-Options": ["nosniff"], "Vary": ["Accept-Encoding"], "Content-Type": ["text/html; charset=utf-8"], "Accept-Ranges": ["bytes"]}}
web         | 2026/09/18 08:54:13.593	[34mINFO[0m	http.log.access.log0	handled request	{"request": {"remote_ip": "127.0.0.1", "remote_port": "55336", "client_ip": "127.0.0.1", "proto": "HTTP/1.1", "method": "GET", "host": "127.0.0.1:3000", "uri": "/", "headers": {"User-Agent": ["curl/8.22.0"], "Accept": ["*/*"]}}, "bytes_read": 0, "user_id": "", "duration": 0.000431641, "size": 6087, "status": 200, "resp_headers": {"X-Content-Type-Options": ["nosniff"], "X-Frame-Options": ["DENY"], "X-Xss-Protection": ["1; mode=block"], "Vary": ["Accept-Encoding"], "Etag": ["\"dlh52pe14jcw4p3\""], "Content-Type": ["text/html; charset=utf-8"], "Accept-Ranges": ["bytes"], "Server": ["Caddy"], "Last-Modified": ["Wed, 16 Sep 2026 23:45:14 GMT"], "Content-Length": ["6087"]}}
web         | 2026/09/18 08:54:43.708	[34mINFO[0m	http.log.access.log0	handled request	{"request": {"remote_ip": "127.0.0.1", "remote_port": "36452", "client_ip": "127.0.0.1", "proto": "HTTP/1.1", "method": "GET", "host": "127.0.0.1:3000", "uri": "/", "headers": {"User-Agent": ["curl/8.22.0"], "Accept": ["*/*"]}}, "bytes_read": 0, "user_id": "", "duration": 0.002244005, "size": 6087, "status": 200, "resp_headers": {"Vary": ["Accept-Encoding"], "Etag": ["\"dlh52pe14jcw4p3\""], "Last-Modified": ["Wed, 16 Sep 2026 23:45:14 GMT"], "Server": ["Caddy"], "X-Frame-Options": ["DENY"], "X-Xss-Protection": ["1; mode=block"], "Content-Type": ["text/html; charset=utf-8"], "Accept-Ranges": ["bytes"], "Content-Length": ["6087"], "X-Content-Type-Options": ["nosniff"]}}
web         | 2026/09/18 08:55:14.096	[34mINFO[0m	http.log.access.log0	handled request	{"request": {"remote_ip": "127.0.0.1", "remote_port": "60050", "client_ip": "127.0.0.1", "proto": "HTTP/1.1", "method": "GET", "host": "127.0.0.1:3000", "uri": "/", "headers": {"User-Agent": ["curl/8.22.0"], "Accept": ["*/*"]}}, "bytes_read": 0, "user_id": "", "duration": 0.002607538, "size": 6087, "status": 200, "resp_headers": {"Server": ["Caddy"], "X-Content-Type-Options": ["nosniff"], "Vary": ["Accept-Encoding"], "Etag": ["\"dlh52pe14jcw4p3\""], "Accept-Ranges": ["bytes"], "Content-Length": ["6087"], "X-Frame-Options": ["DENY"], "X-Xss-Protection": ["1; mode=block"], "Content-Type": ["text/html; charset=utf-8"], "Last-Modified": ["Wed, 16 Sep 2026 23:45:14 GMT"]}}
web         | 2026/09/18 08:55:44.604	[34mINFO[0m	http.log.access.log0	handled request	{"request": {"remote_ip": "127.0.0.1", "remote_port": "51674", "client_ip": "127.0.0.1", "proto": "HTTP/1.1", "method": "GET", "host": "127.0.0.1:3000", "uri": "/", "headers": {"User-Agent": ["curl/8.22.0"], "Accept": ["*/*"]}}, "bytes_read": 0, "user_id": "", "duration": 0.002041678, "size": 6087, "status": 200, "resp_headers": {"Vary": ["Accept-Encoding"], "Etag": ["\"dlh52pe14jcw4p3\""], "Content-Type": ["text/html; charset=utf-8"], "Last-Modified": ["Wed, 16 Sep 2026 23:45:14 GMT"], "Accept-Ranges": ["bytes"], "Content-Length": ["6087"], "Server": ["Caddy"], "X-Content-Type-Options": ["nosniff"], "X-Frame-Options": ["DENY"], "X-Xss-Protection": ["1; mode=block"]}}
web         | 2026/09/18 08:56:15.068	[34mINFO[0m	http.log.access.log0	handled request	{"request": {"remote_ip": "127.0.0.1", "remote_port": "40586", "client_ip": "127.0.0.1", "proto": "HTTP/1.1", "method": "GET", "host": "127.0.0.1:3000", "uri": "/", "headers": {"User-Agent": ["curl/8.22.0"], "Accept": ["*/*"]}}, "bytes_read": 0, "user_id": "", "duration": 0.005458333, "size": 6087, "status": 200, "resp_headers": {"Last-Modified": ["Wed, 16 Sep 2026 23:45:14 GMT"], "Server": ["Caddy"], "Etag": ["\"dlh52pe14jcw4p3\""], "Content-Type": ["text/html; charset=utf-8"], "Accept-Ranges": ["bytes"], "Content-Length": ["6087"], "X-Content-Type-Options": ["nosniff"], "X-Frame-Options": ["DENY"], "X-Xss-Protection": ["1; mode=block"], "Vary": ["Accept-Encoding"]}}
web         | 2026/09/18 08:56:45.421	[34mINFO[0m	http.log.access.log0	handled request	{"request": {"remote_ip": "127.0.0.1", "remote_port": "52818", "client_ip": "127.0.0.1", "proto": "HTTP/1.1", "method": "GET", "host": "127.0.0.1:3000", "uri": "/", "headers": {"User-Agent": ["curl/8.22.0"], "Accept": ["*/*"]}}, "bytes_read": 0, "user_id": "", "duration": 0.052605497, "size": 6087, "status": 200, "resp_headers": {"X-Frame-Options": ["DENY"], "X-Xss-Protection": ["1; mode=block"], "Accept-Ranges": ["bytes"], "Content-Length": ["6087"], "X-Content-Type-Options": ["nosniff"], "Vary": ["Accept-Encoding"], "Etag": ["\"dlh52pe14jcw4p3\""], "Content-Type": ["text/html; charset=utf-8"], "Last-Modified": ["Wed, 16 Sep 2026 23:45:14 GMT"], "Server": ["Caddy"]}}
web         | 2026/09/18 08:57:15.836	[34mINFO[0m	http.log.access.log0	handled request	{"request": {"remote_ip": "127.0.0.1", "remote_port": "45206", "client_ip": "127.0.0.1", "proto": "HTTP/1.1", "method": "GET", "host": "127.0.0.1:3000", "uri": "/", "headers": {"User-Agent": ["curl/8.22.0"], "Accept": ["*/*"]}}, "bytes_read": 0, "user_id": "", "duration": 0.002118233, "size": 6087, "status": 200, "resp_headers": {"X-Xss-Protection": ["1; mode=block"], "Vary": ["Accept-Encoding"], "Etag": ["\"dlh52pe14jcw4p3\""], "Content-Length": ["6087"], "Server": ["Caddy"], "X-Content-Type-Options": ["nosniff"], "X-Frame-Options": ["DENY"], "Content-Type": ["text/html; charset=utf-8"], "Last-Modified": ["Wed, 16 Sep 2026 23:45:14 GMT"], "Accept-Ranges": ["bytes"]}}
web         | 2026/09/18 08:57:46.120	[34mINFO[0m	http.log.access.log0	handled request	{"request": {"remote_ip": "127.0.0.1", "remote_port": "50004", "client_ip": "127.0.0.1", "proto": "HTTP/1.1", "method": "GET", "host": "127.0.0.1:3000", "uri": "/", "headers": {"User-Agent": ["curl/8.22.0"], "Accept": ["*/*"]}}, "bytes_read": 0, "user_id": "", "duration": 0.004870361, "size": 6087, "status": 200, "resp_headers": {"Content-Type": ["text/html; charset=utf-8"], "Server": ["Caddy"], "X-Xss-Protection": ["1; mode=block"], "Etag": ["\"dlh52pe14jcw4p3\""], "Last-Modified": ["Wed, 16 Sep 2026 23:45:14 GMT"], "Accept-Ranges": ["bytes"], "Content-Length": ["6087"], "X-Content-Type-Options": ["nosniff"], "X-Frame-Options": ["DENY"], "Vary": ["Accept-Encoding"]}}
web         | 2026/09/18 08:58:16.431	[34mINFO[0m	http.log.access.log0	handled request	{"request": {"remote_ip": "127.0.0.1", "remote_port": "60392", "client_ip": "127.0.0.1", "proto": "HTTP/1.1", "method": "GET", "host": "127.0.0.1:3000", "uri": "/", "headers": {"Accept": ["*/*"], "User-Agent": ["curl/8.22.0"]}}, "bytes_read": 0, "user_id": "", "duration": 0.00041344, "size": 6087, "status": 200, "resp_headers": {"Content-Length": ["6087"], "X-Frame-Options": ["DENY"], "X-Xss-Protection": ["1; mode=block"], "Last-Modified": ["Wed, 16 Sep 2026 23:45:14 GMT"], "Accept-Ranges": ["bytes"], "Server": ["Caddy"], "X-Content-Type-Options": ["nosniff"], "Vary": ["Accept-Encoding"], "Etag": ["\"dlh52pe14jcw4p3\""], "Content-Type": ["text/html; charset=utf-8"]}}
web         | 2026/09/18 08:58:46.799	[34mINFO[0m	http.log.access.log0	handled request	{"request": {"remote_ip": "127.0.0.1", "remote_port": "39112", "client_ip": "127.0.0.1", "proto": "HTTP/1.1", "method": "GET", "host": "127.0.0.1:3000", "uri": "/", "headers": {"User-Agent": ["curl/8.22.0"], "Accept": ["*/*"]}}, "bytes_read": 0, "user_id": "", "duration": 0.024452534, "size": 6087, "status": 200, "resp_headers": {"Accept-Ranges": ["bytes"], "X-Xss-Protection": ["1; mode=block"], "X-Content-Type-Options": ["nosniff"], "X-Frame-Options": ["DENY"], "Etag": ["\"dlh52pe14jcw4p3\""], "Content-Type": ["text/html; charset=utf-8"], "Content-Length": ["6087"], "Server": ["Caddy"], "Vary": ["Accept-Encoding"], "Last-Modified": ["Wed, 16 Sep 2026 23:45:14 GMT"]}}
web         | 2026/09/18 08:59:17.137	[34mINFO[0m	http.log.access.log0	handled request	{"request": {"remote_ip": "127.0.0.1", "remote_port": "57666", "client_ip": "127.0.0.1", "proto": "HTTP/1.1", "method": "GET", "host": "127.0.0.1:3000", "uri": "/", "headers": {"User-Agent": ["curl/8.22.0"], "Accept": ["*/*"]}}, "bytes_read": 0, "user_id": "", "duration": 0.002011903, "size": 6087, "status": 200, "resp_headers": {"Server": ["Caddy"], "Vary": ["Accept-Encoding"], "Etag": ["\"dlh52pe14jcw4p3\""], "Accept-Ranges": ["bytes"], "Content-Length": ["6087"], "X-Content-Type-Options": ["nosniff"], "X-Frame-Options": ["DENY"], "X-Xss-Protection": ["1; mode=block"], "Content-Type": ["text/html; charset=utf-8"], "Last-Modified": ["Wed, 16 Sep 2026 23:45:14 GMT"]}}
web         | 2026/09/18 08:59:47.556	[34mINFO[0m	http.log.access.log0	handled request	{"request": {"remote_ip": "127.0.0.1", "remote_port": "35434", "client_ip": "127.0.0.1", "proto": "HTTP/1.1", "method": "GET", "host": "127.0.0.1:3000", "uri": "/", "headers": {"User-Agent": ["curl/8.22.0"], "Accept": ["*/*"]}}, "bytes_read": 0, "user_id": "", "duration": 0.012985823, "size": 6087, "status": 200, "resp_headers": {"Accept-Ranges": ["bytes"], "Content-Length": ["6087"], "Server": ["Caddy"], "X-Content-Type-Options": ["nosniff"], "X-Xss-Protection": ["1; mode=block"], "X-Frame-Options": ["DENY"], "Vary": ["Accept-Encoding"], "Etag": ["\"dlh52pe14jcw4p3\""], "Content-Type": ["text/html; charset=utf-8"], "Last-Modified": ["Wed, 16 Sep 2026 23:45:14 GMT"]}}
web         | 2026/09/18 09:00:17.959	[34mINFO[0m	http.log.access.log0	handled request	{"request": {"remote_ip": "127.0.0.1", "remote_port": "54552", "client_ip": "127.0.0.1", "proto": "HTTP/1.1", "method": "GET", "host": "127.0.0.1:3000", "uri": "/", "headers": {"User-Agent": ["curl/8.22.0"], "Accept": ["*/*"]}}, "bytes_read": 0, "user_id": "", "duration": 0.000654306, "size": 6087, "status": 200, "resp_headers": {"Server": ["Caddy"], "Vary": ["Accept-Encoding"], "Etag": ["\"dlh52pe14jcw4p3\""], "Accept-Ranges": ["bytes"], "X-Content-Type-Options": ["nosniff"], "X-Frame-Options": ["DENY"], "X-Xss-Protection": ["1; mode=block"], "Content-Type": ["text/html; charset=utf-8"], "Last-Modified": ["Wed, 16 Sep 2026 23:45:14 GMT"], "Content-Length": ["6087"]}}
web         | 2026/09/18 09:00:48.395	[34mINFO[0m	http.log.access.log0	handled request	{"request": {"remote_ip": "127.0.0.1", "remote_port": "33644", "client_ip": "127.0.0.1", "proto": "HTTP/1.1", "method": "GET", "host": "127.0.0.1:3000", "uri": "/", "headers": {"Accept": ["*/*"], "User-Agent": ["curl/8.22.0"]}}, "bytes_read": 0, "user_id": "", "duration": 0.009970651, "size": 6087, "status": 200, "resp_headers": {"Accept-Ranges": ["bytes"], "X-Content-Type-Options": ["nosniff"], "X-Frame-Options": ["DENY"], "Vary": ["Accept-Encoding"], "Etag": ["\"dlh52pe14jcw4p3\""], "Content-Type": ["text/html; charset=utf-8"], "Content-Length": ["6087"], "Server": ["Caddy"], "X-Xss-Protection": ["1; mode=block"], "Last-Modified": ["Wed, 16 Sep 2026 23:45:14 GMT"]}}
web         | 2026/09/18 09:01:18.880	[34mINFO[0m	http.log.access.log0	handled request	{"request": {"remote_ip": "127.0.0.1", "remote_port": "46228", "client_ip": "127.0.0.1", "proto": "HTTP/1.1", "method": "GET", "host": "127.0.0.1:3000", "uri": "/", "headers": {"User-Agent": ["curl/8.22.0"], "Accept": ["*/*"]}}, "bytes_read": 0, "user_id": "", "duration": 0.004299655, "size": 6087, "status": 200, "resp_headers": {"X-Content-Type-Options": ["nosniff"], "Vary": ["Accept-Encoding"], "Etag": ["\"dlh52pe14jcw4p3\""], "Content-Type": ["text/html; charset=utf-8"], "Last-Modified": ["Wed, 16 Sep 2026 23:45:14 GMT"], "Content-Length": ["6087"], "Server": ["Caddy"], "X-Frame-Options": ["DENY"], "X-Xss-Protection": ["1; mode=block"], "Accept-Ranges": ["bytes"]}}
admin       | 2026/09/18 08:11:25.775	[34mINFO[0m	http.log.access.log0	handled request	{"request": {"remote_ip": "127.0.0.1", "remote_port": "47584", "client_ip": "127.0.0.1", "proto": "HTTP/1.1", "method": "GET", "host": "127.0.0.1:3000", "uri": "/god-mode", "headers": {"User-Agent": ["curl/8.20.0"], "Accept": ["*/*"]}}, "bytes_read": 0, "user_id": "", "duration": 0.003629825, "size": 5589, "status": 200, "resp_headers": {"Server": ["Caddy"], "X-Content-Type-Options": ["nosniff"], "Vary": ["Accept-Encoding"], "Etag": ["\"dlbu270dl7284b9\""], "X-Frame-Options": ["DENY"], "X-Xss-Protection": ["1; mode=block"], "Content-Type": ["text/html; charset=utf-8"], "Last-Modified": ["Thu, 10 Sep 2026 18:04:02 GMT"], "Accept-Ranges": ["bytes"], "Content-Length": ["5589"]}}
admin       | 2026/09/18 08:11:56.025	[34mINFO[0m	http.log.access.log0	handled request	{"request": {"remote_ip": "127.0.0.1", "remote_port": "59972", "client_ip": "127.0.0.1", "proto": "HTTP/1.1", "method": "GET", "host": "127.0.0.1:3000", "uri": "/god-mode", "headers": {"User-Agent": ["curl/8.20.0"], "Accept": ["*/*"]}}, "bytes_read": 0, "user_id": "", "duration": 0.005032128, "size": 5589, "status": 200, "resp_headers": {"Etag": ["\"dlbu270dl7284b9\""], "Last-Modified": ["Thu, 10 Sep 2026 18:04:02 GMT"], "Server": ["Caddy"], "Content-Type": ["text/html; charset=utf-8"], "Accept-Ranges": ["bytes"], "Content-Length": ["5589"], "X-Content-Type-Options": ["nosniff"], "X-Frame-Options": ["DENY"], "X-Xss-Protection": ["1; mode=block"], "Vary": ["Accept-Encoding"]}}
admin       | 2026/09/18 08:12:26.378	[34mINFO[0m	http.log.access.log0	handled request	{"request": {"remote_ip": "127.0.0.1", "remote_port": "55768", "client_ip": "127.0.0.1", "proto": "HTTP/1.1", "method": "GET", "host": "127.0.0.1:3000", "uri": "/god-mode", "headers": {"User-Agent": ["curl/8.20.0"], "Accept": ["*/*"]}}, "bytes_read": 0, "user_id": "", "duration": 0.004979053, "size": 5589, "status": 200, "resp_headers": {"X-Xss-Protection": ["1; mode=block"], "Content-Type": ["text/html; charset=utf-8"], "Last-Modified": ["Thu, 10 Sep 2026 18:04:02 GMT"], "X-Frame-Options": ["DENY"], "Vary": ["Accept-Encoding"], "Etag": ["\"dlbu270dl7284b9\""], "Accept-Ranges": ["bytes"], "Content-Length": ["5589"], "Server": ["Caddy"], "X-Content-Type-Options": ["nosniff"]}}
admin       | 2026/09/18 08:12:56.712	[34mINFO[0m	http.log.access.log0	handled request	{"request": {"remote_ip": "127.0.0.1", "remote_port": "51470", "client_ip": "127.0.0.1", "proto": "HTTP/1.1", "method": "GET", "host": "127.0.0.1:3000", "uri": "/god-mode", "headers": {"Accept": ["*/*"], "User-Agent": ["curl/8.20.0"]}}, "bytes_read": 0, "user_id": "", "duration": 0.00629145, "size": 5589, "status": 200, "resp_headers": {"X-Xss-Protection": ["1; mode=block"], "Etag": ["\"dlbu270dl7284b9\""], "Content-Type": ["text/html; charset=utf-8"], "Server": ["Caddy"], "X-Content-Type-Options": ["nosniff"], "Vary": ["Accept-Encoding"], "Last-Modified": ["Thu, 10 Sep 2026 18:04:02 GMT"], "Accept-Ranges": ["bytes"], "Content-Length": ["5589"], "X-Frame-Options": ["DENY"]}}
admin       | 2026/09/18 08:13:27.038	[34mINFO[0m	http.log.access.log0	handled request	{"request": {"remote_ip": "127.0.0.1", "remote_port": "50998", "client_ip": "127.0.0.1", "proto": "HTTP/1.1", "method": "GET", "host": "127.0.0.1:3000", "uri": "/god-mode", "headers": {"User-Agent": ["curl/8.20.0"], "Accept": ["*/*"]}}, "bytes_read": 0, "user_id": "", "duration": 0.00054402, "size": 5589, "status": 200, "resp_headers": {"X-Content-Type-Options": ["nosniff"], "X-Frame-Options": ["DENY"], "Accept-Ranges": ["bytes"], "Content-Length": ["5589"], "X-Xss-Protection": ["1; mode=block"], "Vary": ["Accept-Encoding"], "Etag": ["\"dlbu270dl7284b9\""], "Content-Type": ["text/html; charset=utf-8"], "Last-Modified": ["Thu, 10 Sep 2026 18:04:02 GMT"], "Server": ["Caddy"]}}
admin       | 2026/09/18 08:13:57.300	[34mINFO[0m	http.log.access.log0	handled request	{"request": {"remote_ip": "127.0.0.1", "remote_port": "54148", "client_ip": "127.0.0.1", "proto": "HTTP/1.1", "method": "GET", "host": "127.0.0.1:3000", "uri": "/god-mode", "headers": {"User-Agent": ["curl/8.20.0"], "Accept": ["*/*"]}}, "bytes_read": 0, "user_id": "", "duration": 0.002513944, "size": 5589, "status": 200, "resp_headers": {"Vary": ["Accept-Encoding"], "Etag": ["\"dlbu270dl7284b9\""], "Content-Length": ["5589"], "Server": ["Caddy"], "X-Content-Type-Options": ["nosniff"], "X-Frame-Options": ["DENY"], "X-Xss-Protection": ["1; mode=block"], "Content-Type": ["text/html; charset=utf-8"], "Last-Modified": ["Thu, 10 Sep 2026 18:04:02 GMT"], "Accept-Ranges": ["bytes"]}}
admin       | 2026/09/18 08:14:28.014	[34mINFO[0m	http.log.access.log0	handled request	{"request": {"remote_ip": "127.0.0.1", "remote_port": "55640", "client_ip": "127.0.0.1", "proto": "HTTP/1.1", "method": "GET", "host": "127.0.0.1:3000", "uri": "/god-mode", "headers": {"User-Agent": ["curl/8.20.0"], "Accept": ["*/*"]}}, "bytes_read": 0, "user_id": "", "duration": 0.031357422, "size": 5589, "status": 200, "resp_headers": {"X-Frame-Options": ["DENY"], "X-Xss-Protection": ["1; mode=block"], "Vary": ["Accept-Encoding"], "Server": ["Caddy"], "X-Content-Type-Options": ["nosniff"], "Etag": ["\"dlbu270dl7284b9\""], "Content-Type": ["text/html; charset=utf-8"], "Last-Modified": ["Thu, 10 Sep 2026 18:04:02 GMT"], "Accept-Ranges": ["bytes"], "Content-Length": ["5589"]}}
admin       | 2026/09/18 08:14:58.485	[34mINFO[0m	http.log.access.log0	handled request	{"request": {"remote_ip": "127.0.0.1", "remote_port": "35786", "client_ip": "127.0.0.1", "proto": "HTTP/1.1", "method": "GET", "host": "127.0.0.1:3000", "uri": "/god-mode", "headers": {"Accept": ["*/*"], "User-Agent": ["curl/8.20.0"]}}, "bytes_read": 0, "user_id": "", "duration": 0.002140838, "size": 5589, "status": 200, "resp_headers": {"X-Frame-Options": ["DENY"], "Vary": ["Accept-Encoding"], "Content-Type": ["text/html; charset=utf-8"], "Last-Modified": ["Thu, 10 Sep 2026 18:04:02 GMT"], "Accept-Ranges": ["bytes"], "Server": ["Caddy"], "X-Content-Type-Options": ["nosniff"], "X-Xss-Protection": ["1; mode=block"], "Etag": ["\"dlbu270dl7284b9\""], "Content-Length": ["5589"]}}
admin       | 2026/09/18 08:15:28.825	[34mINFO[0m	http.log.access.log0	handled request	{"request": {"remote_ip": "127.0.0.1", "remote_port": "43492", "client_ip": "127.0.0.1", "proto": "HTTP/1.1", "method": "GET", "host": "127.0.0.1:3000", "uri": "/god-mode", "headers": {"User-Agent": ["curl/8.20.0"], "Accept": ["*/*"]}}, "bytes_read": 0, "user_id": "", "duration": 0.000681811, "size": 5589, "status": 200, "resp_headers": {"Etag": ["\"dlbu270dl7284b9\""], "Content-Type": ["text/html; charset=utf-8"], "X-Content-Type-Options": ["nosniff"], "X-Frame-Options": ["DENY"], "Vary": ["Accept-Encoding"], "Last-Modified": ["Thu, 10 Sep 2026 18:04:02 GMT"], "Accept-Ranges": ["bytes"], "Content-Length": ["5589"], "Server": ["Caddy"], "X-Xss-Protection": ["1; mode=block"]}}
admin       | 2026/09/18 08:15:58.912	[34mINFO[0m	http.log.access.log0	handled request	{"request": {"remote_ip": "127.0.0.1", "remote_port": "49288", "client_ip": "127.0.0.1", "proto": "HTTP/1.1", "method": "GET", "host": "127.0.0.1:3000", "uri": "/god-mode", "headers": {"User-Agent": ["curl/8.20.0"], "Accept": ["*/*"]}}, "bytes_read": 0, "user_id": "", "duration": 0.000579539, "size": 5589, "status": 200, "resp_headers": {"X-Content-Type-Options": ["nosniff"], "X-Frame-Options": ["DENY"], "Vary": ["Accept-Encoding"], "Content-Type": ["text/html; charset=utf-8"], "Server": ["Caddy"], "X-Xss-Protection": ["1; mode=block"], "Etag": ["\"dlbu270dl7284b9\""], "Last-Modified": ["Thu, 10 Sep 2026 18:04:02 GMT"], "Accept-Ranges": ["bytes"], "Content-Length": ["5589"]}}
admin       | 2026/09/18 08:16:28.999	[34mINFO[0m	http.log.access.log0	handled request	{"request": {"remote_ip": "127.0.0.1", "remote_port": "44054", "client_ip": "127.0.0.1", "proto": "HTTP/1.1", "method": "GET", "host": "127.0.0.1:3000", "uri": "/god-mode", "headers": {"User-Agent": ["curl/8.20.0"], "Accept": ["*/*"]}}, "bytes_read": 0, "user_id": "", "duration": 0.000942049, "size": 5589, "status": 200, "resp_headers": {"Vary": ["Accept-Encoding"], "Etag": ["\"dlbu270dl7284b9\""], "Last-Modified": ["Thu, 10 Sep 2026 18:04:02 GMT"], "Content-Length": ["5589"], "X-Content-Type-Options": ["nosniff"], "X-Frame-Options": ["DENY"], "X-Xss-Protection": ["1; mode=block"], "Content-Type": ["text/html; charset=utf-8"], "Accept-Ranges": ["bytes"], "Server": ["Caddy"]}}
admin       | 2026/09/18 08:16:59.097	[34mINFO[0m	http.log.access.log0	handled request	{"request": {"remote_ip": "127.0.0.1", "remote_port": "50318", "client_ip": "127.0.0.1", "proto": "HTTP/1.1", "method": "GET", "host": "127.0.0.1:3000", "uri": "/god-mode", "headers": {"Accept": ["*/*"], "User-Agent": ["curl/8.20.0"]}}, "bytes_read": 0, "user_id": "", "duration": 0.001016123, "size": 5589, "status": 200, "resp_headers": {"Server": ["Caddy"], "Vary": ["Accept-Encoding"], "Etag": ["\"dlbu270dl7284b9\""], "Content-Type": ["text/html; charset=utf-8"], "Last-Modified": ["Thu, 10 Sep 2026 18:04:02 GMT"], "Content-Length": ["5589"], "X-Content-Type-Options": ["nosniff"], "X-Frame-Options": ["DENY"], "X-Xss-Protection": ["1; mode=block"], "Accept-Ranges": ["bytes"]}}
admin       | 2026/09/18 08:17:29.173	[34mINFO[0m	http.log.access.log0	handled request	{"request": {"remote_ip": "127.0.0.1", "remote_port": "51550", "client_ip": "127.0.0.1", "proto": "HTTP/1.1", "method": "GET", "host": "127.0.0.1:3000", "uri": "/god-mode", "headers": {"User-Agent": ["curl/8.20.0"], "Accept": ["*/*"]}}, "bytes_read": 0, "user_id": "", "duration": 0.000541956, "size": 5589, "status": 200, "resp_headers": {"Server": ["Caddy"], "X-Content-Type-Options": ["nosniff"], "X-Frame-Options": ["DENY"], "Etag": ["\"dlbu270dl7284b9\""], "Content-Type": ["text/html; charset=utf-8"], "Accept-Ranges": ["bytes"], "Content-Length": ["5589"], "X-Xss-Protection": ["1; mode=block"], "Vary": ["Accept-Encoding"], "Last-Modified": ["Thu, 10 Sep 2026 18:04:02 GMT"]}}
admin       | 2026/09/18 08:17:59.261	[34mINFO[0m	http.log.access.log0	handled request	{"request": {"remote_ip": "127.0.0.1", "remote_port": "32954", "client_ip": "127.0.0.1", "proto": "HTTP/1.1", "method": "GET", "host": "127.0.0.1:3000", "uri": "/god-mode", "headers": {"User-Agent": ["curl/8.20.0"], "Accept": ["*/*"]}}, "bytes_read": 0, "user_id": "", "duration": 0.000545932, "size": 5589, "status": 200, "resp_headers": {"X-Frame-Options": ["DENY"], "X-Xss-Protection": ["1; mode=block"], "Content-Type": ["text/html; charset=utf-8"], "Last-Modified": ["Thu, 10 Sep 2026 18:04:02 GMT"], "Accept-Ranges": ["bytes"], "Vary": ["Accept-Encoding"], "Etag": ["\"dlbu270dl7284b9\""], "Content-Length": ["5589"], "Server": ["Caddy"], "X-Content-Type-Options": ["nosniff"]}}
admin       | 2026/09/18 08:18:29.340	[34mINFO[0m	http.log.access.log0	handled request	{"request": {"remote_ip": "127.0.0.1", "remote_port": "46144", "client_ip": "127.0.0.1", "proto": "HTTP/1.1", "method": "GET", "host": "127.0.0.1:3000", "uri": "/god-mode", "headers": {"User-Agent": ["curl/8.20.0"], "Accept": ["*/*"]}}, "bytes_read": 0, "user_id": "", "duration": 0.000689332, "size": 5589, "status": 200, "resp_headers": {"Server": ["Caddy"], "X-Content-Type-Options": ["nosniff"], "X-Frame-Options": ["DENY"], "Content-Type": ["text/html; charset=utf-8"], "Accept-Ranges": ["bytes"], "Content-Length": ["5589"], "X-Xss-Protection": ["1; mode=block"], "Vary": ["Accept-Encoding"], "Etag": ["\"dlbu270dl7284b9\""], "Last-Modified": ["Thu, 10 Sep 2026 18:04:02 GMT"]}}
admin       | 2026/09/18 08:18:59.413	[34mINFO[0m	http.log.access.log0	handled request	{"request": {"remote_ip": "127.0.0.1", "remote_port": "33404", "client_ip": "127.0.0.1", "proto": "HTTP/1.1", "method": "GET", "host": "127.0.0.1:3000", "uri": "/god-mode", "headers": {"User-Agent": ["curl/8.20.0"], "Accept": ["*/*"]}}, "bytes_read": 0, "user_id": "", "duration": 0.001182892, "size": 5589, "status": 200, "resp_headers": {"X-Content-Type-Options": ["nosniff"], "X-Xss-Protection": ["1; mode=block"], "Etag": ["\"dlbu270dl7284b9\""], "X-Frame-Options": ["DENY"], "Vary": ["Accept-Encoding"], "Content-Type": ["text/html; charset=utf-8"], "Last-Modified": ["Thu, 10 Sep 2026 18:04:02 GMT"], "Accept-Ranges": ["bytes"], "Content-Length": ["5589"], "Server": ["Caddy"]}}
admin       | 2026/09/18 08:19:29.489	[34mINFO[0m	http.log.access.log0	handled request	{"request": {"remote_ip": "127.0.0.1", "remote_port": "55206", "client_ip": "127.0.0.1", "proto": "HTTP/1.1", "method": "GET", "host": "127.0.0.1:3000", "uri": "/god-mode", "headers": {"Accept": ["*/*"], "User-Agent": ["curl/8.20.0"]}}, "bytes_read": 0, "user_id": "", "duration": 0.0011677, "size": 5589, "status": 200, "resp_headers": {"Server": ["Caddy"], "X-Content-Type-Options": ["nosniff"], "X-Frame-Options": ["DENY"], "X-Xss-Protection": ["1; mode=block"], "Last-Modified": ["Thu, 10 Sep 2026 18:04:02 GMT"], "Accept-Ranges": ["bytes"], "Content-Length": ["5589"], "Vary": ["Accept-Encoding"], "Etag": ["\"dlbu270dl7284b9\""], "Content-Type": ["text/html; charset=utf-8"]}}
admin       | 2026/09/18 08:19:59.565	[34mINFO[0m	http.log.access.log0	handled request	{"request": {"remote_ip": "127.0.0.1", "remote_port": "48806", "client_ip": "127.0.0.1", "proto": "HTTP/1.1", "method": "GET", "host": "127.0.0.1:3000", "uri": "/god-mode", "headers": {"User-Agent": ["curl/8.20.0"], "Accept": ["*/*"]}}, "bytes_read": 0, "user_id": "", "duration": 0.000549009, "size": 5589, "status": 200, "resp_headers": {"Etag": ["\"dlbu270dl7284b9\""], "Last-Modified": ["Thu, 10 Sep 2026 18:04:02 GMT"], "Accept-Ranges": ["bytes"], "Content-Length": ["5589"], "Server": ["Caddy"], "X-Content-Type-Options": ["nosniff"], "X-Xss-Protection": ["1; mode=block"], "Vary": ["Accept-Encoding"], "Content-Type": ["text/html; charset=utf-8"], "X-Frame-Options": ["DENY"]}}
admin       | 2026/09/18 08:20:29.652	[34mINFO[0m	http.log.access.log0	handled request	{"request": {"remote_ip": "127.0.0.1", "remote_port": "38770", "client_ip": "127.0.0.1", "proto": "HTTP/1.1", "method": "GET", "host": "127.0.0.1:3000", "uri": "/god-mode", "headers": {"Accept": ["*/*"], "User-Agent": ["curl/8.20.0"]}}, "bytes_read": 0, "user_id": "", "duration": 0.0006185, "size": 5589, "status": 200, "resp_headers": {"Server": ["Caddy"], "X-Xss-Protection": ["1; mode=block"], "Vary": ["Accept-Encoding"], "Last-Modified": ["Thu, 10 Sep 2026 18:04:02 GMT"], "Accept-Ranges": ["bytes"], "X-Content-Type-Options": ["nosniff"], "X-Frame-Options": ["DENY"], "Etag": ["\"dlbu270dl7284b9\""], "Content-Type": ["text/html; charset=utf-8"], "Content-Length": ["5589"]}}
admin       | 2026/09/18 08:20:59.738	[34mINFO[0m	http.log.access.log0	handled request	{"request": {"remote_ip": "127.0.0.1", "remote_port": "59470", "client_ip": "127.0.0.1", "proto": "HTTP/1.1", "method": "GET", "host": "127.0.0.1:3000", "uri": "/god-mode", "headers": {"User-Agent": ["curl/8.20.0"], "Accept": ["*/*"]}}, "bytes_read": 0, "user_id": "", "duration": 0.002677424, "size": 5589, "status": 200, "resp_headers": {"Vary": ["Accept-Encoding"], "Accept-Ranges": ["bytes"], "Content-Length": ["5589"], "X-Content-Type-Options": ["nosniff"], "X-Frame-Options": ["DENY"], "Etag": ["\"dlbu270dl7284b9\""], "Content-Type": ["text/html; charset=utf-8"], "Last-Modified": ["Thu, 10 Sep 2026 18:04:02 GMT"], "Server": ["Caddy"], "X-Xss-Protection": ["1; mode=block"]}}
admin       | 2026/09/18 08:21:29.812	[34mINFO[0m	http.log.access.log0	handled request	{"request": {"remote_ip": "127.0.0.1", "remote_port": "43354", "client_ip": "127.0.0.1", "proto": "HTTP/1.1", "method": "GET", "host": "127.0.0.1:3000", "uri": "/god-mode", "headers": {"User-Agent": ["curl/8.20.0"], "Accept": ["*/*"]}}, "bytes_read": 0, "user_id": "", "duration": 0.000572138, "size": 5589, "status": 200, "resp_headers": {"Content-Type": ["text/html; charset=utf-8"], "Accept-Ranges": ["bytes"], "Server": ["Caddy"], "X-Content-Type-Options": ["nosniff"], "X-Xss-Protection": ["1; mode=block"], "Vary": ["Accept-Encoding"], "Etag": ["\"dlbu270dl7284b9\""], "Last-Modified": ["Thu, 10 Sep 2026 18:04:02 GMT"], "Content-Length": ["5589"], "X-Frame-Options": ["DENY"]}}
admin       | 2026/09/18 08:21:59.902	[34mINFO[0m	http.log.access.log0	handled request	{"request": {"remote_ip": "127.0.0.1", "remote_port": "52454", "client_ip": "127.0.0.1", "proto": "HTTP/1.1", "method": "GET", "host": "127.0.0.1:3000", "uri": "/god-mode", "headers": {"User-Agent": ["curl/8.20.0"], "Accept": ["*/*"]}}, "bytes_read": 0, "user_id": "", "duration": 0.000592026, "size": 5589, "status": 200, "resp_headers": {"Last-Modified": ["Thu, 10 Sep 2026 18:04:02 GMT"], "Accept-Ranges": ["bytes"], "Server": ["Caddy"], "X-Xss-Protection": ["1; mode=block"], "Content-Type": ["text/html; charset=utf-8"], "Content-Length": ["5589"], "X-Frame-Options": ["DENY"], "X-Content-Type-Options": ["nosniff"], "Vary": ["Accept-Encoding"], "Etag": ["\"dlbu270dl7284b9\""]}}
admin       | 2026/09/18 08:22:29.980	[34mINFO[0m	http.log.access.log0	handled request	{"request": {"remote_ip": "127.0.0.1", "remote_port": "43978", "client_ip": "127.0.0.1", "proto": "HTTP/1.1", "method": "GET", "host": "127.0.0.1:3000", "uri": "/god-mode", "headers": {"User-Agent": ["curl/8.20.0"], "Accept": ["*/*"]}}, "bytes_read": 0, "user_id": "", "duration": 0.00065512, "size": 5589, "status": 200, "resp_headers": {"Etag": ["\"dlbu270dl7284b9\""], "Content-Type": ["text/html; charset=utf-8"], "X-Content-Type-Options": ["nosniff"], "X-Frame-Options": ["DENY"], "X-Xss-Protection": ["1; mode=block"], "Last-Modified": ["Thu, 10 Sep 2026 18:04:02 GMT"], "Accept-Ranges": ["bytes"], "Content-Length": ["5589"], "Server": ["Caddy"], "Vary": ["Accept-Encoding"]}}
admin       | 2026/09/18 08:23:00.081	[34mINFO[0m	http.log.access.log0	handled request	{"request": {"remote_ip": "127.0.0.1", "remote_port": "41722", "client_ip": "127.0.0.1", "proto": "HTTP/1.1", "method": "GET", "host": "127.0.0.1:3000", "uri": "/god-mode", "headers": {"User-Agent": ["curl/8.20.0"], "Accept": ["*/*"]}}, "bytes_read": 0, "user_id": "", "duration": 0.000758162, "size": 5589, "status": 200, "resp_headers": {"Server": ["Caddy"], "X-Content-Type-Options": ["nosniff"], "X-Frame-Options": ["DENY"], "Vary": ["Accept-Encoding"], "Content-Type": ["text/html; charset=utf-8"], "Last-Modified": ["Thu, 10 Sep 2026 18:04:02 GMT"], "Accept-Ranges": ["bytes"], "Content-Length": ["5589"], "X-Xss-Protection": ["1; mode=block"], "Etag": ["\"dlbu270dl7284b9\""]}}
admin       | 2026/09/18 08:23:30.201	[34mINFO[0m	http.log.access.log0	handled request	{"request": {"remote_ip": "127.0.0.1", "remote_port": "53522", "client_ip": "127.0.0.1", "proto": "HTTP/1.1", "method": "GET", "host": "127.0.0.1:3000", "uri": "/god-mode", "headers": {"User-Agent": ["curl/8.20.0"], "Accept": ["*/*"]}}, "bytes_read": 0, "user_id": "", "duration": 0.000642795, "size": 5589, "status": 200, "resp_headers": {"X-Content-Type-Options": ["nosniff"], "X-Xss-Protection": ["1; mode=block"], "Etag": ["\"dlbu270dl7284b9\""], "Content-Type": ["text/html; charset=utf-8"], "Server": ["Caddy"], "X-Frame-Options": ["DENY"], "Vary": ["Accept-Encoding"], "Last-Modified": ["Thu, 10 Sep 2026 18:04:02 GMT"], "Accept-Ranges": ["bytes"], "Content-Length": ["5589"]}}
admin       | 2026/09/18 08:24:00.297	[34mINFO[0m	http.log.access.log0	handled request	{"request": {"remote_ip": "127.0.0.1", "remote_port": "38484", "client_ip": "127.0.0.1", "proto": "HTTP/1.1", "method": "GET", "host": "127.0.0.1:3000", "uri": "/god-mode", "headers": {"User-Agent": ["curl/8.20.0"], "Accept": ["*/*"]}}, "bytes_read": 0, "user_id": "", "duration": 0.001060013, "size": 5589, "status": 200, "resp_headers": {"Last-Modified": ["Thu, 10 Sep 2026 18:04:02 GMT"], "Accept-Ranges": ["bytes"], "Content-Length": ["5589"], "Server": ["Caddy"], "X-Frame-Options": ["DENY"], "Content-Type": ["text/html; charset=utf-8"], "X-Xss-Protection": ["1; mode=block"], "X-Content-Type-Options": ["nosniff"], "Vary": ["Accept-Encoding"], "Etag": ["\"dlbu270dl7284b9\""]}}
admin       | 2026/09/18 08:24:30.413	[34mINFO[0m	http.log.access.log0	handled request	{"request": {"remote_ip": "127.0.0.1", "remote_port": "51648", "client_ip": "127.0.0.1", "proto": "HTTP/1.1", "method": "GET", "host": "127.0.0.1:3000", "uri": "/god-mode", "headers": {"User-Agent": ["curl/8.20.0"], "Accept": ["*/*"]}}, "bytes_read": 0, "user_id": "", "duration": 0.004949174, "size": 5589, "status": 200, "resp_headers": {"Server": ["Caddy"], "X-Content-Type-Options": ["nosniff"], "X-Xss-Protection": ["1; mode=block"], "Vary": ["Accept-Encoding"], "Etag": ["\"dlbu270dl7284b9\""], "Accept-Ranges": ["bytes"], "X-Frame-Options": ["DENY"], "Content-Type": ["text/html; charset=utf-8"], "Last-Modified": ["Thu, 10 Sep 2026 18:04:02 GMT"], "Content-Length": ["5589"]}}
admin       | 2026/09/18 08:25:00.560	[34mINFO[0m	http.log.access.log0	handled request	{"request": {"remote_ip": "127.0.0.1", "remote_port": "49642", "client_ip": "127.0.0.1", "proto": "HTTP/1.1", "method": "GET", "host": "127.0.0.1:3000", "uri": "/god-mode", "headers": {"User-Agent": ["curl/8.20.0"], "Accept": ["*/*"]}}, "bytes_read": 0, "user_id": "", "duration": 0.000687778, "size": 5589, "status": 200, "resp_headers": {"Server": ["Caddy"], "X-Content-Type-Options": ["nosniff"], "Vary": ["Accept-Encoding"], "Content-Type": ["text/html; charset=utf-8"], "X-Frame-Options": ["DENY"], "X-Xss-Protection": ["1; mode=block"], "Etag": ["\"dlbu270dl7284b9\""], "Last-Modified": ["Thu, 10 Sep 2026 18:04:02 GMT"], "Accept-Ranges": ["bytes"], "Content-Length": ["5589"]}}
admin       | 2026/09/18 08:25:30.654	[34mINFO[0m	http.log.access.log0	handled request	{"request": {"remote_ip": "127.0.0.1", "remote_port": "44006", "client_ip": "127.0.0.1", "proto": "HTTP/1.1", "method": "GET", "host": "127.0.0.1:3000", "uri": "/god-mode", "headers": {"User-Agent": ["curl/8.20.0"], "Accept": ["*/*"]}}, "bytes_read": 0, "user_id": "", "duration": 0.000605019, "size": 5589, "status": 200, "resp_headers": {"X-Xss-Protection": ["1; mode=block"], "Vary": ["Accept-Encoding"], "Etag": ["\"dlbu270dl7284b9\""], "Content-Type": ["text/html; charset=utf-8"], "Last-Modified": ["Thu, 10 Sep 2026 18:04:02 GMT"], "Server": ["Caddy"], "X-Content-Type-Options": ["nosniff"], "X-Frame-Options": ["DENY"], "Accept-Ranges": ["bytes"], "Content-Length": ["5589"]}}
admin       | 2026/09/18 08:26:00.757	[34mINFO[0m	http.log.access.log0	handled request	{"request": {"remote_ip": "127.0.0.1", "remote_port": "43634", "client_ip": "127.0.0.1", "proto": "HTTP/1.1", "method": "GET", "host": "127.0.0.1:3000", "uri": "/god-mode", "headers": {"User-Agent": ["curl/8.20.0"], "Accept": ["*/*"]}}, "bytes_read": 0, "user_id": "", "duration": 0.000612844, "size": 5589, "status": 200, "resp_headers": {"Server": ["Caddy"], "X-Frame-Options": ["DENY"], "Vary": ["Accept-Encoding"], "Content-Type": ["text/html; charset=utf-8"], "Last-Modified": ["Thu, 10 Sep 2026 18:04:02 GMT"], "Accept-Ranges": ["bytes"], "Content-Length": ["5589"], "X-Content-Type-Options": ["nosniff"], "X-Xss-Protection": ["1; mode=block"], "Etag": ["\"dlbu270dl7284b9\""]}}
admin       | 2026/09/18 08:26:30.864	[34mINFO[0m	http.log.access.log0	handled request	{"request": {"remote_ip": "127.0.0.1", "remote_port": "40476", "client_ip": "127.0.0.1", "proto": "HTTP/1.1", "method": "GET", "host": "127.0.0.1:3000", "uri": "/god-mode", "headers": {"User-Agent": ["curl/8.20.0"], "Accept": ["*/*"]}}, "bytes_read": 0, "user_id": "", "duration": 0.000746349, "size": 5589, "status": 200, "resp_headers": {"Etag": ["\"dlbu270dl7284b9\""], "Content-Type": ["text/html; charset=utf-8"], "Accept-Ranges": ["bytes"], "X-Frame-Options": ["DENY"], "Last-Modified": ["Thu, 10 Sep 2026 18:04:02 GMT"], "Content-Length": ["5589"], "Server": ["Caddy"], "X-Content-Type-Options": ["nosniff"], "X-Xss-Protection": ["1; mode=block"], "Vary": ["Accept-Encoding"]}}
admin       | 2026/09/18 08:27:00.969	[34mINFO[0m	http.log.access.log0	handled request	{"request": {"remote_ip": "127.0.0.1", "remote_port": "43076", "client_ip": "127.0.0.1", "proto": "HTTP/1.1", "method": "GET", "host": "127.0.0.1:3000", "uri": "/god-mode", "headers": {"User-Agent": ["curl/8.20.0"], "Accept": ["*/*"]}}, "bytes_read": 0, "user_id": "", "duration": 0.00073183, "size": 5589, "status": 200, "resp_headers": {"Server": ["Caddy"], "X-Content-Type-Options": ["nosniff"], "X-Frame-Options": ["DENY"], "Etag": ["\"dlbu270dl7284b9\""], "Content-Type": ["text/html; charset=utf-8"], "Accept-Ranges": ["bytes"], "Content-Length": ["5589"], "X-Xss-Protection": ["1; mode=block"], "Vary": ["Accept-Encoding"], "Last-Modified": ["Thu, 10 Sep 2026 18:04:02 GMT"]}}
admin       | 2026/09/18 08:27:31.054	[34mINFO[0m	http.log.access.log0	handled request	{"request": {"remote_ip": "127.0.0.1", "remote_port": "46946", "client_ip": "127.0.0.1", "proto": "HTTP/1.1", "method": "GET", "host": "127.0.0.1:3000", "uri": "/god-mode", "headers": {"User-Agent": ["curl/8.20.0"], "Accept": ["*/*"]}}, "bytes_read": 0, "user_id": "", "duration": 0.000477704, "size": 5589, "status": 200, "resp_headers": {"Content-Type": ["text/html; charset=utf-8"], "Accept-Ranges": ["bytes"], "Content-Length": ["5589"], "Server": ["Caddy"], "X-Frame-Options": ["DENY"], "X-Xss-Protection": ["1; mode=block"], "Vary": ["Accept-Encoding"], "Etag": ["\"dlbu270dl7284b9\""], "Last-Modified": ["Thu, 10 Sep 2026 18:04:02 GMT"], "X-Content-Type-Options": ["nosniff"]}}
admin       | 2026/09/18 08:28:01.151	[34mINFO[0m	http.log.access.log0	handled request	{"request": {"remote_ip": "127.0.0.1", "remote_port": "39308", "client_ip": "127.0.0.1", "proto": "HTTP/1.1", "method": "GET", "host": "127.0.0.1:3000", "uri": "/god-mode", "headers": {"Accept": ["*/*"], "User-Agent": ["curl/8.20.0"]}}, "bytes_read": 0, "user_id": "", "duration": 0.000594527, "size": 5589, "status": 200, "resp_headers": {"Server": ["Caddy"], "X-Xss-Protection": ["1; mode=block"], "X-Content-Type-Options": ["nosniff"], "Content-Type": ["text/html; charset=utf-8"], "Accept-Ranges": ["bytes"], "Content-Length": ["5589"], "X-Frame-Options": ["DENY"], "Vary": ["Accept-Encoding"], "Etag": ["\"dlbu270dl7284b9\""], "Last-Modified": ["Thu, 10 Sep 2026 18:04:02 GMT"]}}
admin       | 2026/09/18 08:28:31.230	[34mINFO[0m	http.log.access.log0	handled request	{"request": {"remote_ip": "127.0.0.1", "remote_port": "40818", "client_ip": "127.0.0.1", "proto": "HTTP/1.1", "method": "GET", "host": "127.0.0.1:3000", "uri": "/god-mode", "headers": {"User-Agent": ["curl/8.20.0"], "Accept": ["*/*"]}}, "bytes_read": 0, "user_id": "", "duration": 0.000590961, "size": 5589, "status": 200, "resp_headers": {"X-Frame-Options": ["DENY"], "X-Xss-Protection": ["1; mode=block"], "Content-Type": ["text/html; charset=utf-8"], "Last-Modified": ["Thu, 10 Sep 2026 18:04:02 GMT"], "Content-Length": ["5589"], "Vary": ["Accept-Encoding"], "Etag": ["\"dlbu270dl7284b9\""], "Accept-Ranges": ["bytes"], "Server": ["Caddy"], "X-Content-Type-Options": ["nosniff"]}}
admin       | 2026/09/18 08:29:01.326	[34mINFO[0m	http.log.access.log0	handled request	{"request": {"remote_ip": "127.0.0.1", "remote_port": "36728", "client_ip": "127.0.0.1", "proto": "HTTP/1.1", "method": "GET", "host": "127.0.0.1:3000", "uri": "/god-mode", "headers": {"User-Agent": ["curl/8.20.0"], "Accept": ["*/*"]}}, "bytes_read": 0, "user_id": "", "duration": 0.001515807, "size": 5589, "status": 200, "resp_headers": {"Server": ["Caddy"], "X-Content-Type-Options": ["nosniff"], "X-Frame-Options": ["DENY"], "Etag": ["\"dlbu270dl7284b9\""], "X-Xss-Protection": ["1; mode=block"], "Vary": ["Accept-Encoding"], "Content-Type": ["text/html; charset=utf-8"], "Last-Modified": ["Thu, 10 Sep 2026 18:04:02 GMT"], "Accept-Ranges": ["bytes"], "Content-Length": ["5589"]}}
admin       | 2026/09/18 08:29:31.406	[34mINFO[0m	http.log.access.log0	handled request	{"request": {"remote_ip": "127.0.0.1", "remote_port": "33598", "client_ip": "127.0.0.1", "proto": "HTTP/1.1", "method": "GET", "host": "127.0.0.1:3000", "uri": "/god-mode", "headers": {"User-Agent": ["curl/8.20.0"], "Accept": ["*/*"]}}, "bytes_read": 0, "user_id": "", "duration": 0.00049712, "size": 5589, "status": 200, "resp_headers": {"Server": ["Caddy"], "X-Xss-Protection": ["1; mode=block"], "Vary": ["Accept-Encoding"], "Accept-Ranges": ["bytes"], "Content-Length": ["5589"], "X-Content-Type-Options": ["nosniff"], "X-Frame-Options": ["DENY"], "Etag": ["\"dlbu270dl7284b9\""], "Content-Type": ["text/html; charset=utf-8"], "Last-Modified": ["Thu, 10 Sep 2026 18:04:02 GMT"]}}
admin       | 2026/09/18 08:30:01.541	[34mINFO[0m	http.log.access.log0	handled request	{"request": {"remote_ip": "127.0.0.1", "remote_port": "58754", "client_ip": "127.0.0.1", "proto": "HTTP/1.1", "method": "GET", "host": "127.0.0.1:3000", "uri": "/god-mode", "headers": {"Accept": ["*/*"], "User-Agent": ["curl/8.20.0"]}}, "bytes_read": 0, "user_id": "", "duration": 0.000574395, "size": 5589, "status": 200, "resp_headers": {"Vary": ["Accept-Encoding"], "Content-Length": ["5589"], "X-Frame-Options": ["DENY"], "X-Xss-Protection": ["1; mode=block"], "Etag": ["\"dlbu270dl7284b9\""], "Content-Type": ["text/html; charset=utf-8"], "Last-Modified": ["Thu, 10 Sep 2026 18:04:02 GMT"], "Accept-Ranges": ["bytes"], "Server": ["Caddy"], "X-Content-Type-Options": ["nosniff"]}}
admin       | 2026/09/18 08:30:31.661	[34mINFO[0m	http.log.access.log0	handled request	{"request": {"remote_ip": "127.0.0.1", "remote_port": "58804", "client_ip": "127.0.0.1", "proto": "HTTP/1.1", "method": "GET", "host": "127.0.0.1:3000", "uri": "/god-mode", "headers": {"User-Agent": ["curl/8.20.0"], "Accept": ["*/*"]}}, "bytes_read": 0, "user_id": "", "duration": 0.003944033, "size": 5589, "status": 200, "resp_headers": {"Server": ["Caddy"], "Vary": ["Accept-Encoding"], "Content-Type": ["text/html; charset=utf-8"], "Last-Modified": ["Thu, 10 Sep 2026 18:04:02 GMT"], "Accept-Ranges": ["bytes"], "X-Content-Type-Options": ["nosniff"], "X-Frame-Options": ["DENY"], "X-Xss-Protection": ["1; mode=block"], "Etag": ["\"dlbu270dl7284b9\""], "Content-Length": ["5589"]}}
admin       | 2026/09/18 08:31:01.753	[34mINFO[0m	http.log.access.log0	handled request	{"request": {"remote_ip": "127.0.0.1", "remote_port": "35918", "client_ip": "127.0.0.1", "proto": "HTTP/1.1", "method": "GET", "host": "127.0.0.1:3000", "uri": "/god-mode", "headers": {"User-Agent": ["curl/8.20.0"], "Accept": ["*/*"]}}, "bytes_read": 0, "user_id": "", "duration": 0.000654175, "size": 5589, "status": 200, "resp_headers": {"Vary": ["Accept-Encoding"], "Last-Modified": ["Thu, 10 Sep 2026 18:04:02 GMT"], "Content-Length": ["5589"], "Server": ["Caddy"], "X-Content-Type-Options": ["nosniff"], "X-Frame-Options": ["DENY"], "X-Xss-Protection": ["1; mode=block"], "Etag": ["\"dlbu270dl7284b9\""], "Content-Type": ["text/html; charset=utf-8"], "Accept-Ranges": ["bytes"]}}
admin       | 2026/09/18 08:31:31.838	[34mINFO[0m	http.log.access.log0	handled request	{"request": {"remote_ip": "127.0.0.1", "remote_port": "56048", "client_ip": "127.0.0.1", "proto": "HTTP/1.1", "method": "GET", "host": "127.0.0.1:3000", "uri": "/god-mode", "headers": {"User-Agent": ["curl/8.20.0"], "Accept": ["*/*"]}}, "bytes_read": 0, "user_id": "", "duration": 0.000487838, "size": 5589, "status": 200, "resp_headers": {"Content-Type": ["text/html; charset=utf-8"], "Last-Modified": ["Thu, 10 Sep 2026 18:04:02 GMT"], "Accept-Ranges": ["bytes"], "Server": ["Caddy"], "X-Frame-Options": ["DENY"], "X-Xss-Protection": ["1; mode=block"], "Vary": ["Accept-Encoding"], "Content-Length": ["5589"], "X-Content-Type-Options": ["nosniff"], "Etag": ["\"dlbu270dl7284b9\""]}}
admin       | 2026/09/18 08:32:01.923	[34mINFO[0m	http.log.access.log0	handled request	{"request": {"remote_ip": "127.0.0.1", "remote_port": "44958", "client_ip": "127.0.0.1", "proto": "HTTP/1.1", "method": "GET", "host": "127.0.0.1:3000", "uri": "/god-mode", "headers": {"User-Agent": ["curl/8.20.0"], "Accept": ["*/*"]}}, "bytes_read": 0, "user_id": "", "duration": 0.000603774, "size": 5589, "status": 200, "resp_headers": {"Vary": ["Accept-Encoding"], "Content-Type": ["text/html; charset=utf-8"], "Last-Modified": ["Thu, 10 Sep 2026 18:04:02 GMT"], "Content-Length": ["5589"], "Server": ["Caddy"], "X-Content-Type-Options": ["nosniff"], "X-Xss-Protection": ["1; mode=block"], "Etag": ["\"dlbu270dl7284b9\""], "Accept-Ranges": ["bytes"], "X-Frame-Options": ["DENY"]}}
admin       | 2026/09/18 08:32:32.012	[34mINFO[0m	http.log.access.log0	handled request	{"request": {"remote_ip": "127.0.0.1", "remote_port": "39684", "client_ip": "127.0.0.1", "proto": "HTTP/1.1", "method": "GET", "host": "127.0.0.1:3000", "uri": "/god-mode", "headers": {"Accept": ["*/*"], "User-Agent": ["curl/8.20.0"]}}, "bytes_read": 0, "user_id": "", "duration": 0.000585383, "size": 5589, "status": 200, "resp_headers": {"X-Content-Type-Options": ["nosniff"], "X-Xss-Protection": ["1; mode=block"], "Etag": ["\"dlbu270dl7284b9\""], "Content-Type": ["text/html; charset=utf-8"], "Accept-Ranges": ["bytes"], "Content-Length": ["5589"], "Server": ["Caddy"], "X-Frame-Options": ["DENY"], "Vary": ["Accept-Encoding"], "Last-Modified": ["Thu, 10 Sep 2026 18:04:02 GMT"]}}
admin       | 2026/09/18 08:33:02.108	[34mINFO[0m	http.log.access.log0	handled request	{"request": {"remote_ip": "127.0.0.1", "remote_port": "59708", "client_ip": "127.0.0.1", "proto": "HTTP/1.1", "method": "GET", "host": "127.0.0.1:3000", "uri": "/god-mode", "headers": {"User-Agent": ["curl/8.20.0"], "Accept": ["*/*"]}}, "bytes_read": 0, "user_id": "", "duration": 0.000640955, "size": 5589, "status": 200, "resp_headers": {"Content-Length": ["5589"], "Server": ["Caddy"], "X-Frame-Options": ["DENY"], "X-Xss-Protection": ["1; mode=block"], "Vary": ["Accept-Encoding"], "Content-Type": ["text/html; charset=utf-8"], "Accept-Ranges": ["bytes"], "X-Content-Type-Options": ["nosniff"], "Etag": ["\"dlbu270dl7284b9\""], "Last-Modified": ["Thu, 10 Sep 2026 18:04:02 GMT"]}}
admin       | 2026/09/18 08:33:32.180	[34mINFO[0m	http.log.access.log0	handled request	{"request": {"remote_ip": "127.0.0.1", "remote_port": "38466", "client_ip": "127.0.0.1", "proto": "HTTP/1.1", "method": "GET", "host": "127.0.0.1:3000", "uri": "/god-mode", "headers": {"Accept": ["*/*"], "User-Agent": ["curl/8.20.0"]}}, "bytes_read": 0, "user_id": "", "duration": 0.00051681, "size": 5589, "status": 200, "resp_headers": {"X-Xss-Protection": ["1; mode=block"], "Vary": ["Accept-Encoding"], "Content-Type": ["text/html; charset=utf-8"], "X-Content-Type-Options": ["nosniff"], "Etag": ["\"dlbu270dl7284b9\""], "Last-Modified": ["Thu, 10 Sep 2026 18:04:02 GMT"], "Accept-Ranges": ["bytes"], "Content-Length": ["5589"], "Server": ["Caddy"], "X-Frame-Options": ["DENY"]}}
admin       | 2026/09/18 08:34:02.260	[34mINFO[0m	http.log.access.log0	handled request	{"request": {"remote_ip": "127.0.0.1", "remote_port": "41332", "client_ip": "127.0.0.1", "proto": "HTTP/1.1", "method": "GET", "host": "127.0.0.1:3000", "uri": "/god-mode", "headers": {"User-Agent": ["curl/8.20.0"], "Accept": ["*/*"]}}, "bytes_read": 0, "user_id": "", "duration": 0.002177183, "size": 5589, "status": 200, "resp_headers": {"X-Xss-Protection": ["1; mode=block"], "Vary": ["Accept-Encoding"], "Last-Modified": ["Thu, 10 Sep 2026 18:04:02 GMT"], "Accept-Ranges": ["bytes"], "Content-Length": ["5589"], "X-Content-Type-Options": ["nosniff"], "X-Frame-Options": ["DENY"], "Etag": ["\"dlbu270dl7284b9\""], "Content-Type": ["text/html; charset=utf-8"], "Server": ["Caddy"]}}
admin       | 2026/09/18 08:34:32.341	[34mINFO[0m	http.log.access.log0	handled request	{"request": {"remote_ip": "127.0.0.1", "remote_port": "38482", "client_ip": "127.0.0.1", "proto": "HTTP/1.1", "method": "GET", "host": "127.0.0.1:3000", "uri": "/god-mode", "headers": {"User-Agent": ["curl/8.20.0"], "Accept": ["*/*"]}}, "bytes_read": 0, "user_id": "", "duration": 0.000855275, "size": 5589, "status": 200, "resp_headers": {"Server": ["Caddy"], "X-Content-Type-Options": ["nosniff"], "X-Frame-Options": ["DENY"], "X-Xss-Protection": ["1; mode=block"], "Etag": ["\"dlbu270dl7284b9\""], "Last-Modified": ["Thu, 10 Sep 2026 18:04:02 GMT"], "Accept-Ranges": ["bytes"], "Content-Length": ["5589"], "Vary": ["Accept-Encoding"], "Content-Type": ["text/html; charset=utf-8"]}}
admin       | 2026/09/18 08:35:02.484	[34mINFO[0m	http.log.access.log0	handled request	{"request": {"remote_ip": "127.0.0.1", "remote_port": "59234", "client_ip": "127.0.0.1", "proto": "HTTP/1.1", "method": "GET", "host": "127.0.0.1:3000", "uri": "/god-mode", "headers": {"User-Agent": ["curl/8.20.0"], "Accept": ["*/*"]}}, "bytes_read": 0, "user_id": "", "duration": 0.000722501, "size": 5589, "status": 200, "resp_headers": {"Content-Type": ["text/html; charset=utf-8"], "Content-Length": ["5589"], "Server": ["Caddy"], "X-Xss-Protection": ["1; mode=block"], "Etag": ["\"dlbu270dl7284b9\""], "Last-Modified": ["Thu, 10 Sep 2026 18:04:02 GMT"], "Accept-Ranges": ["bytes"], "X-Content-Type-Options": ["nosniff"], "X-Frame-Options": ["DENY"], "Vary": ["Accept-Encoding"]}}
admin       | 2026/09/18 08:35:32.563	[34mINFO[0m	http.log.access.log0	handled request	{"request": {"remote_ip": "127.0.0.1", "remote_port": "55892", "client_ip": "127.0.0.1", "proto": "HTTP/1.1", "method": "GET", "host": "127.0.0.1:3000", "uri": "/god-mode", "headers": {"User-Agent": ["curl/8.20.0"], "Accept": ["*/*"]}}, "bytes_read": 0, "user_id": "", "duration": 0.000576837, "size": 5589, "status": 200, "resp_headers": {"Content-Length": ["5589"], "X-Xss-Protection": ["1; mode=block"], "X-Content-Type-Options": ["nosniff"], "X-Frame-Options": ["DENY"], "Content-Type": ["text/html; charset=utf-8"], "Last-Modified": ["Thu, 10 Sep 2026 18:04:02 GMT"], "Accept-Ranges": ["bytes"], "Server": ["Caddy"], "Vary": ["Accept-Encoding"], "Etag": ["\"dlbu270dl7284b9\""]}}
admin       | 2026/09/18 08:36:02.642	[34mINFO[0m	http.log.access.log0	handled request	{"request": {"remote_ip": "127.0.0.1", "remote_port": "37952", "client_ip": "127.0.0.1", "proto": "HTTP/1.1", "method": "GET", "host": "127.0.0.1:3000", "uri": "/god-mode", "headers": {"User-Agent": ["curl/8.20.0"], "Accept": ["*/*"]}}, "bytes_read": 0, "user_id": "", "duration": 0.000559065, "size": 5589, "status": 200, "resp_headers": {"Server": ["Caddy"], "X-Content-Type-Options": ["nosniff"], "X-Xss-Protection": ["1; mode=block"], "Vary": ["Accept-Encoding"], "Last-Modified": ["Thu, 10 Sep 2026 18:04:02 GMT"], "Content-Length": ["5589"], "X-Frame-Options": ["DENY"], "Etag": ["\"dlbu270dl7284b9\""], "Content-Type": ["text/html; charset=utf-8"], "Accept-Ranges": ["bytes"]}}
admin       | 2026/09/18 08:36:32.713	[34mINFO[0m	http.log.access.log0	handled request	{"request": {"remote_ip": "127.0.0.1", "remote_port": "47850", "client_ip": "127.0.0.1", "proto": "HTTP/1.1", "method": "GET", "host": "127.0.0.1:3000", "uri": "/god-mode", "headers": {"User-Agent": ["curl/8.20.0"], "Accept": ["*/*"]}}, "bytes_read": 0, "user_id": "", "duration": 0.000616343, "size": 5589, "status": 200, "resp_headers": {"Vary": ["Accept-Encoding"], "Etag": ["\"dlbu270dl7284b9\""], "Last-Modified": ["Thu, 10 Sep 2026 18:04:02 GMT"], "Content-Length": ["5589"], "X-Frame-Options": ["DENY"], "X-Xss-Protection": ["1; mode=block"], "Content-Type": ["text/html; charset=utf-8"], "Accept-Ranges": ["bytes"], "Server": ["Caddy"], "X-Content-Type-Options": ["nosniff"]}}
admin       | 2026/09/18 08:37:02.794	[34mINFO[0m	http.log.access.log0	handled request	{"request": {"remote_ip": "127.0.0.1", "remote_port": "57220", "client_ip": "127.0.0.1", "proto": "HTTP/1.1", "method": "GET", "host": "127.0.0.1:3000", "uri": "/god-mode", "headers": {"User-Agent": ["curl/8.20.0"], "Accept": ["*/*"]}}, "bytes_read": 0, "user_id": "", "duration": 0.000483504, "size": 5589, "status": 200, "resp_headers": {"X-Frame-Options": ["DENY"], "X-Xss-Protection": ["1; mode=block"], "Vary": ["Accept-Encoding"], "Etag": ["\"dlbu270dl7284b9\""], "Content-Type": ["text/html; charset=utf-8"], "Accept-Ranges": ["bytes"], "Server": ["Caddy"], "X-Content-Type-Options": ["nosniff"], "Last-Modified": ["Thu, 10 Sep 2026 18:04:02 GMT"], "Content-Length": ["5589"]}}
admin       | 2026/09/18 08:37:32.866	[34mINFO[0m	http.log.access.log0	handled request	{"request": {"remote_ip": "127.0.0.1", "remote_port": "55042", "client_ip": "127.0.0.1", "proto": "HTTP/1.1", "method": "GET", "host": "127.0.0.1:3000", "uri": "/god-mode", "headers": {"User-Agent": ["curl/8.20.0"], "Accept": ["*/*"]}}, "bytes_read": 0, "user_id": "", "duration": 0.000540769, "size": 5589, "status": 200, "resp_headers": {"Accept-Ranges": ["bytes"], "X-Content-Type-Options": ["nosniff"], "X-Frame-Options": ["DENY"], "Vary": ["Accept-Encoding"], "Content-Type": ["text/html; charset=utf-8"], "Content-Length": ["5589"], "Server": ["Caddy"], "X-Xss-Protection": ["1; mode=block"], "Etag": ["\"dlbu270dl7284b9\""], "Last-Modified": ["Thu, 10 Sep 2026 18:04:02 GMT"]}}
admin       | 2026/09/18 08:38:02.943	[34mINFO[0m	http.log.access.log0	handled request	{"request": {"remote_ip": "127.0.0.1", "remote_port": "46310", "client_ip": "127.0.0.1", "proto": "HTTP/1.1", "method": "GET", "host": "127.0.0.1:3000", "uri": "/god-mode", "headers": {"User-Agent": ["curl/8.20.0"], "Accept": ["*/*"]}}, "bytes_read": 0, "user_id": "", "duration": 0.000642087, "size": 5589, "status": 200, "resp_headers": {"Server": ["Caddy"], "X-Xss-Protection": ["1; mode=block"], "Vary": ["Accept-Encoding"], "Etag": ["\"dlbu270dl7284b9\""], "Content-Type": ["text/html; charset=utf-8"], "Last-Modified": ["Thu, 10 Sep 2026 18:04:02 GMT"], "Content-Length": ["5589"], "X-Frame-Options": ["DENY"], "X-Content-Type-Options": ["nosniff"], "Accept-Ranges": ["bytes"]}}
admin       | 2026/09/18 08:38:33.028	[34mINFO[0m	http.log.access.log0	handled request	{"request": {"remote_ip": "127.0.0.1", "remote_port": "46404", "client_ip": "127.0.0.1", "proto": "HTTP/1.1", "method": "GET", "host": "127.0.0.1:3000", "uri": "/god-mode", "headers": {"User-Agent": ["curl/8.20.0"], "Accept": ["*/*"]}}, "bytes_read": 0, "user_id": "", "duration": 0.000619441, "size": 5589, "status": 200, "resp_headers": {"Content-Length": ["5589"], "Server": ["Caddy"], "X-Frame-Options": ["DENY"], "X-Xss-Protection": ["1; mode=block"], "Content-Type": ["text/html; charset=utf-8"], "X-Content-Type-Options": ["nosniff"], "Vary": ["Accept-Encoding"], "Etag": ["\"dlbu270dl7284b9\""], "Last-Modified": ["Thu, 10 Sep 2026 18:04:02 GMT"], "Accept-Ranges": ["bytes"]}}
admin       | 2026/09/18 08:39:03.117	[34mINFO[0m	http.log.access.log0	handled request	{"request": {"remote_ip": "127.0.0.1", "remote_port": "35282", "client_ip": "127.0.0.1", "proto": "HTTP/1.1", "method": "GET", "host": "127.0.0.1:3000", "uri": "/god-mode", "headers": {"User-Agent": ["curl/8.20.0"], "Accept": ["*/*"]}}, "bytes_read": 0, "user_id": "", "duration": 0.0009983, "size": 5589, "status": 200, "resp_headers": {"Server": ["Caddy"], "X-Frame-Options": ["DENY"], "Vary": ["Accept-Encoding"], "Etag": ["\"dlbu270dl7284b9\""], "Last-Modified": ["Thu, 10 Sep 2026 18:04:02 GMT"], "X-Xss-Protection": ["1; mode=block"], "X-Content-Type-Options": ["nosniff"], "Content-Type": ["text/html; charset=utf-8"], "Accept-Ranges": ["bytes"], "Content-Length": ["5589"]}}
admin       | 2026/09/18 08:39:33.203	[34mINFO[0m	http.log.access.log0	handled request	{"request": {"remote_ip": "127.0.0.1", "remote_port": "57510", "client_ip": "127.0.0.1", "proto": "HTTP/1.1", "method": "GET", "host": "127.0.0.1:3000", "uri": "/god-mode", "headers": {"Accept": ["*/*"], "User-Agent": ["curl/8.20.0"]}}, "bytes_read": 0, "user_id": "", "duration": 0.000744501, "size": 5589, "status": 200, "resp_headers": {"Server": ["Caddy"], "X-Content-Type-Options": ["nosniff"], "X-Xss-Protection": ["1; mode=block"], "Vary": ["Accept-Encoding"], "Last-Modified": ["Thu, 10 Sep 2026 18:04:02 GMT"], "X-Frame-Options": ["DENY"], "Etag": ["\"dlbu270dl7284b9\""], "Content-Type": ["text/html; charset=utf-8"], "Accept-Ranges": ["bytes"], "Content-Length": ["5589"]}}
admin       | 2026/09/18 08:40:03.327	[34mINFO[0m	http.log.access.log0	handled request	{"request": {"remote_ip": "127.0.0.1", "remote_port": "40712", "client_ip": "127.0.0.1", "proto": "HTTP/1.1", "method": "GET", "host": "127.0.0.1:3000", "uri": "/god-mode", "headers": {"User-Agent": ["curl/8.20.0"], "Accept": ["*/*"]}}, "bytes_read": 0, "user_id": "", "duration": 0.001082747, "size": 5589, "status": 200, "resp_headers": {"Server": ["Caddy"], "X-Frame-Options": ["DENY"], "Vary": ["Accept-Encoding"], "Etag": ["\"dlbu270dl7284b9\""], "Content-Type": ["text/html; charset=utf-8"], "Last-Modified": ["Thu, 10 Sep 2026 18:04:02 GMT"], "Accept-Ranges": ["bytes"], "X-Content-Type-Options": ["nosniff"], "X-Xss-Protection": ["1; mode=block"], "Content-Length": ["5589"]}}
admin       | 2026/09/18 08:40:33.417	[34mINFO[0m	http.log.access.log0	handled request	{"request": {"remote_ip": "127.0.0.1", "remote_port": "41858", "client_ip": "127.0.0.1", "proto": "HTTP/1.1", "method": "GET", "host": "127.0.0.1:3000", "uri": "/god-mode", "headers": {"User-Agent": ["curl/8.20.0"], "Accept": ["*/*"]}}, "bytes_read": 0, "user_id": "", "duration": 0.001624343, "size": 5589, "status": 200, "resp_headers": {"X-Frame-Options": ["DENY"], "X-Xss-Protection": ["1; mode=block"], "X-Content-Type-Options": ["nosniff"], "Vary": ["Accept-Encoding"], "Content-Type": ["text/html; charset=utf-8"], "Last-Modified": ["Thu, 10 Sep 2026 18:04:02 GMT"], "Server": ["Caddy"], "Etag": ["\"dlbu270dl7284b9\""], "Accept-Ranges": ["bytes"], "Content-Length": ["5589"]}}
admin       | 2026/09/18 08:41:03.504	[34mINFO[0m	http.log.access.log0	handled request	{"request": {"remote_ip": "127.0.0.1", "remote_port": "39044", "client_ip": "127.0.0.1", "proto": "HTTP/1.1", "method": "GET", "host": "127.0.0.1:3000", "uri": "/god-mode", "headers": {"User-Agent": ["curl/8.20.0"], "Accept": ["*/*"]}}, "bytes_read": 0, "user_id": "", "duration": 0.000690101, "size": 5589, "status": 200, "resp_headers": {"X-Content-Type-Options": ["nosniff"], "X-Xss-Protection": ["1; mode=block"], "Content-Type": ["text/html; charset=utf-8"], "Last-Modified": ["Thu, 10 Sep 2026 18:04:02 GMT"], "Content-Length": ["5589"], "Server": ["Caddy"], "X-Frame-Options": ["DENY"], "Vary": ["Accept-Encoding"], "Etag": ["\"dlbu270dl7284b9\""], "Accept-Ranges": ["bytes"]}}
admin       | 2026/09/18 08:41:33.578	[34mINFO[0m	http.log.access.log0	handled request	{"request": {"remote_ip": "127.0.0.1", "remote_port": "49620", "client_ip": "127.0.0.1", "proto": "HTTP/1.1", "method": "GET", "host": "127.0.0.1:3000", "uri": "/god-mode", "headers": {"User-Agent": ["curl/8.20.0"], "Accept": ["*/*"]}}, "bytes_read": 0, "user_id": "", "duration": 0.000577786, "size": 5589, "status": 200, "resp_headers": {"Server": ["Caddy"], "X-Frame-Options": ["DENY"], "X-Xss-Protection": ["1; mode=block"], "Vary": ["Accept-Encoding"], "Content-Type": ["text/html; charset=utf-8"], "Accept-Ranges": ["bytes"], "X-Content-Type-Options": ["nosniff"], "Etag": ["\"dlbu270dl7284b9\""], "Last-Modified": ["Thu, 10 Sep 2026 18:04:02 GMT"], "Content-Length": ["5589"]}}
admin       | 2026/09/18 08:42:03.659	[34mINFO[0m	http.log.access.log0	handled request	{"request": {"remote_ip": "127.0.0.1", "remote_port": "44350", "client_ip": "127.0.0.1", "proto": "HTTP/1.1", "method": "GET", "host": "127.0.0.1:3000", "uri": "/god-mode", "headers": {"User-Agent": ["curl/8.20.0"], "Accept": ["*/*"]}}, "bytes_read": 0, "user_id": "", "duration": 0.000455373, "size": 5589, "status": 200, "resp_headers": {"X-Content-Type-Options": ["nosniff"], "X-Frame-Options": ["DENY"], "X-Xss-Protection": ["1; mode=block"], "Etag": ["\"dlbu270dl7284b9\""], "Content-Type": ["text/html; charset=utf-8"], "Server": ["Caddy"], "Vary": ["Accept-Encoding"], "Last-Modified": ["Thu, 10 Sep 2026 18:04:02 GMT"], "Accept-Ranges": ["bytes"], "Content-Length": ["5589"]}}
admin       | 2026/09/18 08:42:33.752	[34mINFO[0m	http.log.access.log0	handled request	{"request": {"remote_ip": "127.0.0.1", "remote_port": "47988", "client_ip": "127.0.0.1", "proto": "HTTP/1.1", "method": "GET", "host": "127.0.0.1:3000", "uri": "/god-mode", "headers": {"User-Agent": ["curl/8.20.0"], "Accept": ["*/*"]}}, "bytes_read": 0, "user_id": "", "duration": 0.000542762, "size": 5589, "status": 200, "resp_headers": {"X-Content-Type-Options": ["nosniff"], "X-Frame-Options": ["DENY"], "Etag": ["\"dlbu270dl7284b9\""], "Content-Type": ["text/html; charset=utf-8"], "Server": ["Caddy"], "X-Xss-Protection": ["1; mode=block"], "Vary": ["Accept-Encoding"], "Last-Modified": ["Thu, 10 Sep 2026 18:04:02 GMT"], "Accept-Ranges": ["bytes"], "Content-Length": ["5589"]}}
admin       | 2026/09/18 08:43:03.830	[34mINFO[0m	http.log.access.log0	handled request	{"request": {"remote_ip": "127.0.0.1", "remote_port": "55120", "client_ip": "127.0.0.1", "proto": "HTTP/1.1", "method": "GET", "host": "127.0.0.1:3000", "uri": "/god-mode", "headers": {"User-Agent": ["curl/8.20.0"], "Accept": ["*/*"]}}, "bytes_read": 0, "user_id": "", "duration": 0.000585767, "size": 5589, "status": 200, "resp_headers": {"X-Content-Type-Options": ["nosniff"], "Last-Modified": ["Thu, 10 Sep 2026 18:04:02 GMT"], "Accept-Ranges": ["bytes"], "Server": ["Caddy"], "X-Frame-Options": ["DENY"], "X-Xss-Protection": ["1; mode=block"], "Vary": ["Accept-Encoding"], "Etag": ["\"dlbu270dl7284b9\""], "Content-Type": ["text/html; charset=utf-8"], "Content-Length": ["5589"]}}
admin       | 2026/09/18 08:43:33.906	[34mINFO[0m	http.log.access.log0	handled request	{"request": {"remote_ip": "127.0.0.1", "remote_port": "38686", "client_ip": "127.0.0.1", "proto": "HTTP/1.1", "method": "GET", "host": "127.0.0.1:3000", "uri": "/god-mode", "headers": {"User-Agent": ["curl/8.20.0"], "Accept": ["*/*"]}}, "bytes_read": 0, "user_id": "", "duration": 0.00051031, "size": 5589, "status": 200, "resp_headers": {"X-Content-Type-Options": ["nosniff"], "X-Frame-Options": ["DENY"], "Vary": ["Accept-Encoding"], "Content-Type": ["text/html; charset=utf-8"], "Content-Length": ["5589"], "Server": ["Caddy"], "X-Xss-Protection": ["1; mode=block"], "Etag": ["\"dlbu270dl7284b9\""], "Last-Modified": ["Thu, 10 Sep 2026 18:04:02 GMT"], "Accept-Ranges": ["bytes"]}}
admin       | 2026/09/18 08:44:03.989	[34mINFO[0m	http.log.access.log0	handled request	{"request": {"remote_ip": "127.0.0.1", "remote_port": "45604", "client_ip": "127.0.0.1", "proto": "HTTP/1.1", "method": "GET", "host": "127.0.0.1:3000", "uri": "/god-mode", "headers": {"Accept": ["*/*"], "User-Agent": ["curl/8.20.0"]}}, "bytes_read": 0, "user_id": "", "duration": 0.001101025, "size": 5589, "status": 200, "resp_headers": {"Last-Modified": ["Thu, 10 Sep 2026 18:04:02 GMT"], "Accept-Ranges": ["bytes"], "Content-Length": ["5589"], "Server": ["Caddy"], "X-Xss-Protection": ["1; mode=block"], "X-Content-Type-Options": ["nosniff"], "X-Frame-Options": ["DENY"], "Vary": ["Accept-Encoding"], "Etag": ["\"dlbu270dl7284b9\""], "Content-Type": ["text/html; charset=utf-8"]}}
admin       | 2026/09/18 08:44:34.072	[34mINFO[0m	http.log.access.log0	handled request	{"request": {"remote_ip": "127.0.0.1", "remote_port": "51146", "client_ip": "127.0.0.1", "proto": "HTTP/1.1", "method": "GET", "host": "127.0.0.1:3000", "uri": "/god-mode", "headers": {"User-Agent": ["curl/8.20.0"], "Accept": ["*/*"]}}, "bytes_read": 0, "user_id": "", "duration": 0.000567462, "size": 5589, "status": 200, "resp_headers": {"Server": ["Caddy"], "X-Frame-Options": ["DENY"], "X-Xss-Protection": ["1; mode=block"], "Etag": ["\"dlbu270dl7284b9\""], "Accept-Ranges": ["bytes"], "X-Content-Type-Options": ["nosniff"], "Vary": ["Accept-Encoding"], "Content-Type": ["text/html; charset=utf-8"], "Last-Modified": ["Thu, 10 Sep 2026 18:04:02 GMT"], "Content-Length": ["5589"]}}
admin       | 2026/09/18 08:45:04.163	[34mINFO[0m	http.log.access.log0	handled request	{"request": {"remote_ip": "127.0.0.1", "remote_port": "45018", "client_ip": "127.0.0.1", "proto": "HTTP/1.1", "method": "GET", "host": "127.0.0.1:3000", "uri": "/god-mode", "headers": {"User-Agent": ["curl/8.20.0"], "Accept": ["*/*"]}}, "bytes_read": 0, "user_id": "", "duration": 0.000622587, "size": 5589, "status": 200, "resp_headers": {"Content-Type": ["text/html; charset=utf-8"], "Accept-Ranges": ["bytes"], "Content-Length": ["5589"], "Server": ["Caddy"], "X-Xss-Protection": ["1; mode=block"], "Vary": ["Accept-Encoding"], "Last-Modified": ["Thu, 10 Sep 2026 18:04:02 GMT"], "X-Content-Type-Options": ["nosniff"], "X-Frame-Options": ["DENY"], "Etag": ["\"dlbu270dl7284b9\""]}}
admin       | 2026/09/18 08:45:34.238	[34mINFO[0m	http.log.access.log0	handled request	{"request": {"remote_ip": "127.0.0.1", "remote_port": "46260", "client_ip": "127.0.0.1", "proto": "HTTP/1.1", "method": "GET", "host": "127.0.0.1:3000", "uri": "/god-mode", "headers": {"User-Agent": ["curl/8.20.0"], "Accept": ["*/*"]}}, "bytes_read": 0, "user_id": "", "duration": 0.000587063, "size": 5589, "status": 200, "resp_headers": {"Server": ["Caddy"], "Accept-Ranges": ["bytes"], "X-Content-Type-Options": ["nosniff"], "X-Frame-Options": ["DENY"], "X-Xss-Protection": ["1; mode=block"], "Vary": ["Accept-Encoding"], "Etag": ["\"dlbu270dl7284b9\""], "Content-Type": ["text/html; charset=utf-8"], "Last-Modified": ["Thu, 10 Sep 2026 18:04:02 GMT"], "Content-Length": ["5589"]}}
admin       | 2026/09/18 08:46:04.317	[34mINFO[0m	http.log.access.log0	handled request	{"request": {"remote_ip": "127.0.0.1", "remote_port": "38804", "client_ip": "127.0.0.1", "proto": "HTTP/1.1", "method": "GET", "host": "127.0.0.1:3000", "uri": "/god-mode", "headers": {"User-Agent": ["curl/8.20.0"], "Accept": ["*/*"]}}, "bytes_read": 0, "user_id": "", "duration": 0.000563153, "size": 5589, "status": 200, "resp_headers": {"Last-Modified": ["Thu, 10 Sep 2026 18:04:02 GMT"], "Content-Length": ["5589"], "Vary": ["Accept-Encoding"], "Content-Type": ["text/html; charset=utf-8"], "Accept-Ranges": ["bytes"], "Server": ["Caddy"], "X-Content-Type-Options": ["nosniff"], "X-Frame-Options": ["DENY"], "X-Xss-Protection": ["1; mode=block"], "Etag": ["\"dlbu270dl7284b9\""]}}
admin       | 2026/09/18 08:46:34.409	[34mINFO[0m	http.log.access.log0	handled request	{"request": {"remote_ip": "127.0.0.1", "remote_port": "51386", "client_ip": "127.0.0.1", "proto": "HTTP/1.1", "method": "GET", "host": "127.0.0.1:3000", "uri": "/god-mode", "headers": {"Accept": ["*/*"], "User-Agent": ["curl/8.20.0"]}}, "bytes_read": 0, "user_id": "", "duration": 0.000744141, "size": 5589, "status": 200, "resp_headers": {"Server": ["Caddy"], "X-Frame-Options": ["DENY"], "X-Xss-Protection": ["1; mode=block"], "Etag": ["\"dlbu270dl7284b9\""], "Content-Type": ["text/html; charset=utf-8"], "Last-Modified": ["Thu, 10 Sep 2026 18:04:02 GMT"], "Content-Length": ["5589"], "X-Content-Type-Options": ["nosniff"], "Vary": ["Accept-Encoding"], "Accept-Ranges": ["bytes"]}}
admin       | 2026/09/18 08:47:04.523	[34mINFO[0m	http.log.access.log0	handled request	{"request": {"remote_ip": "127.0.0.1", "remote_port": "46946", "client_ip": "127.0.0.1", "proto": "HTTP/1.1", "method": "GET", "host": "127.0.0.1:3000", "uri": "/god-mode", "headers": {"User-Agent": ["curl/8.20.0"], "Accept": ["*/*"]}}, "bytes_read": 0, "user_id": "", "duration": 0.000656022, "size": 5589, "status": 200, "resp_headers": {"Last-Modified": ["Thu, 10 Sep 2026 18:04:02 GMT"], "Accept-Ranges": ["bytes"], "Server": ["Caddy"], "Content-Length": ["5589"], "X-Xss-Protection": ["1; mode=block"], "X-Content-Type-Options": ["nosniff"], "X-Frame-Options": ["DENY"], "Vary": ["Accept-Encoding"], "Etag": ["\"dlbu270dl7284b9\""], "Content-Type": ["text/html; charset=utf-8"]}}
admin       | 2026/09/18 08:47:34.601	[34mINFO[0m	http.log.access.log0	handled request	{"request": {"remote_ip": "127.0.0.1", "remote_port": "43734", "client_ip": "127.0.0.1", "proto": "HTTP/1.1", "method": "GET", "host": "127.0.0.1:3000", "uri": "/god-mode", "headers": {"User-Agent": ["curl/8.20.0"], "Accept": ["*/*"]}}, "bytes_read": 0, "user_id": "", "duration": 0.000540244, "size": 5589, "status": 200, "resp_headers": {"X-Frame-Options": ["DENY"], "X-Xss-Protection": ["1; mode=block"], "Etag": ["\"dlbu270dl7284b9\""], "Content-Type": ["text/html; charset=utf-8"], "Last-Modified": ["Thu, 10 Sep 2026 18:04:02 GMT"], "Accept-Ranges": ["bytes"], "Content-Length": ["5589"], "Server": ["Caddy"], "X-Content-Type-Options": ["nosniff"], "Vary": ["Accept-Encoding"]}}
admin       | 2026/09/18 08:48:04.681	[34mINFO[0m	http.log.access.log0	handled request	{"request": {"remote_ip": "127.0.0.1", "remote_port": "58248", "client_ip": "127.0.0.1", "proto": "HTTP/1.1", "method": "GET", "host": "127.0.0.1:3000", "uri": "/god-mode", "headers": {"User-Agent": ["curl/8.20.0"], "Accept": ["*/*"]}}, "bytes_read": 0, "user_id": "", "duration": 0.000593749, "size": 5589, "status": 200, "resp_headers": {"Content-Length": ["5589"], "X-Content-Type-Options": ["nosniff"], "X-Xss-Protection": ["1; mode=block"], "Vary": ["Accept-Encoding"], "Etag": ["\"dlbu270dl7284b9\""], "Content-Type": ["text/html; charset=utf-8"], "Server": ["Caddy"], "X-Frame-Options": ["DENY"], "Last-Modified": ["Thu, 10 Sep 2026 18:04:02 GMT"], "Accept-Ranges": ["bytes"]}}
admin       | 2026/09/18 08:48:34.781	[34mINFO[0m	http.log.access.log0	handled request	{"request": {"remote_ip": "127.0.0.1", "remote_port": "58080", "client_ip": "127.0.0.1", "proto": "HTTP/1.1", "method": "GET", "host": "127.0.0.1:3000", "uri": "/god-mode", "headers": {"User-Agent": ["curl/8.20.0"], "Accept": ["*/*"]}}, "bytes_read": 0, "user_id": "", "duration": 0.008703929, "size": 5589, "status": 200, "resp_headers": {"Vary": ["Accept-Encoding"], "Etag": ["\"dlbu270dl7284b9\""], "Content-Type": ["text/html; charset=utf-8"], "Last-Modified": ["Thu, 10 Sep 2026 18:04:02 GMT"], "Content-Length": ["5589"], "Server": ["Caddy"], "X-Content-Type-Options": ["nosniff"], "X-Frame-Options": ["DENY"], "X-Xss-Protection": ["1; mode=block"], "Accept-Ranges": ["bytes"]}}
admin       | 2026/09/18 08:49:04.878	[34mINFO[0m	http.log.access.log0	handled request	{"request": {"remote_ip": "127.0.0.1", "remote_port": "33210", "client_ip": "127.0.0.1", "proto": "HTTP/1.1", "method": "GET", "host": "127.0.0.1:3000", "uri": "/god-mode", "headers": {"User-Agent": ["curl/8.20.0"], "Accept": ["*/*"]}}, "bytes_read": 0, "user_id": "", "duration": 0.000559288, "size": 5589, "status": 200, "resp_headers": {"X-Content-Type-Options": ["nosniff"], "X-Frame-Options": ["DENY"], "Content-Type": ["text/html; charset=utf-8"], "Last-Modified": ["Thu, 10 Sep 2026 18:04:02 GMT"], "Accept-Ranges": ["bytes"], "Content-Length": ["5589"], "Server": ["Caddy"], "X-Xss-Protection": ["1; mode=block"], "Vary": ["Accept-Encoding"], "Etag": ["\"dlbu270dl7284b9\""]}}
admin       | 2026/09/18 08:49:34.952	[34mINFO[0m	http.log.access.log0	handled request	{"request": {"remote_ip": "127.0.0.1", "remote_port": "46944", "client_ip": "127.0.0.1", "proto": "HTTP/1.1", "method": "GET", "host": "127.0.0.1:3000", "uri": "/god-mode", "headers": {"User-Agent": ["curl/8.20.0"], "Accept": ["*/*"]}}, "bytes_read": 0, "user_id": "", "duration": 0.00169606, "size": 5589, "status": 200, "resp_headers": {"Server": ["Caddy"], "X-Frame-Options": ["DENY"], "X-Content-Type-Options": ["nosniff"], "Vary": ["Accept-Encoding"], "Content-Type": ["text/html; charset=utf-8"], "Content-Length": ["5589"], "X-Xss-Protection": ["1; mode=block"], "Etag": ["\"dlbu270dl7284b9\""], "Last-Modified": ["Thu, 10 Sep 2026 18:04:02 GMT"], "Accept-Ranges": ["bytes"]}}
admin       | 2026/09/18 08:50:05.036	[34mINFO[0m	http.log.access.log0	handled request	{"request": {"remote_ip": "127.0.0.1", "remote_port": "52474", "client_ip": "127.0.0.1", "proto": "HTTP/1.1", "method": "GET", "host": "127.0.0.1:3000", "uri": "/god-mode", "headers": {"User-Agent": ["curl/8.20.0"], "Accept": ["*/*"]}}, "bytes_read": 0, "user_id": "", "duration": 0.000599975, "size": 5589, "status": 200, "resp_headers": {"X-Frame-Options": ["DENY"], "X-Xss-Protection": ["1; mode=block"], "Vary": ["Accept-Encoding"], "Etag": ["\"dlbu270dl7284b9\""], "Accept-Ranges": ["bytes"], "Server": ["Caddy"], "X-Content-Type-Options": ["nosniff"], "Content-Type": ["text/html; charset=utf-8"], "Last-Modified": ["Thu, 10 Sep 2026 18:04:02 GMT"], "Content-Length": ["5589"]}}
admin       | 2026/09/18 08:50:35.120	[34mINFO[0m	http.log.access.log0	handled request	{"request": {"remote_ip": "127.0.0.1", "remote_port": "57324", "client_ip": "127.0.0.1", "proto": "HTTP/1.1", "method": "GET", "host": "127.0.0.1:3000", "uri": "/god-mode", "headers": {"User-Agent": ["curl/8.20.0"], "Accept": ["*/*"]}}, "bytes_read": 0, "user_id": "", "duration": 0.001892437, "size": 5589, "status": 200, "resp_headers": {"Server": ["Caddy"], "X-Content-Type-Options": ["nosniff"], "X-Frame-Options": ["DENY"], "X-Xss-Protection": ["1; mode=block"], "Vary": ["Accept-Encoding"], "Last-Modified": ["Thu, 10 Sep 2026 18:04:02 GMT"], "Accept-Ranges": ["bytes"], "Etag": ["\"dlbu270dl7284b9\""], "Content-Type": ["text/html; charset=utf-8"], "Content-Length": ["5589"]}}
admin       | 2026/09/18 08:51:05.206	[34mINFO[0m	http.log.access.log0	handled request	{"request": {"remote_ip": "127.0.0.1", "remote_port": "55580", "client_ip": "127.0.0.1", "proto": "HTTP/1.1", "method": "GET", "host": "127.0.0.1:3000", "uri": "/god-mode", "headers": {"User-Agent": ["curl/8.20.0"], "Accept": ["*/*"]}}, "bytes_read": 0, "user_id": "", "duration": 0.000635829, "size": 5589, "status": 200, "resp_headers": {"Server": ["Caddy"], "X-Content-Type-Options": ["nosniff"], "X-Frame-Options": ["DENY"], "X-Xss-Protection": ["1; mode=block"], "Etag": ["\"dlbu270dl7284b9\""], "Accept-Ranges": ["bytes"], "Vary": ["Accept-Encoding"], "Content-Type": ["text/html; charset=utf-8"], "Last-Modified": ["Thu, 10 Sep 2026 18:04:02 GMT"], "Content-Length": ["5589"]}}
admin       | 2026/09/18 08:51:35.281	[34mINFO[0m	http.log.access.log0	handled request	{"request": {"remote_ip": "127.0.0.1", "remote_port": "55540", "client_ip": "127.0.0.1", "proto": "HTTP/1.1", "method": "GET", "host": "127.0.0.1:3000", "uri": "/god-mode", "headers": {"User-Agent": ["curl/8.20.0"], "Accept": ["*/*"]}}, "bytes_read": 0, "user_id": "", "duration": 0.001233569, "size": 5589, "status": 200, "resp_headers": {"Content-Length": ["5589"], "Server": ["Caddy"], "X-Content-Type-Options": ["nosniff"], "Vary": ["Accept-Encoding"], "Content-Type": ["text/html; charset=utf-8"], "X-Frame-Options": ["DENY"], "X-Xss-Protection": ["1; mode=block"], "Etag": ["\"dlbu270dl7284b9\""], "Last-Modified": ["Thu, 10 Sep 2026 18:04:02 GMT"], "Accept-Ranges": ["bytes"]}}
admin       | 2026/09/18 08:52:05.372	[34mINFO[0m	http.log.access.log0	handled request	{"request": {"remote_ip": "127.0.0.1", "remote_port": "53676", "client_ip": "127.0.0.1", "proto": "HTTP/1.1", "method": "GET", "host": "127.0.0.1:3000", "uri": "/god-mode", "headers": {"User-Agent": ["curl/8.20.0"], "Accept": ["*/*"]}}, "bytes_read": 0, "user_id": "", "duration": 0.001140636, "size": 5589, "status": 200, "resp_headers": {"Content-Type": ["text/html; charset=utf-8"], "Content-Length": ["5589"], "X-Frame-Options": ["DENY"], "X-Xss-Protection": ["1; mode=block"], "X-Content-Type-Options": ["nosniff"], "Etag": ["\"dlbu270dl7284b9\""], "Last-Modified": ["Thu, 10 Sep 2026 18:04:02 GMT"], "Accept-Ranges": ["bytes"], "Server": ["Caddy"], "Vary": ["Accept-Encoding"]}}
admin       | 2026/09/18 08:52:35.443	[34mINFO[0m	http.log.access.log0	handled request	{"request": {"remote_ip": "127.0.0.1", "remote_port": "32880", "client_ip": "127.0.0.1", "proto": "HTTP/1.1", "method": "GET", "host": "127.0.0.1:3000", "uri": "/god-mode", "headers": {"User-Agent": ["curl/8.20.0"], "Accept": ["*/*"]}}, "bytes_read": 0, "user_id": "", "duration": 0.000591962, "size": 5589, "status": 200, "resp_headers": {"Server": ["Caddy"], "X-Xss-Protection": ["1; mode=block"], "Etag": ["\"dlbu270dl7284b9\""], "Accept-Ranges": ["bytes"], "Content-Length": ["5589"], "X-Content-Type-Options": ["nosniff"], "X-Frame-Options": ["DENY"], "Vary": ["Accept-Encoding"], "Content-Type": ["text/html; charset=utf-8"], "Last-Modified": ["Thu, 10 Sep 2026 18:04:02 GMT"]}}
admin       | 2026/09/18 08:53:05.539	[34mINFO[0m	http.log.access.log0	handled request	{"request": {"remote_ip": "127.0.0.1", "remote_port": "37834", "client_ip": "127.0.0.1", "proto": "HTTP/1.1", "method": "GET", "host": "127.0.0.1:3000", "uri": "/god-mode", "headers": {"Accept": ["*/*"], "User-Agent": ["curl/8.20.0"]}}, "bytes_read": 0, "user_id": "", "duration": 0.000478537, "size": 5589, "status": 200, "resp_headers": {"Server": ["Caddy"], "X-Frame-Options": ["DENY"], "X-Xss-Protection": ["1; mode=block"], "Vary": ["Accept-Encoding"], "Etag": ["\"dlbu270dl7284b9\""], "Last-Modified": ["Thu, 10 Sep 2026 18:04:02 GMT"], "X-Content-Type-Options": ["nosniff"], "Content-Type": ["text/html; charset=utf-8"], "Accept-Ranges": ["bytes"], "Content-Length": ["5589"]}}
admin       | 2026/09/18 08:53:35.623	[34mINFO[0m	http.log.access.log0	handled request	{"request": {"remote_ip": "127.0.0.1", "remote_port": "56574", "client_ip": "127.0.0.1", "proto": "HTTP/1.1", "method": "GET", "host": "127.0.0.1:3000", "uri": "/god-mode", "headers": {"Accept": ["*/*"], "User-Agent": ["curl/8.20.0"]}}, "bytes_read": 0, "user_id": "", "duration": 0.00061836, "size": 5589, "status": 200, "resp_headers": {"Server": ["Caddy"], "X-Content-Type-Options": ["nosniff"], "X-Frame-Options": ["DENY"], "Last-Modified": ["Thu, 10 Sep 2026 18:04:02 GMT"], "Accept-Ranges": ["bytes"], "X-Xss-Protection": ["1; mode=block"], "Vary": ["Accept-Encoding"], "Etag": ["\"dlbu270dl7284b9\""], "Content-Type": ["text/html; charset=utf-8"], "Content-Length": ["5589"]}}
admin       | 2026/09/18 08:54:05.703	[34mINFO[0m	http.log.access.log0	handled request	{"request": {"remote_ip": "127.0.0.1", "remote_port": "35216", "client_ip": "127.0.0.1", "proto": "HTTP/1.1", "method": "GET", "host": "127.0.0.1:3000", "uri": "/god-mode", "headers": {"User-Agent": ["curl/8.20.0"], "Accept": ["*/*"]}}, "bytes_read": 0, "user_id": "", "duration": 0.000468705, "size": 5589, "status": 200, "resp_headers": {"Server": ["Caddy"], "X-Content-Type-Options": ["nosniff"], "X-Frame-Options": ["DENY"], "X-Xss-Protection": ["1; mode=block"], "Vary": ["Accept-Encoding"], "Etag": ["\"dlbu270dl7284b9\""], "Content-Type": ["text/html; charset=utf-8"], "Last-Modified": ["Thu, 10 Sep 2026 18:04:02 GMT"], "Accept-Ranges": ["bytes"], "Content-Length": ["5589"]}}
admin       | 2026/09/18 08:54:35.788	[34mINFO[0m	http.log.access.log0	handled request	{"request": {"remote_ip": "127.0.0.1", "remote_port": "43082", "client_ip": "127.0.0.1", "proto": "HTTP/1.1", "method": "GET", "host": "127.0.0.1:3000", "uri": "/god-mode", "headers": {"User-Agent": ["curl/8.20.0"], "Accept": ["*/*"]}}, "bytes_read": 0, "user_id": "", "duration": 0.000576976, "size": 5589, "status": 200, "resp_headers": {"Vary": ["Accept-Encoding"], "Etag": ["\"dlbu270dl7284b9\""], "Content-Type": ["text/html; charset=utf-8"], "Last-Modified": ["Thu, 10 Sep 2026 18:04:02 GMT"], "Content-Length": ["5589"], "Server": ["Caddy"], "X-Frame-Options": ["DENY"], "X-Xss-Protection": ["1; mode=block"], "Accept-Ranges": ["bytes"], "X-Content-Type-Options": ["nosniff"]}}
admin       | 2026/09/18 08:55:06.052	[34mINFO[0m	http.log.access.log0	handled request	{"request": {"remote_ip": "127.0.0.1", "remote_port": "39908", "client_ip": "127.0.0.1", "proto": "HTTP/1.1", "method": "GET", "host": "127.0.0.1:3000", "uri": "/god-mode", "headers": {"Accept": ["*/*"], "User-Agent": ["curl/8.20.0"]}}, "bytes_read": 0, "user_id": "", "duration": 0.000615535, "size": 5589, "status": 200, "resp_headers": {"X-Frame-Options": ["DENY"], "Vary": ["Accept-Encoding"], "Etag": ["\"dlbu270dl7284b9\""], "Content-Type": ["text/html; charset=utf-8"], "Content-Length": ["5589"], "Server": ["Caddy"], "X-Content-Type-Options": ["nosniff"], "X-Xss-Protection": ["1; mode=block"], "Last-Modified": ["Thu, 10 Sep 2026 18:04:02 GMT"], "Accept-Ranges": ["bytes"]}}
admin       | 2026/09/18 08:55:36.516	[34mINFO[0m	http.log.access.log0	handled request	{"request": {"remote_ip": "127.0.0.1", "remote_port": "45886", "client_ip": "127.0.0.1", "proto": "HTTP/1.1", "method": "GET", "host": "127.0.0.1:3000", "uri": "/god-mode", "headers": {"User-Agent": ["curl/8.20.0"], "Accept": ["*/*"]}}, "bytes_read": 0, "user_id": "", "duration": 0.014970723, "size": 5589, "status": 200, "resp_headers": {"X-Content-Type-Options": ["nosniff"], "X-Frame-Options": ["DENY"], "Vary": ["Accept-Encoding"], "Last-Modified": ["Thu, 10 Sep 2026 18:04:02 GMT"], "Accept-Ranges": ["bytes"], "Content-Length": ["5589"], "X-Xss-Protection": ["1; mode=block"], "Etag": ["\"dlbu270dl7284b9\""], "Content-Type": ["text/html; charset=utf-8"], "Server": ["Caddy"]}}
admin       | 2026/09/18 08:56:07.015	[34mINFO[0m	http.log.access.log0	handled request	{"request": {"remote_ip": "127.0.0.1", "remote_port": "40570", "client_ip": "127.0.0.1", "proto": "HTTP/1.1", "method": "GET", "host": "127.0.0.1:3000", "uri": "/god-mode", "headers": {"User-Agent": ["curl/8.20.0"], "Accept": ["*/*"]}}, "bytes_read": 0, "user_id": "", "duration": 0.005407114, "size": 5589, "status": 200, "resp_headers": {"X-Xss-Protection": ["1; mode=block"], "Etag": ["\"dlbu270dl7284b9\""], "Content-Type": ["text/html; charset=utf-8"], "Last-Modified": ["Thu, 10 Sep 2026 18:04:02 GMT"], "Accept-Ranges": ["bytes"], "Vary": ["Accept-Encoding"], "Content-Length": ["5589"], "Server": ["Caddy"], "X-Content-Type-Options": ["nosniff"], "X-Frame-Options": ["DENY"]}}
admin       | 2026/09/18 08:56:37.429	[34mINFO[0m	http.log.access.log0	handled request	{"request": {"remote_ip": "127.0.0.1", "remote_port": "52816", "client_ip": "127.0.0.1", "proto": "HTTP/1.1", "method": "GET", "host": "127.0.0.1:3000", "uri": "/god-mode", "headers": {"Accept": ["*/*"], "User-Agent": ["curl/8.20.0"]}}, "bytes_read": 0, "user_id": "", "duration": 0.051195716, "size": 5589, "status": 200, "resp_headers": {"Server": ["Caddy"], "X-Frame-Options": ["DENY"], "Etag": ["\"dlbu270dl7284b9\""], "Accept-Ranges": ["bytes"], "Content-Length": ["5589"], "X-Content-Type-Options": ["nosniff"], "X-Xss-Protection": ["1; mode=block"], "Vary": ["Accept-Encoding"], "Content-Type": ["text/html; charset=utf-8"], "Last-Modified": ["Thu, 10 Sep 2026 18:04:02 GMT"]}}
admin       | 2026/09/18 08:57:07.905	[34mINFO[0m	http.log.access.log0	handled request	{"request": {"remote_ip": "127.0.0.1", "remote_port": "45194", "client_ip": "127.0.0.1", "proto": "HTTP/1.1", "method": "GET", "host": "127.0.0.1:3000", "uri": "/god-mode", "headers": {"Accept": ["*/*"], "User-Agent": ["curl/8.20.0"]}}, "bytes_read": 0, "user_id": "", "duration": 0.000675056, "size": 5589, "status": 200, "resp_headers": {"Server": ["Caddy"], "X-Xss-Protection": ["1; mode=block"], "Etag": ["\"dlbu270dl7284b9\""], "Content-Type": ["text/html; charset=utf-8"], "Last-Modified": ["Thu, 10 Sep 2026 18:04:02 GMT"], "Accept-Ranges": ["bytes"], "X-Content-Type-Options": ["nosniff"], "X-Frame-Options": ["DENY"], "Vary": ["Accept-Encoding"], "Content-Length": ["5589"]}}
admin       | 2026/09/18 08:57:38.205	[34mINFO[0m	http.log.access.log0	handled request	{"request": {"remote_ip": "127.0.0.1", "remote_port": "49992", "client_ip": "127.0.0.1", "proto": "HTTP/1.1", "method": "GET", "host": "127.0.0.1:3000", "uri": "/god-mode", "headers": {"User-Agent": ["curl/8.20.0"], "Accept": ["*/*"]}}, "bytes_read": 0, "user_id": "", "duration": 0.001635577, "size": 5589, "status": 200, "resp_headers": {"Server": ["Caddy"], "X-Content-Type-Options": ["nosniff"], "X-Frame-Options": ["DENY"], "X-Xss-Protection": ["1; mode=block"], "Vary": ["Accept-Encoding"], "Etag": ["\"dlbu270dl7284b9\""], "Content-Type": ["text/html; charset=utf-8"], "Last-Modified": ["Thu, 10 Sep 2026 18:04:02 GMT"], "Accept-Ranges": ["bytes"], "Content-Length": ["5589"]}}
admin       | 2026/09/18 08:58:08.574	[34mINFO[0m	http.log.access.log0	handled request	{"request": {"remote_ip": "127.0.0.1", "remote_port": "60378", "client_ip": "127.0.0.1", "proto": "HTTP/1.1", "method": "GET", "host": "127.0.0.1:3000", "uri": "/god-mode", "headers": {"User-Agent": ["curl/8.20.0"], "Accept": ["*/*"]}}, "bytes_read": 0, "user_id": "", "duration": 0.001743064, "size": 5589, "status": 200, "resp_headers": {"Last-Modified": ["Thu, 10 Sep 2026 18:04:02 GMT"], "Content-Length": ["5589"], "Server": ["Caddy"], "X-Xss-Protection": ["1; mode=block"], "Etag": ["\"dlbu270dl7284b9\""], "Accept-Ranges": ["bytes"], "X-Frame-Options": ["DENY"], "X-Content-Type-Options": ["nosniff"], "Vary": ["Accept-Encoding"], "Content-Type": ["text/html; charset=utf-8"]}}
admin       | 2026/09/18 08:58:38.921	[34mINFO[0m	http.log.access.log0	handled request	{"request": {"remote_ip": "127.0.0.1", "remote_port": "39098", "client_ip": "127.0.0.1", "proto": "HTTP/1.1", "method": "GET", "host": "127.0.0.1:3000", "uri": "/god-mode", "headers": {"User-Agent": ["curl/8.20.0"], "Accept": ["*/*"]}}, "bytes_read": 0, "user_id": "", "duration": 0.000601367, "size": 5589, "status": 200, "resp_headers": {"Last-Modified": ["Thu, 10 Sep 2026 18:04:02 GMT"], "Server": ["Caddy"], "X-Frame-Options": ["DENY"], "Vary": ["Accept-Encoding"], "Accept-Ranges": ["bytes"], "Content-Length": ["5589"], "X-Content-Type-Options": ["nosniff"], "X-Xss-Protection": ["1; mode=block"], "Etag": ["\"dlbu270dl7284b9\""], "Content-Type": ["text/html; charset=utf-8"]}}
admin       | 2026/09/18 08:59:09.257	[34mINFO[0m	http.log.access.log0	handled request	{"request": {"remote_ip": "127.0.0.1", "remote_port": "42546", "client_ip": "127.0.0.1", "proto": "HTTP/1.1", "method": "GET", "host": "127.0.0.1:3000", "uri": "/god-mode", "headers": {"Accept": ["*/*"], "User-Agent": ["curl/8.20.0"]}}, "bytes_read": 0, "user_id": "", "duration": 0.000698679, "size": 5589, "status": 200, "resp_headers": {"Vary": ["Accept-Encoding"], "Etag": ["\"dlbu270dl7284b9\""], "Content-Type": ["text/html; charset=utf-8"], "Content-Length": ["5589"], "Server": ["Caddy"], "Last-Modified": ["Thu, 10 Sep 2026 18:04:02 GMT"], "Accept-Ranges": ["bytes"], "X-Frame-Options": ["DENY"], "X-Xss-Protection": ["1; mode=block"], "X-Content-Type-Options": ["nosniff"]}}
beatworker  | Waiting for database...
beatworker  | Database available!
beatworker  | No migrations Pending. Starting processes ...
beatworker  | celery beat v5.5.3 (immunity) is starting.
beatworker  | __    -    ... __   -        _
beatworker  | LocalTime -> 2026-09-13 20:57:53
beatworker  | Configuration ->
beatworker  |     . broker -> amqp://plane:**@plane-mq:5672/plane
beatworker  |     . loader -> celery.loaders.app.AppLoader
beatworker  |     . scheduler -> django_celery_beat.schedulers.DatabaseScheduler
beatworker  | 
beatworker  |     . logfile -> [stderr]@%INFO
beatworker  |     . maxinterval -> 5.00 seconds (5s)
beatworker  | [2026-09-13 20:57:54,451: INFO/MainProcess] DatabaseScheduler: Schedule changed.
beatworker  | {"levelname": "INFO", "asctime": "2026-09-13 20:57:54,451", "module": "schedulers", "name": "django_celery_beat.schedulers", "message": "DatabaseScheduler: Schedule changed."}
admin       | 2026/09/18 08:59:39.601	[34mINFO[0m	http.log.access.log0	handled request	{"request": {"remote_ip": "127.0.0.1", "remote_port": "36418", "client_ip": "127.0.0.1", "proto": "HTTP/1.1", "method": "GET", "host": "127.0.0.1:3000", "uri": "/god-mode", "headers": {"User-Agent": ["curl/8.20.0"], "Accept": ["*/*"]}}, "bytes_read": 0, "user_id": "", "duration": 0.002352827, "size": 5589, "status": 200, "resp_headers": {"Server": ["Caddy"], "X-Content-Type-Options": ["nosniff"], "X-Frame-Options": ["DENY"], "Vary": ["Accept-Encoding"], "Etag": ["\"dlbu270dl7284b9\""], "Content-Type": ["text/html; charset=utf-8"], "Accept-Ranges": ["bytes"], "Content-Length": ["5589"], "X-Xss-Protection": ["1; mode=block"], "Last-Modified": ["Thu, 10 Sep 2026 18:04:02 GMT"]}}
admin       | 2026/09/18 09:00:10.012	[34mINFO[0m	http.log.access.log0	handled request	{"request": {"remote_ip": "127.0.0.1", "remote_port": "53962", "client_ip": "127.0.0.1", "proto": "HTTP/1.1", "method": "GET", "host": "127.0.0.1:3000", "uri": "/god-mode", "headers": {"User-Agent": ["curl/8.20.0"], "Accept": ["*/*"]}}, "bytes_read": 0, "user_id": "", "duration": 0.008184948, "size": 5589, "status": 200, "resp_headers": {"Content-Length": ["5589"], "X-Xss-Protection": ["1; mode=block"], "Etag": ["\"dlbu270dl7284b9\""], "Content-Type": ["text/html; charset=utf-8"], "Last-Modified": ["Thu, 10 Sep 2026 18:04:02 GMT"], "Accept-Ranges": ["bytes"], "Server": ["Caddy"], "X-Content-Type-Options": ["nosniff"], "X-Frame-Options": ["DENY"], "Vary": ["Accept-Encoding"]}}
admin       | 2026/09/18 09:00:40.372	[34mINFO[0m	http.log.access.log0	handled request	{"request": {"remote_ip": "127.0.0.1", "remote_port": "36476", "client_ip": "127.0.0.1", "proto": "HTTP/1.1", "method": "GET", "host": "127.0.0.1:3000", "uri": "/god-mode", "headers": {"User-Agent": ["curl/8.20.0"], "Accept": ["*/*"]}}, "bytes_read": 0, "user_id": "", "duration": 0.031113338, "size": 5589, "status": 200, "resp_headers": {"X-Xss-Protection": ["1; mode=block"], "Etag": ["\"dlbu270dl7284b9\""], "Content-Type": ["text/html; charset=utf-8"], "Last-Modified": ["Thu, 10 Sep 2026 18:04:02 GMT"], "Accept-Ranges": ["bytes"], "Server": ["Caddy"], "X-Frame-Options": ["DENY"], "Vary": ["Accept-Encoding"], "Content-Length": ["5589"], "X-Content-Type-Options": ["nosniff"]}}
admin       | 2026/09/18 09:01:10.773	[34mINFO[0m	http.log.access.log0	handled request	{"request": {"remote_ip": "127.0.0.1", "remote_port": "40978", "client_ip": "127.0.0.1", "proto": "HTTP/1.1", "method": "GET", "host": "127.0.0.1:3000", "uri": "/god-mode", "headers": {"User-Agent": ["curl/8.20.0"], "Accept": ["*/*"]}}, "bytes_read": 0, "user_id": "", "duration": 0.000668021, "size": 5589, "status": 200, "resp_headers": {"Server": ["Caddy"], "Vary": ["Accept-Encoding"], "Etag": ["\"dlbu270dl7284b9\""], "Content-Type": ["text/html; charset=utf-8"], "Last-Modified": ["Thu, 10 Sep 2026 18:04:02 GMT"], "Accept-Ranges": ["bytes"], "X-Frame-Options": ["DENY"], "X-Xss-Protection": ["1; mode=block"], "X-Content-Type-Options": ["nosniff"], "Content-Length": ["5589"]}}
Deployment failed during remote build and deployment (line 65).
