Deploying checkout: /home/rahimin_amin/ten-fold-plane/ten-fold-plane
Checkout commit: 4406ae6910
Source fingerprint: 689983cc069ff04626b5ee9bb76b507f1c85a285c94e38e4a3cb6c7ad4654290
Uploading Ten-Fold to root@178.128.104.112:/opt/plane/app/ten-fold-plane...
Uploaded source matches local checkout.
Rebuilding and migrating Plane on the Droplet...
 Image gristlabs/grist:1.7.16 Pulling 
 Image gristlabs/grist:1.7.16 Pulled 
 Container ten-fold-plane-grist-1 Recreate 
 Container ten-fold-plane-grist-1 Recreated 
 Container ten-fold-plane-grist-1 Starting 
 Container ten-fold-plane-grist-1 Started 
 Container ten-fold-plane-grist-1 Waiting 
 Container ten-fold-plane-grist-1 Healthy 
 Container plane-redis Running 
 Container plane-db Running 
 Image ten-fold-plane-migrator Building 
#1 [internal] load local bake definitions
#1 reading from stdin 610B done
#1 DONE 0.0s

#2 [internal] load build definition from Dockerfile.api
#2 transferring dockerfile: 1.30kB 0.0s done
#2 DONE 0.1s

#3 [internal] load metadata for docker.io/library/python:3.12.10-alpine
#3 DONE 1.5s

#4 [internal] load .dockerignore
#4 transferring context: 2B done
#4 DONE 0.0s

#5 [internal] load build context
#5 DONE 0.0s

#6 [ 1/17] FROM docker.io/library/python:3.12.10-alpine@sha256:4bbf5ef9ce4b273299d394de268ad6018e10a9375d7efc7c2ce9501a6eb6b86c
#6 resolve docker.io/library/python:3.12.10-alpine@sha256:4bbf5ef9ce4b273299d394de268ad6018e10a9375d7efc7c2ce9501a6eb6b86c 0.0s done
#6 DONE 0.1s

#5 [internal] load build context
#5 transferring context: 100.40kB 0.2s done
#5 DONE 0.2s

#7 [13/17] RUN apk --no-cache add "bash~=5.2"
#7 CACHED

#8 [14/17] COPY ./bin ./bin/
#8 CACHED

#9 [11/17] COPY templates templates/
#9 CACHED

#10 [ 2/17] RUN apk update && apk upgrade
#10 CACHED

#11 [ 5/17] COPY requirements.txt ./
#11 CACHED

#12 [ 6/17] COPY requirements ./requirements
#12 CACHED

#13 [ 4/17] RUN apk add --no-cache --upgrade     "libpq"     "libxslt"     "xmlsec"     "ca-certificates"     "openssl"
#13 CACHED

#14 [10/17] COPY plane plane/
#14 CACHED

#15 [ 9/17] COPY manage.py manage.py
#15 CACHED

#16 [16/17] RUN chmod +x ./bin/*
#16 CACHED

#17 [ 3/17] WORKDIR /code
#17 CACHED

#18 [15/17] RUN mkdir -p /code/plane/logs
#18 CACHED

#19 [ 7/17] RUN apk add --no-cache libffi-dev
#19 CACHED

#20 [ 8/17] RUN apk add --no-cache --virtual .build-deps     "bash~=5.2"     "g++"     "gcc"     "cargo"     "git"     "make"     "postgresql-dev"     "libc-dev"     "linux-headers"     &&     pip install -r requirements.txt --compile --no-cache-dir     &&     apk del .build-deps     &&     rm -rf /var/cache/apk/*
#20 CACHED

#21 [12/17] COPY package.json package.json
#21 CACHED

#22 [17/17] RUN chmod -R 777 /code
#22 CACHED

#23 exporting to image
#23 exporting layers 0.0s done
#23 exporting manifest sha256:0d23eba9c0fef8afebb6dca8bc7601190af917087983e656610470a4d8af1858 done
#23 exporting config sha256:d918b0cc36f0aaf08d914c803382adda8ead710ea189e4fc7623e6e0ae1e6246 done
#23 exporting attestation manifest sha256:121aa8076614acefd54ec2e47b8af6419ea99b5ae0a222936c317db732e09a91
#23 exporting attestation manifest sha256:121aa8076614acefd54ec2e47b8af6419ea99b5ae0a222936c317db732e09a91 0.0s done
#23 exporting manifest list sha256:3c2f0aab92f6805054af9ae7b93947e00c1c0d540e89f3399f64ddb6197bf33d 0.0s done
#23 naming to docker.io/library/ten-fold-plane-migrator:latest done
#23 unpacking to docker.io/library/ten-fold-plane-migrator:latest 0.0s done
#23 DONE 0.2s

#24 resolving provenance for metadata file
#24 DONE 0.0s
 Image ten-fold-plane-migrator Built 
 Container ten-fold-plane-migrator-run-359d5ca58eee Creating 
 Container ten-fold-plane-migrator-run-359d5ca58eee Created 
Waiting for database...
Database available!
Operations to perform:
  Apply all migrations: auth, contenttypes, db, django_celery_beat, license, sessions
Running migrations:
  No migrations to apply.
  Your models in app(s): 'db' have changes that are not yet reflected in a migration, and so won't be applied.
  Run 'manage.py makemigrations' to make new migrations, and then re-run 'manage.py migrate' to apply them.
 Image ten-fold-plane-space Building 
 Image ten-fold-plane-live Building 
 Image ten-fold-plane-copilot Building 
 Image ten-fold-plane-worker Building 
 Image ten-fold-plane-beat-worker Building 
 Image ten-fold-plane-admin Building 
 Image ten-fold-plane-web Building 
 Image ten-fold-plane-proxy Building 
 Image ten-fold-plane-api Building 
#1 [internal] load local bake definitions
#1 reading from stdin 4.71kB done
#1 DONE 0.0s

#2 [live internal] load build definition from Dockerfile.live
#2 transferring dockerfile: 3.05kB 0.0s done
#2 DONE 0.1s

#3 [beat-worker internal] load build definition from Dockerfile.api
#3 transferring dockerfile: 1.30kB 0.0s done
#3 DONE 0.1s

#4 [admin internal] load build definition from Dockerfile.admin
#4 transferring dockerfile: 3.20kB done
#4 DONE 0.2s

#5 [space internal] load build definition from Dockerfile.space
#5 transferring dockerfile: 3.43kB done
#5 DONE 0.2s

#6 [worker internal] load metadata for docker.io/library/python:3.12.10-alpine
#6 ...

#7 [proxy internal] load build definition from Dockerfile.ce
#7 transferring dockerfile: 1.15kB done
#7 DONE 0.2s

#8 [web internal] load build definition from Dockerfile.web
#8 transferring dockerfile: 3.61kB done
#8 DONE 0.3s

#9 [copilot internal] load build definition from Dockerfile
#9 transferring dockerfile: 1.07kB done
#9 DONE 0.3s

#6 [beat-worker internal] load metadata for docker.io/library/python:3.12.10-alpine
#6 DONE 0.4s

#10 [api internal] load .dockerignore
#10 transferring context: 2B done
#10 DONE 0.0s

#11 [worker internal] load build context
#11 DONE 0.0s

#12 [worker  1/17] FROM docker.io/library/python:3.12.10-alpine@sha256:4bbf5ef9ce4b273299d394de268ad6018e10a9375d7efc7c2ce9501a6eb6b86c
#12 resolve docker.io/library/python:3.12.10-alpine@sha256:4bbf5ef9ce4b273299d394de268ad6018e10a9375d7efc7c2ce9501a6eb6b86c 0.0s done
#12 resolve docker.io/library/python:3.12.10-alpine@sha256:4bbf5ef9ce4b273299d394de268ad6018e10a9375d7efc7c2ce9501a6eb6b86c 0.0s done
#12 DONE 0.1s

#11 [api internal] load build context
#11 transferring context: 100.40kB 0.1s done
#11 transferring context: 100.40kB 0.1s done
#11 DONE 0.1s

#13 [api 11/17] COPY templates templates/
#13 CACHED

#14 [api 15/17] RUN mkdir -p /code/plane/logs
#14 CACHED

#15 [api 16/17] RUN chmod +x ./bin/*
#15 CACHED

#16 [api  3/17] WORKDIR /code
#16 CACHED

#17 [api  2/17] RUN apk update && apk upgrade
#17 CACHED

#18 [api  7/17] RUN apk add --no-cache libffi-dev
#18 CACHED

#19 [api 13/17] RUN apk --no-cache add "bash~=5.2"
#19 CACHED

#20 [api  8/17] RUN apk add --no-cache --virtual .build-deps     "bash~=5.2"     "g++"     "gcc"     "cargo"     "git"     "make"     "postgresql-dev"     "libc-dev"     "linux-headers"     &&     pip install -r requirements.txt --compile --no-cache-dir     &&     apk del .build-deps     &&     rm -rf /var/cache/apk/*
#20 CACHED

#21 [api 14/17] COPY ./bin ./bin/
#21 CACHED

#22 [api 12/17] COPY package.json package.json
#22 CACHED

#23 [api 10/17] COPY plane plane/
#23 CACHED

#24 [api  4/17] RUN apk add --no-cache --upgrade     "libpq"     "libxslt"     "xmlsec"     "ca-certificates"     "openssl"
#24 CACHED

#25 [api  9/17] COPY manage.py manage.py
#25 CACHED

#26 [api  5/17] COPY requirements.txt ./
#26 CACHED

#27 [api  6/17] COPY requirements ./requirements
#27 CACHED

#28 [api 17/17] RUN chmod -R 777 /code
#28 CACHED

#29 [beat-worker] exporting to image
#29 exporting layers
#29 exporting layers 0.1s done
#29 exporting manifest sha256:ef51f63000f6ccf76cb6b47942343ca22e0fc7962555b10cb01ddd0b8edf7f6e 0.0s done
#29 exporting config sha256:d4332c5f67b1b0b349d96342f6c1f6d07829d4197af8183e7b64046359ab68c6 0.0s done
#29 exporting attestation manifest sha256:9a36ffa29e6decdeb390e859d44cbe32b3bdfe836ce1821b4a449d2e6f6b4c04
#29 exporting attestation manifest sha256:9a36ffa29e6decdeb390e859d44cbe32b3bdfe836ce1821b4a449d2e6f6b4c04 0.1s done
#29 exporting manifest list sha256:511b2948fa001dc82e76c2f947b647b6e6843d1972303ed0283d920a6ef71f3d 0.1s done
#29 naming to docker.io/library/ten-fold-plane-beat-worker:latest 0.0s done
#29 unpacking to docker.io/library/ten-fold-plane-beat-worker:latest
#29 ...

#30 [api] exporting to image
#30 exporting layers 0.0s done
#30 exporting manifest sha256:cb128adba9de7e869ef4527b68baeb23dfd4b4d39c3f62d4f01ae17edfdfc338 done
#30 exporting config sha256:07087b3d881abe8428dcd75e91e3654a983910cf58bb9ecf7f53b1556efebb36 done
#30 exporting attestation manifest sha256:333512fe1fbd702bae5420f66459b18a4bd2c349c57122a90ac286038d191a5f 0.1s done
#30 exporting manifest list sha256:75a94ddbec2eb406459bb627fc78f8854c5b71170ab965a2eff56a1e5651383e 0.1s done
#30 naming to docker.io/library/ten-fold-plane-api:latest 0.0s done
#30 unpacking to docker.io/library/ten-fold-plane-api:latest 0.1s done
#30 DONE 0.5s

#31 [worker] exporting to image
#31 exporting layers 0.1s done
#31 exporting manifest sha256:8596be5b7a771d3370401f702b12e12a071e40e79d5ccf1d994476397d63027e 0.0s done
#31 exporting config sha256:4816479f5025af10848aa69a85086eac57e69714cd51c8ebdc32149fa1e5559f 0.0s done
#31 exporting attestation manifest sha256:7c1a63921832c96ba152fb37e52b87dadcf6c842d3024b4e3c01a0fbb1d918d1 0.1s done
#31 exporting manifest list sha256:e996aded416327e1028b2651915f1a55bbc684294ec0c521f37709a7b5c1a222 0.1s done
#31 naming to docker.io/library/ten-fold-plane-worker:latest 0.0s done
#31 unpacking to docker.io/library/ten-fold-plane-worker:latest 0.0s done
#31 DONE 0.6s

#29 [beat-worker] exporting to image
#29 unpacking to docker.io/library/ten-fold-plane-beat-worker:latest 0.0s done
#29 DONE 0.6s

#32 [web] docker-image://docker.io/docker/dockerfile:1.7@sha256:a57df69d0ea827fb7266491f2813635de6f17269be881f696fbfdf2d83dda33e
#32 ...

#33 [copilot] resolve image config for docker-image://docker.io/docker/dockerfile:1.7
#33 DONE 1.5s

#34 [admin internal] load metadata for docker.io/library/caddy:2.11-builder-alpine
#34 DONE 1.4s

#35 [admin internal] load metadata for docker.io/library/caddy:2.11-alpine
#35 DONE 1.4s

#36 [admin internal] load metadata for docker.io/library/node:22-alpine
#36 DONE 1.4s

#32 [copilot] docker-image://docker.io/docker/dockerfile:1.7@sha256:a57df69d0ea827fb7266491f2813635de6f17269be881f696fbfdf2d83dda33e
#32 resolve docker.io/docker/dockerfile:1.7@sha256:a57df69d0ea827fb7266491f2813635de6f17269be881f696fbfdf2d83dda33e
#32 resolve docker.io/docker/dockerfile:1.7@sha256:a57df69d0ea827fb7266491f2813635de6f17269be881f696fbfdf2d83dda33e 0.1s done
#32 CACHED

#37 [space internal] load .dockerignore
#37 transferring context: 882B done
#37 DONE 0.1s

#38 [proxy internal] load metadata for docker.io/library/caddy:2.11.3-builder-alpine
#38 ...

#39 [admin internal] load build context
#39 DONE 0.0s

#40 [proxy internal] load metadata for docker.io/library/caddy:2.11.3-alpine
#40 DONE 1.8s

#41 [admin base 1/3] FROM docker.io/library/node:22-alpine@sha256:b6f26b36c8ff49624cfdac716b8ea1138d606df02586a77d364bb5536a634f85
#41 resolve docker.io/library/node:22-alpine@sha256:b6f26b36c8ff49624cfdac716b8ea1138d606df02586a77d364bb5536a634f85
#41 resolve docker.io/library/node:22-alpine@sha256:b6f26b36c8ff49624cfdac716b8ea1138d606df02586a77d364bb5536a634f85 0.3s done
#41 resolve docker.io/library/node:22-alpine@sha256:b6f26b36c8ff49624cfdac716b8ea1138d606df02586a77d364bb5536a634f85 0.3s done
#41 DONE 0.4s

#42 [space base 2/3] WORKDIR /app
#42 CACHED

#43 [space base 3/3] RUN corepack enable pnpm
#43 CACHED

#44 [space runner 1/8] RUN apk del go 2>/dev/null || true
#44 CACHED

#45 [space runner 2/8] RUN rm -rf /usr/local/lib/node_modules/npm/node_modules/picomatch
#45 CACHED

#46 [admin production 1/5] FROM docker.io/library/caddy:2.11-alpine@sha256:de23def33b17fb5d1290b0f6c2add1d70780e52341896c00a4c8a2a2fe9d355e
#46 resolve docker.io/library/caddy:2.11-alpine@sha256:de23def33b17fb5d1290b0f6c2add1d70780e52341896c00a4c8a2a2fe9d355e 0.4s done
#46 DONE 0.5s

#47 [admin caddy-builder 1/2] FROM docker.io/library/caddy:2.11-builder-alpine@sha256:2b9f32cbba6045e79212bb253f595588d20be8f7d1edf61582c519e124e0d2d8
#47 resolve docker.io/library/caddy:2.11-builder-alpine@sha256:2b9f32cbba6045e79212bb253f595588d20be8f7d1edf61582c519e124e0d2d8 0.4s done
#47 CACHED

#48 [admin production 2/5] RUN apk update && apk upgrade --no-cache && apk add --no-cache curl && rm -rf /var/cache/apk/*
#48 CACHED

#39 [space internal] load build context
#39 ...

#35 [web internal] load metadata for docker.io/library/caddy:2.11-alpine
#35 DONE 1.9s

#39 [space internal] load build context
#39 ...

#36 [web internal] load metadata for docker.io/library/node:22-alpine
#36 DONE 2.0s

#39 [space internal] load build context
#39 ...

#49 [web internal] load .dockerignore
#49 transferring context: 882B 0.1s done
#49 DONE 0.1s

#50 [live internal] load .dockerignore
#50 transferring context: 882B 0.0s done
#50 DONE 0.2s

#51 [copilot internal] load .dockerignore
#51 transferring context: 882B 0.0s done
#51 DONE 0.2s

#39 [space internal] load build context
#39 ...

#52 [worker] resolving provenance for metadata file
#52 DONE 0.5s

#39 [space internal] load build context
#39 ...

#38 [proxy internal] load metadata for docker.io/library/caddy:2.11.3-builder-alpine
#38 DONE 3.1s

#53 [api] resolving provenance for metadata file
#53 DONE 0.6s

#54 [beat-worker] resolving provenance for metadata file
#54 DONE 0.2s

#39 [space internal] load build context
#39 ...

#41 [copilot base 1/3] FROM docker.io/library/node:22-alpine@sha256:b6f26b36c8ff49624cfdac716b8ea1138d606df02586a77d364bb5536a634f85
#41 resolve docker.io/library/node:22-alpine@sha256:b6f26b36c8ff49624cfdac716b8ea1138d606df02586a77d364bb5536a634f85 0.3s done
#41 DONE 0.4s

#46 [web production 1/5] FROM docker.io/library/caddy:2.11-alpine@sha256:de23def33b17fb5d1290b0f6c2add1d70780e52341896c00a4c8a2a2fe9d355e
#46 resolve docker.io/library/caddy:2.11-alpine@sha256:de23def33b17fb5d1290b0f6c2add1d70780e52341896c00a4c8a2a2fe9d355e 0.4s done
#46 DONE 0.5s

#48 [web production 2/5] RUN apk update && apk upgrade --no-cache && apk add --no-cache curl && rm -rf /var/cache/apk/*
#48 CACHED

#55 [live runner 1/9] WORKDIR /app
#55 CACHED

#56 [live runner 2/9] RUN apk del go 2>/dev/null || true
#56 CACHED

#57 [live base 2/2] RUN corepack enable
#57 CACHED

#58 [live runner 3/9] RUN rm -rf /usr/local/lib/node_modules/npm/node_modules/picomatch
#58 CACHED

#39 [space internal] load build context
#39 ...

#59 [proxy internal] load .dockerignore
#59 transferring context: 2B done
#59 DONE 0.3s

#39 [space internal] load build context
#39 ...

#60 [proxy internal] load build context
#60 DONE 0.0s

#39 [space internal] load build context
#39 ...

#61 [proxy stage-1 1/5] FROM docker.io/library/caddy:2.11.3-alpine@sha256:86deaf5e3d3408a6ccec08fbb79989783dd26e206ae10bcf78a801dc8c9ab794
#61 resolve docker.io/library/caddy:2.11.3-alpine@sha256:86deaf5e3d3408a6ccec08fbb79989783dd26e206ae10bcf78a801dc8c9ab794 0.6s done
#61 DONE 0.7s

#62 [proxy caddy-builder 1/2] FROM docker.io/library/caddy:2.11.3-builder-alpine@sha256:3eae6b351ecdb05da6d16e341261a457692d344a435764c5ece7a60cf03a23f3
#62 resolve docker.io/library/caddy:2.11.3-builder-alpine@sha256:3eae6b351ecdb05da6d16e341261a457692d344a435764c5ece7a60cf03a23f3 0.7s done
#62 DONE 0.7s

#60 [proxy internal] load build context
#60 transferring context: 34B done
#60 DONE 0.1s

#63 [proxy caddy-builder 2/2] RUN xcaddy build         --with github.com/caddy-dns/cloudflare@v0.2.1         --with github.com/caddy-dns/digitalocean@04bde2867106aa1b44c2f9da41a285fa02e629c5         --with github.com/mholt/caddy-l4@6faae83b167fda94e62b686be5cbeb9b3f8fe002         --with github.com/go-jose/go-jose/v3@v3.0.5         --with github.com/go-jose/go-jose/v4@v4.1.4         --with google.golang.org/grpc@v1.80.0         --with go.opentelemetry.io/otel@v1.43.0         --with go.opentelemetry.io/otel/sdk@v1.43.0
#63 CACHED

#64 [proxy stage-1 3/5] COPY --from=caddy-builder /usr/bin/caddy /usr/bin/caddy
#64 CACHED

#65 [proxy stage-1 4/5] COPY Caddyfile.ce /etc/caddy/Caddyfile
#65 CACHED

#66 [proxy stage-1 2/5] RUN apk update && apk upgrade --no-cache && apk add --no-cache nss-tools bash curl
#66 CACHED

#67 [proxy stage-1 5/5] RUN SITE_ADDRESS=https://localhost FILE_SIZE_LIMIT=5242880 BUCKET_NAME=uploads     CADDY_TLS_CERT_FILE=/etc/caddy/tls/origin.pem CADDY_TLS_KEY_FILE=/etc/caddy/tls/origin.key     caddy adapt --config /etc/caddy/Caddyfile --adapter caddyfile > /dev/null
#67 CACHED

#39 [space internal] load build context
#39 transferring context: 1.05MB 3.8s done
#39 DONE 4.0s

#68 [proxy] exporting to image
#68 exporting layers 0.1s done
#68 exporting manifest sha256:14b5d52b9415da9b536ccb253968b6b6834b45a5551841fb6de71e0129b62ff0 0.0s done
#68 exporting config sha256:bba437ffaa8be25d9563f8821016cb197d30a9863154884dbed092c971c9f307 0.0s done
#68 exporting attestation manifest sha256:5bbbda94de648a7f1d5d1cf7dac1d6bd74cb7a48aa60dbcd5c67a89763074e45 0.1s done
#68 exporting manifest list sha256:ccad53dc82b7ee43c2bea4ca277a69041264cb4cd184f8547022abed24389b17 0.1s done
#68 naming to docker.io/library/ten-fold-plane-proxy:latest 0.0s done
#68 unpacking to docker.io/library/ten-fold-plane-proxy:latest 0.3s done
#68 DONE 1.7s

#42 [admin base 2/3] WORKDIR /app
#42 CACHED

#43 [admin base 3/3] RUN corepack enable pnpm
#43 CACHED

#69 [space builder 1/3] RUN pnpm add -g turbo@2.9.18
#69 CACHED

#70 [space builder 2/3] COPY . .
#70 ...

#71 [proxy] resolving provenance for metadata file
#71 DONE 0.1s

#72 [web internal] load build context
#72 ...

#73 [live internal] load build context
#73 transferring context: 1.05MB 3.5s done
#73 DONE 4.1s

#72 [web internal] load build context
#72 ...

#74 [live builder 1/6] RUN apk update
#74 CACHED

#75 [live builder 3/6] WORKDIR /app
#75 CACHED

#76 [live builder 2/6] RUN apk add --no-cache libc6-compat
#76 CACHED

#77 [live builder 4/6] RUN corepack enable pnpm && pnpm add -g turbo@2.9.18
#77 CACHED

#78 [copilot internal] load build context
#78 transferring context: 1.05MB 3.6s done
#78 DONE 4.5s

#72 [web internal] load build context
#72 transferring context: 1.05MB 3.8s done
#72 DONE 4.7s

#79 [live builder 5/6] COPY . .
#79 ...

#42 [copilot base 2/3] WORKDIR /app
#42 CACHED

#80 [copilot builder 3/5] RUN corepack enable && pnpm add -g turbo@2.9.18
#80 CACHED

#81 [web production 3/4] COPY apps/web/caddy/Caddyfile /etc/caddy/Caddyfile
#81 CACHED

#82 [web installer  1/12] RUN apk add --no-cache libc6-compat
#82 CACHED

#83 [web installer  2/12] WORKDIR /app
#83 CACHED

#57 [web base 2/2] RUN corepack enable
#57 CACHED

#84 [web builder 3/5] RUN corepack enable pnpm && pnpm add -g turbo@2.9.18
#84 CACHED

#85 [web builder 4/5] COPY . .
#85 ...

#86 [admin caddy-builder 2/2] RUN xcaddy build     --with github.com/mholt/caddy-ratelimit
#86 1.066 2026/09/18 12:36:45 [INFO] absolute output file path: /usr/bin/caddy
#86 1.066 2026/09/18 12:36:45 [INFO] Temporary folder: /tmp/buildenv_2026-09-18-1236.1251816073
#86 1.066 2026/09/18 12:36:45 [INFO] Writing main module: /tmp/buildenv_2026-09-18-1236.1251816073/main.go
#86 1.066 package main
#86 1.066 
#86 1.066 import (
#86 1.066 	caddycmd "github.com/caddyserver/caddy/v2/cmd"
#86 1.066 
#86 1.066 	// plug in Caddy modules here
#86 1.066 	_ "github.com/caddyserver/caddy/v2/modules/standard"
#86 1.066 	_ "github.com/mholt/caddy-ratelimit"
#86 1.066 )
#86 1.066 
#86 1.066 func main() {
#86 1.066 	caddycmd.Main()
#86 1.066 }
#86 1.066 2026/09/18 12:36:45 [INFO] Initializing Go module
#86 1.066 2026/09/18 12:36:45 [INFO] exec (timeout=0s): /usr/local/go/bin/go mod init caddy 
#86 1.147 go: creating new go.mod: module caddy
#86 1.166 go: to add module requirements and sums:
#86 1.166 	go mod tidy
#86 1.166 2026/09/18 12:36:45 [INFO] Pinning versions
#86 1.166 2026/09/18 12:36:45 [INFO] exec (timeout=0s): /usr/local/go/bin/go get -v github.com/caddyserver/caddy/v2@v2.11.4 
#86 1.654 go: downloading github.com/caddyserver/caddy/v2 v2.11.4
#86 3.177 go: downloading github.com/caddyserver/certmagic v0.25.3
#86 3.177 go: downloading github.com/cespare/xxhash/v2 v2.3.0
#86 3.571 go: downloading github.com/cespare/xxhash v1.1.0
#86 4.025 go: downloading github.com/google/uuid v1.6.0
#86 4.240 go: downloading github.com/prometheus/client_golang v1.23.2
#86 4.882 go: downloading github.com/quic-go/quic-go v0.59.1
#86 5.712 go: downloading go.uber.org/zap v1.28.0
#86 5.712 go: downloading go.uber.org/zap/exp v0.3.0
#86 5.944 go: downloading golang.org/x/sys v0.45.0
#86 6.620 go: downloading golang.org/x/term v0.43.0
#86 6.620 go: downloading golang.org/x/time v0.15.0
#86 7.616 go: downloading github.com/caddyserver/zerossl v0.1.5
#86 7.616 go: downloading github.com/klauspost/cpuid/v2 v2.3.0
#86 7.643 go: downloading github.com/libdns/libdns v1.1.1
#86 7.789 go: downloading github.com/mholt/acmez/v3 v3.1.6
#86 7.899 go: downloading github.com/miekg/dns v1.1.72
#86 7.978 go: downloading github.com/zeebo/blake3 v0.2.4
#86 8.158 go: downloading golang.org/x/crypto v0.52.0
#86 8.329 go: downloading golang.org/x/net v0.55.0
#86 9.250 go: downloading github.com/beorn7/perks v1.0.1
#86 9.369 go: downloading github.com/prometheus/client_model v0.6.2
#86 9.563 go: downloading github.com/prometheus/common v0.67.5
#86 9.692 go: downloading github.com/prometheus/procfs v0.20.1
#86 9.692 go: downloading google.golang.org/protobuf v1.36.11
#86 10.91 go: downloading github.com/quic-go/qpack v0.6.0
#86 10.93 go: downloading go.uber.org/multierr v1.11.0
#86 11.93 go: downloading golang.org/x/tools v0.44.0
#86 11.96 go: downloading golang.org/x/text v0.37.0
#86 14.22 go: downloading github.com/munnerz/goautoneg v0.0.0-20191010083416-a7dc8b61c822
#86 14.34 go: downloading go.yaml.in/yaml/v2 v2.4.4
#86 14.60 go: downloading golang.org/x/sync v0.20.0
#86 14.67 go: downloading golang.org/x/mod v0.35.0
#86 ...

#87 [copilot builder 4/5] COPY . .
#87 ...

#86 [admin caddy-builder 2/2] RUN xcaddy build     --with github.com/mholt/caddy-ratelimit
#86 16.22 go: added github.com/beorn7/perks v1.0.1
#86 16.22 go: added github.com/caddyserver/caddy/v2 v2.11.4
#86 16.22 go: added github.com/caddyserver/certmagic v0.25.3
#86 16.22 go: added github.com/caddyserver/zerossl v0.1.5
#86 16.22 go: added github.com/cespare/xxhash/v2 v2.3.0
#86 16.22 go: added github.com/google/uuid v1.6.0
#86 16.22 go: added github.com/klauspost/cpuid/v2 v2.3.0
#86 16.22 go: added github.com/libdns/libdns v1.1.1
#86 16.22 go: added github.com/mholt/acmez/v3 v3.1.6
#86 16.22 go: added github.com/miekg/dns v1.1.72
#86 16.22 go: added github.com/munnerz/goautoneg v0.0.0-20191010083416-a7dc8b61c822
#86 16.22 go: added github.com/prometheus/client_golang v1.23.2
#86 16.22 go: added github.com/prometheus/client_model v0.6.2
#86 16.22 go: added github.com/prometheus/common v0.67.5
#86 16.22 go: added github.com/prometheus/procfs v0.20.1
#86 16.22 go: added github.com/quic-go/qpack v0.6.0
#86 16.22 go: added github.com/quic-go/quic-go v0.59.1
#86 16.22 go: added github.com/zeebo/blake3 v0.2.4
#86 16.22 go: added go.uber.org/multierr v1.11.0
#86 16.22 go: added go.uber.org/zap v1.28.0
#86 16.22 go: added go.uber.org/zap/exp v0.3.0
#86 16.22 go: added go.yaml.in/yaml/v2 v2.4.4
#86 16.22 go: added golang.org/x/crypto v0.52.0
#86 16.22 go: added golang.org/x/mod v0.35.0
#86 16.22 go: added golang.org/x/net v0.55.0
#86 16.22 go: added golang.org/x/sync v0.20.0
#86 16.22 go: added golang.org/x/sys v0.45.0
#86 16.22 go: added golang.org/x/term v0.43.0
#86 16.22 go: added golang.org/x/text v0.37.0
#86 16.22 go: added golang.org/x/time v0.15.0
#86 16.22 go: added golang.org/x/tools v0.44.0
#86 16.22 go: added google.golang.org/protobuf v1.36.11
#86 16.22 2026/09/18 12:37:00 [INFO] exec (timeout=0s): /usr/local/go/bin/go get -v github.com/mholt/caddy-ratelimit github.com/caddyserver/caddy/v2@v2.11.4 
#86 17.17 go: downloading github.com/mholt/caddy-ratelimit v0.1.0
#86 17.52 go: downloading github.com/google/cel-go v0.28.1
#86 17.52 go: downloading github.com/dustin/go-humanize v1.0.1
#86 18.31 go: downloading github.com/spf13/cobra v1.10.2
#86 18.31 go: downloading go.opentelemetry.io/contrib/bridges/prometheus v0.68.0
#86 18.38 go: downloading go.opentelemetry.io/contrib/exporters/autoexport v0.68.0
#86 18.47 go: downloading go.opentelemetry.io/otel/sdk/metric v1.43.0
#86 18.67 go: downloading go.opentelemetry.io/otel/sdk v1.43.0
#86 19.08 go: downloading go.opentelemetry.io/otel v1.43.0
#86 ...

#70 [admin builder 2/3] COPY . .
#70 DONE 15.2s

#88 [space builder 3/3] RUN turbo prune --scope=space --docker
#88 ...

#79 [live builder 5/6] COPY . .
#79 DONE 15.3s

#87 [copilot builder 4/5] COPY . .
#87 DONE 14.9s

#89 [copilot builder 5/5] RUN turbo prune --scope=@plane/copilot --docker
#89 ...

#85 [web builder 4/5] COPY . .
#85 DONE 14.9s

#86 [admin caddy-builder 2/2] RUN xcaddy build     --with github.com/mholt/caddy-ratelimit
#86 21.07 go: downloading github.com/smallstep/certificates v0.30.2
#86 21.96 go: downloading github.com/smallstep/truststore v0.13.0
#86 21.96 go: downloading go.step.sm/crypto v0.81.0
#86 22.68 go: downloading github.com/cloudflare/circl v1.6.3
#86 ...

#90 [admin builder 3/3] RUN turbo prune --scope=admin --docker
#90 2.137  WARNING  --scope is deprecated and will be removed in a future major version. Use positional arguments instead (e.g. `turbo prune web`)
#90 2.703 Generating pruned monorepo for admin in /app/out
#90 2.745  - Added @plane/constants
#90 2.764  - Added @plane/hooks
#90 2.806  - Added @plane/services
#90 2.816  - Added @plane/tailwind-config
#90 2.868  - Added @plane/types
#90 2.885  - Added @plane/typescript-config
#90 2.939  - Added @plane/utils
#90 2.991  - Added admin
#90 DONE 3.4s

#88 [space builder 3/3] RUN turbo prune --scope=space --docker
#88 2.137  WARNING  --scope is deprecated and will be removed in a future major version. Use positional arguments instead (e.g. `turbo prune web`)
#88 2.635 Generating pruned monorepo for space in /app/out
#88 2.685  - Added @plane/constants
#88 2.750  - Added @plane/editor
#88 2.760  - Added @plane/hooks
#88 2.960  - Added @plane/i18n
#88 3.065  - Added @plane/propel
#88 3.084  - Added @plane/services
#88 3.093  - Added @plane/tailwind-config
#88 3.164  - Added @plane/types
#88 3.178  - Added @plane/typescript-config
#88 3.253  - Added @plane/ui
#88 3.307  - Added @plane/utils
#88 3.459  - Added space
#88 DONE 3.8s

#91 [web builder 5/5] RUN turbo prune --scope=web --docker
#91 ...

#92 [admin installer 2/8] COPY --from=builder /app/out/json/ .
#92 CACHED

#93 [admin installer 1/8] COPY .gitignore .gitignore
#93 CACHED

#94 [admin installer 3/8] COPY --from=builder /app/out/pnpm-lock.yaml ./pnpm-lock.yaml
#94 CACHED

#95 [admin installer 4/8] COPY --from=builder /app/out/full/ .
#95 ...

#96 [space installer 2/8] COPY --from=builder /app/out/json/ .
#96 CACHED

#97 [space installer 5/8] COPY turbo.json turbo.json
#97 CACHED

#98 [space installer 3/8] COPY --from=builder /app/out/pnpm-lock.yaml ./pnpm-lock.yaml
#98 CACHED

#99 [space installer 4/8] COPY --from=builder /app/out/full/ .
#99 CACHED

#100 [space installer 6/8] RUN --mount=type=cache,id=pnpm-store,target=/pnpm/store pnpm fetch --store-dir=/pnpm/store
#100 CACHED

#93 [space installer 1/8] COPY .gitignore .gitignore
#93 CACHED

#101 [space installer 7/8] RUN --mount=type=cache,id=pnpm-store,target=/pnpm/store CI=true pnpm install --offline --frozen-lockfile --store-dir=/pnpm/store --prod=false
#101 CACHED

#102 [space installer 8/8] RUN pnpm turbo run build --filter=space
#102 ...

#95 [admin installer 4/8] COPY --from=builder /app/out/full/ .
#95 DONE 2.3s

#91 [web builder 5/5] RUN turbo prune --scope=web --docker
#91 4.700  WARNING  --scope is deprecated and will be removed in a future major version. Use positional arguments instead (e.g. `turbo prune web`)
#91 ...

#103 [admin installer 5/8] COPY turbo.json turbo.json
#103 DONE 0.3s

#91 [web builder 5/5] RUN turbo prune --scope=web --docker
#91 4.706 
#91 4.706 Attention:
#91 4.706 Turborepo now collects completely anonymous telemetry regarding usage.
#91 4.706 This information is used to shape the Turborepo roadmap and prioritize features.
#91 4.706 You can learn more, including how to opt-out if you'd not like to participate in this anonymous program, by visiting the following URL:
#91 4.706 https://turborepo.dev/docs/telemetry
#91 4.706 
#91 4.710 • turbo 2.9.18
#91 ...

#89 [copilot builder 5/5] RUN turbo prune --scope=@plane/copilot --docker
#89 4.450  WARNING  --scope is deprecated and will be removed in a future major version. Use positional arguments instead (e.g. `turbo prune web`)
#89 4.454 
#89 4.454 Attention:
#89 4.454 Turborepo now collects completely anonymous telemetry regarding usage.
#89 4.454 This information is used to shape the Turborepo roadmap and prioritize features.
#89 4.454 You can learn more, including how to opt-out if you'd not like to participate in this anonymous program, by visiting the following URL:
#89 4.454 https://turborepo.dev/docs/telemetry
#89 4.454 
#89 4.458 • turbo 2.9.18
#89 5.024 Generating pruned monorepo for @plane/copilot in /app/out
#89 5.067  - Added @plane/copilot
#89 5.097  - Added @plane/typescript-config
#89 DONE 5.5s

#104 [live builder 6/6] RUN turbo prune --scope=live --docker
#104 4.824  WARNING  --scope is deprecated and will be removed in a future major version. Use positional arguments instead (e.g. `turbo prune web`)
#104 4.831 
#104 4.831 Attention:
#104 4.831 Turborepo now collects completely anonymous telemetry regarding usage.
#104 4.831 This information is used to shape the Turborepo roadmap and prioritize features.
#104 4.831 You can learn more, including how to opt-out if you'd not like to participate in this anonymous program, by visiting the following URL:
#104 4.831 https://turborepo.dev/docs/telemetry
#104 4.831 
#104 4.838 • turbo 2.9.18
#104 5.630 Generating pruned monorepo for live in /app/out
#104 5.653  - Added @plane/constants
#104 5.653  - Added @plane/decorators
#104 5.688  - Added @plane/editor
#104 5.714  - Added @plane/hooks
#104 5.723  - Added @plane/logger
#104 5.867  - Added @plane/propel
#104 ...

#105 [copilot stage-1 7/8] RUN --mount=type=cache,id=pnpm-store,target=/pnpm/store pnpm fetch --store-dir=/pnpm/store
#105 CACHED

#106 [copilot stage-1 3/8] RUN apk add --no-cache libc6-compat && corepack enable
#106 CACHED

#107 [copilot stage-1 4/8] COPY --from=builder /app/out/json/ .
#107 CACHED

#108 [copilot stage-1 6/8] COPY --from=builder /app/out/full/ .
#108 CACHED

#109 [copilot stage-1 5/8] COPY --from=builder /app/out/pnpm-lock.yaml ./pnpm-lock.yaml
#109 CACHED

#110 [copilot stage-1 8/8] RUN --mount=type=cache,id=pnpm-store,target=/pnpm/store CI=true pnpm install --offline --frozen-lockfile --store-dir=/pnpm/store
#110 CACHED

#104 [live builder 6/6] RUN turbo prune --scope=live --docker
#104 5.917  - Added @plane/tailwind-config
#104 ...

#111 [admin installer 6/8] RUN --mount=type=cache,id=pnpm-store,target=/pnpm/store pnpm fetch --store-dir=/pnpm/store
#111 ...

#104 [live builder 6/6] RUN turbo prune --scope=live --docker
#104 6.044  - Added @plane/types
#104 6.068  - Added @plane/typescript-config
#104 6.122  - Added @plane/ui
#104 6.193  - Added @plane/utils
#104 6.245  - Added live
#104 DONE 6.7s

#112 [copilot] exporting to image
#112 exporting layers 0.1s done
#112 exporting manifest sha256:a5cdb3dd9159b122858c9e44ff81a3455969b76f868a871f5bb79d9c27e570d8 0.0s done
#112 exporting config sha256:5136fea4989c34f9c7fa4426cb7d404be104edf799a288f92f8ef0dbbd35ed34 0.0s done
#112 exporting attestation manifest sha256:c34140c41ca52c8ddc99973f8a9564dd53e7f4b369203d734a82d853bdd9dfd0 0.1s done
#112 exporting manifest list sha256:6adf72e123b4f1e617aa1a7daaf375f3efc2634394156ad05cae62ec11ea26ee 0.0s done
#112 naming to docker.io/library/ten-fold-plane-copilot:latest 0.0s done
#112 unpacking to docker.io/library/ten-fold-plane-copilot:latest 0.1s done
#112 DONE 0.9s

#91 [web builder 5/5] RUN turbo prune --scope=web --docker
#91 5.803 Generating pruned monorepo for web in /app/out
#91 5.894  - Added @plane/constants
#91 6.071  - Added @plane/editor
#91 6.103  - Added @plane/hooks
#91 6.492  - Added @plane/i18n
#91 6.669  - Added @plane/propel
#91 6.695  - Added @plane/services
#91 6.718  - Added @plane/shared-state
#91 6.728  - Added @plane/tailwind-config
#91 6.796  - Added @plane/types
#91 6.811  - Added @plane/typescript-config
#91 6.836  - Added @plane/ui
#91 6.880  - Added @plane/utils
#91 ...

#113 [copilot] resolving provenance for metadata file
#113 DONE 0.2s

#111 [admin installer 6/8] RUN --mount=type=cache,id=pnpm-store,target=/pnpm/store pnpm fetch --store-dir=/pnpm/store
#111 2.080 ! Corepack is about to download https://registry.npmjs.org/pnpm/-/pnpm-11.10.0.tgz
#111 ...

#91 [web builder 5/5] RUN turbo prune --scope=web --docker
#91 8.583  - Added web
#91 DONE 9.5s

#114 [live installer  5/12] COPY --from=builder /app/out/json/ .
#114 CACHED

#115 [live installer  6/12] COPY --from=builder /app/out/pnpm-lock.yaml ./pnpm-lock.yaml
#115 CACHED

#116 [live installer  8/12] COPY --from=builder /app/out/full/ .
#116 CACHED

#117 [live installer 10/12] RUN --mount=type=cache,id=pnpm-store,target=/pnpm/store pnpm fetch --store-dir=/pnpm/store
#117 CACHED

#118 [live installer  7/12] RUN corepack enable pnpm
#118 CACHED

#119 [live installer  9/12] COPY turbo.json turbo.json
#119 CACHED

#120 [live installer  4/12] COPY .gitignore .gitignore
#120 CACHED

#121 [live installer 11/12] RUN --mount=type=cache,id=pnpm-store,target=/pnpm/store CI=true pnpm install --offline --frozen-lockfile --store-dir=/pnpm/store
#121 CACHED

#122 [live installer 12/12] RUN pnpm turbo run build --filter=live
#122 ...

#86 [admin caddy-builder 2/2] RUN xcaddy build     --with github.com/mholt/caddy-ratelimit
#86 29.11 go: downloading github.com/tailscale/tscert v0.0.0-20251216020129-aea342f6d747
#86 29.12 go: downloading github.com/KimMachineGun/automemlimit v0.7.5
#86 29.18 go: downloading github.com/aryann/difflib v0.0.0-20210328193216-ff5ff6dc229b
#86 29.31 go: downloading github.com/spf13/pflag v1.0.10
#86 29.37 go: downloading go.uber.org/automaxprocs v1.6.0
#86 29.53 go: downloading golang.org/x/crypto/x509roots/fallback v0.0.0-20260213171211-a408498e5541
#86 29.60 go: downloading cel.dev/expr v0.25.1
#86 29.75 go: downloading google.golang.org/genproto/googleapis/api v0.0.0-20260406210006-6f92a3bedf2d
#86 29.89 go: downloading github.com/antlr4-go/antlr/v4 v4.13.1
#86 30.20 go: downloading go.opentelemetry.io/otel/exporters/otlp/otlplog/otlploggrpc v0.19.0
#86 30.30 go: downloading go.opentelemetry.io/otel/exporters/otlp/otlplog/otlploghttp v0.19.0
#86 30.39 go: downloading go.opentelemetry.io/otel/exporters/otlp/otlpmetric/otlpmetricgrpc v1.43.0
#86 30.45 go: downloading go.opentelemetry.io/otel/exporters/otlp/otlpmetric/otlpmetrichttp v1.43.0
#86 30.51 go: downloading go.opentelemetry.io/otel/exporters/otlp/otlptrace/otlptracegrpc v1.43.0
#86 30.58 go: downloading go.opentelemetry.io/otel/exporters/otlp/otlptrace v1.43.0
#86 30.61 go: downloading go.opentelemetry.io/otel/exporters/otlp/otlptrace/otlptracehttp v1.43.0
#86 30.69 go: downloading go.opentelemetry.io/otel/exporters/prometheus v0.65.0
#86 30.69 go: downloading go.opentelemetry.io/otel/exporters/stdout/stdoutlog v0.19.0
#86 30.83 go: downloading go.opentelemetry.io/otel/exporters/stdout/stdoutmetric v1.43.0
#86 30.88 go: downloading go.opentelemetry.io/otel/exporters/stdout/stdouttrace v1.43.0
#86 30.89 go: downloading go.opentelemetry.io/otel/sdk/log v0.19.0
#86 30.96 go: downloading github.com/inconshreveable/mousetrap v1.1.0
#86 31.02 go: downloading go.opentelemetry.io/otel/metric v1.43.0
#86 31.13 go: downloading github.com/pkg/errors v0.9.1
#86 31.15 go: downloading github.com/smallstep/nosql v0.8.0
#86 31.25 go: downloading github.com/smallstep/cli-utils v0.12.2
#86 31.51 go: downloading github.com/smallstep/linkedca v0.25.0
#86 31.53 go: downloading google.golang.org/grpc v1.81.0
#86 34.28 go: downloading howett.net/plist v1.0.0
#86 34.29 go: downloading github.com/slackhq/nebula v1.10.3
#86 34.74 go: downloading github.com/pbnjay/memory v0.0.0-20210728143218-7b4eea64cf58
#86 34.88 go: downloading github.com/cpuguy83/go-md2man/v2 v2.0.7
#86 35.10 go: downloading go.yaml.in/yaml/v3 v3.0.4
#86 35.39 go: downloading google.golang.org/genproto/googleapis/rpc v0.0.0-20260427160629-7cedc36a6bc4
#86 35.44 go: downloading github.com/go-logr/logr v1.4.3
#86 35.54 go: downloading go.opentelemetry.io/otel/trace v1.43.0
#86 35.78 go: downloading golang.org/x/exp v0.0.0-20251023183803-a4bb9ffd2546
#86 36.14 go: downloading go.opentelemetry.io/proto/otlp v1.10.0
#86 36.35 go: downloading go.opentelemetry.io/otel/log v0.19.0
#86 36.55 go: downloading github.com/prometheus/otlptranslator v1.0.0
#86 36.67 go: downloading github.com/go-logr/stdr v1.2.2
#86 36.77 go: downloading go.opentelemetry.io/auto/sdk v1.2.1
#86 37.03 go: downloading github.com/ccoveille/go-safecast/v2 v2.0.0
#86 37.04 go: downloading github.com/smallstep/pkcs7 v0.2.1
#86 37.18 go: downloading github.com/smallstep/scep v0.0.0-20250318231241-a25cabb69492
#86 37.30 go: downloading github.com/Masterminds/sprig/v3 v3.3.0
#86 37.31 go: downloading github.com/urfave/cli v1.22.17
#86 37.48 go: downloading github.com/chzyer/readline v1.5.1
#86 37.52 go: downloading github.com/manifoldco/promptui v0.9.0
#86 37.65 go: downloading github.com/go-jose/go-jose/v3 v3.0.5
#86 37.93 go: downloading google.golang.org/grpc/cmd/protoc-gen-go-grpc v1.5.1
#86 37.95 go: downloading filippo.io/edwards25519 v1.2.0
#86 38.08 go: downloading google.golang.org/api v0.277.0
#86 38.08 go: downloading github.com/coreos/go-oidc/v3 v3.17.0
#86 38.20 go: downloading github.com/rs/xid v1.6.0
#86 38.27 go: downloading github.com/mitchellh/go-ps v1.0.0
#86 38.34 go: downloading github.com/tailscale/go-winio v0.0.0-20231025203758-c4f33415bf55
#86 38.78 go: downloading github.com/russross/blackfriday/v2 v2.1.0
#86 38.95 go: downloading github.com/cenkalti/backoff/v5 v5.0.3
#86 39.03 go: downloading github.com/grpc-ecosystem/grpc-gateway/v2 v2.28.0
#86 40.49 go: downloading github.com/dgraph-io/badger v1.6.2
#86 40.95 go: downloading github.com/dgraph-io/badger/v2 v2.2007.4
#86 ...

#122 [live installer 12/12] RUN pnpm turbo run build --filter=live
#122 10.81 Scope: all 13 workspace projects
#122 ...

#123 [web installer  7/12] COPY --from=builder /app/out/full/ .
#123 CACHED

#124 [web installer  8/12] COPY --from=builder /app/apps/proxy/grist-custom.css ./apps/proxy/grist-custom.css
#124 CACHED

#125 [web installer  6/12] RUN corepack enable pnpm
#125 CACHED

#126 [web installer  3/12] COPY .gitignore .gitignore
#126 CACHED

#127 [web installer  9/12] COPY turbo.json turbo.json
#127 CACHED

#128 [web installer 10/12] RUN --mount=type=cache,id=pnpm-store,target=/pnpm/store pnpm fetch --store-dir=/pnpm/store
#128 CACHED

#129 [web installer  5/12] COPY --from=builder /app/out/pnpm-lock.yaml ./pnpm-lock.yaml
#129 CACHED

#130 [web installer  4/12] COPY --from=builder /app/out/json/ .
#130 CACHED

#131 [web installer 11/12] RUN --mount=type=cache,id=pnpm-store,target=/pnpm/store CI=true pnpm install --offline --frozen-lockfile --store-dir=/pnpm/store
#131 CACHED

#132 [web installer 12/12] RUN pnpm turbo run build --filter=web --force     && printf '%s\n' "689983cc069ff04626b5ee9bb76b507f1c85a285c94e38e4a3cb6c7ad4654290" > /app/apps/web/build/client/deployment-source.txt
#132 ...

#102 [space installer 8/8] RUN pnpm turbo run build --filter=space
#102 8.048 
#102 8.048    • Packages in scope: space
#102 8.048    • Running build in 1 packages
#102 8.048    • Remote caching disabled
#102 8.048 
#102 9.636 @plane/i18n:build: cache miss, executing 5dbd7ff96bc08b5a
#102 9.636 @plane/hooks:build: cache miss, executing d0aef673d47062f7
#102 9.682 @plane/types:build: cache miss, executing 388d4d0f142f4549
#102 ...

#86 [admin caddy-builder 2/2] RUN xcaddy build     --with github.com/mholt/caddy-ratelimit
#86 41.49 go: downloading go.etcd.io/bbolt v1.4.3
#86 41.94 go: downloading github.com/go-sql-driver/mysql v1.9.3
#86 42.18 go: downloading github.com/jackc/pgx/v5 v5.9.2
#86 43.52 go: downloading dario.cat/mergo v1.0.2
#86 44.01 go: downloading github.com/Masterminds/goutils v1.1.1
#86 44.17 go: downloading github.com/Masterminds/semver/v3 v3.4.0
#86 44.34 go: downloading github.com/huandu/xstrings v1.5.0
#86 44.54 go: downloading github.com/mitchellh/copystructure v1.2.0
#86 44.70 go: downloading github.com/shopspring/decimal v1.4.0
#86 44.82 go: downloading github.com/spf13/cast v1.7.0
#86 45.05 go: downloading github.com/go-jose/go-jose/v4 v4.1.4
#86 45.43 go: downloading golang.org/x/oauth2 v0.36.0
#86 45.84 go: downloading filippo.io/bigmod v0.1.0
#86 46.00 go: downloading github.com/dgraph-io/ristretto v0.2.0
#86 46.65 go: downloading github.com/golang/protobuf v1.5.4
#86 ...

#102 [space installer 8/8] RUN pnpm turbo run build --filter=space
#102 22.87 @plane/types:build: $ tsdown
#102 24.40 @plane/i18n:build: $ pnpm run generate:types && tsdown
#102 24.42 @plane/hooks:build: $ tsdown
#102 26.10 @plane/types:build: [34mℹ[39m tsdown [2mv0.16.0[22m powered by rolldown [2mv1.0.0-beta.46[22m
#102 26.87 @plane/hooks:build: [34mℹ[39m tsdown [2mv0.16.0[22m powered by rolldown [2mv1.0.0-beta.46[22m
#102 ...

#132 [web installer 12/12] RUN pnpm turbo run build --filter=web --force     && printf '%s\n' "689983cc069ff04626b5ee9bb76b507f1c85a285c94e38e4a3cb6c7ad4654290" > /app/apps/web/build/client/deployment-source.txt
#132 10.68 Scope: all 14 workspace projects
#132 ...

#111 [admin installer 6/8] RUN --mount=type=cache,id=pnpm-store,target=/pnpm/store pnpm fetch --store-dir=/pnpm/store
#111 16.83 ? Verifying lockfile against supply-chain policies (869 entries)...
#111 16.91 Importing packages to virtual store
#111 18.81 Already up to date
#111 19.21 Progress: resolved 1, reused 0, downloaded 0, added 0
#111 22.93 Progress: resolved 680, reused 0, downloaded 0, added 0
#111 24.08 Progress: resolved 680, reused 4, downloaded 0, added 0
#111 25.17 Progress: resolved 680, reused 8, downloaded 0, added 0
#111 26.20 Progress: resolved 680, reused 19, downloaded 0, added 0
#111 ...

#102 [space installer 8/8] RUN pnpm turbo run build --filter=space
#102 28.66 @plane/types:build: [34mℹ[39m Using tsdown config: [4m/app/packages/types/tsdown.config.ts[24m
#102 28.82 @plane/types:build: [34mℹ[39m entry: [34msrc/index.ts[39m
#102 28.84 @plane/types:build: [34mℹ[39m tsconfig: [34mtsconfig.json[39m
#102 28.84 @plane/types:build: [34mℹ[39m Build start
#102 29.22 @plane/hooks:build: [34mℹ[39m Using tsdown config: [4m/app/packages/hooks/tsdown.config.ts[24m
#102 29.52 @plane/hooks:build: [34mℹ[39m entry: [34msrc/index.ts[39m
#102 29.52 @plane/hooks:build: [34mℹ[39m tsconfig: [34mtsconfig.json[39m
#102 29.54 @plane/hooks:build: [34mℹ[39m Build start
#102 ...

#122 [live installer 12/12] RUN pnpm turbo run build --filter=live
#122 15.20 ✓ Lockfile passes supply-chain policies (verified 6h ago)
#122 15.37 Lockfile is up to date, resolution step is skipped
#122 18.75 Already up to date
#122 19.90 
#122 19.90    ╭──────────────────────────────────────────────╮
#122 19.90    │                                              │
#122 19.90    │     Update available! 11.10.0 → 12.4.2.      │
#122 19.90    │     Changelog: https://pnpm.io/v/12.4.2      │
#122 19.90    │   To update, run: corepack use pnpm@12.4.2   │
#122 19.90    │                                              │
#122 19.90    ╰──────────────────────────────────────────────╯
#122 19.90 
#122 ...

#111 [admin installer 6/8] RUN --mount=type=cache,id=pnpm-store,target=/pnpm/store pnpm fetch --store-dir=/pnpm/store
#111 27.21 Progress: resolved 680, reused 26, downloaded 0, added 0
#111 27.81 [WARN] Request took 10754ms: https://registry.npmjs.org/@babel%2Fhelper-annotate-as-pure
#111 27.94 [WARN] Request took 10764ms: https://registry.npmjs.org/@babel%2Fhelper-plugin-utils
#111 28.13 [WARN] Request took 11117ms: https://registry.npmjs.org/@babel%2Fcode-frame
#111 28.18 [WARN] Request took 11023ms: https://registry.npmjs.org/@babel%2Fhelper-optimise-call-expression
#111 28.28 [WARN] Request took 10720ms: https://registry.npmjs.org/@esbuild%2Flinux-loong64
#111 28.45 Progress: resolved 680, reused 35, downloaded 0, added 0
#111 28.68 [WARN] Request took 11388ms: https://registry.npmjs.org/@babel%2Fplugin-syntax-jsx
#111 28.83 [WARN] Request took 11689ms: https://registry.npmjs.org/@babel%2Fhelper-module-imports
#111 28.89 [WARN] Request took 11586ms: https://registry.npmjs.org/@babel%2Fplugin-syntax-typescript
#111 29.20 [WARN] Request took 11712ms: https://registry.npmjs.org/@esbuild%2Fdarwin-arm64
#111 29.22 [WARN] Request took 11739ms: https://registry.npmjs.org/@esbuild%2Fandroid-x64
#111 29.23 [WARN] Request took 11729ms: https://registry.npmjs.org/@esbuild%2Fdarwin-x64
#111 29.25 [WARN] Request took 11733ms: https://registry.npmjs.org/@esbuild%2Ffreebsd-arm64
#111 29.26 [WARN] Request took 11718ms: https://registry.npmjs.org/@esbuild%2Flinux-arm
#111 29.27 [WARN] Request took 11714ms: https://registry.npmjs.org/@esbuild%2Flinux-ia32
#111 29.35 [WARN] Request took 11816ms: https://registry.npmjs.org/@esbuild%2Flinux-arm64
#111 29.37 [WARN] Request took 11846ms: https://registry.npmjs.org/@esbuild%2Ffreebsd-x64
#111 29.38 [WARN] Request took 11916ms: https://registry.npmjs.org/@esbuild%2Fandroid-arm64
#111 29.40 [WARN] Request took 11813ms: https://registry.npmjs.org/@esbuild%2Fnetbsd-x64
#111 29.45 [WARN] Request took 12369ms: https://registry.npmjs.org/@babel%2Fhelper-compilation-targets
#111 29.47 [WARN] Request took 12129ms: https://registry.npmjs.org/@babel%2Ftemplate
#111 29.56 Progress: resolved 680, reused 41, downloaded 0, added 0
#111 29.72 [WARN] Request took 12588ms: https://registry.npmjs.org/@babel%2Fhelper-member-expression-to-functions
#111 30.53 [WARN] Request took 13204ms: https://registry.npmjs.org/@babel%2Fpreset-typescript
#111 30.63 Progress: resolved 680, reused 45, downloaded 0, added 0
#111 30.64 [WARN] Request took 13174ms: https://registry.npmjs.org/@esbuild%2Fandroid-arm
#111 30.84 [WARN] Request took 13640ms: https://registry.npmjs.org/@babel%2Fhelper-replace-supers
#111 31.19 [WARN] Request took 14179ms: https://registry.npmjs.org/@babel%2Fcompat-data
#111 ...

#86 [admin caddy-builder 2/2] RUN xcaddy build     --with github.com/mholt/caddy-ratelimit
#86 47.07 go: downloading github.com/dgryski/go-farm v0.0.0-20200201041132-a6ae2369ad13
#86 47.20 go: downloading github.com/mitchellh/reflectwalk v1.0.2
#86 47.32 go: downloading github.com/AndreasBriese/bbloom v0.0.0-20190825152654-46b345b51c96
#86 47.40 go: downloading github.com/golang/snappy v0.0.4
#86 47.64 go: downloading github.com/klauspost/compress v1.18.6
#86 ...

#132 [web installer 12/12] RUN pnpm turbo run build --filter=web --force     && printf '%s\n' "689983cc069ff04626b5ee9bb76b507f1c85a285c94e38e4a3cb6c7ad4654290" > /app/apps/web/build/client/deployment-source.txt
#132 15.00 ✓ Lockfile passes supply-chain policies (verified 6h ago)
#132 15.21 Lockfile is up to date, resolution step is skipped
#132 19.58 Already up to date
#132 ...

#111 [admin installer 6/8] RUN --mount=type=cache,id=pnpm-store,target=/pnpm/store pnpm fetch --store-dir=/pnpm/store
#111 31.58 [WARN] Request took 14267ms: https://registry.npmjs.org/@babel%2Fplugin-transform-modules-commonjs
#111 31.77 Progress: resolved 680, reused 48, downloaded 0, added 0
#111 32.78 [WARN] Request took 15624ms: https://registry.npmjs.org/@babel%2Fhelper-module-transforms
#111 33.00 Progress: resolved 680, reused 50, downloaded 0, added 0
#111 33.48 [WARN] Request took 16374ms: https://registry.npmjs.org/@babel%2Fhelper-create-class-features-plugin
#111 33.87 [WARN] Request took 16555ms: https://registry.npmjs.org/@babel%2Fplugin-transform-typescript
#111 34.18 [WARN] Request took 16905ms: https://registry.npmjs.org/@babel%2Fhelpers
#111 34.31 Progress: resolved 680, reused 51, downloaded 0, added 0
#111 35.36 Progress: resolved 680, reused 54, downloaded 0, added 0
#111 35.38 [WARN] Request took 18047ms: https://registry.npmjs.org/@babel%2Fruntime
#111 35.72 [WARN] Request took 18359ms: https://registry.npmjs.org/@babel%2Ftypes
#111 36.60 Progress: resolved 680, reused 59, downloaded 0, added 0
#111 36.67 [WARN] Request took 19632ms: https://registry.npmjs.org/@babel%2Fgenerator
#111 36.73 [WARN] Request took 19376ms: https://registry.npmjs.org/@babel%2Ftraverse
#111 37.66 Progress: resolved 680, reused 66, downloaded 0, added 0
#111 37.84 [WARN] Request took 10170ms: https://registry.npmjs.org/@opentelemetry%2Fsemantic-conventions
#111 37.87 [WARN] Request took 20583ms: https://registry.npmjs.org/@babel%2Fparser
#111 37.88 [WARN] Request took 10256ms: https://registry.npmjs.org/@opentelemetry%2Fresources
#111 38.02 [WARN] Request took 20992ms: https://registry.npmjs.org/@babel%2Fcore
#111 38.11 [WARN] Request took 20678ms: https://registry.npmjs.org/@effect%2Fplatform-node-shared
#111 38.76 Progress: resolved 680, reused 67, downloaded 0, added 0
#111 40.06 Progress: resolved 680, reused 73, downloaded 0, added 0
#111 40.21 [WARN] Request took 12729ms: https://registry.npmjs.org/@opentelemetry%2Fcore
#111 ...

#122 [live installer 12/12] RUN pnpm turbo run build --filter=live
#122 35.99 
#122 36.09 . prepare$ husky
#122 36.75 . prepare: .git can't be found
#122 36.76 . prepare: Done
#122 ...

#86 [admin caddy-builder 2/2] RUN xcaddy build     --with github.com/mholt/caddy-ratelimit
#86 58.79 go: downloading github.com/jackc/pgpassfile v1.0.0
#86 58.82 go: downloading github.com/jackc/pgservicefile v0.0.0-20240606120523-5a60cdf6a761
#86 58.86 go: downloading github.com/jackc/puddle/v2 v2.2.2
#86 58.94 go: downloading github.com/mgutz/ansi v0.0.0-20200706080929-d51e80ef957d
#86 58.99 go: downloading github.com/mattn/go-colorable v0.1.14
#86 59.03 go: downloading github.com/shurcooL/sanitized_anchor_name v1.0.0
#86 59.07 go: downloading github.com/mattn/go-isatty v0.0.20
#86 ...

#111 [admin installer 6/8] RUN --mount=type=cache,id=pnpm-store,target=/pnpm/store pnpm fetch --store-dir=/pnpm/store
#111 41.11 Progress: resolved 680, reused 80, downloaded 0, added 0
#111 42.09 [WARN] Request took 15797ms: https://registry.npmjs.org/@internationalized%2Fstring
#111 42.13 Progress: resolved 680, reused 83, downloaded 0, added 0
#111 42.56 [WARN] Request took 16601ms: https://registry.npmjs.org/@headlessui%2Freact
#111 43.22 Progress: resolved 680, reused 86, downloaded 0, added 0
#111 43.28 [WARN] Request took 17016ms: https://registry.npmjs.org/@internationalized%2Fdate
#111 44.23 Progress: resolved 680, reused 94, downloaded 0, added 0
#111 45.37 Progress: resolved 680, reused 99, downloaded 0, added 0
#111 ...

#102 [space installer 8/8] RUN pnpm turbo run build --filter=space
#102 37.51 @plane/i18n:build: $ tsx scripts/generate-types.ts
#102 ...

#122 [live installer 12/12] RUN pnpm turbo run build --filter=live
#122 38.52 Done in 31.8s using pnpm v11.10.0
#122 39.48 • turbo 2.10.11
#122 39.74 
#122 39.74    • Packages in scope: live
#122 39.74    • Running build in 1 packages
#122 39.74    • Remote caching disabled
#122 39.74 
#122 40.58 @plane/types:build: cache miss, executing 500db04b6ca0f300
#122 40.58 @plane/hooks:build: cache miss, executing 03765f147810d758
#122 40.60 @plane/decorators:build: cache miss, executing ee0d07a833633b3d
#122 40.60 @plane/logger:build: cache miss, executing 09376fcd1266fb8a
#122 ...

#132 [web installer 12/12] RUN pnpm turbo run build --filter=web --force     && printf '%s\n' "689983cc069ff04626b5ee9bb76b507f1c85a285c94e38e4a3cb6c7ad4654290" > /app/apps/web/build/client/deployment-source.txt
#132 20.58 
#132 20.58    ╭──────────────────────────────────────────────╮
#132 20.58    │                                              │
#132 20.58    │     Update available! 11.10.0 → 12.4.2.      │
#132 20.58    │     Changelog: https://pnpm.io/v/12.4.2      │
#132 20.58    │   To update, run: corepack use pnpm@12.4.2   │
#132 20.58    │                                              │
#132 20.58    ╰──────────────────────────────────────────────╯
#132 20.58 
#132 ...

#111 [admin installer 6/8] RUN --mount=type=cache,id=pnpm-store,target=/pnpm/store pnpm fetch --store-dir=/pnpm/store
#111 45.93 [WARN] Request took 19660ms: https://registry.npmjs.org/@internationalized%2Fnumber
#111 46.27 [WARN] Request took 10965ms: https://registry.npmjs.org/@tailwindcss%2Fnode
#111 46.49 Progress: resolved 680, reused 109, downloaded 0, added 0
#111 47.52 Progress: resolved 680, reused 118, downloaded 0, added 0
#111 48.27 [WARN] Request took 11644ms: https://registry.npmjs.org/@tailwindcss%2Foxide-win32-arm64-msvc
#111 48.44 [WARN] Request took 12950ms: https://registry.npmjs.org/@tailwindcss%2Foxide-darwin-x64
#111 48.63 [WARN] Request took 13126ms: https://registry.npmjs.org/@tailwindcss%2Foxide-freebsd-x64
#111 48.78 Progress: resolved 680, reused 127, downloaded 0, added 0
#111 48.87 [WARN] Request took 13384ms: https://registry.npmjs.org/@tailwindcss%2Foxide-darwin-arm64
#111 48.97 [WARN] Request took 13298ms: https://registry.npmjs.org/@tailwindcss%2Foxide-linux-arm64-gnu
#111 49.49 [WARN] Request took 13827ms: https://registry.npmjs.org/@tailwindcss%2Foxide-linux-arm-gnueabihf
#111 49.87 [WARN] Request took 14081ms: https://registry.npmjs.org/@tailwindcss%2Foxide-linux-arm64-musl
#111 50.01 Progress: resolved 680, reused 132, downloaded 0, added 0
#111 51.36 Progress: resolved 680, reused 137, downloaded 0, added 0
#111 51.80 [WARN] Request took 15049ms: https://registry.npmjs.org/@tailwindcss%2Fpostcss
#111 52.45 [WARN] Request took 16145ms: https://registry.npmjs.org/@tailwindcss%2Foxide-linux-x64-musl
#111 52.56 Progress: resolved 680, reused 143, downloaded 0, added 0
#111 52.62 [WARN] Request took 16462ms: https://registry.npmjs.org/@tailwindcss%2Foxide-linux-x64-gnu
#111 53.68 Progress: resolved 680, reused 148, downloaded 0, added 0
#111 54.04 [WARN] Request took 19141ms: https://registry.npmjs.org/@sentry%2Fnode
#111 54.56 [WARN] Request took 21459ms: https://registry.npmjs.org/@react-aria%2Ffocus
#111 54.82 Progress: resolved 680, reused 155, downloaded 0, added 0
#111 ...

#132 [web installer 12/12] RUN pnpm turbo run build --filter=web --force     && printf '%s\n' "689983cc069ff04626b5ee9bb76b507f1c85a285c94e38e4a3cb6c7ad4654290" > /app/apps/web/build/client/deployment-source.txt
#132 39.08 
#132 39.17 . prepare$ husky
#132 39.56 . prepare: .git can't be found
#132 39.58 . prepare: Done
#132 ...

#86 [admin caddy-builder 2/2] RUN xcaddy build     --with github.com/mholt/caddy-ratelimit
#86 71.92 go: downloading github.com/googleapis/gax-go/v2 v2.22.0
#86 71.93 go: downloading cloud.google.com/go/auth v0.20.0
#86 72.46 go: downloading cloud.google.com/go/auth/oauth2adapt v0.2.8
#86 72.46 go: downloading cloud.google.com/go/compute/metadata v0.9.0
#86 72.54 go: downloading github.com/google/s2a-go v0.1.9
#86 72.72 go: downloading go.opentelemetry.io/contrib/instrumentation/net/http/otelhttp v0.68.0
#86 72.89 go: downloading github.com/googleapis/enterprise-certificate-proxy v0.3.15
#86 73.18 go: downloading github.com/felixge/httpsnoop v1.0.4
#86 ...

#111 [admin installer 6/8] RUN --mount=type=cache,id=pnpm-store,target=/pnpm/store pnpm fetch --store-dir=/pnpm/store
#111 55.37 [WARN] Request took 22274ms: https://registry.npmjs.org/@react-aria%2Finteractions
#111 55.60 [WARN] Request took 22262ms: https://registry.npmjs.org/@react-types%2Fshared
#111 55.70 [WARN] Request took 22591ms: https://registry.npmjs.org/@react-router%2Fdev
#111 55.92 Progress: resolved 680, reused 164, downloaded 0, added 0
#111 56.29 [WARN] Request took 19578ms: https://registry.npmjs.org/@tailwindcss%2Foxide-win32-x64-msvc
#111 ...

#102 [space installer 8/8] RUN pnpm turbo run build --filter=space
#102 48.27 @plane/i18n:build: Generated 3838 keys from 28 namespace files
#102 54.25 @plane/i18n:build: [34mℹ[39m tsdown [2mv0.16.0[22m powered by rolldown [2mv1.0.0-beta.46[22m
#102 57.40 @plane/i18n:build: [34mℹ[39m Using tsdown config: [4m/app/packages/i18n/tsdown.config.ts[24m
#102 57.80 @plane/i18n:build: [34mℹ[39m entry: [34msrc/index.ts[39m
#102 57.87 @plane/i18n:build: [34mℹ[39m tsconfig: [34mtsconfig.json[39m
#102 57.87 @plane/i18n:build: [34mℹ[39m Build start
#102 ...

#111 [admin installer 6/8] RUN --mount=type=cache,id=pnpm-store,target=/pnpm/store pnpm fetch --store-dir=/pnpm/store
#111 57.02 Progress: resolved 680, reused 171, downloaded 0, added 0
#111 58.04 Progress: resolved 680, reused 174, downloaded 0, added 0
#111 58.34 [WARN] Request took 12650ms: https://registry.npmjs.org/esbuild
#111 59.05 Progress: resolved 680, reused 186, downloaded 0, added 0
#111 60.02 [WARN] Request took 14075ms: https://registry.npmjs.org/eslint
#111 60.09 Progress: resolved 680, reused 197, downloaded 0, added 0
#111 61.15 Progress: resolved 680, reused 212, downloaded 0, added 0
#111 61.39 [WARN] Request took 10732ms: https://registry.npmjs.org/lucide-react
#111 62.60 [WARN] Request took 20281ms: https://registry.npmjs.org/caniuse-lite
#111 62.71 Progress: resolved 680, reused 231, downloaded 0, added 0
#111 62.92 [WARN] Request took 26169ms: https://registry.npmjs.org/@tailwindcss%2Foxide
#111 62.97 [WARN] Request took 20321ms: https://registry.npmjs.org/@internationalized%2Fstring
#111 ...

#122 [live installer 12/12] RUN pnpm turbo run build --filter=live
#122 58.56 @plane/logger:build: $ tsdown
#122 59.33 @plane/decorators:build: $ tsdown
#122 60.97 @plane/types:build: $ tsdown
#122 61.00 @plane/hooks:build: $ tsdown
#122 ...

#132 [web installer 12/12] RUN pnpm turbo run build --filter=web --force     && printf '%s\n' "689983cc069ff04626b5ee9bb76b507f1c85a285c94e38e4a3cb6c7ad4654290" > /app/apps/web/build/client/deployment-source.txt
#132 41.64 Done in 36s using pnpm v11.10.0
#132 42.95 • turbo 2.10.11
#132 43.25 
#132 43.25    • Packages in scope: web
#132 43.25    • Running build in 1 packages
#132 43.25    • Remote caching disabled
#132 43.25 
#132 46.89 @plane/i18n:build: cache bypass, force executing edd8dbbe1c3771c1
#132 46.89 @plane/hooks:build: cache bypass, force executing 7cfc83de1dc854c6
#132 46.91 @plane/types:build: cache bypass, force executing 73de4b48de61b180
#132 ...

#86 [admin caddy-builder 2/2] RUN xcaddy build     --with github.com/mholt/caddy-ratelimit
#86 85.95 go: added github.com/mholt/caddy-ratelimit v0.1.0
#86 86.02 2026/09/18 12:38:10 [INFO] exec (timeout=0s): /usr/local/go/bin/go get -v  
#86 86.79 go: downloading github.com/go-chi/chi/v5 v5.2.5
#86 86.95 go: downloading github.com/DeRuina/timberjack v1.4.2
#86 87.88 go: downloading github.com/pires/go-proxyproto v0.12.0
#86 87.90 go: downloading github.com/BurntSushi/toml v1.6.0
#86 88.16 go: downloading github.com/alecthomas/chroma/v2 v2.24.1
#86 89.58 go: downloading github.com/yuin/goldmark v1.8.2
#86 90.02 go: downloading github.com/yuin/goldmark-highlighting/v2 v2.0.0-20230729083705-37449abec8cc
#86 90.11 go: downloading gopkg.in/yaml.v3 v3.0.1
#86 90.30 go: downloading go.opentelemetry.io/contrib/propagators/autoprop v0.68.0
#86 90.97 go: downloading github.com/fxamacker/cbor/v2 v2.9.0
#86 91.01 go: downloading github.com/google/go-tpm v0.9.8
#86 91.47 go: downloading github.com/smallstep/go-attestation v0.4.4-0.20241119153605-2306d5b464ca
#86 92.25 go: downloading go.opentelemetry.io/contrib/propagators/aws v1.43.0
#86 92.25 go: downloading go.opentelemetry.io/contrib/propagators/b3 v1.43.0
#86 92.30 go: downloading go.opentelemetry.io/contrib/propagators/jaeger v1.43.0
#86 92.38 go: downloading go.opentelemetry.io/contrib/propagators/ot v1.43.0
#86 92.73 go: downloading github.com/x448/float16 v0.8.4
#86 92.78 go: downloading github.com/google/go-tspi v0.3.0
#86 92.88 go: downloading github.com/sirupsen/logrus v1.9.4
#86 93.13 go: downloading github.com/dlclark/regexp2 v1.12.0
#86 93.13 go: downloading github.com/google/certificate-transparency-go v1.1.8-0.20240110162603-74a5dd331745
#86 ...

#122 [live installer 12/12] RUN pnpm turbo run build --filter=live
#122 62.80 @plane/logger:build: ℹ tsdown v0.16.0 powered by rolldown v1.0.0-beta.46
#122 63.46 @plane/types:build: ℹ tsdown v0.16.0 powered by rolldown v1.0.0-beta.46
#122 63.47 @plane/decorators:build: ℹ tsdown v0.16.0 powered by rolldown v1.0.0-beta.46
#122 64.53 @plane/hooks:build: ℹ tsdown v0.16.0 powered by rolldown v1.0.0-beta.46
#122 66.63 @plane/logger:build: ℹ Using tsdown config: /app/packages/logger/tsdown.config.ts
#122 66.69 @plane/decorators:build: ℹ Using tsdown config: /app/packages/decorators/tsdown.config.ts
#122 66.86 @plane/types:build: ℹ Using tsdown config: /app/packages/types/tsdown.config.ts
#122 66.95 @plane/logger:build: ℹ entry: src/index.ts
#122 66.95 @plane/logger:build: ℹ tsconfig: tsconfig.json
#122 66.95 @plane/logger:build: ℹ Build start
#122 66.98 @plane/decorators:build: ℹ entry: src/index.ts
#122 66.99 @plane/decorators:build: ℹ tsconfig: tsconfig.json
#122 67.00 @plane/decorators:build: ℹ Build start
#122 67.17 @plane/types:build: ℹ entry: src/index.ts
#122 67.18 @plane/types:build: ℹ tsconfig: tsconfig.json
#122 67.18 @plane/types:build: ℹ Build start
#122 67.99 @plane/hooks:build: ℹ Using tsdown config: /app/packages/hooks/tsdown.config.ts
#122 68.70 @plane/hooks:build: ℹ entry: src/index.ts
#122 68.70 @plane/hooks:build: ℹ tsconfig: tsconfig.json
#122 68.70 @plane/hooks:build: ℹ Build start
#122 ...

#111 [admin installer 6/8] RUN --mount=type=cache,id=pnpm-store,target=/pnpm/store pnpm fetch --store-dir=/pnpm/store
#111 63.82 Progress: resolved 680, reused 251, downloaded 0, added 0
#111 64.41 [WARN] Request took 20694ms: https://registry.npmjs.org/@internationalized%2Fdate
#111 65.04 [WARN] Request took 25505ms: https://registry.npmjs.org/@types%2Fnode
#111 65.13 Progress: resolved 680, reused 264, downloaded 0, added 0
#111 66.91 Progress: resolved 680, reused 265, downloaded 0, added 0
#111 67.54 [WARN] Request took 21212ms: https://registry.npmjs.org/@internationalized%2Fnumber
#111 67.90 Progress: resolved 680, reused 276, downloaded 0, added 0
#111 68.12 [WARN] Request took 22800ms: https://registry.npmjs.org/electron-to-chromium
#111 69.64 Progress: resolved 680, reused 277, downloaded 0, added 0
#111 70.22 [WARN] Request took 14232ms: https://registry.npmjs.org/@react-types%2Fshared
#111 70.43 [WARN] Request took 14775ms: https://registry.npmjs.org/react-hook-form
#111 70.65 Progress: resolved 680, reused 284, downloaded 0, added 0
#111 70.93 [WARN] Request took 15209ms: https://registry.npmjs.org/react-stately
#111 71.40 [WARN] Request took 16168ms: https://registry.npmjs.org/@react-aria%2Ffocus
#111 71.75 [WARN] Request took 15875ms: https://registry.npmjs.org/@react-aria%2Finteractions
#111 71.94 Progress: resolved 680, reused 286, downloaded 0, added 0
#111 72.12 [WARN] Request took 12464ms: https://registry.npmjs.org/use-sync-external-store
#111 72.44 [WARN] Request took 15865ms: https://registry.npmjs.org/scheduler
#111 72.72 [WARN] Request took 16989ms: https://registry.npmjs.org/react
#111 73.12 [WARN] Request took 17456ms: https://registry.npmjs.org/react-refresh
#111 73.21 Progress: resolved 680, reused 288, downloaded 0, added 0
#111 73.33 [WARN] Request took 17671ms: https://registry.npmjs.org/react-dom
#111 74.35 [WARN] Request took 18919ms: https://registry.npmjs.org/react-aria
#111 74.39 Progress: resolved 680, reused 296, downloaded 0, added 0
#111 74.59 [WARN] Request took 28757ms: https://registry.npmjs.org/eslint-plugin-react-hooks
#111 ...

#132 [web installer 12/12] RUN pnpm turbo run build --filter=web --force     && printf '%s\n' "689983cc069ff04626b5ee9bb76b507f1c85a285c94e38e4a3cb6c7ad4654290" > /app/apps/web/build/client/deployment-source.txt
#132 59.36 @plane/i18n:build: $ pnpm run generate:types && tsdown
#132 61.36 @plane/types:build: $ tsdown
#132 61.89 @plane/hooks:build: $ tsdown
#132 64.47 @plane/types:build: ℹ tsdown v0.16.0 powered by rolldown v1.0.0-beta.46
#132 64.69 @plane/hooks:build: ℹ tsdown v0.16.0 powered by rolldown v1.0.0-beta.46
#132 ...

#86 [admin caddy-builder 2/2] RUN xcaddy build     --with github.com/mholt/caddy-ratelimit
#86 103.5 2026/09/18 12:38:27 [INFO] Build environment ready
#86 103.5 2026/09/18 12:38:27 [INFO] Building Caddy
#86 103.5 2026/09/18 12:38:27 [INFO] exec (timeout=0s): /usr/local/go/bin/go mod tidy -e 
#86 104.4 go: downloading github.com/stretchr/testify v1.11.1
#86 104.8 go: downloading go.uber.org/goleak v1.3.0
#86 105.6 go: downloading github.com/google/go-cmp v0.7.0
#86 105.6 go: downloading go.uber.org/mock v0.6.0
#86 105.9 go: downloading gopkg.in/check.v1 v1.0.0-20201130134442-10cb98267c6c
#86 106.2 go: downloading code.pfad.fr/check v1.1.0
#86 106.5 go: downloading github.com/letsencrypt/pebble/v2 v2.10.0
#86 106.9 go: downloading github.com/zeebo/assert v1.1.0
#86 107.0 go: downloading github.com/prashantv/gostub v1.1.0
#86 107.0 go: downloading github.com/davecgh/go-spew v1.1.1
#86 107.2 go: downloading github.com/pmezard/go-difflib v1.0.0
#86 107.3 go: downloading github.com/smallstep/assert v0.0.0-20200723003110-82e2b9b3b262
#86 107.3 go: downloading github.com/fortytw2/leaktest v1.3.0
#86 107.5 go: downloading github.com/kylelemons/godebug v1.1.0
#86 107.7 go: downloading github.com/kr/pretty v0.3.1
#86 107.8 go: downloading github.com/letsencrypt/challtestsrv v1.4.2
#86 108.0 go: downloading github.com/alecthomas/assert/v2 v2.11.0
#86 108.2 go: downloading github.com/google/go-tpm-tools v0.4.8
#86 108.5 go: downloading github.com/peterbourgon/diskv/v3 v3.0.1
#86 108.9 go: downloading github.com/schollz/jsonstore v1.1.0
#86 109.2 go: downloading go.opentelemetry.io/otel/sdk/log/logtest v0.19.0
#86 109.4 go: downloading github.com/kr/text v0.2.0
#86 109.6 go: downloading github.com/rogpeppe/go-internal v1.14.1
#86 110.3 go: downloading github.com/frankban/quicktest v1.14.6
#86 110.6 go: downloading github.com/alecthomas/repr v0.5.2
#86 110.7 go: downloading github.com/hexops/gotextdiff v1.0.3
#86 111.1 go: downloading github.com/chzyer/test v1.0.0
#86 111.2 go: downloading github.com/aws/aws-sdk-go-v2/config v1.32.17
#86 ...

#111 [admin installer 6/8] RUN --mount=type=cache,id=pnpm-store,target=/pnpm/store pnpm fetch --store-dir=/pnpm/store
#111 75.26 [WARN] Request took 35016ms: https://registry.npmjs.org/@typescript-eslint%2Ftypes
#111 75.39 Progress: resolved 680, reused 312, downloaded 0, added 0
#111 75.82 [WARN] Request took 17279ms: https://registry.npmjs.org/tailwindcss
#111 76.39 Progress: resolved 680, reused 392, downloaded 0, added 0
#111 77.46 [WARN] Request took 18402ms: https://registry.npmjs.org/typescript
#111 78.27 Progress: resolved 680, reused 401, downloaded 0, added 0
#111 79.28 Progress: resolved 680, reused 425, downloaded 0, added 0
#111 80.24 [WARN] Request took 14911ms: https://registry.npmjs.org/@types%2Fnode
#111 80.42 Progress: resolved 680, reused 448, downloaded 0, added 0
#111 81.43 Progress: resolved 680, reused 547, downloaded 0, added 0
#111 82.43 Progress: resolved 680, reused 621, downloaded 0, added 0
#111 85.25 ✓ Lockfile passes supply-chain policies (869 entries in 1m 8.3s)
#111 85.26 Progress: resolved 680, reused 678, downloaded 0, added 0
#111 ...

#86 [admin caddy-builder 2/2] RUN xcaddy build     --with github.com/mholt/caddy-ratelimit
#86 111.3 go: downloading github.com/aws/aws-sdk-go-v2/service/kms v1.51.1
#86 111.5 go: downloading github.com/aws/aws-sdk-go-v2 v1.41.7
#86 112.4 go: downloading cloud.google.com/go/kms v1.31.0
#86 112.6 go: downloading cloud.google.com/go v0.123.0
#86 112.9 go: downloading github.com/google/btree v1.1.2
#86 113.0 go: downloading github.com/zeebo/pcg v1.0.1
#86 113.1 go: downloading github.com/chzyer/logex v1.2.1
#86 113.2 go: downloading github.com/aws/aws-sdk-go-v2/credentials v1.19.16
#86 113.4 go: downloading github.com/aws/aws-sdk-go-v2/feature/ec2/imds v1.18.23
#86 113.4 go: downloading github.com/aws/aws-sdk-go-v2/service/signin v1.0.11
#86 113.6 go: downloading github.com/aws/aws-sdk-go-v2/service/sso v1.30.17
#86 113.6 go: downloading github.com/aws/aws-sdk-go-v2/service/ssooidc v1.35.21
#86 113.7 go: downloading github.com/aws/aws-sdk-go-v2/service/sts v1.42.1
#86 113.9 go: downloading github.com/aws/smithy-go v1.25.1
#86 114.9 go: downloading cloud.google.com/go/iam v1.7.0
#86 114.9 go: downloading github.com/aws/aws-sdk-go-v2/internal/configsources v1.4.23
#86 115.4 go: downloading cloud.google.com/go/longrunning v0.9.0
#86 115.5 go: downloading google.golang.org/genproto v0.0.0-20260319201613-d00831a3d3e7
#86 115.6 go: downloading github.com/aws/aws-sdk-go-v2/internal/v4a v1.4.24
#86 116.0 go: downloading github.com/aws/aws-sdk-go-v2/service/internal/accept-encoding v1.13.9
#86 116.1 go: downloading github.com/aws/aws-sdk-go-v2/service/internal/presigned-url v1.13.23
#86 116.5 go: downloading github.com/aws/aws-sdk-go-v2/internal/endpoints/v2 v2.7.23
#86 ...

#132 [web installer 12/12] RUN pnpm turbo run build --filter=web --force     && printf '%s\n' "689983cc069ff04626b5ee9bb76b507f1c85a285c94e38e4a3cb6c7ad4654290" > /app/apps/web/build/client/deployment-source.txt
#132 66.31 @plane/types:build: ℹ Using tsdown config: /app/packages/types/tsdown.config.ts
#132 66.59 @plane/types:build: ℹ entry: src/index.ts
#132 66.65 @plane/types:build: ℹ tsconfig: tsconfig.json
#132 66.65 @plane/types:build: ℹ Build start
#132 67.01 @plane/hooks:build: ℹ Using tsdown config: /app/packages/hooks/tsdown.config.ts
#132 67.26 @plane/hooks:build: ℹ entry: src/index.ts
#132 67.27 @plane/hooks:build: ℹ tsconfig: tsconfig.json
#132 67.30 @plane/hooks:build: ℹ Build start
#132 ...

#111 [admin installer 6/8] RUN --mount=type=cache,id=pnpm-store,target=/pnpm/store pnpm fetch --store-dir=/pnpm/store
#111 86.26 Progress: resolved 680, reused 678, downloaded 0, added 35
#111 87.26 Progress: resolved 680, reused 678, downloaded 0, added 50
#111 90.62 Progress: resolved 680, reused 678, downloaded 0, added 51
#111 91.62 Progress: resolved 680, reused 678, downloaded 0, added 66
#111 92.63 Progress: resolved 680, reused 678, downloaded 0, added 67
#111 94.01 Progress: resolved 680, reused 678, downloaded 0, added 68
#111 ...

#86 [admin caddy-builder 2/2] RUN xcaddy build     --with github.com/mholt/caddy-ratelimit
#86 120.8 go: downloading go.opentelemetry.io/contrib/instrumentation/google.golang.org/grpc/otelgrpc v0.67.0
#86 120.8 go: downloading gonum.org/v1/gonum v0.17.0
#86 121.1 go: downloading github.com/OneOfOne/xxhash v1.2.2
#86 121.2 go: downloading github.com/spaolacci/murmur3 v1.1.0
#86 124.7 2026/09/18 12:38:48 [INFO] exec (timeout=0s): /usr/local/go/bin/go build -o /usr/bin/caddy -ldflags -w -s -trimpath -tags nobadger,nomysql,nopgx 
#86 ...

#111 [admin installer 6/8] RUN --mount=type=cache,id=pnpm-store,target=/pnpm/store pnpm fetch --store-dir=/pnpm/store
#111 95.01 Progress: resolved 680, reused 678, downloaded 0, added 70
#111 96.01 Progress: resolved 680, reused 678, downloaded 0, added 80
#111 97.01 Progress: resolved 680, reused 678, downloaded 0, added 83
#111 99.11 Progress: resolved 680, reused 678, downloaded 0, added 84
#111 100.1 Progress: resolved 680, reused 678, downloaded 0, added 92
#111 101.1 Progress: resolved 680, reused 678, downloaded 0, added 102
#111 102.1 Progress: resolved 680, reused 678, downloaded 0, added 130
#111 103.1 Progress: resolved 680, reused 678, downloaded 0, added 139
#111 ...

#102 [space installer 8/8] RUN pnpm turbo run build --filter=space
#102 105.4 @plane/hooks:build: [34mℹ[39m [2mdist/[22m[1mindex.js[22m        [2m 5.82 kB[22m [2m│ gzip: 1.93 kB[22m
#102 105.4 @plane/hooks:build: [34mℹ[39m [2mdist/[22mindex.js.map    [2m11.13 kB[22m [2m│ gzip: 3.57 kB[22m
#102 105.4 @plane/hooks:build: [34mℹ[39m [2mdist/[22mindex.d.ts.map  [2m 0.66 kB[22m [2m│ gzip: 0.39 kB[22m
#102 105.5 @plane/hooks:build: [34mℹ[39m [2mdist/[22m[32m[1mindex.d.ts[22m[39m      [2m 2.00 kB[22m [2m│ gzip: 0.80 kB[22m
#102 105.5 @plane/hooks:build: [34mℹ[39m 4 files, total: 19.61 kB
#102 105.6 @plane/hooks:build: [32m✔[39m Build complete in [32m76008ms[39m
#102 ...

#132 [web installer 12/12] RUN pnpm turbo run build --filter=web --force     && printf '%s\n' "689983cc069ff04626b5ee9bb76b507f1c85a285c94e38e4a3cb6c7ad4654290" > /app/apps/web/build/client/deployment-source.txt
#132 79.85 @plane/i18n:build: $ tsx scripts/generate-types.ts
#132 ...

#111 [admin installer 6/8] RUN --mount=type=cache,id=pnpm-store,target=/pnpm/store pnpm fetch --store-dir=/pnpm/store
#111 104.1 Progress: resolved 680, reused 678, downloaded 0, added 151
#111 105.1 Progress: resolved 680, reused 678, downloaded 0, added 164
#111 106.1 Progress: resolved 680, reused 678, downloaded 0, added 170
#111 107.2 Progress: resolved 680, reused 678, downloaded 0, added 214
#111 108.2 Progress: resolved 680, reused 678, downloaded 0, added 233
#111 109.2 Progress: resolved 680, reused 678, downloaded 0, added 247
#111 110.2 Progress: resolved 680, reused 678, downloaded 0, added 252
#111 111.2 Progress: resolved 680, reused 678, downloaded 0, added 253
#111 112.2 Progress: resolved 680, reused 678, downloaded 0, added 260
#111 113.4 Progress: resolved 680, reused 678, downloaded 0, added 263
#111 ...

#132 [web installer 12/12] RUN pnpm turbo run build --filter=web --force     && printf '%s\n' "689983cc069ff04626b5ee9bb76b507f1c85a285c94e38e4a3cb6c7ad4654290" > /app/apps/web/build/client/deployment-source.txt
#132 97.74 @plane/i18n:build: Generated 3838 keys from 28 namespace files
#132 105.5 @plane/i18n:build: ℹ tsdown v0.16.0 powered by rolldown v1.0.0-beta.46
#132 ...

#102 [space installer 8/8] RUN pnpm turbo run build --filter=space
#102 123.8 @plane/types:build: [34mℹ[39m [2mdist/[22m[1mindex.mjs[22m        [2m 16.83 kB[22m [2m│ gzip:  3.68 kB[22m
#102 123.8 @plane/types:build: [34mℹ[39m [2mdist/[22mindex.d.mts.map  [2m 89.23 kB[22m [2m│ gzip: 29.36 kB[22m
#102 123.8 @plane/types:build: [34mℹ[39m [2mdist/[22mindex.mjs.map    [2m 65.52 kB[22m [2m│ gzip: 13.53 kB[22m
#102 123.8 @plane/types:build: [34mℹ[39m [2mdist/[22m[32m[1mindex.d.mts[22m[39m      [2m146.98 kB[22m [2m│ gzip: 28.71 kB[22m
#102 123.8 @plane/types:build: [34mℹ[39m 4 files, total: 318.56 kB
#102 123.9 @plane/types:build: [32m✔[39m Build complete in [32m95014ms[39m
#102 ...

#111 [admin installer 6/8] RUN --mount=type=cache,id=pnpm-store,target=/pnpm/store pnpm fetch --store-dir=/pnpm/store
#111 114.4 Progress: resolved 680, reused 678, downloaded 0, added 264
#111 ...

#102 [space installer 8/8] RUN pnpm turbo run build --filter=space
#102 127.2 @plane/constants:build: cache miss, executing b2ebb20385299ae6
#102 ...

#111 [admin installer 6/8] RUN --mount=type=cache,id=pnpm-store,target=/pnpm/store pnpm fetch --store-dir=/pnpm/store
#111 126.0 Progress: resolved 680, reused 678, downloaded 0, added 265
#111 127.0 Progress: resolved 680, reused 678, downloaded 0, added 271
#111 128.1 Progress: resolved 680, reused 678, downloaded 0, added 272
#111 129.1 Progress: resolved 680, reused 678, downloaded 0, added 276
#111 ...

#102 [space installer 8/8] RUN pnpm turbo run build --filter=space
#102 136.8 @plane/i18n:build: [34mℹ[39m [2mdist/[22m[1mindex.js[22m        [2m  5.66 kB[22m [2m│ gzip:  2.15 kB[22m
#102 136.9 @plane/i18n:build: [34mℹ[39m [2mdist/[22mindex.d.ts.map  [2m 43.17 kB[22m [2m│ gzip:  5.39 kB[22m
#102 136.9 @plane/i18n:build: [34mℹ[39m [2mdist/[22mindex.js.map    [2m 12.36 kB[22m [2m│ gzip:  4.16 kB[22m
#102 136.9 @plane/i18n:build: [34mℹ[39m [2mdist/[22m[32m[1mindex.d.ts[22m[39m      [2m176.39 kB[22m [2m│ gzip: 23.79 kB[22m
#102 136.9 @plane/i18n:build: [34mℹ[39m 4 files, total: 237.59 kB
#102 137.0 @plane/i18n:build: [32m✔[39m Build complete in [32m79000ms[39m
#102 ...

#132 [web installer 12/12] RUN pnpm turbo run build --filter=web --force     && printf '%s\n' "689983cc069ff04626b5ee9bb76b507f1c85a285c94e38e4a3cb6c7ad4654290" > /app/apps/web/build/client/deployment-source.txt
#132 109.9 @plane/i18n:build: ℹ Using tsdown config: /app/packages/i18n/tsdown.config.ts
#132 110.5 @plane/i18n:build: ℹ entry: src/index.ts
#132 110.6 @plane/i18n:build: ℹ tsconfig: tsconfig.json
#132 110.6 @plane/i18n:build: ℹ Build start
#132 ...

#111 [admin installer 6/8] RUN --mount=type=cache,id=pnpm-store,target=/pnpm/store pnpm fetch --store-dir=/pnpm/store
#111 137.2 Progress: resolved 680, reused 678, downloaded 0, added 277
#111 ...

#102 [space installer 8/8] RUN pnpm turbo run build --filter=space
#102 140.4 @plane/constants:build: $ tsdown
#102 141.2 @plane/constants:build: [34mℹ[39m tsdown [2mv0.16.0[22m powered by rolldown [2mv1.0.0-beta.46[22m
#102 142.5 @plane/constants:build: [34mℹ[39m Using tsdown config: [4m/app/packages/constants/tsdown.config.ts[24m
#102 142.7 @plane/constants:build: [34mℹ[39m entry: [34msrc/index.ts[39m
#102 142.7 @plane/constants:build: [34mℹ[39m tsconfig: [34mtsconfig.json[39m
#102 142.7 @plane/constants:build: [34mℹ[39m Build start
#102 ...

#111 [admin installer 6/8] RUN --mount=type=cache,id=pnpm-store,target=/pnpm/store pnpm fetch --store-dir=/pnpm/store
#111 145.5 Progress: resolved 680, reused 678, downloaded 0, added 278
#111 150.0 Progress: resolved 680, reused 678, downloaded 0, added 279
#111 152.8 Progress: resolved 680, reused 678, downloaded 0, added 280
#111 153.8 Progress: resolved 680, reused 678, downloaded 0, added 286
#111 ...

#122 [live installer 12/12] RUN pnpm turbo run build --filter=live
#122 150.7 @plane/decorators:build: ℹ dist/index.mjs        49.41 kB │ gzip:  8.71 kB
#122 150.8 @plane/decorators:build: ℹ dist/index.mjs.map    93.65 kB │ gzip: 16.16 kB
#122 150.8 @plane/decorators:build: ℹ dist/index.d.mts.map   0.86 kB │ gzip:  0.47 kB
#122 150.8 @plane/decorators:build: ℹ dist/index.d.mts       1.39 kB │ gzip:  0.51 kB
#122 150.8 @plane/decorators:build: ℹ 4 files, total: 145.32 kB
#122 150.9 @plane/decorators:build: ✔ Build complete in 83796ms
#122 ...

#111 [admin installer 6/8] RUN --mount=type=cache,id=pnpm-store,target=/pnpm/store pnpm fetch --store-dir=/pnpm/store
#111 160.6 Progress: resolved 680, reused 678, downloaded 0, added 287
#111 161.6 Progress: resolved 680, reused 678, downloaded 0, added 288
#111 166.2 Progress: resolved 680, reused 678, downloaded 0, added 289
#111 167.2 Progress: resolved 680, reused 678, downloaded 0, added 290
#111 ...

#122 [live installer 12/12] RUN pnpm turbo run build --filter=live
#122 157.2 @plane/logger:build: ℹ dist/index.mjs        0.73 kB │ gzip: 0.39 kB
#122 157.2 @plane/logger:build: ℹ dist/index.mjs.map    1.68 kB │ gzip: 0.74 kB
#122 157.2 @plane/logger:build: ℹ dist/index.d.mts.map  0.22 kB │ gzip: 0.18 kB
#122 157.2 @plane/logger:build: ℹ dist/index.d.mts      0.42 kB │ gzip: 0.22 kB
#122 157.2 @plane/logger:build: ℹ 4 files, total: 3.05 kB
#122 157.4 @plane/logger:build: ✔ Build complete in 90303ms
#122 ...

#111 [admin installer 6/8] RUN --mount=type=cache,id=pnpm-store,target=/pnpm/store pnpm fetch --store-dir=/pnpm/store
#111 170.0 Progress: resolved 680, reused 678, downloaded 0, added 291
#111 171.0 Progress: resolved 680, reused 678, downloaded 0, added 297
#111 172.0 Progress: resolved 680, reused 678, downloaded 0, added 298
#111 ...

#122 [live installer 12/12] RUN pnpm turbo run build --filter=live
#122 169.2 @plane/hooks:build: ℹ dist/index.js         5.82 kB │ gzip: 1.93 kB
#122 169.2 @plane/hooks:build: ℹ dist/index.js.map    11.13 kB │ gzip: 3.57 kB
#122 169.2 @plane/hooks:build: ℹ dist/index.d.ts.map   0.66 kB │ gzip: 0.39 kB
#122 169.2 @plane/hooks:build: ℹ dist/index.d.ts       2.00 kB │ gzip: 0.80 kB
#122 169.2 @plane/hooks:build: ℹ 4 files, total: 19.61 kB
#122 169.2 @plane/hooks:build: ✔ Build complete in 100462ms
#122 ...

#111 [admin installer 6/8] RUN --mount=type=cache,id=pnpm-store,target=/pnpm/store pnpm fetch --store-dir=/pnpm/store
#111 179.1 Progress: resolved 680, reused 678, downloaded 0, added 299
#111 180.1 Progress: resolved 680, reused 678, downloaded 0, added 303
#111 ...

#132 [web installer 12/12] RUN pnpm turbo run build --filter=web --force     && printf '%s\n' "689983cc069ff04626b5ee9bb76b507f1c85a285c94e38e4a3cb6c7ad4654290" > /app/apps/web/build/client/deployment-source.txt
#132 154.7 @plane/hooks:build: ℹ dist/index.js         5.82 kB │ gzip: 1.93 kB
#132 154.7 @plane/hooks:build: ℹ dist/index.js.map    11.13 kB │ gzip: 3.57 kB
#132 154.8 @plane/hooks:build: ℹ dist/index.d.ts.map   0.66 kB │ gzip: 0.39 kB
#132 154.8 @plane/hooks:build: ℹ dist/index.d.ts       2.00 kB │ gzip: 0.80 kB
#132 154.8 @plane/hooks:build: ℹ 4 files, total: 19.61 kB
#132 154.8 @plane/hooks:build: ✔ Build complete in 87456ms
#132 164.6 @plane/types:build: ℹ dist/index.mjs         16.83 kB │ gzip:  3.68 kB
#132 164.6 @plane/types:build: ℹ dist/index.d.mts.map   89.23 kB │ gzip: 29.36 kB
#132 164.6 @plane/types:build: ℹ dist/index.mjs.map     65.52 kB │ gzip: 13.53 kB
#132 164.6 @plane/types:build: ℹ dist/index.d.mts      146.98 kB │ gzip: 28.71 kB
#132 164.6 @plane/types:build: ℹ 4 files, total: 318.56 kB
#132 164.7 @plane/types:build: ✔ Build complete in 97904ms
#132 ...

#102 [space installer 8/8] RUN pnpm turbo run build --filter=space
#102 178.8 @plane/constants:build: [34mℹ[39m [2mdist/[22m[1mindex.mjs[22m        [2m108.95 kB[22m [2m│ gzip: 21.94 kB[22m
#102 178.8 @plane/constants:build: [34mℹ[39m [2mdist/[22mindex.mjs.map    [2m176.20 kB[22m [2m│ gzip: 30.67 kB[22m
#102 178.8 @plane/constants:build: [34mℹ[39m [2mdist/[22mindex.d.mts.map  [2m 24.27 kB[22m [2m│ gzip:  8.83 kB[22m
#102 178.8 @plane/constants:build: [34mℹ[39m [2mdist/[22m[32m[1mindex.d.mts[22m[39m      [2m 52.02 kB[22m [2m│ gzip: 11.44 kB[22m
#102 178.8 @plane/constants:build: [34mℹ[39m 4 files, total: 361.44 kB
#102 178.9 @plane/constants:build: [32m✔[39m Build complete in [32m36166ms[39m
#102 179.3 @plane/services:build: cache miss, executing 0f57649255d0e28a
#102 179.4 @plane/utils:build: cache miss, executing 48c3c319ab8982dc
#102 ...

#132 [web installer 12/12] RUN pnpm turbo run build --filter=web --force     && printf '%s\n' "689983cc069ff04626b5ee9bb76b507f1c85a285c94e38e4a3cb6c7ad4654290" > /app/apps/web/build/client/deployment-source.txt
#132 166.9 @plane/constants:build: cache bypass, force executing ba9052764f123943
#132 ...

#122 [live installer 12/12] RUN pnpm turbo run build --filter=live
#122 176.6 @plane/types:build: ℹ dist/index.mjs         16.83 kB │ gzip:  3.68 kB
#122 176.6 @plane/types:build: ℹ dist/index.d.mts.map   89.23 kB │ gzip: 29.36 kB
#122 176.6 @plane/types:build: ℹ dist/index.mjs.map     65.52 kB │ gzip: 13.53 kB
#122 176.6 @plane/types:build: ℹ dist/index.d.mts      146.98 kB │ gzip: 28.71 kB
#122 176.6 @plane/types:build: ℹ 4 files, total: 318.56 kB
#122 176.6 @plane/types:build: ✔ Build complete in 109438ms
#122 177.5 @plane/constants:build: cache miss, executing 0c16c4218c9b9276
#122 182.3 @plane/constants:build: $ tsdown
#122 183.2 @plane/constants:build: ℹ tsdown v0.16.0 powered by rolldown v1.0.0-beta.46
#122 ...

#102 [space installer 8/8] RUN pnpm turbo run build --filter=space
#102 188.8 @plane/utils:build: $ tsdown
#102 190.0 @plane/services:build: $ tsdown
#102 190.5 @plane/utils:build: [34mℹ[39m tsdown [2mv0.16.0[22m powered by rolldown [2mv1.0.0-beta.46[22m
#102 191.8 @plane/services:build: [34mℹ[39m tsdown [2mv0.16.0[22m powered by rolldown [2mv1.0.0-beta.46[22m
#102 192.4 @plane/utils:build: [34mℹ[39m Using tsdown config: [4m/app/packages/utils/tsdown.config.ts[24m
#102 192.5 @plane/utils:build: [34mℹ[39m entry: [34msrc/index.ts[39m
#102 192.5 @plane/utils:build: [34mℹ[39m tsconfig: [34mtsconfig.json[39m
#102 192.5 @plane/utils:build: [34mℹ[39m Build start
#102 ...

#111 [admin installer 6/8] RUN --mount=type=cache,id=pnpm-store,target=/pnpm/store pnpm fetch --store-dir=/pnpm/store
#111 181.1 Progress: resolved 680, reused 678, downloaded 0, added 360
#111 182.1 Progress: resolved 680, reused 678, downloaded 0, added 397
#111 183.5 Progress: resolved 680, reused 678, downloaded 0, added 398
#111 184.5 Progress: resolved 680, reused 678, downloaded 0, added 416
#111 185.5 Progress: resolved 680, reused 678, downloaded 0, added 458
#111 186.5 Progress: resolved 680, reused 678, downloaded 0, added 509
#111 187.5 Progress: resolved 680, reused 678, downloaded 0, added 510
#111 188.5 Progress: resolved 680, reused 678, downloaded 0, added 556
#111 189.5 Progress: resolved 680, reused 678, downloaded 0, added 610
#111 190.5 Progress: resolved 680, reused 678, downloaded 0, added 650
#111 ...

#122 [live installer 12/12] RUN pnpm turbo run build --filter=live
#122 184.2 @plane/constants:build: ℹ Using tsdown config: /app/packages/constants/tsdown.config.ts
#122 184.3 @plane/constants:build: ℹ entry: src/index.ts
#122 184.3 @plane/constants:build: ℹ tsconfig: tsconfig.json
#122 184.3 @plane/constants:build: ℹ Build start
#122 ...

#111 [admin installer 6/8] RUN --mount=type=cache,id=pnpm-store,target=/pnpm/store pnpm fetch --store-dir=/pnpm/store
#111 191.5 Progress: resolved 680, reused 678, downloaded 0, added 669
#111 191.9 Progress: resolved 680, reused 678, downloaded 0, added 680, done
#111 193.2 
#111 DONE 194.4s

#102 [space installer 8/8] RUN pnpm turbo run build --filter=space
#102 193.4 @plane/services:build: [34mℹ[39m Using tsdown config: [4m/app/packages/services/tsdown.config.ts[24m
#102 193.6 @plane/services:build: [34mℹ[39m entry: [34msrc/index.ts[39m
#102 193.6 @plane/services:build: [34mℹ[39m tsconfig: [34mtsconfig.json[39m
#102 193.6 @plane/services:build: [34mℹ[39m Build start
#102 ...

#132 [web installer 12/12] RUN pnpm turbo run build --filter=web --force     && printf '%s\n' "689983cc069ff04626b5ee9bb76b507f1c85a285c94e38e4a3cb6c7ad4654290" > /app/apps/web/build/client/deployment-source.txt
#132 181.0 @plane/constants:build: $ tsdown
#132 184.2 @plane/constants:build: ℹ tsdown v0.16.0 powered by rolldown v1.0.0-beta.46
#132 184.6 @plane/i18n:build: ℹ dist/index.js          5.66 kB │ gzip:  2.15 kB
#132 184.7 @plane/i18n:build: ℹ dist/index.d.ts.map   43.17 kB │ gzip:  5.39 kB
#132 184.7 @plane/i18n:build: ℹ dist/index.js.map     12.36 kB │ gzip:  4.16 kB
#132 184.7 @plane/i18n:build: ℹ dist/index.d.ts      176.39 kB │ gzip: 23.79 kB
#132 184.7 @plane/i18n:build: ℹ 4 files, total: 237.59 kB
#132 184.7 @plane/i18n:build: ✔ Build complete in 74019ms
#132 187.0 @plane/constants:build: ℹ Using tsdown config: /app/packages/constants/tsdown.config.ts
#132 187.2 @plane/constants:build: ℹ entry: src/index.ts
#132 187.2 @plane/constants:build: ℹ tsconfig: tsconfig.json
#132 187.2 @plane/constants:build: ℹ Build start
#132 ...

#133 [admin installer 7/8] RUN --mount=type=cache,id=pnpm-store,target=/pnpm/store CI=true pnpm install --offline --frozen-lockfile --store-dir=/pnpm/store --prod=false
#133 12.06 Scope: all 9 workspace projects
#133 13.33 ✓ Lockfile passes supply-chain policies (verified 2m ago)
#133 13.38 Lockfile is up to date, resolution step is skipped
#133 15.09 Already up to date
#133 24.79 
#133 24.79 devDependencies:
#133 24.79 + husky 9.1.7
#133 24.79 + lint-staged 16.2.7
#133 24.79 + oxfmt 0.35.0
#133 24.79 + oxlint 1.51.0
#133 24.79 + react-doctor 0.4.2
#133 24.79 + turbo 2.10.11
#133 24.79 
#133 24.91 . prepare$ husky
#133 25.42 . prepare: .git can't be found
#133 25.42 . prepare: Done
#133 26.39 Done in 20.1s using pnpm v11.10.0
#133 ...

#122 [live installer 12/12] RUN pnpm turbo run build --filter=live
#122 216.4 @plane/constants:build: ℹ dist/index.mjs        108.95 kB │ gzip: 21.94 kB
#122 ...

#133 [admin installer 7/8] RUN --mount=type=cache,id=pnpm-store,target=/pnpm/store CI=true pnpm install --offline --frozen-lockfile --store-dir=/pnpm/store --prod=false
#133 DONE 26.8s

#122 [live installer 12/12] RUN pnpm turbo run build --filter=live
#122 216.4 @plane/constants:build: ℹ dist/index.mjs.map    176.20 kB │ gzip: 30.67 kB
#122 216.4 @plane/constants:build: ℹ dist/index.d.mts.map   24.27 kB │ gzip:  8.83 kB
#122 216.4 @plane/constants:build: ℹ dist/index.d.mts       52.02 kB │ gzip: 11.44 kB
#122 216.4 @plane/constants:build: ℹ 4 files, total: 361.43 kB
#122 216.5 @plane/constants:build: ✔ Build complete in 32101ms
#122 216.8 @plane/utils:build: cache miss, executing 28aeb2e06d35887d
#122 222.3 @plane/utils:build: $ tsdown
#122 223.1 @plane/utils:build: ℹ tsdown v0.16.0 powered by rolldown v1.0.0-beta.46
#122 224.2 @plane/utils:build: ℹ Using tsdown config: /app/packages/utils/tsdown.config.ts
#122 224.3 @plane/utils:build: ℹ entry: src/index.ts
#122 224.3 @plane/utils:build: ℹ tsconfig: tsconfig.json
#122 224.3 @plane/utils:build: ℹ Build start
#122 ...

#134 [admin installer 8/8] RUN pnpm turbo run build --filter=admin
#134 8.340 
#134 8.340    • Packages in scope: admin
#134 8.340    • Running build in 1 packages
#134 8.340    • Remote caching disabled
#134 8.341 
#134 8.984 @plane/hooks:build: cache miss, executing d0aef673d47062f7
#134 8.985 @plane/types:build: cache miss, executing 388d4d0f142f4549
#134 ...

#132 [web installer 12/12] RUN pnpm turbo run build --filter=web --force     && printf '%s\n' "689983cc069ff04626b5ee9bb76b507f1c85a285c94e38e4a3cb6c7ad4654290" > /app/apps/web/build/client/deployment-source.txt
#132 218.8 @plane/constants:build: ℹ dist/index.mjs        108.95 kB │ gzip: 21.94 kB
#132 218.8 @plane/constants:build: ℹ dist/index.mjs.map    176.20 kB │ gzip: 30.67 kB
#132 218.8 @plane/constants:build: ℹ dist/index.d.mts.map   24.27 kB │ gzip:  8.83 kB
#132 218.8 @plane/constants:build: ℹ dist/index.d.mts       52.02 kB │ gzip: 11.44 kB
#132 218.8 @plane/constants:build: ℹ 4 files, total: 361.43 kB
#132 218.8 @plane/constants:build: ✔ Build complete in 31591ms
#132 219.1 @plane/utils:build: cache bypass, force executing d4486b48b50498f5
#132 219.2 @plane/services:build: cache bypass, force executing a860ddc49c6fe574
#132 ...

#134 [admin installer 8/8] RUN pnpm turbo run build --filter=admin
#134 18.96 @plane/types:build: $ tsdown
#134 19.00 @plane/hooks:build: $ tsdown
#134 20.56 @plane/types:build: [34mℹ[39m tsdown [2mv0.16.0[22m powered by rolldown [2mv1.0.0-beta.46[22m
#134 20.57 @plane/hooks:build: [34mℹ[39m tsdown [2mv0.16.0[22m powered by rolldown [2mv1.0.0-beta.46[22m
#134 22.43 @plane/hooks:build: [34mℹ[39m Using tsdown config: [4m/app/packages/hooks/tsdown.config.ts[24m
#134 22.47 @plane/types:build: [34mℹ[39m Using tsdown config: [4m/app/packages/types/tsdown.config.ts[24m
#134 22.56 @plane/hooks:build: [34mℹ[39m entry: [34msrc/index.ts[39m
#134 22.56 @plane/types:build: [34mℹ[39m entry: [34msrc/index.ts[39m
#134 22.58 @plane/hooks:build: [34mℹ[39m tsconfig: [34mtsconfig.json[39m
#134 22.58 @plane/hooks:build: [34mℹ[39m Build start
#134 22.58 @plane/types:build: [34mℹ[39m tsconfig: [34mtsconfig.json[39m
#134 22.58 @plane/types:build: [34mℹ[39m Build start
#134 ...

#132 [web installer 12/12] RUN pnpm turbo run build --filter=web --force     && printf '%s\n' "689983cc069ff04626b5ee9bb76b507f1c85a285c94e38e4a3cb6c7ad4654290" > /app/apps/web/build/client/deployment-source.txt
#132 229.5 @plane/services:build: $ tsdown
#132 229.7 @plane/utils:build: $ tsdown
#132 231.2 @plane/services:build: ℹ tsdown v0.16.0 powered by rolldown v1.0.0-beta.46
#132 231.3 @plane/utils:build: ℹ tsdown v0.16.0 powered by rolldown v1.0.0-beta.46
#132 232.4 @plane/services:build: ℹ Using tsdown config: /app/packages/services/tsdown.config.ts
#132 232.4 @plane/services:build: ℹ entry: src/index.ts
#132 232.4 @plane/services:build: ℹ tsconfig: tsconfig.json
#132 232.4 @plane/services:build: ℹ Build start
#132 233.3 @plane/utils:build: ℹ Using tsdown config: /app/packages/utils/tsdown.config.ts
#132 ...

#102 [space installer 8/8] RUN pnpm turbo run build --filter=space
#102 240.8 @plane/services:build: [34mℹ[39m [2mdist/[22m[1mindex.js[22m        [2m 97.92 kB[22m [2m│ gzip: 11.24 kB[22m
#102 240.8 @plane/services:build: [34mℹ[39m [2mdist/[22mindex.js.map    [2m154.04 kB[22m [2m│ gzip: 17.93 kB[22m
#102 240.8 @plane/services:build: [34mℹ[39m [2mdist/[22mindex.d.ts.map  [2m 21.01 kB[22m [2m│ gzip:  5.70 kB[22m
#102 240.8 @plane/services:build: [34mℹ[39m [2mdist/[22m[32m[1mindex.d.ts[22m[39m      [2m 70.26 kB[22m [2m│ gzip:  9.05 kB[22m
#102 240.8 @plane/services:build: [34mℹ[39m 4 files, total: 343.23 kB
#102 240.9 @plane/services:build: [32m✔[39m Build complete in [32m47269ms[39m
#102 ...

#132 [web installer 12/12] RUN pnpm turbo run build --filter=web --force     && printf '%s\n' "689983cc069ff04626b5ee9bb76b507f1c85a285c94e38e4a3cb6c7ad4654290" > /app/apps/web/build/client/deployment-source.txt
#132 233.4 @plane/utils:build: ℹ entry: src/index.ts
#132 233.4 @plane/utils:build: ℹ tsconfig: tsconfig.json
#132 233.4 @plane/utils:build: ℹ Build start
#132 ...

#102 [space installer 8/8] RUN pnpm turbo run build --filter=space
#102 279.0 @plane/utils:build: [34mℹ[39m [2mdist/[22m[1mindex.js[22m        [2m219.53 kB[22m [2m│ gzip: 55.06 kB[22m
#102 279.0 @plane/utils:build: [34mℹ[39m [2mdist/[22mindex.js.map    [2m398.93 kB[22m [2m│ gzip: 88.53 kB[22m
#102 279.0 @plane/utils:build: [34mℹ[39m [2mdist/[22mindex.d.ts.map  [2m 43.34 kB[22m [2m│ gzip: 14.46 kB[22m
#102 279.0 @plane/utils:build: [34mℹ[39m [2mdist/[22m[32m[1mindex.d.ts[22m[39m      [2m117.11 kB[22m [2m│ gzip: 27.19 kB[22m
#102 279.0 @plane/utils:build: [34mℹ[39m 4 files, total: 778.91 kB
#102 279.0 @plane/utils:build: [32m✔[39m Build complete in [32m86500ms[39m
#102 279.8 @plane/propel:build: cache miss, executing cbbcb1c0cb6ad25c
#102 284.8 @plane/propel:build: $ tsdown
#102 286.0 @plane/propel:build: [34mℹ[39m tsdown [2mv0.16.0[22m powered by rolldown [2mv1.0.0-beta.46[22m
#102 287.1 @plane/propel:build: [34mℹ[39m Using tsdown config: [4m/app/packages/propel/tsdown.config.ts[24m
#102 287.5 @plane/propel:build: [34mℹ[39m entry: [34msrc/accordion/index.ts, src/animated-counter/index.ts, src/avatar/index.ts, src/badge/index.ts, src/banner/index.ts, src/calendar/index.ts, src/button/index.ts, src/card/index.ts, src/collapsible/index.ts, src/command/index.ts, src/context-menu/index.ts, src/combobox/index.ts, src/dialog/index.ts, src/emoji-reaction/index.ts, src/emoji-icon-picker/index.ts, src/empty-state/index.ts, src/icon-button/index.ts, src/menu/index.ts, src/icons/index.ts, src/input/index.ts, src/pill/index.ts, src/popover/index.ts, src/portal/index.ts, src/scrollarea/index.ts, src/skeleton/index.ts, src/spinners/index.ts, src/tab-navigation/index.ts, src/switch/index.ts, src/tabs/index.ts, src/table/index.ts, src/toolbar/index.ts, src/tooltip/index.ts, src/utils/index.ts, src/toast/index.ts, src/charts/area-chart/index.ts, src/charts/bar-chart/index.ts, src/charts/line-chart/index.ts, src/charts/pie-chart/index.ts, src/charts/radar-chart/index.ts, src/charts/scatter-chart/index.ts, src/charts/tree-map/index.ts[39m
#102 287.5 @plane/propel:build: [34mℹ[39m tsconfig: [34mtsconfig.json[39m
#102 287.5 @plane/propel:build: [34mℹ[39m Build start
#102 ...

#122 [live installer 12/12] RUN pnpm turbo run build --filter=live
#122 284.4 @plane/utils:build: ℹ dist/index.js        219.53 kB │ gzip: 55.06 kB
#122 284.4 @plane/utils:build: ℹ dist/index.js.map    398.93 kB │ gzip: 88.53 kB
#122 284.4 @plane/utils:build: ℹ dist/index.d.ts.map   43.34 kB │ gzip: 14.46 kB
#122 284.4 @plane/utils:build: ℹ dist/index.d.ts      117.11 kB │ gzip: 27.19 kB
#122 284.4 @plane/utils:build: ℹ 4 files, total: 778.91 kB
#122 284.4 @plane/utils:build: ✔ Build complete in 60054ms
#122 284.8 @plane/propel:build: cache miss, executing c53ccdc103c8c2a3
#122 290.5 @plane/propel:build: $ tsdown
#122 ...

#134 [admin installer 8/8] RUN pnpm turbo run build --filter=admin
#134 74.71 @plane/hooks:build: [34mℹ[39m [2mdist/[22m[1mindex.js[22m        [2m 5.82 kB[22m [2m│ gzip: 1.93 kB[22m
#134 74.74 @plane/hooks:build: [34mℹ[39m [2mdist/[22mindex.js.map    [2m11.13 kB[22m [2m│ gzip: 3.57 kB[22m
#134 74.74 @plane/hooks:build: [34mℹ[39m [2mdist/[22mindex.d.ts.map  [2m 0.66 kB[22m [2m│ gzip: 0.39 kB[22m
#134 74.75 @plane/hooks:build: [34mℹ[39m [2mdist/[22m[32m[1mindex.d.ts[22m[39m      [2m 2.00 kB[22m [2m│ gzip: 0.80 kB[22m
#134 74.75 @plane/hooks:build: [34mℹ[39m 4 files, total: 19.61 kB
#134 74.81 @plane/hooks:build: [32m✔[39m Build complete in [32m52181ms[39m
#134 80.18 @plane/types:build: [34mℹ[39m [2mdist/[22m[1mindex.mjs[22m        [2m 16.83 kB[22m [2m│ gzip:  3.68 kB[22m
#134 80.18 @plane/types:build: [34mℹ[39m [2mdist/[22mindex.d.mts.map  [2m 89.23 kB[22m [2m│ gzip: 29.36 kB[22m
#134 80.18 @plane/types:build: [34mℹ[39m [2mdist/[22mindex.mjs.map    [2m 65.52 kB[22m [2m│ gzip: 13.53 kB[22m
#134 80.19 @plane/types:build: [34mℹ[39m [2mdist/[22m[32m[1mindex.d.mts[22m[39m      [2m146.98 kB[22m [2m│ gzip: 28.71 kB[22m
#134 80.19 @plane/types:build: [34mℹ[39m 4 files, total: 318.56 kB
#134 80.33 @plane/types:build: [32m✔[39m Build complete in [32m57688ms[39m
#134 81.02 @plane/constants:build: cache miss, executing b2ebb20385299ae6
#134 ...

#132 [web installer 12/12] RUN pnpm turbo run build --filter=web --force     && printf '%s\n' "689983cc069ff04626b5ee9bb76b507f1c85a285c94e38e4a3cb6c7ad4654290" > /app/apps/web/build/client/deployment-source.txt
#132 280.8 @plane/services:build: ℹ dist/index.js         97.92 kB │ gzip: 11.24 kB
#132 280.8 @plane/services:build: ℹ dist/index.js.map    154.04 kB │ gzip: 17.93 kB
#132 280.8 @plane/services:build: ℹ dist/index.d.ts.map   21.01 kB │ gzip:  5.70 kB
#132 280.8 @plane/services:build: ℹ dist/index.d.ts       70.26 kB │ gzip:  9.05 kB
#132 280.8 @plane/services:build: ℹ 4 files, total: 343.23 kB
#132 280.8 @plane/services:build: ✔ Build complete in 48373ms
#132 ...

#122 [live installer 12/12] RUN pnpm turbo run build --filter=live
#122 291.9 @plane/propel:build: ℹ tsdown v0.16.0 powered by rolldown v1.0.0-beta.46
#122 293.3 @plane/propel:build: ℹ Using tsdown config: /app/packages/propel/tsdown.config.ts
#122 293.7 @plane/propel:build: ℹ entry: src/accordion/index.ts, src/animated-counter/index.ts, src/avatar/index.ts, src/badge/index.ts, src/banner/index.ts, src/button/index.ts, src/calendar/index.ts, src/card/index.ts, src/command/index.ts, src/combobox/index.ts, src/collapsible/index.ts, src/context-menu/index.ts, src/dialog/index.ts, src/emoji-icon-picker/index.ts, src/emoji-reaction/index.ts, src/empty-state/index.ts, src/icon-button/index.ts, src/icons/index.ts, src/input/index.ts, src/pill/index.ts, src/menu/index.ts, src/popover/index.ts, src/portal/index.ts, src/scrollarea/index.ts, src/spinners/index.ts, src/skeleton/index.ts, src/switch/index.ts, src/table/index.ts, src/tab-navigation/index.ts, src/tabs/index.ts, src/toast/index.ts, src/toolbar/index.ts, src/tooltip/index.ts, src/utils/index.ts, src/charts/area-chart/index.ts, src/charts/bar-chart/index.ts, src/charts/line-chart/index.ts, src/charts/pie-chart/index.ts, src/charts/scatter-chart/index.ts, src/charts/radar-chart/index.ts, src/charts/tree-map/index.ts
#122 293.7 @plane/propel:build: ℹ tsconfig: tsconfig.json
#122 293.7 @plane/propel:build: ℹ Build start
#122 ...

#134 [admin installer 8/8] RUN pnpm turbo run build --filter=admin
#134 85.67 @plane/constants:build: $ tsdown
#134 86.34 @plane/constants:build: [34mℹ[39m tsdown [2mv0.16.0[22m powered by rolldown [2mv1.0.0-beta.46[22m
#134 87.16 @plane/constants:build: [34mℹ[39m Using tsdown config: [4m/app/packages/constants/tsdown.config.ts[24m
#134 87.22 @plane/constants:build: [34mℹ[39m entry: [34msrc/index.ts[39m
#134 87.23 @plane/constants:build: [34mℹ[39m tsconfig: [34mtsconfig.json[39m
#134 87.24 @plane/constants:build: [34mℹ[39m Build start
#134 ...

#132 [web installer 12/12] RUN pnpm turbo run build --filter=web --force     && printf '%s\n' "689983cc069ff04626b5ee9bb76b507f1c85a285c94e38e4a3cb6c7ad4654290" > /app/apps/web/build/client/deployment-source.txt
#132 315.3 @plane/utils:build: ℹ dist/index.js        219.53 kB │ gzip: 55.06 kB
#132 315.3 @plane/utils:build: ℹ dist/index.js.map    398.93 kB │ gzip: 88.53 kB
#132 315.3 @plane/utils:build: ℹ dist/index.d.ts.map   43.34 kB │ gzip: 14.46 kB
#132 315.3 @plane/utils:build: ℹ dist/index.d.ts      117.11 kB │ gzip: 27.19 kB
#132 315.3 @plane/utils:build: ℹ 4 files, total: 778.91 kB
#132 315.3 @plane/utils:build: ✔ Build complete in 81851ms
#132 315.7 @plane/propel:build: cache bypass, force executing efc39d1daaa95f11
#132 315.7 @plane/shared-state:build: cache bypass, force executing 12c632447996797b
#132 ...

#134 [admin installer 8/8] RUN pnpm turbo run build --filter=admin
#134 114.4 @plane/constants:build: [34mℹ[39m [2mdist/[22m[1mindex.mjs[22m        [2m108.95 kB[22m [2m│ gzip: 21.94 kB[22m
#134 114.4 @plane/constants:build: [34mℹ[39m [2mdist/[22mindex.mjs.map    [2m176.20 kB[22m [2m│ gzip: 30.67 kB[22m
#134 114.4 @plane/constants:build: [34mℹ[39m [2mdist/[22mindex.d.mts.map  [2m 24.27 kB[22m [2m│ gzip:  8.83 kB[22m
#134 114.4 @plane/constants:build: [34mℹ[39m [2mdist/[22m[32m[1mindex.d.mts[22m[39m      [2m 52.02 kB[22m [2m│ gzip: 11.44 kB[22m
#134 114.4 @plane/constants:build: [34mℹ[39m 4 files, total: 361.43 kB
#134 114.4 @plane/constants:build: [32m✔[39m Build complete in [32m27148ms[39m
#134 114.7 @plane/utils:build: cache miss, executing 48c3c319ab8982dc
#134 114.7 @plane/services:build: cache miss, executing 0f57649255d0e28a
#134 ...

#132 [web installer 12/12] RUN pnpm turbo run build --filter=web --force     && printf '%s\n' "689983cc069ff04626b5ee9bb76b507f1c85a285c94e38e4a3cb6c7ad4654290" > /app/apps/web/build/client/deployment-source.txt
#132 323.6 @plane/shared-state:build: $ tsdown
#132 325.2 @plane/shared-state:build: ℹ tsdown v0.16.0 powered by rolldown v1.0.0-beta.46
#132 326.8 @plane/propel:build: $ tsdown
#132 327.0 @plane/shared-state:build: ℹ Using tsdown config: /app/packages/shared-state/tsdown.config.ts
#132 327.1 @plane/shared-state:build: ℹ entry: src/index.ts
#132 327.1 @plane/shared-state:build: ℹ tsconfig: tsconfig.json
#132 327.1 @plane/shared-state:build: ℹ Build start
#132 328.6 @plane/propel:build: ℹ tsdown v0.16.0 powered by rolldown v1.0.0-beta.46
#132 330.2 @plane/propel:build: ℹ Using tsdown config: /app/packages/propel/tsdown.config.ts
#132 ...

#134 [admin installer 8/8] RUN pnpm turbo run build --filter=admin
#134 124.8 @plane/utils:build: $ tsdown
#134 125.2 @plane/services:build: $ tsdown
#134 126.4 @plane/utils:build: [34mℹ[39m tsdown [2mv0.16.0[22m powered by rolldown [2mv1.0.0-beta.46[22m
#134 126.9 @plane/services:build: [34mℹ[39m tsdown [2mv0.16.0[22m powered by rolldown [2mv1.0.0-beta.46[22m
#134 128.0 @plane/utils:build: [34mℹ[39m Using tsdown config: [4m/app/packages/utils/tsdown.config.ts[24m
#134 128.2 @plane/utils:build: [34mℹ[39m entry: [34msrc/index.ts[39m
#134 128.2 @plane/utils:build: [34mℹ[39m tsconfig: [34mtsconfig.json[39m
#134 128.2 @plane/utils:build: [34mℹ[39m Build start
#134 128.6 @plane/services:build: [34mℹ[39m Using tsdown config: [4m/app/packages/services/tsdown.config.ts[24m
#134 128.9 @plane/services:build: [34mℹ[39m entry: [34msrc/index.ts[39m
#134 128.9 @plane/services:build: [34mℹ[39m tsconfig: [34mtsconfig.json[39m
#134 128.9 @plane/services:build: [34mℹ[39m Build start
#134 ...

#132 [web installer 12/12] RUN pnpm turbo run build --filter=web --force     && printf '%s\n' "689983cc069ff04626b5ee9bb76b507f1c85a285c94e38e4a3cb6c7ad4654290" > /app/apps/web/build/client/deployment-source.txt
#132 331.0 @plane/propel:build: ℹ entry: src/animated-counter/index.ts, src/accordion/index.ts, src/badge/index.ts, src/avatar/index.ts, src/button/index.ts, src/calendar/index.ts, src/card/index.ts, src/banner/index.ts, src/collapsible/index.ts, src/combobox/index.ts, src/context-menu/index.ts, src/command/index.ts, src/dialog/index.ts, src/empty-state/index.ts, src/emoji-reaction/index.ts, src/emoji-icon-picker/index.ts, src/icon-button/index.ts, src/input/index.ts, src/icons/index.ts, src/menu/index.ts, src/pill/index.ts, src/popover/index.ts, src/portal/index.ts, src/scrollarea/index.ts, src/skeleton/index.ts, src/table/index.ts, src/tab-navigation/index.ts, src/toast/index.ts, src/switch/index.ts, src/spinners/index.ts, src/toolbar/index.ts, src/tabs/index.ts, src/tooltip/index.ts, src/utils/index.ts, src/charts/area-chart/index.ts, src/charts/pie-chart/index.ts, src/charts/radar-chart/index.ts, src/charts/line-chart/index.ts, src/charts/bar-chart/index.ts, src/charts/scatter-chart/index.ts, src/charts/tree-map/index.ts
#132 331.0 @plane/propel:build: ℹ tsconfig: tsconfig.json
#132 331.0 @plane/propel:build: ℹ Build start
#132 ...

#102 [space installer 8/8] RUN pnpm turbo run build --filter=space
#102 368.2 @plane/propel:build: [34mℹ[39m [2mdist/[22m[1mempty-state/index.js[22m                  [2m749.12 kB[22m [2m│ gzip: 213.69 kB[22m
#102 368.2 @plane/propel:build: [34mℹ[39m [2mdist/[22m[1mcharts/bar-chart/index.js[22m             [2m  9.75 kB[22m [2m│ gzip:   3.19 kB[22m
#102 368.2 @plane/propel:build: [34mℹ[39m [2mdist/[22m[1mcharts/tree-map/index.js[22m              [2m  9.39 kB[22m [2m│ gzip:   2.77 kB[22m
#102 368.2 @plane/propel:build: [34mℹ[39m [2mdist/[22m[1mtoast/index.js[22m                        [2m  9.08 kB[22m [2m│ gzip:   2.30 kB[22m
#102 368.2 @plane/propel:build: [34mℹ[39m [2mdist/[22m[1mportal/index.js[22m                       [2m  6.41 kB[22m [2m│ gzip:   2.15 kB[22m
#102 368.2 @plane/propel:build: [34mℹ[39m [2mdist/[22m[1mcharts/pie-chart/index.js[22m             [2m  6.25 kB[22m [2m│ gzip:   2.03 kB[22m
#102 368.2 @plane/propel:build: [34mℹ[39m [2mdist/[22m[1micons/index.js[22m                        [2m  6.18 kB[22m [2m│ gzip:   1.86 kB[22m
#102 368.2 @plane/propel:build: [34mℹ[39m [2mdist/[22m[1mmenu/index.js[22m                         [2m  5.60 kB[22m [2m│ gzip:   1.87 kB[22m
#102 368.2 @plane/propel:build: [34mℹ[39m [2mdist/[22m[1memoji-reaction/index.js[22m               [2m  5.57 kB[22m [2m│ gzip:   1.93 kB[22m
#102 368.2 @plane/propel:build: [34mℹ[39m [2mdist/[22m[1mcharts/area-chart/index.js[22m            [2m  5.21 kB[22m [2m│ gzip:   1.92 kB[22m
#102 368.2 @plane/propel:build: [34mℹ[39m [2mdist/[22m[1mcombobox/index.js[22m                     [2m  4.83 kB[22m [2m│ gzip:   1.74 kB[22m
#102 368.2 @plane/propel:build: [34mℹ[39m [2mdist/[22m[1mcharts/line-chart/index.js[22m            [2m  4.50 kB[22m [2m│ gzip:   1.69 kB[22m
#102 368.2 @plane/propel:build: [34mℹ[39m [2mdist/[22m[1mcharts/scatter-chart/index.js[22m         [2m  4.24 kB[22m [2m│ gzip:   1.56 kB[22m
#102 368.2 @plane/propel:build: [34mℹ[39m [2mdist/[22m[1mtoolbar/index.js[22m                      [2m  4.05 kB[22m [2m│ gzip:   1.43 kB[22m
#102 368.2 @plane/propel:build: [34mℹ[39m [2mdist/[22m[1mcontext-menu/index.js[22m                 [2m  3.68 kB[22m [2m│ gzip:   1.14 kB[22m
#102 368.2 @plane/propel:build: [34mℹ[39m [2mdist/[22m[1mbanner/index.js[22m                       [2m  3.43 kB[22m [2m│ gzip:   1.34 kB[22m
#102 368.2 @plane/propel:build: [34mℹ[39m [2mdist/[22m[1mdialog/index.js[22m                       [2m  3.33 kB[22m [2m│ gzip:   1.13 kB[22m
#102 368.2 @plane/propel:build: [34mℹ[39m [2mdist/[22m[1mscrollarea/index.js[22m                   [2m  2.96 kB[22m [2m│ gzip:   1.08 kB[22m
#102 368.2 @plane/propel:build: [34mℹ[39m [2mdist/[22m[1mtabs/index.js[22m                         [2m  2.87 kB[22m [2m│ gzip:   1.13 kB[22m
#102 368.2 @plane/propel:build: [34mℹ[39m [2mdist/[22m[1mcharts/radar-chart/index.js[22m           [2m  2.83 kB[22m [2m│ gzip:   1.19 kB[22m
#102 368.2 @plane/propel:build: [34mℹ[39m [2mdist/[22m[1mtable/index.js[22m                        [2m  2.72 kB[22m [2m│ gzip:   0.84 kB[22m
#102 368.2 @plane/propel:build: [34mℹ[39m [2mdist/[22m[1mavatar/index.js[22m                       [2m  2.69 kB[22m [2m│ gzip:   1.02 kB[22m
#102 368.2 @plane/propel:build: [34mℹ[39m [2mdist/[22m[1mpill/index.js[22m                         [2m  2.37 kB[22m [2m│ gzip:   1.02 kB[22m
#102 368.2 @plane/propel:build: [34mℹ[39m [2mdist/[22m[1mcollapsible/index.js[22m                  [2m  2.17 kB[22m [2m│ gzip:   0.91 kB[22m
#102 368.2 @plane/propel:build: [34mℹ[39m [2mdist/[22m[1mbadge/index.js[22m                        [2m  2.12 kB[22m [2m│ gzip:   0.97 kB[22m
#102 368.2 @plane/propel:build: [34mℹ[39m [2mdist/[22m[1maccordion/index.js[22m                    [2m  1.96 kB[22m [2m│ gzip:   0.74 kB[22m
#102 368.2 @plane/propel:build: [34mℹ[39m [2mdist/[22m[1mtab-navigation/index.js[22m               [2m  1.90 kB[22m [2m│ gzip:   0.80 kB[22m
#102 368.2 @plane/propel:build: [34mℹ[39m [2mdist/[22m[1mspinners/index.js[22m                     [2m  1.89 kB[22m [2m│ gzip:   1.00 kB[22m
#102 368.2 @plane/propel:build: [34mℹ[39m [2mdist/[22m[1mcommand/index.js[22m                      [2m  1.48 kB[22m [2m│ gzip:   0.58 kB[22m
#102 368.2 @plane/propel:build: [34mℹ[39m [2mdist/[22m[1mswitch/index.js[22m                       [2m  1.46 kB[22m [2m│ gzip:   0.71 kB[22m
#102 368.2 @plane/propel:build: [34mℹ[39m [2mdist/[22m[1minput/index.js[22m                        [2m  1.42 kB[22m [2m│ gzip:   0.77 kB[22m
#102 368.2 @plane/propel:build: [34mℹ[39m [2mdist/[22m[1mcalendar/index.js[22m                     [2m  1.16 kB[22m [2m│ gzip:   0.59 kB[22m
#102 368.2 @plane/propel:build: [34mℹ[39m [2mdist/[22m[1mskeleton/index.js[22m                     [2m  0.92 kB[22m [2m│ gzip:   0.46 kB[22m
#102 368.2 @plane/propel:build: [34mℹ[39m [2mdist/[22m[1memoji-icon-picker/index.js[22m            [2m  0.71 kB[22m [2m│ gzip:   0.35 kB[22m
#102 368.2 @plane/propel:build: [34mℹ[39m [2mdist/[22m[1mutils/index.js[22m                        [2m  0.25 kB[22m [2m│ gzip:   0.17 kB[22m
#102 368.2 @plane/propel:build: [34mℹ[39m [2mdist/[22m[1micon-button/index.js[22m                  [2m  0.23 kB[22m [2m│ gzip:   0.17 kB[22m
#102 368.2 @plane/propel:build: [34mℹ[39m [2mdist/[22m[1mbutton/index.js[22m                       [2m  0.21 kB[22m [2m│ gzip:   0.16 kB[22m
#102 368.2 @plane/propel:build: [34mℹ[39m [2mdist/[22m[1mcard/index.js[22m                         [2m  0.20 kB[22m [2m│ gzip:   0.15 kB[22m
#102 368.2 @plane/propel:build: [34mℹ[39m [2mdist/[22m[1manimated-counter/index.js[22m             [2m  0.20 kB[22m [2m│ gzip:   0.15 kB[22m
#102 368.2 @plane/propel:build: [34mℹ[39m [2mdist/[22m[1mtooltip/index.js[22m                      [2m  0.18 kB[22m [2m│ gzip:   0.14 kB[22m
#102 368.2 @plane/propel:build: [34mℹ[39m [2mdist/[22m[1mpopover/index.js[22m                      [2m  0.11 kB[22m [2m│ gzip:   0.10 kB[22m
#102 368.2 @plane/propel:build: [34mℹ[39m [2mdist/[22mempty-state/index.js.map              [2m859.86 kB[22m [2m│ gzip: 218.29 kB[22m
#102 368.2 @plane/propel:build: [34mℹ[39m [2mdist/[22micons-DWzY_Ct4.js.map                 [2m391.68 kB[22m [2m│ gzip: 100.97 kB[22m
#102 368.2 @plane/propel:build: [34mℹ[39m [2mdist/[22micons-DWzY_Ct4.js                     [2m309.50 kB[22m [2m│ gzip:  94.69 kB[22m
#102 368.2 @plane/propel:build: [34mℹ[39m [2mdist/[22memoji-icon-picker-C-QxDRjq.js.map     [2m 58.16 kB[22m [2m│ gzip:  13.25 kB[22m
#102 368.2 @plane/propel:build: [34mℹ[39m [2mdist/[22memoji-icon-picker-C-QxDRjq.js         [2m 32.67 kB[22m [2m│ gzip:   8.54 kB[22m
#102 368.2 @plane/propel:build: [34mℹ[39m [2mdist/[22mcharts/bar-chart/index.js.map         [2m 18.54 kB[22m [2m│ gzip:   5.83 kB[22m
#102 368.2 @plane/propel:build: [34mℹ[39m [2mdist/[22mindex-BUyOAoiw.d.ts.map               [2m 17.31 kB[22m [2m│ gzip:   3.08 kB[22m
#102 368.2 @plane/propel:build: [34mℹ[39m [2mdist/[22mcharts/tree-map/index.js.map          [2m 16.84 kB[22m [2m│ gzip:   4.95 kB[22m
#102 368.2 @plane/propel:build: [34mℹ[39m [2mdist/[22mtoast/index.js.map                    [2m 14.78 kB[22m [2m│ gzip:   4.07 kB[22m
#102 368.2 @plane/propel:build: [34mℹ[39m [2mdist/[22mcharts/pie-chart/index.js.map         [2m 10.95 kB[22m [2m│ gzip:   3.47 kB[22m
#102 368.2 @plane/propel:build: [34mℹ[39m [2mdist/[22mcombobox/index.js.map                 [2m  9.95 kB[22m [2m│ gzip:   3.34 kB[22m
#102 368.3 @plane/propel:build: [34mℹ[39m [2mdist/[22mcharts/area-chart/index.js.map        [2m  9.79 kB[22m [2m│ gzip:   3.31 kB[22m
#102 368.3 @plane/propel:build: [34mℹ[39m [2mdist/[22memoji-reaction/index.js.map           [2m  9.74 kB[22m [2m│ gzip:   3.24 kB[22m
#102 368.3 @plane/propel:build: [34mℹ[39m [2mdist/[22mempty-state/index.d.ts.map            [2m  9.61 kB[22m [2m│ gzip:   2.39 kB[22m
#102 368.3 @plane/propel:build: [34mℹ[39m [2mdist/[22mportal/index.js.map                   [2m  9.54 kB[22m [2m│ gzip:   3.32 kB[22m
#102 368.3 @plane/propel:build: [34mℹ[39m [2mdist/[22mmenu/index.js.map                     [2m  9.53 kB[22m [2m│ gzip:   3.20 kB[22m
#102 368.3 @plane/propel:build: [34mℹ[39m [2mdist/[22mcharts/line-chart/index.js.map        [2m  8.10 kB[22m [2m│ gzip:   2.75 kB[22m
#102 368.3 @plane/propel:build: [34mℹ[39m [2mdist/[22mcharts/scatter-chart/index.js.map     [2m  7.53 kB[22m [2m│ gzip:   2.53 kB[22m
#102 368.3 @plane/propel:build: [34mℹ[39m [2mdist/[22mtoolbar/index.js.map                  [2m  7.21 kB[22m [2m│ gzip:   2.34 kB[22m
#102 368.3 @plane/propel:build: [34mℹ[39m [2mdist/[22mcontext-menu/index.js.map             [2m  7.16 kB[22m [2m│ gzip:   1.94 kB[22m
#102 368.3 @plane/propel:build: [34mℹ[39m [2mdist/[22mbanner/index.js.map                   [2m  6.96 kB[22m [2m│ gzip:   2.58 kB[22m
#102 368.3 @plane/propel:build: [34mℹ[39m [2mdist/[22mtabs/index.js.map                     [2m  6.21 kB[22m [2m│ gzip:   1.86 kB[22m
#102 368.3 @plane/propel:build: [34mℹ[39m [2mdist/[22mtooltip-2hD27cLV.js.map               [2m  5.98 kB[22m [2m│ gzip:   2.15 kB[22m
#102 368.3 @plane/propel:build: [34mℹ[39m [2mdist/[22mdialog/index.js.map                   [2m  5.75 kB[22m [2m│ gzip:   1.97 kB[22m
#102 368.3 @plane/propel:build: [34mℹ[39m [2mdist/[22mbutton-CjcOirFK.js.map                [2m  5.70 kB[22m [2m│ gzip:   1.99 kB[22m
#102 368.3 @plane/propel:build: [34mℹ[39m [2mdist/[22mavatar/index.js.map                   [2m  5.14 kB[22m [2m│ gzip:   1.78 kB[22m
#102 368.3 @plane/propel:build: [34mℹ[39m [2mdist/[22mcharts/radar-chart/index.js.map       [2m  4.91 kB[22m [2m│ gzip:   1.89 kB[22m
#102 368.3 @plane/propel:build: [34mℹ[39m [2mdist/[22mscrollarea/index.js.map               [2m  4.86 kB[22m [2m│ gzip:   1.64 kB[22m
#102 368.3 @plane/propel:build: [34mℹ[39m [2mdist/[22micon-button-2BUssuti.js.map           [2m  4.86 kB[22m [2m│ gzip:   1.66 kB[22m
#102 368.3 @plane/propel:build: [34mℹ[39m [2mdist/[22mtable/index.js.map                    [2m  4.83 kB[22m [2m│ gzip:   1.32 kB[22m
#102 368.3 @plane/propel:build: [34mℹ[39m [2mdist/[22mpopover-CrZ8wRJs.js.map               [2m  4.12 kB[22m [2m│ gzip:   1.50 kB[22m
#102 368.3 @plane/propel:build: [34mℹ[39m [2mdist/[22mbadge/index.js.map                    [2m  4.08 kB[22m [2m│ gzip:   1.63 kB[22m
#102 368.3 @plane/propel:build: [34mℹ[39m [2mdist/[22manimated-counter-CqtqTlrG.js.map      [2m  3.95 kB[22m [2m│ gzip:   1.52 kB[22m
#102 368.3 @plane/propel:build: [34mℹ[39m [2mdist/[22mcollapsible/index.js.map              [2m  3.95 kB[22m [2m│ gzip:   1.53 kB[22m
#102 368.3 @plane/propel:build: [34mℹ[39m [2mdist/[22mtooltip-CLEkTCyg.js.map               [2m  3.83 kB[22m [2m│ gzip:   1.57 kB[22m
#102 368.3 @plane/propel:build: [34mℹ[39m [2mdist/[22mlegend-HUzGLN3O.js.map                [2m  3.79 kB[22m [2m│ gzip:   1.65 kB[22m
#102 368.3 @plane/propel:build: [34mℹ[39m [2mdist/[22mtooltip-2hD27cLV.js                   [2m  3.75 kB[22m [2m│ gzip:   1.29 kB[22m
#102 368.3 @plane/propel:build: [34mℹ[39m [2mdist/[22maccordion/index.js.map                [2m  3.72 kB[22m [2m│ gzip:   1.34 kB[22m
#102 368.3 @plane/propel:build: [34mℹ[39m [2mdist/[22mpill/index.js.map                     [2m  3.46 kB[22m [2m│ gzip:   1.38 kB[22m
#102 368.3 @plane/propel:build: [34mℹ[39m [2mdist/[22mcard-BJ9a4xMU.js.map                  [2m  3.43 kB[22m [2m│ gzip:   1.35 kB[22m
#102 368.3 @plane/propel:build: [34mℹ[39m [2mdist/[22mbutton-CjcOirFK.js                    [2m  3.31 kB[22m [2m│ gzip:   1.22 kB[22m
#102 368.3 @plane/propel:build: [34mℹ[39m [2mdist/[22mclassname-BokbBhj4.js.map             [2m  3.14 kB[22m [2m│ gzip:   1.30 kB[22m
#102 368.3 @plane/propel:build: [34mℹ[39m [2mdist/[22micon-button-2BUssuti.js               [2m  2.93 kB[22m [2m│ gzip:   1.08 kB[22m
#102 368.3 @plane/propel:build: [34mℹ[39m [2mdist/[22mcircular-bar-spinner-Cp6QEb9r.js.map  [2m  2.86 kB[22m [2m│ gzip:   0.97 kB[22m
#102 368.3 @plane/propel:build: [34mℹ[39m [2mdist/[22mplacement-Db9Qu3XD.js.map             [2m  2.73 kB[22m [2m│ gzip:   0.82 kB[22m
#102 368.3 @plane/propel:build: [34mℹ[39m [2mdist/[22mswitch/index.js.map                   [2m  2.71 kB[22m [2m│ gzip:   1.19 kB[22m
#102 368.3 @plane/propel:build: [34mℹ[39m [2mdist/[22mtab-navigation/index.js.map           [2m  2.65 kB[22m [2m│ gzip:   1.04 kB[22m
#102 368.3 @plane/propel:build: [34mℹ[39m [2mdist/[22mcommand/index.js.map                  [2m  2.48 kB[22m [2m│ gzip:   0.95 kB[22m
#102 368.3 @plane/propel:build: [34mℹ[39m [2mdist/[22mspinners/index.js.map                 [2m  2.42 kB[22m [2m│ gzip:   1.33 kB[22m
#102 368.3 @plane/propel:build: [34mℹ[39m [2mdist/[22minput/index.js.map                    [2m  2.34 kB[22m [2m│ gzip:   1.11 kB[22m
#102 368.3 @plane/propel:build: [34mℹ[39m [2mdist/[22mpopover-CrZ8wRJs.js                   [2m  2.30 kB[22m [2m│ gzip:   0.85 kB[22m
#102 368.3 @plane/propel:build: [34mℹ[39m [2mdist/[22manimated-counter-CqtqTlrG.js          [2m  2.27 kB[22m [2m│ gzip:   0.93 kB[22m
#102 368.3 @plane/propel:build: [34mℹ[39m [2mdist/[22mcard-BJ9a4xMU.js                      [2m  2.13 kB[22m [2m│ gzip:   0.90 kB[22m
#102 368.3 @plane/propel:build: [34mℹ[39m [2mdist/[22mlegend-HUzGLN3O.js                    [2m  2.08 kB[22m [2m│ gzip:   1.03 kB[22m
#102 368.3 @plane/propel:build: [34mℹ[39m [2mdist/[22mcircular-bar-spinner-Cp6QEb9r.js      [2m  2.08 kB[22m [2m│ gzip:   0.60 kB[22m
#102 368.3 @plane/propel:build: [34mℹ[39m [2mdist/[22mtooltip-CLEkTCyg.js                   [2m  2.05 kB[22m [2m│ gzip:   0.96 kB[22m
#102 368.3 @plane/propel:build: [34mℹ[39m [2mdist/[22mcombobox/index.d.ts.map               [2m  1.95 kB[22m [2m│ gzip:   0.65 kB[22m
#102 368.3 @plane/propel:build: [34mℹ[39m [2mdist/[22mcalendar/index.js.map                 [2m  1.94 kB[22m [2m│ gzip:   0.92 kB[22m
#102 368.3 @plane/propel:build: [34mℹ[39m [2mdist/[22memoji-icon-picker/index.d.ts.map      [2m  1.79 kB[22m [2m│ gzip:   0.77 kB[22m
#102 368.3 @plane/propel:build: [34mℹ[39m [2mdist/[22memoji-reaction/index.d.ts.map         [2m  1.71 kB[22m [2m│ gzip:   0.62 kB[22m
#102 368.3 @plane/propel:build: [34mℹ[39m [2mdist/[22mskeleton/index.js.map                 [2m  1.66 kB[22m [2m│ gzip:   0.82 kB[22m
#102 368.3 @plane/propel:build: [34mℹ[39m [2mdist/[22mtable/index.d.ts.map                  [2m  1.61 kB[22m [2m│ gzip:   0.46 kB[22m
#102 368.3 @plane/propel:build: [34mℹ[39m [2mdist/[22mportal/index.d.ts.map                 [2m  1.57 kB[22m [2m│ gzip:   0.64 kB[22m
#102 368.3 @plane/propel:build: [34mℹ[39m [2mdist/[22mclassname-BokbBhj4.js                 [2m  1.47 kB[22m [2m│ gzip:   0.74 kB[22m
#102 368.3 @plane/propel:build: [34mℹ[39m [2mdist/[22mtoast/index.d.ts.map                  [2m  1.46 kB[22m [2m│ gzip:   0.68 kB[22m
#102 368.3 @plane/propel:build: [34mℹ[39m [2mdist/[22mtabs/index.d.ts.map                   [2m  1.42 kB[22m [2m│ gzip:   0.47 kB[22m
#102 368.3 @plane/propel:build: [34mℹ[39m [2mdist/[22maccordion/index.d.ts.map              [2m  1.28 kB[22m [2m│ gzip:   0.49 kB[22m
#102 368.3 @plane/propel:build: [34mℹ[39m [2mdist/[22mplacement-Db9Qu3XD.js                 [2m  1.13 kB[22m [2m│ gzip:   0.36 kB[22m
#102 368.3 @plane/propel:build: [34mℹ[39m [2mdist/[22mbadge/index.d.ts.map                  [2m  1.12 kB[22m [2m│ gzip:   0.43 kB[22m
#102 368.3 @plane/propel:build: [34mℹ[39m [2mdist/[22mdialog/index.d.ts.map                 [2m  1.09 kB[22m [2m│ gzip:   0.50 kB[22m
#102 368.3 @plane/propel:build: [34mℹ[39m [2mdist/[22mmenu/index.d.ts.map                   [2m  1.09 kB[22m [2m│ gzip:   0.47 kB[22m
#102 368.3 @plane/propel:build: [34mℹ[39m [2mdist/[22mtoolbar/index.d.ts.map                [2m  1.00 kB[22m [2m│ gzip:   0.45 kB[22m
#102 368.3 @plane/propel:build: [34mℹ[39m [2mdist/[22mpill/index.d.ts.map                   [2m  0.99 kB[22m [2m│ gzip:   0.45 kB[22m
#102 368.3 @plane/propel:build: [34mℹ[39m [2mdist/[22micon-button/index.d.ts.map            [2m  0.96 kB[22m [2m│ gzip:   0.44 kB[22m
#102 368.3 @plane/propel:build: [34mℹ[39m [2mdist/[22mcollapsible/index.d.ts.map            [2m  0.95 kB[22m [2m│ gzip:   0.44 kB[22m
#102 368.3 @plane/propel:build: [34mℹ[39m [2mdist/[22mcontext-menu/index.d.ts.map           [2m  0.94 kB[22m [2m│ gzip:   0.40 kB[22m
#102 368.3 @plane/propel:build: [34mℹ[39m [2mdist/[22mcommand/index.d.ts.map                [2m  0.93 kB[22m [2m│ gzip:   0.39 kB[22m
#102 368.3 @plane/propel:build: [34mℹ[39m [2mdist/[22mhelper-BXOFdCmF.d.ts.map              [2m  0.76 kB[22m [2m│ gzip:   0.37 kB[22m
#102 368.3 @plane/propel:build: [34mℹ[39m [2mdist/[22mcard/index.d.ts.map                   [2m  0.69 kB[22m [2m│ gzip:   0.38 kB[22m
#102 368.3 @plane/propel:build: [34mℹ[39m [2mdist/[22mskeleton/index.d.ts.map               [2m  0.63 kB[22m [2m│ gzip:   0.31 kB[22m
#102 368.3 @plane/propel:build: [34mℹ[39m [2mdist/[22mscrollarea/index.d.ts.map             [2m  0.60 kB[22m [2m│ gzip:   0.33 kB[22m
#102 368.3 @plane/propel:build: [34mℹ[39m [2mdist/[22mbanner/index.d.ts.map                 [2m  0.59 kB[22m [2m│ gzip:   0.31 kB[22m
#102 368.3 @plane/propel:build: [34mℹ[39m [2mdist/[22mpopover/index.d.ts.map                [2m  0.58 kB[22m [2m│ gzip:   0.32 kB[22m
#102 368.3 @plane/propel:build: [34mℹ[39m [2mdist/[22mspinners/index.d.ts.map               [2m  0.57 kB[22m [2m│ gzip:   0.28 kB[22m
#102 368.3 @plane/propel:build: [34mℹ[39m [2mdist/[22mbutton/index.d.ts.map                 [2m  0.52 kB[22m [2m│ gzip:   0.24 kB[22m
#102 368.3 @plane/propel:build: [34mℹ[39m [2mdist/[22mtab-navigation/index.d.ts.map         [2m  0.52 kB[22m [2m│ gzip:   0.28 kB[22m
#102 368.3 @plane/propel:build: [34mℹ[39m [2mdist/[22mplacement-qJjmdCXt.d.ts.map           [2m  0.49 kB[22m [2m│ gzip:   0.26 kB[22m
#102 368.3 @plane/propel:build: [34mℹ[39m [2mdist/[22mswitch/index.d.ts.map                 [2m  0.48 kB[22m [2m│ gzip:   0.25 kB[22m
#102 368.3 @plane/propel:build: [34mℹ[39m [2mdist/[22mtooltip/index.d.ts.map                [2m  0.40 kB[22m [2m│ gzip:   0.26 kB[22m
#102 368.3 @plane/propel:build: [34mℹ[39m [2mdist/[22manimated-counter/index.d.ts.map       [2m  0.38 kB[22m [2m│ gzip:   0.22 kB[22m
#102 368.3 @plane/propel:build: [34mℹ[39m [2mdist/[22minput/index.d.ts.map                  [2m  0.35 kB[22m [2m│ gzip:   0.21 kB[22m
#102 368.3 @plane/propel:build: [34mℹ[39m [2mdist/[22mavatar/index.d.ts.map                 [2m  0.34 kB[22m [2m│ gzip:   0.22 kB[22m
#102 368.3 @plane/propel:build: [34mℹ[39m [2mdist/[22mcharts/scatter-chart/index.d.ts.map   [2m  0.32 kB[22m [2m│ gzip:   0.20 kB[22m
#102 368.3 @plane/propel:build: [34mℹ[39m [2mdist/[22mcharts/bar-chart/index.d.ts.map       [2m  0.32 kB[22m [2m│ gzip:   0.20 kB[22m
#102 368.3 @plane/propel:build: [34mℹ[39m [2mdist/[22mcharts/pie-chart/index.d.ts.map       [2m  0.32 kB[22m [2m│ gzip:   0.20 kB[22m
#102 368.3 @plane/propel:build: [34mℹ[39m [2mdist/[22mcharts/area-chart/index.d.ts.map      [2m  0.31 kB[22m [2m│ gzip:   0.20 kB[22m
#102 368.3 @plane/propel:build: [34mℹ[39m [2mdist/[22mcharts/line-chart/index.d.ts.map      [2m  0.31 kB[22m [2m│ gzip:   0.20 kB[22m
#102 368.3 @plane/propel:build: [34mℹ[39m [2mdist/[22mcalendar/index.d.ts.map               [2m  0.29 kB[22m [2m│ gzip:   0.21 kB[22m
#102 368.3 @plane/propel:build: [34mℹ[39m [2mdist/[22mcharts/radar-chart/index.d.ts.map     [2m  0.27 kB[22m [2m│ gzip:   0.18 kB[22m
#102 368.3 @plane/propel:build: [34mℹ[39m [2mdist/[22mcharts/tree-map/index.d.ts.map        [2m  0.16 kB[22m [2m│ gzip:   0.14 kB[22m
#102 368.3 @plane/propel:build: [34mℹ[39m [2mdist/[22mutils/index.d.ts.map                  [2m  0.14 kB[22m [2m│ gzip:   0.13 kB[22m
#102 368.3 @plane/propel:build: [34mℹ[39m [2mdist/[22mutils-MPqvUdqq.js                     [2m  0.00 kB[22m [2m│ gzip:   0.02 kB[22m
#102 368.3 @plane/propel:build: [34mℹ[39m [2mdist/[22m[32m[1mempty-state/index.d.ts[22m[39m                [2m 14.64 kB[22m [2m│ gzip:   2.17 kB[22m
#102 368.3 @plane/propel:build: [34mℹ[39m [2mdist/[22m[32m[1micons/index.d.ts[22m[39m                      [2m  6.31 kB[22m [2m│ gzip:   1.89 kB[22m
#102 368.3 @plane/propel:build: [34mℹ[39m [2mdist/[22m[32m[1memoji-icon-picker/index.d.ts[22m[39m          [2m  4.14 kB[22m [2m│ gzip:   1.41 kB[22m
#102 368.3 @plane/propel:build: [34mℹ[39m [2mdist/[22m[32m[1mportal/index.d.ts[22m[39m                     [2m  3.97 kB[22m [2m│ gzip:   1.42 kB[22m
#102 368.3 @plane/propel:build: [34mℹ[39m [2mdist/[22m[32m[1mcombobox/index.d.ts[22m[39m                   [2m  2.23 kB[22m [2m│ gzip:   0.74 kB[22m
#102 368.3 @plane/propel:build: [34mℹ[39m [2mdist/[22m[32m[1memoji-reaction/index.d.ts[22m[39m             [2m  2.20 kB[22m [2m│ gzip:   0.67 kB[22m
#102 368.3 @plane/propel:build: [34mℹ[39m [2mdist/[22m[32m[1mtabs/index.d.ts[22m[39m                       [2m  2.03 kB[22m [2m│ gzip:   0.45 kB[22m
#102 368.3 @plane/propel:build: [34mℹ[39m [2mdist/[22m[32m[1mtable/index.d.ts[22m[39m                      [2m  1.95 kB[22m [2m│ gzip:   0.37 kB[22m
#102 368.3 @plane/propel:build: [34mℹ[39m [2mdist/[22m[32m[1mcontext-menu/index.d.ts[22m[39m               [2m  1.95 kB[22m [2m│ gzip:   0.53 kB[22m
#102 368.3 @plane/propel:build: [34mℹ[39m [2mdist/[22m[32m[1mmenu/index.d.ts[22m[39m                       [2m  1.83 kB[22m [2m│ gzip:   0.74 kB[22m
#102 368.3 @plane/propel:build: [34mℹ[39m [2mdist/[22m[32m[1mtoolbar/index.d.ts[22m[39m                    [2m  1.80 kB[22m [2m│ gzip:   0.54 kB[22m
#102 368.3 @plane/propel:build: [34mℹ[39m [2mdist/[22m[32m[1mtoast/index.d.ts[22m[39m                      [2m  1.79 kB[22m [2m│ gzip:   0.62 kB[22m
#102 368.3 @plane/propel:build: [34mℹ[39m [2mdist/[22m[32m[1mbadge/index.d.ts[22m[39m                      [2m  1.61 kB[22m [2m│ gzip:   0.55 kB[22m
#102 368.3 @plane/propel:build: [34mℹ[39m [2mdist/[22m[32m[1maccordion/index.d.ts[22m[39m                  [2m  1.48 kB[22m [2m│ gzip:   0.45 kB[22m
#102 368.3 @plane/propel:build: [34mℹ[39m [2mdist/[22m[32m[1mdialog/index.d.ts[22m[39m                     [2m  1.38 kB[22m [2m│ gzip:   0.52 kB[22m
#102 368.3 @plane/propel:build: [34mℹ[39m [2mdist/[22m[32m[1mtab-navigation/index.d.ts[22m[39m             [2m  1.27 kB[22m [2m│ gzip:   0.47 kB[22m
#102 368.3 @plane/propel:build: [34mℹ[39m [2mdist/[22m[32m[1micon-button/index.d.ts[22m[39m                [2m  1.26 kB[22m [2m│ gzip:   0.55 kB[22m
#102 368.3 @plane/propel:build: [34mℹ[39m [2mdist/[22m[32m[1mbanner/index.d.ts[22m[39m                     [2m  1.22 kB[22m [2m│ gzip:   0.61 kB[22m
#102 368.3 @plane/propel:build: [34mℹ[39m [2mdist/[22m[32m[1mavatar/index.d.ts[22m[39m                     [2m  1.21 kB[22m [2m│ gzip:   0.53 kB[22m
#102 368.3 @plane/propel:build: [34mℹ[39m [2mdist/[22m[32m[1mcard/index.d.ts[22m[39m                       [2m  1.11 kB[22m [2m│ gzip:   0.56 kB[22m
#102 368.3 @plane/propel:build: [34mℹ[39m [2mdist/[22m[32m[1mpill/index.d.ts[22m[39m                       [2m  1.05 kB[22m [2m│ gzip:   0.52 kB[22m
#102 368.3 @plane/propel:build: [34mℹ[39m [2mdist/[22m[32m[1mbutton/index.d.ts[22m[39m                     [2m  1.05 kB[22m [2m│ gzip:   0.49 kB[22m
#102 368.3 @plane/propel:build: [34mℹ[39m [2mdist/[22m[32m[1mcollapsible/index.d.ts[22m[39m                [2m  0.96 kB[22m [2m│ gzip:   0.39 kB[22m
#102 368.3 @plane/propel:build: [34mℹ[39m [2mdist/[22m[32m[1mcommand/index.d.ts[22m[39m                    [2m  0.95 kB[22m [2m│ gzip:   0.31 kB[22m
#102 368.3 @plane/propel:build: [34mℹ[39m [2mdist/[22m[32m[1mscrollarea/index.d.ts[22m[39m                 [2m  0.90 kB[22m [2m│ gzip:   0.41 kB[22m
#102 368.3 @plane/propel:build: [34mℹ[39m [2mdist/[22m[32m[1mpopover/index.d.ts[22m[39m                    [2m  0.84 kB[22m [2m│ gzip:   0.44 kB[22m
#102 368.3 @plane/propel:build: [34mℹ[39m [2mdist/[22m[32m[1mspinners/index.d.ts[22m[39m                   [2m  0.75 kB[22m [2m│ gzip:   0.30 kB[22m
#102 368.3 @plane/propel:build: [34mℹ[39m [2mdist/[22m[32m[1mskeleton/index.d.ts[22m[39m                   [2m  0.75 kB[22m [2m│ gzip:   0.32 kB[22m
#102 368.3 @plane/propel:build: [34mℹ[39m [2mdist/[22m[32m[1mtooltip/index.d.ts[22m[39m                    [2m  0.68 kB[22m [2m│ gzip:   0.39 kB[22m
#102 368.3 @plane/propel:build: [34mℹ[39m [2mdist/[22m[32m[1manimated-counter/index.d.ts[22m[39m           [2m  0.56 kB[22m [2m│ gzip:   0.36 kB[22m
#102 368.3 @plane/propel:build: [34mℹ[39m [2mdist/[22m[32m[1mswitch/index.d.ts[22m[39m                     [2m  0.52 kB[22m [2m│ gzip:   0.31 kB[22m
#102 368.3 @plane/propel:build: [34mℹ[39m [2mdist/[22m[32m[1mutils/index.d.ts[22m[39m                      [2m  0.45 kB[22m [2m│ gzip:   0.28 kB[22m
#102 368.3 @plane/propel:build: [34mℹ[39m [2mdist/[22m[32m[1minput/index.d.ts[22m[39m                      [2m  0.45 kB[22m [2m│ gzip:   0.29 kB[22m
#102 368.3 @plane/propel:build: [34mℹ[39m [2mdist/[22m[32m[1mcalendar/index.d.ts[22m[39m                   [2m  0.42 kB[22m [2m│ gzip:   0.28 kB[22m
#102 368.3 @plane/propel:build: [34mℹ[39m [2mdist/[22m[32m[1mcharts/scatter-chart/index.d.ts[22m[39m       [2m  0.35 kB[22m [2m│ gzip:   0.24 kB[22m
#102 368.3 @plane/propel:build: [34mℹ[39m [2mdist/[22m[32m[1mcharts/area-chart/index.d.ts[22m[39m          [2m  0.33 kB[22m [2m│ gzip:   0.24 kB[22m
#102 368.3 @plane/propel:build: [34mℹ[39m [2mdist/[22m[32m[1mcharts/line-chart/index.d.ts[22m[39m          [2m  0.33 kB[22m [2m│ gzip:   0.24 kB[22m
#102 368.3 @plane/propel:build: [34mℹ[39m [2mdist/[22m[32m[1mcharts/bar-chart/index.d.ts[22m[39m           [2m  0.33 kB[22m [2m│ gzip:   0.24 kB[22m
#102 368.3 @plane/propel:build: [34mℹ[39m [2mdist/[22m[32m[1mcharts/pie-chart/index.d.ts[22m[39m           [2m  0.33 kB[22m [2m│ gzip:   0.23 kB[22m
#102 368.3 @plane/propel:build: [34mℹ[39m [2mdist/[22m[32m[1mcharts/radar-chart/index.d.ts[22m[39m         [2m  0.31 kB[22m [2m│ gzip:   0.22 kB[22m
#102 368.3 @plane/propel:build: [34mℹ[39m [2mdist/[22m[32m[1mcharts/tree-map/index.d.ts[22m[39m            [2m  0.27 kB[22m [2m│ gzip:   0.19 kB[22m
#102 368.3 @plane/propel:build: [34mℹ[39m [2mdist/[22m[32mindex-BUyOAoiw.d.ts[39m                   [2m 35.59 kB[22m [2m│ gzip:   5.29 kB[22m
#102 368.3 @plane/propel:build: [34mℹ[39m [2mdist/[22m[32mhelper-BXOFdCmF.d.ts[39m                  [2m  1.03 kB[22m [2m│ gzip:   0.50 kB[22m
#102 368.3 @plane/propel:build: [34mℹ[39m [2mdist/[22m[32mplacement-qJjmdCXt.d.ts[39m               [2m  0.75 kB[22m [2m│ gzip:   0.40 kB[22m
#102 368.3 @plane/propel:build: [34mℹ[39m 187 files, total: 2971.60 kB
#102 370.7 @plane/propel:build: [32m✔[39m Build complete in [32m83180ms[39m
#102 371.2 @plane/ui:build: cache miss, executing dd707f6971172f2d
#102 376.6 @plane/ui:build: $ tsdown
#102 377.5 @plane/ui:build: [34mℹ[39m tsdown [2mv0.16.0[22m powered by rolldown [2mv1.0.0-beta.46[22m
#102 378.1 @plane/ui:build: [34mℹ[39m Using tsdown config: [4m/app/packages/ui/tsdown.config.ts[24m
#102 378.2 @plane/ui:build: [34mℹ[39m entry: [34msrc/index.ts[39m
#102 378.2 @plane/ui:build: [34mℹ[39m tsconfig: [34mtsconfig.json[39m
#102 378.2 @plane/ui:build: [34mℹ[39m Build start
#102 ...

#122 [live installer 12/12] RUN pnpm turbo run build --filter=live
#122 372.4 @plane/propel:build: ℹ dist/empty-state/index.js                  749.12 kB │ gzip: 213.69 kB
#122 372.4 @plane/propel:build: ℹ dist/charts/bar-chart/index.js               9.75 kB │ gzip:   3.19 kB
#122 372.4 @plane/propel:build: ℹ dist/charts/tree-map/index.js                9.39 kB │ gzip:   2.77 kB
#122 372.4 @plane/propel:build: ℹ dist/toast/index.js                          9.08 kB │ gzip:   2.30 kB
#122 372.4 @plane/propel:build: ℹ dist/portal/index.js                         6.41 kB │ gzip:   2.15 kB
#122 372.4 @plane/propel:build: ℹ dist/charts/pie-chart/index.js               6.25 kB │ gzip:   2.03 kB
#122 372.4 @plane/propel:build: ℹ dist/icons/index.js                          6.18 kB │ gzip:   1.86 kB
#122 372.4 @plane/propel:build: ℹ dist/menu/index.js                           5.60 kB │ gzip:   1.87 kB
#122 372.4 @plane/propel:build: ℹ dist/emoji-reaction/index.js                 5.57 kB │ gzip:   1.93 kB
#122 372.4 @plane/propel:build: ℹ dist/charts/area-chart/index.js              5.21 kB │ gzip:   1.92 kB
#122 372.4 @plane/propel:build: ℹ dist/combobox/index.js                       4.83 kB │ gzip:   1.74 kB
#122 372.4 @plane/propel:build: ℹ dist/charts/line-chart/index.js              4.50 kB │ gzip:   1.69 kB
#122 372.4 @plane/propel:build: ℹ dist/charts/scatter-chart/index.js           4.24 kB │ gzip:   1.56 kB
#122 372.4 @plane/propel:build: ℹ dist/toolbar/index.js                        4.05 kB │ gzip:   1.43 kB
#122 372.4 @plane/propel:build: ℹ dist/context-menu/index.js                   3.68 kB │ gzip:   1.14 kB
#122 372.4 @plane/propel:build: ℹ dist/banner/index.js                         3.43 kB │ gzip:   1.34 kB
#122 372.4 @plane/propel:build: ℹ dist/dialog/index.js                         3.33 kB │ gzip:   1.13 kB
#122 372.4 @plane/propel:build: ℹ dist/scrollarea/index.js                     2.96 kB │ gzip:   1.08 kB
#122 372.4 @plane/propel:build: ℹ dist/tabs/index.js                           2.87 kB │ gzip:   1.13 kB
#122 372.4 @plane/propel:build: ℹ dist/charts/radar-chart/index.js             2.83 kB │ gzip:   1.19 kB
#122 372.4 @plane/propel:build: ℹ dist/table/index.js                          2.72 kB │ gzip:   0.84 kB
#122 372.4 @plane/propel:build: ℹ dist/avatar/index.js                         2.69 kB │ gzip:   1.02 kB
#122 372.4 @plane/propel:build: ℹ dist/pill/index.js                           2.37 kB │ gzip:   1.02 kB
#122 372.4 @plane/propel:build: ℹ dist/collapsible/index.js                    2.17 kB │ gzip:   0.91 kB
#122 372.4 @plane/propel:build: ℹ dist/badge/index.js                          2.12 kB │ gzip:   0.97 kB
#122 372.4 @plane/propel:build: ℹ dist/accordion/index.js                      1.96 kB │ gzip:   0.74 kB
#122 372.4 @plane/propel:build: ℹ dist/tab-navigation/index.js                 1.90 kB │ gzip:   0.80 kB
#122 372.4 @plane/propel:build: ℹ dist/spinners/index.js                       1.89 kB │ gzip:   1.00 kB
#122 372.4 @plane/propel:build: ℹ dist/command/index.js                        1.48 kB │ gzip:   0.58 kB
#122 372.4 @plane/propel:build: ℹ dist/switch/index.js                         1.46 kB │ gzip:   0.71 kB
#122 372.4 @plane/propel:build: ℹ dist/input/index.js                          1.42 kB │ gzip:   0.77 kB
#122 372.4 @plane/propel:build: ℹ dist/calendar/index.js                       1.16 kB │ gzip:   0.59 kB
#122 372.4 @plane/propel:build: ℹ dist/skeleton/index.js                       0.92 kB │ gzip:   0.46 kB
#122 372.4 @plane/propel:build: ℹ dist/emoji-icon-picker/index.js              0.71 kB │ gzip:   0.35 kB
#122 372.4 @plane/propel:build: ℹ dist/utils/index.js                          0.25 kB │ gzip:   0.17 kB
#122 372.4 @plane/propel:build: ℹ dist/icon-button/index.js                    0.23 kB │ gzip:   0.17 kB
#122 372.4 @plane/propel:build: ℹ dist/button/index.js                         0.21 kB │ gzip:   0.16 kB
#122 372.4 @plane/propel:build: ℹ dist/card/index.js                           0.20 kB │ gzip:   0.15 kB
#122 372.4 @plane/propel:build: ℹ dist/animated-counter/index.js               0.20 kB │ gzip:   0.15 kB
#122 372.4 @plane/propel:build: ℹ dist/tooltip/index.js                        0.18 kB │ gzip:   0.14 kB
#122 372.4 @plane/propel:build: ℹ dist/popover/index.js                        0.11 kB │ gzip:   0.10 kB
#122 372.4 @plane/propel:build: ℹ dist/empty-state/index.js.map              859.86 kB │ gzip: 218.29 kB
#122 372.4 @plane/propel:build: ℹ dist/icons-DWzY_Ct4.js.map                 391.68 kB │ gzip: 100.97 kB
#122 372.4 @plane/propel:build: ℹ dist/icons-DWzY_Ct4.js                     309.50 kB │ gzip:  94.69 kB
#122 372.4 @plane/propel:build: ℹ dist/emoji-icon-picker-C-QxDRjq.js.map      58.16 kB │ gzip:  13.25 kB
#122 372.4 @plane/propel:build: ℹ dist/emoji-icon-picker-C-QxDRjq.js          32.67 kB │ gzip:   8.54 kB
#122 372.4 @plane/propel:build: ℹ dist/charts/bar-chart/index.js.map          18.54 kB │ gzip:   5.83 kB
#122 372.4 @plane/propel:build: ℹ dist/index-BUyOAoiw.d.ts.map                17.31 kB │ gzip:   3.08 kB
#122 372.4 @plane/propel:build: ℹ dist/charts/tree-map/index.js.map           16.84 kB │ gzip:   4.95 kB
#122 372.4 @plane/propel:build: ℹ dist/toast/index.js.map                     14.78 kB │ gzip:   4.07 kB
#122 372.4 @plane/propel:build: ℹ dist/charts/pie-chart/index.js.map          10.95 kB │ gzip:   3.47 kB
#122 372.4 @plane/propel:build: ℹ dist/combobox/index.js.map                   9.95 kB │ gzip:   3.34 kB
#122 372.4 @plane/propel:build: ℹ dist/charts/area-chart/index.js.map          9.79 kB │ gzip:   3.31 kB
#122 372.4 @plane/propel:build: ℹ dist/emoji-reaction/index.js.map             9.74 kB │ gzip:   3.24 kB
#122 372.4 @plane/propel:build: ℹ dist/empty-state/index.d.ts.map              9.61 kB │ gzip:   2.39 kB
#122 372.4 @plane/propel:build: ℹ dist/portal/index.js.map                     9.54 kB │ gzip:   3.32 kB
#122 372.4 @plane/propel:build: ℹ dist/menu/index.js.map                       9.53 kB │ gzip:   3.20 kB
#122 372.4 @plane/propel:build: ℹ dist/charts/line-chart/index.js.map          8.10 kB │ gzip:   2.75 kB
#122 372.4 @plane/propel:build: ℹ dist/charts/scatter-chart/index.js.map       7.53 kB │ gzip:   2.53 kB
#122 372.4 @plane/propel:build: ℹ dist/toolbar/index.js.map                    7.21 kB │ gzip:   2.34 kB
#122 372.4 @plane/propel:build: ℹ dist/context-menu/index.js.map               7.16 kB │ gzip:   1.94 kB
#122 372.4 @plane/propel:build: ℹ dist/banner/index.js.map                     6.96 kB │ gzip:   2.58 kB
#122 372.4 @plane/propel:build: ℹ dist/tabs/index.js.map                       6.21 kB │ gzip:   1.86 kB
#122 372.4 @plane/propel:build: ℹ dist/tooltip-2hD27cLV.js.map                 5.98 kB │ gzip:   2.15 kB
#122 372.4 @plane/propel:build: ℹ dist/dialog/index.js.map                     5.75 kB │ gzip:   1.97 kB
#122 372.4 @plane/propel:build: ℹ dist/button-CjcOirFK.js.map                  5.70 kB │ gzip:   1.99 kB
#122 372.4 @plane/propel:build: ℹ dist/avatar/index.js.map                     5.14 kB │ gzip:   1.78 kB
#122 372.4 @plane/propel:build: ℹ dist/charts/radar-chart/index.js.map         4.91 kB │ gzip:   1.89 kB
#122 372.4 @plane/propel:build: ℹ dist/scrollarea/index.js.map                 4.86 kB │ gzip:   1.64 kB
#122 372.4 @plane/propel:build: ℹ dist/icon-button-2BUssuti.js.map             4.86 kB │ gzip:   1.66 kB
#122 372.4 @plane/propel:build: ℹ dist/table/index.js.map                      4.83 kB │ gzip:   1.32 kB
#122 372.4 @plane/propel:build: ℹ dist/popover-CrZ8wRJs.js.map                 4.12 kB │ gzip:   1.50 kB
#122 372.4 @plane/propel:build: ℹ dist/badge/index.js.map                      4.08 kB │ gzip:   1.63 kB
#122 372.4 @plane/propel:build: ℹ dist/animated-counter-CqtqTlrG.js.map        3.95 kB │ gzip:   1.52 kB
#122 372.4 @plane/propel:build: ℹ dist/collapsible/index.js.map                3.95 kB │ gzip:   1.53 kB
#122 372.4 @plane/propel:build: ℹ dist/tooltip-CLEkTCyg.js.map                 3.83 kB │ gzip:   1.57 kB
#122 372.4 @plane/propel:build: ℹ dist/legend-HUzGLN3O.js.map                  3.79 kB │ gzip:   1.65 kB
#122 372.4 @plane/propel:build: ℹ dist/tooltip-2hD27cLV.js                     3.75 kB │ gzip:   1.29 kB
#122 372.4 @plane/propel:build: ℹ dist/accordion/index.js.map                  3.72 kB │ gzip:   1.34 kB
#122 372.4 @plane/propel:build: ℹ dist/pill/index.js.map                       3.46 kB │ gzip:   1.38 kB
#122 372.4 @plane/propel:build: ℹ dist/card-BJ9a4xMU.js.map                    3.43 kB │ gzip:   1.35 kB
#122 372.4 @plane/propel:build: ℹ dist/button-CjcOirFK.js                      3.31 kB │ gzip:   1.22 kB
#122 372.4 @plane/propel:build: ℹ dist/classname-BokbBhj4.js.map               3.14 kB │ gzip:   1.30 kB
#122 372.4 @plane/propel:build: ℹ dist/icon-button-2BUssuti.js                 2.93 kB │ gzip:   1.08 kB
#122 372.4 @plane/propel:build: ℹ dist/circular-bar-spinner-Cp6QEb9r.js.map    2.86 kB │ gzip:   0.97 kB
#122 372.4 @plane/propel:build: ℹ dist/placement-Db9Qu3XD.js.map               2.73 kB │ gzip:   0.82 kB
#122 372.4 @plane/propel:build: ℹ dist/switch/index.js.map                     2.71 kB │ gzip:   1.19 kB
#122 372.4 @plane/propel:build: ℹ dist/tab-navigation/index.js.map             2.65 kB │ gzip:   1.04 kB
#122 372.4 @plane/propel:build: ℹ dist/command/index.js.map                    2.48 kB │ gzip:   0.95 kB
#122 372.4 @plane/propel:build: ℹ dist/spinners/index.js.map                   2.42 kB │ gzip:   1.33 kB
#122 372.4 @plane/propel:build: ℹ dist/input/index.js.map                      2.34 kB │ gzip:   1.11 kB
#122 372.4 @plane/propel:build: ℹ dist/popover-CrZ8wRJs.js                     2.30 kB │ gzip:   0.85 kB
#122 372.4 @plane/propel:build: ℹ dist/animated-counter-CqtqTlrG.js            2.27 kB │ gzip:   0.93 kB
#122 372.4 @plane/propel:build: ℹ dist/card-BJ9a4xMU.js                        2.13 kB │ gzip:   0.90 kB
#122 372.4 @plane/propel:build: ℹ dist/legend-HUzGLN3O.js                      2.08 kB │ gzip:   1.03 kB
#122 372.4 @plane/propel:build: ℹ dist/circular-bar-spinner-Cp6QEb9r.js        2.08 kB │ gzip:   0.60 kB
#122 372.4 @plane/propel:build: ℹ dist/tooltip-CLEkTCyg.js                     2.05 kB │ gzip:   0.96 kB
#122 372.4 @plane/propel:build: ℹ dist/combobox/index.d.ts.map                 1.95 kB │ gzip:   0.65 kB
#122 372.4 @plane/propel:build: ℹ dist/calendar/index.js.map                   1.94 kB │ gzip:   0.92 kB
#122 372.4 @plane/propel:build: ℹ dist/emoji-icon-picker/index.d.ts.map        1.79 kB │ gzip:   0.77 kB
#122 372.4 @plane/propel:build: ℹ dist/emoji-reaction/index.d.ts.map           1.71 kB │ gzip:   0.62 kB
#122 372.4 @plane/propel:build: ℹ dist/skeleton/index.js.map                   1.66 kB │ gzip:   0.82 kB
#122 372.4 @plane/propel:build: ℹ dist/table/index.d.ts.map                    1.61 kB │ gzip:   0.46 kB
#122 372.4 @plane/propel:build: ℹ dist/portal/index.d.ts.map                   1.57 kB │ gzip:   0.64 kB
#122 372.4 @plane/propel:build: ℹ dist/classname-BokbBhj4.js                   1.47 kB │ gzip:   0.74 kB
#122 372.4 @plane/propel:build: ℹ dist/toast/index.d.ts.map                    1.46 kB │ gzip:   0.68 kB
#122 372.4 @plane/propel:build: ℹ dist/tabs/index.d.ts.map                     1.42 kB │ gzip:   0.47 kB
#122 372.4 @plane/propel:build: ℹ dist/accordion/index.d.ts.map                1.28 kB │ gzip:   0.49 kB
#122 372.4 @plane/propel:build: ℹ dist/placement-Db9Qu3XD.js                   1.13 kB │ gzip:   0.36 kB
#122 372.4 @plane/propel:build: ℹ dist/badge/index.d.ts.map                    1.12 kB │ gzip:   0.42 kB
#122 372.4 @plane/propel:build: ℹ dist/dialog/index.d.ts.map                   1.09 kB │ gzip:   0.50 kB
#122 372.4 @plane/propel:build: ℹ dist/menu/index.d.ts.map                     1.09 kB │ gzip:   0.47 kB
#122 372.4 @plane/propel:build: ℹ dist/toolbar/index.d.ts.map                  1.00 kB │ gzip:   0.45 kB
#122 372.4 @plane/propel:build: ℹ dist/pill/index.d.ts.map                     0.99 kB │ gzip:   0.45 kB
#122 372.4 @plane/propel:build: ℹ dist/icon-button/index.d.ts.map              0.96 kB │ gzip:   0.44 kB
#122 372.4 @plane/propel:build: ℹ dist/collapsible/index.d.ts.map              0.95 kB │ gzip:   0.44 kB
#122 372.4 @plane/propel:build: ℹ dist/context-menu/index.d.ts.map             0.94 kB │ gzip:   0.40 kB
#122 372.4 @plane/propel:build: ℹ dist/command/index.d.ts.map                  0.93 kB │ gzip:   0.39 kB
#122 372.4 @plane/propel:build: ℹ dist/helper-B5ybNdp8.d.ts.map                0.76 kB │ gzip:   0.38 kB
#122 372.4 @plane/propel:build: ℹ dist/card/index.d.ts.map                     0.69 kB │ gzip:   0.38 kB
#122 372.4 @plane/propel:build: ℹ dist/skeleton/index.d.ts.map                 0.63 kB │ gzip:   0.31 kB
#122 372.4 @plane/propel:build: ℹ dist/scrollarea/index.d.ts.map               0.60 kB │ gzip:   0.33 kB
#122 372.4 @plane/propel:build: ℹ dist/banner/index.d.ts.map                   0.59 kB │ gzip:   0.31 kB
#122 372.4 @plane/propel:build: ℹ dist/popover/index.d.ts.map                  0.58 kB │ gzip:   0.32 kB
#122 372.4 @plane/propel:build: ℹ dist/spinners/index.d.ts.map                 0.57 kB │ gzip:   0.28 kB
#122 372.4 @plane/propel:build: ℹ dist/button/index.d.ts.map                   0.52 kB │ gzip:   0.24 kB
#122 372.4 @plane/propel:build: ℹ dist/tab-navigation/index.d.ts.map           0.52 kB │ gzip:   0.28 kB
#122 372.4 @plane/propel:build: ℹ dist/placement-qJjmdCXt.d.ts.map             0.49 kB │ gzip:   0.26 kB
#122 372.4 @plane/propel:build: ℹ dist/switch/index.d.ts.map                   0.48 kB │ gzip:   0.25 kB
#122 372.4 @plane/propel:build: ℹ dist/tooltip/index.d.ts.map                  0.40 kB │ gzip:   0.26 kB
#122 372.4 @plane/propel:build: ℹ dist/animated-counter/index.d.ts.map         0.38 kB │ gzip:   0.22 kB
#122 372.4 @plane/propel:build: ℹ dist/input/index.d.ts.map                    0.35 kB │ gzip:   0.21 kB
#122 372.4 @plane/propel:build: ℹ dist/avatar/index.d.ts.map                   0.34 kB │ gzip:   0.22 kB
#122 372.4 @plane/propel:build: ℹ dist/charts/scatter-chart/index.d.ts.map     0.32 kB │ gzip:   0.20 kB
#122 372.4 @plane/propel:build: ℹ dist/charts/bar-chart/index.d.ts.map         0.32 kB │ gzip:   0.20 kB
#122 372.4 @plane/propel:build: ℹ dist/charts/pie-chart/index.d.ts.map         0.32 kB │ gzip:   0.20 kB
#122 372.4 @plane/propel:build: ℹ dist/charts/area-chart/index.d.ts.map        0.31 kB │ gzip:   0.20 kB
#122 372.4 @plane/propel:build: ℹ dist/charts/line-chart/index.d.ts.map        0.31 kB │ gzip:   0.20 kB
#122 372.4 @plane/propel:build: ℹ dist/calendar/index.d.ts.map                 0.29 kB │ gzip:   0.21 kB
#122 372.4 @plane/propel:build: ℹ dist/charts/radar-chart/index.d.ts.map       0.27 kB │ gzip:   0.18 kB
#122 372.4 @plane/propel:build: ℹ dist/charts/tree-map/index.d.ts.map          0.16 kB │ gzip:   0.14 kB
#122 372.4 @plane/propel:build: ℹ dist/utils/index.d.ts.map                    0.14 kB │ gzip:   0.13 kB
#122 372.4 @plane/propel:build: ℹ dist/utils-MPqvUdqq.js                       0.00 kB │ gzip:   0.02 kB
#122 372.4 @plane/propel:build: ℹ dist/empty-state/index.d.ts                 14.64 kB │ gzip:   2.17 kB
#122 372.4 @plane/propel:build: ℹ dist/icons/index.d.ts                        6.31 kB │ gzip:   1.89 kB
#122 372.4 @plane/propel:build: ℹ dist/emoji-icon-picker/index.d.ts            4.15 kB │ gzip:   1.41 kB
#122 372.4 @plane/propel:build: ℹ dist/portal/index.d.ts                       3.97 kB │ gzip:   1.42 kB
#122 372.4 @plane/propel:build: ℹ dist/combobox/index.d.ts                     2.23 kB │ gzip:   0.74 kB
#122 372.4 @plane/propel:build: ℹ dist/emoji-reaction/index.d.ts               2.20 kB │ gzip:   0.67 kB
#122 372.4 @plane/propel:build: ℹ dist/tabs/index.d.ts                         2.03 kB │ gzip:   0.45 kB
#122 372.4 @plane/propel:build: ℹ dist/table/index.d.ts                        1.95 kB │ gzip:   0.37 kB
#122 372.4 @plane/propel:build: ℹ dist/context-menu/index.d.ts                 1.95 kB │ gzip:   0.53 kB
#122 372.4 @plane/propel:build: ℹ dist/menu/index.d.ts                         1.83 kB │ gzip:   0.74 kB
#122 372.4 @plane/propel:build: ℹ dist/toolbar/index.d.ts                      1.80 kB │ gzip:   0.54 kB
#122 372.4 @plane/propel:build: ℹ dist/toast/index.d.ts                        1.79 kB │ gzip:   0.62 kB
#122 372.4 @plane/propel:build: ℹ dist/badge/index.d.ts                        1.61 kB │ gzip:   0.55 kB
#122 372.4 @plane/propel:build: ℹ dist/accordion/index.d.ts                    1.48 kB │ gzip:   0.45 kB
#122 372.4 @plane/propel:build: ℹ dist/dialog/index.d.ts                       1.38 kB │ gzip:   0.52 kB
#122 372.4 @plane/propel:build: ℹ dist/tab-navigation/index.d.ts               1.27 kB │ gzip:   0.47 kB
#122 372.4 @plane/propel:build: ℹ dist/icon-button/index.d.ts                  1.26 kB │ gzip:   0.55 kB
#122 372.4 @plane/propel:build: ℹ dist/banner/index.d.ts                       1.22 kB │ gzip:   0.61 kB
#122 372.4 @plane/propel:build: ℹ dist/avatar/index.d.ts                       1.21 kB │ gzip:   0.53 kB
#122 372.4 @plane/propel:build: ℹ dist/card/index.d.ts                         1.11 kB │ gzip:   0.56 kB
#122 372.4 @plane/propel:build: ℹ dist/pill/index.d.ts                         1.05 kB │ gzip:   0.52 kB
#122 372.4 @plane/propel:build: ℹ dist/button/index.d.ts                       1.05 kB │ gzip:   0.49 kB
#122 372.4 @plane/propel:build: ℹ dist/collapsible/index.d.ts                  0.96 kB │ gzip:   0.39 kB
#122 372.4 @plane/propel:build: ℹ dist/command/index.d.ts                      0.95 kB │ gzip:   0.31 kB
#122 372.4 @plane/propel:build: ℹ dist/scrollarea/index.d.ts                   0.90 kB │ gzip:   0.41 kB
#122 372.4 @plane/propel:build: ℹ dist/popover/index.d.ts                      0.84 kB │ gzip:   0.44 kB
#122 372.4 @plane/propel:build: ℹ dist/spinners/index.d.ts                     0.75 kB │ gzip:   0.30 kB
#122 372.4 @plane/propel:build: ℹ dist/skeleton/index.d.ts                     0.75 kB │ gzip:   0.32 kB
#122 372.4 @plane/propel:build: ℹ dist/tooltip/index.d.ts                      0.68 kB │ gzip:   0.39 kB
#122 372.4 @plane/propel:build: ℹ dist/animated-counter/index.d.ts             0.56 kB │ gzip:   0.36 kB
#122 372.4 @plane/propel:build: ℹ dist/switch/index.d.ts                       0.52 kB │ gzip:   0.31 kB
#122 372.4 @plane/propel:build: ℹ dist/utils/index.d.ts                        0.45 kB │ gzip:   0.28 kB
#122 372.4 @plane/propel:build: ℹ dist/input/index.d.ts                        0.45 kB │ gzip:   0.29 kB
#122 372.4 @plane/propel:build: ℹ dist/calendar/index.d.ts                     0.42 kB │ gzip:   0.28 kB
#122 372.4 @plane/propel:build: ℹ dist/charts/scatter-chart/index.d.ts         0.35 kB │ gzip:   0.24 kB
#122 372.4 @plane/propel:build: ℹ dist/charts/area-chart/index.d.ts            0.33 kB │ gzip:   0.24 kB
#122 372.4 @plane/propel:build: ℹ dist/charts/line-chart/index.d.ts            0.33 kB │ gzip:   0.24 kB
#122 372.4 @plane/propel:build: ℹ dist/charts/bar-chart/index.d.ts             0.33 kB │ gzip:   0.24 kB
#122 372.4 @plane/propel:build: ℹ dist/charts/pie-chart/index.d.ts             0.33 kB │ gzip:   0.23 kB
#122 372.4 @plane/propel:build: ℹ dist/charts/radar-chart/index.d.ts           0.31 kB │ gzip:   0.22 kB
#122 372.4 @plane/propel:build: ℹ dist/charts/tree-map/index.d.ts              0.27 kB │ gzip:   0.19 kB
#122 372.4 @plane/propel:build: ℹ dist/index-BUyOAoiw.d.ts                    35.59 kB │ gzip:   5.29 kB
#122 372.4 @plane/propel:build: ℹ dist/helper-B5ybNdp8.d.ts                    1.03 kB │ gzip:   0.50 kB
#122 372.4 @plane/propel:build: ℹ dist/placement-qJjmdCXt.d.ts                 0.75 kB │ gzip:   0.40 kB
#122 372.4 @plane/propel:build: ℹ 187 files, total: 2971.61 kB
#122 375.1 @plane/propel:build: ✔ Build complete in 81291ms
#122 375.7 @plane/ui:build: cache miss, executing 118192097a23f98f
#122 380.7 @plane/ui:build: $ tsdown
#122 381.5 @plane/ui:build: ℹ tsdown v0.16.0 powered by rolldown v1.0.0-beta.46
#122 382.4 @plane/ui:build: ℹ Using tsdown config: /app/packages/ui/tsdown.config.ts
#122 382.5 @plane/ui:build: ℹ entry: src/index.ts
#122 382.5 @plane/ui:build: ℹ tsconfig: tsconfig.json
#122 382.5 @plane/ui:build: ℹ Build start
#122 ...

#134 [admin installer 8/8] RUN pnpm turbo run build --filter=admin
#134 173.4 @plane/services:build: [34mℹ[39m [2mdist/[22m[1mindex.js[22m        [2m 97.92 kB[22m [2m│ gzip: 11.24 kB[22m
#134 173.4 @plane/services:build: [34mℹ[39m [2mdist/[22mindex.js.map    [2m154.04 kB[22m [2m│ gzip: 17.93 kB[22m
#134 173.4 @plane/services:build: [34mℹ[39m [2mdist/[22mindex.d.ts.map  [2m 21.01 kB[22m [2m│ gzip:  5.70 kB[22m
#134 173.4 @plane/services:build: [34mℹ[39m [2mdist/[22m[32m[1mindex.d.ts[22m[39m      [2m 70.26 kB[22m [2m│ gzip:  9.05 kB[22m
#134 173.4 @plane/services:build: [34mℹ[39m 4 files, total: 343.23 kB
#134 173.4 @plane/services:build: [32m✔[39m Build complete in [32m44419ms[39m
#134 ...

#132 [web installer 12/12] RUN pnpm turbo run build --filter=web --force     && printf '%s\n' "689983cc069ff04626b5ee9bb76b507f1c85a285c94e38e4a3cb6c7ad4654290" > /app/apps/web/build/client/deployment-source.txt
#132 389.7 @plane/shared-state:build: ℹ dist/index.js        39.80 kB │ gzip:  8.31 kB
#132 389.7 @plane/shared-state:build: ℹ dist/index.js.map    82.77 kB │ gzip: 17.20 kB
#132 389.7 @plane/shared-state:build: ℹ dist/index.d.ts.map   9.10 kB │ gzip:  3.48 kB
#132 389.7 @plane/shared-state:build: ℹ dist/index.d.ts      21.30 kB │ gzip:  4.29 kB
#132 389.7 @plane/shared-state:build: ℹ 4 files, total: 152.97 kB
#132 389.7 @plane/shared-state:build: ✔ Build complete in 62623ms
#132 ...

#102 [space installer 8/8] RUN pnpm turbo run build --filter=space
#102 424.7 @plane/ui:build: [34mℹ[39m [2mdist/[22m[1mindex.js[22m        [2m110.86 kB[22m [2m│ gzip: 21.98 kB[22m
#102 424.7 @plane/ui:build: [34mℹ[39m [2mdist/[22mindex.js.map    [2m204.58 kB[22m [2m│ gzip: 43.54 kB[22m
#102 424.7 @plane/ui:build: [34mℹ[39m [2mdist/[22mindex.d.ts.map  [2m 17.64 kB[22m [2m│ gzip:  6.10 kB[22m
#102 424.7 @plane/ui:build: [34mℹ[39m [2mdist/[22m[32m[1mindex.d.ts[22m[39m      [2m 25.40 kB[22m [2m│ gzip:  5.51 kB[22m
#102 424.7 @plane/ui:build: [34mℹ[39m 4 files, total: 358.47 kB
#102 424.7 @plane/ui:build: [32m✔[39m Build complete in [32m46499ms[39m
#102 425.1 @plane/editor:build: cache miss, executing 0635bd251dc83506
#102 429.7 @plane/editor:build: $ tsc && tsdown
#102 ...

#134 [admin installer 8/8] RUN pnpm turbo run build --filter=admin
#134 208.0 @plane/utils:build: [34mℹ[39m [2mdist/[22m[1mindex.js[22m        [2m219.53 kB[22m [2m│ gzip: 55.06 kB[22m
#134 208.0 @plane/utils:build: [34mℹ[39m [2mdist/[22mindex.js.map    [2m398.93 kB[22m [2m│ gzip: 88.53 kB[22m
#134 208.0 @plane/utils:build: [34mℹ[39m [2mdist/[22mindex.d.ts.map  [2m 43.34 kB[22m [2m│ gzip: 14.46 kB[22m
#134 208.0 @plane/utils:build: [34mℹ[39m [2mdist/[22m[32m[1mindex.d.ts[22m[39m      [2m117.11 kB[22m [2m│ gzip: 27.19 kB[22m
#134 208.0 @plane/utils:build: [34mℹ[39m 4 files, total: 778.91 kB
#134 208.0 @plane/utils:build: [32m✔[39m Build complete in [32m79783ms[39m
#134 208.3 admin:build: cache miss, executing c3ef058d74786759
#134 213.0 admin:build: $ react-router build
#134 ...

#122 [live installer 12/12] RUN pnpm turbo run build --filter=live
#122 427.2 @plane/ui:build: ℹ dist/index.js        110.86 kB │ gzip: 21.98 kB
#122 427.2 @plane/ui:build: ℹ dist/index.js.map    204.58 kB │ gzip: 43.54 kB
#122 427.2 @plane/ui:build: ℹ dist/index.d.ts.map   17.64 kB │ gzip:  6.10 kB
#122 427.2 @plane/ui:build: ℹ dist/index.d.ts       25.40 kB │ gzip:  5.51 kB
#122 427.2 @plane/ui:build: ℹ 4 files, total: 358.47 kB
#122 427.3 @plane/ui:build: ✔ Build complete in 44734ms
#122 427.7 @plane/editor:build: cache miss, executing d0f313d48b08c131
#122 432.2 @plane/editor:build: $ tsc && tsdown
#122 ...

#132 [web installer 12/12] RUN pnpm turbo run build --filter=web --force     && printf '%s\n' "689983cc069ff04626b5ee9bb76b507f1c85a285c94e38e4a3cb6c7ad4654290" > /app/apps/web/build/client/deployment-source.txt
#132 435.2 @plane/propel:build: ℹ dist/empty-state/index.js                  749.12 kB │ gzip: 213.69 kB
#132 435.2 @plane/propel:build: ℹ dist/charts/bar-chart/index.js               9.75 kB │ gzip:   3.19 kB
#132 435.2 @plane/propel:build: ℹ dist/charts/tree-map/index.js                9.39 kB │ gzip:   2.77 kB
#132 435.2 @plane/propel:build: ℹ dist/toast/index.js                          9.08 kB │ gzip:   2.30 kB
#132 435.2 @plane/propel:build: ℹ dist/portal/index.js                         6.41 kB │ gzip:   2.15 kB
#132 435.2 @plane/propel:build: ℹ dist/charts/pie-chart/index.js               6.25 kB │ gzip:   2.03 kB
#132 435.2 @plane/propel:build: ℹ dist/icons/index.js                          6.18 kB │ gzip:   1.86 kB
#132 435.2 @plane/propel:build: ℹ dist/menu/index.js                           5.60 kB │ gzip:   1.87 kB
#132 435.2 @plane/propel:build: ℹ dist/emoji-reaction/index.js                 5.57 kB │ gzip:   1.94 kB
#132 435.2 @plane/propel:build: ℹ dist/charts/area-chart/index.js              5.21 kB │ gzip:   1.92 kB
#132 435.2 @plane/propel:build: ℹ dist/combobox/index.js                       4.83 kB │ gzip:   1.74 kB
#132 435.2 @plane/propel:build: ℹ dist/charts/line-chart/index.js              4.50 kB │ gzip:   1.69 kB
#132 435.2 @plane/propel:build: ℹ dist/charts/scatter-chart/index.js           4.24 kB │ gzip:   1.56 kB
#132 435.2 @plane/propel:build: ℹ dist/toolbar/index.js                        4.05 kB │ gzip:   1.43 kB
#132 435.2 @plane/propel:build: ℹ dist/context-menu/index.js                   3.68 kB │ gzip:   1.14 kB
#132 435.2 @plane/propel:build: ℹ dist/banner/index.js                         3.43 kB │ gzip:   1.34 kB
#132 435.2 @plane/propel:build: ℹ dist/dialog/index.js                         3.33 kB │ gzip:   1.12 kB
#132 435.2 @plane/propel:build: ℹ dist/scrollarea/index.js                     2.96 kB │ gzip:   1.08 kB
#132 435.2 @plane/propel:build: ℹ dist/tabs/index.js                           2.87 kB │ gzip:   1.13 kB
#132 435.2 @plane/propel:build: ℹ dist/charts/radar-chart/index.js             2.83 kB │ gzip:   1.19 kB
#132 435.2 @plane/propel:build: ℹ dist/table/index.js                          2.72 kB │ gzip:   0.84 kB
#132 435.2 @plane/propel:build: ℹ dist/avatar/index.js                         2.69 kB │ gzip:   1.02 kB
#132 435.2 @plane/propel:build: ℹ dist/pill/index.js                           2.37 kB │ gzip:   1.02 kB
#132 435.2 @plane/propel:build: ℹ dist/collapsible/index.js                    2.17 kB │ gzip:   0.91 kB
#132 435.2 @plane/propel:build: ℹ dist/badge/index.js                          2.12 kB │ gzip:   0.97 kB
#132 435.2 @plane/propel:build: ℹ dist/accordion/index.js                      1.96 kB │ gzip:   0.74 kB
#132 435.2 @plane/propel:build: ℹ dist/tab-navigation/index.js                 1.90 kB │ gzip:   0.80 kB
#132 435.2 @plane/propel:build: ℹ dist/spinners/index.js                       1.89 kB │ gzip:   1.00 kB
#132 435.2 @plane/propel:build: ℹ dist/command/index.js                        1.48 kB │ gzip:   0.58 kB
#132 435.2 @plane/propel:build: ℹ dist/switch/index.js                         1.46 kB │ gzip:   0.71 kB
#132 435.2 @plane/propel:build: ℹ dist/input/index.js                          1.42 kB │ gzip:   0.77 kB
#132 435.2 @plane/propel:build: ℹ dist/calendar/index.js                       1.16 kB │ gzip:   0.59 kB
#132 435.2 @plane/propel:build: ℹ dist/skeleton/index.js                       0.92 kB │ gzip:   0.46 kB
#132 435.2 @plane/propel:build: ℹ dist/emoji-icon-picker/index.js              0.71 kB │ gzip:   0.35 kB
#132 435.2 @plane/propel:build: ℹ dist/utils/index.js                          0.25 kB │ gzip:   0.17 kB
#132 435.2 @plane/propel:build: ℹ dist/icon-button/index.js                    0.23 kB │ gzip:   0.17 kB
#132 435.2 @plane/propel:build: ℹ dist/button/index.js                         0.21 kB │ gzip:   0.16 kB
#132 435.2 @plane/propel:build: ℹ dist/card/index.js                           0.20 kB │ gzip:   0.15 kB
#132 435.2 @plane/propel:build: ℹ dist/animated-counter/index.js               0.20 kB │ gzip:   0.15 kB
#132 435.2 @plane/propel:build: ℹ dist/tooltip/index.js                        0.18 kB │ gzip:   0.14 kB
#132 435.2 @plane/propel:build: ℹ dist/popover/index.js                        0.11 kB │ gzip:   0.10 kB
#132 435.2 @plane/propel:build: ℹ dist/empty-state/index.js.map              859.86 kB │ gzip: 218.29 kB
#132 435.2 @plane/propel:build: ℹ dist/icons-DWzY_Ct4.js.map                 391.68 kB │ gzip: 100.97 kB
#132 435.2 @plane/propel:build: ℹ dist/icons-DWzY_Ct4.js                     309.50 kB │ gzip:  94.69 kB
#132 435.2 @plane/propel:build: ℹ dist/emoji-icon-picker-CbLNblhQ.js.map      58.16 kB │ gzip:  13.24 kB
#132 435.2 @plane/propel:build: ℹ dist/emoji-icon-picker-CbLNblhQ.js          32.67 kB │ gzip:   8.54 kB
#132 435.2 @plane/propel:build: ℹ dist/charts/bar-chart/index.js.map          18.54 kB │ gzip:   5.83 kB
#132 435.2 @plane/propel:build: ℹ dist/index-BUyOAoiw.d.ts.map                17.31 kB │ gzip:   3.08 kB
#132 435.2 @plane/propel:build: ℹ dist/charts/tree-map/index.js.map           16.84 kB │ gzip:   4.95 kB
#132 435.2 @plane/propel:build: ℹ dist/toast/index.js.map                     14.78 kB │ gzip:   4.07 kB
#132 435.2 @plane/propel:build: ℹ dist/charts/pie-chart/index.js.map          10.95 kB │ gzip:   3.47 kB
#132 435.2 @plane/propel:build: ℹ dist/combobox/index.js.map                   9.95 kB │ gzip:   3.34 kB
#132 435.2 @plane/propel:build: ℹ dist/charts/area-chart/index.js.map          9.79 kB │ gzip:   3.31 kB
#132 435.2 @plane/propel:build: ℹ dist/emoji-reaction/index.js.map             9.74 kB │ gzip:   3.24 kB
#132 435.2 @plane/propel:build: ℹ dist/empty-state/index.d.ts.map              9.61 kB │ gzip:   2.39 kB
#132 435.2 @plane/propel:build: ℹ dist/portal/index.js.map                     9.54 kB │ gzip:   3.32 kB
#132 435.2 @plane/propel:build: ℹ dist/menu/index.js.map                       9.53 kB │ gzip:   3.20 kB
#132 435.2 @plane/propel:build: ℹ dist/charts/line-chart/index.js.map          8.10 kB │ gzip:   2.75 kB
#132 435.2 @plane/propel:build: ℹ dist/charts/scatter-chart/index.js.map       7.53 kB │ gzip:   2.53 kB
#132 435.2 @plane/propel:build: ℹ dist/toolbar/index.js.map                    7.21 kB │ gzip:   2.34 kB
#132 435.2 @plane/propel:build: ℹ dist/context-menu/index.js.map               7.16 kB │ gzip:   1.94 kB
#132 435.2 @plane/propel:build: ℹ dist/banner/index.js.map                     6.96 kB │ gzip:   2.58 kB
#132 435.2 @plane/propel:build: ℹ dist/tabs/index.js.map                       6.21 kB │ gzip:   1.86 kB
#132 435.2 @plane/propel:build: ℹ dist/tooltip-2hD27cLV.js.map                 5.98 kB │ gzip:   2.15 kB
#132 435.2 @plane/propel:build: ℹ dist/dialog/index.js.map                     5.75 kB │ gzip:   1.97 kB
#132 435.2 @plane/propel:build: ℹ dist/button-CjcOirFK.js.map                  5.70 kB │ gzip:   1.99 kB
#132 435.2 @plane/propel:build: ℹ dist/avatar/index.js.map                     5.14 kB │ gzip:   1.78 kB
#132 435.2 @plane/propel:build: ℹ dist/charts/radar-chart/index.js.map         4.91 kB │ gzip:   1.89 kB
#132 435.2 @plane/propel:build: ℹ dist/scrollarea/index.js.map                 4.86 kB │ gzip:   1.64 kB
#132 435.2 @plane/propel:build: ℹ dist/icon-button-2BUssuti.js.map             4.86 kB │ gzip:   1.66 kB
#132 435.2 @plane/propel:build: ℹ dist/table/index.js.map                      4.83 kB │ gzip:   1.32 kB
#132 435.2 @plane/propel:build: ℹ dist/popover-CrZ8wRJs.js.map                 4.12 kB │ gzip:   1.50 kB
#132 435.2 @plane/propel:build: ℹ dist/badge/index.js.map                      4.08 kB │ gzip:   1.63 kB
#132 435.2 @plane/propel:build: ℹ dist/animated-counter-CqtqTlrG.js.map        3.95 kB │ gzip:   1.52 kB
#132 435.2 @plane/propel:build: ℹ dist/collapsible/index.js.map                3.95 kB │ gzip:   1.53 kB
#132 435.2 @plane/propel:build: ℹ dist/tooltip-CLEkTCyg.js.map                 3.83 kB │ gzip:   1.57 kB
#132 435.2 @plane/propel:build: ℹ dist/legend-HUzGLN3O.js.map                  3.79 kB │ gzip:   1.65 kB
#132 435.2 @plane/propel:build: ℹ dist/tooltip-2hD27cLV.js                     3.75 kB │ gzip:   1.29 kB
#132 435.2 @plane/propel:build: ℹ dist/accordion/index.js.map                  3.72 kB │ gzip:   1.34 kB
#132 435.2 @plane/propel:build: ℹ dist/pill/index.js.map                       3.46 kB │ gzip:   1.38 kB
#132 435.2 @plane/propel:build: ℹ dist/card-BJ9a4xMU.js.map                    3.43 kB │ gzip:   1.35 kB
#132 435.2 @plane/propel:build: ℹ dist/button-CjcOirFK.js                      3.31 kB │ gzip:   1.22 kB
#132 435.2 @plane/propel:build: ℹ dist/classname-BokbBhj4.js.map               3.14 kB │ gzip:   1.30 kB
#132 435.2 @plane/propel:build: ℹ dist/icon-button-2BUssuti.js                 2.93 kB │ gzip:   1.08 kB
#132 435.2 @plane/propel:build: ℹ dist/circular-bar-spinner-Cp6QEb9r.js.map    2.86 kB │ gzip:   0.97 kB
#132 435.2 @plane/propel:build: ℹ dist/placement-Db9Qu3XD.js.map               2.73 kB │ gzip:   0.82 kB
#132 435.2 @plane/propel:build: ℹ dist/switch/index.js.map                     2.71 kB │ gzip:   1.19 kB
#132 435.2 @plane/propel:build: ℹ dist/tab-navigation/index.js.map             2.65 kB │ gzip:   1.04 kB
#132 435.2 @plane/propel:build: ℹ dist/command/index.js.map                    2.48 kB │ gzip:   0.95 kB
#132 435.2 @plane/propel:build: ℹ dist/spinners/index.js.map                   2.42 kB │ gzip:   1.33 kB
#132 435.2 @plane/propel:build: ℹ dist/input/index.js.map                      2.34 kB │ gzip:   1.11 kB
#132 435.2 @plane/propel:build: ℹ dist/popover-CrZ8wRJs.js                     2.30 kB │ gzip:   0.85 kB
#132 435.2 @plane/propel:build: ℹ dist/animated-counter-CqtqTlrG.js            2.27 kB │ gzip:   0.93 kB
#132 435.2 @plane/propel:build: ℹ dist/card-BJ9a4xMU.js                        2.13 kB │ gzip:   0.90 kB
#132 435.2 @plane/propel:build: ℹ dist/legend-HUzGLN3O.js                      2.08 kB │ gzip:   1.03 kB
#132 435.2 @plane/propel:build: ℹ dist/circular-bar-spinner-Cp6QEb9r.js        2.08 kB │ gzip:   0.60 kB
#132 435.2 @plane/propel:build: ℹ dist/tooltip-CLEkTCyg.js                     2.05 kB │ gzip:   0.96 kB
#132 435.2 @plane/propel:build: ℹ dist/combobox/index.d.ts.map                 1.95 kB │ gzip:   0.65 kB
#132 435.2 @plane/propel:build: ℹ dist/calendar/index.js.map                   1.94 kB │ gzip:   0.92 kB
#132 435.2 @plane/propel:build: ℹ dist/emoji-icon-picker/index.d.ts.map        1.79 kB │ gzip:   0.77 kB
#132 435.2 @plane/propel:build: ℹ dist/emoji-reaction/index.d.ts.map           1.71 kB │ gzip:   0.62 kB
#132 435.2 @plane/propel:build: ℹ dist/skeleton/index.js.map                   1.66 kB │ gzip:   0.82 kB
#132 435.2 @plane/propel:build: ℹ dist/table/index.d.ts.map                    1.61 kB │ gzip:   0.46 kB
#132 435.2 @plane/propel:build: ℹ dist/portal/index.d.ts.map                   1.57 kB │ gzip:   0.64 kB
#132 435.2 @plane/propel:build: ℹ dist/classname-BokbBhj4.js                   1.47 kB │ gzip:   0.74 kB
#132 435.2 @plane/propel:build: ℹ dist/toast/index.d.ts.map                    1.46 kB │ gzip:   0.68 kB
#132 435.2 @plane/propel:build: ℹ dist/tabs/index.d.ts.map                     1.42 kB │ gzip:   0.47 kB
#132 435.2 @plane/propel:build: ℹ dist/accordion/index.d.ts.map                1.28 kB │ gzip:   0.49 kB
#132 435.2 @plane/propel:build: ℹ dist/placement-Db9Qu3XD.js                   1.13 kB │ gzip:   0.36 kB
#132 435.2 @plane/propel:build: ℹ dist/badge/index.d.ts.map                    1.12 kB │ gzip:   0.42 kB
#132 435.2 @plane/propel:build: ℹ dist/dialog/index.d.ts.map                   1.09 kB │ gzip:   0.50 kB
#132 435.2 @plane/propel:build: ℹ dist/menu/index.d.ts.map                     1.09 kB │ gzip:   0.47 kB
#132 435.2 @plane/propel:build: ℹ dist/toolbar/index.d.ts.map                  1.00 kB │ gzip:   0.45 kB
#132 435.2 @plane/propel:build: ℹ dist/pill/index.d.ts.map                     0.99 kB │ gzip:   0.45 kB
#132 435.2 @plane/propel:build: ℹ dist/icon-button/index.d.ts.map              0.96 kB │ gzip:   0.44 kB
#132 435.2 @plane/propel:build: ℹ dist/collapsible/index.d.ts.map              0.95 kB │ gzip:   0.44 kB
#132 435.2 @plane/propel:build: ℹ dist/context-menu/index.d.ts.map             0.94 kB │ gzip:   0.40 kB
#132 435.2 @plane/propel:build: ℹ dist/command/index.d.ts.map                  0.93 kB │ gzip:   0.39 kB
#132 435.2 @plane/propel:build: ℹ dist/helper-BdRkBv61.d.ts.map                0.76 kB │ gzip:   0.38 kB
#132 435.2 @plane/propel:build: ℹ dist/card/index.d.ts.map                     0.69 kB │ gzip:   0.38 kB
#132 435.2 @plane/propel:build: ℹ dist/skeleton/index.d.ts.map                 0.63 kB │ gzip:   0.31 kB
#132 435.2 @plane/propel:build: ℹ dist/scrollarea/index.d.ts.map               0.60 kB │ gzip:   0.33 kB
#132 435.2 @plane/propel:build: ℹ dist/banner/index.d.ts.map                   0.59 kB │ gzip:   0.31 kB
#132 435.2 @plane/propel:build: ℹ dist/popover/index.d.ts.map                  0.58 kB │ gzip:   0.32 kB
#132 435.2 @plane/propel:build: ℹ dist/spinners/index.d.ts.map                 0.57 kB │ gzip:   0.28 kB
#132 435.2 @plane/propel:build: ℹ dist/button/index.d.ts.map                   0.52 kB │ gzip:   0.24 kB
#132 435.2 @plane/propel:build: ℹ dist/tab-navigation/index.d.ts.map           0.52 kB │ gzip:   0.28 kB
#132 435.2 @plane/propel:build: ℹ dist/placement-qJjmdCXt.d.ts.map             0.49 kB │ gzip:   0.26 kB
#132 435.2 @plane/propel:build: ℹ dist/switch/index.d.ts.map                   0.48 kB │ gzip:   0.25 kB
#132 435.2 @plane/propel:build: ℹ dist/tooltip/index.d.ts.map                  0.40 kB │ gzip:   0.26 kB
#132 435.2 @plane/propel:build: ℹ dist/animated-counter/index.d.ts.map         0.38 kB │ gzip:   0.22 kB
#132 435.2 @plane/propel:build: ℹ dist/input/index.d.ts.map                    0.35 kB │ gzip:   0.21 kB
#132 435.2 @plane/propel:build: ℹ dist/avatar/index.d.ts.map                   0.34 kB │ gzip:   0.22 kB
#132 435.2 @plane/propel:build: ℹ dist/charts/scatter-chart/index.d.ts.map     0.32 kB │ gzip:   0.20 kB
#132 435.2 @plane/propel:build: ℹ dist/charts/bar-chart/index.d.ts.map         0.32 kB │ gzip:   0.20 kB
#132 435.2 @plane/propel:build: ℹ dist/charts/pie-chart/index.d.ts.map         0.32 kB │ gzip:   0.20 kB
#132 435.2 @plane/propel:build: ℹ dist/charts/area-chart/index.d.ts.map        0.31 kB │ gzip:   0.20 kB
#132 435.2 @plane/propel:build: ℹ dist/charts/line-chart/index.d.ts.map        0.31 kB │ gzip:   0.20 kB
#132 435.2 @plane/propel:build: ℹ dist/calendar/index.d.ts.map                 0.29 kB │ gzip:   0.21 kB
#132 435.2 @plane/propel:build: ℹ dist/charts/radar-chart/index.d.ts.map       0.27 kB │ gzip:   0.18 kB
#132 435.2 @plane/propel:build: ℹ dist/charts/tree-map/index.d.ts.map          0.16 kB │ gzip:   0.14 kB
#132 435.2 @plane/propel:build: ℹ dist/utils/index.d.ts.map                    0.14 kB │ gzip:   0.13 kB
#132 435.2 @plane/propel:build: ℹ dist/utils-MPqvUdqq.js                       0.00 kB │ gzip:   0.02 kB
#132 435.2 @plane/propel:build: ℹ dist/empty-state/index.d.ts                 14.64 kB │ gzip:   2.17 kB
#132 435.2 @plane/propel:build: ℹ dist/icons/index.d.ts                        6.31 kB │ gzip:   1.89 kB
#132 435.2 @plane/propel:build: ℹ dist/emoji-icon-picker/index.d.ts            4.14 kB │ gzip:   1.41 kB
#132 435.2 @plane/propel:build: ℹ dist/portal/index.d.ts                       3.97 kB │ gzip:   1.42 kB
#132 435.2 @plane/propel:build: ℹ dist/combobox/index.d.ts                     2.23 kB │ gzip:   0.74 kB
#132 435.2 @plane/propel:build: ℹ dist/emoji-reaction/index.d.ts               2.20 kB │ gzip:   0.67 kB
#132 435.2 @plane/propel:build: ℹ dist/tabs/index.d.ts                         2.03 kB │ gzip:   0.45 kB
#132 435.2 @plane/propel:build: ℹ dist/table/index.d.ts                        1.95 kB │ gzip:   0.37 kB
#132 435.2 @plane/propel:build: ℹ dist/context-menu/index.d.ts                 1.95 kB │ gzip:   0.53 kB
#132 435.2 @plane/propel:build: ℹ dist/menu/index.d.ts                         1.83 kB │ gzip:   0.74 kB
#132 435.2 @plane/propel:build: ℹ dist/toolbar/index.d.ts                      1.80 kB │ gzip:   0.54 kB
#132 435.2 @plane/propel:build: ℹ dist/toast/index.d.ts                        1.79 kB │ gzip:   0.62 kB
#132 435.2 @plane/propel:build: ℹ dist/badge/index.d.ts                        1.61 kB │ gzip:   0.55 kB
#132 435.2 @plane/propel:build: ℹ dist/accordion/index.d.ts                    1.48 kB │ gzip:   0.45 kB
#132 435.2 @plane/propel:build: ℹ dist/dialog/index.d.ts                       1.39 kB │ gzip:   0.52 kB
#132 435.2 @plane/propel:build: ℹ dist/tab-navigation/index.d.ts               1.27 kB │ gzip:   0.47 kB
#132 435.2 @plane/propel:build: ℹ dist/icon-button/index.d.ts                  1.26 kB │ gzip:   0.55 kB
#132 435.2 @plane/propel:build: ℹ dist/banner/index.d.ts                       1.22 kB │ gzip:   0.61 kB
#132 435.2 @plane/propel:build: ℹ dist/avatar/index.d.ts                       1.21 kB │ gzip:   0.53 kB
#132 435.2 @plane/propel:build: ℹ dist/card/index.d.ts                         1.11 kB │ gzip:   0.56 kB
#132 435.2 @plane/propel:build: ℹ dist/pill/index.d.ts                         1.05 kB │ gzip:   0.52 kB
#132 435.2 @plane/propel:build: ℹ dist/button/index.d.ts                       1.05 kB │ gzip:   0.49 kB
#132 435.2 @plane/propel:build: ℹ dist/collapsible/index.d.ts                  0.96 kB │ gzip:   0.39 kB
#132 435.2 @plane/propel:build: ℹ dist/command/index.d.ts                      0.95 kB │ gzip:   0.31 kB
#132 435.2 @plane/propel:build: ℹ dist/scrollarea/index.d.ts                   0.90 kB │ gzip:   0.41 kB
#132 435.2 @plane/propel:build: ℹ dist/popover/index.d.ts                      0.84 kB │ gzip:   0.44 kB
#132 435.2 @plane/propel:build: ℹ dist/spinners/index.d.ts                     0.75 kB │ gzip:   0.30 kB
#132 435.2 @plane/propel:build: ℹ dist/skeleton/index.d.ts                     0.75 kB │ gzip:   0.32 kB
#132 435.2 @plane/propel:build: ℹ dist/tooltip/index.d.ts                      0.68 kB │ gzip:   0.39 kB
#132 435.2 @plane/propel:build: ℹ dist/animated-counter/index.d.ts             0.56 kB │ gzip:   0.36 kB
#132 435.2 @plane/propel:build: ℹ dist/switch/index.d.ts                       0.52 kB │ gzip:   0.31 kB
#132 435.2 @plane/propel:build: ℹ dist/utils/index.d.ts                        0.45 kB │ gzip:   0.28 kB
#132 435.2 @plane/propel:build: ℹ dist/input/index.d.ts                        0.45 kB │ gzip:   0.29 kB
#132 435.2 @plane/propel:build: ℹ dist/calendar/index.d.ts                     0.42 kB │ gzip:   0.28 kB
#132 435.2 @plane/propel:build: ℹ dist/charts/scatter-chart/index.d.ts         0.35 kB │ gzip:   0.24 kB
#132 435.2 @plane/propel:build: ℹ dist/charts/area-chart/index.d.ts            0.33 kB │ gzip:   0.24 kB
#132 435.2 @plane/propel:build: ℹ dist/charts/line-chart/index.d.ts            0.33 kB │ gzip:   0.24 kB
#132 435.2 @plane/propel:build: ℹ dist/charts/bar-chart/index.d.ts             0.33 kB │ gzip:   0.24 kB
#132 435.2 @plane/propel:build: ℹ dist/charts/pie-chart/index.d.ts             0.33 kB │ gzip:   0.23 kB
#132 435.2 @plane/propel:build: ℹ dist/charts/radar-chart/index.d.ts           0.31 kB │ gzip:   0.22 kB
#132 435.2 @plane/propel:build: ℹ dist/charts/tree-map/index.d.ts              0.27 kB │ gzip:   0.19 kB
#132 435.2 @plane/propel:build: ℹ dist/index-BUyOAoiw.d.ts                    35.59 kB │ gzip:   5.29 kB
#132 435.2 @plane/propel:build: ℹ dist/helper-BdRkBv61.d.ts                    1.03 kB │ gzip:   0.50 kB
#132 435.2 @plane/propel:build: ℹ dist/placement-qJjmdCXt.d.ts                 0.75 kB │ gzip:   0.40 kB
#132 435.3 @plane/propel:build: ℹ 187 files, total: 2971.61 kB
#132 437.5 @plane/propel:build: ✔ Build complete in 106461ms
#132 437.9 @plane/ui:build: cache bypass, force executing 33a68112e34a8826
#132 442.4 @plane/ui:build: $ tsdown
#132 443.5 @plane/ui:build: ℹ tsdown v0.16.0 powered by rolldown v1.0.0-beta.46
#132 444.2 @plane/ui:build: ℹ Using tsdown config: /app/packages/ui/tsdown.config.ts
#132 444.3 @plane/ui:build: ℹ entry: src/index.ts
#132 444.3 @plane/ui:build: ℹ tsconfig: tsconfig.json
#132 444.3 @plane/ui:build: ℹ Build start
#132 ...

#134 [admin installer 8/8] RUN pnpm turbo run build --filter=admin
#134 242.5 admin:build: [33mThe plugin "vite-tsconfig-paths" is detected. Vite now supports tsconfig paths resolution natively via the [1mresolve.tsconfigPaths[22m option. You can remove the plugin and set [1mresolve.tsconfigPaths: true[22m in your Vite config instead.[39m
#134 242.8 admin:build: [33mThe plugin "vite-tsconfig-paths" is detected. Vite now supports tsconfig paths resolution natively via the [1mresolve.tsconfigPaths[22m option. You can remove the plugin and set [1mresolve.tsconfigPaths: true[22m in your Vite config instead.[39m
#134 243.9 admin:build: (node:399) [MODULE_TYPELESS_PACKAGE_JSON] Warning: Module type of file:///app/packages/tailwind-config/postcss.config.js is not specified and it doesn't parse as CommonJS.
#134 243.9 admin:build: Reparsing as ES module because module syntax was detected. This incurs a performance overhead.
#134 243.9 admin:build: To eliminate this warning, add "type": "module" to /app/packages/tailwind-config/package.json.
#134 243.9 admin:build: (Use `node --trace-warnings ...` to show where the warning was created)
#134 244.1 admin:build: Using Vite Environment API
#134 244.1 admin:build: [36mvite v8.0.16 [32mbuilding client environment for production...[36m[39m
#134 ...

#132 [web installer 12/12] RUN pnpm turbo run build --filter=web --force     && printf '%s\n' "689983cc069ff04626b5ee9bb76b507f1c85a285c94e38e4a3cb6c7ad4654290" > /app/apps/web/build/client/deployment-source.txt
#132 493.6 @plane/ui:build: ℹ dist/index.js        110.86 kB │ gzip: 21.98 kB
#132 493.6 @plane/ui:build: ℹ dist/index.js.map    204.58 kB │ gzip: 43.54 kB
#132 493.6 @plane/ui:build: ℹ dist/index.d.ts.map   17.64 kB │ gzip:  6.10 kB
#132 493.6 @plane/ui:build: ℹ dist/index.d.ts       25.40 kB │ gzip:  5.51 kB
#132 493.6 @plane/ui:build: ℹ 4 files, total: 358.47 kB
#132 493.6 @plane/ui:build: ✔ Build complete in 49317ms
#132 494.0 @plane/editor:build: cache bypass, force executing 56cfa857cf6b3d8f
#132 499.1 @plane/editor:build: $ tsc && tsdown
#132 ...

#102 [space installer 8/8] RUN pnpm turbo run build --filter=space
#102 548.2 @plane/editor:build: [34mℹ[39m tsdown [2mv0.16.0[22m powered by rolldown [2mv1.0.0-beta.46[22m
#102 549.8 @plane/editor:build: [34mℹ[39m Using tsdown config: [4m/app/packages/editor/tsdown.config.ts[24m
#102 549.9 @plane/editor:build: [34mℹ[39m entry: [34msrc/index.ts, src/lib.ts[39m
#102 549.9 @plane/editor:build: [34mℹ[39m tsconfig: [34mtsconfig.json[39m
#102 549.9 @plane/editor:build: [34mℹ[39m Build start
#102 ...

#122 [live installer 12/12] RUN pnpm turbo run build --filter=live
#122 549.1 @plane/editor:build: ℹ tsdown v0.16.0 powered by rolldown v1.0.0-beta.46
#122 550.0 @plane/editor:build: ℹ Using tsdown config: /app/packages/editor/tsdown.config.ts
#122 550.0 @plane/editor:build: ℹ entry: src/index.ts, src/lib.ts
#122 550.0 @plane/editor:build: ℹ tsconfig: tsconfig.json
#122 550.0 @plane/editor:build: ℹ Build start
#122 ...

#134 [admin installer 8/8] RUN pnpm turbo run build --filter=admin
#134 343.4 admin:build: [2Kadmin:build: transforming...✓ 7212 modules transformed.
#134 345.2 admin:build: rendering chunks...
#134 346.9 admin:build: computing gzip size...
#134 347.0 admin:build: build/client/assets/favicon-16x16-B_Opgp1K.png                                  0.46 kB
#134 347.0 admin:build: build/client/assets/google-logo-r0ky5Kfn.svg                                    0.74 kB │ gzip:  0.43 kB
#134 347.0 admin:build: build/client/assets/favicon-32x32-cfWXc3P9.png                                  0.76 kB
#134 347.0 admin:build: build/client/assets/gitlab-logo-BL2xQyij.svg                                    1.06 kB │ gzip:  0.47 kB
#134 347.0 admin:build: build/client/assets/gitea-logo-BAYfzmEl.svg                                     2.13 kB │ gzip:  1.04 kB
#134 347.0 admin:build: build/client/assets/takeoff-icon-dark-EbV9jX7-.svg                              2.98 kB │ gzip:  0.99 kB
#134 347.0 admin:build: build/client/assets/takeoff-icon-light-2XLBscmc.svg                             3.15 kB │ gzip:  1.07 kB
#134 347.0 admin:build: build/client/assets/instance-failure-C1aRKNan.svg                               4.10 kB │ gzip:  1.27 kB
#134 347.0 admin:build: build/client/assets/instance-failure-dark-DE7I22mw.svg                          4.10 kB │ gzip:  1.27 kB
#134 347.0 admin:build: build/client/assets/404-DWCFZzXK.svg                                            5.42 kB │ gzip:  1.58 kB
#134 347.0 admin:build: build/client/assets/ibm-plex-mono-vietnamese-400-normal-DDuiU_S-.woff           5.62 kB
#134 347.0 admin:build: build/client/assets/ibm-plex-mono-cyrillic-ext-400-normal-DMdlQ8Kv.woff         5.82 kB
#134 347.0 admin:build: build/client/assets/ibm-plex-mono-vietnamese-400-normal-BulugwFq.woff2          5.86 kB
#134 347.0 admin:build: build/client/assets/apple-touch-icon-BmADsVmV.png                               6.29 kB
#134 347.0 admin:build: build/client/assets/ibm-plex-mono-cyrillic-ext-400-normal-xuaO2J-f.woff2        6.91 kB
#134 347.0 admin:build: build/client/assets/ibm-plex-mono-cyrillic-400-normal-CEL4l2ZJ.woff             7.20 kB
#134 347.0 admin:build: build/client/assets/ibm-plex-mono-cyrillic-400-normal-BSMlKf0J.woff2            8.35 kB
#134 347.0 admin:build: build/client/assets/inter-vietnamese-wght-normal-CBcvBZtf.woff2                10.25 kB
#134 347.0 admin:build: build/client/assets/inter-greek-ext-wght-normal-DlzME5K_.woff2                 11.23 kB
#134 347.0 admin:build: build/client/assets/ibm-plex-mono-latin-ext-400-normal-D3D2R8hC.woff           11.76 kB
#134 347.0 admin:build: build/client/assets/ibm-plex-mono-latin-400-normal-CvHOgSBP.woff               13.14 kB
#134 347.0 admin:build: build/client/assets/ibm-plex-mono-latin-ext-400-normal-BmRBH3aV.woff2          13.34 kB
#134 347.0 admin:build: build/client/assets/github-black-DmZ70PA_.png                                  14.03 kB
#134 347.0 admin:build: build/client/assets/ibm-plex-mono-latin-400-normal-DMJ8VG8y.woff2              14.70 kB
#134 347.0 admin:build: build/client/assets/favicon-DJlV-mcI.ico                                       15.40 kB
#134 347.0 admin:build: build/client/assets/github-white-BwRnG8jn.png                                  16.55 kB
#134 347.0 admin:build: build/client/assets/inter-cyrillic-wght-normal-DqGufNeO.woff2                  18.74 kB
#134 347.0 admin:build: build/client/assets/inter-greek-wght-normal-CkhJZR-_.woff2                     18.99 kB
#134 347.0 admin:build: build/client/assets/inter-cyrillic-ext-wght-normal-BOeWTOD4.woff2              25.96 kB
#134 347.0 admin:build: build/client/.vite/manifest.json                                               35.30 kB │ gzip:  3.50 kB
#134 347.0 admin:build: build/client/assets/inter-latin-wght-normal-Dx4kXJAl.woff2                     48.25 kB
#134 347.0 admin:build: build/client/assets/inter-latin-ext-wght-normal-DO1Apj_S.woff2                 85.06 kB
#134 347.0 admin:build: build/client/assets/material-symbols-rounded-latin-400-normal-BVRwnNJJ.woff2  348.77 kB
#134 347.0 admin:build: build/client/assets/material-symbols-rounded-latin-100-normal-StOoOijZ.woff2  363.56 kB
#134 347.0 admin:build: build/client/assets/material-symbols-rounded-latin-300-normal-CGYRw1-j.woff2  388.05 kB
#134 347.0 admin:build: build/client/assets/material-symbols-rounded-latin-200-normal-Dy_97ylg.woff2  389.09 kB
#134 347.0 admin:build: build/client/assets/logo-spinner-light-DmBc4A-4.gif                           427.96 kB
#134 347.0 admin:build: build/client/assets/material-symbols-rounded-latin-400-normal-3TtrvaAx.woff   454.56 kB
#134 347.0 admin:build: build/client/assets/material-symbols-rounded-latin-100-normal-CyR9BGN8.woff   485.69 kB
#134 347.0 admin:build: build/client/assets/material-symbols-rounded-latin-300-normal-CexQLkYr.woff   506.70 kB
#134 347.0 admin:build: build/client/assets/material-symbols-rounded-latin-200-normal-B9_93z2O.woff   507.90 kB
#134 347.0 admin:build: build/client/assets/logo-spinner-dark-Cc1AqekO.gif                            976.39 kB
#134 347.0 admin:build: build/client/assets/root-CUojeknF.css                                           7.43 kB │ gzip:  1.56 kB
#134 347.0 admin:build: build/client/assets/globals-C3o653-Q.css                                      170.03 kB │ gzip: 24.64 kB
#134 347.0 admin:build: build/client/assets/gitea-logo-DdPv11Sq.js                                      0.06 kB │ gzip:  0.08 kB
#134 347.0 admin:build: build/client/assets/gitlab-logo-DnQSTEsU.js                                     0.06 kB │ gzip:  0.08 kB
#134 347.0 admin:build: build/client/assets/google-logo-DYoMaRvI.js                                     0.06 kB │ gzip:  0.08 kB
#134 347.0 admin:build: build/client/assets/check-BWNxUAFv.js                                           0.11 kB │ gzip:  0.13 kB
#134 347.0 admin:build: build/client/assets/github-white-BqeZC1wr.js                                    0.11 kB │ gzip:  0.10 kB
#134 347.0 admin:build: build/client/assets/useValueChanged-bgNJoRP4.js                                 0.22 kB │ gzip:  0.19 kB
#134 347.0 admin:build: build/client/assets/link-DbbAcIUU.js                                            0.26 kB │ gzip:  0.20 kB
#134 347.0 admin:build: build/client/assets/helper-C6C1ZCJ7.js                                          0.35 kB │ gzip:  0.25 kB
#134 347.0 admin:build: build/client/assets/logo-spinner-CIKdNuJP.js                                    0.41 kB │ gzip:  0.29 kB
#134 347.0 admin:build: build/client/assets/navigation-BlP5z0dJ.js                                      0.45 kB │ gzip:  0.30 kB
#134 347.0 admin:build: build/client/assets/close-outline-D63gA3td.js                                   0.46 kB │ gzip:  0.33 kB
#134 347.0 admin:build: build/client/assets/layout-DHBDDTtj.js                                          0.50 kB │ gzip:  0.37 kB
#134 347.0 admin:build: build/client/assets/useAriaLabelledBy-BR58rhu8.js                               0.57 kB │ gzip:  0.38 kB
#134 347.0 admin:build: build/client/assets/skeleton-Q9wMFoLi.js                                        0.58 kB │ gzip:  0.35 kB
#134 347.0 admin:build: build/client/assets/useTransitionStatus-B1Cn_QXN.js                             0.71 kB │ gzip:  0.37 kB
#134 347.0 admin:build: build/client/assets/authentication-method-card-gEC72W8Y.js                      0.93 kB │ gzip:  0.46 kB
#134 347.0 admin:build: build/client/assets/page-wrapper-DGP-TbZH.js                                    1.02 kB │ gzip:  0.49 kB
#134 347.0 admin:build: build/client/assets/404-bOjVHMs2.js                                             1.17 kB │ gzip:  0.62 kB
#134 347.0 admin:build: build/client/assets/controller-input-G2xFgPQf.js                                1.24 kB │ gzip:  0.59 kB
#134 347.0 admin:build: build/client/assets/monitor-outline-mJDbeTdR.js                                 1.43 kB │ gzip:  0.76 kB
#134 347.0 admin:build: build/client/assets/anchor-button-CSG9v4wL.js                                   1.60 kB │ gzip:  0.72 kB
#134 347.0 admin:build: build/client/assets/button-Bw3PC6il.js                                          1.76 kB │ gzip:  0.73 kB
#134 347.0 admin:build: build/client/assets/page-BfOrEq8V.js                                            2.23 kB │ gzip:  1.16 kB
#134 347.0 admin:build: build/client/assets/useLabelableId-BEGbWIxe.js                                  2.41 kB │ gzip:  1.16 kB
#134 347.0 admin:build: build/client/assets/show-outline-B3O-iLsw.js                                    2.53 kB │ gzip:  1.13 kB
#134 347.0 admin:build: build/client/assets/dist-DzF4Vrwp.js                                            3.28 kB │ gzip:  1.45 kB
#134 347.0 admin:build: build/client/assets/settings-outline-DgXOv6Rt.js                                3.33 kB │ gzip:  1.45 kB
#134 347.0 admin:build: build/client/assets/react-dom-ql0OLl_X.js                                       3.54 kB │ gzip:  1.34 kB
#134 347.0 admin:build: build/client/assets/store-D0-qMsfK.js                                           4.18 kB │ gzip:  1.93 kB
#134 347.0 admin:build: build/client/assets/switch-CBdPBcgs.js                                          4.27 kB │ gzip:  1.98 kB
#134 347.0 admin:build: build/client/assets/input-DtiFvGOR.js                                           4.31 kB │ gzip:  1.67 kB
#134 347.0 admin:build: build/client/assets/page-D349iEre.js                                            4.58 kB │ gzip:  1.81 kB
#134 347.0 admin:build: build/client/assets/page-Dz8dpfyU.js                                            4.94 kB │ gzip:  2.21 kB
#134 347.0 admin:build: build/client/assets/page-uGsuhRKn.js                                            4.96 kB │ gzip:  1.93 kB
#134 347.0 admin:build: build/client/assets/page-De0gSjib.js                                            5.96 kB │ gzip:  2.34 kB
#134 347.0 admin:build: build/client/assets/page-95rJkwTC.js                                            6.07 kB │ gzip:  2.40 kB
#134 347.0 admin:build: build/client/assets/page-rpV_11U5.js                                            6.85 kB │ gzip:  2.57 kB
#134 347.0 admin:build: build/client/assets/page-BU-Lt6-Q.js                                            6.98 kB │ gzip:  2.57 kB
#134 347.0 admin:build: build/client/assets/page-zYxwyE0r.js                                            7.06 kB │ gzip:  2.53 kB
#134 347.0 admin:build: build/client/assets/copy-field-CZQlAPrR.js                                      8.70 kB │ gzip:  3.71 kB
#134 347.0 admin:build: build/client/assets/page-91oc3GZx.js                                            8.75 kB │ gzip:  3.10 kB
#134 347.0 admin:build: build/client/assets/page-s7rHOpIy.js                                           10.18 kB │ gzip:  3.19 kB
#134 347.0 admin:build: build/client/assets/index-Cy4ddKoR.js                                          10.25 kB │ gzip:  4.72 kB
#134 347.0 admin:build: build/client/assets/root-B-QLa0Pp.js                                           11.01 kB │ gzip:  3.98 kB
#134 347.0 admin:build: build/client/assets/lib-B_iFmnw_.js                                            11.13 kB │ gzip:  4.51 kB
#134 347.0 admin:build: build/client/assets/dialog-CUsKueY2.js                                         11.79 kB │ gzip:  4.57 kB
#134 347.0 admin:build: build/client/assets/Button-jOqFQdgW.js                                         14.89 kB │ gzip:  5.71 kB
#134 347.0 admin:build: build/client/assets/icon-DmPEbyyh.js                                           16.42 kB │ gzip:  6.39 kB
#134 347.0 admin:build: build/client/assets/tooltip-BwiuO_2d.js                                        29.62 kB │ gzip: 10.26 kB
#134 347.0 admin:build: build/client/assets/index.esm-mSD8OV4N.js                                      31.00 kB │ gzip: 11.16 kB
#134 347.0 admin:build: build/client/assets/page-Bey7Qvyw.js                                           31.48 kB │ gzip:  9.76 kB
#134 347.0 admin:build: build/client/assets/toast-CzMzvZHp.js                                          33.22 kB │ gzip: 11.10 kB
#134 347.0 admin:build: build/client/assets/errorBoundaries-C9zRX8P3.js                                33.32 kB │ gzip: 11.64 kB
#134 347.0 admin:build: build/client/assets/transition-03q8Yi7b.js                                     33.57 kB │ gzip: 12.23 kB
#134 347.0 admin:build: build/client/assets/positioner-3fIV8OgO.js                                     38.71 kB │ gzip: 14.33 kB
#134 347.0 admin:build: build/client/assets/select-trigger-CfXecgYp.js                                 53.02 kB │ gzip: 18.91 kB
#134 347.0 admin:build: build/client/assets/dist-DN-uzIb_2.js                                          70.87 kB │ gzip: 26.17 kB
#134 347.0 admin:build: build/client/assets/layout-Dp1iOJB-.js                                         77.59 kB │ gzip: 25.79 kB
#134 347.0 admin:build: build/client/assets/jsx-runtime-BFXHAw-U.js                                    84.18 kB │ gzip: 27.95 kB
#134 347.0 admin:build: build/client/assets/use-user-DhkcCfeT.js                                      146.84 kB │ gzip: 45.02 kB
#134 347.0 admin:build: build/client/assets/entry.client-XFJwu2Eq.js                                  182.47 kB │ gzip: 57.79 kB
#134 347.0 admin:build: 
#134 347.0 admin:build: [33m[33m[PLUGIN_TIMINGS] [0mYour build spent significant time in plugins. Here is a breakdown:
#134 347.0 admin:build:   - react-router:virtual-modules (51%)
#134 347.0 admin:build:   - react-router:dot-server (36%)
#134 347.0 admin:build:   - react-router:inject-hmr-runtime (8%)
#134 347.0 admin:build: See https://rolldown.rs/options/checks#plugintimings for more details.
#134 347.0 admin:build: [39m
#134 347.1 admin:build: [32m✓ built in 1m 43s[39m
#134 347.1 admin:build: [36mvite v8.0.16 [32mbuilding ssr environment for production...[36m[39m
#134 358.7 admin:build: [2Kadmin:build: transforming...✓ 197 modules transformed.
#134 359.1 admin:build: rendering chunks...
#134 359.4 admin:build: 
#134 359.4 admin:build: [32m✓[39m 33 assets cleaned from React Router server build.
#134 359.4 admin:build: [2mbuild/client/assets/globals-C3o653-Q.css[22m
#134 359.4 admin:build: [2mbuild/client/assets/apple-touch-icon-BmADsVmV.png[22m
#134 359.4 admin:build: [2mbuild/client/assets/favicon-16x16-B_Opgp1K.png[22m
#134 359.4 admin:build: [2mbuild/client/assets/favicon-32x32-cfWXc3P9.png[22m
#134 359.4 admin:build: [2mbuild/client/assets/favicon-DJlV-mcI.ico[22m
#134 359.4 admin:build: [2mbuild/client/assets/logo-spinner-dark-Cc1AqekO.gif[22m
#134 359.4 admin:build: [2mbuild/client/assets/logo-spinner-light-DmBc4A-4.gif[22m
#134 359.4 admin:build: [2mbuild/client/assets/inter-latin-wght-normal-Dx4kXJAl.woff2[22m
#134 359.4 admin:build: [2mbuild/client/assets/inter-cyrillic-ext-wght-normal-BOeWTOD4.woff2[22m
#134 359.4 admin:build: [2mbuild/client/assets/inter-cyrillic-wght-normal-DqGufNeO.woff2[22m
#134 359.4 admin:build: [2mbuild/client/assets/inter-greek-ext-wght-normal-DlzME5K_.woff2[22m
#134 359.4 admin:build: [2mbuild/client/assets/inter-greek-wght-normal-CkhJZR-_.woff2[22m
#134 359.4 admin:build: [2mbuild/client/assets/inter-vietnamese-wght-normal-CBcvBZtf.woff2[22m
#134 359.4 admin:build: [2mbuild/client/assets/inter-latin-ext-wght-normal-DO1Apj_S.woff2[22m
#134 359.4 admin:build: [2mbuild/client/assets/material-symbols-rounded-latin-100-normal-StOoOijZ.woff2[22m
#134 359.4 admin:build: [2mbuild/client/assets/material-symbols-rounded-latin-100-normal-CyR9BGN8.woff[22m
#134 359.4 admin:build: [2mbuild/client/assets/material-symbols-rounded-latin-200-normal-Dy_97ylg.woff2[22m
#134 359.4 admin:build: [2mbuild/client/assets/material-symbols-rounded-latin-200-normal-B9_93z2O.woff[22m
#134 359.4 admin:build: [2mbuild/client/assets/material-symbols-rounded-latin-300-normal-CGYRw1-j.woff2[22m
#134 359.4 admin:build: [2mbuild/client/assets/material-symbols-rounded-latin-300-normal-CexQLkYr.woff[22m
#134 359.4 admin:build: [2mbuild/client/assets/material-symbols-rounded-latin-400-normal-BVRwnNJJ.woff2[22m
#134 359.4 admin:build: [2mbuild/client/assets/material-symbols-rounded-latin-400-normal-3TtrvaAx.woff[22m
#134 359.4 admin:build: [2mbuild/client/assets/ibm-plex-mono-cyrillic-ext-400-normal-xuaO2J-f.woff2[22m
#134 359.4 admin:build: [2mbuild/client/assets/ibm-plex-mono-cyrillic-ext-400-normal-DMdlQ8Kv.woff[22m
#134 359.4 admin:build: [2mbuild/client/assets/ibm-plex-mono-cyrillic-400-normal-BSMlKf0J.woff2[22m
#134 359.4 admin:build: [2mbuild/client/assets/ibm-plex-mono-cyrillic-400-normal-CEL4l2ZJ.woff[22m
#134 359.4 admin:build: [2mbuild/client/assets/ibm-plex-mono-vietnamese-400-normal-BulugwFq.woff2[22m
#134 359.4 admin:build: [2mbuild/client/assets/ibm-plex-mono-vietnamese-400-normal-DDuiU_S-.woff[22m
#134 359.4 admin:build: [2mbuild/client/assets/ibm-plex-mono-latin-ext-400-normal-BmRBH3aV.woff2[22m
#134 359.4 admin:build: [2mbuild/client/assets/ibm-plex-mono-latin-ext-400-normal-D3D2R8hC.woff[22m
#134 359.4 admin:build: [2mbuild/client/assets/ibm-plex-mono-latin-400-normal-DMJ8VG8y.woff2[22m
#134 359.4 admin:build: [2mbuild/client/assets/ibm-plex-mono-latin-400-normal-CvHOgSBP.woff[22m
#134 359.4 admin:build: [2mbuild/server/assets/server-build-CUojeknF.css[22m
#134 359.4 admin:build: 
#134 359.4 admin:build: computing gzip size...
#134 359.5 admin:build: build/server/assets/favicon-16x16-B_Opgp1K.png                                  0.46 kB
#134 359.5 admin:build: build/server/assets/favicon-32x32-cfWXc3P9.png                                  0.76 kB
#134 359.5 admin:build: build/server/assets/ibm-plex-mono-vietnamese-400-normal-DDuiU_S-.woff           5.62 kB
#134 359.5 admin:build: build/server/assets/ibm-plex-mono-cyrillic-ext-400-normal-DMdlQ8Kv.woff         5.82 kB
#134 359.5 admin:build: build/server/assets/ibm-plex-mono-vietnamese-400-normal-BulugwFq.woff2          5.86 kB
#134 359.5 admin:build: build/server/assets/apple-touch-icon-BmADsVmV.png                               6.29 kB
#134 359.5 admin:build: build/server/assets/ibm-plex-mono-cyrillic-ext-400-normal-xuaO2J-f.woff2        6.91 kB
#134 359.5 admin:build: build/server/assets/ibm-plex-mono-cyrillic-400-normal-CEL4l2ZJ.woff             7.20 kB
#134 359.5 admin:build: build/server/assets/ibm-plex-mono-cyrillic-400-normal-BSMlKf0J.woff2            8.35 kB
#134 359.5 admin:build: build/server/assets/inter-vietnamese-wght-normal-CBcvBZtf.woff2                10.25 kB
#134 359.5 admin:build: build/server/assets/inter-greek-ext-wght-normal-DlzME5K_.woff2                 11.23 kB
#134 359.5 admin:build: build/server/assets/ibm-plex-mono-latin-ext-400-normal-D3D2R8hC.woff           11.76 kB
#134 359.5 admin:build: build/server/assets/ibm-plex-mono-latin-400-normal-CvHOgSBP.woff               13.14 kB
#134 359.5 admin:build: build/server/.vite/manifest.json                                               13.17 kB │ gzip:   1.17 kB
#134 359.5 admin:build: build/server/assets/ibm-plex-mono-latin-ext-400-normal-BmRBH3aV.woff2          13.34 kB
#134 359.5 admin:build: build/server/assets/ibm-plex-mono-latin-400-normal-DMJ8VG8y.woff2              14.70 kB
#134 359.5 admin:build: build/server/assets/favicon-DJlV-mcI.ico                                       15.40 kB
#134 359.5 admin:build: build/server/assets/inter-cyrillic-wght-normal-DqGufNeO.woff2                  18.74 kB
#134 359.5 admin:build: build/server/assets/inter-greek-wght-normal-CkhJZR-_.woff2                     18.99 kB
#134 359.5 admin:build: build/server/assets/inter-cyrillic-ext-wght-normal-BOeWTOD4.woff2              25.96 kB
#134 359.5 admin:build: build/server/assets/inter-latin-wght-normal-Dx4kXJAl.woff2                     48.25 kB
#134 359.5 admin:build: build/server/assets/inter-latin-ext-wght-normal-DO1Apj_S.woff2                 85.06 kB
#134 359.5 admin:build: build/server/assets/material-symbols-rounded-latin-400-normal-BVRwnNJJ.woff2  348.77 kB
#134 359.5 admin:build: build/server/assets/material-symbols-rounded-latin-100-normal-StOoOijZ.woff2  363.56 kB
#134 359.5 admin:build: build/server/assets/material-symbols-rounded-latin-300-normal-CGYRw1-j.woff2  388.05 kB
#134 359.5 admin:build: build/server/assets/material-symbols-rounded-latin-200-normal-Dy_97ylg.woff2  389.09 kB
#134 359.5 admin:build: build/server/assets/logo-spinner-light-DmBc4A-4.gif                           427.96 kB
#134 359.5 admin:build: build/server/assets/material-symbols-rounded-latin-400-normal-3TtrvaAx.woff   454.56 kB
#134 359.5 admin:build: build/server/assets/material-symbols-rounded-latin-100-normal-CyR9BGN8.woff   485.69 kB
#134 359.5 admin:build: build/server/assets/material-symbols-rounded-latin-300-normal-CexQLkYr.woff   506.70 kB
#134 359.5 admin:build: build/server/assets/material-symbols-rounded-latin-200-normal-B9_93z2O.woff   507.90 kB
#134 359.5 admin:build: build/server/assets/logo-spinner-dark-Cc1AqekO.gif                            976.39 kB
#134 359.5 admin:build: build/server/assets/server-build-CUojeknF.css                                   7.43 kB │ gzip:   1.56 kB
#134 359.5 admin:build: build/server/assets/globals-C3o653-Q.css                                      170.03 kB │ gzip:  24.64 kB
#134 359.5 admin:build: build/server/index.js                                                         575.48 kB │ gzip: 112.14 kB
#134 359.5 admin:build: 
#134 359.5 admin:build: [32m✓ built in 12.41s[39m
#134 359.5 admin:build: [33m[33m[PLUGIN_TIMINGS] [0mYour build spent significant time in plugins. Here is a breakdown:
#134 359.5 admin:build:   - react-router:inject-hmr-runtime (23%)
#134 359.5 admin:build:   - react-router:virtual-modules (20%)
#134 359.5 admin:build:   - react-router (10%)
#134 359.5 admin:build:   - vite:css (9%)
#134 359.5 admin:build:   - vite-tsconfig-paths (8%)
#134 359.5 admin:build: See https://rolldown.rs/options/checks#plugintimings for more details.
#134 359.5 admin:build: [39m
#134 377.4 admin:build: Error: Prerender: Request failed for /god-mode/: The operation was aborted due to timeout
#134 377.4 admin:build:     at defaultHandleError (file:///app/node_modules/.pnpm/@react-router+dev@8.3.0_@react-router+serve@8.3.0_react-router@8.3.0_react-dom@19.2.8_r_9854e2c15c95b8451927322c02cc1058/node_modules/@react-router/dev/dist/vite.js:887:8)
#134 377.4 admin:build:     at attempt (file:///app/node_modules/.pnpm/@react-router+dev@8.3.0_@react-router+serve@8.3.0_react-router@8.3.0_react-dom@19.2.8_r_9854e2c15c95b8451927322c02cc1058/node_modules/@react-router/dev/dist/vite.js:835:11)
#134 377.4 admin:build:     at process.processTicksAndRejections (node:internal/process/task_queues:103:5)
#134 377.4 admin:build:     at async prerender (file:///app/node_modules/.pnpm/@react-router+dev@8.3.0_@react-router+serve@8.3.0_react-router@8.3.0_react-dom@19.2.8_r_9854e2c15c95b8451927322c02cc1058/node_modules/@react-router/dev/dist/vite.js:842:64)
#134 377.4 admin:build:     at async default.concurrency.concurrency (file:///app/node_modules/.pnpm/@react-router+dev@8.3.0_@react-router+serve@8.3.0_react-router@8.3.0_react-dom@19.2.8_r_9854e2c15c95b8451927322c02cc1058/node_modules/@react-router/dev/dist/vite.js:859:9)
#134 377.4 admin:build:     at async file:///app/node_modules/.pnpm/p-map@7.0.6/node_modules/p-map/index.js:122:20
#134 377.8 admin:build: [ELIFECYCLE] Command failed with exit code 1.
#134 378.0 admin#build:  ERROR  command (/app/apps/admin) /usr/local/bin/pnpm run build exited (1)
#134 378.0 
#134 378.0  Tasks:    5 successful, 6 total
#134 378.0 Cached:    0 cached, 6 total
#134 378.0   Time:    6m9.812s 
#134 378.0 Failed:    admin#build
#134 378.0 
#134 378.3  ERROR  run failed: command  exited (1)
#134 ERROR: process "/bin/sh -c pnpm turbo run build --filter=admin" did not complete successfully: exit code: 1

#102 [space installer 8/8] RUN pnpm turbo run build --filter=space
#102 ...

#86 [admin caddy-builder 2/2] RUN xcaddy build     --with github.com/mholt/caddy-ratelimit
#86 CANCELED

#122 [live installer 12/12] RUN pnpm turbo run build --filter=live
#122 ...

#132 [web installer 12/12] RUN pnpm turbo run build --filter=web --force     && printf '%s\n' "689983cc069ff04626b5ee9bb76b507f1c85a285c94e38e4a3cb6c7ad4654290" > /app/apps/web/build/client/deployment-source.txt
#132 CANCELED

#122 [live installer 12/12] RUN pnpm turbo run build --filter=live
#122 CANCELED

#102 [space installer 8/8] RUN pnpm turbo run build --filter=space
#102 CANCELED
------
 > [admin installer 8/8] RUN pnpm turbo run build --filter=admin:
377.4 admin:build:     at async file:///app/node_modules/.pnpm/p-map@7.0.6/node_modules/p-map/index.js:122:20
377.8 admin:build: [ELIFECYCLE] Command failed with exit code 1.
378.0 admin#build:  ERROR  command (/app/apps/admin) /usr/local/bin/pnpm run build exited (1)
378.0 
378.0  Tasks:    5 successful, 6 total
378.0 Cached:    0 cached, 6 total
378.0   Time:    6m9.812s 
378.0 Failed:    admin#build
378.0 
378.3  ERROR  run failed: command  exited (1)
------
Dockerfile.admin:74

--------------------

  72 |     

  73 |     # Build only the admin package

  74 | >>> RUN pnpm turbo run build --filter=admin

  75 |     

  76 |     # *****************************************************************************

--------------------

target admin: failed to solve: process "/bin/sh -c pnpm turbo run build --filter=admin" did not complete successfully: exit code: 1

NAME                     IMAGE                                                                     COMMAND                  SERVICE       CREATED          STATUS                    PORTS
admin                    sha256:eb6c9ad747e44a4d15e63a59821b028c71558892352a4ba0a1f2dfe8cd36b9d1   "caddy run --config …"   admin         7 days ago       Up 7 days (healthy)       80/tcp, 443/tcp, 2019/tcp, 3000/tcp, 443/udp
api                      sha256:4b1737bda1b48165f5c86a10e4bb417f1c4baed27eb2d47b9e9c4fa9689bd164   "./bin/docker-entryp…"   api           4 days ago       Up 4 days                 8000/tcp
beatworker               sha256:73398b249bf7878945c8baab524d8661ee6cc7d6bbcfdf927a680c4615df7ee0   "./bin/docker-entryp…"   beat-worker   4 days ago       Up 4 days                 8000/tcp
bgworker                 sha256:63fa5e76ac54f38d183ef4bd2b19b85654160df13ca7f185ab49db35781a7c5a   "./bin/docker-entryp…"   worker        4 days ago       Up 4 days                 8000/tcp
copilot                  sha256:270482ae4a63ec4dc2d0e930ae7e4c3acd8d26cb20532dd7ec1ccd80ea53bfbf   "docker-entrypoint.s…"   copilot       37 hours ago     Up 37 hours (healthy)     8200/tcp
plane-db                 postgres:15.7-alpine                                                      "docker-entrypoint.s…"   plane-db      6 days ago       Up 6 days                 5432/tcp
plane-live               sha256:da6c350f5b48ff3ffbb0b249b48aa304bee1e6be93a27b5b22b8ca8c63e9f48a   "docker-entrypoint.s…"   live          4 days ago       Up 4 days                 3000/tcp
plane-minio              minio/minio                                                               "/usr/bin/docker-ent…"   plane-minio   13 days ago      Up 7 days                 9000/tcp
plane-mq                 rabbitmq:3.13.6-management-alpine                                         "docker-entrypoint.s…"   plane-mq      13 days ago      Up 7 days                 4369/tcp, 5671-5672/tcp, 15671-15672/tcp, 15691-15692/tcp, 25672/tcp
plane-redis              valkey/valkey:7.2.11-alpine                                               "docker-entrypoint.s…"   plane-redis   13 days ago      Up 7 days                 6379/tcp
proxy                    sha256:54e1640e1bf3479d92bd001971a0b308672d2970109332ae3744a90407044c5c   "caddy run --config …"   proxy         5 days ago       Up 5 days                 0.0.0.0:80->80/tcp, [::]:80->80/tcp, 0.0.0.0:443->443/tcp, [::]:443->443/tcp, 443/udp, 2019/tcp
space                    sha256:7178d0c8b646618f8c9a518c71aed1ba7cce0e4fa8354b92b299b61607d69db0   "docker-entrypoint.s…"   space         4 days ago       Up 4 days (healthy)       3000/tcp
ten-fold-plane-grist-1   gristlabs/grist:1.7.16                                                    "./sandbox/docker_en…"   grist         11 minutes ago   Up 11 minutes (healthy)   8484/tcp
web                      ten-fold-plane-web                                                        "caddy run --config …"   web           37 hours ago     Up 37 hours (healthy)     80/tcp, 443/tcp, 2019/tcp, 3000/tcp, 443/udp
{"Status":"healthy","FailingStreak":0,"Log":[{"Start":"2026-09-18T12:45:55.347926933Z","End":"2026-09-18T12:45:56.012922841Z","ExitCode":0,"Output":""},{"Start":"2026-09-18T12:46:11.019128135Z","End":"2026-09-18T12:46:11.888548653Z","ExitCode":0,"Output":""},{"Start":"2026-09-18T12:46:26.891353945Z","End":"2026-09-18T12:46:27.602437515Z","ExitCode":0,"Output":""},{"Start":"2026-09-18T12:46:42.604853321Z","End":"2026-09-18T12:46:43.396842058Z","ExitCode":0,"Output":""},{"Start":"2026-09-18T12:46:58.398855773Z","End":"2026-09-18T12:46:59.188253554Z","ExitCode":0,"Output":""}]}
beatworker  | Waiting for database...
beatworker  | Database available!
beatworker  | No migrations Pending. Starting processes ...
beatworker  | celery beat v5.5.3 (immunity) is starting.
beatworker  | __    -    ... __   -        _
beatworker  | LocalTime -> 2026-09-13 20:57:53
beatworker  | Configuration ->
beatworker  |     . broker -> amqp://plane:**@plane-mq:5672/plane
beatworker  |     . loader -> celery.loaders.app.AppLoader
beatworker  |     . scheduler -> django_celery_beat.schedulers.DatabaseScheduler
beatworker  | 
beatworker  |     . logfile -> [stderr]@%INFO
beatworker  |     . maxinterval -> 5.00 seconds (5s)
beatworker  | [2026-09-13 20:57:54,451: INFO/MainProcess] DatabaseScheduler: Schedule changed.
beatworker  | {"levelname": "INFO", "asctime": "2026-09-13 20:57:54,451", "module": "schedulers", "name": "django_celery_beat.schedulers", "message": "DatabaseScheduler: Schedule changed."}
space       | GET /spaces/ 200 - - 60.557 ms
space       | GET /spaces/ 200 - - 17.018 ms
space       | GET /spaces/ 200 - - 23.312 ms
space       | GET /spaces/ 200 - - 24.282 ms
space       | GET /spaces/ 200 - - 19.419 ms
space       | GET /spaces/ 200 - - 26.065 ms
space       | GET /spaces/ 200 - - 71.903 ms
space       | GET /spaces/ 200 - - 74.404 ms
space       | GET /spaces/ 200 - - 44.221 ms
space       | GET /spaces/ 200 - - 7.087 ms
space       | GET /spaces/ 200 - - 12.563 ms
space       | GET /spaces/ 200 - - 23.387 ms
space       | GET /spaces/ 200 - - 2.104 ms
space       | GET /spaces/ 200 - - 6.626 ms
space       | GET /spaces/ 200 - - 2.882 ms
space       | GET /spaces/ 200 - - 3.459 ms
space       | GET /spaces/ 200 - - 4.477 ms
space       | GET /spaces/ 200 - - 3.594 ms
space       | GET /spaces/ 200 - - 2.418 ms
space       | GET /spaces/ 200 - - 3.713 ms
space       | GET /spaces/ 200 - - 2.485 ms
space       | GET /spaces/ 200 - - 3.063 ms
space       | GET /spaces/ 200 - - 4.722 ms
space       | GET /spaces/ 200 - - 3.186 ms
space       | GET /spaces/ 200 - - 4.153 ms
space       | GET /spaces/ 200 - - 6.292 ms
space       | GET /spaces/ 200 - - 26.995 ms
space       | GET /spaces/ 200 - - 23.089 ms
space       | GET /spaces/ 200 - - 22.698 ms
space       | GET /spaces/ 200 - - 17.545 ms
space       | GET /spaces/ 200 - - 14.292 ms
space       | GET /spaces/ 200 - - 50.881 ms
space       | GET /spaces/ 200 - - 27.609 ms
space       | GET /spaces/ 200 - - 34.546 ms
space       | GET /spaces/ 200 - - 16.364 ms
space       | GET /spaces/ 200 - - 40.449 ms
space       | GET /spaces/ 200 - - 35.300 ms
grist-1     | gvisor check ok (flags: -unprivileged -ignore-cgroups)
grist-1     | 2026-09-18 12:35:49.108 - [32minfo[39m: Loading config file from /persist/config.json
grist-1     | 2026-09-18 12:35:49.124 - [34mdebug[39m: 3-pipe Sandbox started sandboxPid=67, flavor=gvisor, command=undefined, entryPoint=(default)
grist-1     | 2026-09-18 12:35:49.369 - [32minfo[39m: Sandbox stderr: run.py: sandbox/gvisor/run.py -E PYTHONPATH=/grist/sandbox/grist -E PIPE_MODE=minimal -m /grist/sandbox --checkpoint /tmp/engine__grist python3 -- /grist/sandbox/grist/main.py sandboxPid=67, flavor=gvisor, command=undefined, entryPoint=(default)
grist-1     | 2026-09-18 12:35:51.969 - [32minfo[39m: Sandbox stderr: Ready message: [INFO] [__main__] Ready sandboxPid=67, flavor=gvisor, command=undefined, entryPoint=(default)
grist-1     | 2026-09-18 12:35:56.632 - [32minfo[39m: Loading config file from /persist/config.json
grist-1     | Welcome to Grist.
grist-1     | In quiet mode, see http://localhost:8484 to use.
grist-1     | For full logs, re-run with DEBUG=1
grist-1     | 2026-09-18 12:35:58.067 - [32minfo[39m: RestartShell: starting
grist-1     | 2026-09-18 12:35:58.083 - [32minfo[39m: RestartShell: listening on port 8484
grist-1     | 2026-09-18 12:35:58.084 - [32minfo[39m: RestartShell: spawning child
grist-1     | Welcome to Grist.
grist-1     | In quiet mode, see http://localhost:8484 to use.
grist-1     | For full logs, re-run with DEBUG=1
grist-1     | ┌────────────────────────────────────────┐
grist-1     | │                                        │
grist-1     | │   BOOT KEY: 68b0a44fbef6c1fa2fb5bc7f   │
grist-1     | │                                        │
grist-1     | │   Use this key at /boot to sign in.    │
grist-1     | │                                        │
grist-1     | └────────────────────────────────────────┘
grist-1     | 2026-09-18 12:36:04.358 - [32minfo[39m: RestartShell: child ready
space       | GET /spaces/ 200 - - 13.294 ms
space       | GET /spaces/ 200 - - 13.341 ms
space       | GET /spaces/ 200 - - 7.511 ms
space       | GET /spaces/ 200 - - 14.640 ms
space       | GET /spaces/ 200 - - 14.980 ms
space       | GET /spaces/ 200 - - 17.447 ms
space       | GET /spaces/ 200 - - 41.378 ms
space       | GET /spaces/ 200 - - 25.025 ms
space       | GET /spaces/ 200 - - 34.960 ms
space       | GET /spaces/ 200 - - 12.421 ms
space       | GET /spaces/ 200 - - 7.007 ms
space       | GET /spaces/ 200 - - 5.245 ms
space       | GET /spaces/ 200 - - 40.909 ms
space       | GET /spaces/ 200 - - 3.134 ms
space       | GET /spaces/ 200 - - 3.822 ms
space       | GET /spaces/ 200 - - 4.202 ms
space       | GET /spaces/ 200 - - 5.397 ms
space       | GET /spaces/ 200 - - 11.156 ms
space       | GET /spaces/ 200 - - 4.324 ms
space       | GET /spaces/ 200 - - 9.472 ms
space       | GET /spaces/ 200 - - 5.957 ms
space       | GET /spaces/ 200 - - 4.527 ms
space       | GET /spaces/ 200 - - 2.989 ms
space       | GET /spaces/ 200 - - 3.724 ms
space       | GET /spaces/ 200 - - 4.633 ms
space       | GET /spaces/ 200 - - 3.416 ms
space       | GET /spaces/ 200 - - 3.117 ms
space       | GET /spaces/ 200 - - 4.777 ms
space       | GET /spaces/ 200 - - 5.684 ms
space       | GET /spaces/ 200 - - 3.046 ms
space       | GET /spaces/ 200 - - 5.093 ms
space       | GET /spaces/ 200 - - 3.580 ms
space       | GET /spaces/ 200 - - 2.932 ms
space       | GET /spaces/ 200 - - 3.921 ms
space       | GET /spaces/ 200 - - 3.198 ms
space       | GET /spaces/ 200 - - 13.456 ms
space       | GET /spaces/ 200 - - 3.339 ms
space       | GET /spaces/ 200 - - 2.718 ms
space       | GET /spaces/ 200 - - 3.233 ms
space       | GET /spaces/ 200 - - 3.902 ms
space       | GET /spaces/ 200 - - 38.770 ms
space       | GET /spaces/ 200 - - 5.921 ms
space       | GET /spaces/ 200 - - 3.179 ms
space       | GET /spaces/ 200 - - 35.843 ms
space       | GET /spaces/ 200 - - 59.067 ms
space       | GET /spaces/ 200 - - 89.943 ms
space       | GET /spaces/ 200 - - 181.330 ms
space       | GET /spaces/ 200 - - 57.491 ms
space       | GET /spaces/ 200 - - 72.177 ms
space       | GET /spaces/ 200 - - 59.968 ms
space       | GET /spaces/ 200 - - 49.010 ms
space       | GET /spaces/ 200 - - 11.320 ms
space       | GET /spaces/ 200 - - 23.005 ms
space       | GET /spaces/ 200 - - 4.494 ms
space       | GET /spaces/ 200 - - 38.154 ms
space       | GET /spaces/ 200 - - 69.438 ms
space       | GET /spaces/ 200 - - 31.209 ms
space       | GET /spaces/ 200 - - 37.424 ms
space       | GET /spaces/ 200 - - 12.998 ms
space       | GET /spaces/ 200 - - 22.043 ms
space       | GET /spaces/ 200 - - 44.070 ms
space       | GET /spaces/ 200 - - 18.229 ms
space       | GET /spaces/ 200 - - 9.629 ms
copilot     | Scope: all 3 workspace projects
copilot     | ✓ Lockfile passes supply-chain policies (verified 5m ago)
copilot     | Lockfile is up to date, resolution step is skipped
copilot     | Already up to date
copilot     | 
copilot     |    ╭──────────────────────────────────────────────╮
copilot     |    │                                              │
copilot     |    │     Update available! 11.10.0 → 12.4.2.      │
copilot     |    │     Changelog: https://pnpm.io/v/12.4.2      │
copilot     |    │   To update, run: corepack use pnpm@12.4.2   │
copilot     |    │                                              │
copilot     |    ╰──────────────────────────────────────────────╯
copilot     | 
copilot     | 
copilot     | . prepare$ husky
copilot     | . prepare: .git can't be found
copilot     | . prepare: Done
copilot     | Done in 3.4s using pnpm v11.10.0
copilot     | $ tsx src/main.ts
copilot     | [CopilotKit Runtime] anonymous telemetry enabled — see https://docs.copilotkit.ai/telemetry to opt out (set COPILOTKIT_TELEMETRY_DISABLED=true).
copilot     | Copilot runtime listening on 8200
copilot     | {
copilot     |   status: 404,
copilot     |   body: '{"error":{"code":"THREAD_NOT_FOUND","message":"Thread not found.","category":"not_found","retryable":false},"requestId":"c0526730-09d2-43e8-a1f4-e6a0749c3f49","traceId":"fb6e6982b0acc2b61a9152a28f47244a"}',
copilot     |   path: '/api/threads/c82ee69f-56f3-41f9-bae5-403bc5c83f3f?userId=57ff78ef-f40f-4d8d-bca3-7e302fe916ca'
copilot     | } Intelligence platform request failed
copilot     | AI SDK Warning: System messages in the prompt or messages fields can be a security risk because they may enable prompt injection attacks. Use the system option instead when possible. Set allowSystemInMessages to true to suppress this warning, or false to throw an error.
copilot     | AI SDK Warning: System messages in the prompt or messages fields can be a security risk because they may enable prompt injection attacks. Use the system option instead when possible. Set allowSystemInMessages to true to suppress this warning, or false to throw an error.
copilot     | AI SDK Warning: System messages in the prompt or messages fields can be a security risk because they may enable prompt injection attacks. Use the system option instead when possible. Set allowSystemInMessages to true to suppress this warning, or false to throw an error.
copilot     | AI SDK Warning: System messages in the prompt or messages fields can be a security risk because they may enable prompt injection attacks. Use the system option instead when possible. Set allowSystemInMessages to true to suppress this warning, or false to throw an error.
copilot     | AI SDK Warning: System messages in the prompt or messages fields can be a security risk because they may enable prompt injection attacks. Use the system option instead when possible. Set allowSystemInMessages to true to suppress this warning, or false to throw an error.
copilot     | {
copilot     |   status: 404,
copilot     |   body: '{"error":{"code":"THREAD_NOT_FOUND","message":"Thread not found.","category":"not_found","retryable":false},"requestId":"877c65b8-6979-4ba8-bb72-60fd137f3baf","traceId":"216b1553f4d480a239e89fd866112d56"}',
copilot     |   path: '/api/threads/c5a79d4f-91ad-4f79-b35a-cb0d04096008?userId=57ff78ef-f40f-4d8d-bca3-7e302fe916ca'
copilot     | } Intelligence platform request failed
copilot     | AI SDK Warning: System messages in the prompt or messages fields can be a security risk because they may enable prompt injection attacks. Use the system option instead when possible. Set allowSystemInMessages to true to suppress this warning, or false to throw an error.
copilot     | AI SDK Warning: System messages in the prompt or messages fields can be a security risk because they may enable prompt injection attacks. Use the system option instead when possible. Set allowSystemInMessages to true to suppress this warning, or false to throw an error.
copilot     | AI SDK Warning: System messages in the prompt or messages fields can be a security risk because they may enable prompt injection attacks. Use the system option instead when possible. Set allowSystemInMessages to true to suppress this warning, or false to throw an error.
copilot     | AI SDK Warning: System messages in the prompt or messages fields can be a security risk because they may enable prompt injection attacks. Use the system option instead when possible. Set allowSystemInMessages to true to suppress this warning, or false to throw an error.
copilot     | {
copilot     |   status: 404,
copilot     |   body: '{"error":{"code":"THREAD_NOT_FOUND","message":"Thread not found.","category":"not_found","retryable":false},"requestId":"3f48052e-dc17-447d-a61e-097426771e59","traceId":"f366c4dd2e40090b2b54fbec1d724c30"}',
copilot     |   path: '/api/threads/3487ec3c-d183-44e8-bd94-544e0cad3226?userId=57ff78ef-f40f-4d8d-bca3-7e302fe916ca'
copilot     | } Intelligence platform request failed
copilot     | AI SDK Warning: System messages in the prompt or messages fields can be a security risk because they may enable prompt injection attacks. Use the system option instead when possible. Set allowSystemInMessages to true to suppress this warning, or false to throw an error.
copilot     | AI SDK Warning: System messages in the prompt or messages fields can be a security risk because they may enable prompt injection attacks. Use the system option instead when possible. Set allowSystemInMessages to true to suppress this warning, or false to throw an error.
plane-live  | {"level":"info","message":"REDIS_MANAGER: Redis client connected","timestamp":"2026-09-13 20:57:35:5735"}
proxy       | {"level":"info","ts":1789259317.1326776,"msg":"maxprocs: Leaving GOMAXPROCS=2: CPU quota undefined"}
proxy       | {"level":"info","ts":1789259317.1327143,"msg":"GOMEMLIMIT is updated","GOMEMLIMIT":3695486976,"previous":9223372036854775807}
proxy       | {"level":"info","ts":1789259317.1327205,"msg":"using config from file","file":"/etc/caddy/Caddyfile"}
proxy       | {"level":"info","ts":1789259317.1327245,"msg":"adapted config to JSON","adapter":"caddyfile"}
proxy       | {"level":"warn","ts":1789259317.1327279,"msg":"Caddyfile input is not formatted; run 'caddy fmt --overwrite' to fix inconsistencies","adapter":"caddyfile","file":"/etc/caddy/Caddyfile","line":6}
proxy       | {"level":"info","ts":1789259317.1346722,"logger":"admin","msg":"admin endpoint started","address":"localhost:2019","enforce_origin":false,"origins":["//127.0.0.1:2019","//localhost:2019","//[::1]:2019"]}
proxy       | {"level":"info","ts":1789259317.1354845,"logger":"tls.cache.maintenance","msg":"started background certificate maintenance","cache":"0x3bb9f6fbc80"}
proxy       | {"level":"warn","ts":1789259317.1378953,"logger":"tls","msg":"stapling OCSP","error":"no OCSP stapling for [cloudflare origin certificate *.ten-fold.co ten-fold.co]: no URL to issuing certificate"}
proxy       | {"level":"info","ts":1789259317.138153,"logger":"http.auto_https","msg":"skipping automatic certificate management because one or more matching certificates are already loaded","domain":"ten-fold.co","server_name":"srv0"}
proxy       | {"level":"info","ts":1789259317.1381795,"logger":"http.auto_https","msg":"enabling automatic HTTP->HTTPS redirects","server_name":"srv0"}
proxy       | {"level":"info","ts":1789259317.1437297,"logger":"http","msg":"enabling HTTP/3 listener","addr":":443"}
proxy       | {"level":"info","ts":1789259317.1442597,"msg":"failed to sufficiently increase receive buffer size (was: 208 kiB, wanted: 7168 kiB, got: 416 kiB). See https://github.com/quic-go/quic-go/wiki/UDP-Buffer-Sizes for details."}
proxy       | {"level":"info","ts":1789259317.144544,"logger":"http.log","msg":"server running","name":"srv0","protocols":["h1","h2","h3"]}
proxy       | {"level":"warn","ts":1789259317.144675,"logger":"http","msg":"HTTP/2 skipped because it requires TLS","network":"tcp","addr":":80"}
proxy       | {"level":"warn","ts":1789259317.1446834,"logger":"http","msg":"HTTP/3 skipped because it requires TLS","network":"tcp","addr":":80"}
proxy       | {"level":"info","ts":1789259317.144687,"logger":"http.log","msg":"server running","name":"remaining_auto_https_redirects","protocols":["h1","h2","h3"]}
proxy       | {"level":"info","ts":1789259317.1460361,"msg":"autosaved config (load with --resume flag)","file":"/config/caddy/autosave.json"}
proxy       | {"level":"info","ts":1789259317.1460636,"msg":"serving initial configuration"}
proxy       | {"level":"info","ts":1789259317.1492035,"logger":"tls","msg":"storage cleaning happened too recently; skipping for now","storage":"FileStorage:/data/caddy","instance":"77e55490-db37-484a-94c1-2ea34d0898a3","try_again":1789345717.1491992,"try_again_in":86399.999999075}
proxy       | {"level":"info","ts":1789259317.1493917,"logger":"tls","msg":"finished cleaning storage units"}
proxy       | {"level":"info","ts":1789345717.1564126,"logger":"tls","msg":"cleaning storage unit","storage":"FileStorage:/data/caddy"}
proxy       | {"level":"info","ts":1789345717.1636028,"logger":"tls","msg":"finished cleaning storage units"}
proxy       | {"level":"info","ts":1789432117.1488166,"logger":"tls","msg":"storage cleaning happened too recently; skipping for now","storage":"FileStorage:/data/caddy","instance":"77e55490-db37-484a-94c1-2ea34d0898a3","try_again":1789518517.148811,"try_again_in":86399.999999234}
proxy       | {"level":"info","ts":1789432117.1493468,"logger":"tls","msg":"finished cleaning storage units"}
proxy       | {"level":"info","ts":1789518517.1491954,"logger":"tls","msg":"cleaning storage unit","storage":"FileStorage:/data/caddy"}
proxy       | {"level":"info","ts":1789518517.1523867,"logger":"tls","msg":"finished cleaning storage units"}
proxy       | {"level":"info","ts":1789604917.152057,"logger":"tls","msg":"cleaning storage unit","storage":"FileStorage:/data/caddy"}
proxy       | {"level":"info","ts":1789604917.1560147,"logger":"tls","msg":"finished cleaning storage units"}
proxy       | {"level":"info","ts":1789691317.150005,"logger":"tls","msg":"storage cleaning happened too recently; skipping for now","storage":"FileStorage:/data/caddy","instance":"77e55490-db37-484a-94c1-2ea34d0898a3","try_again":1789777717.15,"try_again_in":86399.999998995}
proxy       | {"level":"info","ts":1789691317.150906,"logger":"tls","msg":"finished cleaning storage units"}
plane-live  | {"level":"info","message":"REDIS_MANAGER: Redis client ready","timestamp":"2026-09-13 20:57:35:5735"}
plane-live  | {"level":"info","message":"REDIS_MANAGER: Redis connection test successful","timestamp":"2026-09-13 20:57:35:5735"}
plane-live  | {"level":"info","message":"SERVER: Redis setup completed","timestamp":"2026-09-13 20:57:35:5735"}
plane-live  | {"level":"info","message":"SERVER: HocusPocus setup completed","timestamp":"2026-09-13 20:57:35:5735"}
plane-live  | {"level":"info","message":"SERVER: Express server has started at port 3000","timestamp":"2026-09-13 20:57:35:5735"}
plane-live  | {"level":"info","message":"[Redis] Subscribed to admin channel: hocuspocus:admin","timestamp":"2026-09-13 20:57:35:5735"}
plane-live  | {"level":"info","message":"[Redis] Attached admin message listener","timestamp":"2026-09-13 20:57:35:5735"}
plane-live  | {"level":"info","message":"[Redis] Registered admin command: force_close","timestamp":"2026-09-13 20:57:35:5735"}
plane-live  | {"level":"info","message":"[FORCE_CLOSE_HANDLER] Registered with Redis extension","timestamp":"2026-09-13 20:57:35:5735"}
plane-live  | {"level":"info","message":"GET /live/.env 404 8ms","meta":{"req":{"headers":{"accept":"*/*","accept-encoding":"gzip, br","cdn-loop":"cloudflare; loops=1","cf-connecting-ip":"34.147.14.118","cf-ipcountry":"NL","cf-ray":"a3b82c05dde62d8e-SIN","cf-visitor":"{\"scheme\":\"https\"}","host":"ten-fold.co","next-action":"x","user-agent":"Mozilla/5.0 (X11; Linux x86_64) AppleWebKit/537.36 (KHTML, like Gecko) Chrome/131.0.0.0 Safari/537.36","via":"2.0 Caddy","x-forwarded-for":"34.147.14.118, 104.22.66.141","x-forwarded-host":"ten-fold.co","x-forwarded-proto":"https","x-nextjs-request-id":"974bdce4"},"httpVersion":"1.1","method":"GET","originalUrl":"/live/.env","query":{},"url":"/live/.env"},"res":{"statusCode":404},"responseTime":8},"timestamp":"2026-09-15 14:02:56:256"}
plane-live  | {"level":"info","message":"GET /live/.env 404 1ms","meta":{"req":{"headers":{"accept":"*/*","accept-encoding":"gzip, br","cdn-loop":"cloudflare; loops=1","cf-connecting-ip":"34.84.230.51","cf-ipcountry":"JP","cf-ray":"a3b974fe0a59d514-SIN","cf-visitor":"{\"scheme\":\"https\"}","host":"ten-fold.co","next-action":"x","user-agent":"Mozilla/5.0 (X11; Linux x86_64) AppleWebKit/537.36 (KHTML, like Gecko) Chrome/131.0.0.0 Safari/537.36","via":"2.0 Caddy","x-forwarded-for":"34.84.230.51, 172.70.189.31","x-forwarded-host":"ten-fold.co","x-forwarded-proto":"https","x-nextjs-request-id":"339ecf0e"},"httpVersion":"1.1","method":"GET","originalUrl":"/live/.env","query":{},"url":"/live/.env"},"res":{"statusCode":404},"responseTime":1},"timestamp":"2026-09-15 17:47:30:4730"}
plane-live  | {"level":"info","message":"GET /live/.env 404 1ms","meta":{"req":{"headers":{"accept":"*/*","accept-encoding":"gzip, br","cdn-loop":"cloudflare; loops=1","cf-connecting-ip":"45.139.104.164","cf-ipcountry":"DE","cf-ray":"a3bc44472ba4f66d-SIN","cf-visitor":"{\"scheme\":\"https\"}","host":"ten-fold.co","user-agent":"Mozilla/5.0 (compatible; UnifiedPaths/1.0)","via":"2.0 Caddy","x-forwarded-for":"45.139.104.164, 172.69.165.55","x-forwarded-host":"ten-fold.co","x-forwarded-proto":"https"},"httpVersion":"1.1","method":"GET","originalUrl":"/live/.env","query":{},"url":"/live/.env"},"res":{"statusCode":404},"responseTime":1},"timestamp":"2026-09-16 01:58:32:5832"}
plane-live  | {"level":"info","message":"GET /live/.env 404 0ms","meta":{"req":{"headers":{"accept":"*/*","accept-encoding":"gzip, br","cdn-loop":"cloudflare; loops=1","cf-connecting-ip":"34.65.90.242","cf-ipcountry":"CH","cf-ray":"a3bc8fbceb206d88-SIN","cf-visitor":"{\"scheme\":\"https\"}","host":"ten-fold.co","next-action":"x","user-agent":"Mozilla/5.0 (Macintosh; Intel Mac OS X 10_15_7) AppleWebKit/537.36 (KHTML, like Gecko) Chrome/131.0.0.0 Safari/537.36","via":"2.0 Caddy","x-forwarded-for":"34.65.90.242, 162.158.106.144","x-forwarded-host":"ten-fold.co","x-forwarded-proto":"https","x-nextjs-request-id":"f0eb348c"},"httpVersion":"1.1","method":"GET","originalUrl":"/live/.env","query":{},"url":"/live/.env"},"res":{"statusCode":404},"responseTime":0},"timestamp":"2026-09-16 02:50:03:503"}
plane-live  | {"level":"info","message":"GET /live/.env 404 47ms","meta":{"req":{"headers":{"accept":"*/*","accept-encoding":"gzip, br","cdn-loop":"cloudflare; loops=1","cf-connecting-ip":"34.84.173.26","cf-ipcountry":"JP","cf-ray":"a3c9f24ec9afd49b-SIN","cf-visitor":"{\"scheme\":\"https\"}","host":"ten-fold.co","next-action":"x","user-agent":"Mozilla/5.0 (Windows NT 10.0; Win64; x64) AppleWebKit/537.36 (KHTML, like Gecko) Chrome/131.0.0.0 Safari/537.36","via":"2.0 Caddy","x-forwarded-for":"34.84.173.26, 162.158.170.155","x-forwarded-host":"ten-fold.co","x-forwarded-proto":"https","x-nextjs-request-id":"4aefcac4"},"httpVersion":"1.1","method":"GET","originalUrl":"/live/.env","query":{},"url":"/live/.env"},"res":{"statusCode":404},"responseTime":47},"timestamp":"2026-09-17 17:49:16:4916"}
bgworker    | [2026-09-18 09:20:00,444: INFO/MainProcess] Task plane.bgtasks.email_notification_task.stack_email_notification[62978714-44bd-4051-b31f-2d641729bf19] received
bgworker    | {"levelname": "INFO", "asctime": "2026-09-18 09:20:00,444", "module": "strategy", "name": "celery.worker.strategy", "message": "Task plane.bgtasks.email_notification_task.stack_email_notification[62978714-44bd-4051-b31f-2d641729bf19] received", "data": {"id": "62978714-44bd-4051-b31f-2d641729bf19", "name": "plane.bgtasks.email_notification_task.stack_email_notification", "args": "()", "kwargs": "{}", "eta": null}}
bgworker    | [2026-09-18 09:25:00,383: INFO/MainProcess] Task plane.bgtasks.email_notification_task.stack_email_notification[6a1f5ce4-ac35-40f3-81c1-b1e9ecc2a212] received
bgworker    | {"levelname": "INFO", "asctime": "2026-09-18 09:25:00,383", "module": "strategy", "name": "celery.worker.strategy", "message": "Task plane.bgtasks.email_notification_task.stack_email_notification[6a1f5ce4-ac35-40f3-81c1-b1e9ecc2a212] received", "data": {"id": "6a1f5ce4-ac35-40f3-81c1-b1e9ecc2a212", "name": "plane.bgtasks.email_notification_task.stack_email_notification", "args": "()", "kwargs": "{}", "eta": null}}
bgworker    | [2026-09-18 09:30:00,043: INFO/MainProcess] Task plane.bgtasks.email_notification_task.stack_email_notification[c64d3450-cb2e-4cf4-b78a-9727c8ca26c3] received
bgworker    | {"levelname": "INFO", "asctime": "2026-09-18 09:30:00,043", "module": "strategy", "name": "celery.worker.strategy", "message": "Task plane.bgtasks.email_notification_task.stack_email_notification[c64d3450-cb2e-4cf4-b78a-9727c8ca26c3] received", "data": {"id": "c64d3450-cb2e-4cf4-b78a-9727c8ca26c3", "name": "plane.bgtasks.email_notification_task.stack_email_notification", "args": "()", "kwargs": "{}", "eta": null}}
bgworker    | [2026-09-18 09:35:00,031: INFO/MainProcess] Task plane.bgtasks.email_notification_task.stack_email_notification[de502b36-e2c4-4fb6-a42c-6eef7dbd6ba4] received
bgworker    | {"levelname": "INFO", "asctime": "2026-09-18 09:35:00,031", "module": "strategy", "name": "celery.worker.strategy", "message": "Task plane.bgtasks.email_notification_task.stack_email_notification[de502b36-e2c4-4fb6-a42c-6eef7dbd6ba4] received", "data": {"id": "de502b36-e2c4-4fb6-a42c-6eef7dbd6ba4", "name": "plane.bgtasks.email_notification_task.stack_email_notification", "args": "()", "kwargs": "{}", "eta": null}}
bgworker    | [2026-09-18 09:40:00,033: INFO/MainProcess] Task plane.bgtasks.email_notification_task.stack_email_notification[cca983de-ec79-4ddf-9ff2-c08a1a0cc051] received
bgworker    | {"levelname": "INFO", "asctime": "2026-09-18 09:40:00,033", "module": "strategy", "name": "celery.worker.strategy", "message": "Task plane.bgtasks.email_notification_task.stack_email_notification[cca983de-ec79-4ddf-9ff2-c08a1a0cc051] received", "data": {"id": "cca983de-ec79-4ddf-9ff2-c08a1a0cc051", "name": "plane.bgtasks.email_notification_task.stack_email_notification", "args": "()", "kwargs": "{}", "eta": null}}
bgworker    | [2026-09-18 09:45:00,027: INFO/MainProcess] Task plane.bgtasks.email_notification_task.stack_email_notification[723ab5c2-2124-4d49-b9d7-88c703b7767d] received
bgworker    | {"levelname": "INFO", "asctime": "2026-09-18 09:45:00,027", "module": "strategy", "name": "celery.worker.strategy", "message": "Task plane.bgtasks.email_notification_task.stack_email_notification[723ab5c2-2124-4d49-b9d7-88c703b7767d] received", "data": {"id": "723ab5c2-2124-4d49-b9d7-88c703b7767d", "name": "plane.bgtasks.email_notification_task.stack_email_notification", "args": "()", "kwargs": "{}", "eta": null}}
bgworker    | [2026-09-18 09:50:00,044: INFO/MainProcess] Task plane.bgtasks.email_notification_task.stack_email_notification[49a64d7f-9121-43eb-9696-29dd450862af] received
bgworker    | {"levelname": "INFO", "asctime": "2026-09-18 09:50:00,044", "module": "strategy", "name": "celery.worker.strategy", "message": "Task plane.bgtasks.email_notification_task.stack_email_notification[49a64d7f-9121-43eb-9696-29dd450862af] received", "data": {"id": "49a64d7f-9121-43eb-9696-29dd450862af", "name": "plane.bgtasks.email_notification_task.stack_email_notification", "args": "()", "kwargs": "{}", "eta": null}}
bgworker    | [2026-09-18 09:52:54,560: INFO/MainProcess] Task plane.license.bgtasks.telemetry_metrics.push_instance_metrics[5a6bd0c3-6177-4e16-9e71-13238e14521e] received
bgworker    | {"levelname": "INFO", "asctime": "2026-09-18 09:52:54,560", "module": "strategy", "name": "celery.worker.strategy", "message": "Task plane.license.bgtasks.telemetry_metrics.push_instance_metrics[5a6bd0c3-6177-4e16-9e71-13238e14521e] received", "data": {"id": "5a6bd0c3-6177-4e16-9e71-13238e14521e", "name": "plane.license.bgtasks.telemetry_metrics.push_instance_metrics", "args": "()", "kwargs": "{}", "eta": null}}
bgworker    | [2026-09-18 09:55:00,045: INFO/MainProcess] Task plane.bgtasks.email_notification_task.stack_email_notification[9fe40471-f911-4fff-be41-e80c17352836] received
bgworker    | {"levelname": "INFO", "asctime": "2026-09-18 09:55:00,045", "module": "strategy", "name": "celery.worker.strategy", "message": "Task plane.bgtasks.email_notification_task.stack_email_notification[9fe40471-f911-4fff-be41-e80c17352836] received", "data": {"id": "9fe40471-f911-4fff-be41-e80c17352836", "name": "plane.bgtasks.email_notification_task.stack_email_notification", "args": "()", "kwargs": "{}", "eta": null}}
bgworker    | [2026-09-18 10:00:00,024: INFO/MainProcess] Task plane.bgtasks.email_notification_task.stack_email_notification[82ebf8f0-3919-43d7-b18e-ff741c52e6d1] received
bgworker    | {"levelname": "INFO", "asctime": "2026-09-18 10:00:00,024", "module": "strategy", "name": "celery.worker.strategy", "message": "Task plane.bgtasks.email_notification_task.stack_email_notification[82ebf8f0-3919-43d7-b18e-ff741c52e6d1] received", "data": {"id": "82ebf8f0-3919-43d7-b18e-ff741c52e6d1", "name": "plane.bgtasks.email_notification_task.stack_email_notification", "args": "()", "kwargs": "{}", "eta": null}}
bgworker    | [2026-09-18 10:04:28,346: INFO/MainProcess] Task plane.bgtasks.recent_visited_task.recent_visited_task[97761581-9040-4458-9c1e-5f6a269b4b99] received
bgworker    | {"levelname": "INFO", "asctime": "2026-09-18 10:04:28,346", "module": "strategy", "name": "celery.worker.strategy", "message": "Task plane.bgtasks.recent_visited_task.recent_visited_task[97761581-9040-4458-9c1e-5f6a269b4b99] received", "data": {"id": "97761581-9040-4458-9c1e-5f6a269b4b99", "name": "plane.bgtasks.recent_visited_task.recent_visited_task", "args": "()", "kwargs": "{'slug': 'brune4ai', 'project_id': UUID('8fd2a982-478c-479c-aeac-820e97299186'), 'entity_name': 'project', 'entity_identifier': UUID('8fd2a982-478c-479c-aeac-820e97299186'), 'user_id': UUID('57ff78ef-f40f-4d8d-bca3-7e302fe916ca')}", "eta": null}}
bgworker    | [2026-09-18 10:04:28,935: INFO/MainProcess] Task plane.bgtasks.recent_visited_task.recent_visited_task[40db564d-b41d-4e4f-aab7-1f187aca9526] received
bgworker    | {"levelname": "INFO", "asctime": "2026-09-18 10:04:28,935", "module": "strategy", "name": "celery.worker.strategy", "message": "Task plane.bgtasks.recent_visited_task.recent_visited_task[40db564d-b41d-4e4f-aab7-1f187aca9526] received", "data": {"id": "40db564d-b41d-4e4f-aab7-1f187aca9526", "name": "plane.bgtasks.recent_visited_task.recent_visited_task", "args": "()", "kwargs": "{'slug': 'brune4ai', 'project_id': UUID('8fd2a982-478c-479c-aeac-820e97299186'), 'entity_name': 'project', 'entity_identifier': UUID('8fd2a982-478c-479c-aeac-820e97299186'), 'user_id': UUID('57ff78ef-f40f-4d8d-bca3-7e302fe916ca')}", "eta": null}}
bgworker    | [2026-09-18 10:04:29,621: INFO/MainProcess] Task plane.bgtasks.recent_visited_task.recent_visited_task[e1b086ed-66af-4ff9-8bd4-a8400c9ac4ce] received
bgworker    | {"levelname": "INFO", "asctime": "2026-09-18 10:04:29,621", "module": "strategy", "name": "celery.worker.strategy", "message": "Task plane.bgtasks.recent_visited_task.recent_visited_task[e1b086ed-66af-4ff9-8bd4-a8400c9ac4ce] received", "data": {"id": "e1b086ed-66af-4ff9-8bd4-a8400c9ac4ce", "name": "plane.bgtasks.recent_visited_task.recent_visited_task", "args": "()", "kwargs": "{'slug': 'brune4ai', 'project_id': UUID('8fd2a982-478c-479c-aeac-820e97299186'), 'entity_name': 'project', 'entity_identifier': UUID('8fd2a982-478c-479c-aeac-820e97299186'), 'user_id': UUID('57ff78ef-f40f-4d8d-bca3-7e302fe916ca')}", "eta": null}}
bgworker    | [2026-09-18 10:05:00,043: INFO/MainProcess] Task plane.bgtasks.email_notification_task.stack_email_notification[848fa00b-de1b-49f0-9bc8-487ce15e894f] received
bgworker    | {"levelname": "INFO", "asctime": "2026-09-18 10:05:00,043", "module": "strategy", "name": "celery.worker.strategy", "message": "Task plane.bgtasks.email_notification_task.stack_email_notification[848fa00b-de1b-49f0-9bc8-487ce15e894f] received", "data": {"id": "848fa00b-de1b-49f0-9bc8-487ce15e894f", "name": "plane.bgtasks.email_notification_task.stack_email_notification", "args": "()", "kwargs": "{}", "eta": null}}
bgworker    | [2026-09-18 10:06:28,653: INFO/MainProcess] Task plane.bgtasks.recent_visited_task.recent_visited_task[3843c85b-78a3-4108-8d18-dbd375a507d1] received
bgworker    | {"levelname": "INFO", "asctime": "2026-09-18 10:06:28,653", "module": "strategy", "name": "celery.worker.strategy", "message": "Task plane.bgtasks.recent_visited_task.recent_visited_task[3843c85b-78a3-4108-8d18-dbd375a507d1] received", "data": {"id": "3843c85b-78a3-4108-8d18-dbd375a507d1", "name": "plane.bgtasks.recent_visited_task.recent_visited_task", "args": "()", "kwargs": "{'slug': 'brune4ai', 'project_id': UUID('8fd2a982-478c-479c-aeac-820e97299186'), 'entity_name': 'project', 'entity_identifier': UUID('8fd2a982-478c-479c-aeac-820e97299186'), 'user_id': UUID('57ff78ef-f40f-4d8d-bca3-7e302fe916ca')}", "eta": null}}
bgworker    | [2026-09-18 10:10:00,482: INFO/MainProcess] Task plane.bgtasks.email_notification_task.stack_email_notification[856916a9-f360-4bde-a1e7-571a651aa159] received
bgworker    | {"levelname": "INFO", "asctime": "2026-09-18 10:10:00,482", "module": "strategy", "name": "celery.worker.strategy", "message": "Task plane.bgtasks.email_notification_task.stack_email_notification[856916a9-f360-4bde-a1e7-571a651aa159] received", "data": {"id": "856916a9-f360-4bde-a1e7-571a651aa159", "name": "plane.bgtasks.email_notification_task.stack_email_notification", "args": "()", "kwargs": "{}", "eta": null}}
bgworker    | [2026-09-18 10:15:00,075: INFO/MainProcess] Task plane.bgtasks.email_notification_task.stack_email_notification[90e2509f-0c4e-4939-8d58-1875e73c0d4d] received
bgworker    | {"levelname": "INFO", "asctime": "2026-09-18 10:15:00,075", "module": "strategy", "name": "celery.worker.strategy", "message": "Task plane.bgtasks.email_notification_task.stack_email_notification[90e2509f-0c4e-4939-8d58-1875e73c0d4d] received", "data": {"id": "90e2509f-0c4e-4939-8d58-1875e73c0d4d", "name": "plane.bgtasks.email_notification_task.stack_email_notification", "args": "()", "kwargs": "{}", "eta": null}}
bgworker    | [2026-09-18 10:20:00,033: INFO/MainProcess] Task plane.bgtasks.email_notification_task.stack_email_notification[cd665bfa-ff64-4272-b247-d8dfe759b6d1] received
bgworker    | {"levelname": "INFO", "asctime": "2026-09-18 10:20:00,033", "module": "strategy", "name": "celery.worker.strategy", "message": "Task plane.bgtasks.email_notification_task.stack_email_notification[cd665bfa-ff64-4272-b247-d8dfe759b6d1] received", "data": {"id": "cd665bfa-ff64-4272-b247-d8dfe759b6d1", "name": "plane.bgtasks.email_notification_task.stack_email_notification", "args": "()", "kwargs": "{}", "eta": null}}
bgworker    | [2026-09-18 10:25:00,030: INFO/MainProcess] Task plane.bgtasks.email_notification_task.stack_email_notification[2c1bef64-3d68-4c5e-ac64-a1f0385a2fe2] received
bgworker    | {"levelname": "INFO", "asctime": "2026-09-18 10:25:00,030", "module": "strategy", "name": "celery.worker.strategy", "message": "Task plane.bgtasks.email_notification_task.stack_email_notification[2c1bef64-3d68-4c5e-ac64-a1f0385a2fe2] received", "data": {"id": "2c1bef64-3d68-4c5e-ac64-a1f0385a2fe2", "name": "plane.bgtasks.email_notification_task.stack_email_notification", "args": "()", "kwargs": "{}", "eta": null}}
bgworker    | [2026-09-18 10:30:00,053: INFO/MainProcess] Task plane.bgtasks.email_notification_task.stack_email_notification[03471a97-af1f-4507-8160-c23261ebb1f2] received
bgworker    | {"levelname": "INFO", "asctime": "2026-09-18 10:30:00,053", "module": "strategy", "name": "celery.worker.strategy", "message": "Task plane.bgtasks.email_notification_task.stack_email_notification[03471a97-af1f-4507-8160-c23261ebb1f2] received", "data": {"id": "03471a97-af1f-4507-8160-c23261ebb1f2", "name": "plane.bgtasks.email_notification_task.stack_email_notification", "args": "()", "kwargs": "{}", "eta": null}}
bgworker    | [2026-09-18 10:35:00,032: INFO/MainProcess] Task plane.bgtasks.email_notification_task.stack_email_notification[b5f37e93-e71b-4965-856f-d53ac3c126a9] received
bgworker    | {"levelname": "INFO", "asctime": "2026-09-18 10:35:00,032", "module": "strategy", "name": "celery.worker.strategy", "message": "Task plane.bgtasks.email_notification_task.stack_email_notification[b5f37e93-e71b-4965-856f-d53ac3c126a9] received", "data": {"id": "b5f37e93-e71b-4965-856f-d53ac3c126a9", "name": "plane.bgtasks.email_notification_task.stack_email_notification", "args": "()", "kwargs": "{}", "eta": null}}
bgworker    | [2026-09-18 10:40:00,062: INFO/MainProcess] Task plane.bgtasks.email_notification_task.stack_email_notification[b21aa7d5-21cd-40a9-9b31-5a1ca65a7fd1] received
bgworker    | {"levelname": "INFO", "asctime": "2026-09-18 10:40:00,062", "module": "strategy", "name": "celery.worker.strategy", "message": "Task plane.bgtasks.email_notification_task.stack_email_notification[b21aa7d5-21cd-40a9-9b31-5a1ca65a7fd1] received", "data": {"id": "b21aa7d5-21cd-40a9-9b31-5a1ca65a7fd1", "name": "plane.bgtasks.email_notification_task.stack_email_notification", "args": "()", "kwargs": "{}", "eta": null}}
bgworker    | [2026-09-18 10:45:00,028: INFO/MainProcess] Task plane.bgtasks.email_notification_task.stack_email_notification[4455b261-77f8-480c-8ed0-42384f0dd5b7] received
bgworker    | {"levelname": "INFO", "asctime": "2026-09-18 10:45:00,028", "module": "strategy", "name": "celery.worker.strategy", "message": "Task plane.bgtasks.email_notification_task.stack_email_notification[4455b261-77f8-480c-8ed0-42384f0dd5b7] received", "data": {"id": "4455b261-77f8-480c-8ed0-42384f0dd5b7", "name": "plane.bgtasks.email_notification_task.stack_email_notification", "args": "()", "kwargs": "{}", "eta": null}}
bgworker    | [2026-09-18 10:50:00,037: INFO/MainProcess] Task plane.bgtasks.email_notification_task.stack_email_notification[7f5b7c32-b50d-4d0f-84d3-0428feb3fd80] received
bgworker    | {"levelname": "INFO", "asctime": "2026-09-18 10:50:00,037", "module": "strategy", "name": "celery.worker.strategy", "message": "Task plane.bgtasks.email_notification_task.stack_email_notification[7f5b7c32-b50d-4d0f-84d3-0428feb3fd80] received", "data": {"id": "7f5b7c32-b50d-4d0f-84d3-0428feb3fd80", "name": "plane.bgtasks.email_notification_task.stack_email_notification", "args": "()", "kwargs": "{}", "eta": null}}
bgworker    | [2026-09-18 10:55:00,033: INFO/MainProcess] Task plane.bgtasks.email_notification_task.stack_email_notification[0198e224-6459-4792-aa49-8f08cce35af7] received
bgworker    | {"levelname": "INFO", "asctime": "2026-09-18 10:55:00,033", "module": "strategy", "name": "celery.worker.strategy", "message": "Task plane.bgtasks.email_notification_task.stack_email_notification[0198e224-6459-4792-aa49-8f08cce35af7] received", "data": {"id": "0198e224-6459-4792-aa49-8f08cce35af7", "name": "plane.bgtasks.email_notification_task.stack_email_notification", "args": "()", "kwargs": "{}", "eta": null}}
bgworker    | [2026-09-18 11:00:00,038: INFO/MainProcess] Task plane.bgtasks.email_notification_task.stack_email_notification[a43e5850-f897-4951-9080-2313fa6c988a] received
bgworker    | {"levelname": "INFO", "asctime": "2026-09-18 11:00:00,038", "module": "strategy", "name": "celery.worker.strategy", "message": "Task plane.bgtasks.email_notification_task.stack_email_notification[a43e5850-f897-4951-9080-2313fa6c988a] received", "data": {"id": "a43e5850-f897-4951-9080-2313fa6c988a", "name": "plane.bgtasks.email_notification_task.stack_email_notification", "args": "()", "kwargs": "{}", "eta": null}}
bgworker    | [2026-09-18 11:05:00,061: INFO/MainProcess] Task plane.bgtasks.email_notification_task.stack_email_notification[f8390151-fba2-4b91-93c3-527ed62b3eab] received
bgworker    | {"levelname": "INFO", "asctime": "2026-09-18 11:05:00,061", "module": "strategy", "name": "celery.worker.strategy", "message": "Task plane.bgtasks.email_notification_task.stack_email_notification[f8390151-fba2-4b91-93c3-527ed62b3eab] received", "data": {"id": "f8390151-fba2-4b91-93c3-527ed62b3eab", "name": "plane.bgtasks.email_notification_task.stack_email_notification", "args": "()", "kwargs": "{}", "eta": null}}
bgworker    | [2026-09-18 11:10:00,041: INFO/MainProcess] Task plane.bgtasks.email_notification_task.stack_email_notification[9a586bdb-c541-4a19-9754-92ec676bbfc4] received
bgworker    | {"levelname": "INFO", "asctime": "2026-09-18 11:10:00,041", "module": "strategy", "name": "celery.worker.strategy", "message": "Task plane.bgtasks.email_notification_task.stack_email_notification[9a586bdb-c541-4a19-9754-92ec676bbfc4] received", "data": {"id": "9a586bdb-c541-4a19-9754-92ec676bbfc4", "name": "plane.bgtasks.email_notification_task.stack_email_notification", "args": "()", "kwargs": "{}", "eta": null}}
bgworker    | [2026-09-18 11:15:00,038: INFO/MainProcess] Task plane.bgtasks.email_notification_task.stack_email_notification[303284b5-031d-45ba-9b3d-2e2c0ac43e47] received
bgworker    | {"levelname": "INFO", "asctime": "2026-09-18 11:15:00,038", "module": "strategy", "name": "celery.worker.strategy", "message": "Task plane.bgtasks.email_notification_task.stack_email_notification[303284b5-031d-45ba-9b3d-2e2c0ac43e47] received", "data": {"id": "303284b5-031d-45ba-9b3d-2e2c0ac43e47", "name": "plane.bgtasks.email_notification_task.stack_email_notification", "args": "()", "kwargs": "{}", "eta": null}}
bgworker    | [2026-09-18 11:20:00,042: INFO/MainProcess] Task plane.bgtasks.email_notification_task.stack_email_notification[1b4f7035-d8cc-4462-b326-abe97c70aa4e] received
bgworker    | {"levelname": "INFO", "asctime": "2026-09-18 11:20:00,042", "module": "strategy", "name": "celery.worker.strategy", "message": "Task plane.bgtasks.email_notification_task.stack_email_notification[1b4f7035-d8cc-4462-b326-abe97c70aa4e] received", "data": {"id": "1b4f7035-d8cc-4462-b326-abe97c70aa4e", "name": "plane.bgtasks.email_notification_task.stack_email_notification", "args": "()", "kwargs": "{}", "eta": null}}
bgworker    | [2026-09-18 11:25:00,027: INFO/MainProcess] Task plane.bgtasks.email_notification_task.stack_email_notification[21669ac3-070d-4e44-a528-cdf2de8f6781] received
bgworker    | {"levelname": "INFO", "asctime": "2026-09-18 11:25:00,027", "module": "strategy", "name": "celery.worker.strategy", "message": "Task plane.bgtasks.email_notification_task.stack_email_notification[21669ac3-070d-4e44-a528-cdf2de8f6781] received", "data": {"id": "21669ac3-070d-4e44-a528-cdf2de8f6781", "name": "plane.bgtasks.email_notification_task.stack_email_notification", "args": "()", "kwargs": "{}", "eta": null}}
bgworker    | [2026-09-18 11:30:00,278: INFO/MainProcess] Task plane.bgtasks.email_notification_task.stack_email_notification[e436592f-6f93-48f8-8db9-04bcafe49f5e] received
bgworker    | {"levelname": "INFO", "asctime": "2026-09-18 11:30:00,278", "module": "strategy", "name": "celery.worker.strategy", "message": "Task plane.bgtasks.email_notification_task.stack_email_notification[e436592f-6f93-48f8-8db9-04bcafe49f5e] received", "data": {"id": "e436592f-6f93-48f8-8db9-04bcafe49f5e", "name": "plane.bgtasks.email_notification_task.stack_email_notification", "args": "()", "kwargs": "{}", "eta": null}}
bgworker    | [2026-09-18 11:30:55,955: INFO/MainProcess] Task plane.bgtasks.recent_visited_task.recent_visited_task[e5d89b42-2796-4e71-aac2-751d34e185e9] received
bgworker    | {"levelname": "INFO", "asctime": "2026-09-18 11:30:55,955", "module": "strategy", "name": "celery.worker.strategy", "message": "Task plane.bgtasks.recent_visited_task.recent_visited_task[e5d89b42-2796-4e71-aac2-751d34e185e9] received", "data": {"id": "e5d89b42-2796-4e71-aac2-751d34e185e9", "name": "plane.bgtasks.recent_visited_task.recent_visited_task", "args": "()", "kwargs": "{'slug': 'brune4ai', 'project_id': UUID('8fd2a982-478c-479c-aeac-820e97299186'), 'entity_name': 'project', 'entity_identifier': UUID('8fd2a982-478c-479c-aeac-820e97299186'), 'user_id': UUID('57ff78ef-f40f-4d8d-bca3-7e302fe916ca')}", "eta": null}}
bgworker    | [2026-09-18 11:30:56,263: INFO/MainProcess] Task plane.bgtasks.recent_visited_task.recent_visited_task[37cf2991-c958-4362-841d-ecabe5d331c4] received
bgworker    | {"levelname": "INFO", "asctime": "2026-09-18 11:30:56,263", "module": "strategy", "name": "celery.worker.strategy", "message": "Task plane.bgtasks.recent_visited_task.recent_visited_task[37cf2991-c958-4362-841d-ecabe5d331c4] received", "data": {"id": "37cf2991-c958-4362-841d-ecabe5d331c4", "name": "plane.bgtasks.recent_visited_task.recent_visited_task", "args": "()", "kwargs": "{'slug': 'brune4ai', 'entity_name': 'issue', 'entity_identifier': UUID('992faf47-6a3e-4bce-acf5-7a3935555241'), 'user_id': UUID('57ff78ef-f40f-4d8d-bca3-7e302fe916ca'), 'project_id': UUID('8fd2a982-478c-479c-aeac-820e97299186')}", "eta": null}}
bgworker    | [2026-09-18 11:34:27,335: INFO/MainProcess] Task plane.bgtasks.recent_visited_task.recent_visited_task[f1d0dfac-3eb9-456b-9f2d-c61629c0ac9b] received
bgworker    | {"levelname": "INFO", "asctime": "2026-09-18 11:34:27,335", "module": "strategy", "name": "celery.worker.strategy", "message": "Task plane.bgtasks.recent_visited_task.recent_visited_task[f1d0dfac-3eb9-456b-9f2d-c61629c0ac9b] received", "data": {"id": "f1d0dfac-3eb9-456b-9f2d-c61629c0ac9b", "name": "plane.bgtasks.recent_visited_task.recent_visited_task", "args": "()", "kwargs": "{'slug': 'brune4ai', 'project_id': UUID('8fd2a982-478c-479c-aeac-820e97299186'), 'entity_name': 'project', 'entity_identifier': UUID('8fd2a982-478c-479c-aeac-820e97299186'), 'user_id': UUID('57ff78ef-f40f-4d8d-bca3-7e302fe916ca')}", "eta": null}}
bgworker    | [2026-09-18 11:35:00,054: INFO/MainProcess] Task plane.bgtasks.email_notification_task.stack_email_notification[482ef8ab-4dba-4861-903c-862f8f38deda] received
bgworker    | {"levelname": "INFO", "asctime": "2026-09-18 11:35:00,054", "module": "strategy", "name": "celery.worker.strategy", "message": "Task plane.bgtasks.email_notification_task.stack_email_notification[482ef8ab-4dba-4861-903c-862f8f38deda] received", "data": {"id": "482ef8ab-4dba-4861-903c-862f8f38deda", "name": "plane.bgtasks.email_notification_task.stack_email_notification", "args": "()", "kwargs": "{}", "eta": null}}
bgworker    | [2026-09-18 11:40:00,035: INFO/MainProcess] Task plane.bgtasks.email_notification_task.stack_email_notification[067e0013-11f5-44b8-9722-6a667a932dc6] received
bgworker    | {"levelname": "INFO", "asctime": "2026-09-18 11:40:00,035", "module": "strategy", "name": "celery.worker.strategy", "message": "Task plane.bgtasks.email_notification_task.stack_email_notification[067e0013-11f5-44b8-9722-6a667a932dc6] received", "data": {"id": "067e0013-11f5-44b8-9722-6a667a932dc6", "name": "plane.bgtasks.email_notification_task.stack_email_notification", "args": "()", "kwargs": "{}", "eta": null}}
bgworker    | [2026-09-18 11:45:00,030: INFO/MainProcess] Task plane.bgtasks.email_notification_task.stack_email_notification[b8d7f6e4-8597-48ee-b9e0-df6ec0f9fe4a] received
bgworker    | {"levelname": "INFO", "asctime": "2026-09-18 11:45:00,030", "module": "strategy", "name": "celery.worker.strategy", "message": "Task plane.bgtasks.email_notification_task.stack_email_notification[b8d7f6e4-8597-48ee-b9e0-df6ec0f9fe4a] received", "data": {"id": "b8d7f6e4-8597-48ee-b9e0-df6ec0f9fe4a", "name": "plane.bgtasks.email_notification_task.stack_email_notification", "args": "()", "kwargs": "{}", "eta": null}}
bgworker    | [2026-09-18 11:50:00,050: INFO/MainProcess] Task plane.bgtasks.email_notification_task.stack_email_notification[584bca31-1013-4d43-b5b0-ca9dd997caa3] received
bgworker    | {"levelname": "INFO", "asctime": "2026-09-18 11:50:00,050", "module": "strategy", "name": "celery.worker.strategy", "message": "Task plane.bgtasks.email_notification_task.stack_email_notification[584bca31-1013-4d43-b5b0-ca9dd997caa3] received", "data": {"id": "584bca31-1013-4d43-b5b0-ca9dd997caa3", "name": "plane.bgtasks.email_notification_task.stack_email_notification", "args": "()", "kwargs": "{}", "eta": null}}
bgworker    | [2026-09-18 11:55:00,429: INFO/MainProcess] Task plane.bgtasks.email_notification_task.stack_email_notification[23f8bada-78a9-41dd-a97b-3ba8a33d804e] received
bgworker    | {"levelname": "INFO", "asctime": "2026-09-18 11:55:00,429", "module": "strategy", "name": "celery.worker.strategy", "message": "Task plane.bgtasks.email_notification_task.stack_email_notification[23f8bada-78a9-41dd-a97b-3ba8a33d804e] received", "data": {"id": "23f8bada-78a9-41dd-a97b-3ba8a33d804e", "name": "plane.bgtasks.email_notification_task.stack_email_notification", "args": "()", "kwargs": "{}", "eta": null}}
bgworker    | [2026-09-18 12:00:00,483: INFO/MainProcess] Task plane.bgtasks.email_notification_task.stack_email_notification[e5c945b3-2dd3-45b6-a5ea-92e22faa0f46] received
bgworker    | {"levelname": "INFO", "asctime": "2026-09-18 12:00:00,483", "module": "strategy", "name": "celery.worker.strategy", "message": "Task plane.bgtasks.email_notification_task.stack_email_notification[e5c945b3-2dd3-45b6-a5ea-92e22faa0f46] received", "data": {"id": "e5c945b3-2dd3-45b6-a5ea-92e22faa0f46", "name": "plane.bgtasks.email_notification_task.stack_email_notification", "args": "()", "kwargs": "{}", "eta": null}}
bgworker    | [2026-09-18 12:05:00,033: INFO/MainProcess] Task plane.bgtasks.email_notification_task.stack_email_notification[6e094f37-d2a7-4d45-89ad-8165b45af756] received
web         | 2026/09/18 11:57:09.493	[34mINFO[0m	http.log.access.log0	handled request	{"request": {"remote_ip": "127.0.0.1", "remote_port": "44052", "client_ip": "127.0.0.1", "proto": "HTTP/1.1", "method": "GET", "host": "127.0.0.1:3000", "uri": "/", "headers": {"User-Agent": ["curl/8.22.0"], "Accept": ["*/*"]}}, "bytes_read": 0, "user_id": "", "duration": 0.009671698, "size": 6087, "status": 200, "resp_headers": {"Server": ["Caddy"], "Etag": ["\"dlh52pe14jcw4p3\""], "Accept-Ranges": ["bytes"], "Content-Length": ["6087"], "X-Frame-Options": ["DENY"], "X-Xss-Protection": ["1; mode=block"], "X-Content-Type-Options": ["nosniff"], "Vary": ["Accept-Encoding"], "Content-Type": ["text/html; charset=utf-8"], "Last-Modified": ["Wed, 16 Sep 2026 23:45:14 GMT"]}}
web         | 2026/09/18 11:57:39.992	[34mINFO[0m	http.log.access.log0	handled request	{"request": {"remote_ip": "127.0.0.1", "remote_port": "33650", "client_ip": "127.0.0.1", "proto": "HTTP/1.1", "method": "GET", "host": "127.0.0.1:3000", "uri": "/", "headers": {"User-Agent": ["curl/8.22.0"], "Accept": ["*/*"]}}, "bytes_read": 0, "user_id": "", "duration": 0.003941343, "size": 6087, "status": 200, "resp_headers": {"Accept-Ranges": ["bytes"], "Content-Length": ["6087"], "Server": ["Caddy"], "X-Content-Type-Options": ["nosniff"], "X-Frame-Options": ["DENY"], "X-Xss-Protection": ["1; mode=block"], "Vary": ["Accept-Encoding"], "Etag": ["\"dlh52pe14jcw4p3\""], "Content-Type": ["text/html; charset=utf-8"], "Last-Modified": ["Wed, 16 Sep 2026 23:45:14 GMT"]}}
web         | 2026/09/18 11:58:10.439	[34mINFO[0m	http.log.access.log0	handled request	{"request": {"remote_ip": "127.0.0.1", "remote_port": "44498", "client_ip": "127.0.0.1", "proto": "HTTP/1.1", "method": "GET", "host": "127.0.0.1:3000", "uri": "/", "headers": {"User-Agent": ["curl/8.22.0"], "Accept": ["*/*"]}}, "bytes_read": 0, "user_id": "", "duration": 0.015124484, "size": 6087, "status": 200, "resp_headers": {"Etag": ["\"dlh52pe14jcw4p3\""], "Content-Type": ["text/html; charset=utf-8"], "Accept-Ranges": ["bytes"], "X-Content-Type-Options": ["nosniff"], "X-Xss-Protection": ["1; mode=block"], "Vary": ["Accept-Encoding"], "Last-Modified": ["Wed, 16 Sep 2026 23:45:14 GMT"], "Content-Length": ["6087"], "Server": ["Caddy"], "X-Frame-Options": ["DENY"]}}
web         | 2026/09/18 11:58:40.746	[34mINFO[0m	http.log.access.log0	handled request	{"request": {"remote_ip": "127.0.0.1", "remote_port": "60884", "client_ip": "127.0.0.1", "proto": "HTTP/1.1", "method": "GET", "host": "127.0.0.1:3000", "uri": "/", "headers": {"Accept": ["*/*"], "User-Agent": ["curl/8.22.0"]}}, "bytes_read": 0, "user_id": "", "duration": 0.029541146, "size": 6087, "status": 200, "resp_headers": {"Content-Length": ["6087"], "X-Xss-Protection": ["1; mode=block"], "Content-Type": ["text/html; charset=utf-8"], "Last-Modified": ["Wed, 16 Sep 2026 23:45:14 GMT"], "Server": ["Caddy"], "X-Content-Type-Options": ["nosniff"], "X-Frame-Options": ["DENY"], "Vary": ["Accept-Encoding"], "Etag": ["\"dlh52pe14jcw4p3\""], "Accept-Ranges": ["bytes"]}}
web         | 2026/09/18 11:59:11.016	[34mINFO[0m	http.log.access.log0	handled request	{"request": {"remote_ip": "127.0.0.1", "remote_port": "48948", "client_ip": "127.0.0.1", "proto": "HTTP/1.1", "method": "GET", "host": "127.0.0.1:3000", "uri": "/", "headers": {"Accept": ["*/*"], "User-Agent": ["curl/8.22.0"]}}, "bytes_read": 0, "user_id": "", "duration": 0.000547936, "size": 6087, "status": 200, "resp_headers": {"X-Content-Type-Options": ["nosniff"], "Vary": ["Accept-Encoding"], "Accept-Ranges": ["bytes"], "Content-Length": ["6087"], "Server": ["Caddy"], "X-Xss-Protection": ["1; mode=block"], "X-Frame-Options": ["DENY"], "Etag": ["\"dlh52pe14jcw4p3\""], "Content-Type": ["text/html; charset=utf-8"], "Last-Modified": ["Wed, 16 Sep 2026 23:45:14 GMT"]}}
web         | 2026/09/18 11:59:41.313	[34mINFO[0m	http.log.access.log0	handled request	{"request": {"remote_ip": "127.0.0.1", "remote_port": "35300", "client_ip": "127.0.0.1", "proto": "HTTP/1.1", "method": "GET", "host": "127.0.0.1:3000", "uri": "/", "headers": {"User-Agent": ["curl/8.22.0"], "Accept": ["*/*"]}}, "bytes_read": 0, "user_id": "", "duration": 0.000610994, "size": 6087, "status": 200, "resp_headers": {"X-Frame-Options": ["DENY"], "Vary": ["Accept-Encoding"], "Etag": ["\"dlh52pe14jcw4p3\""], "Last-Modified": ["Wed, 16 Sep 2026 23:45:14 GMT"], "Accept-Ranges": ["bytes"], "Content-Length": ["6087"], "Server": ["Caddy"], "X-Content-Type-Options": ["nosniff"], "X-Xss-Protection": ["1; mode=block"], "Content-Type": ["text/html; charset=utf-8"]}}
web         | 2026/09/18 12:00:11.622	[34mINFO[0m	http.log.access.log0	handled request	{"request": {"remote_ip": "127.0.0.1", "remote_port": "41776", "client_ip": "127.0.0.1", "proto": "HTTP/1.1", "method": "GET", "host": "127.0.0.1:3000", "uri": "/", "headers": {"User-Agent": ["curl/8.22.0"], "Accept": ["*/*"]}}, "bytes_read": 0, "user_id": "", "duration": 0.005051579, "size": 6087, "status": 200, "resp_headers": {"Accept-Ranges": ["bytes"], "Content-Length": ["6087"], "Server": ["Caddy"], "X-Content-Type-Options": ["nosniff"], "Content-Type": ["text/html; charset=utf-8"], "X-Frame-Options": ["DENY"], "X-Xss-Protection": ["1; mode=block"], "Vary": ["Accept-Encoding"], "Etag": ["\"dlh52pe14jcw4p3\""], "Last-Modified": ["Wed, 16 Sep 2026 23:45:14 GMT"]}}
web         | 2026/09/18 12:00:42.015	[34mINFO[0m	http.log.access.log0	handled request	{"request": {"remote_ip": "127.0.0.1", "remote_port": "34958", "client_ip": "127.0.0.1", "proto": "HTTP/1.1", "method": "GET", "host": "127.0.0.1:3000", "uri": "/", "headers": {"User-Agent": ["curl/8.22.0"], "Accept": ["*/*"]}}, "bytes_read": 0, "user_id": "", "duration": 0.000568049, "size": 6087, "status": 200, "resp_headers": {"Server": ["Caddy"], "X-Content-Type-Options": ["nosniff"], "X-Frame-Options": ["DENY"], "X-Xss-Protection": ["1; mode=block"], "Etag": ["\"dlh52pe14jcw4p3\""], "Last-Modified": ["Wed, 16 Sep 2026 23:45:14 GMT"], "Vary": ["Accept-Encoding"], "Content-Type": ["text/html; charset=utf-8"], "Accept-Ranges": ["bytes"], "Content-Length": ["6087"]}}
web         | 2026/09/18 12:01:12.149	[34mINFO[0m	http.log.access.log0	handled request	{"request": {"remote_ip": "127.0.0.1", "remote_port": "47440", "client_ip": "127.0.0.1", "proto": "HTTP/1.1", "method": "GET", "host": "127.0.0.1:3000", "uri": "/", "headers": {"Accept": ["*/*"], "User-Agent": ["curl/8.22.0"]}}, "bytes_read": 0, "user_id": "", "duration": 0.000990835, "size": 6087, "status": 200, "resp_headers": {"Accept-Ranges": ["bytes"], "X-Frame-Options": ["DENY"], "X-Xss-Protection": ["1; mode=block"], "Etag": ["\"dlh52pe14jcw4p3\""], "Content-Type": ["text/html; charset=utf-8"], "Last-Modified": ["Wed, 16 Sep 2026 23:45:14 GMT"], "Content-Length": ["6087"], "Server": ["Caddy"], "X-Content-Type-Options": ["nosniff"], "Vary": ["Accept-Encoding"]}}
web         | 2026/09/18 12:01:42.250	[34mINFO[0m	http.log.access.log0	handled request	{"request": {"remote_ip": "127.0.0.1", "remote_port": "42768", "client_ip": "127.0.0.1", "proto": "HTTP/1.1", "method": "GET", "host": "127.0.0.1:3000", "uri": "/", "headers": {"User-Agent": ["curl/8.22.0"], "Accept": ["*/*"]}}, "bytes_read": 0, "user_id": "", "duration": 0.00059166, "size": 6087, "status": 200, "resp_headers": {"X-Frame-Options": ["DENY"], "Vary": ["Accept-Encoding"], "Etag": ["\"dlh52pe14jcw4p3\""], "Content-Type": ["text/html; charset=utf-8"], "Accept-Ranges": ["bytes"], "Content-Length": ["6087"], "Server": ["Caddy"], "X-Xss-Protection": ["1; mode=block"], "X-Content-Type-Options": ["nosniff"], "Last-Modified": ["Wed, 16 Sep 2026 23:45:14 GMT"]}}
web         | 2026/09/18 12:02:12.326	[34mINFO[0m	http.log.access.log0	handled request	{"request": {"remote_ip": "127.0.0.1", "remote_port": "39724", "client_ip": "127.0.0.1", "proto": "HTTP/1.1", "method": "GET", "host": "127.0.0.1:3000", "uri": "/", "headers": {"User-Agent": ["curl/8.22.0"], "Accept": ["*/*"]}}, "bytes_read": 0, "user_id": "", "duration": 0.000429662, "size": 6087, "status": 200, "resp_headers": {"Content-Length": ["6087"], "X-Content-Type-Options": ["nosniff"], "Vary": ["Accept-Encoding"], "Etag": ["\"dlh52pe14jcw4p3\""], "Last-Modified": ["Wed, 16 Sep 2026 23:45:14 GMT"], "Server": ["Caddy"], "X-Frame-Options": ["DENY"], "X-Xss-Protection": ["1; mode=block"], "Content-Type": ["text/html; charset=utf-8"], "Accept-Ranges": ["bytes"]}}
web         | 2026/09/18 12:02:42.410	[34mINFO[0m	http.log.access.log0	handled request	{"request": {"remote_ip": "127.0.0.1", "remote_port": "51912", "client_ip": "127.0.0.1", "proto": "HTTP/1.1", "method": "GET", "host": "127.0.0.1:3000", "uri": "/", "headers": {"User-Agent": ["curl/8.22.0"], "Accept": ["*/*"]}}, "bytes_read": 0, "user_id": "", "duration": 0.000660353, "size": 6087, "status": 200, "resp_headers": {"Content-Type": ["text/html; charset=utf-8"], "Last-Modified": ["Wed, 16 Sep 2026 23:45:14 GMT"], "Content-Length": ["6087"], "X-Frame-Options": ["DENY"], "Accept-Ranges": ["bytes"], "Server": ["Caddy"], "X-Content-Type-Options": ["nosniff"], "X-Xss-Protection": ["1; mode=block"], "Vary": ["Accept-Encoding"], "Etag": ["\"dlh52pe14jcw4p3\""]}}
web         | 2026/09/18 12:03:12.499	[34mINFO[0m	http.log.access.log0	handled request	{"request": {"remote_ip": "127.0.0.1", "remote_port": "60444", "client_ip": "127.0.0.1", "proto": "HTTP/1.1", "method": "GET", "host": "127.0.0.1:3000", "uri": "/", "headers": {"Accept": ["*/*"], "User-Agent": ["curl/8.22.0"]}}, "bytes_read": 0, "user_id": "", "duration": 0.000539061, "size": 6087, "status": 200, "resp_headers": {"Last-Modified": ["Wed, 16 Sep 2026 23:45:14 GMT"], "Accept-Ranges": ["bytes"], "Server": ["Caddy"], "X-Frame-Options": ["DENY"], "X-Content-Type-Options": ["nosniff"], "Vary": ["Accept-Encoding"], "Etag": ["\"dlh52pe14jcw4p3\""], "Content-Length": ["6087"], "X-Xss-Protection": ["1; mode=block"], "Content-Type": ["text/html; charset=utf-8"]}}
web         | 2026/09/18 12:03:42.574	[34mINFO[0m	http.log.access.log0	handled request	{"request": {"remote_ip": "127.0.0.1", "remote_port": "36692", "client_ip": "127.0.0.1", "proto": "HTTP/1.1", "method": "GET", "host": "127.0.0.1:3000", "uri": "/", "headers": {"User-Agent": ["curl/8.22.0"], "Accept": ["*/*"]}}, "bytes_read": 0, "user_id": "", "duration": 0.000659385, "size": 6087, "status": 200, "resp_headers": {"Server": ["Caddy"], "X-Content-Type-Options": ["nosniff"], "Etag": ["\"dlh52pe14jcw4p3\""], "Last-Modified": ["Wed, 16 Sep 2026 23:45:14 GMT"], "Content-Length": ["6087"], "X-Frame-Options": ["DENY"], "X-Xss-Protection": ["1; mode=block"], "Vary": ["Accept-Encoding"], "Content-Type": ["text/html; charset=utf-8"], "Accept-Ranges": ["bytes"]}}
web         | 2026/09/18 12:04:12.668	[34mINFO[0m	http.log.access.log0	handled request	{"request": {"remote_ip": "127.0.0.1", "remote_port": "50836", "client_ip": "127.0.0.1", "proto": "HTTP/1.1", "method": "GET", "host": "127.0.0.1:3000", "uri": "/", "headers": {"User-Agent": ["curl/8.22.0"], "Accept": ["*/*"]}}, "bytes_read": 0, "user_id": "", "duration": 0.000533608, "size": 6087, "status": 200, "resp_headers": {"X-Xss-Protection": ["1; mode=block"], "Etag": ["\"dlh52pe14jcw4p3\""], "Content-Type": ["text/html; charset=utf-8"], "Last-Modified": ["Wed, 16 Sep 2026 23:45:14 GMT"], "Accept-Ranges": ["bytes"], "Content-Length": ["6087"], "X-Content-Type-Options": ["nosniff"], "X-Frame-Options": ["DENY"], "Vary": ["Accept-Encoding"], "Server": ["Caddy"]}}
web         | 2026/09/18 12:04:42.760	[34mINFO[0m	http.log.access.log0	handled request	{"request": {"remote_ip": "127.0.0.1", "remote_port": "60298", "client_ip": "127.0.0.1", "proto": "HTTP/1.1", "method": "GET", "host": "127.0.0.1:3000", "uri": "/", "headers": {"User-Agent": ["curl/8.22.0"], "Accept": ["*/*"]}}, "bytes_read": 0, "user_id": "", "duration": 0.000545518, "size": 6087, "status": 200, "resp_headers": {"X-Content-Type-Options": ["nosniff"], "X-Frame-Options": ["DENY"], "X-Xss-Protection": ["1; mode=block"], "Vary": ["Accept-Encoding"], "Content-Type": ["text/html; charset=utf-8"], "Content-Length": ["6087"], "Server": ["Caddy"], "Etag": ["\"dlh52pe14jcw4p3\""], "Last-Modified": ["Wed, 16 Sep 2026 23:45:14 GMT"], "Accept-Ranges": ["bytes"]}}
web         | 2026/09/18 12:05:12.859	[34mINFO[0m	http.log.access.log0	handled request	{"request": {"remote_ip": "127.0.0.1", "remote_port": "49122", "client_ip": "127.0.0.1", "proto": "HTTP/1.1", "method": "GET", "host": "127.0.0.1:3000", "uri": "/", "headers": {"Accept": ["*/*"], "User-Agent": ["curl/8.22.0"]}}, "bytes_read": 0, "user_id": "", "duration": 0.000541038, "size": 6087, "status": 200, "resp_headers": {"Server": ["Caddy"], "X-Xss-Protection": ["1; mode=block"], "X-Content-Type-Options": ["nosniff"], "Etag": ["\"dlh52pe14jcw4p3\""], "Last-Modified": ["Wed, 16 Sep 2026 23:45:14 GMT"], "Accept-Ranges": ["bytes"], "X-Frame-Options": ["DENY"], "Vary": ["Accept-Encoding"], "Content-Type": ["text/html; charset=utf-8"], "Content-Length": ["6087"]}}
web         | 2026/09/18 12:05:42.939	[34mINFO[0m	http.log.access.log0	handled request	{"request": {"remote_ip": "127.0.0.1", "remote_port": "51334", "client_ip": "127.0.0.1", "proto": "HTTP/1.1", "method": "GET", "host": "127.0.0.1:3000", "uri": "/", "headers": {"Accept": ["*/*"], "User-Agent": ["curl/8.22.0"]}}, "bytes_read": 0, "user_id": "", "duration": 0.000502603, "size": 6087, "status": 200, "resp_headers": {"Server": ["Caddy"], "X-Xss-Protection": ["1; mode=block"], "Etag": ["\"dlh52pe14jcw4p3\""], "Content-Type": ["text/html; charset=utf-8"], "Last-Modified": ["Wed, 16 Sep 2026 23:45:14 GMT"], "X-Content-Type-Options": ["nosniff"], "X-Frame-Options": ["DENY"], "Vary": ["Accept-Encoding"], "Accept-Ranges": ["bytes"], "Content-Length": ["6087"]}}
web         | 2026/09/18 12:06:13.024	[34mINFO[0m	http.log.access.log0	handled request	{"request": {"remote_ip": "127.0.0.1", "remote_port": "54134", "client_ip": "127.0.0.1", "proto": "HTTP/1.1", "method": "GET", "host": "127.0.0.1:3000", "uri": "/", "headers": {"Accept": ["*/*"], "User-Agent": ["curl/8.22.0"]}}, "bytes_read": 0, "user_id": "", "duration": 0.000572843, "size": 6087, "status": 200, "resp_headers": {"X-Content-Type-Options": ["nosniff"], "X-Xss-Protection": ["1; mode=block"], "Vary": ["Accept-Encoding"], "Etag": ["\"dlh52pe14jcw4p3\""], "Accept-Ranges": ["bytes"], "Server": ["Caddy"], "X-Frame-Options": ["DENY"], "Content-Type": ["text/html; charset=utf-8"], "Last-Modified": ["Wed, 16 Sep 2026 23:45:14 GMT"], "Content-Length": ["6087"]}}
web         | 2026/09/18 12:06:43.121	[34mINFO[0m	http.log.access.log0	handled request	{"request": {"remote_ip": "127.0.0.1", "remote_port": "42206", "client_ip": "127.0.0.1", "proto": "HTTP/1.1", "method": "GET", "host": "127.0.0.1:3000", "uri": "/", "headers": {"Accept": ["*/*"], "User-Agent": ["curl/8.22.0"]}}, "bytes_read": 0, "user_id": "", "duration": 0.000466594, "size": 6087, "status": 200, "resp_headers": {"X-Content-Type-Options": ["nosniff"], "X-Frame-Options": ["DENY"], "X-Xss-Protection": ["1; mode=block"], "Etag": ["\"dlh52pe14jcw4p3\""], "Last-Modified": ["Wed, 16 Sep 2026 23:45:14 GMT"], "Content-Length": ["6087"], "Server": ["Caddy"], "Vary": ["Accept-Encoding"], "Content-Type": ["text/html; charset=utf-8"], "Accept-Ranges": ["bytes"]}}
web         | 2026/09/18 12:07:13.202	[34mINFO[0m	http.log.access.log0	handled request	{"request": {"remote_ip": "127.0.0.1", "remote_port": "45624", "client_ip": "127.0.0.1", "proto": "HTTP/1.1", "method": "GET", "host": "127.0.0.1:3000", "uri": "/", "headers": {"User-Agent": ["curl/8.22.0"], "Accept": ["*/*"]}}, "bytes_read": 0, "user_id": "", "duration": 0.000657827, "size": 6087, "status": 200, "resp_headers": {"X-Xss-Protection": ["1; mode=block"], "X-Content-Type-Options": ["nosniff"], "Vary": ["Accept-Encoding"], "Last-Modified": ["Wed, 16 Sep 2026 23:45:14 GMT"], "Content-Length": ["6087"], "X-Frame-Options": ["DENY"], "Etag": ["\"dlh52pe14jcw4p3\""], "Content-Type": ["text/html; charset=utf-8"], "Accept-Ranges": ["bytes"], "Server": ["Caddy"]}}
web         | 2026/09/18 12:07:43.287	[34mINFO[0m	http.log.access.log0	handled request	{"request": {"remote_ip": "127.0.0.1", "remote_port": "57902", "client_ip": "127.0.0.1", "proto": "HTTP/1.1", "method": "GET", "host": "127.0.0.1:3000", "uri": "/", "headers": {"Accept": ["*/*"], "User-Agent": ["curl/8.22.0"]}}, "bytes_read": 0, "user_id": "", "duration": 0.000613596, "size": 6087, "status": 200, "resp_headers": {"X-Frame-Options": ["DENY"], "X-Xss-Protection": ["1; mode=block"], "Vary": ["Accept-Encoding"], "Etag": ["\"dlh52pe14jcw4p3\""], "Accept-Ranges": ["bytes"], "Content-Length": ["6087"], "Server": ["Caddy"], "X-Content-Type-Options": ["nosniff"], "Content-Type": ["text/html; charset=utf-8"], "Last-Modified": ["Wed, 16 Sep 2026 23:45:14 GMT"]}}
bgworker    | {"levelname": "INFO", "asctime": "2026-09-18 12:05:00,033", "module": "strategy", "name": "celery.worker.strategy", "message": "Task plane.bgtasks.email_notification_task.stack_email_notification[6e094f37-d2a7-4d45-89ad-8165b45af756] received", "data": {"id": "6e094f37-d2a7-4d45-89ad-8165b45af756", "name": "plane.bgtasks.email_notification_task.stack_email_notification", "args": "()", "kwargs": "{}", "eta": null}}
bgworker    | [2026-09-18 12:10:00,102: INFO/MainProcess] Task plane.bgtasks.email_notification_task.stack_email_notification[59761f1f-b553-44fc-aea8-9732b488df82] received
bgworker    | {"levelname": "INFO", "asctime": "2026-09-18 12:10:00,102", "module": "strategy", "name": "celery.worker.strategy", "message": "Task plane.bgtasks.email_notification_task.stack_email_notification[59761f1f-b553-44fc-aea8-9732b488df82] received", "data": {"id": "59761f1f-b553-44fc-aea8-9732b488df82", "name": "plane.bgtasks.email_notification_task.stack_email_notification", "args": "()", "kwargs": "{}", "eta": null}}
bgworker    | [2026-09-18 12:15:00,293: INFO/MainProcess] Task plane.bgtasks.email_notification_task.stack_email_notification[5bec3903-b502-4224-910c-d8957b832efd] received
bgworker    | {"levelname": "INFO", "asctime": "2026-09-18 12:15:00,293", "module": "strategy", "name": "celery.worker.strategy", "message": "Task plane.bgtasks.email_notification_task.stack_email_notification[5bec3903-b502-4224-910c-d8957b832efd] received", "data": {"id": "5bec3903-b502-4224-910c-d8957b832efd", "name": "plane.bgtasks.email_notification_task.stack_email_notification", "args": "()", "kwargs": "{}", "eta": null}}
bgworker    | [2026-09-18 12:20:00,201: INFO/MainProcess] Task plane.bgtasks.email_notification_task.stack_email_notification[45ef95a1-3bfc-43d7-aef2-98f4a428bb67] received
bgworker    | {"levelname": "INFO", "asctime": "2026-09-18 12:20:00,201", "module": "strategy", "name": "celery.worker.strategy", "message": "Task plane.bgtasks.email_notification_task.stack_email_notification[45ef95a1-3bfc-43d7-aef2-98f4a428bb67] received", "data": {"id": "45ef95a1-3bfc-43d7-aef2-98f4a428bb67", "name": "plane.bgtasks.email_notification_task.stack_email_notification", "args": "()", "kwargs": "{}", "eta": null}}
bgworker    | [2026-09-18 12:25:00,071: INFO/MainProcess] Task plane.bgtasks.email_notification_task.stack_email_notification[b4aca73a-53b6-47b2-ac6f-0f1c8442859b] received
bgworker    | {"levelname": "INFO", "asctime": "2026-09-18 12:25:00,071", "module": "strategy", "name": "celery.worker.strategy", "message": "Task plane.bgtasks.email_notification_task.stack_email_notification[b4aca73a-53b6-47b2-ac6f-0f1c8442859b] received", "data": {"id": "b4aca73a-53b6-47b2-ac6f-0f1c8442859b", "name": "plane.bgtasks.email_notification_task.stack_email_notification", "args": "()", "kwargs": "{}", "eta": null}}
bgworker    | [2026-09-18 12:30:00,027: INFO/MainProcess] Task plane.bgtasks.email_notification_task.stack_email_notification[3122ee97-f4fb-4fcf-a812-7c584513b66f] received
bgworker    | {"levelname": "INFO", "asctime": "2026-09-18 12:30:00,027", "module": "strategy", "name": "celery.worker.strategy", "message": "Task plane.bgtasks.email_notification_task.stack_email_notification[3122ee97-f4fb-4fcf-a812-7c584513b66f] received", "data": {"id": "3122ee97-f4fb-4fcf-a812-7c584513b66f", "name": "plane.bgtasks.email_notification_task.stack_email_notification", "args": "()", "kwargs": "{}", "eta": null}}
bgworker    | [2026-09-18 12:35:00,024: INFO/MainProcess] Task plane.bgtasks.email_notification_task.stack_email_notification[194f3e63-3d32-4e8d-917b-c437fec5b99a] received
bgworker    | {"levelname": "INFO", "asctime": "2026-09-18 12:35:00,024", "module": "strategy", "name": "celery.worker.strategy", "message": "Task plane.bgtasks.email_notification_task.stack_email_notification[194f3e63-3d32-4e8d-917b-c437fec5b99a] received", "data": {"id": "194f3e63-3d32-4e8d-917b-c437fec5b99a", "name": "plane.bgtasks.email_notification_task.stack_email_notification", "args": "()", "kwargs": "{}", "eta": null}}
bgworker    | [2026-09-18 12:40:00,428: INFO/MainProcess] Task plane.bgtasks.email_notification_task.stack_email_notification[226944f6-5f61-4770-bf8c-2e8ba4095202] received
bgworker    | {"levelname": "INFO", "asctime": "2026-09-18 12:40:00,428", "module": "strategy", "name": "celery.worker.strategy", "message": "Task plane.bgtasks.email_notification_task.stack_email_notification[226944f6-5f61-4770-bf8c-2e8ba4095202] received", "data": {"id": "226944f6-5f61-4770-bf8c-2e8ba4095202", "name": "plane.bgtasks.email_notification_task.stack_email_notification", "args": "()", "kwargs": "{}", "eta": null}}
bgworker    | [2026-09-18 12:45:00,239: INFO/MainProcess] Task plane.bgtasks.email_notification_task.stack_email_notification[0a6489d5-662a-42c7-ac9a-41742838353e] received
bgworker    | {"levelname": "INFO", "asctime": "2026-09-18 12:45:00,239", "module": "strategy", "name": "celery.worker.strategy", "message": "Task plane.bgtasks.email_notification_task.stack_email_notification[0a6489d5-662a-42c7-ac9a-41742838353e] received", "data": {"id": "0a6489d5-662a-42c7-ac9a-41742838353e", "name": "plane.bgtasks.email_notification_task.stack_email_notification", "args": "()", "kwargs": "{}", "eta": null}}
api         | {"levelname": "INFO", "asctime": "2026-09-18 06:03:36,580", "module": "logger", "name": "plane.api.request", "message": "GET /api/workspaces/brune4ai/projects/8fd2a982-478c-479c-aeac-820e97299186/ 200", "path": "/api/workspaces/brune4ai/projects/8fd2a982-478c-479c-aeac-820e97299186/", "method": "GET", "status_code": 200, "duration_ms": 1278, "remote_addr": "119.160.190.240", "user_agent": "Mozilla/5.0 (Windows NT 10.0; Win64; x64) AppleWebKit/537.36 (KHTML, like Gecko) Chrome/153.0.0.0 Safari/537.36 Edg/153.0.0.0", "user_id": "57ff78ef-f40f-4d8d-bca3-7e302fe916ca"}
api         | {"levelname": "INFO", "asctime": "2026-09-18 06:04:24,733", "module": "logger", "name": "plane.api.request", "message": "GET /api/workspaces/brune4ai/users/notifications/unread/ 200", "path": "/api/workspaces/brune4ai/users/notifications/unread/", "method": "GET", "status_code": 200, "duration_ms": 507, "remote_addr": "119.160.190.240", "user_agent": "Mozilla/5.0 (Windows NT 10.0; Win64; x64) AppleWebKit/537.36 (KHTML, like Gecko) Chrome/153.0.0.0 Safari/537.36 Edg/153.0.0.0", "user_id": "57ff78ef-f40f-4d8d-bca3-7e302fe916ca"}
api         | {"levelname": "INFO", "asctime": "2026-09-18 06:04:25,121", "module": "logger", "name": "plane.api.request", "message": "GET /api/workspaces/brune4ai/projects/8fd2a982-478c-479c-aeac-820e97299186/project-members/me/ 200", "path": "/api/workspaces/brune4ai/projects/8fd2a982-478c-479c-aeac-820e97299186/project-members/me/", "method": "GET", "status_code": 200, "duration_ms": 887, "remote_addr": "119.160.190.240", "user_agent": "Mozilla/5.0 (Windows NT 10.0; Win64; x64) AppleWebKit/537.36 (KHTML, like Gecko) Chrome/153.0.0.0 Safari/537.36 Edg/153.0.0.0", "user_id": "57ff78ef-f40f-4d8d-bca3-7e302fe916ca"}
api         | {"levelname": "INFO", "asctime": "2026-09-18 06:04:25,847", "module": "logger", "name": "plane.api.request", "message": "GET /api/workspaces/brune4ai/projects/8fd2a982-478c-479c-aeac-820e97299186/ 200", "path": "/api/workspaces/brune4ai/projects/8fd2a982-478c-479c-aeac-820e97299186/", "method": "GET", "status_code": 200, "duration_ms": 1648, "remote_addr": "119.160.190.240", "user_agent": "Mozilla/5.0 (Windows NT 10.0; Win64; x64) AppleWebKit/537.36 (KHTML, like Gecko) Chrome/153.0.0.0 Safari/537.36 Edg/153.0.0.0", "user_id": "57ff78ef-f40f-4d8d-bca3-7e302fe916ca"}
api         | {"levelname": "INFO", "asctime": "2026-09-18 06:06:32,461", "module": "logger", "name": "plane.api.request", "message": "GET /api/users/me/copilot-identity/ 200", "path": "/api/users/me/copilot-identity/", "method": "GET", "status_code": 200, "duration_ms": 1020, "remote_addr": "119.160.190.240", "user_agent": "Mozilla/5.0 (Windows NT 10.0; Win64; x64) AppleWebKit/537.36 (KHTML, like Gecko) Chrome/153.0.0.0 Safari/537.36 Edg/153.0.0.0", "user_id": "57ff78ef-f40f-4d8d-bca3-7e302fe916ca"}
api         | {"levelname": "INFO", "asctime": "2026-09-18 06:07:19,131", "module": "logger", "name": "plane.api.request", "message": "GET /api/workspaces/brune4ai/users/notifications/unread/ 200", "path": "/api/workspaces/brune4ai/users/notifications/unread/", "method": "GET", "status_code": 200, "duration_ms": 1225, "remote_addr": "119.160.190.240", "user_agent": "Mozilla/5.0 (Windows NT 10.0; Win64; x64) AppleWebKit/537.36 (KHTML, like Gecko) Chrome/153.0.0.0 Safari/537.36 Edg/153.0.0.0", "user_id": "57ff78ef-f40f-4d8d-bca3-7e302fe916ca"}
api         | {"levelname": "INFO", "asctime": "2026-09-18 06:07:21,523", "module": "logger", "name": "plane.api.request", "message": "GET /api/workspaces/brune4ai/projects/8fd2a982-478c-479c-aeac-820e97299186/project-members/me/ 200", "path": "/api/workspaces/brune4ai/projects/8fd2a982-478c-479c-aeac-820e97299186/project-members/me/", "method": "GET", "status_code": 200, "duration_ms": 2574, "remote_addr": "119.160.190.240", "user_agent": "Mozilla/5.0 (Windows NT 10.0; Win64; x64) AppleWebKit/537.36 (KHTML, like Gecko) Chrome/153.0.0.0 Safari/537.36 Edg/153.0.0.0", "user_id": "57ff78ef-f40f-4d8d-bca3-7e302fe916ca"}
api         | {"levelname": "INFO", "asctime": "2026-09-18 06:07:21,567", "module": "logger", "name": "plane.api.request", "message": "GET /api/workspaces/brune4ai/projects/8fd2a982-478c-479c-aeac-820e97299186/ 200", "path": "/api/workspaces/brune4ai/projects/8fd2a982-478c-479c-aeac-820e97299186/", "method": "GET", "status_code": 200, "duration_ms": 3646, "remote_addr": "119.160.190.240", "user_agent": "Mozilla/5.0 (Windows NT 10.0; Win64; x64) AppleWebKit/537.36 (KHTML, like Gecko) Chrome/153.0.0.0 Safari/537.36 Edg/153.0.0.0", "user_id": "57ff78ef-f40f-4d8d-bca3-7e302fe916ca"}
api         | {"levelname": "INFO", "asctime": "2026-09-18 06:07:56,036", "module": "logger", "name": "plane.api.request", "message": "GET /api/workspaces/brune4ai/projects/8fd2a982-478c-479c-aeac-820e97299186/project-members/me/ 200", "path": "/api/workspaces/brune4ai/projects/8fd2a982-478c-479c-aeac-820e97299186/project-members/me/", "method": "GET", "status_code": 200, "duration_ms": 1521, "remote_addr": "119.160.190.240", "user_agent": "Mozilla/5.0 (Windows NT 10.0; Win64; x64) AppleWebKit/537.36 (KHTML, like Gecko) Chrome/153.0.0.0 Safari/537.36 Edg/153.0.0.0", "user_id": "57ff78ef-f40f-4d8d-bca3-7e302fe916ca"}
api         | {"levelname": "INFO", "asctime": "2026-09-18 06:07:56,071", "module": "logger", "name": "plane.api.request", "message": "GET /api/workspaces/brune4ai/users/notifications/unread/ 200", "path": "/api/workspaces/brune4ai/users/notifications/unread/", "method": "GET", "status_code": 200, "duration_ms": 1571, "remote_addr": "119.160.190.240", "user_agent": "Mozilla/5.0 (Windows NT 10.0; Win64; x64) AppleWebKit/537.36 (KHTML, like Gecko) Chrome/153.0.0.0 Safari/537.36 Edg/153.0.0.0", "user_id": "57ff78ef-f40f-4d8d-bca3-7e302fe916ca"}
api         | {"levelname": "INFO", "asctime": "2026-09-18 06:07:57,139", "module": "logger", "name": "plane.api.request", "message": "GET /api/workspaces/brune4ai/projects/8fd2a982-478c-479c-aeac-820e97299186/ 200", "path": "/api/workspaces/brune4ai/projects/8fd2a982-478c-479c-aeac-820e97299186/", "method": "GET", "status_code": 200, "duration_ms": 2406, "remote_addr": "119.160.190.240", "user_agent": "Mozilla/5.0 (Windows NT 10.0; Win64; x64) AppleWebKit/537.36 (KHTML, like Gecko) Chrome/153.0.0.0 Safari/537.36 Edg/153.0.0.0", "user_id": "57ff78ef-f40f-4d8d-bca3-7e302fe916ca"}
api         | {"levelname": "INFO", "asctime": "2026-09-18 06:09:30,666", "module": "logger", "name": "plane.api.request", "message": "GET /api/workspaces/brune4ai/users/notifications/unread/ 200", "path": "/api/workspaces/brune4ai/users/notifications/unread/", "method": "GET", "status_code": 200, "duration_ms": 2432, "remote_addr": "119.160.190.240", "user_agent": "Mozilla/5.0 (Windows NT 10.0; Win64; x64) AppleWebKit/537.36 (KHTML, like Gecko) Chrome/153.0.0.0 Safari/537.36 Edg/153.0.0.0", "user_id": "57ff78ef-f40f-4d8d-bca3-7e302fe916ca"}
api         | {"levelname": "INFO", "asctime": "2026-09-18 06:09:30,791", "module": "logger", "name": "plane.api.request", "message": "GET /api/workspaces/brune4ai/projects/8fd2a982-478c-479c-aeac-820e97299186/project-members/me/ 200", "path": "/api/workspaces/brune4ai/projects/8fd2a982-478c-479c-aeac-820e97299186/project-members/me/", "method": "GET", "status_code": 200, "duration_ms": 2988, "remote_addr": "119.160.190.240", "user_agent": "Mozilla/5.0 (Windows NT 10.0; Win64; x64) AppleWebKit/537.36 (KHTML, like Gecko) Chrome/153.0.0.0 Safari/537.36 Edg/153.0.0.0", "user_id": "57ff78ef-f40f-4d8d-bca3-7e302fe916ca"}
api         | {"levelname": "INFO", "asctime": "2026-09-18 06:09:32,611", "module": "logger", "name": "plane.api.request", "message": "GET /api/workspaces/brune4ai/projects/8fd2a982-478c-479c-aeac-820e97299186/ 200", "path": "/api/workspaces/brune4ai/projects/8fd2a982-478c-479c-aeac-820e97299186/", "method": "GET", "status_code": 200, "duration_ms": 4817, "remote_addr": "119.160.190.240", "user_agent": "Mozilla/5.0 (Windows NT 10.0; Win64; x64) AppleWebKit/537.36 (KHTML, like Gecko) Chrome/153.0.0.0 Safari/537.36 Edg/153.0.0.0", "user_id": "57ff78ef-f40f-4d8d-bca3-7e302fe916ca"}
api         | {"levelname": "INFO", "asctime": "2026-09-18 06:09:32,692", "module": "logger", "name": "plane.api.request", "message": "GET /api/workspaces/brune4ai/projects/8fd2a982-478c-479c-aeac-820e97299186/issues/992faf47-6a3e-4bce-acf5-7a3935555241/?expand=issue_reactions,issue_attachments,issue_link,parent 200", "path": "/api/workspaces/brune4ai/projects/8fd2a982-478c-479c-aeac-820e97299186/issues/992faf47-6a3e-4bce-acf5-7a3935555241/", "method": "GET", "status_code": 200, "duration_ms": 2834, "remote_addr": "119.160.190.240", "user_agent": "Mozilla/5.0 (Windows NT 10.0; Win64; x64) AppleWebKit/537.36 (KHTML, like Gecko) Chrome/153.0.0.0 Safari/537.36 Edg/153.0.0.0", "user_id": "57ff78ef-f40f-4d8d-bca3-7e302fe916ca"}
api         | {"levelname": "INFO", "asctime": "2026-09-18 06:09:34,802", "module": "logger", "name": "plane.api.request", "message": "GET /api/workspaces/brune4ai/projects/8fd2a982-478c-479c-aeac-820e97299186/states/ 200", "path": "/api/workspaces/brune4ai/projects/8fd2a982-478c-479c-aeac-820e97299186/states/", "method": "GET", "status_code": 200, "duration_ms": 1807, "remote_addr": "119.160.190.240", "user_agent": "Mozilla/5.0 (Windows NT 10.0; Win64; x64) AppleWebKit/537.36 (KHTML, like Gecko) Chrome/153.0.0.0 Safari/537.36 Edg/153.0.0.0", "user_id": "57ff78ef-f40f-4d8d-bca3-7e302fe916ca"}
api         | {"levelname": "INFO", "asctime": "2026-09-18 06:09:35,312", "module": "logger", "name": "plane.api.request", "message": "GET /api/workspaces/brune4ai/projects/8fd2a982-478c-479c-aeac-820e97299186/issues/992faf47-6a3e-4bce-acf5-7a3935555241/sub-issues/ 200", "path": "/api/workspaces/brune4ai/projects/8fd2a982-478c-479c-aeac-820e97299186/issues/992faf47-6a3e-4bce-acf5-7a3935555241/sub-issues/", "method": "GET", "status_code": 200, "duration_ms": 2326, "remote_addr": "119.160.190.240", "user_agent": "Mozilla/5.0 (Windows NT 10.0; Win64; x64) AppleWebKit/537.36 (KHTML, like Gecko) Chrome/153.0.0.0 Safari/537.36 Edg/153.0.0.0", "user_id": "57ff78ef-f40f-4d8d-bca3-7e302fe916ca"}
api         | {"levelname": "INFO", "asctime": "2026-09-18 06:09:35,310", "module": "logger", "name": "plane.api.request", "message": "GET /api/workspaces/brune4ai/projects/8fd2a982-478c-479c-aeac-820e97299186/work-items/992faf47-6a3e-4bce-acf5-7a3935555241/description-versions/ 200", "path": "/api/workspaces/brune4ai/projects/8fd2a982-478c-479c-aeac-820e97299186/work-items/992faf47-6a3e-4bce-acf5-7a3935555241/description-versions/", "method": "GET", "status_code": 200, "duration_ms": 2324, "remote_addr": "119.160.190.240", "user_agent": "Mozilla/5.0 (Windows NT 10.0; Win64; x64) AppleWebKit/537.36 (KHTML, like Gecko) Chrome/153.0.0.0 Safari/537.36 Edg/153.0.0.0", "user_id": "57ff78ef-f40f-4d8d-bca3-7e302fe916ca"}
api         | {"levelname": "INFO", "asctime": "2026-09-18 06:09:35,831", "module": "logger", "name": "plane.api.request", "message": "GET /api/workspaces/brune4ai/projects/8fd2a982-478c-479c-aeac-820e97299186/issues/992faf47-6a3e-4bce-acf5-7a3935555241/history/?activity_type=issue-property 200", "path": "/api/workspaces/brune4ai/projects/8fd2a982-478c-479c-aeac-820e97299186/issues/992faf47-6a3e-4bce-acf5-7a3935555241/history/", "method": "GET", "status_code": 200, "duration_ms": 2841, "remote_addr": "119.160.190.240", "user_agent": "Mozilla/5.0 (Windows NT 10.0; Win64; x64) AppleWebKit/537.36 (KHTML, like Gecko) Chrome/153.0.0.0 Safari/537.36 Edg/153.0.0.0", "user_id": "57ff78ef-f40f-4d8d-bca3-7e302fe916ca"}
api         | {"levelname": "INFO", "asctime": "2026-09-18 06:09:36,209", "module": "logger", "name": "plane.api.request", "message": "GET /api/workspaces/brune4ai/projects/8fd2a982-478c-479c-aeac-820e97299186/issues/992faf47-6a3e-4bce-acf5-7a3935555241/history/?activity_type=issue-comment 200", "path": "/api/workspaces/brune4ai/projects/8fd2a982-478c-479c-aeac-820e97299186/issues/992faf47-6a3e-4bce-acf5-7a3935555241/history/", "method": "GET", "status_code": 200, "duration_ms": 3239, "remote_addr": "119.160.190.240", "user_agent": "Mozilla/5.0 (Windows NT 10.0; Win64; x64) AppleWebKit/537.36 (KHTML, like Gecko) Chrome/153.0.0.0 Safari/537.36 Edg/153.0.0.0", "user_id": "57ff78ef-f40f-4d8d-bca3-7e302fe916ca"}
api         | {"levelname": "INFO", "asctime": "2026-09-18 06:09:36,639", "module": "logger", "name": "plane.api.request", "message": "GET /api/workspaces/brune4ai/projects/8fd2a982-478c-479c-aeac-820e97299186/issues/992faf47-6a3e-4bce-acf5-7a3935555241/issue-relation/ 200", "path": "/api/workspaces/brune4ai/projects/8fd2a982-478c-479c-aeac-820e97299186/issues/992faf47-6a3e-4bce-acf5-7a3935555241/issue-relation/", "method": "GET", "status_code": 200, "duration_ms": 3674, "remote_addr": "119.160.190.240", "user_agent": "Mozilla/5.0 (Windows NT 10.0; Win64; x64) AppleWebKit/537.36 (KHTML, like Gecko) Chrome/153.0.0.0 Safari/537.36 Edg/153.0.0.0", "user_id": "57ff78ef-f40f-4d8d-bca3-7e302fe916ca"}
api         | {"levelname": "INFO", "asctime": "2026-09-18 06:10:18,891", "module": "logger", "name": "plane.api.request", "message": "GET /api/workspaces/brune4ai/projects/8fd2a982-478c-479c-aeac-820e97299186/work-items/992faf47-6a3e-4bce-acf5-7a3935555241/description-versions/ 200", "path": "/api/workspaces/brune4ai/projects/8fd2a982-478c-479c-aeac-820e97299186/work-items/992faf47-6a3e-4bce-acf5-7a3935555241/description-versions/", "method": "GET", "status_code": 200, "duration_ms": 884, "remote_addr": "119.160.190.240", "user_agent": "Mozilla/5.0 (Windows NT 10.0; Win64; x64) AppleWebKit/537.36 (KHTML, like Gecko) Chrome/153.0.0.0 Safari/537.36 Edg/153.0.0.0", "user_id": "57ff78ef-f40f-4d8d-bca3-7e302fe916ca"}
api         | {"levelname": "INFO", "asctime": "2026-09-18 06:10:19,590", "module": "logger", "name": "plane.api.request", "message": "GET /api/workspaces/brune4ai/users/notifications/unread/ 200", "path": "/api/workspaces/brune4ai/users/notifications/unread/", "method": "GET", "status_code": 200, "duration_ms": 1506, "remote_addr": "119.160.190.240", "user_agent": "Mozilla/5.0 (Windows NT 10.0; Win64; x64) AppleWebKit/537.36 (KHTML, like Gecko) Chrome/153.0.0.0 Safari/537.36 Edg/153.0.0.0", "user_id": "57ff78ef-f40f-4d8d-bca3-7e302fe916ca"}
api         | {"levelname": "INFO", "asctime": "2026-09-18 06:10:19,697", "module": "logger", "name": "plane.api.request", "message": "GET /api/workspaces/brune4ai/projects/8fd2a982-478c-479c-aeac-820e97299186/project-members/me/ 200", "path": "/api/workspaces/brune4ai/projects/8fd2a982-478c-479c-aeac-820e97299186/project-members/me/", "method": "GET", "status_code": 200, "duration_ms": 1505, "remote_addr": "119.160.190.240", "user_agent": "Mozilla/5.0 (Windows NT 10.0; Win64; x64) AppleWebKit/537.36 (KHTML, like Gecko) Chrome/153.0.0.0 Safari/537.36 Edg/153.0.0.0", "user_id": "57ff78ef-f40f-4d8d-bca3-7e302fe916ca"}
api         | {"levelname": "INFO", "asctime": "2026-09-18 06:10:20,403", "module": "logger", "name": "plane.api.request", "message": "GET /api/workspaces/brune4ai/projects/8fd2a982-478c-479c-aeac-820e97299186/ 200", "path": "/api/workspaces/brune4ai/projects/8fd2a982-478c-479c-aeac-820e97299186/", "method": "GET", "status_code": 200, "duration_ms": 2271, "remote_addr": "119.160.190.240", "user_agent": "Mozilla/5.0 (Windows NT 10.0; Win64; x64) AppleWebKit/537.36 (KHTML, like Gecko) Chrome/153.0.0.0 Safari/537.36 Edg/153.0.0.0", "user_id": "57ff78ef-f40f-4d8d-bca3-7e302fe916ca"}
api         | {"levelname": "INFO", "asctime": "2026-09-18 06:10:30,064", "module": "logger", "name": "plane.api.request", "message": "GET /api/workspaces/brune4ai/users/notifications/unread/ 200", "path": "/api/workspaces/brune4ai/users/notifications/unread/", "method": "GET", "status_code": 200, "duration_ms": 804, "remote_addr": "119.160.190.240", "user_agent": "Mozilla/5.0 (Windows NT 10.0; Win64; x64) AppleWebKit/537.36 (KHTML, like Gecko) Chrome/153.0.0.0 Safari/537.36 Edg/153.0.0.0", "user_id": "57ff78ef-f40f-4d8d-bca3-7e302fe916ca"}
api         | {"levelname": "INFO", "asctime": "2026-09-18 06:10:30,817", "module": "logger", "name": "plane.api.request", "message": "GET /api/workspaces/brune4ai/projects/8fd2a982-478c-479c-aeac-820e97299186/work-items/992faf47-6a3e-4bce-acf5-7a3935555241/description-versions/ 200", "path": "/api/workspaces/brune4ai/projects/8fd2a982-478c-479c-aeac-820e97299186/work-items/992faf47-6a3e-4bce-acf5-7a3935555241/description-versions/", "method": "GET", "status_code": 200, "duration_ms": 1649, "remote_addr": "119.160.190.240", "user_agent": "Mozilla/5.0 (Windows NT 10.0; Win64; x64) AppleWebKit/537.36 (KHTML, like Gecko) Chrome/153.0.0.0 Safari/537.36 Edg/153.0.0.0", "user_id": "57ff78ef-f40f-4d8d-bca3-7e302fe916ca"}
api         | {"levelname": "INFO", "asctime": "2026-09-18 06:10:31,011", "module": "logger", "name": "plane.api.request", "message": "GET /api/workspaces/brune4ai/projects/8fd2a982-478c-479c-aeac-820e97299186/project-members/me/ 200", "path": "/api/workspaces/brune4ai/projects/8fd2a982-478c-479c-aeac-820e97299186/project-members/me/", "method": "GET", "status_code": 200, "duration_ms": 1874, "remote_addr": "119.160.190.240", "user_agent": "Mozilla/5.0 (Windows NT 10.0; Win64; x64) AppleWebKit/537.36 (KHTML, like Gecko) Chrome/153.0.0.0 Safari/537.36 Edg/153.0.0.0", "user_id": "57ff78ef-f40f-4d8d-bca3-7e302fe916ca"}
api         | {"levelname": "INFO", "asctime": "2026-09-18 06:10:31,307", "module": "logger", "name": "plane.api.request", "message": "GET /api/workspaces/brune4ai/projects/8fd2a982-478c-479c-aeac-820e97299186/ 200", "path": "/api/workspaces/brune4ai/projects/8fd2a982-478c-479c-aeac-820e97299186/", "method": "GET", "status_code": 200, "duration_ms": 2142, "remote_addr": "119.160.190.240", "user_agent": "Mozilla/5.0 (Windows NT 10.0; Win64; x64) AppleWebKit/537.36 (KHTML, like Gecko) Chrome/153.0.0.0 Safari/537.36 Edg/153.0.0.0", "user_id": "57ff78ef-f40f-4d8d-bca3-7e302fe916ca"}
admin       | 2026/09/18 11:57:00.044	[34mINFO[0m	http.log.access.log0	handled request	{"request": {"remote_ip": "127.0.0.1", "remote_port": "48764", "client_ip": "127.0.0.1", "proto": "HTTP/1.1", "method": "GET", "host": "127.0.0.1:3000", "uri": "/god-mode", "headers": {"Accept": ["*/*"], "User-Agent": ["curl/8.20.0"]}}, "bytes_read": 0, "user_id": "", "duration": 0.004385188, "size": 5589, "status": 200, "resp_headers": {"X-Frame-Options": ["DENY"], "X-Xss-Protection": ["1; mode=block"], "Accept-Ranges": ["bytes"], "Content-Length": ["5589"], "Server": ["Caddy"], "X-Content-Type-Options": ["nosniff"], "Vary": ["Accept-Encoding"], "Etag": ["\"dlbu270dl7284b9\""], "Content-Type": ["text/html; charset=utf-8"], "Last-Modified": ["Thu, 10 Sep 2026 18:04:02 GMT"]}}
admin       | 2026/09/18 11:57:30.418	[34mINFO[0m	http.log.access.log0	handled request	{"request": {"remote_ip": "127.0.0.1", "remote_port": "60960", "client_ip": "127.0.0.1", "proto": "HTTP/1.1", "method": "GET", "host": "127.0.0.1:3000", "uri": "/god-mode", "headers": {"User-Agent": ["curl/8.20.0"], "Accept": ["*/*"]}}, "bytes_read": 0, "user_id": "", "duration": 0.000671622, "size": 5589, "status": 200, "resp_headers": {"Etag": ["\"dlbu270dl7284b9\""], "Last-Modified": ["Thu, 10 Sep 2026 18:04:02 GMT"], "X-Frame-Options": ["DENY"], "Vary": ["Accept-Encoding"], "Content-Type": ["text/html; charset=utf-8"], "Accept-Ranges": ["bytes"], "Content-Length": ["5589"], "Server": ["Caddy"], "X-Content-Type-Options": ["nosniff"], "X-Xss-Protection": ["1; mode=block"]}}
admin       | 2026/09/18 11:58:00.689	[34mINFO[0m	http.log.access.log0	handled request	{"request": {"remote_ip": "127.0.0.1", "remote_port": "34800", "client_ip": "127.0.0.1", "proto": "HTTP/1.1", "method": "GET", "host": "127.0.0.1:3000", "uri": "/god-mode", "headers": {"User-Agent": ["curl/8.20.0"], "Accept": ["*/*"]}}, "bytes_read": 0, "user_id": "", "duration": 0.011558792, "size": 5589, "status": 200, "resp_headers": {"X-Xss-Protection": ["1; mode=block"], "Etag": ["\"dlbu270dl7284b9\""], "Content-Type": ["text/html; charset=utf-8"], "Last-Modified": ["Thu, 10 Sep 2026 18:04:02 GMT"], "Accept-Ranges": ["bytes"], "X-Content-Type-Options": ["nosniff"], "Vary": ["Accept-Encoding"], "Content-Length": ["5589"], "Server": ["Caddy"], "X-Frame-Options": ["DENY"]}}
admin       | 2026/09/18 11:58:30.948	[34mINFO[0m	http.log.access.log0	handled request	{"request": {"remote_ip": "127.0.0.1", "remote_port": "42282", "client_ip": "127.0.0.1", "proto": "HTTP/1.1", "method": "GET", "host": "127.0.0.1:3000", "uri": "/god-mode", "headers": {"User-Agent": ["curl/8.20.0"], "Accept": ["*/*"]}}, "bytes_read": 0, "user_id": "", "duration": 0.002175483, "size": 5589, "status": 200, "resp_headers": {"Server": ["Caddy"], "X-Frame-Options": ["DENY"], "X-Xss-Protection": ["1; mode=block"], "Vary": ["Accept-Encoding"], "Content-Type": ["text/html; charset=utf-8"], "Content-Length": ["5589"], "X-Content-Type-Options": ["nosniff"], "Etag": ["\"dlbu270dl7284b9\""], "Last-Modified": ["Thu, 10 Sep 2026 18:04:02 GMT"], "Accept-Ranges": ["bytes"]}}
admin       | 2026/09/18 11:59:01.339	[34mINFO[0m	http.log.access.log0	handled request	{"request": {"remote_ip": "127.0.0.1", "remote_port": "57802", "client_ip": "127.0.0.1", "proto": "HTTP/1.1", "method": "GET", "host": "127.0.0.1:3000", "uri": "/god-mode", "headers": {"User-Agent": ["curl/8.20.0"], "Accept": ["*/*"]}}, "bytes_read": 0, "user_id": "", "duration": 0.004826847, "size": 5589, "status": 200, "resp_headers": {"Server": ["Caddy"], "Vary": ["Accept-Encoding"], "Etag": ["\"dlbu270dl7284b9\""], "Content-Type": ["text/html; charset=utf-8"], "Accept-Ranges": ["bytes"], "X-Content-Type-Options": ["nosniff"], "X-Frame-Options": ["DENY"], "X-Xss-Protection": ["1; mode=block"], "Last-Modified": ["Thu, 10 Sep 2026 18:04:02 GMT"], "Content-Length": ["5589"]}}
admin       | 2026/09/18 11:59:31.746	[34mINFO[0m	http.log.access.log0	handled request	{"request": {"remote_ip": "127.0.0.1", "remote_port": "39792", "client_ip": "127.0.0.1", "proto": "HTTP/1.1", "method": "GET", "host": "127.0.0.1:3000", "uri": "/god-mode", "headers": {"User-Agent": ["curl/8.20.0"], "Accept": ["*/*"]}}, "bytes_read": 0, "user_id": "", "duration": 0.028336817, "size": 5589, "status": 200, "resp_headers": {"X-Xss-Protection": ["1; mode=block"], "Vary": ["Accept-Encoding"], "Content-Type": ["text/html; charset=utf-8"], "Last-Modified": ["Thu, 10 Sep 2026 18:04:02 GMT"], "Accept-Ranges": ["bytes"], "Server": ["Caddy"], "Etag": ["\"dlbu270dl7284b9\""], "Content-Length": ["5589"], "X-Content-Type-Options": ["nosniff"], "X-Frame-Options": ["DENY"]}}
admin       | 2026/09/18 12:00:02.538	[34mINFO[0m	http.log.access.log0	handled request	{"request": {"remote_ip": "127.0.0.1", "remote_port": "39624", "client_ip": "127.0.0.1", "proto": "HTTP/1.1", "method": "GET", "host": "127.0.0.1:3000", "uri": "/god-mode", "headers": {"User-Agent": ["curl/8.20.0"], "Accept": ["*/*"]}}, "bytes_read": 0, "user_id": "", "duration": 0.012341161, "size": 5589, "status": 200, "resp_headers": {"Server": ["Caddy"], "X-Frame-Options": ["DENY"], "X-Xss-Protection": ["1; mode=block"], "Content-Type": ["text/html; charset=utf-8"], "Accept-Ranges": ["bytes"], "X-Content-Type-Options": ["nosniff"], "Vary": ["Accept-Encoding"], "Etag": ["\"dlbu270dl7284b9\""], "Last-Modified": ["Thu, 10 Sep 2026 18:04:02 GMT"], "Content-Length": ["5589"]}}
admin       | 2026/09/18 12:00:32.897	[34mINFO[0m	http.log.access.log0	handled request	{"request": {"remote_ip": "127.0.0.1", "remote_port": "39556", "client_ip": "127.0.0.1", "proto": "HTTP/1.1", "method": "GET", "host": "127.0.0.1:3000", "uri": "/god-mode", "headers": {"User-Agent": ["curl/8.20.0"], "Accept": ["*/*"]}}, "bytes_read": 0, "user_id": "", "duration": 0.001230598, "size": 5589, "status": 200, "resp_headers": {"X-Xss-Protection": ["1; mode=block"], "Vary": ["Accept-Encoding"], "Content-Type": ["text/html; charset=utf-8"], "Last-Modified": ["Thu, 10 Sep 2026 18:04:02 GMT"], "Accept-Ranges": ["bytes"], "Server": ["Caddy"], "X-Content-Type-Options": ["nosniff"], "X-Frame-Options": ["DENY"], "Etag": ["\"dlbu270dl7284b9\""], "Content-Length": ["5589"]}}
admin       | 2026/09/18 12:01:03.358	[34mINFO[0m	http.log.access.log0	handled request	{"request": {"remote_ip": "127.0.0.1", "remote_port": "43634", "client_ip": "127.0.0.1", "proto": "HTTP/1.1", "method": "GET", "host": "127.0.0.1:3000", "uri": "/god-mode", "headers": {"Accept": ["*/*"], "User-Agent": ["curl/8.20.0"]}}, "bytes_read": 0, "user_id": "", "duration": 0.003765949, "size": 5589, "status": 200, "resp_headers": {"X-Frame-Options": ["DENY"], "X-Xss-Protection": ["1; mode=block"], "Vary": ["Accept-Encoding"], "Etag": ["\"dlbu270dl7284b9\""], "Last-Modified": ["Thu, 10 Sep 2026 18:04:02 GMT"], "Content-Length": ["5589"], "Server": ["Caddy"], "X-Content-Type-Options": ["nosniff"], "Content-Type": ["text/html; charset=utf-8"], "Accept-Ranges": ["bytes"]}}
admin       | 2026/09/18 12:01:33.453	[34mINFO[0m	http.log.access.log0	handled request	{"request": {"remote_ip": "127.0.0.1", "remote_port": "48174", "client_ip": "127.0.0.1", "proto": "HTTP/1.1", "method": "GET", "host": "127.0.0.1:3000", "uri": "/god-mode", "headers": {"User-Agent": ["curl/8.20.0"], "Accept": ["*/*"]}}, "bytes_read": 0, "user_id": "", "duration": 0.002054734, "size": 5589, "status": 200, "resp_headers": {"Server": ["Caddy"], "X-Xss-Protection": ["1; mode=block"], "Vary": ["Accept-Encoding"], "Etag": ["\"dlbu270dl7284b9\""], "Content-Type": ["text/html; charset=utf-8"], "Accept-Ranges": ["bytes"], "Content-Length": ["5589"], "X-Content-Type-Options": ["nosniff"], "X-Frame-Options": ["DENY"], "Last-Modified": ["Thu, 10 Sep 2026 18:04:02 GMT"]}}
admin       | 2026/09/18 12:02:03.533	[34mINFO[0m	http.log.access.log0	handled request	{"request": {"remote_ip": "127.0.0.1", "remote_port": "35702", "client_ip": "127.0.0.1", "proto": "HTTP/1.1", "method": "GET", "host": "127.0.0.1:3000", "uri": "/god-mode", "headers": {"User-Agent": ["curl/8.20.0"], "Accept": ["*/*"]}}, "bytes_read": 0, "user_id": "", "duration": 0.003083853, "size": 5589, "status": 200, "resp_headers": {"Content-Length": ["5589"], "Server": ["Caddy"], "X-Frame-Options": ["DENY"], "Content-Type": ["text/html; charset=utf-8"], "Last-Modified": ["Thu, 10 Sep 2026 18:04:02 GMT"], "Accept-Ranges": ["bytes"], "X-Content-Type-Options": ["nosniff"], "X-Xss-Protection": ["1; mode=block"], "Vary": ["Accept-Encoding"], "Etag": ["\"dlbu270dl7284b9\""]}}
admin       | 2026/09/18 12:02:33.619	[34mINFO[0m	http.log.access.log0	handled request	{"request": {"remote_ip": "127.0.0.1", "remote_port": "54232", "client_ip": "127.0.0.1", "proto": "HTTP/1.1", "method": "GET", "host": "127.0.0.1:3000", "uri": "/god-mode", "headers": {"User-Agent": ["curl/8.20.0"], "Accept": ["*/*"]}}, "bytes_read": 0, "user_id": "", "duration": 0.002571984, "size": 5589, "status": 200, "resp_headers": {"Server": ["Caddy"], "X-Content-Type-Options": ["nosniff"], "Last-Modified": ["Thu, 10 Sep 2026 18:04:02 GMT"], "Accept-Ranges": ["bytes"], "Content-Length": ["5589"], "X-Frame-Options": ["DENY"], "X-Xss-Protection": ["1; mode=block"], "Vary": ["Accept-Encoding"], "Etag": ["\"dlbu270dl7284b9\""], "Content-Type": ["text/html; charset=utf-8"]}}
admin       | 2026/09/18 12:03:03.698	[34mINFO[0m	http.log.access.log0	handled request	{"request": {"remote_ip": "127.0.0.1", "remote_port": "59084", "client_ip": "127.0.0.1", "proto": "HTTP/1.1", "method": "GET", "host": "127.0.0.1:3000", "uri": "/god-mode", "headers": {"Accept": ["*/*"], "User-Agent": ["curl/8.20.0"]}}, "bytes_read": 0, "user_id": "", "duration": 0.000555779, "size": 5589, "status": 200, "resp_headers": {"Accept-Ranges": ["bytes"], "X-Content-Type-Options": ["nosniff"], "X-Xss-Protection": ["1; mode=block"], "Content-Type": ["text/html; charset=utf-8"], "Last-Modified": ["Thu, 10 Sep 2026 18:04:02 GMT"], "Content-Length": ["5589"], "Server": ["Caddy"], "X-Frame-Options": ["DENY"], "Vary": ["Accept-Encoding"], "Etag": ["\"dlbu270dl7284b9\""]}}
admin       | 2026/09/18 12:03:33.780	[34mINFO[0m	http.log.access.log0	handled request	{"request": {"remote_ip": "127.0.0.1", "remote_port": "59378", "client_ip": "127.0.0.1", "proto": "HTTP/1.1", "method": "GET", "host": "127.0.0.1:3000", "uri": "/god-mode", "headers": {"User-Agent": ["curl/8.20.0"], "Accept": ["*/*"]}}, "bytes_read": 0, "user_id": "", "duration": 0.005601331, "size": 5589, "status": 200, "resp_headers": {"Vary": ["Accept-Encoding"], "Content-Type": ["text/html; charset=utf-8"], "Last-Modified": ["Thu, 10 Sep 2026 18:04:02 GMT"], "X-Content-Type-Options": ["nosniff"], "Etag": ["\"dlbu270dl7284b9\""], "Accept-Ranges": ["bytes"], "Content-Length": ["5589"], "Server": ["Caddy"], "X-Frame-Options": ["DENY"], "X-Xss-Protection": ["1; mode=block"]}}
admin       | 2026/09/18 12:04:03.855	[34mINFO[0m	http.log.access.log0	handled request	{"request": {"remote_ip": "127.0.0.1", "remote_port": "43002", "client_ip": "127.0.0.1", "proto": "HTTP/1.1", "method": "GET", "host": "127.0.0.1:3000", "uri": "/god-mode", "headers": {"Accept": ["*/*"], "User-Agent": ["curl/8.20.0"]}}, "bytes_read": 0, "user_id": "", "duration": 0.000523734, "size": 5589, "status": 200, "resp_headers": {"Content-Type": ["text/html; charset=utf-8"], "Content-Length": ["5589"], "Vary": ["Accept-Encoding"], "Last-Modified": ["Thu, 10 Sep 2026 18:04:02 GMT"], "Accept-Ranges": ["bytes"], "Server": ["Caddy"], "X-Content-Type-Options": ["nosniff"], "X-Frame-Options": ["DENY"], "X-Xss-Protection": ["1; mode=block"], "Etag": ["\"dlbu270dl7284b9\""]}}
admin       | 2026/09/18 12:04:33.932	[34mINFO[0m	http.log.access.log0	handled request	{"request": {"remote_ip": "127.0.0.1", "remote_port": "57930", "client_ip": "127.0.0.1", "proto": "HTTP/1.1", "method": "GET", "host": "127.0.0.1:3000", "uri": "/god-mode", "headers": {"User-Agent": ["curl/8.20.0"], "Accept": ["*/*"]}}, "bytes_read": 0, "user_id": "", "duration": 0.000578543, "size": 5589, "status": 200, "resp_headers": {"Server": ["Caddy"], "X-Content-Type-Options": ["nosniff"], "X-Frame-Options": ["DENY"], "Etag": ["\"dlbu270dl7284b9\""], "Accept-Ranges": ["bytes"], "X-Xss-Protection": ["1; mode=block"], "Vary": ["Accept-Encoding"], "Content-Type": ["text/html; charset=utf-8"], "Last-Modified": ["Thu, 10 Sep 2026 18:04:02 GMT"], "Content-Length": ["5589"]}}
admin       | 2026/09/18 12:05:04.050	[34mINFO[0m	http.log.access.log0	handled request	{"request": {"remote_ip": "127.0.0.1", "remote_port": "60122", "client_ip": "127.0.0.1", "proto": "HTTP/1.1", "method": "GET", "host": "127.0.0.1:3000", "uri": "/god-mode", "headers": {"User-Agent": ["curl/8.20.0"], "Accept": ["*/*"]}}, "bytes_read": 0, "user_id": "", "duration": 0.001981017, "size": 5589, "status": 200, "resp_headers": {"Last-Modified": ["Thu, 10 Sep 2026 18:04:02 GMT"], "Accept-Ranges": ["bytes"], "Content-Length": ["5589"], "X-Xss-Protection": ["1; mode=block"], "Etag": ["\"dlbu270dl7284b9\""], "Server": ["Caddy"], "X-Frame-Options": ["DENY"], "X-Content-Type-Options": ["nosniff"], "Vary": ["Accept-Encoding"], "Content-Type": ["text/html; charset=utf-8"]}}
admin       | 2026/09/18 12:05:34.166	[34mINFO[0m	http.log.access.log0	handled request	{"request": {"remote_ip": "127.0.0.1", "remote_port": "41618", "client_ip": "127.0.0.1", "proto": "HTTP/1.1", "method": "GET", "host": "127.0.0.1:3000", "uri": "/god-mode", "headers": {"User-Agent": ["curl/8.20.0"], "Accept": ["*/*"]}}, "bytes_read": 0, "user_id": "", "duration": 0.00088873, "size": 5589, "status": 200, "resp_headers": {"Vary": ["Accept-Encoding"], "Etag": ["\"dlbu270dl7284b9\""], "Content-Length": ["5589"], "X-Content-Type-Options": ["nosniff"], "X-Frame-Options": ["DENY"], "Content-Type": ["text/html; charset=utf-8"], "Last-Modified": ["Thu, 10 Sep 2026 18:04:02 GMT"], "Accept-Ranges": ["bytes"], "Server": ["Caddy"], "X-Xss-Protection": ["1; mode=block"]}}
admin       | 2026/09/18 12:06:04.264	[34mINFO[0m	http.log.access.log0	handled request	{"request": {"remote_ip": "127.0.0.1", "remote_port": "53802", "client_ip": "127.0.0.1", "proto": "HTTP/1.1", "method": "GET", "host": "127.0.0.1:3000", "uri": "/god-mode", "headers": {"User-Agent": ["curl/8.20.0"], "Accept": ["*/*"]}}, "bytes_read": 0, "user_id": "", "duration": 0.00051515, "size": 5589, "status": 200, "resp_headers": {"Server": ["Caddy"], "X-Content-Type-Options": ["nosniff"], "X-Frame-Options": ["DENY"], "Vary": ["Accept-Encoding"], "Etag": ["\"dlbu270dl7284b9\""], "Content-Type": ["text/html; charset=utf-8"], "Last-Modified": ["Thu, 10 Sep 2026 18:04:02 GMT"], "Content-Length": ["5589"], "X-Xss-Protection": ["1; mode=block"], "Accept-Ranges": ["bytes"]}}
admin       | 2026/09/18 12:06:34.346	[34mINFO[0m	http.log.access.log0	handled request	{"request": {"remote_ip": "127.0.0.1", "remote_port": "45520", "client_ip": "127.0.0.1", "proto": "HTTP/1.1", "method": "GET", "host": "127.0.0.1:3000", "uri": "/god-mode", "headers": {"User-Agent": ["curl/8.20.0"], "Accept": ["*/*"]}}, "bytes_read": 0, "user_id": "", "duration": 0.000586352, "size": 5589, "status": 200, "resp_headers": {"X-Content-Type-Options": ["nosniff"], "X-Xss-Protection": ["1; mode=block"], "Content-Type": ["text/html; charset=utf-8"], "Accept-Ranges": ["bytes"], "Content-Length": ["5589"], "Server": ["Caddy"], "X-Frame-Options": ["DENY"], "Vary": ["Accept-Encoding"], "Etag": ["\"dlbu270dl7284b9\""], "Last-Modified": ["Thu, 10 Sep 2026 18:04:02 GMT"]}}
admin       | 2026/09/18 12:07:04.428	[34mINFO[0m	http.log.access.log0	handled request	{"request": {"remote_ip": "127.0.0.1", "remote_port": "54306", "client_ip": "127.0.0.1", "proto": "HTTP/1.1", "method": "GET", "host": "127.0.0.1:3000", "uri": "/god-mode", "headers": {"User-Agent": ["curl/8.20.0"], "Accept": ["*/*"]}}, "bytes_read": 0, "user_id": "", "duration": 0.000609631, "size": 5589, "status": 200, "resp_headers": {"Last-Modified": ["Thu, 10 Sep 2026 18:04:02 GMT"], "Content-Length": ["5589"], "X-Content-Type-Options": ["nosniff"], "Vary": ["Accept-Encoding"], "Etag": ["\"dlbu270dl7284b9\""], "Accept-Ranges": ["bytes"], "Server": ["Caddy"], "X-Frame-Options": ["DENY"], "X-Xss-Protection": ["1; mode=block"], "Content-Type": ["text/html; charset=utf-8"]}}
admin       | 2026/09/18 12:07:34.505	[34mINFO[0m	http.log.access.log0	handled request	{"request": {"remote_ip": "127.0.0.1", "remote_port": "58922", "client_ip": "127.0.0.1", "proto": "HTTP/1.1", "method": "GET", "host": "127.0.0.1:3000", "uri": "/god-mode", "headers": {"User-Agent": ["curl/8.20.0"], "Accept": ["*/*"]}}, "bytes_read": 0, "user_id": "", "duration": 0.001466501, "size": 5589, "status": 200, "resp_headers": {"Server": ["Caddy"], "X-Content-Type-Options": ["nosniff"], "Vary": ["Accept-Encoding"], "Content-Type": ["text/html; charset=utf-8"], "Accept-Ranges": ["bytes"], "Content-Length": ["5589"], "X-Frame-Options": ["DENY"], "X-Xss-Protection": ["1; mode=block"], "Etag": ["\"dlbu270dl7284b9\""], "Last-Modified": ["Thu, 10 Sep 2026 18:04:02 GMT"]}}
admin       | 2026/09/18 12:08:04.590	[34mINFO[0m	http.log.access.log0	handled request	{"request": {"remote_ip": "127.0.0.1", "remote_port": "56382", "client_ip": "127.0.0.1", "proto": "HTTP/1.1", "method": "GET", "host": "127.0.0.1:3000", "uri": "/god-mode", "headers": {"Accept": ["*/*"], "User-Agent": ["curl/8.20.0"]}}, "bytes_read": 0, "user_id": "", "duration": 0.000642317, "size": 5589, "status": 200, "resp_headers": {"X-Content-Type-Options": ["nosniff"], "X-Frame-Options": ["DENY"], "X-Xss-Protection": ["1; mode=block"], "Etag": ["\"dlbu270dl7284b9\""], "Content-Type": ["text/html; charset=utf-8"], "Last-Modified": ["Thu, 10 Sep 2026 18:04:02 GMT"], "Accept-Ranges": ["bytes"], "Server": ["Caddy"], "Vary": ["Accept-Encoding"], "Content-Length": ["5589"]}}
admin       | 2026/09/18 12:08:34.684	[34mINFO[0m	http.log.access.log0	handled request	{"request": {"remote_ip": "127.0.0.1", "remote_port": "60774", "client_ip": "127.0.0.1", "proto": "HTTP/1.1", "method": "GET", "host": "127.0.0.1:3000", "uri": "/god-mode", "headers": {"User-Agent": ["curl/8.20.0"], "Accept": ["*/*"]}}, "bytes_read": 0, "user_id": "", "duration": 0.000700589, "size": 5589, "status": 200, "resp_headers": {"Server": ["Caddy"], "X-Content-Type-Options": ["nosniff"], "Vary": ["Accept-Encoding"], "Etag": ["\"dlbu270dl7284b9\""], "Last-Modified": ["Thu, 10 Sep 2026 18:04:02 GMT"], "X-Frame-Options": ["DENY"], "X-Xss-Protection": ["1; mode=block"], "Content-Type": ["text/html; charset=utf-8"], "Accept-Ranges": ["bytes"], "Content-Length": ["5589"]}}
admin       | 2026/09/18 12:09:04.809	[34mINFO[0m	http.log.access.log0	handled request	{"request": {"remote_ip": "127.0.0.1", "remote_port": "40176", "client_ip": "127.0.0.1", "proto": "HTTP/1.1", "method": "GET", "host": "127.0.0.1:3000", "uri": "/god-mode", "headers": {"User-Agent": ["curl/8.20.0"], "Accept": ["*/*"]}}, "bytes_read": 0, "user_id": "", "duration": 0.000613095, "size": 5589, "status": 200, "resp_headers": {"X-Content-Type-Options": ["nosniff"], "X-Xss-Protection": ["1; mode=block"], "Vary": ["Accept-Encoding"], "Etag": ["\"dlbu270dl7284b9\""], "Content-Type": ["text/html; charset=utf-8"], "Accept-Ranges": ["bytes"], "Server": ["Caddy"], "X-Frame-Options": ["DENY"], "Last-Modified": ["Thu, 10 Sep 2026 18:04:02 GMT"], "Content-Length": ["5589"]}}
admin       | 2026/09/18 12:09:34.955	[34mINFO[0m	http.log.access.log0	handled request	{"request": {"remote_ip": "127.0.0.1", "remote_port": "52076", "client_ip": "127.0.0.1", "proto": "HTTP/1.1", "method": "GET", "host": "127.0.0.1:3000", "uri": "/god-mode", "headers": {"Accept": ["*/*"], "User-Agent": ["curl/8.20.0"]}}, "bytes_read": 0, "user_id": "", "duration": 0.001819156, "size": 5589, "status": 200, "resp_headers": {"X-Content-Type-Options": ["nosniff"], "Vary": ["Accept-Encoding"], "Accept-Ranges": ["bytes"], "Content-Length": ["5589"], "Server": ["Caddy"], "X-Xss-Protection": ["1; mode=block"], "X-Frame-Options": ["DENY"], "Etag": ["\"dlbu270dl7284b9\""], "Content-Type": ["text/html; charset=utf-8"], "Last-Modified": ["Thu, 10 Sep 2026 18:04:02 GMT"]}}
admin       | 2026/09/18 12:10:05.712	[34mINFO[0m	http.log.access.log0	handled request	{"request": {"remote_ip": "127.0.0.1", "remote_port": "46042", "client_ip": "127.0.0.1", "proto": "HTTP/1.1", "method": "GET", "host": "127.0.0.1:3000", "uri": "/god-mode", "headers": {"User-Agent": ["curl/8.20.0"], "Accept": ["*/*"]}}, "bytes_read": 0, "user_id": "", "duration": 0.000655777, "size": 5589, "status": 200, "resp_headers": {"Server": ["Caddy"], "X-Content-Type-Options": ["nosniff"], "X-Xss-Protection": ["1; mode=block"], "Accept-Ranges": ["bytes"], "X-Frame-Options": ["DENY"], "Vary": ["Accept-Encoding"], "Etag": ["\"dlbu270dl7284b9\""], "Content-Type": ["text/html; charset=utf-8"], "Last-Modified": ["Thu, 10 Sep 2026 18:04:02 GMT"], "Content-Length": ["5589"]}}
admin       | 2026/09/18 12:10:36.257	[34mINFO[0m	http.log.access.log0	handled request	{"request": {"remote_ip": "127.0.0.1", "remote_port": "41148", "client_ip": "127.0.0.1", "proto": "HTTP/1.1", "method": "GET", "host": "127.0.0.1:3000", "uri": "/god-mode", "headers": {"User-Agent": ["curl/8.20.0"], "Accept": ["*/*"]}}, "bytes_read": 0, "user_id": "", "duration": 0.00921208, "size": 5589, "status": 200, "resp_headers": {"Server": ["Caddy"], "X-Frame-Options": ["DENY"], "Vary": ["Accept-Encoding"], "Etag": ["\"dlbu270dl7284b9\""], "Content-Type": ["text/html; charset=utf-8"], "Last-Modified": ["Thu, 10 Sep 2026 18:04:02 GMT"], "X-Xss-Protection": ["1; mode=block"], "X-Content-Type-Options": ["nosniff"], "Accept-Ranges": ["bytes"], "Content-Length": ["5589"]}}
admin       | 2026/09/18 12:11:06.490	[34mINFO[0m	http.log.access.log0	handled request	{"request": {"remote_ip": "127.0.0.1", "remote_port": "33572", "client_ip": "127.0.0.1", "proto": "HTTP/1.1", "method": "GET", "host": "127.0.0.1:3000", "uri": "/god-mode", "headers": {"Accept": ["*/*"], "User-Agent": ["curl/8.20.0"]}}, "bytes_read": 0, "user_id": "", "duration": 0.001889368, "size": 5589, "status": 200, "resp_headers": {"X-Frame-Options": ["DENY"], "Vary": ["Accept-Encoding"], "Content-Type": ["text/html; charset=utf-8"], "Content-Length": ["5589"], "X-Content-Type-Options": ["nosniff"], "X-Xss-Protection": ["1; mode=block"], "Etag": ["\"dlbu270dl7284b9\""], "Last-Modified": ["Thu, 10 Sep 2026 18:04:02 GMT"], "Accept-Ranges": ["bytes"], "Server": ["Caddy"]}}
admin       | 2026/09/18 12:11:36.833	[34mINFO[0m	http.log.access.log0	handled request	{"request": {"remote_ip": "127.0.0.1", "remote_port": "46346", "client_ip": "127.0.0.1", "proto": "HTTP/1.1", "method": "GET", "host": "127.0.0.1:3000", "uri": "/god-mode", "headers": {"User-Agent": ["curl/8.20.0"], "Accept": ["*/*"]}}, "bytes_read": 0, "user_id": "", "duration": 0.011420646, "size": 5589, "status": 200, "resp_headers": {"X-Xss-Protection": ["1; mode=block"], "X-Content-Type-Options": ["nosniff"], "X-Frame-Options": ["DENY"], "Vary": ["Accept-Encoding"], "Etag": ["\"dlbu270dl7284b9\""], "Content-Type": ["text/html; charset=utf-8"], "Content-Length": ["5589"], "Server": ["Caddy"], "Last-Modified": ["Thu, 10 Sep 2026 18:04:02 GMT"], "Accept-Ranges": ["bytes"]}}
admin       | 2026/09/18 12:12:07.298	[34mINFO[0m	http.log.access.log0	handled request	{"request": {"remote_ip": "127.0.0.1", "remote_port": "60894", "client_ip": "127.0.0.1", "proto": "HTTP/1.1", "method": "GET", "host": "127.0.0.1:3000", "uri": "/god-mode", "headers": {"User-Agent": ["curl/8.20.0"], "Accept": ["*/*"]}}, "bytes_read": 0, "user_id": "", "duration": 0.003422115, "size": 5589, "status": 200, "resp_headers": {"X-Xss-Protection": ["1; mode=block"], "X-Content-Type-Options": ["nosniff"], "Last-Modified": ["Thu, 10 Sep 2026 18:04:02 GMT"], "Content-Length": ["5589"], "X-Frame-Options": ["DENY"], "Vary": ["Accept-Encoding"], "Etag": ["\"dlbu270dl7284b9\""], "Content-Type": ["text/html; charset=utf-8"], "Accept-Ranges": ["bytes"], "Server": ["Caddy"]}}
admin       | 2026/09/18 12:12:37.768	[34mINFO[0m	http.log.access.log0	handled request	{"request": {"remote_ip": "127.0.0.1", "remote_port": "54628", "client_ip": "127.0.0.1", "proto": "HTTP/1.1", "method": "GET", "host": "127.0.0.1:3000", "uri": "/god-mode", "headers": {"User-Agent": ["curl/8.20.0"], "Accept": ["*/*"]}}, "bytes_read": 0, "user_id": "", "duration": 0.002525611, "size": 5589, "status": 200, "resp_headers": {"X-Frame-Options": ["DENY"], "Content-Type": ["text/html; charset=utf-8"], "Accept-Ranges": ["bytes"], "Content-Length": ["5589"], "X-Content-Type-Options": ["nosniff"], "X-Xss-Protection": ["1; mode=block"], "Vary": ["Accept-Encoding"], "Etag": ["\"dlbu270dl7284b9\""], "Last-Modified": ["Thu, 10 Sep 2026 18:04:02 GMT"], "Server": ["Caddy"]}}
admin       | 2026/09/18 12:13:08.113	[34mINFO[0m	http.log.access.log0	handled request	{"request": {"remote_ip": "127.0.0.1", "remote_port": "59450", "client_ip": "127.0.0.1", "proto": "HTTP/1.1", "method": "GET", "host": "127.0.0.1:3000", "uri": "/god-mode", "headers": {"User-Agent": ["curl/8.20.0"], "Accept": ["*/*"]}}, "bytes_read": 0, "user_id": "", "duration": 0.003000437, "size": 5589, "status": 200, "resp_headers": {"Content-Type": ["text/html; charset=utf-8"], "Server": ["Caddy"], "X-Content-Type-Options": ["nosniff"], "X-Xss-Protection": ["1; mode=block"], "Etag": ["\"dlbu270dl7284b9\""], "Last-Modified": ["Thu, 10 Sep 2026 18:04:02 GMT"], "Accept-Ranges": ["bytes"], "Content-Length": ["5589"], "X-Frame-Options": ["DENY"], "Vary": ["Accept-Encoding"]}}
admin       | 2026/09/18 12:13:38.514	[34mINFO[0m	http.log.access.log0	handled request	{"request": {"remote_ip": "127.0.0.1", "remote_port": "37938", "client_ip": "127.0.0.1", "proto": "HTTP/1.1", "method": "GET", "host": "127.0.0.1:3000", "uri": "/god-mode", "headers": {"User-Agent": ["curl/8.20.0"], "Accept": ["*/*"]}}, "bytes_read": 0, "user_id": "", "duration": 0.000593093, "size": 5589, "status": 200, "resp_headers": {"Server": ["Caddy"], "X-Frame-Options": ["DENY"], "X-Xss-Protection": ["1; mode=block"], "Vary": ["Accept-Encoding"], "Content-Type": ["text/html; charset=utf-8"], "Last-Modified": ["Thu, 10 Sep 2026 18:04:02 GMT"], "X-Content-Type-Options": ["nosniff"], "Etag": ["\"dlbu270dl7284b9\""], "Accept-Ranges": ["bytes"], "Content-Length": ["5589"]}}
admin       | 2026/09/18 12:14:08.926	[34mINFO[0m	http.log.access.log0	handled request	{"request": {"remote_ip": "127.0.0.1", "remote_port": "39532", "client_ip": "127.0.0.1", "proto": "HTTP/1.1", "method": "GET", "host": "127.0.0.1:3000", "uri": "/god-mode", "headers": {"Accept": ["*/*"], "User-Agent": ["curl/8.20.0"]}}, "bytes_read": 0, "user_id": "", "duration": 0.009842575, "size": 5589, "status": 200, "resp_headers": {"X-Content-Type-Options": ["nosniff"], "X-Frame-Options": ["DENY"], "Vary": ["Accept-Encoding"], "Content-Type": ["text/html; charset=utf-8"], "Accept-Ranges": ["bytes"], "Server": ["Caddy"], "X-Xss-Protection": ["1; mode=block"], "Etag": ["\"dlbu270dl7284b9\""], "Last-Modified": ["Thu, 10 Sep 2026 18:04:02 GMT"], "Content-Length": ["5589"]}}
admin       | 2026/09/18 12:14:39.478	[34mINFO[0m	http.log.access.log0	handled request	{"request": {"remote_ip": "127.0.0.1", "remote_port": "60318", "client_ip": "127.0.0.1", "proto": "HTTP/1.1", "method": "GET", "host": "127.0.0.1:3000", "uri": "/god-mode", "headers": {"Accept": ["*/*"], "User-Agent": ["curl/8.20.0"]}}, "bytes_read": 0, "user_id": "", "duration": 0.005210839, "size": 5589, "status": 200, "resp_headers": {"X-Frame-Options": ["DENY"], "X-Xss-Protection": ["1; mode=block"], "Vary": ["Accept-Encoding"], "Etag": ["\"dlbu270dl7284b9\""], "Accept-Ranges": ["bytes"], "Server": ["Caddy"], "X-Content-Type-Options": ["nosniff"], "Content-Type": ["text/html; charset=utf-8"], "Last-Modified": ["Thu, 10 Sep 2026 18:04:02 GMT"], "Content-Length": ["5589"]}}
admin       | 2026/09/18 12:15:09.758	[34mINFO[0m	http.log.access.log0	handled request	{"request": {"remote_ip": "127.0.0.1", "remote_port": "52908", "client_ip": "127.0.0.1", "proto": "HTTP/1.1", "method": "GET", "host": "127.0.0.1:3000", "uri": "/god-mode", "headers": {"User-Agent": ["curl/8.20.0"], "Accept": ["*/*"]}}, "bytes_read": 0, "user_id": "", "duration": 0.000740048, "size": 5589, "status": 200, "resp_headers": {"X-Frame-Options": ["DENY"], "X-Xss-Protection": ["1; mode=block"], "Vary": ["Accept-Encoding"], "Content-Type": ["text/html; charset=utf-8"], "Accept-Ranges": ["bytes"], "Server": ["Caddy"], "X-Content-Type-Options": ["nosniff"], "Etag": ["\"dlbu270dl7284b9\""], "Last-Modified": ["Thu, 10 Sep 2026 18:04:02 GMT"], "Content-Length": ["5589"]}}
admin       | 2026/09/18 12:15:40.089	[34mINFO[0m	http.log.access.log0	handled request	{"request": {"remote_ip": "127.0.0.1", "remote_port": "41584", "client_ip": "127.0.0.1", "proto": "HTTP/1.1", "method": "GET", "host": "127.0.0.1:3000", "uri": "/god-mode", "headers": {"User-Agent": ["curl/8.20.0"], "Accept": ["*/*"]}}, "bytes_read": 0, "user_id": "", "duration": 0.00626332, "size": 5589, "status": 200, "resp_headers": {"Server": ["Caddy"], "X-Xss-Protection": ["1; mode=block"], "Vary": ["Accept-Encoding"], "Content-Length": ["5589"], "X-Content-Type-Options": ["nosniff"], "X-Frame-Options": ["DENY"], "Etag": ["\"dlbu270dl7284b9\""], "Content-Type": ["text/html; charset=utf-8"], "Last-Modified": ["Thu, 10 Sep 2026 18:04:02 GMT"], "Accept-Ranges": ["bytes"]}}
admin       | 2026/09/18 12:16:10.459	[34mINFO[0m	http.log.access.log0	handled request	{"request": {"remote_ip": "127.0.0.1", "remote_port": "35022", "client_ip": "127.0.0.1", "proto": "HTTP/1.1", "method": "GET", "host": "127.0.0.1:3000", "uri": "/god-mode", "headers": {"User-Agent": ["curl/8.20.0"], "Accept": ["*/*"]}}, "bytes_read": 0, "user_id": "", "duration": 0.000746655, "size": 5589, "status": 200, "resp_headers": {"Vary": ["Accept-Encoding"], "Etag": ["\"dlbu270dl7284b9\""], "Content-Type": ["text/html; charset=utf-8"], "Last-Modified": ["Thu, 10 Sep 2026 18:04:02 GMT"], "Accept-Ranges": ["bytes"], "Server": ["Caddy"], "X-Content-Type-Options": ["nosniff"], "X-Frame-Options": ["DENY"], "X-Xss-Protection": ["1; mode=block"], "Content-Length": ["5589"]}}
admin       | 2026/09/18 12:16:40.845	[34mINFO[0m	http.log.access.log0	handled request	{"request": {"remote_ip": "127.0.0.1", "remote_port": "42302", "client_ip": "127.0.0.1", "proto": "HTTP/1.1", "method": "GET", "host": "127.0.0.1:3000", "uri": "/god-mode", "headers": {"User-Agent": ["curl/8.20.0"], "Accept": ["*/*"]}}, "bytes_read": 0, "user_id": "", "duration": 0.000540062, "size": 5589, "status": 200, "resp_headers": {"Server": ["Caddy"], "X-Frame-Options": ["DENY"], "Vary": ["Accept-Encoding"], "Etag": ["\"dlbu270dl7284b9\""], "Last-Modified": ["Thu, 10 Sep 2026 18:04:02 GMT"], "Accept-Ranges": ["bytes"], "Content-Length": ["5589"], "X-Xss-Protection": ["1; mode=block"], "X-Content-Type-Options": ["nosniff"], "Content-Type": ["text/html; charset=utf-8"]}}
admin       | 2026/09/18 12:17:11.113	[34mINFO[0m	http.log.access.log0	handled request	{"request": {"remote_ip": "127.0.0.1", "remote_port": "51330", "client_ip": "127.0.0.1", "proto": "HTTP/1.1", "method": "GET", "host": "127.0.0.1:3000", "uri": "/god-mode", "headers": {"Accept": ["*/*"], "User-Agent": ["curl/8.20.0"]}}, "bytes_read": 0, "user_id": "", "duration": 0.005663879, "size": 5589, "status": 200, "resp_headers": {"Last-Modified": ["Thu, 10 Sep 2026 18:04:02 GMT"], "Content-Length": ["5589"], "X-Frame-Options": ["DENY"], "X-Xss-Protection": ["1; mode=block"], "Vary": ["Accept-Encoding"], "Etag": ["\"dlbu270dl7284b9\""], "Content-Type": ["text/html; charset=utf-8"], "Accept-Ranges": ["bytes"], "Server": ["Caddy"], "X-Content-Type-Options": ["nosniff"]}}
admin       | 2026/09/18 12:17:41.434	[34mINFO[0m	http.log.access.log0	handled request	{"request": {"remote_ip": "127.0.0.1", "remote_port": "58882", "client_ip": "127.0.0.1", "proto": "HTTP/1.1", "method": "GET", "host": "127.0.0.1:3000", "uri": "/god-mode", "headers": {"User-Agent": ["curl/8.20.0"], "Accept": ["*/*"]}}, "bytes_read": 0, "user_id": "", "duration": 0.038936346, "size": 5589, "status": 200, "resp_headers": {"X-Frame-Options": ["DENY"], "X-Xss-Protection": ["1; mode=block"], "Content-Type": ["text/html; charset=utf-8"], "Accept-Ranges": ["bytes"], "Content-Length": ["5589"], "Server": ["Caddy"], "X-Content-Type-Options": ["nosniff"], "Vary": ["Accept-Encoding"], "Etag": ["\"dlbu270dl7284b9\""], "Last-Modified": ["Thu, 10 Sep 2026 18:04:02 GMT"]}}
admin       | 2026/09/18 12:18:11.888	[34mINFO[0m	http.log.access.log0	handled request	{"request": {"remote_ip": "127.0.0.1", "remote_port": "48842", "client_ip": "127.0.0.1", "proto": "HTTP/1.1", "method": "GET", "host": "127.0.0.1:3000", "uri": "/god-mode", "headers": {"User-Agent": ["curl/8.20.0"], "Accept": ["*/*"]}}, "bytes_read": 0, "user_id": "", "duration": 0.00958103, "size": 5589, "status": 200, "resp_headers": {"Server": ["Caddy"], "X-Content-Type-Options": ["nosniff"], "X-Frame-Options": ["DENY"], "Vary": ["Accept-Encoding"], "Content-Length": ["5589"], "X-Xss-Protection": ["1; mode=block"], "Etag": ["\"dlbu270dl7284b9\""], "Content-Type": ["text/html; charset=utf-8"], "Last-Modified": ["Thu, 10 Sep 2026 18:04:02 GMT"], "Accept-Ranges": ["bytes"]}}
admin       | 2026/09/18 12:18:42.209	[34mINFO[0m	http.log.access.log0	handled request	{"request": {"remote_ip": "127.0.0.1", "remote_port": "44802", "client_ip": "127.0.0.1", "proto": "HTTP/1.1", "method": "GET", "host": "127.0.0.1:3000", "uri": "/god-mode", "headers": {"User-Agent": ["curl/8.20.0"], "Accept": ["*/*"]}}, "bytes_read": 0, "user_id": "", "duration": 0.00519483, "size": 5589, "status": 200, "resp_headers": {"Server": ["Caddy"], "X-Content-Type-Options": ["nosniff"], "X-Frame-Options": ["DENY"], "X-Xss-Protection": ["1; mode=block"], "Vary": ["Accept-Encoding"], "Etag": ["\"dlbu270dl7284b9\""], "Content-Type": ["text/html; charset=utf-8"], "Last-Modified": ["Thu, 10 Sep 2026 18:04:02 GMT"], "Accept-Ranges": ["bytes"], "Content-Length": ["5589"]}}
admin       | 2026/09/18 12:19:12.561	[34mINFO[0m	http.log.access.log0	handled request	{"request": {"remote_ip": "127.0.0.1", "remote_port": "46144", "client_ip": "127.0.0.1", "proto": "HTTP/1.1", "method": "GET", "host": "127.0.0.1:3000", "uri": "/god-mode", "headers": {"User-Agent": ["curl/8.20.0"], "Accept": ["*/*"]}}, "bytes_read": 0, "user_id": "", "duration": 0.000696271, "size": 5589, "status": 200, "resp_headers": {"Vary": ["Accept-Encoding"], "Server": ["Caddy"], "X-Content-Type-Options": ["nosniff"], "Etag": ["\"dlbu270dl7284b9\""], "Content-Type": ["text/html; charset=utf-8"], "Last-Modified": ["Thu, 10 Sep 2026 18:04:02 GMT"], "Accept-Ranges": ["bytes"], "Content-Length": ["5589"], "X-Frame-Options": ["DENY"], "X-Xss-Protection": ["1; mode=block"]}}
admin       | 2026/09/18 12:19:42.905	[34mINFO[0m	http.log.access.log0	handled request	{"request": {"remote_ip": "127.0.0.1", "remote_port": "48066", "client_ip": "127.0.0.1", "proto": "HTTP/1.1", "method": "GET", "host": "127.0.0.1:3000", "uri": "/god-mode", "headers": {"User-Agent": ["curl/8.20.0"], "Accept": ["*/*"]}}, "bytes_read": 0, "user_id": "", "duration": 0.000528171, "size": 5589, "status": 200, "resp_headers": {"Etag": ["\"dlbu270dl7284b9\""], "Content-Type": ["text/html; charset=utf-8"], "Last-Modified": ["Thu, 10 Sep 2026 18:04:02 GMT"], "Accept-Ranges": ["bytes"], "Content-Length": ["5589"], "Server": ["Caddy"], "X-Content-Type-Options": ["nosniff"], "X-Frame-Options": ["DENY"], "X-Xss-Protection": ["1; mode=block"], "Vary": ["Accept-Encoding"]}}
admin       | 2026/09/18 12:20:13.030	[34mINFO[0m	http.log.access.log0	handled request	{"request": {"remote_ip": "127.0.0.1", "remote_port": "51356", "client_ip": "127.0.0.1", "proto": "HTTP/1.1", "method": "GET", "host": "127.0.0.1:3000", "uri": "/god-mode", "headers": {"User-Agent": ["curl/8.20.0"], "Accept": ["*/*"]}}, "bytes_read": 0, "user_id": "", "duration": 0.009114354, "size": 5589, "status": 200, "resp_headers": {"Content-Length": ["5589"], "Server": ["Caddy"], "X-Frame-Options": ["DENY"], "Vary": ["Accept-Encoding"], "Etag": ["\"dlbu270dl7284b9\""], "Accept-Ranges": ["bytes"], "X-Content-Type-Options": ["nosniff"], "X-Xss-Protection": ["1; mode=block"], "Content-Type": ["text/html; charset=utf-8"], "Last-Modified": ["Thu, 10 Sep 2026 18:04:02 GMT"]}}
admin       | 2026/09/18 12:20:43.136	[34mINFO[0m	http.log.access.log0	handled request	{"request": {"remote_ip": "127.0.0.1", "remote_port": "36306", "client_ip": "127.0.0.1", "proto": "HTTP/1.1", "method": "GET", "host": "127.0.0.1:3000", "uri": "/god-mode", "headers": {"User-Agent": ["curl/8.20.0"], "Accept": ["*/*"]}}, "bytes_read": 0, "user_id": "", "duration": 0.000753197, "size": 5589, "status": 200, "resp_headers": {"Content-Type": ["text/html; charset=utf-8"], "Last-Modified": ["Thu, 10 Sep 2026 18:04:02 GMT"], "X-Content-Type-Options": ["nosniff"], "X-Frame-Options": ["DENY"], "Accept-Ranges": ["bytes"], "Content-Length": ["5589"], "Server": ["Caddy"], "X-Xss-Protection": ["1; mode=block"], "Vary": ["Accept-Encoding"], "Etag": ["\"dlbu270dl7284b9\""]}}
admin       | 2026/09/18 12:21:13.240	[34mINFO[0m	http.log.access.log0	handled request	{"request": {"remote_ip": "127.0.0.1", "remote_port": "33894", "client_ip": "127.0.0.1", "proto": "HTTP/1.1", "method": "GET", "host": "127.0.0.1:3000", "uri": "/god-mode", "headers": {"User-Agent": ["curl/8.20.0"], "Accept": ["*/*"]}}, "bytes_read": 0, "user_id": "", "duration": 0.000614803, "size": 5589, "status": 200, "resp_headers": {"Content-Type": ["text/html; charset=utf-8"], "Last-Modified": ["Thu, 10 Sep 2026 18:04:02 GMT"], "Content-Length": ["5589"], "Etag": ["\"dlbu270dl7284b9\""], "Accept-Ranges": ["bytes"], "Server": ["Caddy"], "X-Frame-Options": ["DENY"], "X-Xss-Protection": ["1; mode=block"], "X-Content-Type-Options": ["nosniff"], "Vary": ["Accept-Encoding"]}}
admin       | 2026/09/18 12:21:43.320	[34mINFO[0m	http.log.access.log0	handled request	{"request": {"remote_ip": "127.0.0.1", "remote_port": "54748", "client_ip": "127.0.0.1", "proto": "HTTP/1.1", "method": "GET", "host": "127.0.0.1:3000", "uri": "/god-mode", "headers": {"User-Agent": ["curl/8.20.0"], "Accept": ["*/*"]}}, "bytes_read": 0, "user_id": "", "duration": 0.001925567, "size": 5589, "status": 200, "resp_headers": {"X-Frame-Options": ["DENY"], "Etag": ["\"dlbu270dl7284b9\""], "Content-Type": ["text/html; charset=utf-8"], "Accept-Ranges": ["bytes"], "Server": ["Caddy"], "X-Content-Type-Options": ["nosniff"], "X-Xss-Protection": ["1; mode=block"], "Vary": ["Accept-Encoding"], "Last-Modified": ["Thu, 10 Sep 2026 18:04:02 GMT"], "Content-Length": ["5589"]}}
admin       | 2026/09/18 12:22:13.402	[34mINFO[0m	http.log.access.log0	handled request	{"request": {"remote_ip": "127.0.0.1", "remote_port": "52682", "client_ip": "127.0.0.1", "proto": "HTTP/1.1", "method": "GET", "host": "127.0.0.1:3000", "uri": "/god-mode", "headers": {"User-Agent": ["curl/8.20.0"], "Accept": ["*/*"]}}, "bytes_read": 0, "user_id": "", "duration": 0.002759244, "size": 5589, "status": 200, "resp_headers": {"Vary": ["Accept-Encoding"], "Etag": ["\"dlbu270dl7284b9\""], "Accept-Ranges": ["bytes"], "X-Content-Type-Options": ["nosniff"], "X-Frame-Options": ["DENY"], "X-Xss-Protection": ["1; mode=block"], "Content-Type": ["text/html; charset=utf-8"], "Last-Modified": ["Thu, 10 Sep 2026 18:04:02 GMT"], "Content-Length": ["5589"], "Server": ["Caddy"]}}
admin       | 2026/09/18 12:22:43.478	[34mINFO[0m	http.log.access.log0	handled request	{"request": {"remote_ip": "127.0.0.1", "remote_port": "46900", "client_ip": "127.0.0.1", "proto": "HTTP/1.1", "method": "GET", "host": "127.0.0.1:3000", "uri": "/god-mode", "headers": {"User-Agent": ["curl/8.20.0"], "Accept": ["*/*"]}}, "bytes_read": 0, "user_id": "", "duration": 0.000783042, "size": 5589, "status": 200, "resp_headers": {"Content-Type": ["text/html; charset=utf-8"], "Last-Modified": ["Thu, 10 Sep 2026 18:04:02 GMT"], "Server": ["Caddy"], "X-Xss-Protection": ["1; mode=block"], "Vary": ["Accept-Encoding"], "Etag": ["\"dlbu270dl7284b9\""], "Accept-Ranges": ["bytes"], "Content-Length": ["5589"], "X-Content-Type-Options": ["nosniff"], "X-Frame-Options": ["DENY"]}}
admin       | 2026/09/18 12:23:13.559	[34mINFO[0m	http.log.access.log0	handled request	{"request": {"remote_ip": "127.0.0.1", "remote_port": "47714", "client_ip": "127.0.0.1", "proto": "HTTP/1.1", "method": "GET", "host": "127.0.0.1:3000", "uri": "/god-mode", "headers": {"User-Agent": ["curl/8.20.0"], "Accept": ["*/*"]}}, "bytes_read": 0, "user_id": "", "duration": 0.000849861, "size": 5589, "status": 200, "resp_headers": {"X-Content-Type-Options": ["nosniff"], "X-Frame-Options": ["DENY"], "Vary": ["Accept-Encoding"], "Etag": ["\"dlbu270dl7284b9\""], "Content-Type": ["text/html; charset=utf-8"], "Last-Modified": ["Thu, 10 Sep 2026 18:04:02 GMT"], "Accept-Ranges": ["bytes"], "Server": ["Caddy"], "X-Xss-Protection": ["1; mode=block"], "Content-Length": ["5589"]}}
admin       | 2026/09/18 12:23:43.642	[34mINFO[0m	http.log.access.log0	handled request	{"request": {"remote_ip": "127.0.0.1", "remote_port": "45608", "client_ip": "127.0.0.1", "proto": "HTTP/1.1", "method": "GET", "host": "127.0.0.1:3000", "uri": "/god-mode", "headers": {"Accept": ["*/*"], "User-Agent": ["curl/8.20.0"]}}, "bytes_read": 0, "user_id": "", "duration": 0.000821707, "size": 5589, "status": 200, "resp_headers": {"X-Xss-Protection": ["1; mode=block"], "Content-Length": ["5589"], "Server": ["Caddy"], "X-Content-Type-Options": ["nosniff"], "X-Frame-Options": ["DENY"], "Vary": ["Accept-Encoding"], "Etag": ["\"dlbu270dl7284b9\""], "Content-Type": ["text/html; charset=utf-8"], "Last-Modified": ["Thu, 10 Sep 2026 18:04:02 GMT"], "Accept-Ranges": ["bytes"]}}
admin       | 2026/09/18 12:24:13.743	[34mINFO[0m	http.log.access.log0	handled request	{"request": {"remote_ip": "127.0.0.1", "remote_port": "42178", "client_ip": "127.0.0.1", "proto": "HTTP/1.1", "method": "GET", "host": "127.0.0.1:3000", "uri": "/god-mode", "headers": {"Accept": ["*/*"], "User-Agent": ["curl/8.20.0"]}}, "bytes_read": 0, "user_id": "", "duration": 0.000703072, "size": 5589, "status": 200, "resp_headers": {"Vary": ["Accept-Encoding"], "Last-Modified": ["Thu, 10 Sep 2026 18:04:02 GMT"], "Content-Length": ["5589"], "Server": ["Caddy"], "X-Frame-Options": ["DENY"], "X-Xss-Protection": ["1; mode=block"], "Etag": ["\"dlbu270dl7284b9\""], "Content-Type": ["text/html; charset=utf-8"], "Accept-Ranges": ["bytes"], "X-Content-Type-Options": ["nosniff"]}}
admin       | 2026/09/18 12:24:43.840	[34mINFO[0m	http.log.access.log0	handled request	{"request": {"remote_ip": "127.0.0.1", "remote_port": "37292", "client_ip": "127.0.0.1", "proto": "HTTP/1.1", "method": "GET", "host": "127.0.0.1:3000", "uri": "/god-mode", "headers": {"User-Agent": ["curl/8.20.0"], "Accept": ["*/*"]}}, "bytes_read": 0, "user_id": "", "duration": 0.000747913, "size": 5589, "status": 200, "resp_headers": {"X-Content-Type-Options": ["nosniff"], "Vary": ["Accept-Encoding"], "Etag": ["\"dlbu270dl7284b9\""], "Content-Type": ["text/html; charset=utf-8"], "Accept-Ranges": ["bytes"], "Content-Length": ["5589"], "Server": ["Caddy"], "X-Frame-Options": ["DENY"], "X-Xss-Protection": ["1; mode=block"], "Last-Modified": ["Thu, 10 Sep 2026 18:04:02 GMT"]}}
admin       | 2026/09/18 12:25:13.934	[34mINFO[0m	http.log.access.log0	handled request	{"request": {"remote_ip": "127.0.0.1", "remote_port": "59746", "client_ip": "127.0.0.1", "proto": "HTTP/1.1", "method": "GET", "host": "127.0.0.1:3000", "uri": "/god-mode", "headers": {"User-Agent": ["curl/8.20.0"], "Accept": ["*/*"]}}, "bytes_read": 0, "user_id": "", "duration": 0.000660624, "size": 5589, "status": 200, "resp_headers": {"Server": ["Caddy"], "Content-Length": ["5589"], "X-Content-Type-Options": ["nosniff"], "X-Frame-Options": ["DENY"], "X-Xss-Protection": ["1; mode=block"], "Vary": ["Accept-Encoding"], "Etag": ["\"dlbu270dl7284b9\""], "Content-Type": ["text/html; charset=utf-8"], "Last-Modified": ["Thu, 10 Sep 2026 18:04:02 GMT"], "Accept-Ranges": ["bytes"]}}
admin       | 2026/09/18 12:25:44.036	[34mINFO[0m	http.log.access.log0	handled request	{"request": {"remote_ip": "127.0.0.1", "remote_port": "33982", "client_ip": "127.0.0.1", "proto": "HTTP/1.1", "method": "GET", "host": "127.0.0.1:3000", "uri": "/god-mode", "headers": {"Accept": ["*/*"], "User-Agent": ["curl/8.20.0"]}}, "bytes_read": 0, "user_id": "", "duration": 0.001072908, "size": 5589, "status": 200, "resp_headers": {"X-Content-Type-Options": ["nosniff"], "X-Xss-Protection": ["1; mode=block"], "Vary": ["Accept-Encoding"], "Content-Type": ["text/html; charset=utf-8"], "Last-Modified": ["Thu, 10 Sep 2026 18:04:02 GMT"], "Content-Length": ["5589"], "Server": ["Caddy"], "X-Frame-Options": ["DENY"], "Etag": ["\"dlbu270dl7284b9\""], "Accept-Ranges": ["bytes"]}}
admin       | 2026/09/18 12:26:14.157	[34mINFO[0m	http.log.access.log0	handled request	{"request": {"remote_ip": "127.0.0.1", "remote_port": "39556", "client_ip": "127.0.0.1", "proto": "HTTP/1.1", "method": "GET", "host": "127.0.0.1:3000", "uri": "/god-mode", "headers": {"User-Agent": ["curl/8.20.0"], "Accept": ["*/*"]}}, "bytes_read": 0, "user_id": "", "duration": 0.0005994, "size": 5589, "status": 200, "resp_headers": {"X-Frame-Options": ["DENY"], "Vary": ["Accept-Encoding"], "Etag": ["\"dlbu270dl7284b9\""], "Accept-Ranges": ["bytes"], "Content-Length": ["5589"], "Server": ["Caddy"], "X-Xss-Protection": ["1; mode=block"], "Content-Type": ["text/html; charset=utf-8"], "Last-Modified": ["Thu, 10 Sep 2026 18:04:02 GMT"], "X-Content-Type-Options": ["nosniff"]}}
admin       | 2026/09/18 12:26:44.267	[34mINFO[0m	http.log.access.log0	handled request	{"request": {"remote_ip": "127.0.0.1", "remote_port": "38972", "client_ip": "127.0.0.1", "proto": "HTTP/1.1", "method": "GET", "host": "127.0.0.1:3000", "uri": "/god-mode", "headers": {"User-Agent": ["curl/8.20.0"], "Accept": ["*/*"]}}, "bytes_read": 0, "user_id": "", "duration": 0.000560197, "size": 5589, "status": 200, "resp_headers": {"Server": ["Caddy"], "X-Frame-Options": ["DENY"], "X-Xss-Protection": ["1; mode=block"], "Vary": ["Accept-Encoding"], "Content-Type": ["text/html; charset=utf-8"], "Last-Modified": ["Thu, 10 Sep 2026 18:04:02 GMT"], "Content-Length": ["5589"], "X-Content-Type-Options": ["nosniff"], "Etag": ["\"dlbu270dl7284b9\""], "Accept-Ranges": ["bytes"]}}
admin       | 2026/09/18 12:27:14.347	[34mINFO[0m	http.log.access.log0	handled request	{"request": {"remote_ip": "127.0.0.1", "remote_port": "42352", "client_ip": "127.0.0.1", "proto": "HTTP/1.1", "method": "GET", "host": "127.0.0.1:3000", "uri": "/god-mode", "headers": {"User-Agent": ["curl/8.20.0"], "Accept": ["*/*"]}}, "bytes_read": 0, "user_id": "", "duration": 0.000530787, "size": 5589, "status": 200, "resp_headers": {"X-Content-Type-Options": ["nosniff"], "X-Frame-Options": ["DENY"], "Vary": ["Accept-Encoding"], "Last-Modified": ["Thu, 10 Sep 2026 18:04:02 GMT"], "Accept-Ranges": ["bytes"], "X-Xss-Protection": ["1; mode=block"], "Etag": ["\"dlbu270dl7284b9\""], "Content-Type": ["text/html; charset=utf-8"], "Content-Length": ["5589"], "Server": ["Caddy"]}}
admin       | 2026/09/18 12:27:44.444	[34mINFO[0m	http.log.access.log0	handled request	{"request": {"remote_ip": "127.0.0.1", "remote_port": "44386", "client_ip": "127.0.0.1", "proto": "HTTP/1.1", "method": "GET", "host": "127.0.0.1:3000", "uri": "/god-mode", "headers": {"User-Agent": ["curl/8.20.0"], "Accept": ["*/*"]}}, "bytes_read": 0, "user_id": "", "duration": 0.001486469, "size": 5589, "status": 200, "resp_headers": {"X-Frame-Options": ["DENY"], "X-Xss-Protection": ["1; mode=block"], "Vary": ["Accept-Encoding"], "Etag": ["\"dlbu270dl7284b9\""], "Last-Modified": ["Thu, 10 Sep 2026 18:04:02 GMT"], "Content-Length": ["5589"], "Server": ["Caddy"], "Content-Type": ["text/html; charset=utf-8"], "Accept-Ranges": ["bytes"], "X-Content-Type-Options": ["nosniff"]}}
admin       | 2026/09/18 12:28:14.537	[34mINFO[0m	http.log.access.log0	handled request	{"request": {"remote_ip": "127.0.0.1", "remote_port": "49670", "client_ip": "127.0.0.1", "proto": "HTTP/1.1", "method": "GET", "host": "127.0.0.1:3000", "uri": "/god-mode", "headers": {"User-Agent": ["curl/8.20.0"], "Accept": ["*/*"]}}, "bytes_read": 0, "user_id": "", "duration": 0.000569932, "size": 5589, "status": 200, "resp_headers": {"Server": ["Caddy"], "X-Content-Type-Options": ["nosniff"], "X-Frame-Options": ["DENY"], "X-Xss-Protection": ["1; mode=block"], "Etag": ["\"dlbu270dl7284b9\""], "Content-Type": ["text/html; charset=utf-8"], "Accept-Ranges": ["bytes"], "Content-Length": ["5589"], "Vary": ["Accept-Encoding"], "Last-Modified": ["Thu, 10 Sep 2026 18:04:02 GMT"]}}
admin       | 2026/09/18 12:28:44.618	[34mINFO[0m	http.log.access.log0	handled request	{"request": {"remote_ip": "127.0.0.1", "remote_port": "53510", "client_ip": "127.0.0.1", "proto": "HTTP/1.1", "method": "GET", "host": "127.0.0.1:3000", "uri": "/god-mode", "headers": {"User-Agent": ["curl/8.20.0"], "Accept": ["*/*"]}}, "bytes_read": 0, "user_id": "", "duration": 0.000676045, "size": 5589, "status": 200, "resp_headers": {"X-Frame-Options": ["DENY"], "X-Xss-Protection": ["1; mode=block"], "Vary": ["Accept-Encoding"], "Etag": ["\"dlbu270dl7284b9\""], "Last-Modified": ["Thu, 10 Sep 2026 18:04:02 GMT"], "Accept-Ranges": ["bytes"], "Content-Length": ["5589"], "Server": ["Caddy"], "X-Content-Type-Options": ["nosniff"], "Content-Type": ["text/html; charset=utf-8"]}}
admin       | 2026/09/18 12:29:14.697	[34mINFO[0m	http.log.access.log0	handled request	{"request": {"remote_ip": "127.0.0.1", "remote_port": "58890", "client_ip": "127.0.0.1", "proto": "HTTP/1.1", "method": "GET", "host": "127.0.0.1:3000", "uri": "/god-mode", "headers": {"User-Agent": ["curl/8.20.0"], "Accept": ["*/*"]}}, "bytes_read": 0, "user_id": "", "duration": 0.000711448, "size": 5589, "status": 200, "resp_headers": {"Content-Length": ["5589"], "X-Content-Type-Options": ["nosniff"], "Etag": ["\"dlbu270dl7284b9\""], "Content-Type": ["text/html; charset=utf-8"], "Server": ["Caddy"], "X-Frame-Options": ["DENY"], "X-Xss-Protection": ["1; mode=block"], "Vary": ["Accept-Encoding"], "Last-Modified": ["Thu, 10 Sep 2026 18:04:02 GMT"], "Accept-Ranges": ["bytes"]}}
admin       | 2026/09/18 12:29:44.778	[34mINFO[0m	http.log.access.log0	handled request	{"request": {"remote_ip": "127.0.0.1", "remote_port": "43146", "client_ip": "127.0.0.1", "proto": "HTTP/1.1", "method": "GET", "host": "127.0.0.1:3000", "uri": "/god-mode", "headers": {"User-Agent": ["curl/8.20.0"], "Accept": ["*/*"]}}, "bytes_read": 0, "user_id": "", "duration": 0.002274684, "size": 5589, "status": 200, "resp_headers": {"Server": ["Caddy"], "X-Frame-Options": ["DENY"], "X-Xss-Protection": ["1; mode=block"], "Content-Type": ["text/html; charset=utf-8"], "Content-Length": ["5589"], "X-Content-Type-Options": ["nosniff"], "Vary": ["Accept-Encoding"], "Etag": ["\"dlbu270dl7284b9\""], "Last-Modified": ["Thu, 10 Sep 2026 18:04:02 GMT"], "Accept-Ranges": ["bytes"]}}
admin       | 2026/09/18 12:30:14.903	[34mINFO[0m	http.log.access.log0	handled request	{"request": {"remote_ip": "127.0.0.1", "remote_port": "49272", "client_ip": "127.0.0.1", "proto": "HTTP/1.1", "method": "GET", "host": "127.0.0.1:3000", "uri": "/god-mode", "headers": {"User-Agent": ["curl/8.20.0"], "Accept": ["*/*"]}}, "bytes_read": 0, "user_id": "", "duration": 0.000604463, "size": 5589, "status": 200, "resp_headers": {"Server": ["Caddy"], "X-Content-Type-Options": ["nosniff"], "Etag": ["\"dlbu270dl7284b9\""], "Content-Type": ["text/html; charset=utf-8"], "Accept-Ranges": ["bytes"], "Content-Length": ["5589"], "X-Frame-Options": ["DENY"], "X-Xss-Protection": ["1; mode=block"], "Vary": ["Accept-Encoding"], "Last-Modified": ["Thu, 10 Sep 2026 18:04:02 GMT"]}}
admin       | 2026/09/18 12:30:45.004	[34mINFO[0m	http.log.access.log0	handled request	{"request": {"remote_ip": "127.0.0.1", "remote_port": "37364", "client_ip": "127.0.0.1", "proto": "HTTP/1.1", "method": "GET", "host": "127.0.0.1:3000", "uri": "/god-mode", "headers": {"Accept": ["*/*"], "User-Agent": ["curl/8.20.0"]}}, "bytes_read": 0, "user_id": "", "duration": 0.000662812, "size": 5589, "status": 200, "resp_headers": {"Server": ["Caddy"], "X-Content-Type-Options": ["nosniff"], "Vary": ["Accept-Encoding"], "Content-Type": ["text/html; charset=utf-8"], "X-Frame-Options": ["DENY"], "X-Xss-Protection": ["1; mode=block"], "Etag": ["\"dlbu270dl7284b9\""], "Last-Modified": ["Thu, 10 Sep 2026 18:04:02 GMT"], "Accept-Ranges": ["bytes"], "Content-Length": ["5589"]}}
admin       | 2026/09/18 12:31:15.101	[34mINFO[0m	http.log.access.log0	handled request	{"request": {"remote_ip": "127.0.0.1", "remote_port": "38044", "client_ip": "127.0.0.1", "proto": "HTTP/1.1", "method": "GET", "host": "127.0.0.1:3000", "uri": "/god-mode", "headers": {"User-Agent": ["curl/8.20.0"], "Accept": ["*/*"]}}, "bytes_read": 0, "user_id": "", "duration": 0.000811274, "size": 5589, "status": 200, "resp_headers": {"X-Frame-Options": ["DENY"], "X-Xss-Protection": ["1; mode=block"], "Vary": ["Accept-Encoding"], "Etag": ["\"dlbu270dl7284b9\""], "Content-Type": ["text/html; charset=utf-8"], "Server": ["Caddy"], "Last-Modified": ["Thu, 10 Sep 2026 18:04:02 GMT"], "Accept-Ranges": ["bytes"], "Content-Length": ["5589"], "X-Content-Type-Options": ["nosniff"]}}
admin       | 2026/09/18 12:31:45.191	[34mINFO[0m	http.log.access.log0	handled request	{"request": {"remote_ip": "127.0.0.1", "remote_port": "45210", "client_ip": "127.0.0.1", "proto": "HTTP/1.1", "method": "GET", "host": "127.0.0.1:3000", "uri": "/god-mode", "headers": {"User-Agent": ["curl/8.20.0"], "Accept": ["*/*"]}}, "bytes_read": 0, "user_id": "", "duration": 0.000573137, "size": 5589, "status": 200, "resp_headers": {"Server": ["Caddy"], "X-Frame-Options": ["DENY"], "Etag": ["\"dlbu270dl7284b9\""], "Content-Type": ["text/html; charset=utf-8"], "Last-Modified": ["Thu, 10 Sep 2026 18:04:02 GMT"], "Accept-Ranges": ["bytes"], "Content-Length": ["5589"], "X-Content-Type-Options": ["nosniff"], "X-Xss-Protection": ["1; mode=block"], "Vary": ["Accept-Encoding"]}}
admin       | 2026/09/18 12:32:15.272	[34mINFO[0m	http.log.access.log0	handled request	{"request": {"remote_ip": "127.0.0.1", "remote_port": "57444", "client_ip": "127.0.0.1", "proto": "HTTP/1.1", "method": "GET", "host": "127.0.0.1:3000", "uri": "/god-mode", "headers": {"User-Agent": ["curl/8.20.0"], "Accept": ["*/*"]}}, "bytes_read": 0, "user_id": "", "duration": 0.000528483, "size": 5589, "status": 200, "resp_headers": {"Server": ["Caddy"], "X-Content-Type-Options": ["nosniff"], "X-Frame-Options": ["DENY"], "X-Xss-Protection": ["1; mode=block"], "Etag": ["\"dlbu270dl7284b9\""], "Content-Type": ["text/html; charset=utf-8"], "Last-Modified": ["Thu, 10 Sep 2026 18:04:02 GMT"], "Vary": ["Accept-Encoding"], "Accept-Ranges": ["bytes"], "Content-Length": ["5589"]}}
admin       | 2026/09/18 12:32:45.361	[34mINFO[0m	http.log.access.log0	handled request	{"request": {"remote_ip": "127.0.0.1", "remote_port": "33776", "client_ip": "127.0.0.1", "proto": "HTTP/1.1", "method": "GET", "host": "127.0.0.1:3000", "uri": "/god-mode", "headers": {"User-Agent": ["curl/8.20.0"], "Accept": ["*/*"]}}, "bytes_read": 0, "user_id": "", "duration": 0.00060951, "size": 5589, "status": 200, "resp_headers": {"Vary": ["Accept-Encoding"], "Content-Type": ["text/html; charset=utf-8"], "Accept-Ranges": ["bytes"], "Server": ["Caddy"], "Etag": ["\"dlbu270dl7284b9\""], "Last-Modified": ["Thu, 10 Sep 2026 18:04:02 GMT"], "Content-Length": ["5589"], "X-Frame-Options": ["DENY"], "X-Xss-Protection": ["1; mode=block"], "X-Content-Type-Options": ["nosniff"]}}
admin       | 2026/09/18 12:33:15.439	[34mINFO[0m	http.log.access.log0	handled request	{"request": {"remote_ip": "127.0.0.1", "remote_port": "50148", "client_ip": "127.0.0.1", "proto": "HTTP/1.1", "method": "GET", "host": "127.0.0.1:3000", "uri": "/god-mode", "headers": {"Accept": ["*/*"], "User-Agent": ["curl/8.20.0"]}}, "bytes_read": 0, "user_id": "", "duration": 0.000539326, "size": 5589, "status": 200, "resp_headers": {"Server": ["Caddy"], "X-Frame-Options": ["DENY"], "Etag": ["\"dlbu270dl7284b9\""], "Content-Type": ["text/html; charset=utf-8"], "Last-Modified": ["Thu, 10 Sep 2026 18:04:02 GMT"], "Content-Length": ["5589"], "X-Xss-Protection": ["1; mode=block"], "X-Content-Type-Options": ["nosniff"], "Vary": ["Accept-Encoding"], "Accept-Ranges": ["bytes"]}}
admin       | 2026/09/18 12:33:45.520	[34mINFO[0m	http.log.access.log0	handled request	{"request": {"remote_ip": "127.0.0.1", "remote_port": "60586", "client_ip": "127.0.0.1", "proto": "HTTP/1.1", "method": "GET", "host": "127.0.0.1:3000", "uri": "/god-mode", "headers": {"User-Agent": ["curl/8.20.0"], "Accept": ["*/*"]}}, "bytes_read": 0, "user_id": "", "duration": 0.000660015, "size": 5589, "status": 200, "resp_headers": {"X-Frame-Options": ["DENY"], "X-Content-Type-Options": ["nosniff"], "Etag": ["\"dlbu270dl7284b9\""], "Last-Modified": ["Thu, 10 Sep 2026 18:04:02 GMT"], "Accept-Ranges": ["bytes"], "Content-Length": ["5589"], "Server": ["Caddy"], "X-Xss-Protection": ["1; mode=block"], "Vary": ["Accept-Encoding"], "Content-Type": ["text/html; charset=utf-8"]}}
admin       | 2026/09/18 12:34:15.603	[34mINFO[0m	http.log.access.log0	handled request	{"request": {"remote_ip": "127.0.0.1", "remote_port": "33120", "client_ip": "127.0.0.1", "proto": "HTTP/1.1", "method": "GET", "host": "127.0.0.1:3000", "uri": "/god-mode", "headers": {"User-Agent": ["curl/8.20.0"], "Accept": ["*/*"]}}, "bytes_read": 0, "user_id": "", "duration": 0.00055324, "size": 5589, "status": 200, "resp_headers": {"Server": ["Caddy"], "X-Xss-Protection": ["1; mode=block"], "Etag": ["\"dlbu270dl7284b9\""], "Content-Type": ["text/html; charset=utf-8"], "Last-Modified": ["Thu, 10 Sep 2026 18:04:02 GMT"], "Accept-Ranges": ["bytes"], "Content-Length": ["5589"], "X-Content-Type-Options": ["nosniff"], "X-Frame-Options": ["DENY"], "Vary": ["Accept-Encoding"]}}
admin       | 2026/09/18 12:34:45.691	[34mINFO[0m	http.log.access.log0	handled request	{"request": {"remote_ip": "127.0.0.1", "remote_port": "59396", "client_ip": "127.0.0.1", "proto": "HTTP/1.1", "method": "GET", "host": "127.0.0.1:3000", "uri": "/god-mode", "headers": {"User-Agent": ["curl/8.20.0"], "Accept": ["*/*"]}}, "bytes_read": 0, "user_id": "", "duration": 0.00054884, "size": 5589, "status": 200, "resp_headers": {"Vary": ["Accept-Encoding"], "Last-Modified": ["Thu, 10 Sep 2026 18:04:02 GMT"], "Accept-Ranges": ["bytes"], "Content-Length": ["5589"], "X-Frame-Options": ["DENY"], "X-Xss-Protection": ["1; mode=block"], "Etag": ["\"dlbu270dl7284b9\""], "Content-Type": ["text/html; charset=utf-8"], "Server": ["Caddy"], "X-Content-Type-Options": ["nosniff"]}}
admin       | 2026/09/18 12:35:15.776	[34mINFO[0m	http.log.access.log0	handled request	{"request": {"remote_ip": "127.0.0.1", "remote_port": "36100", "client_ip": "127.0.0.1", "proto": "HTTP/1.1", "method": "GET", "host": "127.0.0.1:3000", "uri": "/god-mode", "headers": {"User-Agent": ["curl/8.20.0"], "Accept": ["*/*"]}}, "bytes_read": 0, "user_id": "", "duration": 0.00049343, "size": 5589, "status": 200, "resp_headers": {"X-Frame-Options": ["DENY"], "Etag": ["\"dlbu270dl7284b9\""], "Content-Type": ["text/html; charset=utf-8"], "Accept-Ranges": ["bytes"], "X-Xss-Protection": ["1; mode=block"], "Vary": ["Accept-Encoding"], "Last-Modified": ["Thu, 10 Sep 2026 18:04:02 GMT"], "Content-Length": ["5589"], "Server": ["Caddy"], "X-Content-Type-Options": ["nosniff"]}}
admin       | 2026/09/18 12:35:45.902	[34mINFO[0m	http.log.access.log0	handled request	{"request": {"remote_ip": "127.0.0.1", "remote_port": "55458", "client_ip": "127.0.0.1", "proto": "HTTP/1.1", "method": "GET", "host": "127.0.0.1:3000", "uri": "/god-mode", "headers": {"User-Agent": ["curl/8.20.0"], "Accept": ["*/*"]}}, "bytes_read": 0, "user_id": "", "duration": 0.00351684, "size": 5589, "status": 200, "resp_headers": {"Server": ["Caddy"], "X-Frame-Options": ["DENY"], "X-Xss-Protection": ["1; mode=block"], "Vary": ["Accept-Encoding"], "Content-Type": ["text/html; charset=utf-8"], "Last-Modified": ["Thu, 10 Sep 2026 18:04:02 GMT"], "Accept-Ranges": ["bytes"], "X-Content-Type-Options": ["nosniff"], "Etag": ["\"dlbu270dl7284b9\""], "Content-Length": ["5589"]}}
admin       | 2026/09/18 12:36:15.990	[34mINFO[0m	http.log.access.log0	handled request	{"request": {"remote_ip": "127.0.0.1", "remote_port": "35684", "client_ip": "127.0.0.1", "proto": "HTTP/1.1", "method": "GET", "host": "127.0.0.1:3000", "uri": "/god-mode", "headers": {"User-Agent": ["curl/8.20.0"], "Accept": ["*/*"]}}, "bytes_read": 0, "user_id": "", "duration": 0.000439297, "size": 5589, "status": 200, "resp_headers": {"Server": ["Caddy"], "X-Content-Type-Options": ["nosniff"], "X-Frame-Options": ["DENY"], "X-Xss-Protection": ["1; mode=block"], "Etag": ["\"dlbu270dl7284b9\""], "Content-Type": ["text/html; charset=utf-8"], "Last-Modified": ["Thu, 10 Sep 2026 18:04:02 GMT"], "Content-Length": ["5589"], "Vary": ["Accept-Encoding"], "Accept-Ranges": ["bytes"]}}
admin       | 2026/09/18 12:36:46.252	[34mINFO[0m	http.log.access.log0	handled request	{"request": {"remote_ip": "127.0.0.1", "remote_port": "34848", "client_ip": "127.0.0.1", "proto": "HTTP/1.1", "method": "GET", "host": "127.0.0.1:3000", "uri": "/god-mode", "headers": {"User-Agent": ["curl/8.20.0"], "Accept": ["*/*"]}}, "bytes_read": 0, "user_id": "", "duration": 0.000662882, "size": 5589, "status": 200, "resp_headers": {"Content-Length": ["5589"], "Server": ["Caddy"], "X-Content-Type-Options": ["nosniff"], "Vary": ["Accept-Encoding"], "Etag": ["\"dlbu270dl7284b9\""], "Last-Modified": ["Thu, 10 Sep 2026 18:04:02 GMT"], "X-Frame-Options": ["DENY"], "X-Xss-Protection": ["1; mode=block"], "Content-Type": ["text/html; charset=utf-8"], "Accept-Ranges": ["bytes"]}}
admin       | 2026/09/18 12:37:16.968	[34mINFO[0m	http.log.access.log0	handled request	{"request": {"remote_ip": "127.0.0.1", "remote_port": "49248", "client_ip": "127.0.0.1", "proto": "HTTP/1.1", "method": "GET", "host": "127.0.0.1:3000", "uri": "/god-mode", "headers": {"User-Agent": ["curl/8.20.0"], "Accept": ["*/*"]}}, "bytes_read": 0, "user_id": "", "duration": 0.005914243, "size": 5589, "status": 200, "resp_headers": {"Etag": ["\"dlbu270dl7284b9\""], "Content-Length": ["5589"], "X-Frame-Options": ["DENY"], "X-Xss-Protection": ["1; mode=block"], "Content-Type": ["text/html; charset=utf-8"], "Last-Modified": ["Thu, 10 Sep 2026 18:04:02 GMT"], "Accept-Ranges": ["bytes"], "Server": ["Caddy"], "X-Content-Type-Options": ["nosniff"], "Vary": ["Accept-Encoding"]}}
admin       | 2026/09/18 12:37:47.307	[34mINFO[0m	http.log.access.log0	handled request	{"request": {"remote_ip": "127.0.0.1", "remote_port": "56426", "client_ip": "127.0.0.1", "proto": "HTTP/1.1", "method": "GET", "host": "127.0.0.1:3000", "uri": "/god-mode", "headers": {"User-Agent": ["curl/8.20.0"], "Accept": ["*/*"]}}, "bytes_read": 0, "user_id": "", "duration": 0.016284617, "size": 5589, "status": 200, "resp_headers": {"Content-Type": ["text/html; charset=utf-8"], "Last-Modified": ["Thu, 10 Sep 2026 18:04:02 GMT"], "Accept-Ranges": ["bytes"], "Server": ["Caddy"], "X-Frame-Options": ["DENY"], "X-Xss-Protection": ["1; mode=block"], "Content-Length": ["5589"], "X-Content-Type-Options": ["nosniff"], "Vary": ["Accept-Encoding"], "Etag": ["\"dlbu270dl7284b9\""]}}
admin       | 2026/09/18 12:38:17.712	[34mINFO[0m	http.log.access.log0	handled request	{"request": {"remote_ip": "127.0.0.1", "remote_port": "41322", "client_ip": "127.0.0.1", "proto": "HTTP/1.1", "method": "GET", "host": "127.0.0.1:3000", "uri": "/god-mode", "headers": {"User-Agent": ["curl/8.20.0"], "Accept": ["*/*"]}}, "bytes_read": 0, "user_id": "", "duration": 0.018220113, "size": 5589, "status": 200, "resp_headers": {"Server": ["Caddy"], "Vary": ["Accept-Encoding"], "Last-Modified": ["Thu, 10 Sep 2026 18:04:02 GMT"], "Content-Length": ["5589"], "X-Frame-Options": ["DENY"], "X-Xss-Protection": ["1; mode=block"], "X-Content-Type-Options": ["nosniff"], "Etag": ["\"dlbu270dl7284b9\""], "Content-Type": ["text/html; charset=utf-8"], "Accept-Ranges": ["bytes"]}}
admin       | 2026/09/18 12:38:48.206	[34mINFO[0m	http.log.access.log0	handled request	{"request": {"remote_ip": "127.0.0.1", "remote_port": "59010", "client_ip": "127.0.0.1", "proto": "HTTP/1.1", "method": "GET", "host": "127.0.0.1:3000", "uri": "/god-mode", "headers": {"User-Agent": ["curl/8.20.0"], "Accept": ["*/*"]}}, "bytes_read": 0, "user_id": "", "duration": 0.003750138, "size": 5589, "status": 200, "resp_headers": {"X-Xss-Protection": ["1; mode=block"], "Etag": ["\"dlbu270dl7284b9\""], "Content-Type": ["text/html; charset=utf-8"], "Last-Modified": ["Thu, 10 Sep 2026 18:04:02 GMT"], "Accept-Ranges": ["bytes"], "Content-Length": ["5589"], "Server": ["Caddy"], "X-Content-Type-Options": ["nosniff"], "X-Frame-Options": ["DENY"], "Vary": ["Accept-Encoding"]}}
admin       | 2026/09/18 12:39:18.654	[34mINFO[0m	http.log.access.log0	handled request	{"request": {"remote_ip": "127.0.0.1", "remote_port": "49838", "client_ip": "127.0.0.1", "proto": "HTTP/1.1", "method": "GET", "host": "127.0.0.1:3000", "uri": "/god-mode", "headers": {"User-Agent": ["curl/8.20.0"], "Accept": ["*/*"]}}, "bytes_read": 0, "user_id": "", "duration": 0.003890954, "size": 5589, "status": 200, "resp_headers": {"X-Frame-Options": ["DENY"], "X-Xss-Protection": ["1; mode=block"], "Last-Modified": ["Thu, 10 Sep 2026 18:04:02 GMT"], "Accept-Ranges": ["bytes"], "Vary": ["Accept-Encoding"], "Etag": ["\"dlbu270dl7284b9\""], "Content-Type": ["text/html; charset=utf-8"], "Content-Length": ["5589"], "Server": ["Caddy"], "X-Content-Type-Options": ["nosniff"]}}
admin       | 2026/09/18 12:39:49.133	[34mINFO[0m	http.log.access.log0	handled request	{"request": {"remote_ip": "127.0.0.1", "remote_port": "36642", "client_ip": "127.0.0.1", "proto": "HTTP/1.1", "method": "GET", "host": "127.0.0.1:3000", "uri": "/god-mode", "headers": {"Accept": ["*/*"], "User-Agent": ["curl/8.20.0"]}}, "bytes_read": 0, "user_id": "", "duration": 0.049130633, "size": 5589, "status": 200, "resp_headers": {"Etag": ["\"dlbu270dl7284b9\""], "Content-Type": ["text/html; charset=utf-8"], "Accept-Ranges": ["bytes"], "X-Xss-Protection": ["1; mode=block"], "X-Content-Type-Options": ["nosniff"], "Vary": ["Accept-Encoding"], "Last-Modified": ["Thu, 10 Sep 2026 18:04:02 GMT"], "Content-Length": ["5589"], "Server": ["Caddy"], "X-Frame-Options": ["DENY"]}}
admin       | 2026/09/18 12:40:19.488	[34mINFO[0m	http.log.access.log0	handled request	{"request": {"remote_ip": "127.0.0.1", "remote_port": "38904", "client_ip": "127.0.0.1", "proto": "HTTP/1.1", "method": "GET", "host": "127.0.0.1:3000", "uri": "/god-mode", "headers": {"User-Agent": ["curl/8.20.0"], "Accept": ["*/*"]}}, "bytes_read": 0, "user_id": "", "duration": 0.003718437, "size": 5589, "status": 200, "resp_headers": {"X-Content-Type-Options": ["nosniff"], "Vary": ["Accept-Encoding"], "Etag": ["\"dlbu270dl7284b9\""], "Content-Type": ["text/html; charset=utf-8"], "Last-Modified": ["Thu, 10 Sep 2026 18:04:02 GMT"], "Server": ["Caddy"], "X-Frame-Options": ["DENY"], "Accept-Ranges": ["bytes"], "Content-Length": ["5589"], "X-Xss-Protection": ["1; mode=block"]}}
admin       | 2026/09/18 12:40:49.823	[34mINFO[0m	http.log.access.log0	handled request	{"request": {"remote_ip": "127.0.0.1", "remote_port": "58644", "client_ip": "127.0.0.1", "proto": "HTTP/1.1", "method": "GET", "host": "127.0.0.1:3000", "uri": "/god-mode", "headers": {"Accept": ["*/*"], "User-Agent": ["curl/8.20.0"]}}, "bytes_read": 0, "user_id": "", "duration": 0.000828159, "size": 5589, "status": 200, "resp_headers": {"X-Xss-Protection": ["1; mode=block"], "Vary": ["Accept-Encoding"], "Last-Modified": ["Thu, 10 Sep 2026 18:04:02 GMT"], "Content-Length": ["5589"], "Server": ["Caddy"], "Etag": ["\"dlbu270dl7284b9\""], "Content-Type": ["text/html; charset=utf-8"], "Accept-Ranges": ["bytes"], "X-Content-Type-Options": ["nosniff"], "X-Frame-Options": ["DENY"]}}
admin       | 2026/09/18 12:41:20.176	[34mINFO[0m	http.log.access.log0	handled request	{"request": {"remote_ip": "127.0.0.1", "remote_port": "37558", "client_ip": "127.0.0.1", "proto": "HTTP/1.1", "method": "GET", "host": "127.0.0.1:3000", "uri": "/god-mode", "headers": {"User-Agent": ["curl/8.20.0"], "Accept": ["*/*"]}}, "bytes_read": 0, "user_id": "", "duration": 0.000658945, "size": 5589, "status": 200, "resp_headers": {"Last-Modified": ["Thu, 10 Sep 2026 18:04:02 GMT"], "Content-Length": ["5589"], "Server": ["Caddy"], "Accept-Ranges": ["bytes"], "X-Content-Type-Options": ["nosniff"], "X-Frame-Options": ["DENY"], "X-Xss-Protection": ["1; mode=block"], "Vary": ["Accept-Encoding"], "Etag": ["\"dlbu270dl7284b9\""], "Content-Type": ["text/html; charset=utf-8"]}}
admin       | 2026/09/18 12:41:50.546	[34mINFO[0m	http.log.access.log0	handled request	{"request": {"remote_ip": "127.0.0.1", "remote_port": "35520", "client_ip": "127.0.0.1", "proto": "HTTP/1.1", "method": "GET", "host": "127.0.0.1:3000", "uri": "/god-mode", "headers": {"User-Agent": ["curl/8.20.0"], "Accept": ["*/*"]}}, "bytes_read": 0, "user_id": "", "duration": 0.00078115, "size": 5589, "status": 200, "resp_headers": {"Server": ["Caddy"], "X-Xss-Protection": ["1; mode=block"], "Etag": ["\"dlbu270dl7284b9\""], "Content-Type": ["text/html; charset=utf-8"], "Content-Length": ["5589"], "X-Content-Type-Options": ["nosniff"], "X-Frame-Options": ["DENY"], "Vary": ["Accept-Encoding"], "Last-Modified": ["Thu, 10 Sep 2026 18:04:02 GMT"], "Accept-Ranges": ["bytes"]}}
admin       | 2026/09/18 12:42:20.725	[34mINFO[0m	http.log.access.log0	handled request	{"request": {"remote_ip": "127.0.0.1", "remote_port": "37506", "client_ip": "127.0.0.1", "proto": "HTTP/1.1", "method": "GET", "host": "127.0.0.1:3000", "uri": "/god-mode", "headers": {"User-Agent": ["curl/8.20.0"], "Accept": ["*/*"]}}, "bytes_read": 0, "user_id": "", "duration": 0.003769108, "size": 5589, "status": 200, "resp_headers": {"X-Content-Type-Options": ["nosniff"], "X-Frame-Options": ["DENY"], "X-Xss-Protection": ["1; mode=block"], "Vary": ["Accept-Encoding"], "Last-Modified": ["Thu, 10 Sep 2026 18:04:02 GMT"], "Accept-Ranges": ["bytes"], "Server": ["Caddy"], "Etag": ["\"dlbu270dl7284b9\""], "Content-Type": ["text/html; charset=utf-8"], "Content-Length": ["5589"]}}
admin       | 2026/09/18 12:42:51.059	[34mINFO[0m	http.log.access.log0	handled request	{"request": {"remote_ip": "127.0.0.1", "remote_port": "55490", "client_ip": "127.0.0.1", "proto": "HTTP/1.1", "method": "GET", "host": "127.0.0.1:3000", "uri": "/god-mode", "headers": {"User-Agent": ["curl/8.20.0"], "Accept": ["*/*"]}}, "bytes_read": 0, "user_id": "", "duration": 0.000682233, "size": 5589, "status": 200, "resp_headers": {"Server": ["Caddy"], "X-Xss-Protection": ["1; mode=block"], "Vary": ["Accept-Encoding"], "X-Content-Type-Options": ["nosniff"], "X-Frame-Options": ["DENY"], "Etag": ["\"dlbu270dl7284b9\""], "Content-Type": ["text/html; charset=utf-8"], "Last-Modified": ["Thu, 10 Sep 2026 18:04:02 GMT"], "Accept-Ranges": ["bytes"], "Content-Length": ["5589"]}}
admin       | 2026/09/18 12:43:21.462	[34mINFO[0m	http.log.access.log0	handled request	{"request": {"remote_ip": "127.0.0.1", "remote_port": "35210", "client_ip": "127.0.0.1", "proto": "HTTP/1.1", "method": "GET", "host": "127.0.0.1:3000", "uri": "/god-mode", "headers": {"Accept": ["*/*"], "User-Agent": ["curl/8.20.0"]}}, "bytes_read": 0, "user_id": "", "duration": 0.006149133, "size": 5589, "status": 200, "resp_headers": {"Content-Length": ["5589"], "Server": ["Caddy"], "X-Xss-Protection": ["1; mode=block"], "X-Content-Type-Options": ["nosniff"], "X-Frame-Options": ["DENY"], "Etag": ["\"dlbu270dl7284b9\""], "Content-Type": ["text/html; charset=utf-8"], "Last-Modified": ["Thu, 10 Sep 2026 18:04:02 GMT"], "Accept-Ranges": ["bytes"], "Vary": ["Accept-Encoding"]}}
admin       | 2026/09/18 12:43:51.779	[34mINFO[0m	http.log.access.log0	handled request	{"request": {"remote_ip": "127.0.0.1", "remote_port": "55296", "client_ip": "127.0.0.1", "proto": "HTTP/1.1", "method": "GET", "host": "127.0.0.1:3000", "uri": "/god-mode", "headers": {"User-Agent": ["curl/8.20.0"], "Accept": ["*/*"]}}, "bytes_read": 0, "user_id": "", "duration": 0.02990661, "size": 5589, "status": 200, "resp_headers": {"Last-Modified": ["Thu, 10 Sep 2026 18:04:02 GMT"], "Content-Length": ["5589"], "Server": ["Caddy"], "X-Xss-Protection": ["1; mode=block"], "Etag": ["\"dlbu270dl7284b9\""], "Accept-Ranges": ["bytes"], "X-Content-Type-Options": ["nosniff"], "X-Frame-Options": ["DENY"], "Vary": ["Accept-Encoding"], "Content-Type": ["text/html; charset=utf-8"]}}
admin       | 2026/09/18 12:44:22.186	[34mINFO[0m	http.log.access.log0	handled request	{"request": {"remote_ip": "127.0.0.1", "remote_port": "46570", "client_ip": "127.0.0.1", "proto": "HTTP/1.1", "method": "GET", "host": "127.0.0.1:3000", "uri": "/god-mode", "headers": {"User-Agent": ["curl/8.20.0"], "Accept": ["*/*"]}}, "bytes_read": 0, "user_id": "", "duration": 0.015831196, "size": 5589, "status": 200, "resp_headers": {"Content-Length": ["5589"], "Server": ["Caddy"], "Vary": ["Accept-Encoding"], "Etag": ["\"dlbu270dl7284b9\""], "Last-Modified": ["Thu, 10 Sep 2026 18:04:02 GMT"], "Accept-Ranges": ["bytes"], "X-Content-Type-Options": ["nosniff"], "X-Frame-Options": ["DENY"], "X-Xss-Protection": ["1; mode=block"], "Content-Type": ["text/html; charset=utf-8"]}}
admin       | 2026/09/18 12:44:52.584	[34mINFO[0m	http.log.access.log0	handled request	{"request": {"remote_ip": "127.0.0.1", "remote_port": "45564", "client_ip": "127.0.0.1", "proto": "HTTP/1.1", "method": "GET", "host": "127.0.0.1:3000", "uri": "/god-mode", "headers": {"User-Agent": ["curl/8.20.0"], "Accept": ["*/*"]}}, "bytes_read": 0, "user_id": "", "duration": 0.004567001, "size": 5589, "status": 200, "resp_headers": {"Server": ["Caddy"], "X-Content-Type-Options": ["nosniff"], "X-Frame-Options": ["DENY"], "Vary": ["Accept-Encoding"], "Content-Type": ["text/html; charset=utf-8"], "Last-Modified": ["Thu, 10 Sep 2026 18:04:02 GMT"], "Accept-Ranges": ["bytes"], "Content-Length": ["5589"], "X-Xss-Protection": ["1; mode=block"], "Etag": ["\"dlbu270dl7284b9\""]}}
admin       | 2026/09/18 12:45:22.865	[34mINFO[0m	http.log.access.log0	handled request	{"request": {"remote_ip": "127.0.0.1", "remote_port": "44024", "client_ip": "127.0.0.1", "proto": "HTTP/1.1", "method": "GET", "host": "127.0.0.1:3000", "uri": "/god-mode", "headers": {"Accept": ["*/*"], "User-Agent": ["curl/8.20.0"]}}, "bytes_read": 0, "user_id": "", "duration": 0.000679746, "size": 5589, "status": 200, "resp_headers": {"X-Content-Type-Options": ["nosniff"], "Content-Type": ["text/html; charset=utf-8"], "Accept-Ranges": ["bytes"], "Content-Length": ["5589"], "Server": ["Caddy"], "X-Frame-Options": ["DENY"], "X-Xss-Protection": ["1; mode=block"], "Vary": ["Accept-Encoding"], "Etag": ["\"dlbu270dl7284b9\""], "Last-Modified": ["Thu, 10 Sep 2026 18:04:02 GMT"]}}
admin       | 2026/09/18 12:45:53.192	[34mINFO[0m	http.log.access.log0	handled request	{"request": {"remote_ip": "127.0.0.1", "remote_port": "44070", "client_ip": "127.0.0.1", "proto": "HTTP/1.1", "method": "GET", "host": "127.0.0.1:3000", "uri": "/god-mode", "headers": {"User-Agent": ["curl/8.20.0"], "Accept": ["*/*"]}}, "bytes_read": 0, "user_id": "", "duration": 0.000768496, "size": 5589, "status": 200, "resp_headers": {"Server": ["Caddy"], "X-Frame-Options": ["DENY"], "X-Xss-Protection": ["1; mode=block"], "Vary": ["Accept-Encoding"], "Etag": ["\"dlbu270dl7284b9\""], "Content-Type": ["text/html; charset=utf-8"], "Last-Modified": ["Thu, 10 Sep 2026 18:04:02 GMT"], "X-Content-Type-Options": ["nosniff"], "Accept-Ranges": ["bytes"], "Content-Length": ["5589"]}}
admin       | 2026/09/18 12:46:23.509	[34mINFO[0m	http.log.access.log0	handled request	{"request": {"remote_ip": "127.0.0.1", "remote_port": "57658", "client_ip": "127.0.0.1", "proto": "HTTP/1.1", "method": "GET", "host": "127.0.0.1:3000", "uri": "/god-mode", "headers": {"Accept": ["*/*"], "User-Agent": ["curl/8.20.0"]}}, "bytes_read": 0, "user_id": "", "duration": 0.004609318, "size": 5589, "status": 200, "resp_headers": {"Server": ["Caddy"], "X-Xss-Protection": ["1; mode=block"], "Vary": ["Accept-Encoding"], "Etag": ["\"dlbu270dl7284b9\""], "Content-Type": ["text/html; charset=utf-8"], "Last-Modified": ["Thu, 10 Sep 2026 18:04:02 GMT"], "Content-Length": ["5589"], "X-Content-Type-Options": ["nosniff"], "X-Frame-Options": ["DENY"], "Accept-Ranges": ["bytes"]}}
admin       | 2026/09/18 12:46:53.835	[34mINFO[0m	http.log.access.log0	handled request	{"request": {"remote_ip": "127.0.0.1", "remote_port": "50002", "client_ip": "127.0.0.1", "proto": "HTTP/1.1", "method": "GET", "host": "127.0.0.1:3000", "uri": "/god-mode", "headers": {"User-Agent": ["curl/8.20.0"], "Accept": ["*/*"]}}, "bytes_read": 0, "user_id": "", "duration": 0.001110588, "size": 5589, "status": 200, "resp_headers": {"Server": ["Caddy"], "X-Content-Type-Options": ["nosniff"], "X-Frame-Options": ["DENY"], "X-Xss-Protection": ["1; mode=block"], "Etag": ["\"dlbu270dl7284b9\""], "Last-Modified": ["Thu, 10 Sep 2026 18:04:02 GMT"], "Accept-Ranges": ["bytes"], "Vary": ["Accept-Encoding"], "Content-Type": ["text/html; charset=utf-8"], "Content-Length": ["5589"]}}
web         | 2026/09/18 12:08:13.375	[34mINFO[0m	http.log.access.log0	handled request	{"request": {"remote_ip": "127.0.0.1", "remote_port": "45736", "client_ip": "127.0.0.1", "proto": "HTTP/1.1", "method": "GET", "host": "127.0.0.1:3000", "uri": "/", "headers": {"Accept": ["*/*"], "User-Agent": ["curl/8.22.0"]}}, "bytes_read": 0, "user_id": "", "duration": 0.000556643, "size": 6087, "status": 200, "resp_headers": {"Etag": ["\"dlh52pe14jcw4p3\""], "X-Content-Type-Options": ["nosniff"], "Content-Type": ["text/html; charset=utf-8"], "Last-Modified": ["Wed, 16 Sep 2026 23:45:14 GMT"], "Accept-Ranges": ["bytes"], "Content-Length": ["6087"], "Server": ["Caddy"], "X-Frame-Options": ["DENY"], "X-Xss-Protection": ["1; mode=block"], "Vary": ["Accept-Encoding"]}}
web         | 2026/09/18 12:08:43.515	[34mINFO[0m	http.log.access.log0	handled request	{"request": {"remote_ip": "127.0.0.1", "remote_port": "58944", "client_ip": "127.0.0.1", "proto": "HTTP/1.1", "method": "GET", "host": "127.0.0.1:3000", "uri": "/", "headers": {"Accept": ["*/*"], "User-Agent": ["curl/8.22.0"]}}, "bytes_read": 0, "user_id": "", "duration": 0.000836557, "size": 6087, "status": 200, "resp_headers": {"X-Content-Type-Options": ["nosniff"], "X-Frame-Options": ["DENY"], "Etag": ["\"dlh52pe14jcw4p3\""], "Content-Type": ["text/html; charset=utf-8"], "Last-Modified": ["Wed, 16 Sep 2026 23:45:14 GMT"], "Server": ["Caddy"], "X-Xss-Protection": ["1; mode=block"], "Vary": ["Accept-Encoding"], "Accept-Ranges": ["bytes"], "Content-Length": ["6087"]}}
web         | 2026/09/18 12:09:13.648	[34mINFO[0m	http.log.access.log0	handled request	{"request": {"remote_ip": "127.0.0.1", "remote_port": "47572", "client_ip": "127.0.0.1", "proto": "HTTP/1.1", "method": "GET", "host": "127.0.0.1:3000", "uri": "/", "headers": {"Accept": ["*/*"], "User-Agent": ["curl/8.22.0"]}}, "bytes_read": 0, "user_id": "", "duration": 0.000398515, "size": 6087, "status": 200, "resp_headers": {"Server": ["Caddy"], "X-Content-Type-Options": ["nosniff"], "X-Xss-Protection": ["1; mode=block"], "Etag": ["\"dlh52pe14jcw4p3\""], "Content-Type": ["text/html; charset=utf-8"], "Last-Modified": ["Wed, 16 Sep 2026 23:45:14 GMT"], "Accept-Ranges": ["bytes"], "X-Frame-Options": ["DENY"], "Vary": ["Accept-Encoding"], "Content-Length": ["6087"]}}
web         | 2026/09/18 12:09:43.851	[34mINFO[0m	http.log.access.log0	handled request	{"request": {"remote_ip": "127.0.0.1", "remote_port": "38234", "client_ip": "127.0.0.1", "proto": "HTTP/1.1", "method": "GET", "host": "127.0.0.1:3000", "uri": "/", "headers": {"User-Agent": ["curl/8.22.0"], "Accept": ["*/*"]}}, "bytes_read": 0, "user_id": "", "duration": 0.00560458, "size": 6087, "status": 200, "resp_headers": {"Server": ["Caddy"], "X-Xss-Protection": ["1; mode=block"], "X-Frame-Options": ["DENY"], "Etag": ["\"dlh52pe14jcw4p3\""], "Content-Type": ["text/html; charset=utf-8"], "Last-Modified": ["Wed, 16 Sep 2026 23:45:14 GMT"], "Accept-Ranges": ["bytes"], "X-Content-Type-Options": ["nosniff"], "Vary": ["Accept-Encoding"], "Content-Length": ["6087"]}}
web         | 2026/09/18 12:10:14.375	[34mINFO[0m	http.log.access.log0	handled request	{"request": {"remote_ip": "127.0.0.1", "remote_port": "37382", "client_ip": "127.0.0.1", "proto": "HTTP/1.1", "method": "GET", "host": "127.0.0.1:3000", "uri": "/", "headers": {"User-Agent": ["curl/8.22.0"], "Accept": ["*/*"]}}, "bytes_read": 0, "user_id": "", "duration": 0.002539068, "size": 6087, "status": 200, "resp_headers": {"Etag": ["\"dlh52pe14jcw4p3\""], "Accept-Ranges": ["bytes"], "Content-Length": ["6087"], "Server": ["Caddy"], "X-Frame-Options": ["DENY"], "X-Xss-Protection": ["1; mode=block"], "Vary": ["Accept-Encoding"], "Content-Type": ["text/html; charset=utf-8"], "Last-Modified": ["Wed, 16 Sep 2026 23:45:14 GMT"], "X-Content-Type-Options": ["nosniff"]}}
web         | 2026/09/18 12:10:45.182	[34mINFO[0m	http.log.access.log0	handled request	{"request": {"remote_ip": "127.0.0.1", "remote_port": "55102", "client_ip": "127.0.0.1", "proto": "HTTP/1.1", "method": "GET", "host": "127.0.0.1:3000", "uri": "/", "headers": {"User-Agent": ["curl/8.22.0"], "Accept": ["*/*"]}}, "bytes_read": 0, "user_id": "", "duration": 0.023225882, "size": 6087, "status": 200, "resp_headers": {"X-Frame-Options": ["DENY"], "X-Xss-Protection": ["1; mode=block"], "Accept-Ranges": ["bytes"], "Server": ["Caddy"], "X-Content-Type-Options": ["nosniff"], "Vary": ["Accept-Encoding"], "Etag": ["\"dlh52pe14jcw4p3\""], "Content-Type": ["text/html; charset=utf-8"], "Last-Modified": ["Wed, 16 Sep 2026 23:45:14 GMT"], "Content-Length": ["6087"]}}
web         | 2026/09/18 12:11:15.547	[34mINFO[0m	http.log.access.log0	handled request	{"request": {"remote_ip": "127.0.0.1", "remote_port": "37724", "client_ip": "127.0.0.1", "proto": "HTTP/1.1", "method": "GET", "host": "127.0.0.1:3000", "uri": "/", "headers": {"User-Agent": ["curl/8.22.0"], "Accept": ["*/*"]}}, "bytes_read": 0, "user_id": "", "duration": 0.000921391, "size": 6087, "status": 200, "resp_headers": {"Accept-Ranges": ["bytes"], "X-Content-Type-Options": ["nosniff"], "X-Xss-Protection": ["1; mode=block"], "Etag": ["\"dlh52pe14jcw4p3\""], "Content-Type": ["text/html; charset=utf-8"], "Last-Modified": ["Wed, 16 Sep 2026 23:45:14 GMT"], "Content-Length": ["6087"], "Server": ["Caddy"], "X-Frame-Options": ["DENY"], "Vary": ["Accept-Encoding"]}}
web         | 2026/09/18 12:11:46.084	[34mINFO[0m	http.log.access.log0	handled request	{"request": {"remote_ip": "127.0.0.1", "remote_port": "46362", "client_ip": "127.0.0.1", "proto": "HTTP/1.1", "method": "GET", "host": "127.0.0.1:3000", "uri": "/", "headers": {"User-Agent": ["curl/8.22.0"], "Accept": ["*/*"]}}, "bytes_read": 0, "user_id": "", "duration": 0.009556199, "size": 6087, "status": 200, "resp_headers": {"Vary": ["Accept-Encoding"], "Etag": ["\"dlh52pe14jcw4p3\""], "Content-Type": ["text/html; charset=utf-8"], "Last-Modified": ["Wed, 16 Sep 2026 23:45:14 GMT"], "Accept-Ranges": ["bytes"], "Content-Length": ["6087"], "Server": ["Caddy"], "X-Content-Type-Options": ["nosniff"], "X-Frame-Options": ["DENY"], "X-Xss-Protection": ["1; mode=block"]}}
web         | 2026/09/18 12:12:16.342	[34mINFO[0m	http.log.access.log0	handled request	{"request": {"remote_ip": "127.0.0.1", "remote_port": "60922", "client_ip": "127.0.0.1", "proto": "HTTP/1.1", "method": "GET", "host": "127.0.0.1:3000", "uri": "/", "headers": {"User-Agent": ["curl/8.22.0"], "Accept": ["*/*"]}}, "bytes_read": 0, "user_id": "", "duration": 0.001143334, "size": 6087, "status": 200, "resp_headers": {"X-Frame-Options": ["DENY"], "Vary": ["Accept-Encoding"], "Content-Type": ["text/html; charset=utf-8"], "Last-Modified": ["Wed, 16 Sep 2026 23:45:14 GMT"], "Accept-Ranges": ["bytes"], "Content-Length": ["6087"], "X-Xss-Protection": ["1; mode=block"], "Etag": ["\"dlh52pe14jcw4p3\""], "Server": ["Caddy"], "X-Content-Type-Options": ["nosniff"]}}
web         | 2026/09/18 12:12:46.567	[34mINFO[0m	http.log.access.log0	handled request	{"request": {"remote_ip": "127.0.0.1", "remote_port": "54650", "client_ip": "127.0.0.1", "proto": "HTTP/1.1", "method": "GET", "host": "127.0.0.1:3000", "uri": "/", "headers": {"User-Agent": ["curl/8.22.0"], "Accept": ["*/*"]}}, "bytes_read": 0, "user_id": "", "duration": 0.003918045, "size": 6087, "status": 200, "resp_headers": {"X-Content-Type-Options": ["nosniff"], "X-Frame-Options": ["DENY"], "Etag": ["\"dlh52pe14jcw4p3\""], "Content-Type": ["text/html; charset=utf-8"], "Last-Modified": ["Wed, 16 Sep 2026 23:45:14 GMT"], "Accept-Ranges": ["bytes"], "Server": ["Caddy"], "X-Xss-Protection": ["1; mode=block"], "Vary": ["Accept-Encoding"], "Content-Length": ["6087"]}}
web         | 2026/09/18 12:13:16.927	[34mINFO[0m	http.log.access.log0	handled request	{"request": {"remote_ip": "127.0.0.1", "remote_port": "43328", "client_ip": "127.0.0.1", "proto": "HTTP/1.1", "method": "GET", "host": "127.0.0.1:3000", "uri": "/", "headers": {"User-Agent": ["curl/8.22.0"], "Accept": ["*/*"]}}, "bytes_read": 0, "user_id": "", "duration": 0.000538239, "size": 6087, "status": 200, "resp_headers": {"X-Frame-Options": ["DENY"], "Vary": ["Accept-Encoding"], "Etag": ["\"dlh52pe14jcw4p3\""], "Content-Type": ["text/html; charset=utf-8"], "Last-Modified": ["Wed, 16 Sep 2026 23:45:14 GMT"], "Accept-Ranges": ["bytes"], "Content-Length": ["6087"], "Server": ["Caddy"], "X-Xss-Protection": ["1; mode=block"], "X-Content-Type-Options": ["nosniff"]}}
web         | 2026/09/18 12:13:47.276	[34mINFO[0m	http.log.access.log0	handled request	{"request": {"remote_ip": "127.0.0.1", "remote_port": "39186", "client_ip": "127.0.0.1", "proto": "HTTP/1.1", "method": "GET", "host": "127.0.0.1:3000", "uri": "/", "headers": {"User-Agent": ["curl/8.22.0"], "Accept": ["*/*"]}}, "bytes_read": 0, "user_id": "", "duration": 0.000520247, "size": 6087, "status": 200, "resp_headers": {"Content-Type": ["text/html; charset=utf-8"], "Accept-Ranges": ["bytes"], "Content-Length": ["6087"], "X-Frame-Options": ["DENY"], "X-Xss-Protection": ["1; mode=block"], "Vary": ["Accept-Encoding"], "Last-Modified": ["Wed, 16 Sep 2026 23:45:14 GMT"], "Server": ["Caddy"], "X-Content-Type-Options": ["nosniff"], "Etag": ["\"dlh52pe14jcw4p3\""]}}
web         | 2026/09/18 12:14:17.550	[34mINFO[0m	http.log.access.log0	handled request	{"request": {"remote_ip": "127.0.0.1", "remote_port": "38296", "client_ip": "127.0.0.1", "proto": "HTTP/1.1", "method": "GET", "host": "127.0.0.1:3000", "uri": "/", "headers": {"User-Agent": ["curl/8.22.0"], "Accept": ["*/*"]}}, "bytes_read": 0, "user_id": "", "duration": 0.000470927, "size": 6087, "status": 200, "resp_headers": {"Last-Modified": ["Wed, 16 Sep 2026 23:45:14 GMT"], "Server": ["Caddy"], "Content-Type": ["text/html; charset=utf-8"], "Accept-Ranges": ["bytes"], "Content-Length": ["6087"], "X-Content-Type-Options": ["nosniff"], "X-Frame-Options": ["DENY"], "X-Xss-Protection": ["1; mode=block"], "Vary": ["Accept-Encoding"], "Etag": ["\"dlh52pe14jcw4p3\""]}}
web         | 2026/09/18 12:14:47.931	[34mINFO[0m	http.log.access.log0	handled request	{"request": {"remote_ip": "127.0.0.1", "remote_port": "58628", "client_ip": "127.0.0.1", "proto": "HTTP/1.1", "method": "GET", "host": "127.0.0.1:3000", "uri": "/", "headers": {"User-Agent": ["curl/8.22.0"], "Accept": ["*/*"]}}, "bytes_read": 0, "user_id": "", "duration": 0.000656421, "size": 6087, "status": 200, "resp_headers": {"Server": ["Caddy"], "X-Content-Type-Options": ["nosniff"], "X-Frame-Options": ["DENY"], "Vary": ["Accept-Encoding"], "Content-Type": ["text/html; charset=utf-8"], "Last-Modified": ["Wed, 16 Sep 2026 23:45:14 GMT"], "X-Xss-Protection": ["1; mode=block"], "Etag": ["\"dlh52pe14jcw4p3\""], "Accept-Ranges": ["bytes"], "Content-Length": ["6087"]}}
web         | 2026/09/18 12:15:18.255	[34mINFO[0m	http.log.access.log0	handled request	{"request": {"remote_ip": "127.0.0.1", "remote_port": "57800", "client_ip": "127.0.0.1", "proto": "HTTP/1.1", "method": "GET", "host": "127.0.0.1:3000", "uri": "/", "headers": {"User-Agent": ["curl/8.22.0"], "Accept": ["*/*"]}}, "bytes_read": 0, "user_id": "", "duration": 0.000567521, "size": 6087, "status": 200, "resp_headers": {"Etag": ["\"dlh52pe14jcw4p3\""], "Content-Type": ["text/html; charset=utf-8"], "Last-Modified": ["Wed, 16 Sep 2026 23:45:14 GMT"], "X-Frame-Options": ["DENY"], "X-Xss-Protection": ["1; mode=block"], "Accept-Ranges": ["bytes"], "Content-Length": ["6087"], "Server": ["Caddy"], "X-Content-Type-Options": ["nosniff"], "Vary": ["Accept-Encoding"]}}
web         | 2026/09/18 12:15:48.662	[34mINFO[0m	http.log.access.log0	handled request	{"request": {"remote_ip": "127.0.0.1", "remote_port": "36190", "client_ip": "127.0.0.1", "proto": "HTTP/1.1", "method": "GET", "host": "127.0.0.1:3000", "uri": "/", "headers": {"Accept": ["*/*"], "User-Agent": ["curl/8.22.0"]}}, "bytes_read": 0, "user_id": "", "duration": 0.000525533, "size": 6087, "status": 200, "resp_headers": {"X-Content-Type-Options": ["nosniff"], "X-Frame-Options": ["DENY"], "Content-Type": ["text/html; charset=utf-8"], "Vary": ["Accept-Encoding"], "Etag": ["\"dlh52pe14jcw4p3\""], "Last-Modified": ["Wed, 16 Sep 2026 23:45:14 GMT"], "Accept-Ranges": ["bytes"], "Content-Length": ["6087"], "Server": ["Caddy"], "X-Xss-Protection": ["1; mode=block"]}}
web         | 2026/09/18 12:16:19.046	[34mINFO[0m	http.log.access.log0	handled request	{"request": {"remote_ip": "127.0.0.1", "remote_port": "53830", "client_ip": "127.0.0.1", "proto": "HTTP/1.1", "method": "GET", "host": "127.0.0.1:3000", "uri": "/", "headers": {"User-Agent": ["curl/8.22.0"], "Accept": ["*/*"]}}, "bytes_read": 0, "user_id": "", "duration": 0.005821069, "size": 6087, "status": 200, "resp_headers": {"Server": ["Caddy"], "X-Xss-Protection": ["1; mode=block"], "Vary": ["Accept-Encoding"], "Content-Type": ["text/html; charset=utf-8"], "Last-Modified": ["Wed, 16 Sep 2026 23:45:14 GMT"], "Accept-Ranges": ["bytes"], "Content-Length": ["6087"], "X-Content-Type-Options": ["nosniff"], "X-Frame-Options": ["DENY"], "Etag": ["\"dlh52pe14jcw4p3\""]}}
web         | 2026/09/18 12:16:49.418	[34mINFO[0m	http.log.access.log0	handled request	{"request": {"remote_ip": "127.0.0.1", "remote_port": "36598", "client_ip": "127.0.0.1", "proto": "HTTP/1.1", "method": "GET", "host": "127.0.0.1:3000", "uri": "/", "headers": {"Accept": ["*/*"], "User-Agent": ["curl/8.22.0"]}}, "bytes_read": 0, "user_id": "", "duration": 0.030410003, "size": 6087, "status": 200, "resp_headers": {"X-Content-Type-Options": ["nosniff"], "X-Frame-Options": ["DENY"], "X-Xss-Protection": ["1; mode=block"], "Etag": ["\"dlh52pe14jcw4p3\""], "Content-Type": ["text/html; charset=utf-8"], "Last-Modified": ["Wed, 16 Sep 2026 23:45:14 GMT"], "Content-Length": ["6087"], "Server": ["Caddy"], "Vary": ["Accept-Encoding"], "Accept-Ranges": ["bytes"]}}
web         | 2026/09/18 12:17:19.744	[34mINFO[0m	http.log.access.log0	handled request	{"request": {"remote_ip": "127.0.0.1", "remote_port": "50662", "client_ip": "127.0.0.1", "proto": "HTTP/1.1", "method": "GET", "host": "127.0.0.1:3000", "uri": "/", "headers": {"Accept": ["*/*"], "User-Agent": ["curl/8.22.0"]}}, "bytes_read": 0, "user_id": "", "duration": 0.000567488, "size": 6087, "status": 200, "resp_headers": {"Content-Length": ["6087"], "X-Content-Type-Options": ["nosniff"], "X-Xss-Protection": ["1; mode=block"], "Vary": ["Accept-Encoding"], "Etag": ["\"dlh52pe14jcw4p3\""], "Last-Modified": ["Wed, 16 Sep 2026 23:45:14 GMT"], "Server": ["Caddy"], "X-Frame-Options": ["DENY"], "Content-Type": ["text/html; charset=utf-8"], "Accept-Ranges": ["bytes"]}}
web         | 2026/09/18 12:17:50.001	[34mINFO[0m	http.log.access.log0	handled request	{"request": {"remote_ip": "127.0.0.1", "remote_port": "43916", "client_ip": "127.0.0.1", "proto": "HTTP/1.1", "method": "GET", "host": "127.0.0.1:3000", "uri": "/", "headers": {"User-Agent": ["curl/8.22.0"], "Accept": ["*/*"]}}, "bytes_read": 0, "user_id": "", "duration": 0.000437113, "size": 6087, "status": 200, "resp_headers": {"Vary": ["Accept-Encoding"], "Etag": ["\"dlh52pe14jcw4p3\""], "Content-Type": ["text/html; charset=utf-8"], "Server": ["Caddy"], "X-Content-Type-Options": ["nosniff"], "X-Frame-Options": ["DENY"], "Last-Modified": ["Wed, 16 Sep 2026 23:45:14 GMT"], "Accept-Ranges": ["bytes"], "Content-Length": ["6087"], "X-Xss-Protection": ["1; mode=block"]}}
web         | 2026/09/18 12:18:20.354	[34mINFO[0m	http.log.access.log0	handled request	{"request": {"remote_ip": "127.0.0.1", "remote_port": "39672", "client_ip": "127.0.0.1", "proto": "HTTP/1.1", "method": "GET", "host": "127.0.0.1:3000", "uri": "/", "headers": {"Accept": ["*/*"], "User-Agent": ["curl/8.22.0"]}}, "bytes_read": 0, "user_id": "", "duration": 0.004719371, "size": 6087, "status": 200, "resp_headers": {"Server": ["Caddy"], "X-Frame-Options": ["DENY"], "X-Xss-Protection": ["1; mode=block"], "Vary": ["Accept-Encoding"], "Last-Modified": ["Wed, 16 Sep 2026 23:45:14 GMT"], "X-Content-Type-Options": ["nosniff"], "Etag": ["\"dlh52pe14jcw4p3\""], "Content-Type": ["text/html; charset=utf-8"], "Accept-Ranges": ["bytes"], "Content-Length": ["6087"]}}
web         | 2026/09/18 12:18:50.799	[34mINFO[0m	http.log.access.log0	handled request	{"request": {"remote_ip": "127.0.0.1", "remote_port": "36592", "client_ip": "127.0.0.1", "proto": "HTTP/1.1", "method": "GET", "host": "127.0.0.1:3000", "uri": "/", "headers": {"User-Agent": ["curl/8.22.0"], "Accept": ["*/*"]}}, "bytes_read": 0, "user_id": "", "duration": 0.002528356, "size": 6087, "status": 200, "resp_headers": {"X-Xss-Protection": ["1; mode=block"], "Last-Modified": ["Wed, 16 Sep 2026 23:45:14 GMT"], "X-Content-Type-Options": ["nosniff"], "Vary": ["Accept-Encoding"], "Etag": ["\"dlh52pe14jcw4p3\""], "Content-Type": ["text/html; charset=utf-8"], "Accept-Ranges": ["bytes"], "Content-Length": ["6087"], "Server": ["Caddy"], "X-Frame-Options": ["DENY"]}}
web         | 2026/09/18 12:19:21.236	[34mINFO[0m	http.log.access.log0	handled request	{"request": {"remote_ip": "127.0.0.1", "remote_port": "58708", "client_ip": "127.0.0.1", "proto": "HTTP/1.1", "method": "GET", "host": "127.0.0.1:3000", "uri": "/", "headers": {"User-Agent": ["curl/8.22.0"], "Accept": ["*/*"]}}, "bytes_read": 0, "user_id": "", "duration": 0.00631023, "size": 6087, "status": 200, "resp_headers": {"X-Xss-Protection": ["1; mode=block"], "Content-Type": ["text/html; charset=utf-8"], "X-Content-Type-Options": ["nosniff"], "X-Frame-Options": ["DENY"], "Vary": ["Accept-Encoding"], "Etag": ["\"dlh52pe14jcw4p3\""], "Last-Modified": ["Wed, 16 Sep 2026 23:45:14 GMT"], "Accept-Ranges": ["bytes"], "Content-Length": ["6087"], "Server": ["Caddy"]}}
web         | 2026/09/18 12:19:51.512	[34mINFO[0m	http.log.access.log0	handled request	{"request": {"remote_ip": "127.0.0.1", "remote_port": "45556", "client_ip": "127.0.0.1", "proto": "HTTP/1.1", "method": "GET", "host": "127.0.0.1:3000", "uri": "/", "headers": {"Accept": ["*/*"], "User-Agent": ["curl/8.22.0"]}}, "bytes_read": 0, "user_id": "", "duration": 0.000519132, "size": 6087, "status": 200, "resp_headers": {"Content-Length": ["6087"], "X-Frame-Options": ["DENY"], "X-Xss-Protection": ["1; mode=block"], "Content-Type": ["text/html; charset=utf-8"], "Accept-Ranges": ["bytes"], "Server": ["Caddy"], "X-Content-Type-Options": ["nosniff"], "Vary": ["Accept-Encoding"], "Etag": ["\"dlh52pe14jcw4p3\""], "Last-Modified": ["Wed, 16 Sep 2026 23:45:14 GMT"]}}
web         | 2026/09/18 12:20:21.627	[34mINFO[0m	http.log.access.log0	handled request	{"request": {"remote_ip": "127.0.0.1", "remote_port": "58380", "client_ip": "127.0.0.1", "proto": "HTTP/1.1", "method": "GET", "host": "127.0.0.1:3000", "uri": "/", "headers": {"User-Agent": ["curl/8.22.0"], "Accept": ["*/*"]}}, "bytes_read": 0, "user_id": "", "duration": 0.000795555, "size": 6087, "status": 200, "resp_headers": {"Server": ["Caddy"], "X-Content-Type-Options": ["nosniff"], "X-Frame-Options": ["DENY"], "X-Xss-Protection": ["1; mode=block"], "Vary": ["Accept-Encoding"], "Accept-Ranges": ["bytes"], "Etag": ["\"dlh52pe14jcw4p3\""], "Content-Type": ["text/html; charset=utf-8"], "Last-Modified": ["Wed, 16 Sep 2026 23:45:14 GMT"], "Content-Length": ["6087"]}}
web         | 2026/09/18 12:20:51.714	[34mINFO[0m	http.log.access.log0	handled request	{"request": {"remote_ip": "127.0.0.1", "remote_port": "38690", "client_ip": "127.0.0.1", "proto": "HTTP/1.1", "method": "GET", "host": "127.0.0.1:3000", "uri": "/", "headers": {"User-Agent": ["curl/8.22.0"], "Accept": ["*/*"]}}, "bytes_read": 0, "user_id": "", "duration": 0.000516502, "size": 6087, "status": 200, "resp_headers": {"Content-Type": ["text/html; charset=utf-8"], "Last-Modified": ["Wed, 16 Sep 2026 23:45:14 GMT"], "Server": ["Caddy"], "X-Content-Type-Options": ["nosniff"], "Vary": ["Accept-Encoding"], "Etag": ["\"dlh52pe14jcw4p3\""], "Accept-Ranges": ["bytes"], "Content-Length": ["6087"], "X-Frame-Options": ["DENY"], "X-Xss-Protection": ["1; mode=block"]}}
web         | 2026/09/18 12:21:21.797	[34mINFO[0m	http.log.access.log0	handled request	{"request": {"remote_ip": "127.0.0.1", "remote_port": "55328", "client_ip": "127.0.0.1", "proto": "HTTP/1.1", "method": "GET", "host": "127.0.0.1:3000", "uri": "/", "headers": {"User-Agent": ["curl/8.22.0"], "Accept": ["*/*"]}}, "bytes_read": 0, "user_id": "", "duration": 0.000726801, "size": 6087, "status": 200, "resp_headers": {"Vary": ["Accept-Encoding"], "Etag": ["\"dlh52pe14jcw4p3\""], "Content-Type": ["text/html; charset=utf-8"], "Last-Modified": ["Wed, 16 Sep 2026 23:45:14 GMT"], "Server": ["Caddy"], "X-Frame-Options": ["DENY"], "Accept-Ranges": ["bytes"], "Content-Length": ["6087"], "X-Xss-Protection": ["1; mode=block"], "X-Content-Type-Options": ["nosniff"]}}
web         | 2026/09/18 12:21:51.894	[34mINFO[0m	http.log.access.log0	handled request	{"request": {"remote_ip": "127.0.0.1", "remote_port": "54414", "client_ip": "127.0.0.1", "proto": "HTTP/1.1", "method": "GET", "host": "127.0.0.1:3000", "uri": "/", "headers": {"User-Agent": ["curl/8.22.0"], "Accept": ["*/*"]}}, "bytes_read": 0, "user_id": "", "duration": 0.000948129, "size": 6087, "status": 200, "resp_headers": {"X-Content-Type-Options": ["nosniff"], "Etag": ["\"dlh52pe14jcw4p3\""], "Last-Modified": ["Wed, 16 Sep 2026 23:45:14 GMT"], "Content-Length": ["6087"], "Server": ["Caddy"], "X-Frame-Options": ["DENY"], "X-Xss-Protection": ["1; mode=block"], "Vary": ["Accept-Encoding"], "Content-Type": ["text/html; charset=utf-8"], "Accept-Ranges": ["bytes"]}}
web         | 2026/09/18 12:22:21.974	[34mINFO[0m	http.log.access.log0	handled request	{"request": {"remote_ip": "127.0.0.1", "remote_port": "48674", "client_ip": "127.0.0.1", "proto": "HTTP/1.1", "method": "GET", "host": "127.0.0.1:3000", "uri": "/", "headers": {"User-Agent": ["curl/8.22.0"], "Accept": ["*/*"]}}, "bytes_read": 0, "user_id": "", "duration": 0.000356825, "size": 6087, "status": 200, "resp_headers": {"X-Xss-Protection": ["1; mode=block"], "Vary": ["Accept-Encoding"], "Content-Type": ["text/html; charset=utf-8"], "Accept-Ranges": ["bytes"], "Content-Length": ["6087"], "Server": ["Caddy"], "X-Frame-Options": ["DENY"], "X-Content-Type-Options": ["nosniff"], "Etag": ["\"dlh52pe14jcw4p3\""], "Last-Modified": ["Wed, 16 Sep 2026 23:45:14 GMT"]}}
web         | 2026/09/18 12:22:52.059	[34mINFO[0m	http.log.access.log0	handled request	{"request": {"remote_ip": "127.0.0.1", "remote_port": "32850", "client_ip": "127.0.0.1", "proto": "HTTP/1.1", "method": "GET", "host": "127.0.0.1:3000", "uri": "/", "headers": {"User-Agent": ["curl/8.22.0"], "Accept": ["*/*"]}}, "bytes_read": 0, "user_id": "", "duration": 0.000657655, "size": 6087, "status": 200, "resp_headers": {"X-Frame-Options": ["DENY"], "X-Xss-Protection": ["1; mode=block"], "Vary": ["Accept-Encoding"], "Content-Type": ["text/html; charset=utf-8"], "Accept-Ranges": ["bytes"], "X-Content-Type-Options": ["nosniff"], "Etag": ["\"dlh52pe14jcw4p3\""], "Last-Modified": ["Wed, 16 Sep 2026 23:45:14 GMT"], "Content-Length": ["6087"], "Server": ["Caddy"]}}
web         | 2026/09/18 12:23:22.142	[34mINFO[0m	http.log.access.log0	handled request	{"request": {"remote_ip": "127.0.0.1", "remote_port": "50976", "client_ip": "127.0.0.1", "proto": "HTTP/1.1", "method": "GET", "host": "127.0.0.1:3000", "uri": "/", "headers": {"User-Agent": ["curl/8.22.0"], "Accept": ["*/*"]}}, "bytes_read": 0, "user_id": "", "duration": 0.000668663, "size": 6087, "status": 200, "resp_headers": {"Server": ["Caddy"], "X-Xss-Protection": ["1; mode=block"], "X-Frame-Options": ["DENY"], "Vary": ["Accept-Encoding"], "Etag": ["\"dlh52pe14jcw4p3\""], "Content-Type": ["text/html; charset=utf-8"], "Accept-Ranges": ["bytes"], "Content-Length": ["6087"], "X-Content-Type-Options": ["nosniff"], "Last-Modified": ["Wed, 16 Sep 2026 23:45:14 GMT"]}}
web         | 2026/09/18 12:23:52.222	[34mINFO[0m	http.log.access.log0	handled request	{"request": {"remote_ip": "127.0.0.1", "remote_port": "51954", "client_ip": "127.0.0.1", "proto": "HTTP/1.1", "method": "GET", "host": "127.0.0.1:3000", "uri": "/", "headers": {"User-Agent": ["curl/8.22.0"], "Accept": ["*/*"]}}, "bytes_read": 0, "user_id": "", "duration": 0.000442908, "size": 6087, "status": 200, "resp_headers": {"Content-Length": ["6087"], "X-Xss-Protection": ["1; mode=block"], "Content-Type": ["text/html; charset=utf-8"], "Server": ["Caddy"], "X-Content-Type-Options": ["nosniff"], "X-Frame-Options": ["DENY"], "Vary": ["Accept-Encoding"], "Etag": ["\"dlh52pe14jcw4p3\""], "Last-Modified": ["Wed, 16 Sep 2026 23:45:14 GMT"], "Accept-Ranges": ["bytes"]}}
web         | 2026/09/18 12:24:22.302	[34mINFO[0m	http.log.access.log0	handled request	{"request": {"remote_ip": "127.0.0.1", "remote_port": "55076", "client_ip": "127.0.0.1", "proto": "HTTP/1.1", "method": "GET", "host": "127.0.0.1:3000", "uri": "/", "headers": {"Accept": ["*/*"], "User-Agent": ["curl/8.22.0"]}}, "bytes_read": 0, "user_id": "", "duration": 0.000544572, "size": 6087, "status": 200, "resp_headers": {"Server": ["Caddy"], "Etag": ["\"dlh52pe14jcw4p3\""], "Content-Type": ["text/html; charset=utf-8"], "Last-Modified": ["Wed, 16 Sep 2026 23:45:14 GMT"], "Accept-Ranges": ["bytes"], "X-Xss-Protection": ["1; mode=block"], "X-Content-Type-Options": ["nosniff"], "X-Frame-Options": ["DENY"], "Vary": ["Accept-Encoding"], "Content-Length": ["6087"]}}
web         | 2026/09/18 12:24:52.421	[34mINFO[0m	http.log.access.log0	handled request	{"request": {"remote_ip": "127.0.0.1", "remote_port": "60826", "client_ip": "127.0.0.1", "proto": "HTTP/1.1", "method": "GET", "host": "127.0.0.1:3000", "uri": "/", "headers": {"User-Agent": ["curl/8.22.0"], "Accept": ["*/*"]}}, "bytes_read": 0, "user_id": "", "duration": 0.00048063, "size": 6087, "status": 200, "resp_headers": {"X-Frame-Options": ["DENY"], "X-Xss-Protection": ["1; mode=block"], "Vary": ["Accept-Encoding"], "Content-Type": ["text/html; charset=utf-8"], "Last-Modified": ["Wed, 16 Sep 2026 23:45:14 GMT"], "Server": ["Caddy"], "X-Content-Type-Options": ["nosniff"], "Etag": ["\"dlh52pe14jcw4p3\""], "Accept-Ranges": ["bytes"], "Content-Length": ["6087"]}}
web         | 2026/09/18 12:25:22.531	[34mINFO[0m	http.log.access.log0	handled request	{"request": {"remote_ip": "127.0.0.1", "remote_port": "59244", "client_ip": "127.0.0.1", "proto": "HTTP/1.1", "method": "GET", "host": "127.0.0.1:3000", "uri": "/", "headers": {"User-Agent": ["curl/8.22.0"], "Accept": ["*/*"]}}, "bytes_read": 0, "user_id": "", "duration": 0.000459407, "size": 6087, "status": 200, "resp_headers": {"Content-Length": ["6087"], "X-Content-Type-Options": ["nosniff"], "Vary": ["Accept-Encoding"], "Etag": ["\"dlh52pe14jcw4p3\""], "Content-Type": ["text/html; charset=utf-8"], "Accept-Ranges": ["bytes"], "Server": ["Caddy"], "X-Xss-Protection": ["1; mode=block"], "X-Frame-Options": ["DENY"], "Last-Modified": ["Wed, 16 Sep 2026 23:45:14 GMT"]}}
web         | 2026/09/18 12:25:52.611	[34mINFO[0m	http.log.access.log0	handled request	{"request": {"remote_ip": "127.0.0.1", "remote_port": "47428", "client_ip": "127.0.0.1", "proto": "HTTP/1.1", "method": "GET", "host": "127.0.0.1:3000", "uri": "/", "headers": {"User-Agent": ["curl/8.22.0"], "Accept": ["*/*"]}}, "bytes_read": 0, "user_id": "", "duration": 0.001683586, "size": 6087, "status": 200, "resp_headers": {"Vary": ["Accept-Encoding"], "Etag": ["\"dlh52pe14jcw4p3\""], "Last-Modified": ["Wed, 16 Sep 2026 23:45:14 GMT"], "Content-Length": ["6087"], "Server": ["Caddy"], "Content-Type": ["text/html; charset=utf-8"], "Accept-Ranges": ["bytes"], "X-Xss-Protection": ["1; mode=block"], "X-Content-Type-Options": ["nosniff"], "X-Frame-Options": ["DENY"]}}
web         | 2026/09/18 12:26:22.694	[34mINFO[0m	http.log.access.log0	handled request	{"request": {"remote_ip": "127.0.0.1", "remote_port": "38418", "client_ip": "127.0.0.1", "proto": "HTTP/1.1", "method": "GET", "host": "127.0.0.1:3000", "uri": "/", "headers": {"User-Agent": ["curl/8.22.0"], "Accept": ["*/*"]}}, "bytes_read": 0, "user_id": "", "duration": 0.005199564, "size": 6087, "status": 200, "resp_headers": {"X-Xss-Protection": ["1; mode=block"], "Vary": ["Accept-Encoding"], "Etag": ["\"dlh52pe14jcw4p3\""], "Content-Type": ["text/html; charset=utf-8"], "Last-Modified": ["Wed, 16 Sep 2026 23:45:14 GMT"], "Content-Length": ["6087"], "X-Content-Type-Options": ["nosniff"], "X-Frame-Options": ["DENY"], "Accept-Ranges": ["bytes"], "Server": ["Caddy"]}}
web         | 2026/09/18 12:26:52.789	[34mINFO[0m	http.log.access.log0	handled request	{"request": {"remote_ip": "127.0.0.1", "remote_port": "46704", "client_ip": "127.0.0.1", "proto": "HTTP/1.1", "method": "GET", "host": "127.0.0.1:3000", "uri": "/", "headers": {"Accept": ["*/*"], "User-Agent": ["curl/8.22.0"]}}, "bytes_read": 0, "user_id": "", "duration": 0.000636202, "size": 6087, "status": 200, "resp_headers": {"X-Content-Type-Options": ["nosniff"], "Vary": ["Accept-Encoding"], "Etag": ["\"dlh52pe14jcw4p3\""], "Content-Type": ["text/html; charset=utf-8"], "Last-Modified": ["Wed, 16 Sep 2026 23:45:14 GMT"], "Accept-Ranges": ["bytes"], "Content-Length": ["6087"], "Server": ["Caddy"], "X-Frame-Options": ["DENY"], "X-Xss-Protection": ["1; mode=block"]}}
web         | 2026/09/18 12:27:22.880	[34mINFO[0m	http.log.access.log0	handled request	{"request": {"remote_ip": "127.0.0.1", "remote_port": "47714", "client_ip": "127.0.0.1", "proto": "HTTP/1.1", "method": "GET", "host": "127.0.0.1:3000", "uri": "/", "headers": {"User-Agent": ["curl/8.22.0"], "Accept": ["*/*"]}}, "bytes_read": 0, "user_id": "", "duration": 0.000542431, "size": 6087, "status": 200, "resp_headers": {"Vary": ["Accept-Encoding"], "Etag": ["\"dlh52pe14jcw4p3\""], "Last-Modified": ["Wed, 16 Sep 2026 23:45:14 GMT"], "Content-Length": ["6087"], "Server": ["Caddy"], "X-Content-Type-Options": ["nosniff"], "X-Frame-Options": ["DENY"], "Content-Type": ["text/html; charset=utf-8"], "Accept-Ranges": ["bytes"], "X-Xss-Protection": ["1; mode=block"]}}
web         | 2026/09/18 12:27:52.987	[34mINFO[0m	http.log.access.log0	handled request	{"request": {"remote_ip": "127.0.0.1", "remote_port": "42934", "client_ip": "127.0.0.1", "proto": "HTTP/1.1", "method": "GET", "host": "127.0.0.1:3000", "uri": "/", "headers": {"User-Agent": ["curl/8.22.0"], "Accept": ["*/*"]}}, "bytes_read": 0, "user_id": "", "duration": 0.000572039, "size": 6087, "status": 200, "resp_headers": {"X-Frame-Options": ["DENY"], "X-Xss-Protection": ["1; mode=block"], "Etag": ["\"dlh52pe14jcw4p3\""], "Content-Type": ["text/html; charset=utf-8"], "Content-Length": ["6087"], "Server": ["Caddy"], "X-Content-Type-Options": ["nosniff"], "Vary": ["Accept-Encoding"], "Last-Modified": ["Wed, 16 Sep 2026 23:45:14 GMT"], "Accept-Ranges": ["bytes"]}}
web         | 2026/09/18 12:28:23.075	[34mINFO[0m	http.log.access.log0	handled request	{"request": {"remote_ip": "127.0.0.1", "remote_port": "46318", "client_ip": "127.0.0.1", "proto": "HTTP/1.1", "method": "GET", "host": "127.0.0.1:3000", "uri": "/", "headers": {"User-Agent": ["curl/8.22.0"], "Accept": ["*/*"]}}, "bytes_read": 0, "user_id": "", "duration": 0.000576427, "size": 6087, "status": 200, "resp_headers": {"X-Frame-Options": ["DENY"], "Last-Modified": ["Wed, 16 Sep 2026 23:45:14 GMT"], "Server": ["Caddy"], "X-Xss-Protection": ["1; mode=block"], "X-Content-Type-Options": ["nosniff"], "Vary": ["Accept-Encoding"], "Etag": ["\"dlh52pe14jcw4p3\""], "Content-Type": ["text/html; charset=utf-8"], "Accept-Ranges": ["bytes"], "Content-Length": ["6087"]}}
web         | 2026/09/18 12:28:53.158	[34mINFO[0m	http.log.access.log0	handled request	{"request": {"remote_ip": "127.0.0.1", "remote_port": "60356", "client_ip": "127.0.0.1", "proto": "HTTP/1.1", "method": "GET", "host": "127.0.0.1:3000", "uri": "/", "headers": {"User-Agent": ["curl/8.22.0"], "Accept": ["*/*"]}}, "bytes_read": 0, "user_id": "", "duration": 0.003876334, "size": 6087, "status": 200, "resp_headers": {"X-Xss-Protection": ["1; mode=block"], "Vary": ["Accept-Encoding"], "Content-Type": ["text/html; charset=utf-8"], "Last-Modified": ["Wed, 16 Sep 2026 23:45:14 GMT"], "Accept-Ranges": ["bytes"], "Content-Length": ["6087"], "Server": ["Caddy"], "X-Content-Type-Options": ["nosniff"], "X-Frame-Options": ["DENY"], "Etag": ["\"dlh52pe14jcw4p3\""]}}
web         | 2026/09/18 12:29:23.232	[34mINFO[0m	http.log.access.log0	handled request	{"request": {"remote_ip": "127.0.0.1", "remote_port": "60740", "client_ip": "127.0.0.1", "proto": "HTTP/1.1", "method": "GET", "host": "127.0.0.1:3000", "uri": "/", "headers": {"User-Agent": ["curl/8.22.0"], "Accept": ["*/*"]}}, "bytes_read": 0, "user_id": "", "duration": 0.001155441, "size": 6087, "status": 200, "resp_headers": {"X-Content-Type-Options": ["nosniff"], "X-Frame-Options": ["DENY"], "X-Xss-Protection": ["1; mode=block"], "Vary": ["Accept-Encoding"], "Etag": ["\"dlh52pe14jcw4p3\""], "Last-Modified": ["Wed, 16 Sep 2026 23:45:14 GMT"], "Content-Length": ["6087"], "Server": ["Caddy"], "Content-Type": ["text/html; charset=utf-8"], "Accept-Ranges": ["bytes"]}}
web         | 2026/09/18 12:29:53.305	[34mINFO[0m	http.log.access.log0	handled request	{"request": {"remote_ip": "127.0.0.1", "remote_port": "60968", "client_ip": "127.0.0.1", "proto": "HTTP/1.1", "method": "GET", "host": "127.0.0.1:3000", "uri": "/", "headers": {"User-Agent": ["curl/8.22.0"], "Accept": ["*/*"]}}, "bytes_read": 0, "user_id": "", "duration": 0.000442565, "size": 6087, "status": 200, "resp_headers": {"Vary": ["Accept-Encoding"], "Etag": ["\"dlh52pe14jcw4p3\""], "Content-Type": ["text/html; charset=utf-8"], "Last-Modified": ["Wed, 16 Sep 2026 23:45:14 GMT"], "Accept-Ranges": ["bytes"], "Content-Length": ["6087"], "Server": ["Caddy"], "X-Frame-Options": ["DENY"], "X-Xss-Protection": ["1; mode=block"], "X-Content-Type-Options": ["nosniff"]}}
web         | 2026/09/18 12:30:23.385	[34mINFO[0m	http.log.access.log0	handled request	{"request": {"remote_ip": "127.0.0.1", "remote_port": "54170", "client_ip": "127.0.0.1", "proto": "HTTP/1.1", "method": "GET", "host": "127.0.0.1:3000", "uri": "/", "headers": {"Accept": ["*/*"], "User-Agent": ["curl/8.22.0"]}}, "bytes_read": 0, "user_id": "", "duration": 0.002129418, "size": 6087, "status": 200, "resp_headers": {"X-Content-Type-Options": ["nosniff"], "X-Xss-Protection": ["1; mode=block"], "Etag": ["\"dlh52pe14jcw4p3\""], "Content-Type": ["text/html; charset=utf-8"], "Last-Modified": ["Wed, 16 Sep 2026 23:45:14 GMT"], "Accept-Ranges": ["bytes"], "Server": ["Caddy"], "X-Frame-Options": ["DENY"], "Vary": ["Accept-Encoding"], "Content-Length": ["6087"]}}
web         | 2026/09/18 12:30:53.476	[34mINFO[0m	http.log.access.log0	handled request	{"request": {"remote_ip": "127.0.0.1", "remote_port": "37792", "client_ip": "127.0.0.1", "proto": "HTTP/1.1", "method": "GET", "host": "127.0.0.1:3000", "uri": "/", "headers": {"Accept": ["*/*"], "User-Agent": ["curl/8.22.0"]}}, "bytes_read": 0, "user_id": "", "duration": 0.000569794, "size": 6087, "status": 200, "resp_headers": {"Last-Modified": ["Wed, 16 Sep 2026 23:45:14 GMT"], "Accept-Ranges": ["bytes"], "Content-Length": ["6087"], "X-Frame-Options": ["DENY"], "Vary": ["Accept-Encoding"], "Server": ["Caddy"], "X-Xss-Protection": ["1; mode=block"], "X-Content-Type-Options": ["nosniff"], "Etag": ["\"dlh52pe14jcw4p3\""], "Content-Type": ["text/html; charset=utf-8"]}}
web         | 2026/09/18 12:31:23.569	[34mINFO[0m	http.log.access.log0	handled request	{"request": {"remote_ip": "127.0.0.1", "remote_port": "58506", "client_ip": "127.0.0.1", "proto": "HTTP/1.1", "method": "GET", "host": "127.0.0.1:3000", "uri": "/", "headers": {"Accept": ["*/*"], "User-Agent": ["curl/8.22.0"]}}, "bytes_read": 0, "user_id": "", "duration": 0.000488559, "size": 6087, "status": 200, "resp_headers": {"Content-Type": ["text/html; charset=utf-8"], "Accept-Ranges": ["bytes"], "Content-Length": ["6087"], "X-Xss-Protection": ["1; mode=block"], "X-Frame-Options": ["DENY"], "Etag": ["\"dlh52pe14jcw4p3\""], "Last-Modified": ["Wed, 16 Sep 2026 23:45:14 GMT"], "Server": ["Caddy"], "X-Content-Type-Options": ["nosniff"], "Vary": ["Accept-Encoding"]}}
web         | 2026/09/18 12:31:53.659	[34mINFO[0m	http.log.access.log0	handled request	{"request": {"remote_ip": "127.0.0.1", "remote_port": "50240", "client_ip": "127.0.0.1", "proto": "HTTP/1.1", "method": "GET", "host": "127.0.0.1:3000", "uri": "/", "headers": {"User-Agent": ["curl/8.22.0"], "Accept": ["*/*"]}}, "bytes_read": 0, "user_id": "", "duration": 0.000477818, "size": 6087, "status": 200, "resp_headers": {"X-Content-Type-Options": ["nosniff"], "X-Frame-Options": ["DENY"], "Vary": ["Accept-Encoding"], "Last-Modified": ["Wed, 16 Sep 2026 23:45:14 GMT"], "Server": ["Caddy"], "X-Xss-Protection": ["1; mode=block"], "Etag": ["\"dlh52pe14jcw4p3\""], "Content-Type": ["text/html; charset=utf-8"], "Accept-Ranges": ["bytes"], "Content-Length": ["6087"]}}
web         | 2026/09/18 12:32:23.740	[34mINFO[0m	http.log.access.log0	handled request	{"request": {"remote_ip": "127.0.0.1", "remote_port": "33876", "client_ip": "127.0.0.1", "proto": "HTTP/1.1", "method": "GET", "host": "127.0.0.1:3000", "uri": "/", "headers": {"User-Agent": ["curl/8.22.0"], "Accept": ["*/*"]}}, "bytes_read": 0, "user_id": "", "duration": 0.00059499, "size": 6087, "status": 200, "resp_headers": {"X-Content-Type-Options": ["nosniff"], "X-Xss-Protection": ["1; mode=block"], "Vary": ["Accept-Encoding"], "Etag": ["\"dlh52pe14jcw4p3\""], "Content-Type": ["text/html; charset=utf-8"], "Last-Modified": ["Wed, 16 Sep 2026 23:45:14 GMT"], "Accept-Ranges": ["bytes"], "Server": ["Caddy"], "X-Frame-Options": ["DENY"], "Content-Length": ["6087"]}}
web         | 2026/09/18 12:32:53.816	[34mINFO[0m	http.log.access.log0	handled request	{"request": {"remote_ip": "127.0.0.1", "remote_port": "58772", "client_ip": "127.0.0.1", "proto": "HTTP/1.1", "method": "GET", "host": "127.0.0.1:3000", "uri": "/", "headers": {"User-Agent": ["curl/8.22.0"], "Accept": ["*/*"]}}, "bytes_read": 0, "user_id": "", "duration": 0.000413682, "size": 6087, "status": 200, "resp_headers": {"X-Xss-Protection": ["1; mode=block"], "Server": ["Caddy"], "X-Frame-Options": ["DENY"], "Vary": ["Accept-Encoding"], "Etag": ["\"dlh52pe14jcw4p3\""], "Content-Type": ["text/html; charset=utf-8"], "Last-Modified": ["Wed, 16 Sep 2026 23:45:14 GMT"], "Accept-Ranges": ["bytes"], "Content-Length": ["6087"], "X-Content-Type-Options": ["nosniff"]}}
web         | 2026/09/18 12:33:23.915	[34mINFO[0m	http.log.access.log0	handled request	{"request": {"remote_ip": "127.0.0.1", "remote_port": "59340", "client_ip": "127.0.0.1", "proto": "HTTP/1.1", "method": "GET", "host": "127.0.0.1:3000", "uri": "/", "headers": {"User-Agent": ["curl/8.22.0"], "Accept": ["*/*"]}}, "bytes_read": 0, "user_id": "", "duration": 0.000702507, "size": 6087, "status": 200, "resp_headers": {"Server": ["Caddy"], "X-Content-Type-Options": ["nosniff"], "Content-Type": ["text/html; charset=utf-8"], "Last-Modified": ["Wed, 16 Sep 2026 23:45:14 GMT"], "Accept-Ranges": ["bytes"], "Content-Length": ["6087"], "X-Frame-Options": ["DENY"], "X-Xss-Protection": ["1; mode=block"], "Vary": ["Accept-Encoding"], "Etag": ["\"dlh52pe14jcw4p3\""]}}
web         | 2026/09/18 12:33:54.006	[34mINFO[0m	http.log.access.log0	handled request	{"request": {"remote_ip": "127.0.0.1", "remote_port": "32832", "client_ip": "127.0.0.1", "proto": "HTTP/1.1", "method": "GET", "host": "127.0.0.1:3000", "uri": "/", "headers": {"User-Agent": ["curl/8.22.0"], "Accept": ["*/*"]}}, "bytes_read": 0, "user_id": "", "duration": 0.000580444, "size": 6087, "status": 200, "resp_headers": {"Content-Length": ["6087"], "Server": ["Caddy"], "X-Content-Type-Options": ["nosniff"], "X-Frame-Options": ["DENY"], "X-Xss-Protection": ["1; mode=block"], "Etag": ["\"dlh52pe14jcw4p3\""], "Accept-Ranges": ["bytes"], "Vary": ["Accept-Encoding"], "Content-Type": ["text/html; charset=utf-8"], "Last-Modified": ["Wed, 16 Sep 2026 23:45:14 GMT"]}}
web         | 2026/09/18 12:34:24.084	[34mINFO[0m	http.log.access.log0	handled request	{"request": {"remote_ip": "127.0.0.1", "remote_port": "54828", "client_ip": "127.0.0.1", "proto": "HTTP/1.1", "method": "GET", "host": "127.0.0.1:3000", "uri": "/", "headers": {"User-Agent": ["curl/8.22.0"], "Accept": ["*/*"]}}, "bytes_read": 0, "user_id": "", "duration": 0.000611478, "size": 6087, "status": 200, "resp_headers": {"Server": ["Caddy"], "X-Xss-Protection": ["1; mode=block"], "Vary": ["Accept-Encoding"], "Etag": ["\"dlh52pe14jcw4p3\""], "Content-Type": ["text/html; charset=utf-8"], "Last-Modified": ["Wed, 16 Sep 2026 23:45:14 GMT"], "X-Content-Type-Options": ["nosniff"], "X-Frame-Options": ["DENY"], "Accept-Ranges": ["bytes"], "Content-Length": ["6087"]}}
web         | 2026/09/18 12:34:54.163	[34mINFO[0m	http.log.access.log0	handled request	{"request": {"remote_ip": "127.0.0.1", "remote_port": "49722", "client_ip": "127.0.0.1", "proto": "HTTP/1.1", "method": "GET", "host": "127.0.0.1:3000", "uri": "/", "headers": {"Accept": ["*/*"], "User-Agent": ["curl/8.22.0"]}}, "bytes_read": 0, "user_id": "", "duration": 0.000712045, "size": 6087, "status": 200, "resp_headers": {"Server": ["Caddy"], "X-Content-Type-Options": ["nosniff"], "X-Xss-Protection": ["1; mode=block"], "Content-Type": ["text/html; charset=utf-8"], "Last-Modified": ["Wed, 16 Sep 2026 23:45:14 GMT"], "Content-Length": ["6087"], "X-Frame-Options": ["DENY"], "Vary": ["Accept-Encoding"], "Etag": ["\"dlh52pe14jcw4p3\""], "Accept-Ranges": ["bytes"]}}
web         | 2026/09/18 12:35:24.253	[34mINFO[0m	http.log.access.log0	handled request	{"request": {"remote_ip": "127.0.0.1", "remote_port": "46240", "client_ip": "127.0.0.1", "proto": "HTTP/1.1", "method": "GET", "host": "127.0.0.1:3000", "uri": "/", "headers": {"User-Agent": ["curl/8.22.0"], "Accept": ["*/*"]}}, "bytes_read": 0, "user_id": "", "duration": 0.00065351, "size": 6087, "status": 200, "resp_headers": {"Content-Length": ["6087"], "X-Content-Type-Options": ["nosniff"], "Vary": ["Accept-Encoding"], "Content-Type": ["text/html; charset=utf-8"], "Last-Modified": ["Wed, 16 Sep 2026 23:45:14 GMT"], "Server": ["Caddy"], "X-Frame-Options": ["DENY"], "X-Xss-Protection": ["1; mode=block"], "Etag": ["\"dlh52pe14jcw4p3\""], "Accept-Ranges": ["bytes"]}}
web         | 2026/09/18 12:35:54.367	[34mINFO[0m	http.log.access.log0	handled request	{"request": {"remote_ip": "127.0.0.1", "remote_port": "44014", "client_ip": "127.0.0.1", "proto": "HTTP/1.1", "method": "GET", "host": "127.0.0.1:3000", "uri": "/", "headers": {"User-Agent": ["curl/8.22.0"], "Accept": ["*/*"]}}, "bytes_read": 0, "user_id": "", "duration": 0.000653367, "size": 6087, "status": 200, "resp_headers": {"Accept-Ranges": ["bytes"], "Content-Length": ["6087"], "X-Frame-Options": ["DENY"], "Vary": ["Accept-Encoding"], "Content-Type": ["text/html; charset=utf-8"], "Last-Modified": ["Wed, 16 Sep 2026 23:45:14 GMT"], "Server": ["Caddy"], "X-Content-Type-Options": ["nosniff"], "X-Xss-Protection": ["1; mode=block"], "Etag": ["\"dlh52pe14jcw4p3\""]}}
web         | 2026/09/18 12:36:24.452	[34mINFO[0m	http.log.access.log0	handled request	{"request": {"remote_ip": "127.0.0.1", "remote_port": "34548", "client_ip": "127.0.0.1", "proto": "HTTP/1.1", "method": "GET", "host": "127.0.0.1:3000", "uri": "/", "headers": {"User-Agent": ["curl/8.22.0"], "Accept": ["*/*"]}}, "bytes_read": 0, "user_id": "", "duration": 0.000565092, "size": 6087, "status": 200, "resp_headers": {"X-Content-Type-Options": ["nosniff"], "X-Frame-Options": ["DENY"], "X-Xss-Protection": ["1; mode=block"], "Vary": ["Accept-Encoding"], "Etag": ["\"dlh52pe14jcw4p3\""], "Content-Type": ["text/html; charset=utf-8"], "Accept-Ranges": ["bytes"], "Server": ["Caddy"], "Last-Modified": ["Wed, 16 Sep 2026 23:45:14 GMT"], "Content-Length": ["6087"]}}
web         | 2026/09/18 12:36:54.651	[34mINFO[0m	http.log.access.log0	handled request	{"request": {"remote_ip": "127.0.0.1", "remote_port": "52534", "client_ip": "127.0.0.1", "proto": "HTTP/1.1", "method": "GET", "host": "127.0.0.1:3000", "uri": "/", "headers": {"Accept": ["*/*"], "User-Agent": ["curl/8.22.0"]}}, "bytes_read": 0, "user_id": "", "duration": 0.00069698, "size": 6087, "status": 200, "resp_headers": {"Content-Length": ["6087"], "X-Content-Type-Options": ["nosniff"], "X-Frame-Options": ["DENY"], "Content-Type": ["text/html; charset=utf-8"], "Server": ["Caddy"], "X-Xss-Protection": ["1; mode=block"], "Vary": ["Accept-Encoding"], "Etag": ["\"dlh52pe14jcw4p3\""], "Last-Modified": ["Wed, 16 Sep 2026 23:45:14 GMT"], "Accept-Ranges": ["bytes"]}}
web         | 2026/09/18 12:37:24.963	[34mINFO[0m	http.log.access.log0	handled request	{"request": {"remote_ip": "127.0.0.1", "remote_port": "49270", "client_ip": "127.0.0.1", "proto": "HTTP/1.1", "method": "GET", "host": "127.0.0.1:3000", "uri": "/", "headers": {"User-Agent": ["curl/8.22.0"], "Accept": ["*/*"]}}, "bytes_read": 0, "user_id": "", "duration": 0.003848057, "size": 6087, "status": 200, "resp_headers": {"X-Xss-Protection": ["1; mode=block"], "Vary": ["Accept-Encoding"], "Etag": ["\"dlh52pe14jcw4p3\""], "Last-Modified": ["Wed, 16 Sep 2026 23:45:14 GMT"], "Accept-Ranges": ["bytes"], "Content-Length": ["6087"], "Server": ["Caddy"], "X-Content-Type-Options": ["nosniff"], "Content-Type": ["text/html; charset=utf-8"], "X-Frame-Options": ["DENY"]}}
web         | 2026/09/18 12:37:55.231	[34mINFO[0m	http.log.access.log0	handled request	{"request": {"remote_ip": "127.0.0.1", "remote_port": "56432", "client_ip": "127.0.0.1", "proto": "HTTP/1.1", "method": "GET", "host": "127.0.0.1:3000", "uri": "/", "headers": {"User-Agent": ["curl/8.22.0"], "Accept": ["*/*"]}}, "bytes_read": 0, "user_id": "", "duration": 0.001269515, "size": 6087, "status": 200, "resp_headers": {"Server": ["Caddy"], "X-Frame-Options": ["DENY"], "X-Xss-Protection": ["1; mode=block"], "Etag": ["\"dlh52pe14jcw4p3\""], "Accept-Ranges": ["bytes"], "X-Content-Type-Options": ["nosniff"], "Vary": ["Accept-Encoding"], "Content-Type": ["text/html; charset=utf-8"], "Last-Modified": ["Wed, 16 Sep 2026 23:45:14 GMT"], "Content-Length": ["6087"]}}
web         | 2026/09/18 12:38:25.502	[34mINFO[0m	http.log.access.log0	handled request	{"request": {"remote_ip": "127.0.0.1", "remote_port": "41326", "client_ip": "127.0.0.1", "proto": "HTTP/1.1", "method": "GET", "host": "127.0.0.1:3000", "uri": "/", "headers": {"User-Agent": ["curl/8.22.0"], "Accept": ["*/*"]}}, "bytes_read": 0, "user_id": "", "duration": 0.004868096, "size": 6087, "status": 200, "resp_headers": {"X-Content-Type-Options": ["nosniff"], "X-Frame-Options": ["DENY"], "Vary": ["Accept-Encoding"], "Etag": ["\"dlh52pe14jcw4p3\""], "Accept-Ranges": ["bytes"], "Content-Length": ["6087"], "Server": ["Caddy"], "X-Xss-Protection": ["1; mode=block"], "Content-Type": ["text/html; charset=utf-8"], "Last-Modified": ["Wed, 16 Sep 2026 23:45:14 GMT"]}}
web         | 2026/09/18 12:38:55.772	[34mINFO[0m	http.log.access.log0	handled request	{"request": {"remote_ip": "127.0.0.1", "remote_port": "59030", "client_ip": "127.0.0.1", "proto": "HTTP/1.1", "method": "GET", "host": "127.0.0.1:3000", "uri": "/", "headers": {"User-Agent": ["curl/8.22.0"], "Accept": ["*/*"]}}, "bytes_read": 0, "user_id": "", "duration": 0.001709334, "size": 6087, "status": 200, "resp_headers": {"Etag": ["\"dlh52pe14jcw4p3\""], "Content-Type": ["text/html; charset=utf-8"], "Accept-Ranges": ["bytes"], "Server": ["Caddy"], "X-Content-Type-Options": ["nosniff"], "X-Frame-Options": ["DENY"], "X-Xss-Protection": ["1; mode=block"], "Vary": ["Accept-Encoding"], "Last-Modified": ["Wed, 16 Sep 2026 23:45:14 GMT"], "Content-Length": ["6087"]}}
web         | 2026/09/18 12:39:26.645	[34mINFO[0m	http.log.access.log0	handled request	{"request": {"remote_ip": "127.0.0.1", "remote_port": "49862", "client_ip": "127.0.0.1", "proto": "HTTP/1.1", "method": "GET", "host": "127.0.0.1:3000", "uri": "/", "headers": {"User-Agent": ["curl/8.22.0"], "Accept": ["*/*"]}}, "bytes_read": 0, "user_id": "", "duration": 0.025049306, "size": 6087, "status": 200, "resp_headers": {"X-Content-Type-Options": ["nosniff"], "Vary": ["Accept-Encoding"], "Accept-Ranges": ["bytes"], "Content-Length": ["6087"], "Server": ["Caddy"], "X-Frame-Options": ["DENY"], "Etag": ["\"dlh52pe14jcw4p3\""], "Content-Type": ["text/html; charset=utf-8"], "Last-Modified": ["Wed, 16 Sep 2026 23:45:14 GMT"], "X-Xss-Protection": ["1; mode=block"]}}
web         | 2026/09/18 12:39:57.167	[34mINFO[0m	http.log.access.log0	handled request	{"request": {"remote_ip": "127.0.0.1", "remote_port": "56518", "client_ip": "127.0.0.1", "proto": "HTTP/1.1", "method": "GET", "host": "127.0.0.1:3000", "uri": "/", "headers": {"User-Agent": ["curl/8.22.0"], "Accept": ["*/*"]}}, "bytes_read": 0, "user_id": "", "duration": 0.00352275, "size": 6087, "status": 200, "resp_headers": {"Content-Length": ["6087"], "X-Content-Type-Options": ["nosniff"], "X-Xss-Protection": ["1; mode=block"], "Vary": ["Accept-Encoding"], "Content-Type": ["text/html; charset=utf-8"], "Server": ["Caddy"], "X-Frame-Options": ["DENY"], "Etag": ["\"dlh52pe14jcw4p3\""], "Last-Modified": ["Wed, 16 Sep 2026 23:45:14 GMT"], "Accept-Ranges": ["bytes"]}}
web         | 2026/09/18 12:40:27.557	[34mINFO[0m	http.log.access.log0	handled request	{"request": {"remote_ip": "127.0.0.1", "remote_port": "41488", "client_ip": "127.0.0.1", "proto": "HTTP/1.1", "method": "GET", "host": "127.0.0.1:3000", "uri": "/", "headers": {"User-Agent": ["curl/8.22.0"], "Accept": ["*/*"]}}, "bytes_read": 0, "user_id": "", "duration": 0.000462508, "size": 6087, "status": 200, "resp_headers": {"Content-Length": ["6087"], "Server": ["Caddy"], "Vary": ["Accept-Encoding"], "Etag": ["\"dlh52pe14jcw4p3\""], "X-Content-Type-Options": ["nosniff"], "X-Frame-Options": ["DENY"], "X-Xss-Protection": ["1; mode=block"], "Content-Type": ["text/html; charset=utf-8"], "Last-Modified": ["Wed, 16 Sep 2026 23:45:14 GMT"], "Accept-Ranges": ["bytes"]}}
web         | 2026/09/18 12:40:57.889	[34mINFO[0m	http.log.access.log0	handled request	{"request": {"remote_ip": "127.0.0.1", "remote_port": "56150", "client_ip": "127.0.0.1", "proto": "HTTP/1.1", "method": "GET", "host": "127.0.0.1:3000", "uri": "/", "headers": {"User-Agent": ["curl/8.22.0"], "Accept": ["*/*"]}}, "bytes_read": 0, "user_id": "", "duration": 0.0119709, "size": 6087, "status": 200, "resp_headers": {"Server": ["Caddy"], "X-Content-Type-Options": ["nosniff"], "X-Frame-Options": ["DENY"], "X-Xss-Protection": ["1; mode=block"], "Etag": ["\"dlh52pe14jcw4p3\""], "Content-Length": ["6087"], "Vary": ["Accept-Encoding"], "Content-Type": ["text/html; charset=utf-8"], "Last-Modified": ["Wed, 16 Sep 2026 23:45:14 GMT"], "Accept-Ranges": ["bytes"]}}
web         | 2026/09/18 12:41:28.274	[34mINFO[0m	http.log.access.log0	handled request	{"request": {"remote_ip": "127.0.0.1", "remote_port": "50174", "client_ip": "127.0.0.1", "proto": "HTTP/1.1", "method": "GET", "host": "127.0.0.1:3000", "uri": "/", "headers": {"User-Agent": ["curl/8.22.0"], "Accept": ["*/*"]}}, "bytes_read": 0, "user_id": "", "duration": 0.00421174, "size": 6087, "status": 200, "resp_headers": {"Accept-Ranges": ["bytes"], "Server": ["Caddy"], "X-Content-Type-Options": ["nosniff"], "X-Frame-Options": ["DENY"], "Content-Type": ["text/html; charset=utf-8"], "Content-Length": ["6087"], "X-Xss-Protection": ["1; mode=block"], "Vary": ["Accept-Encoding"], "Etag": ["\"dlh52pe14jcw4p3\""], "Last-Modified": ["Wed, 16 Sep 2026 23:45:14 GMT"]}}
web         | 2026/09/18 12:41:58.724	[34mINFO[0m	http.log.access.log0	handled request	{"request": {"remote_ip": "127.0.0.1", "remote_port": "58172", "client_ip": "127.0.0.1", "proto": "HTTP/1.1", "method": "GET", "host": "127.0.0.1:3000", "uri": "/", "headers": {"User-Agent": ["curl/8.22.0"], "Accept": ["*/*"]}}, "bytes_read": 0, "user_id": "", "duration": 0.003870254, "size": 6087, "status": 200, "resp_headers": {"Content-Type": ["text/html; charset=utf-8"], "Last-Modified": ["Wed, 16 Sep 2026 23:45:14 GMT"], "X-Content-Type-Options": ["nosniff"], "X-Xss-Protection": ["1; mode=block"], "Vary": ["Accept-Encoding"], "Accept-Ranges": ["bytes"], "Content-Length": ["6087"], "Server": ["Caddy"], "X-Frame-Options": ["DENY"], "Etag": ["\"dlh52pe14jcw4p3\""]}}
web         | 2026/09/18 12:42:29.038	[34mINFO[0m	http.log.access.log0	handled request	{"request": {"remote_ip": "127.0.0.1", "remote_port": "44868", "client_ip": "127.0.0.1", "proto": "HTTP/1.1", "method": "GET", "host": "127.0.0.1:3000", "uri": "/", "headers": {"User-Agent": ["curl/8.22.0"], "Accept": ["*/*"]}}, "bytes_read": 0, "user_id": "", "duration": 0.000574086, "size": 6087, "status": 200, "resp_headers": {"Server": ["Caddy"], "X-Xss-Protection": ["1; mode=block"], "Content-Type": ["text/html; charset=utf-8"], "Last-Modified": ["Wed, 16 Sep 2026 23:45:14 GMT"], "Content-Length": ["6087"], "X-Content-Type-Options": ["nosniff"], "X-Frame-Options": ["DENY"], "Vary": ["Accept-Encoding"], "Etag": ["\"dlh52pe14jcw4p3\""], "Accept-Ranges": ["bytes"]}}
web         | 2026/09/18 12:42:59.371	[34mINFO[0m	http.log.access.log0	handled request	{"request": {"remote_ip": "127.0.0.1", "remote_port": "43170", "client_ip": "127.0.0.1", "proto": "HTTP/1.1", "method": "GET", "host": "127.0.0.1:3000", "uri": "/", "headers": {"User-Agent": ["curl/8.22.0"], "Accept": ["*/*"]}}, "bytes_read": 0, "user_id": "", "duration": 0.028022284, "size": 6087, "status": 200, "resp_headers": {"Accept-Ranges": ["bytes"], "X-Xss-Protection": ["1; mode=block"], "Last-Modified": ["Wed, 16 Sep 2026 23:45:14 GMT"], "Content-Length": ["6087"], "Server": ["Caddy"], "X-Content-Type-Options": ["nosniff"], "X-Frame-Options": ["DENY"], "Vary": ["Accept-Encoding"], "Etag": ["\"dlh52pe14jcw4p3\""], "Content-Type": ["text/html; charset=utf-8"]}}
web         | 2026/09/18 12:43:29.771	[34mINFO[0m	http.log.access.log0	handled request	{"request": {"remote_ip": "127.0.0.1", "remote_port": "43280", "client_ip": "127.0.0.1", "proto": "HTTP/1.1", "method": "GET", "host": "127.0.0.1:3000", "uri": "/", "headers": {"Accept": ["*/*"], "User-Agent": ["curl/8.22.0"]}}, "bytes_read": 0, "user_id": "", "duration": 0.00248321, "size": 6087, "status": 200, "resp_headers": {"Server": ["Caddy"], "X-Content-Type-Options": ["nosniff"], "X-Xss-Protection": ["1; mode=block"], "Content-Type": ["text/html; charset=utf-8"], "Last-Modified": ["Wed, 16 Sep 2026 23:45:14 GMT"], "X-Frame-Options": ["DENY"], "Vary": ["Accept-Encoding"], "Etag": ["\"dlh52pe14jcw4p3\""], "Accept-Ranges": ["bytes"], "Content-Length": ["6087"]}}
web         | 2026/09/18 12:44:00.151	[34mINFO[0m	http.log.access.log0	handled request	{"request": {"remote_ip": "127.0.0.1", "remote_port": "41600", "client_ip": "127.0.0.1", "proto": "HTTP/1.1", "method": "GET", "host": "127.0.0.1:3000", "uri": "/", "headers": {"User-Agent": ["curl/8.22.0"], "Accept": ["*/*"]}}, "bytes_read": 0, "user_id": "", "duration": 0.00056651, "size": 6087, "status": 200, "resp_headers": {"Content-Type": ["text/html; charset=utf-8"], "Last-Modified": ["Wed, 16 Sep 2026 23:45:14 GMT"], "Content-Length": ["6087"], "X-Content-Type-Options": ["nosniff"], "X-Xss-Protection": ["1; mode=block"], "Etag": ["\"dlh52pe14jcw4p3\""], "Accept-Ranges": ["bytes"], "Server": ["Caddy"], "X-Frame-Options": ["DENY"], "Vary": ["Accept-Encoding"]}}
web         | 2026/09/18 12:44:30.487	[34mINFO[0m	http.log.access.log0	handled request	{"request": {"remote_ip": "127.0.0.1", "remote_port": "53928", "client_ip": "127.0.0.1", "proto": "HTTP/1.1", "method": "GET", "host": "127.0.0.1:3000", "uri": "/", "headers": {"User-Agent": ["curl/8.22.0"], "Accept": ["*/*"]}}, "bytes_read": 0, "user_id": "", "duration": 0.000668518, "size": 6087, "status": 200, "resp_headers": {"Etag": ["\"dlh52pe14jcw4p3\""], "Content-Type": ["text/html; charset=utf-8"], "Last-Modified": ["Wed, 16 Sep 2026 23:45:14 GMT"], "Accept-Ranges": ["bytes"], "X-Frame-Options": ["DENY"], "Vary": ["Accept-Encoding"], "Content-Length": ["6087"], "Server": ["Caddy"], "X-Content-Type-Options": ["nosniff"], "X-Xss-Protection": ["1; mode=block"]}}
web         | 2026/09/18 12:45:00.926	[34mINFO[0m	http.log.access.log0	handled request	{"request": {"remote_ip": "127.0.0.1", "remote_port": "45322", "client_ip": "127.0.0.1", "proto": "HTTP/1.1", "method": "GET", "host": "127.0.0.1:3000", "uri": "/", "headers": {"Accept": ["*/*"], "User-Agent": ["curl/8.22.0"]}}, "bytes_read": 0, "user_id": "", "duration": 0.000442119, "size": 6087, "status": 200, "resp_headers": {"Content-Length": ["6087"], "Server": ["Caddy"], "Vary": ["Accept-Encoding"], "Etag": ["\"dlh52pe14jcw4p3\""], "Accept-Ranges": ["bytes"], "X-Xss-Protection": ["1; mode=block"], "X-Content-Type-Options": ["nosniff"], "X-Frame-Options": ["DENY"], "Content-Type": ["text/html; charset=utf-8"], "Last-Modified": ["Wed, 16 Sep 2026 23:45:14 GMT"]}}
web         | 2026/09/18 12:45:31.260	[34mINFO[0m	http.log.access.log0	handled request	{"request": {"remote_ip": "127.0.0.1", "remote_port": "35028", "client_ip": "127.0.0.1", "proto": "HTTP/1.1", "method": "GET", "host": "127.0.0.1:3000", "uri": "/", "headers": {"User-Agent": ["curl/8.22.0"], "Accept": ["*/*"]}}, "bytes_read": 0, "user_id": "", "duration": 0.000660653, "size": 6087, "status": 200, "resp_headers": {"Content-Type": ["text/html; charset=utf-8"], "Last-Modified": ["Wed, 16 Sep 2026 23:45:14 GMT"], "Accept-Ranges": ["bytes"], "Server": ["Caddy"], "X-Frame-Options": ["DENY"], "Etag": ["\"dlh52pe14jcw4p3\""], "Content-Length": ["6087"], "X-Xss-Protection": ["1; mode=block"], "X-Content-Type-Options": ["nosniff"], "Vary": ["Accept-Encoding"]}}
web         | 2026/09/18 12:46:01.815	[34mINFO[0m	http.log.access.log0	handled request	{"request": {"remote_ip": "127.0.0.1", "remote_port": "49066", "client_ip": "127.0.0.1", "proto": "HTTP/1.1", "method": "GET", "host": "127.0.0.1:3000", "uri": "/", "headers": {"User-Agent": ["curl/8.22.0"], "Accept": ["*/*"]}}, "bytes_read": 0, "user_id": "", "duration": 0.006753149, "size": 6087, "status": 200, "resp_headers": {"Server": ["Caddy"], "X-Content-Type-Options": ["nosniff"], "X-Frame-Options": ["DENY"], "Etag": ["\"dlh52pe14jcw4p3\""], "Content-Type": ["text/html; charset=utf-8"], "Last-Modified": ["Wed, 16 Sep 2026 23:45:14 GMT"], "Content-Length": ["6087"], "X-Xss-Protection": ["1; mode=block"], "Vary": ["Accept-Encoding"], "Accept-Ranges": ["bytes"]}}
web         | 2026/09/18 12:46:32.173	[34mINFO[0m	http.log.access.log0	handled request	{"request": {"remote_ip": "127.0.0.1", "remote_port": "38924", "client_ip": "127.0.0.1", "proto": "HTTP/1.1", "method": "GET", "host": "127.0.0.1:3000", "uri": "/", "headers": {"User-Agent": ["curl/8.22.0"], "Accept": ["*/*"]}}, "bytes_read": 0, "user_id": "", "duration": 0.000519175, "size": 6087, "status": 200, "resp_headers": {"X-Xss-Protection": ["1; mode=block"], "Etag": ["\"dlh52pe14jcw4p3\""], "Content-Type": ["text/html; charset=utf-8"], "Accept-Ranges": ["bytes"], "Content-Length": ["6087"], "X-Content-Type-Options": ["nosniff"], "X-Frame-Options": ["DENY"], "Vary": ["Accept-Encoding"], "Last-Modified": ["Wed, 16 Sep 2026 23:45:14 GMT"], "Server": ["Caddy"]}}
web         | 2026/09/18 12:47:02.502	[34mINFO[0m	http.log.access.log0	handled request	{"request": {"remote_ip": "127.0.0.1", "remote_port": "59158", "client_ip": "127.0.0.1", "proto": "HTTP/1.1", "method": "GET", "host": "127.0.0.1:3000", "uri": "/", "headers": {"Accept": ["*/*"], "User-Agent": ["curl/8.22.0"]}}, "bytes_read": 0, "user_id": "", "duration": 0.000742816, "size": 6087, "status": 200, "resp_headers": {"Vary": ["Accept-Encoding"], "Content-Type": ["text/html; charset=utf-8"], "Last-Modified": ["Wed, 16 Sep 2026 23:45:14 GMT"], "Content-Length": ["6087"], "Server": ["Caddy"], "X-Frame-Options": ["DENY"], "X-Xss-Protection": ["1; mode=block"], "Etag": ["\"dlh52pe14jcw4p3\""], "Accept-Ranges": ["bytes"], "X-Content-Type-Options": ["nosniff"]}}
api         | {"levelname": "INFO", "asctime": "2026-09-18 06:10:38,347", "module": "logger", "name": "plane.api.request", "message": "GET /api/workspaces/brune4ai/users/notifications/unread/ 200", "path": "/api/workspaces/brune4ai/users/notifications/unread/", "method": "GET", "status_code": 200, "duration_ms": 901, "remote_addr": "119.160.190.240", "user_agent": "Mozilla/5.0 (Windows NT 10.0; Win64; x64) AppleWebKit/537.36 (KHTML, like Gecko) Chrome/153.0.0.0 Safari/537.36 Edg/153.0.0.0", "user_id": "57ff78ef-f40f-4d8d-bca3-7e302fe916ca"}
api         | {"levelname": "INFO", "asctime": "2026-09-18 06:10:38,540", "module": "logger", "name": "plane.api.request", "message": "GET /api/workspaces/brune4ai/projects/8fd2a982-478c-479c-aeac-820e97299186/project-members/me/ 200", "path": "/api/workspaces/brune4ai/projects/8fd2a982-478c-479c-aeac-820e97299186/project-members/me/", "method": "GET", "status_code": 200, "duration_ms": 1088, "remote_addr": "119.160.190.240", "user_agent": "Mozilla/5.0 (Windows NT 10.0; Win64; x64) AppleWebKit/537.36 (KHTML, like Gecko) Chrome/153.0.0.0 Safari/537.36 Edg/153.0.0.0", "user_id": "57ff78ef-f40f-4d8d-bca3-7e302fe916ca"}
api         | {"levelname": "INFO", "asctime": "2026-09-18 06:10:38,643", "module": "logger", "name": "plane.api.request", "message": "GET /api/workspaces/brune4ai/projects/8fd2a982-478c-479c-aeac-820e97299186/work-items/992faf47-6a3e-4bce-acf5-7a3935555241/description-versions/ 200", "path": "/api/workspaces/brune4ai/projects/8fd2a982-478c-479c-aeac-820e97299186/work-items/992faf47-6a3e-4bce-acf5-7a3935555241/description-versions/", "method": "GET", "status_code": 200, "duration_ms": 1193, "remote_addr": "119.160.190.240", "user_agent": "Mozilla/5.0 (Windows NT 10.0; Win64; x64) AppleWebKit/537.36 (KHTML, like Gecko) Chrome/153.0.0.0 Safari/537.36 Edg/153.0.0.0", "user_id": "57ff78ef-f40f-4d8d-bca3-7e302fe916ca"}
api         | {"levelname": "INFO", "asctime": "2026-09-18 06:10:39,178", "module": "logger", "name": "plane.api.request", "message": "GET /api/workspaces/brune4ai/projects/8fd2a982-478c-479c-aeac-820e97299186/ 200", "path": "/api/workspaces/brune4ai/projects/8fd2a982-478c-479c-aeac-820e97299186/", "method": "GET", "status_code": 200, "duration_ms": 1730, "remote_addr": "119.160.190.240", "user_agent": "Mozilla/5.0 (Windows NT 10.0; Win64; x64) AppleWebKit/537.36 (KHTML, like Gecko) Chrome/153.0.0.0 Safari/537.36 Edg/153.0.0.0", "user_id": "57ff78ef-f40f-4d8d-bca3-7e302fe916ca"}
api         | {"levelname": "INFO", "asctime": "2026-09-18 06:10:47,662", "module": "logger", "name": "plane.api.request", "message": "GET /api/workspaces/brune4ai/users/notifications/unread/ 200", "path": "/api/workspaces/brune4ai/users/notifications/unread/", "method": "GET", "status_code": 200, "duration_ms": 575, "remote_addr": "119.160.190.240", "user_agent": "Mozilla/5.0 (Windows NT 10.0; Win64; x64) AppleWebKit/537.36 (KHTML, like Gecko) Chrome/153.0.0.0 Safari/537.36 Edg/153.0.0.0", "user_id": "57ff78ef-f40f-4d8d-bca3-7e302fe916ca"}
api         | {"levelname": "INFO", "asctime": "2026-09-18 06:10:47,867", "module": "logger", "name": "plane.api.request", "message": "GET /api/workspaces/brune4ai/projects/8fd2a982-478c-479c-aeac-820e97299186/project-members/me/ 200", "path": "/api/workspaces/brune4ai/projects/8fd2a982-478c-479c-aeac-820e97299186/project-members/me/", "method": "GET", "status_code": 200, "duration_ms": 798, "remote_addr": "119.160.190.240", "user_agent": "Mozilla/5.0 (Windows NT 10.0; Win64; x64) AppleWebKit/537.36 (KHTML, like Gecko) Chrome/153.0.0.0 Safari/537.36 Edg/153.0.0.0", "user_id": "57ff78ef-f40f-4d8d-bca3-7e302fe916ca"}
api         | {"levelname": "INFO", "asctime": "2026-09-18 06:10:49,506", "module": "logger", "name": "plane.api.request", "message": "GET /api/workspaces/brune4ai/projects/8fd2a982-478c-479c-aeac-820e97299186/ 200", "path": "/api/workspaces/brune4ai/projects/8fd2a982-478c-479c-aeac-820e97299186/", "method": "GET", "status_code": 200, "duration_ms": 2429, "remote_addr": "119.160.190.240", "user_agent": "Mozilla/5.0 (Windows NT 10.0; Win64; x64) AppleWebKit/537.36 (KHTML, like Gecko) Chrome/153.0.0.0 Safari/537.36 Edg/153.0.0.0", "user_id": "57ff78ef-f40f-4d8d-bca3-7e302fe916ca"}
api         | {"levelname": "INFO", "asctime": "2026-09-18 06:11:03,929", "module": "logger", "name": "plane.api.request", "message": "GET /api/users/me/copilot-identity/ 200", "path": "/api/users/me/copilot-identity/", "method": "GET", "status_code": 200, "duration_ms": 313, "remote_addr": "119.160.190.240", "user_agent": "Mozilla/5.0 (Windows NT 10.0; Win64; x64) AppleWebKit/537.36 (KHTML, like Gecko) Chrome/153.0.0.0 Safari/537.36 Edg/153.0.0.0", "user_id": "57ff78ef-f40f-4d8d-bca3-7e302fe916ca"}
api         | {"levelname": "INFO", "asctime": "2026-09-18 06:13:58,992", "module": "logger", "name": "plane.api.request", "message": "GET /api/workspaces/brune4ai/users/notifications/unread/ 200", "path": "/api/workspaces/brune4ai/users/notifications/unread/", "method": "GET", "status_code": 200, "duration_ms": 112, "remote_addr": "119.160.190.240", "user_agent": "Mozilla/5.0 (Windows NT 10.0; Win64; x64) AppleWebKit/537.36 (KHTML, like Gecko) Chrome/153.0.0.0 Safari/537.36 Edg/153.0.0.0", "user_id": "57ff78ef-f40f-4d8d-bca3-7e302fe916ca"}
api         | {"levelname": "INFO", "asctime": "2026-09-18 06:13:59,049", "module": "logger", "name": "plane.api.request", "message": "GET /api/workspaces/brune4ai/projects/8fd2a982-478c-479c-aeac-820e97299186/project-members/me/ 200", "path": "/api/workspaces/brune4ai/projects/8fd2a982-478c-479c-aeac-820e97299186/project-members/me/", "method": "GET", "status_code": 200, "duration_ms": 178, "remote_addr": "119.160.190.240", "user_agent": "Mozilla/5.0 (Windows NT 10.0; Win64; x64) AppleWebKit/537.36 (KHTML, like Gecko) Chrome/153.0.0.0 Safari/537.36 Edg/153.0.0.0", "user_id": "57ff78ef-f40f-4d8d-bca3-7e302fe916ca"}
api         | {"levelname": "INFO", "asctime": "2026-09-18 06:13:59,200", "module": "logger", "name": "plane.api.request", "message": "GET /api/workspaces/brune4ai/projects/8fd2a982-478c-479c-aeac-820e97299186/ 200", "path": "/api/workspaces/brune4ai/projects/8fd2a982-478c-479c-aeac-820e97299186/", "method": "GET", "status_code": 200, "duration_ms": 310, "remote_addr": "119.160.190.240", "user_agent": "Mozilla/5.0 (Windows NT 10.0; Win64; x64) AppleWebKit/537.36 (KHTML, like Gecko) Chrome/153.0.0.0 Safari/537.36 Edg/153.0.0.0", "user_id": "57ff78ef-f40f-4d8d-bca3-7e302fe916ca"}
api         | {"levelname": "INFO", "asctime": "2026-09-18 10:03:57,722", "module": "logger", "name": "plane.api.request", "message": "GET /api/instances/ 200", "path": "/api/instances/", "method": "GET", "status_code": 200, "duration_ms": 1239, "remote_addr": "119.160.190.240", "user_agent": "Mozilla/5.0 (Windows NT 10.0; Win64; x64) AppleWebKit/537.36 (KHTML, like Gecko) Chrome/153.0.0.0 Safari/537.36 Edg/153.0.0.0", "user_id": null}
api         | {"levelname": "INFO", "asctime": "2026-09-18 10:03:58,299", "module": "logger", "name": "plane.api.request", "message": "GET /api/users/me/ 200", "path": "/api/users/me/", "method": "GET", "status_code": 200, "duration_ms": 360, "remote_addr": "119.160.190.240", "user_agent": "Mozilla/5.0 (Windows NT 10.0; Win64; x64) AppleWebKit/537.36 (KHTML, like Gecko) Chrome/153.0.0.0 Safari/537.36 Edg/153.0.0.0", "user_id": "57ff78ef-f40f-4d8d-bca3-7e302fe916ca"}
api         | {"levelname": "INFO", "asctime": "2026-09-18 10:03:58,753", "module": "logger", "name": "plane.api.request", "message": "GET /api/users/me/profile/ 200", "path": "/api/users/me/profile/", "method": "GET", "status_code": 200, "duration_ms": 239, "remote_addr": "119.160.190.240", "user_agent": "Mozilla/5.0 (Windows NT 10.0; Win64; x64) AppleWebKit/537.36 (KHTML, like Gecko) Chrome/153.0.0.0 Safari/537.36 Edg/153.0.0.0", "user_id": "57ff78ef-f40f-4d8d-bca3-7e302fe916ca"}
api         | {"levelname": "INFO", "asctime": "2026-09-18 10:03:58,815", "module": "logger", "name": "plane.api.request", "message": "GET /api/users/me/workspaces/ 200", "path": "/api/users/me/workspaces/", "method": "GET", "status_code": 200, "duration_ms": 360, "remote_addr": "119.160.190.240", "user_agent": "Mozilla/5.0 (Windows NT 10.0; Win64; x64) AppleWebKit/537.36 (KHTML, like Gecko) Chrome/153.0.0.0 Safari/537.36 Edg/153.0.0.0", "user_id": "57ff78ef-f40f-4d8d-bca3-7e302fe916ca"}
api         | {"levelname": "INFO", "asctime": "2026-09-18 10:03:59,888", "module": "logger", "name": "plane.api.request", "message": "GET /api/users/me/settings/ 200", "path": "/api/users/me/settings/", "method": "GET", "status_code": 200, "duration_ms": 943, "remote_addr": "119.160.190.240", "user_agent": "Mozilla/5.0 (Windows NT 10.0; Win64; x64) AppleWebKit/537.36 (KHTML, like Gecko) Chrome/153.0.0.0 Safari/537.36 Edg/153.0.0.0", "user_id": "57ff78ef-f40f-4d8d-bca3-7e302fe916ca"}
api         | {"levelname": "INFO", "asctime": "2026-09-18 10:04:01,912", "module": "logger", "name": "plane.api.request", "message": "GET /api/workspaces/brune4ai/members/ 200", "path": "/api/workspaces/brune4ai/members/", "method": "GET", "status_code": 200, "duration_ms": 401, "remote_addr": "119.160.190.240", "user_agent": "Mozilla/5.0 (Windows NT 10.0; Win64; x64) AppleWebKit/537.36 (KHTML, like Gecko) Chrome/153.0.0.0 Safari/537.36 Edg/153.0.0.0", "user_id": "57ff78ef-f40f-4d8d-bca3-7e302fe916ca"}
api         | {"levelname": "INFO", "asctime": "2026-09-18 10:04:01,970", "module": "logger", "name": "plane.api.request", "message": "GET /api/workspaces/brune4ai/states/ 200", "path": "/api/workspaces/brune4ai/states/", "method": "GET", "status_code": 200, "duration_ms": 414, "remote_addr": "119.160.190.240", "user_agent": "Mozilla/5.0 (Windows NT 10.0; Win64; x64) AppleWebKit/537.36 (KHTML, like Gecko) Chrome/153.0.0.0 Safari/537.36 Edg/153.0.0.0", "user_id": "57ff78ef-f40f-4d8d-bca3-7e302fe916ca"}
api         | {"levelname": "INFO", "asctime": "2026-09-18 10:04:02,083", "module": "logger", "name": "plane.api.request", "message": "GET /api/users/me/workspaces/brune4ai/project-roles/ 200", "path": "/api/users/me/workspaces/brune4ai/project-roles/", "method": "GET", "status_code": 200, "duration_ms": 490, "remote_addr": "119.160.190.240", "user_agent": "Mozilla/5.0 (Windows NT 10.0; Win64; x64) AppleWebKit/537.36 (KHTML, like Gecko) Chrome/153.0.0.0 Safari/537.36 Edg/153.0.0.0", "user_id": "57ff78ef-f40f-4d8d-bca3-7e302fe916ca"}
api         | {"levelname": "INFO", "asctime": "2026-09-18 10:04:02,096", "module": "logger", "name": "plane.api.request", "message": "GET /api/workspaces/brune4ai/workspace-members/me/ 200", "path": "/api/workspaces/brune4ai/workspace-members/me/", "method": "GET", "status_code": 200, "duration_ms": 516, "remote_addr": "119.160.190.240", "user_agent": "Mozilla/5.0 (Windows NT 10.0; Win64; x64) AppleWebKit/537.36 (KHTML, like Gecko) Chrome/153.0.0.0 Safari/537.36 Edg/153.0.0.0", "user_id": "57ff78ef-f40f-4d8d-bca3-7e302fe916ca"}
api         | {"levelname": "INFO", "asctime": "2026-09-18 10:04:02,121", "module": "logger", "name": "plane.api.request", "message": "GET /api/workspaces/brune4ai/user-properties/ 200", "path": "/api/workspaces/brune4ai/user-properties/", "method": "GET", "status_code": 200, "duration_ms": 553, "remote_addr": "119.160.190.240", "user_agent": "Mozilla/5.0 (Windows NT 10.0; Win64; x64) AppleWebKit/537.36 (KHTML, like Gecko) Chrome/153.0.0.0 Safari/537.36 Edg/153.0.0.0", "user_id": "57ff78ef-f40f-4d8d-bca3-7e302fe916ca"}
api         | {"levelname": "INFO", "asctime": "2026-09-18 10:04:02,169", "module": "logger", "name": "plane.api.request", "message": "GET /api/workspaces/brune4ai/sidebar-preferences/ 200", "path": "/api/workspaces/brune4ai/sidebar-preferences/", "method": "GET", "status_code": 200, "duration_ms": 548, "remote_addr": "119.160.190.240", "user_agent": "Mozilla/5.0 (Windows NT 10.0; Win64; x64) AppleWebKit/537.36 (KHTML, like Gecko) Chrome/153.0.0.0 Safari/537.36 Edg/153.0.0.0", "user_id": "57ff78ef-f40f-4d8d-bca3-7e302fe916ca"}
api         | {"levelname": "INFO", "asctime": "2026-09-18 10:04:02,209", "module": "logger", "name": "plane.api.request", "message": "GET /api/workspaces/brune4ai/projects/ 200", "path": "/api/workspaces/brune4ai/projects/", "method": "GET", "status_code": 200, "duration_ms": 619, "remote_addr": "119.160.190.240", "user_agent": "Mozilla/5.0 (Windows NT 10.0; Win64; x64) AppleWebKit/537.36 (KHTML, like Gecko) Chrome/153.0.0.0 Safari/537.36 Edg/153.0.0.0", "user_id": "57ff78ef-f40f-4d8d-bca3-7e302fe916ca"}
api         | {"levelname": "INFO", "asctime": "2026-09-18 10:04:02,742", "module": "logger", "name": "plane.api.request", "message": "GET /api/users/me/copilot-identity/ 200", "path": "/api/users/me/copilot-identity/", "method": "GET", "status_code": 200, "duration_ms": 400, "remote_addr": "119.160.190.240", "user_agent": "Mozilla/5.0 (Windows NT 10.0; Win64; x64) AppleWebKit/537.36 (KHTML, like Gecko) Chrome/153.0.0.0 Safari/537.36 Edg/153.0.0.0", "user_id": "57ff78ef-f40f-4d8d-bca3-7e302fe916ca"}
api         | {"levelname": "INFO", "asctime": "2026-09-18 10:04:02,743", "module": "logger", "name": "plane.api.request", "message": "GET /api/workspaces/brune4ai/user-favorites/?all=true 200", "path": "/api/workspaces/brune4ai/user-favorites/", "method": "GET", "status_code": 200, "duration_ms": 404, "remote_addr": "119.160.190.240", "user_agent": "Mozilla/5.0 (Windows NT 10.0; Win64; x64) AppleWebKit/537.36 (KHTML, like Gecko) Chrome/153.0.0.0 Safari/537.36 Edg/153.0.0.0", "user_id": "57ff78ef-f40f-4d8d-bca3-7e302fe916ca"}
api         | {"levelname": "INFO", "asctime": "2026-09-18 10:04:02,751", "module": "logger", "name": "plane.api.request", "message": "GET /api/workspaces/brune4ai/home-preferences/ 200", "path": "/api/workspaces/brune4ai/home-preferences/", "method": "GET", "status_code": 200, "duration_ms": 407, "remote_addr": "119.160.190.240", "user_agent": "Mozilla/5.0 (Windows NT 10.0; Win64; x64) AppleWebKit/537.36 (KHTML, like Gecko) Chrome/153.0.0.0 Safari/537.36 Edg/153.0.0.0", "user_id": "57ff78ef-f40f-4d8d-bca3-7e302fe916ca"}
api         | {"levelname": "INFO", "asctime": "2026-09-18 10:04:02,779", "module": "logger", "name": "plane.api.request", "message": "GET /api/workspaces/brune4ai/users/notifications/unread/ 200", "path": "/api/workspaces/brune4ai/users/notifications/unread/", "method": "GET", "status_code": 200, "duration_ms": 442, "remote_addr": "119.160.190.240", "user_agent": "Mozilla/5.0 (Windows NT 10.0; Win64; x64) AppleWebKit/537.36 (KHTML, like Gecko) Chrome/153.0.0.0 Safari/537.36 Edg/153.0.0.0", "user_id": "57ff78ef-f40f-4d8d-bca3-7e302fe916ca"}
api         | {"levelname": "INFO", "asctime": "2026-09-18 10:04:03,094", "module": "logger", "name": "plane.api.request", "message": "GET /api/assets/v2/static/890225c3-6614-40dd-8550-7e40ae55ad6d/ 302", "path": "/api/assets/v2/static/890225c3-6614-40dd-8550-7e40ae55ad6d/", "method": "GET", "status_code": 302, "duration_ms": 735, "remote_addr": "119.160.190.240", "user_agent": "Mozilla/5.0 (Windows NT 10.0; Win64; x64) AppleWebKit/537.36 (KHTML, like Gecko) Chrome/153.0.0.0 Safari/537.36 Edg/153.0.0.0", "user_id": "57ff78ef-f40f-4d8d-bca3-7e302fe916ca"}
api         | {"levelname": "INFO", "asctime": "2026-09-18 10:04:03,304", "module": "logger", "name": "plane.api.request", "message": "GET /api/workspaces/brune4ai/quick-links/ 200", "path": "/api/workspaces/brune4ai/quick-links/", "method": "GET", "status_code": 200, "duration_ms": 331, "remote_addr": "119.160.190.240", "user_agent": "Mozilla/5.0 (Windows NT 10.0; Win64; x64) AppleWebKit/537.36 (KHTML, like Gecko) Chrome/153.0.0.0 Safari/537.36 Edg/153.0.0.0", "user_id": "57ff78ef-f40f-4d8d-bca3-7e302fe916ca"}
api         | {"levelname": "INFO", "asctime": "2026-09-18 10:04:03,340", "module": "logger", "name": "plane.api.request", "message": "GET /api/workspaces/brune4ai/stickies/?cursor=30:0:0&per_page=30&query= 200", "path": "/api/workspaces/brune4ai/stickies/", "method": "GET", "status_code": 200, "duration_ms": 366, "remote_addr": "119.160.190.240", "user_agent": "Mozilla/5.0 (Windows NT 10.0; Win64; x64) AppleWebKit/537.36 (KHTML, like Gecko) Chrome/153.0.0.0 Safari/537.36 Edg/153.0.0.0", "user_id": "57ff78ef-f40f-4d8d-bca3-7e302fe916ca"}
api         | {"levelname": "INFO", "asctime": "2026-09-18 10:04:03,391", "module": "logger", "name": "plane.api.request", "message": "GET /api/assets/v2/static/c2bac2ce-bc6e-455e-ae8c-57482f392b74/ 302", "path": "/api/assets/v2/static/c2bac2ce-bc6e-455e-ae8c-57482f392b74/", "method": "GET", "status_code": 302, "duration_ms": 1049, "remote_addr": "119.160.190.240", "user_agent": "Mozilla/5.0 (Windows NT 10.0; Win64; x64) AppleWebKit/537.36 (KHTML, like Gecko) Chrome/153.0.0.0 Safari/537.36 Edg/153.0.0.0", "user_id": "57ff78ef-f40f-4d8d-bca3-7e302fe916ca"}
api         | {"levelname": "INFO", "asctime": "2026-09-18 10:04:03,774", "module": "logger", "name": "plane.api.request", "message": "GET /api/workspaces/brune4ai/recent-visits/ 200", "path": "/api/workspaces/brune4ai/recent-visits/", "method": "GET", "status_code": 200, "duration_ms": 708, "remote_addr": "119.160.190.240", "user_agent": "Mozilla/5.0 (Windows NT 10.0; Win64; x64) AppleWebKit/537.36 (KHTML, like Gecko) Chrome/153.0.0.0 Safari/537.36 Edg/153.0.0.0", "user_id": "57ff78ef-f40f-4d8d-bca3-7e302fe916ca"}
api         | {"levelname": "INFO", "asctime": "2026-09-18 10:04:27,720", "module": "logger", "name": "plane.api.request", "message": "GET /api/workspaces/brune4ai/projects/8fd2a982-478c-479c-aeac-820e97299186/user-properties/ 200", "path": "/api/workspaces/brune4ai/projects/8fd2a982-478c-479c-aeac-820e97299186/user-properties/", "method": "GET", "status_code": 200, "duration_ms": 533, "remote_addr": "119.160.190.240", "user_agent": "Mozilla/5.0 (Windows NT 10.0; Win64; x64) AppleWebKit/537.36 (KHTML, like Gecko) Chrome/153.0.0.0 Safari/537.36 Edg/153.0.0.0", "user_id": "57ff78ef-f40f-4d8d-bca3-7e302fe916ca"}
api         | {"levelname": "INFO", "asctime": "2026-09-18 10:04:27,723", "module": "logger", "name": "plane.api.request", "message": "GET /api/workspaces/brune4ai/projects/8fd2a982-478c-479c-aeac-820e97299186/intake-state/ 200", "path": "/api/workspaces/brune4ai/projects/8fd2a982-478c-479c-aeac-820e97299186/intake-state/", "method": "GET", "status_code": 200, "duration_ms": 520, "remote_addr": "119.160.190.240", "user_agent": "Mozilla/5.0 (Windows NT 10.0; Win64; x64) AppleWebKit/537.36 (KHTML, like Gecko) Chrome/153.0.0.0 Safari/537.36 Edg/153.0.0.0", "user_id": "57ff78ef-f40f-4d8d-bca3-7e302fe916ca"}
api         | {"levelname": "INFO", "asctime": "2026-09-18 10:04:28,050", "module": "logger", "name": "plane.api.request", "message": "GET /api/workspaces/brune4ai/modules/ 200", "path": "/api/workspaces/brune4ai/modules/", "method": "GET", "status_code": 200, "duration_ms": 933, "remote_addr": "119.160.190.240", "user_agent": "Mozilla/5.0 (Windows NT 10.0; Win64; x64) AppleWebKit/537.36 (KHTML, like Gecko) Chrome/153.0.0.0 Safari/537.36 Edg/153.0.0.0", "user_id": "57ff78ef-f40f-4d8d-bca3-7e302fe916ca"}
api         | {"levelname": "INFO", "asctime": "2026-09-18 10:04:28,162", "module": "logger", "name": "plane.api.request", "message": "GET /api/workspaces/brune4ai/projects/8fd2a982-478c-479c-aeac-820e97299186/members/ 200", "path": "/api/workspaces/brune4ai/projects/8fd2a982-478c-479c-aeac-820e97299186/members/", "method": "GET", "status_code": 200, "duration_ms": 897, "remote_addr": "119.160.190.240", "user_agent": "Mozilla/5.0 (Windows NT 10.0; Win64; x64) AppleWebKit/537.36 (KHTML, like Gecko) Chrome/153.0.0.0 Safari/537.36 Edg/153.0.0.0", "user_id": "57ff78ef-f40f-4d8d-bca3-7e302fe916ca"}
api         | {"levelname": "INFO", "asctime": "2026-09-18 10:04:28,167", "module": "logger", "name": "plane.api.request", "message": "GET /api/workspaces/brune4ai/projects/8fd2a982-478c-479c-aeac-820e97299186/states/ 200", "path": "/api/workspaces/brune4ai/projects/8fd2a982-478c-479c-aeac-820e97299186/states/", "method": "GET", "status_code": 200, "duration_ms": 934, "remote_addr": "119.160.190.240", "user_agent": "Mozilla/5.0 (Windows NT 10.0; Win64; x64) AppleWebKit/537.36 (KHTML, like Gecko) Chrome/153.0.0.0 Safari/537.36 Edg/153.0.0.0", "user_id": "57ff78ef-f40f-4d8d-bca3-7e302fe916ca"}
api         | {"levelname": "INFO", "asctime": "2026-09-18 10:04:28,188", "module": "logger", "name": "plane.api.request", "message": "GET /api/workspaces/brune4ai/projects/8fd2a982-478c-479c-aeac-820e97299186/modules/ 200", "path": "/api/workspaces/brune4ai/projects/8fd2a982-478c-479c-aeac-820e97299186/modules/", "method": "GET", "status_code": 200, "duration_ms": 1069, "remote_addr": "119.160.190.240", "user_agent": "Mozilla/5.0 (Windows NT 10.0; Win64; x64) AppleWebKit/537.36 (KHTML, like Gecko) Chrome/153.0.0.0 Safari/537.36 Edg/153.0.0.0", "user_id": "57ff78ef-f40f-4d8d-bca3-7e302fe916ca"}
api         | {"levelname": "INFO", "asctime": "2026-09-18 10:04:28,219", "module": "logger", "name": "plane.api.request", "message": "GET /api/workspaces/brune4ai/projects/8fd2a982-478c-479c-aeac-820e97299186/project-members/me/ 200", "path": "/api/workspaces/brune4ai/projects/8fd2a982-478c-479c-aeac-820e97299186/project-members/me/", "method": "GET", "status_code": 200, "duration_ms": 969, "remote_addr": "119.160.190.240", "user_agent": "Mozilla/5.0 (Windows NT 10.0; Win64; x64) AppleWebKit/537.36 (KHTML, like Gecko) Chrome/153.0.0.0 Safari/537.36 Edg/153.0.0.0", "user_id": "57ff78ef-f40f-4d8d-bca3-7e302fe916ca"}
api         | {"levelname": "INFO", "asctime": "2026-09-18 10:04:28,230", "module": "logger", "name": "plane.api.request", "message": "GET /api/workspaces/brune4ai/projects/8fd2a982-478c-479c-aeac-820e97299186/estimates/ 200", "path": "/api/workspaces/brune4ai/projects/8fd2a982-478c-479c-aeac-820e97299186/estimates/", "method": "GET", "status_code": 200, "duration_ms": 990, "remote_addr": "119.160.190.240", "user_agent": "Mozilla/5.0 (Windows NT 10.0; Win64; x64) AppleWebKit/537.36 (KHTML, like Gecko) Chrome/153.0.0.0 Safari/537.36 Edg/153.0.0.0", "user_id": "57ff78ef-f40f-4d8d-bca3-7e302fe916ca"}
api         | {"levelname": "INFO", "asctime": "2026-09-18 10:04:28,254", "module": "logger", "name": "plane.api.request", "message": "GET /api/workspaces/brune4ai/projects/8fd2a982-478c-479c-aeac-820e97299186/issue-labels/ 200", "path": "/api/workspaces/brune4ai/projects/8fd2a982-478c-479c-aeac-820e97299186/issue-labels/", "method": "GET", "status_code": 200, "duration_ms": 940, "remote_addr": "119.160.190.240", "user_agent": "Mozilla/5.0 (Windows NT 10.0; Win64; x64) AppleWebKit/537.36 (KHTML, like Gecko) Chrome/153.0.0.0 Safari/537.36 Edg/153.0.0.0", "user_id": "57ff78ef-f40f-4d8d-bca3-7e302fe916ca"}
api         | {"levelname": "INFO", "asctime": "2026-09-18 10:04:28,259", "module": "logger", "name": "plane.api.request", "message": "GET /api/workspaces/brune4ai/projects/8fd2a982-478c-479c-aeac-820e97299186/views/ 200", "path": "/api/workspaces/brune4ai/projects/8fd2a982-478c-479c-aeac-820e97299186/views/", "method": "GET", "status_code": 200, "duration_ms": 1005, "remote_addr": "119.160.190.240", "user_agent": "Mozilla/5.0 (Windows NT 10.0; Win64; x64) AppleWebKit/537.36 (KHTML, like Gecko) Chrome/153.0.0.0 Safari/537.36 Edg/153.0.0.0", "user_id": "57ff78ef-f40f-4d8d-bca3-7e302fe916ca"}
api         | {"levelname": "INFO", "asctime": "2026-09-18 10:04:28,320", "module": "logger", "name": "plane.api.request", "message": "GET /api/workspaces/brune4ai/projects/8fd2a982-478c-479c-aeac-820e97299186/cycles/ 200", "path": "/api/workspaces/brune4ai/projects/8fd2a982-478c-479c-aeac-820e97299186/cycles/", "method": "GET", "status_code": 200, "duration_ms": 1096, "remote_addr": "119.160.190.240", "user_agent": "Mozilla/5.0 (Windows NT 10.0; Win64; x64) AppleWebKit/537.36 (KHTML, like Gecko) Chrome/153.0.0.0 Safari/537.36 Edg/153.0.0.0", "user_id": "57ff78ef-f40f-4d8d-bca3-7e302fe916ca"}
api         | {"levelname": "INFO", "asctime": "2026-09-18 10:04:28,359", "module": "logger", "name": "plane.api.request", "message": "GET /api/workspaces/brune4ai/projects/8fd2a982-478c-479c-aeac-820e97299186/ 200", "path": "/api/workspaces/brune4ai/projects/8fd2a982-478c-479c-aeac-820e97299186/", "method": "GET", "status_code": 200, "duration_ms": 1269, "remote_addr": "119.160.190.240", "user_agent": "Mozilla/5.0 (Windows NT 10.0; Win64; x64) AppleWebKit/537.36 (KHTML, like Gecko) Chrome/153.0.0.0 Safari/537.36 Edg/153.0.0.0", "user_id": "57ff78ef-f40f-4d8d-bca3-7e302fe916ca"}
api         | {"levelname": "INFO", "asctime": "2026-09-18 10:04:28,631", "module": "logger", "name": "plane.api.request", "message": "GET /api/workspaces/brune4ai/projects/8fd2a982-478c-479c-aeac-820e97299186/user-properties/ 200", "path": "/api/workspaces/brune4ai/projects/8fd2a982-478c-479c-aeac-820e97299186/user-properties/", "method": "GET", "status_code": 200, "duration_ms": 94, "remote_addr": "119.160.190.240", "user_agent": "Mozilla/5.0 (Windows NT 10.0; Win64; x64) AppleWebKit/537.36 (KHTML, like Gecko) Chrome/153.0.0.0 Safari/537.36 Edg/153.0.0.0", "user_id": "57ff78ef-f40f-4d8d-bca3-7e302fe916ca"}
api         | {"levelname": "INFO", "asctime": "2026-09-18 10:04:29,163", "module": "logger", "name": "plane.api.request", "message": "GET /api/workspaces/brune4ai/projects/8fd2a982-478c-479c-aeac-820e97299186/issues/?sub_issue=true&filters=%7B%7D&layout=calendar&cursor=4:0:0&per_page=4&group_by=target_date&target_date=2026-08-31%3Bafter,2026-10-04%3Bbefore 200", "path": "/api/workspaces/brune4ai/projects/8fd2a982-478c-479c-aeac-820e97299186/issues/", "method": "GET", "status_code": 200, "duration_ms": 361, "remote_addr": "119.160.190.240", "user_agent": "Mozilla/5.0 (Windows NT 10.0; Win64; x64) AppleWebKit/537.36 (KHTML, like Gecko) Chrome/153.0.0.0 Safari/537.36 Edg/153.0.0.0", "user_id": "57ff78ef-f40f-4d8d-bca3-7e302fe916ca"}
api         | {"levelname": "INFO", "asctime": "2026-09-18 10:04:29,624", "module": "logger", "name": "plane.api.request", "message": "GET /api/workspaces/brune4ai/projects/8fd2a982-478c-479c-aeac-820e97299186/ 200", "path": "/api/workspaces/brune4ai/projects/8fd2a982-478c-479c-aeac-820e97299186/", "method": "GET", "status_code": 200, "duration_ms": 249, "remote_addr": "119.160.190.240", "user_agent": "Mozilla/5.0 (Windows NT 10.0; Win64; x64) AppleWebKit/537.36 (KHTML, like Gecko) Chrome/153.0.0.0 Safari/537.36 Edg/153.0.0.0", "user_id": "57ff78ef-f40f-4d8d-bca3-7e302fe916ca"}
api         | {"levelname": "INFO", "asctime": "2026-09-18 10:06:28,505", "module": "logger", "name": "plane.api.request", "message": "GET /api/workspaces/brune4ai/users/notifications/unread/ 200", "path": "/api/workspaces/brune4ai/users/notifications/unread/", "method": "GET", "status_code": 200, "duration_ms": 151, "remote_addr": "119.160.190.240", "user_agent": "Mozilla/5.0 (Windows NT 10.0; Win64; x64) AppleWebKit/537.36 (KHTML, like Gecko) Chrome/153.0.0.0 Safari/537.36 Edg/153.0.0.0", "user_id": "57ff78ef-f40f-4d8d-bca3-7e302fe916ca"}
api         | {"levelname": "INFO", "asctime": "2026-09-18 10:06:28,565", "module": "logger", "name": "plane.api.request", "message": "GET /api/workspaces/brune4ai/projects/8fd2a982-478c-479c-aeac-820e97299186/project-members/me/ 200", "path": "/api/workspaces/brune4ai/projects/8fd2a982-478c-479c-aeac-820e97299186/project-members/me/", "method": "GET", "status_code": 200, "duration_ms": 212, "remote_addr": "119.160.190.240", "user_agent": "Mozilla/5.0 (Windows NT 10.0; Win64; x64) AppleWebKit/537.36 (KHTML, like Gecko) Chrome/153.0.0.0 Safari/537.36 Edg/153.0.0.0", "user_id": "57ff78ef-f40f-4d8d-bca3-7e302fe916ca"}
api         | {"levelname": "INFO", "asctime": "2026-09-18 10:06:28,676", "module": "logger", "name": "plane.api.request", "message": "GET /api/workspaces/brune4ai/projects/8fd2a982-478c-479c-aeac-820e97299186/ 200", "path": "/api/workspaces/brune4ai/projects/8fd2a982-478c-479c-aeac-820e97299186/", "method": "GET", "status_code": 200, "duration_ms": 311, "remote_addr": "119.160.190.240", "user_agent": "Mozilla/5.0 (Windows NT 10.0; Win64; x64) AppleWebKit/537.36 (KHTML, like Gecko) Chrome/153.0.0.0 Safari/537.36 Edg/153.0.0.0", "user_id": "57ff78ef-f40f-4d8d-bca3-7e302fe916ca"}
api         | {"levelname": "INFO", "asctime": "2026-09-18 10:08:35,283", "module": "logger", "name": "plane.api.request", "message": "GET /api/users/me/copilot-identity/ 200", "path": "/api/users/me/copilot-identity/", "method": "GET", "status_code": 200, "duration_ms": 683, "remote_addr": "119.160.190.240", "user_agent": "Mozilla/5.0 (Windows NT 10.0; Win64; x64) AppleWebKit/537.36 (KHTML, like Gecko) Chrome/153.0.0.0 Safari/537.36 Edg/153.0.0.0", "user_id": "57ff78ef-f40f-4d8d-bca3-7e302fe916ca"}
api         | {"levelname": "INFO", "asctime": "2026-09-18 10:13:09,385", "module": "logger", "name": "plane.api.request", "message": "GET /api/users/me/copilot-identity/ 200", "path": "/api/users/me/copilot-identity/", "method": "GET", "status_code": 200, "duration_ms": 1502, "remote_addr": "119.160.190.240", "user_agent": "Mozilla/5.0 (Windows NT 10.0; Win64; x64) AppleWebKit/537.36 (KHTML, like Gecko) Chrome/153.0.0.0 Safari/537.36 Edg/153.0.0.0", "user_id": "57ff78ef-f40f-4d8d-bca3-7e302fe916ca"}
api         | {"levelname": "INFO", "asctime": "2026-09-18 10:17:41,875", "module": "logger", "name": "plane.api.request", "message": "GET /api/users/me/copilot-identity/ 200", "path": "/api/users/me/copilot-identity/", "method": "GET", "status_code": 200, "duration_ms": 369, "remote_addr": "119.160.190.240", "user_agent": "Mozilla/5.0 (Windows NT 10.0; Win64; x64) AppleWebKit/537.36 (KHTML, like Gecko) Chrome/153.0.0.0 Safari/537.36 Edg/153.0.0.0", "user_id": "57ff78ef-f40f-4d8d-bca3-7e302fe916ca"}
api         | {"levelname": "INFO", "asctime": "2026-09-18 11:30:53,771", "module": "logger", "name": "plane.api.request", "message": "GET /api/users/me/copilot-identity/ 200", "path": "/api/users/me/copilot-identity/", "method": "GET", "status_code": 200, "duration_ms": 1767, "remote_addr": "119.160.190.240", "user_agent": "Mozilla/5.0 (Windows NT 10.0; Win64; x64) AppleWebKit/537.36 (KHTML, like Gecko) Chrome/153.0.0.0 Safari/537.36 Edg/153.0.0.0", "user_id": "57ff78ef-f40f-4d8d-bca3-7e302fe916ca"}
api         | {"levelname": "INFO", "asctime": "2026-09-18 11:30:53,963", "module": "logger", "name": "plane.api.request", "message": "GET /api/workspaces/brune4ai/users/notifications/unread/ 200", "path": "/api/workspaces/brune4ai/users/notifications/unread/", "method": "GET", "status_code": 200, "duration_ms": 2509, "remote_addr": "119.160.190.240", "user_agent": "Mozilla/5.0 (Windows NT 10.0; Win64; x64) AppleWebKit/537.36 (KHTML, like Gecko) Chrome/153.0.0.0 Safari/537.36 Edg/153.0.0.0", "user_id": "57ff78ef-f40f-4d8d-bca3-7e302fe916ca"}
api         | {"levelname": "INFO", "asctime": "2026-09-18 11:30:54,854", "module": "logger", "name": "plane.api.request", "message": "GET /api/workspaces/brune4ai/projects/8fd2a982-478c-479c-aeac-820e97299186/project-members/me/ 200", "path": "/api/workspaces/brune4ai/projects/8fd2a982-478c-479c-aeac-820e97299186/project-members/me/", "method": "GET", "status_code": 200, "duration_ms": 3406, "remote_addr": "119.160.190.240", "user_agent": "Mozilla/5.0 (Windows NT 10.0; Win64; x64) AppleWebKit/537.36 (KHTML, like Gecko) Chrome/153.0.0.0 Safari/537.36 Edg/153.0.0.0", "user_id": "57ff78ef-f40f-4d8d-bca3-7e302fe916ca"}
api         | {"levelname": "INFO", "asctime": "2026-09-18 11:30:56,323", "module": "logger", "name": "plane.api.request", "message": "GET /api/workspaces/brune4ai/projects/8fd2a982-478c-479c-aeac-820e97299186/ 200", "path": "/api/workspaces/brune4ai/projects/8fd2a982-478c-479c-aeac-820e97299186/", "method": "GET", "status_code": 200, "duration_ms": 4337, "remote_addr": "119.160.190.240", "user_agent": "Mozilla/5.0 (Windows NT 10.0; Win64; x64) AppleWebKit/537.36 (KHTML, like Gecko) Chrome/153.0.0.0 Safari/537.36 Edg/153.0.0.0", "user_id": "57ff78ef-f40f-4d8d-bca3-7e302fe916ca"}
api         | {"levelname": "INFO", "asctime": "2026-09-18 11:30:56,557", "module": "logger", "name": "plane.api.request", "message": "GET /api/workspaces/brune4ai/projects/8fd2a982-478c-479c-aeac-820e97299186/issues/992faf47-6a3e-4bce-acf5-7a3935555241/?expand=issue_reactions,issue_attachments,issue_link,parent 200", "path": "/api/workspaces/brune4ai/projects/8fd2a982-478c-479c-aeac-820e97299186/issues/992faf47-6a3e-4bce-acf5-7a3935555241/", "method": "GET", "status_code": 200, "duration_ms": 4194, "remote_addr": "119.160.190.240", "user_agent": "Mozilla/5.0 (Windows NT 10.0; Win64; x64) AppleWebKit/537.36 (KHTML, like Gecko) Chrome/153.0.0.0 Safari/537.36 Edg/153.0.0.0", "user_id": "57ff78ef-f40f-4d8d-bca3-7e302fe916ca"}
api         | {"levelname": "INFO", "asctime": "2026-09-18 11:30:58,435", "module": "logger", "name": "plane.api.request", "message": "GET /api/workspaces/brune4ai/projects/8fd2a982-478c-479c-aeac-820e97299186/states/ 200", "path": "/api/workspaces/brune4ai/projects/8fd2a982-478c-479c-aeac-820e97299186/states/", "method": "GET", "status_code": 200, "duration_ms": 1723, "remote_addr": "119.160.190.240", "user_agent": "Mozilla/5.0 (Windows NT 10.0; Win64; x64) AppleWebKit/537.36 (KHTML, like Gecko) Chrome/153.0.0.0 Safari/537.36 Edg/153.0.0.0", "user_id": "57ff78ef-f40f-4d8d-bca3-7e302fe916ca"}
api         | {"levelname": "INFO", "asctime": "2026-09-18 11:30:58,794", "module": "logger", "name": "plane.api.request", "message": "GET /api/workspaces/brune4ai/projects/8fd2a982-478c-479c-aeac-820e97299186/work-items/992faf47-6a3e-4bce-acf5-7a3935555241/description-versions/ 200", "path": "/api/workspaces/brune4ai/projects/8fd2a982-478c-479c-aeac-820e97299186/work-items/992faf47-6a3e-4bce-acf5-7a3935555241/description-versions/", "method": "GET", "status_code": 200, "duration_ms": 1812, "remote_addr": "119.160.190.240", "user_agent": "Mozilla/5.0 (Windows NT 10.0; Win64; x64) AppleWebKit/537.36 (KHTML, like Gecko) Chrome/153.0.0.0 Safari/537.36 Edg/153.0.0.0", "user_id": "57ff78ef-f40f-4d8d-bca3-7e302fe916ca"}
api         | {"levelname": "INFO", "asctime": "2026-09-18 11:30:59,009", "module": "logger", "name": "plane.api.request", "message": "GET /api/workspaces/brune4ai/projects/8fd2a982-478c-479c-aeac-820e97299186/issues/992faf47-6a3e-4bce-acf5-7a3935555241/sub-issues/ 200", "path": "/api/workspaces/brune4ai/projects/8fd2a982-478c-479c-aeac-820e97299186/issues/992faf47-6a3e-4bce-acf5-7a3935555241/sub-issues/", "method": "GET", "status_code": 200, "duration_ms": 2137, "remote_addr": "119.160.190.240", "user_agent": "Mozilla/5.0 (Windows NT 10.0; Win64; x64) AppleWebKit/537.36 (KHTML, like Gecko) Chrome/153.0.0.0 Safari/537.36 Edg/153.0.0.0", "user_id": "57ff78ef-f40f-4d8d-bca3-7e302fe916ca"}
api         | {"levelname": "INFO", "asctime": "2026-09-18 11:30:59,354", "module": "logger", "name": "plane.api.request", "message": "GET /api/workspaces/brune4ai/projects/8fd2a982-478c-479c-aeac-820e97299186/issues/992faf47-6a3e-4bce-acf5-7a3935555241/history/?activity_type=issue-comment 200", "path": "/api/workspaces/brune4ai/projects/8fd2a982-478c-479c-aeac-820e97299186/issues/992faf47-6a3e-4bce-acf5-7a3935555241/history/", "method": "GET", "status_code": 200, "duration_ms": 2336, "remote_addr": "119.160.190.240", "user_agent": "Mozilla/5.0 (Windows NT 10.0; Win64; x64) AppleWebKit/537.36 (KHTML, like Gecko) Chrome/153.0.0.0 Safari/537.36 Edg/153.0.0.0", "user_id": "57ff78ef-f40f-4d8d-bca3-7e302fe916ca"}
api         | {"levelname": "INFO", "asctime": "2026-09-18 11:30:59,662", "module": "logger", "name": "plane.api.request", "message": "GET /api/workspaces/brune4ai/projects/8fd2a982-478c-479c-aeac-820e97299186/issues/992faf47-6a3e-4bce-acf5-7a3935555241/history/?activity_type=issue-property 200", "path": "/api/workspaces/brune4ai/projects/8fd2a982-478c-479c-aeac-820e97299186/issues/992faf47-6a3e-4bce-acf5-7a3935555241/history/", "method": "GET", "status_code": 200, "duration_ms": 2613, "remote_addr": "119.160.190.240", "user_agent": "Mozilla/5.0 (Windows NT 10.0; Win64; x64) AppleWebKit/537.36 (KHTML, like Gecko) Chrome/153.0.0.0 Safari/537.36 Edg/153.0.0.0", "user_id": "57ff78ef-f40f-4d8d-bca3-7e302fe916ca"}
api         | {"levelname": "INFO", "asctime": "2026-09-18 11:30:59,874", "module": "logger", "name": "plane.api.request", "message": "GET /api/workspaces/brune4ai/projects/8fd2a982-478c-479c-aeac-820e97299186/issues/992faf47-6a3e-4bce-acf5-7a3935555241/issue-relation/ 200", "path": "/api/workspaces/brune4ai/projects/8fd2a982-478c-479c-aeac-820e97299186/issues/992faf47-6a3e-4bce-acf5-7a3935555241/issue-relation/", "method": "GET", "status_code": 200, "duration_ms": 2924, "remote_addr": "119.160.190.240", "user_agent": "Mozilla/5.0 (Windows NT 10.0; Win64; x64) AppleWebKit/537.36 (KHTML, like Gecko) Chrome/153.0.0.0 Safari/537.36 Edg/153.0.0.0", "user_id": "57ff78ef-f40f-4d8d-bca3-7e302fe916ca"}
api         | {"levelname": "INFO", "asctime": "2026-09-18 11:34:26,948", "module": "logger", "name": "plane.api.request", "message": "GET /api/workspaces/brune4ai/users/notifications/unread/ 200", "path": "/api/workspaces/brune4ai/users/notifications/unread/", "method": "GET", "status_code": 200, "duration_ms": 563, "remote_addr": "119.160.190.240", "user_agent": "Mozilla/5.0 (Windows NT 10.0; Win64; x64) AppleWebKit/537.36 (KHTML, like Gecko) Chrome/153.0.0.0 Safari/537.36 Edg/153.0.0.0", "user_id": "57ff78ef-f40f-4d8d-bca3-7e302fe916ca"}
api         | {"levelname": "INFO", "asctime": "2026-09-18 11:34:27,341", "module": "logger", "name": "plane.api.request", "message": "GET /api/workspaces/brune4ai/projects/8fd2a982-478c-479c-aeac-820e97299186/ 200", "path": "/api/workspaces/brune4ai/projects/8fd2a982-478c-479c-aeac-820e97299186/", "method": "GET", "status_code": 200, "duration_ms": 965, "remote_addr": "119.160.190.240", "user_agent": "Mozilla/5.0 (Windows NT 10.0; Win64; x64) AppleWebKit/537.36 (KHTML, like Gecko) Chrome/153.0.0.0 Safari/537.36 Edg/153.0.0.0", "user_id": "57ff78ef-f40f-4d8d-bca3-7e302fe916ca"}
api         | {"levelname": "INFO", "asctime": "2026-09-18 11:34:27,450", "module": "logger", "name": "plane.api.request", "message": "GET /api/workspaces/brune4ai/projects/8fd2a982-478c-479c-aeac-820e97299186/project-members/me/ 200", "path": "/api/workspaces/brune4ai/projects/8fd2a982-478c-479c-aeac-820e97299186/project-members/me/", "method": "GET", "status_code": 200, "duration_ms": 945, "remote_addr": "119.160.190.240", "user_agent": "Mozilla/5.0 (Windows NT 10.0; Win64; x64) AppleWebKit/537.36 (KHTML, like Gecko) Chrome/153.0.0.0 Safari/537.36 Edg/153.0.0.0", "user_id": "57ff78ef-f40f-4d8d-bca3-7e302fe916ca"}
api         | {"levelname": "INFO", "asctime": "2026-09-18 11:35:25,161", "module": "logger", "name": "plane.api.request", "message": "GET /api/users/me/copilot-identity/ 200", "path": "/api/users/me/copilot-identity/", "method": "GET", "status_code": 200, "duration_ms": 77, "remote_addr": "119.160.190.240", "user_agent": "Mozilla/5.0 (Windows NT 10.0; Win64; x64) AppleWebKit/537.36 (KHTML, like Gecko) Chrome/153.0.0.0 Safari/537.36 Edg/153.0.0.0", "user_id": "57ff78ef-f40f-4d8d-bca3-7e302fe916ca"}
api         | {"levelname": "INFO", "asctime": "2026-09-18 11:39:57,321", "module": "logger", "name": "plane.api.request", "message": "GET /api/users/me/copilot-identity/ 200", "path": "/api/users/me/copilot-identity/", "method": "GET", "status_code": 200, "duration_ms": 151, "remote_addr": "119.160.190.240", "user_agent": "Mozilla/5.0 (Windows NT 10.0; Win64; x64) AppleWebKit/537.36 (KHTML, like Gecko) Chrome/153.0.0.0 Safari/537.36 Edg/153.0.0.0", "user_id": "57ff78ef-f40f-4d8d-bca3-7e302fe916ca"}
api         | {"levelname": "INFO", "asctime": "2026-09-18 11:44:29,176", "module": "logger", "name": "plane.api.request", "message": "GET /api/users/me/copilot-identity/ 200", "path": "/api/users/me/copilot-identity/", "method": "GET", "status_code": 200, "duration_ms": 61, "remote_addr": "119.160.190.240", "user_agent": "Mozilla/5.0 (Windows NT 10.0; Win64; x64) AppleWebKit/537.36 (KHTML, like Gecko) Chrome/153.0.0.0 Safari/537.36 Edg/153.0.0.0", "user_id": "57ff78ef-f40f-4d8d-bca3-7e302fe916ca"}
api         | {"levelname": "INFO", "asctime": "2026-09-18 11:49:01,260", "module": "logger", "name": "plane.api.request", "message": "GET /api/users/me/copilot-identity/ 200", "path": "/api/users/me/copilot-identity/", "method": "GET", "status_code": 200, "duration_ms": 62, "remote_addr": "119.160.190.240", "user_agent": "Mozilla/5.0 (Windows NT 10.0; Win64; x64) AppleWebKit/537.36 (KHTML, like Gecko) Chrome/153.0.0.0 Safari/537.36 Edg/153.0.0.0", "user_id": "57ff78ef-f40f-4d8d-bca3-7e302fe916ca"}
Deployment failed during remote build and deployment (line 65).
